# コンピュータ: 情報処理での操作。記憶装置など周辺装置や他の電子計算機に接続すること。, 交通: 交通手段で、連絡が取れること。地下鉄とのアクセスがよい
コンピュータ	アクセス	しかし弊社では、あらかじめ取り決めた検査対象以外のお客様のホストにアクセスすることはございませんし、「侵入することを主たる目的」とするのではなく、「脆弱性の検出を目的」とした攻撃(=検査項目)を実施致します
その他	アクセス	資金に関し、COPは、適切で予見可能、持続可能な資金源および援助へのアクセス改善を検討するとともに、政府援助および譲与など新たなあるいは追加的な資金供与を検討すると決議する
コンピュータ	アクセス	効果測定に利用するデータは、アクセスログのデータだけでなく、ウェブサイト以外のデータと組み合わせることで、よりリアルな効果測定が可能となります
コンピュータ	アクセス	金野の「メイン掲示板」のアクセスカウンタはちょっとずつ着実に増えていますが、アクセスログを調べてみると、どうもそのページにある"private"と"photo"という単語にだまされて
コンピュータ	アクセス	携帯電話やパソコンでインターネットにアクセスし、必要な情報を収集したり、だれかとコミュニケーションしたりすることが当たり前になっている私たちの世界
コンピュータ	アクセス	話は変わりますが・・ 最近、このブログのアクセス解析を見てると、「タンポポ 写真」といったキーワードで検索して来られている方がチラホラいらっしゃることに気付きました
コンピュータ	アクセス	犯人のITスキルも一様ではなく、すぐに足取りがつかめるようなケースから、アクセス情報などを改ざんし、発信者の身元が分かりにくいようにしているケースまであります
コンピュータ	アクセス	マルチプル・アクセス技術とマルチプレックス技術はほとんど同じですが、その違いは送信元が1か所か多地点か、あるいは、上り用(マルチプル・アクセス技術)か下り用(マルチプレックス技術)かによります
交通	アクセス	トラブルが懸念された交通アクセスも、磁気浮上式リニアモーターカー「リニモ」の藤が丘駅で、ホームのドアが1カ所閉まらなくなる故障があったほかは、特に混乱はなかった
コンピュータ	アクセス	毎日、シロアリを駆除するために鋭く自民党を批判するエントリーをあげて、自エンドTBPや弊ブログにTBを送ってくださる『ステイメンの雑記帖』がアクセス200万件を超えたそうだ
交通	アクセス	さらに神戸には、阪神高速道路、山陽自動車道、中国自動車道、神戸淡路鳴門自動車道など、物流の大動脈が走り、これらにアクセスする道路も機能的に整備され、東西南北すべての方向に広域ネットワークを形成しています
コンピュータ	アクセス	日本ではいまだかつて携帯電話はインターネットに接続する契約をしたことがありません)のに、一時帰国してからはインターネットへのアクセスがわるくなって とてもとても不便です
交通	アクセス	大阪から車でのアクセスは一路南下し田辺から国道311号線(中辺路)、奈良の五条町を経て国道168号線(十津川街道)、もう一つの道は奈良吉野から国道169号線で熊野市を経由するのが代表的だが、いずれも難路を覚悟しなければならない
コンピュータ	アクセス	2009年もあと半月もしないうちに終わりと言うことで、ちょっとばかり早いんですが、検索サイトからどんなキーワードで検索をしてmbdbにアクセスしてきているのかを調べてみようという目的で、Google Analyticsを使って、2009年1月1日〜2009年12月16日までの検索キーワードランキングベスト30を出してみました
コンピュータ	アクセス	com/) に関するアクセス数の推移、アクセス元ページ(前に見ていたページ)とアクセス先ページ(後に見ていたページ)や、カテゴリ判定結果及び関連キーワード
その他	アクセス	もし、同じ意味のWHEREなのにINにするとアクセスプランが変わるようであれば、オプティマイザがINに関してうまく最適化できないのだということになります
その他	アクセス	【武器輸出三原則】三原則に基づく事実上の武器禁輸政策によって、国内防衛産業は、最先端技術にアクセスできず、国際的な技術革新の流れから取り残されるリスクにさらされている
交通	アクセス	仮にどうしても関空アクセスの改善の必要性から南海の参加が求められるなら天下茶屋からJR今宮へ短絡線を行政が建設してラピートのみがJR線に乗り入れ大阪駅ないし新大阪まで延伸することが現実的だろう
コンピュータ	アクセス	当協議会は、個人情報への不正アクセス、個人情報の紛失、破壊、改ざんおよび漏えいの防止等、安全管理のために適切な措置を講じ、その安全性を遵守するよう、従業員、委託先等を適切に監督すると共に、万一の発生時には速やかな是正対策を実施します
コンピュータ	アクセス	しかし、公開サーバーやメールサーバーなどがある場合は外部からこの情報にアクセスできないと名前解決ができないので通常はDMZなどの外部からアクセスできる所や、プロバイダでセカンダリDNSなどのDNSを借りてDNS情報の公開を行います
交通	アクセス	こうした状況を踏まえ、まずは国道140号線や国道299号線、皆野寄居有料道路へのスムーズなアクセスを可能にする道路網の整備を最優先に考えています
コンピュータ	アクセス	HDDへのアクセス不良やCPUの焼損も疑いましたが一応電源入れると全部のファンは回っているので起動順位から推測してマザーBIOSチェック時に起動するビデオカードとメモリを差し替えてみようかと思います
交通	アクセス	そのため、本構想を受け、計画の具体化を図っていくとともに、特に、必要と考えられるアクセス道路の確保、整備など事前の計画的な対応を行っていく必要がある
コンピュータ	アクセス	とりわけ金融機関に対しては、金融庁が本年1月に「監督指針」を一部改正し、フィッシング対策として「利用者がアクセスしているサイトが真正なサイトであることの証明を確認できるような措置を講じる」ように明記した
コンピュータ	アクセス	外部メモリへのアクセスを制御するコントローラ・コアのほか、物理層(PHY)回路、アービタ、コントローラ、コマンドFIFO、データFIFO、ファブリック領域のユーザー回路とのインターフェースなどからなるハードマクロである
コンピュータ	アクセス	昨日から、急にアクセス数が増えたのは、野尻さんに紹介してもらったから・・とも思いましたが、野尻ボードに載る半日程前からアクセス数が増えているので、別の場所からもリンクが張られているのかも知れません
コンピュータ	アクセス	通常は4~8くらいの設定を推奨されていますが、壷がプロキシであるため、複数サーバへアクセスする場合でも必ずこの数しか接続が張られない状態になり、アクセス速度が遅くなってしまいます
コンピュータ	アクセス	ID:3分LifeHacking:ネットと通信する「怪しい」プログラムをすばやく見つける■よりインターネットの常時接続が当たり前となった今日では、どのプログラムがどのくらいネットにアクセスしているのか無頓着なまま、毎日を過ごしていることが多い
コンピュータ	アクセス	第三者機関のホームページにアクセスし、検索ソフトを用いてキーワードを入力すれば、該当する日本中の研究機関に自動的にリンクして必要な情報を自由に得ることができる
コンピュータ	アクセス	この「アクセス回線会社」というのは、メタルの回線をやめて光ファイバーを100%にするいわゆる「光の道」に対してソフトバンクが「国費の投入無しで可能」として提案している収支試算結果です
コンピュータ	アクセス	なんとPLALAのアクセスポイントから接続する場合のSMTPサーバーとPLALAのアクセスポイント以外から接続する場合のSMTPサーバーは違うのだ
交通	アクセス	その中で、例えば一つの空港を例にとっていただき、その空港へのアクセスの道路の整備あるいはその他の関連する部分もまとめて御論議をいただくといったようなことはできるわけでありまして、金額で線を引いて、それ以上を国会の御審議に全部をゆだねるという手法が必ずしも私は望ましいとは思いません
コンピュータ	アクセス	ファイルに対して誰が、いつ、どこから、どういう操作をしたのか(アクセスログと操作ログ)を把握できるので、他人に渡したファイルの追跡を可能にします
コンピュータ	アクセス	アクセスするとちょうどメールのウインドウを開けて作業中でいらして、ポインタが忙しく動いて、ウインドウの開閉ではシュッシュッという残像アニメまで見えたような気がしたほどだ
コンピュータ	アクセス	JWord社(ジェイワード)では、小学校支援の一環として、無料で小学校のホームページやブログへのアクセスを簡単にするJWord(ジェイワード)のキーワード登録を受付中です
コンピュータ	アクセス	タイ好きの友人からHPに「イサーン」なんて知名度の低いローカルな名前を付けるのを止めれば、少しはアクセス数も増えるのではなんて忠告されていますが、ローカルな場所にいた方からの激励があると「イサーン」の名前は外せませんよね
コンピュータ	アクセス	ただね、大量の書類にアクセスするのに(あっちの文書からここを持ってきて、こっちから別の部分を持ってきて、こっちにペーストとか、商品マスターのデータベース開きながら、他のファイルをちょこちょこっと参照とか、やっているので)アップルメニューを階層化するユーティリティーとか、メニューバーに入れるランチャー的なものとかで使い易く区分していたのが、どうも挙動が変
コンピュータ	アクセス	当社は、個人情報の取扱に関して、その個人情報の紛失、破壊、改ざん及び漏洩等を防止する為、不正アクセス対策、コンピュータウイルス対策など適切な情報セキュリティー対策を講じてまいります
交通	アクセス	◇\tアクセス: 札幌市(自宅)⇒道央道札幌南インター⇒千歳恵庭ジャンクション⇒道東道⇒夕張インター⇒平取町(びらとりちょう)⇒日高町⇒芽室町⇒登山口
コンピュータ	アクセス	こういう内容のブログですので・・最初はそんなにアクセスもなかろうなと思っていたのですが・・現在はアクセスも多く、また普通の恋愛とさして差をつけないで見てくださる方が多くて驚いています
コンピュータ	アクセス	ComやココログPingサーバに更新通知Pingを送ってくれるしで、まあそういう部分からのアクセスも少なからずあったけど、レンタルサーバで独自ドメインで運用となるとやはり
コンピュータ	アクセス	PCのみのアクセスを前提としたHPの運営であればすぐに実現可能なのですがよーくよく考えると携帯で見せることを前提に考えると各社画像のフォーマットも違うしあまつさえメーカーごとに画面の大きさも違うし最大ファイルサイズも違うじゃないの
コンピュータ	アクセス	このブログも、いちおうアクセス解析など入れておりまして、サーチエンジンからのアクセスについては、ヒットしたキーワードなんてのも見ることができます
コンピュータ	アクセス	まず今回のデータアクセスことはじめ(前編/後編)では、これから様々なデータベースアクセスに関する事項を扱っていく上でのベースとなる知識を取り上げます
交通	アクセス	アクセス:名古屋より 車/東名阪関JCTを伊勢自動車道へ~伊勢西IC~伊勢道路磯部、国道167鵜方を国道260から甲賀へ 大阪より 車/西名阪関JCTを伊勢自動車道へ~伊勢西IC~伊勢道路磯部、国道167鵜方を国道260から甲賀へ
コンピュータ	アクセス	なおデフォルトでは、5人同時アクセスから10人同時アクセスまで、等間隔で同時アクセス数を1人ずつ増やし、合計10分間負荷をかけ続ける設定になっている
コンピュータ	アクセス	個人情報への不正アクセス、個人情報の紛失、破壊、改ざん及び漏えい等のリスクに対して、技術面及び組織面において合理的な安全対策、予防措置を講じます
コンピュータ	アクセス	職員からのダイレクトメール、このメールは市の職員、教員は市長に直接メールができ、市長以外は誰もアクセスできないシステム、こちらも読み直してみる
コンピュータ	アクセス	IP制限をかけることで、ケータイサイトへのアクセスはケータイからだけにすることが出来るわけですが、これによって制作者である自分自身のPCからもアクセスが出来なくなると言う状況が発生します
コンピュータ	アクセス	例えば、HTML形式のメールの中に、あるサーバへのアクセスを起こすような見えないタグを挿入することで、そのメールを読んだかどうかを調べる、という方法があります
コンピュータ	アクセス	データベースを利用する場合は、不正アクセスをされないように、SQLインジェクション(利用者がプログラムの隙を突いてSQLクエリを実行すること)対策が必要になります
その他	アクセス	いつもアクセス出来ないのであれば諦めもつきますが、日によってはアクセス出来るからこそ先延ばしにしてしまったり、アクセス出来ない時が調子が悪かっただけかなと思わせてしまうのですね
コンピュータ	アクセス	JWord社にとっては、「JWord Action Count」を通じて、日本語でインターネットの情報にアクセスするというJWordのサービスが、多くの有名企業に採用されることにより、日本語キーワードの存在価値がさらに高まり、JWordの利便性を広く認識していただくことで、さらに多くの企業のご利用へと繋がっていくものと期待しています
コンピュータ	アクセス	なせ無料かというと、何らかの広告をおく必要があります、企業で使う場合は広告掲載はだめだと思いますので有料を使えば良いですが、個人レベルでしたら無料で多機能のアクセス解析を利用しましょう
その他	アクセス	アクセス(Microsoft)やファイルメーカーなどの内製システムからのアップサイジングをご検討中のお客様や、パッケージ製品の導入にお悩みの場合は、お気軽に
コンピュータ	アクセス	4は、企業内に蓄積された膨大の非構造化コンテンツを制御/管理し、それら非構造化コンテンツへのアクセスを可能とするコンテンツと文書管理ソフトウェアで構成される製品群です
コンピュータ	アクセス	またその間、アクセスも2万超えということで、スタッフさんや他のブログファミリーさんにはまだ及びませんが、それでもたくさんの方にアクセスいただいていることに、改めて感謝申し上げたいと思います
交通	アクセス	地理的に東京都心から約30分程度に位置し、乗換無しでアクセス出来る利便性の良さや、施設およびバンク等の設備は数ある競輪場の中でもトップクラスと評価が高い事から、川崎競輪場に次ぐ程の集客能力を誇る
その他	アクセス	DOOR賃貸の物件DBでは、ロッシェル相模原3の賃貸情報以外にも、最寄りのエクセレンス相生、パストラル杉井、アクセスタウン、サンシャイン並木、SU ロプノール、大橋ビル、ベルトピア、サンハイツ陽光台パート2といった多数のマンション・アパート情報を掲載しています
交通	アクセス	主要(しゅよう)なアクセス道路(どうろ)となる県道(けんどう)につきましては、これまでも計画(けいかく)的(てき)に整備(せいび)を進(すす)めていただいておりますが、主要地方道(しゅようちほうどう)大田桜江線(おおださくらえせん)の松代(まつしろ)工(こう)区(く)のように工事(こうじ)中(ちゅう)の部分(ぶぶん)もあります
コンピュータ	アクセス	このような広告配信事業者は、ユーザーの興味に基づく商品やサービスの広告を表示するため、当サイトや他サイトへのアクセスに関する情報を使用することがあります
交通	アクセス	こちらは1階は一般道から、2階は高速道路の富津館山道路からアクセスできるハイウェイオアシスになっており、食事が出来る2階に行ってみると、高速道路利用者がたくさんいました
交通	アクセス	2009年8月6日(木)静観荘へのアクセス電車をご利用のお客様箱根湯本駅からは、箱根湯本旅館組合の運行しておりますマイクロバスにて各旅館を巡回し静観荘にアクセスできます
コンピュータ	アクセス	2個人情報への不正アクセス、個人情報の紛失、破壊、改ざん及び漏えいなどの予防並びに是正について社内規定を整備するとともに、規定に沿った対策を実施
コンピュータ	アクセス	2010年1月22日から24日かけて、断続的に当Webサイトにアクセスしづらい状態が続いておりましたが、これは当Webサイトが使用しているレンタルサーバーの、サーバーダウンによるものです
コンピュータ	アクセス	▽ まあ、書評サイト批判で定番なものに、「単なる感想の垂れ流しで読む価値なし」というのがあるし、アクセスログを見ると「感想じゃなくて、意味がわからなかった部分の解説を探してます」という感じのものも少なからずあるので、そういう方々のために、「書評サイトとは呼ばない&名乗らない」ようにして、「感想」であることを強調した方が親切だとは思うのだけど、基本的には仕方ないよねぇん
コンピュータ	アクセス	TBありがとうございます、この事について書くとアクセスが大変に増えます、対話となるような内容はほとんど無いのは分かっているので、このブログでは表示に承認制を使っ
交通	アクセス	とのことで、仙台空港アクセス鉄道に対抗して運行開始したものの、事故等で仙台空港アクセス鉄道が抑止食らってる時や空港から直接ホテルに入る人なんかが利用する夕方の便はそれなりに利用ある感じでしたが、昼間は全く乗ってないようにしか見えない時が多かったのでしょうがないのかなと
コンピュータ	アクセス	アクセス権がどうした、スーパーユーザーでアクセスしたらどうのこうのと、司にとってはまるで呪文のような分けの分からない会話を聞いているうちに眠りについた司を佐藤さんが撮影、、、(佐藤さん被写体動かないんだからピンくらい合わせて写してよぉ~
コンピュータ	アクセス	同CEOによると、アクセスされた回線はここ数カ月、使われておらず、契約内容も通話のみで、電子メールのアカウントにアクセスされたことはないと指摘
コンピュータ	アクセス	Webサイトを運営して活用したいけどなかなか売上もアクセス数も増えない企業向けにネットビジネスの基本構造、インターネット広告を用いた集客方法など事例を交えて紹介
コンピュータ	アクセス	Internet Explorerビューコンポーネントを使わずにインターネットアクセスするように変更(出品の最終確認ダイアログ等ブラウザを内部に表示しているダイアログを除く)
コンピュータ	アクセス	アクセス数・CPU負荷とかが関係しているのかと考えてたんだけど、昨日は更新しなかったのでアクセス数は減ってるはずだし、そうとも言えないような気がしてきた
コンピュータ	アクセス	不正アクセスによりプロバイダなどの情報が盗み出されたり、銀行システムに侵入し10数億 円を不正に資金移動するなど、ネットワーク犯罪を使った犯罪は急増している
コンピュータ	アクセス	朝日新聞[あさひしんぶん]のこのページにアクセスすると、その美[うつく]しい夜[よる]の清水寺[みよみずでら]の写真[しゃしん]が見[み]られますよ
交通	アクセス	関西国際空港へのアクセスルートについては、安定的な空港連絡機能の確保や大規模災害時における防災拠点としての機能強化など、長期的には複数のアクセスルートの確保が望ましいと考えております
コンピュータ	アクセス	JWord社(ジェイワード)では、小学校支援の一環として、無料で小学校のホームページへのアクセスを簡単にするJWordのキーワード登録を受付中です
コンピュータ	アクセス	テレホンカードの裏にあるお住まいの住所に近いアクセスポイント(近所のほとんどのエリアコードが載ってます)に電話をかけて、請求されるのはそのアクセスポイントまでの通話料+テレカ代です
交通	アクセス	勝山自動車学校は、所在地が、自然の環境に恵まれた勝山ということもあり、大野地区、永平寺地区などからのアクセスも良く、雄大なロケーションが魅力です
コンピュータ	アクセス	このとき、統合ログ管理製品を適切に使用すれば、膨大なアクセスログの中から、迅速に対象のログを検索することができ、すばやい原因追求の一助とすることが可能となります
コンピュータ	アクセス	うちはアクセスも安定してますし、そりゃブログ村やめれば多少はアクセス減りますがブックマークや検索からのアクセスに比べればブログ村やめても痛くもかゆくもありません
コンピュータ	アクセス	アクセス数とアクセス者数の数え方の違いがよくわからないけど、アクセス者数ダイエット作戦(正確にはTBをやめて固定読者数把握プロジェクト)を実行中ですが、アクセス者数16日から22日までの推移
コンピュータ	アクセス	ファイアウォールでサーバや社内ネットワークへの不正アクセスを防止するのと同じように、ウイルスが社内ネットワークに侵入する前にブロックするセキュリティ対策の方法です
コンピュータ	アクセス	でも、以前にアクセスログの集計をしていたときには大学からのアクセスもかなり多かったので、潜在的な銀ガレメンバーとしては学生も結構存在していると思う
その他	アクセス	デジタルなフォーマットに解析できるものは無場所化して所有し、解析できないものも、都市のインフラの中でパブリックな規格のもとに偏在して所有する、ここで通貨はパブリックなリソースにアクセスするキーです
コンピュータ	アクセス	本拠点を英国アビンドンおよび米国ボストンに構え、ウイルス・スパム・スパイウェア・業務上不要なアプリケーション・不正侵入の阻止、ネットワークアクセス制御、セキュリティポリシー管理、データ流出防止のソリューションを提供しています
コンピュータ	アクセス	マルチスレッドプログラミングでは同時に複数のスレッドが並行して実行されることになりますので、1つのオブジェクトに複数のスレッドが同時にアクセスする可能性が出てきます
コンピュータ	アクセス	「普通教室で動画像など大容量データを扱う場合、インターネットアクセスやコンテンツを蓄積するサーバーへの通信速度などが問題になりますが、その点、アライドテレシスの無線LANアクセスポイントは高速、快適に利用できています」と野々村氏は評価する
交通	アクセス	[アクセス]那覇空港→琉球バス交通沖縄バス那覇空港駅から名護BT(名護西線)行き約60分航空隊入口バス停下車→徒歩約15分またはタクシー約3分
コンピュータ	アクセス	これは接続環境により、世界中の方に新サーバーへ移行したページをご覧いただけるようになるまでに(新サーバーにアクセスしていただけるようになるまでに)最大約72時間かかるためです
コンピュータ	アクセス	アッパーレイヤ・プロセッシングデバイスは、フレキシブルで高性能なNPUと、低消費電力のトラフィック・マネージメント・パケット・プロセッシング・デバイスを含んでおり、これらのデバイスは幅広いインテリジェント・エンタープライズとアクセスネットワークの統合を容易にします
その他	アクセス	アクセス・ネットワーク、燕市在住の経営者・事業後継者のための婚活&地域活性化イベント「ハッピー婚活・体験 PARTY」を3月28日に開催 新潟県燕市 / まちおこし・観光・不動産ニュース 遊都総研
コンピュータ	アクセス	会員相互の連絡のために電子メールを利用していますが、最近メンバーでwww公開をする例も増え、簡易アクセスと宣伝もかねてホームページを作ってみました
コンピュータ	アクセス	マタマタ、メディアを賑わされています堀江社長のlivedoorでのblogがとてもアクセス数が多いと言うので私も多分にもれずに見てみました(^^ゞ
コンピュータ	アクセス	大沢あかねさんはつい先日の若槻千夏さんのブログに登場したり、若槻千夏さんと品川祐さんがブログのアクセス数を競っているという日記もあったので、ぜひこのランキングも見て欲しいですね(笑)
コンピュータ	アクセス	不特定多数を相手にするホームページはまずアクセスして見てもらうことが必要なので、プレゼント企画を数多く実施し、懸賞サイトから見に来た人がイベント終了後も見に来てくれるようにしている
コンピュータ	アクセス	synchronized 修飾子を付けると、そのメソッドを一つのスレッドが実行している間は、他のスレッドはメソッドにアクセスすることが出来ず、そのスレッドはブロックされて実行待機状態になります
コンピュータ	アクセス	YouTubeで数百万アクセスとって一躍スターになるシンデレラは無害ですが、AppStore上ではシンデレラ達は老舗のタイトルと直接ランキングで対決するので、古株勢も本当に面白くなければ途端に飽きられてしまう時代の始まりでもあります
コンピュータ	アクセス	また、FelicaへのアクセスのためのプラットフォームももちろんTypeA/Bとは異なるものであるため、OSのアーキテクチャにも非常に大きなインパクトがあります
コンピュータ	アクセス	ユーザーが Webブラウザでアクセスしてきた際には普通のソースを閲覧させ、検索エンジンのロボットがアクセスしてきた際にはキーワードを詰め込んだフレーズを収集させるようにする悪質なスパム行為
コンピュータ	アクセス	ネットプライスは、この市場において、携帯電話およびパソコンからアクセス可能なインターネットサイト上での通信販売事業を展開しており、特に携帯電話を利用したモバイルインターネット上でのショッピングサービスにおいては、国内でもトップクラスの売上高を誇ります
コンピュータ	アクセス	また、ダウンロード専用サーバーにアクセスが集中している場合において、ゲームのダウンロードが出来なかったり、ダウンロードに時間がかかってしまう場合がございます
コンピュータ	アクセス	本音を言えばサイトへのアクセスより直に来店頂くのがBetterなんですが(苦笑)、かく言う小生もネット派人間ですし、ご自宅で小生の考えや運営方針をチェック頂けるのは嬉しいことであります
コンピュータ	アクセス	橋下弁護士の発言を真に受けて懲戒請求したことには問題があるというエントリー(ここ←クリック)にたくさんの方にアクセスしていただき、瞬間的に「人気ブログ」となりましたが、偶然、先週、多忙で(ここ←クリック)、コメント、TBの反映・TBバックができずに失礼しました
交通	アクセス	さらに付け加えますと、もともと広島駅そのものが街外れに建設されましたので、広島県庁からのアクセスは広島バスセンター発の便の方が圧倒的に優れていること
交通	アクセス	観光には、情報の発信・提供と、それから交通のアクセス、それと、その観光地それぞれのイベントなり、観光施設なりの魅力、それから受け入れ態勢、ホスピタリティという4つの要素が兼ね合って、初めて観光都市天童ということが生まれるものというふうに言われております
交通	アクセス	◆越谷ふれあい公園(ラベンダー畑)◆ 住所:埼玉県越谷市大成町 アクセス: バス:越谷駅東口から東武バス吉川車庫行きに乗り、「見田方」下車徒歩5分
コンピュータ	アクセス	携帯でもPCでもアクセスして簡単な質問に答えるだけでH度がわかってパーティでも大ウケ、もちろん一人でやっても楽しいこのサイトはもちろん無料です
コンピュータ	アクセス	この募集は、日本時間23時頃のピーク時アクセス数が増大していたり、北米地域のピーク時間帯での同様の事態が想定されることから実施されるもので、ワールドあたりの人口分散を狙ったものです
コンピュータ	アクセス	日本での利用を考えた場合、日本語で作られた日本の中のサイトにアクセスするクライアントが多数であると考えられるため、日本国内にゴーストサーバをばらまく必要があります
コンピュータ	アクセス	サブPCのHDDからビヨーンビヨヨーンって音がしてたけど、無視して使ってたらアクセスランプつきっぱなしでフリーズしてお亡くなりになってしまった
コンピュータ	アクセス	今回私が述べることについては、所詮私など一介のサラリーマンに過ぎず、ただ個人でサイトを運営しているだけのことで、そのサイトもアクセスがそろそろ2万に到達しそうかといったところで、ほとんど何の影響力もない些細なものであることから、実際のところ、もしかしたら掲示板でこの文章に対するご批判をいただくことは十分に考えられるが、それ以上は何の問題も生じないものと思われる
コンピュータ	アクセス	(お仕事の)プロジェクトごとに、グループを作って、ファイルのアクセス制限を設定したりすることは、よくやるんじゃないかと思うのですが、所属できるのは15個まで、ってことなので、終わっちゃったプロジェクトのgroupは、さっさと消さないとダメよ
コンピュータ	アクセス	容疑者は自動的にアクセスを試行するプログラムを作成し、2日間で17万回のアクセスを行い、総当りで26名分のIDとパスワードを入手、このうち5名分の取引履歴を閲覧していたそうです
コンピュータ	アクセス	じゃあ、普段ネットにアクセスするけど正月には休んでる人は「PCを持たずに帰省したり旅行に出かけたりする人でかつ携帯はそれほど熱心に使わない人」と考えて良いか
交通	アクセス	人口分布、交通アクセス、施設などを考慮し中央公民館あるいは東部文化センターを主として、篠区八幡会館、柏原公民館、森公民館の4、5カ所に分散配備する
交通	アクセス	守口ロイヤルパインズホテル大阪、京都へのビジネス・観光拠点として最適なシティホテル大阪、京都を結ぶ京阪本線「守口市」駅に直結し、関西各地へのアクセスもスムーズ
コンピュータ	アクセス	嬉しいことに、今まで3年間は微増のまま推移していたblogのアクセス数が、理由はわかりませんが夏ごろから急に伸び、今では昨年の倍以上に上がりました
コンピュータ	アクセス	たとえば、アクセス数をカウントするプログラムをウェブ上から呼び出し、実行させ、「あなたは○○人目の訪問者です」という文にアクセス数を自動的に付加 してウェブサイトの訪問者数をアピールすることに使用できます
コンピュータ	アクセス	~暗号化とアクセス制限機能により、Gumblar等による不正改ざんを防止~ 株式会社メディアウォーズ(本社:京都府下京区、代表取締役社長 今井 寿人、以下メディアウォーズ)は、同社が提供するレンタルサーバーサービスにおいて、Gumblar(ガンブラー)等によるコンテンツ不正改ざんのリスクを低減
コンピュータ	アクセス	このうち、個人データの漏えい等に対しては、不正アクセス対策、コンピュータウィルス対策等の適切な情報セキュリティ対策を講じることにより、その発生を防止することといたします
コンピュータ	アクセス	物件数の増加とアクセス数の増加で一時非常に重たくなってしまって大変になったことと、当初、十分余裕を持たせて構築していたはずのデータベーステーブルが限界に近づいてきたためです
コンピュータ	アクセス	そんな訳で、 日常的に大きなファイル(〜数百MB) をファイルサーバに置いておくことになるのですが、 このとき気になるのが、ファイル共有のアクセス速度です
コンピュータ	アクセス	当社は、お客様からお預かりした個人情報を、漏洩、滅失、破壊、社外への不正な流出、改ざん、不正アクセスから保護するために、社内規程を整備し、合理的な安全対策を講じます
コンピュータ	アクセス	また、見た目は普通なのにものすごくアクセス数があるというケースは、見た目よりもユーザーを惹き付けるなにかがあるか、先にも少し書いたけど「選択肢が少ない」時に固定客を獲得したというケースがほとんど
その他	アクセス	WTCビルの残骸やペンタゴンに追突したとされるボーイングの残骸に対する科学的研究へのアクセスが認められていないのは異常でであり、普通の犯罪捜査ではこれほどの不審な点がある以上は、特に慎重な捜査が当局によって行われるはずである
交通	アクセス	◎静岡県立美術館◎ 【アクセス】 ●JR東海道線「草薙駅」から徒歩約25分/バスで約6分 ●静岡鉄道静岡清水線「県立美術館駅」から徒歩約15分/バスで約3分
コンピュータ	アクセス	パケット定額制というのを設定していたので、すっかり安心していたのだが、auのショップに行って話を聞くと、携帯の本体からアクセスするときのパケットとデータ通信のパケットとは話が別で、パケット定額制ではなく、データ通信定額制というのを設定しなければならないそうだ
コンピュータ	アクセス	こどもたちが直接アクセスし、通信をすることによって、教科書で学よりももっと世界について興味を沸かせることができるはずだし、世界を知る喜びをもってほしいと熱く語っていました
交通	アクセス	「分県ガイドとっとりけんのやま」を見るととっとりけんくらよし市からのアクセスせつめいで、こくどう482号線からけんどう283号線に入るところがざせいてらとあるが、どうろちずにのっていない
コンピュータ	アクセス	ただし、初期のマイクロプロセッサには特権レベル(あるいは特権モード)を持たない場合があり、そのようなプロセッサではステータスレジスタ全体にアクセスすることができた(別の言い方をすれば、ユーザアプリケーションとオペレーティングシステムの区別がなかった)
コンピュータ	アクセス	カイシャ等のウェブブラウザでネットにアクセスしてて自分独自のメールアドレスがない人、ダンナがプロバイダに契約してるのでアクセスはできるけど自分用のメールアドレスがない奥さんなど、需要はけっこうあるのにねえ
コンピュータ	アクセス	あなたがどこかのサイトを訪れたとき、普通のアクセスカウンターならばその時点でのアクセス数(=あなたのアクセスが、全体で何回目のアクセスだったか)を表示します
交通	アクセス	アクセス JR神戸線(山陽本線)尼崎駅南口下車西へ徒歩3分 阪急塚口駅・阪神尼崎・杭瀬駅より送迎バス有り 車の場合はJR尼崎駅南口を目指せばすぐです
コンピュータ	アクセス	netに移行(00年07月)してからはアクセス解析がその気になれば結構詳細に出来るようになり、雑誌に掲載された直後のアクセス推移を何度も観察してみましたが、結論として「雑誌に掲載されてもアクセスには全く効果がない」事が判明しました
コンピュータ	アクセス	別の見方として、ページファイルが先頭から順にシーケンシャルにアクセスされることはないから、フラグメンテーションを防いでも意味がないと考える人もいるもっとも、仮にページファイルがハードディスクの先端・終端トラックに断片化しているとすればヘッドシークによりスラッシングを引き起こしうる
その他	アクセス	対して本書はそこに3つのクライテリア(提供情報、提供シチュエーション、アクセススタイル)を持ち込み、必ずしもネットが旧来のメディアに取って代わるものではないことを強調し、4大メディアのとるぺきポジショニングがどこにあるのかを解説してみせる
コンピュータ	アクセス	典型的なプラットフォームを30 wellheadsプラットフォームおよび方向掘削に位置して回避可能性があります貯水池両方の深さの異なる5マイルのプラットフォームから(8キロ)へのリモート位置を開く時にアクセスすることができます
交通	アクセス	[アクセス] 北千住駅西口から徒歩約20分、又はバスで5分 都営バス:3番乗り場 駒込病院前行・王子駅前行(千住桜木下車、徒歩1分)東武バス:2番乗り場 西新井大師行(千住桜木下車、徒歩1分)
コンピュータ	アクセス	PLT インターネットのオンラインゲームに他人のIDでアクセスしたとして、札幌・北署は22日、不正アクセス禁止法違反などの疑いで宮崎市小松台東、ピアノ講師、泊真由美容疑者(43)を逮捕した
コンピュータ	アクセス	また、携帯電話やパソコンからアクセスできるインターネットを使った登録サービスもあり、登録するとこれまでの献血記録が閲覧できるサービスや、キャンペーン情報など、嬉しいサービスが受けられます
コンピュータ	アクセス	どのドメイン用のディレクトリにもHTTPでアクセス可能なMainのURLは、 非公表(他人には教えない)総合管理用として残しておく方が、 管理用プログラムなどを利用するにも便利です
コンピュータ	アクセス	弊社は、当サイトでお客様の個人情報を不正アクセス、コンピューターウイ ルス等から守るため、データ転送にSSL(Secure Socket Layer)という業界標準の暗号方式を使用しています
コンピュータ	アクセス	毎月のアクセス解析を調べさせていただくとスパム投稿されたリンクへクリックされて少数のアクセスの記録が見当たりますがくれぐれも大変にご注意ください
交通	アクセス	吹田SAが、アクセスの条件はいいかもしれませんが、九州へ向かう車に吹田SAを経由してくれというのは、ルートから外れるので、あまりよろしくないです
コンピュータ	アクセス	元々2ちゃんの件は会社ぐるみでやっていたいう情報もあるくらいですし、それにわざわざ朝日から2ちゃんに侘びを入れて「アクセスさせて下さい」と頼み込んだぐらいですから、書き込みはともかく四六時中ネットにアクセスしてヲチぐらいはしているんじゃないですかね
交通	アクセス	さらに、紆余曲折を経て1978年(昭和53年)に新東京国際空港(現在の成田国際空港)が開港すると、総武本線と成田線は京成電鉄を補完する鉄道アクセスルートとなった
コンピュータ	アクセス	全ての人がアクセス数を求めているわけではないのでしょうが、アクセスが少ないとモチベーションの維持が難しいと思うので、長く続けていく為には、先人と同じ事をやっていてはダメ
コンピュータ	アクセス	ログデータには、閲覧者のIPアドレス(ご利用されているコンピュータを特定できる番号)、ブラウザの種別、アクセス元のURLなどの情報が含まれますが、これらは、お客様個人を特定できる情報ではありません
交通	アクセス	場所が中途半端でアクセスが微妙 おまけに店の中が狭い 外観もかなり胡散臭くて怪しい カウンターしか無くて、店の中も雰囲気が薄暗くて怪しいが、壁には昔から飾られていたであろうポラロイ
コンピュータ	アクセス	別のパソコンに接続するだけでアクセスできるリムーバブルディスクは、複数パソコンでのデータ利用に便利な反面、「誰でも簡単にフルアクセスできる」という側面があります
その他	アクセス	安倍氏が関与していると思われる軍事利権に関する疑惑もあるという(『アクセスジャーナル』の記事「安倍晋三官房長官と安保利権の受け皿=(社)日米文化振興会」参照
交通	アクセス	男鹿半島の中心部に位置するこの地域は、農村集落や農地の多くが中小川沿いに散在し、アクセス道路もないことから交通は海沿いの県道に大きく迂回しなければなりませんでした
コンピュータ	アクセス	あれですよ、きっとボークス側のサーバーの時間設定のズレとか、アクセス負荷がかかることを計算して10時より何秒か前にアクセスするとか、そういうこと考えて皆さん挑戦してるんですよ、きっと
コンピュータ	アクセス	4 ユーザーが、インターネットを通じて、エフ・エル・マスクでモザイクが付されたわいせつ画像が提示されているサイトにアクセスし、さらに、当該わいせつ画像ファイルにアクセスし、モニター上に表示する
コンピュータ	アクセス	二つ目には、アクセスの一番多い観光情報ですが、グルメや宿泊あるいは鉤り情報など民間情報について銚子市のインターネットからリンクできないものかと思うのです
コンピュータ	アクセス	一方で、今の日本の一般人はむしろ歴史をデータベースとして捉えていて、受け手が適宜アクセスして自分なりの解釈を取り出す形で消費していく側面が強い
コンピュータ	アクセス	Metro Web サービス・スタックは、Web サービスを実装したり、Web サービスにアクセスしたりするための包括的なソリューションを提供します
その他	アクセス	アクセスリスナー初期高齢者過ぎおまえらのせいで世の中まわらなくなって文句ったれるだけでひろゆきの作った中2の遊び場で具体的に何もできない能無し世代真理と慶子と久仁子のまんこなめる夢見て中央線に
コンピュータ	アクセス	179 モノがほぼフラッシュメモリカード用バスってことを考えると、 アクセスしてないときはクロックも電力も止めてりゃ高速シリアル転送でもそう酷い消費電力にはならないとは思うんだけど、 まあそこまでヤヤコシイ制御をいれるべきかどうかっつーと疑問だしねえ
コンピュータ	アクセス	今年度は、その共通ブラウザーの機能として、 [1]ワンセグのデータ放送の中で、電子マネーと連動したコンテンツへのアクセスを可能にする機能、[2]無線LANのアクセスポイントなどから、ユーザーの現在居る場所の「位置情報」を計算して活用する技術、[3]通信から取得したコンテンツの保護機能(DRM)、[4]様々なIPネットワークをワンセグの通信サービスとして利用可能にする技術などを開発しました
コンピュータ	アクセス	のほうは三十何アクセスで三百何位(2200件中)と可も不可も無い結果が出て、 そもそも一日50前後のアクセスがあって更新してるところが日記しか無いんじゃ これ位の結果が出ることは最初からわかっていたなんて言うとつまらないので言いません
コンピュータ	アクセス	お客様の大切な個人情報をご登録いただくにあたり、当社ではSSLと呼ばれる特殊暗号通信技術の使用やFirewallというセキュリティ・システムで保護されたサーバで管理し、外部からの不正アクセスや情報の漏洩防止に最善を尽くしています
交通	アクセス	必ずしも都内、もしくは都内にアクセスが容易な地域にお住まいでない方でも、東京のお店に作品を置いてみたいという方がいらっしゃいましたら、北は北海道から南は沖縄まで、日本語さえ通じれば海外でもOK
交通	アクセス	総事業費は、道路などのアクセス費を除い て約八千二百億円と試算し、国は来年度から始まる次期空港整備計画で、新福岡空港を調査対象とする方針を示している
交通	アクセス	新首都と国内とのアクセスは、この空港の活用のほか、東京との連絡を重視しつつ、当面既存の交通ネットワークに最短距離でアクセスするルートを整備するとともに、新首都と国内のできる限り多くの地域を結ぶ新しい国土の幹線交通体系を構築する
その他	アクセス	ここには農業や日常生活に必要な需要が確立されており、理論的には、インフラのコスト削減を測りつつナショナルネットワークとの連結性を保有し、全ての地域のアクセスを可能にするというものです
コンピュータ	アクセス	TSUTAYA パスワード付きアクセスカード 『戦場のヴァルキュリア2』オリジナル待ち受け画像&『ファンタシースターポータブル2』待受&着うた
交通	アクセス	そこで、改めて区内を横断できる南千住地域の公共交通の導入検討とともに、荒川区から新東京タワーへのアクセスルートの検討もあわせて行うべきと考えます
コンピュータ	アクセス	インターネットに接続していれば、どこからでも自宅や職場のパソコンにアクセスできるため、自宅から会社のパソコンに届いたメールの確認を行ったり、自宅のパソコンにアクセスして写真データを外出先のスマートフォンで閲覧することが可能になります
交通	アクセス	入場(にゅうじょう)料(りょう)の無料(むりょう)化(か)を行(おこな)っており、特(とく)に夏季(かき)には多(おお)くの入場(にゅうじょう)者(しゃ)があり、農道(のうどう)によるアクセス改善(かいぜん)効果(こうか)が期待(きたい)されている
その他	アクセス	半日アクセス×30日ぐらいを繰り返しユニクロのXLロングTシャツが「ちんすこう」を「ちんこすう」と読み間違えるような荒れるのは全部乞食の責任です
コンピュータ	アクセス	XPを使っていて、しばらく放っておいてから、戻ってみると、何やらハードディスクがアクセスし続け、再び操作しようとすると矢鱈と重くなっていて、ストレスを感じる
コンピュータ	アクセス	データベースにアクセス出来る権限のある者が、然るべき手続きを経てコンピュータールームに入り、自己所有のメディアなり紙なりにコピーした場合は罪すべき事実はなくなってしまい、民事で賠償要求などをする以外ないのである
その他	アクセス	実際、「アクセスアップ」のブログ検索結果で、一番得られる「アクセスアップ法」が、このトラフィックエクスチェンジの利用なのですが、この方法を紹介するブログの多くが「アフィリエイトブログ」である事に注意しましょう
その他	アクセス	1993年のウルグアイ・ラウンド農業合意で定められた農産物の最低輸入制度(ミニマムアクセス)に基づき、日本は米国から中粒米を、タイとベトナムから長粒米を輸入しているが、国内の農業保護政策のため用途を飼料用に限定しており、在庫が積みあがっている
コンピュータ	アクセス	これまでに、フィリピンのインターネット接続会社「アクセスネット」の顧客で、マニラ市内に住む23歳の男性とみられる人物が容疑者として浮上している
コンピュータ	アクセス	ティ機能 ファイアウォールコンポーネントを含んでいるため、内部ネットワークに アクセスできるIP アドレスの制限や、必要な通信ポートのみを許可すると いったことが可能ですので、外部からの不正アクセスの防止や、内部情報の 漏洩回避など安心してインターネットでの情報のやりとりが実現できます
交通	アクセス	バリアフリーデザインは障壁を取り除き障害を持つ人(主に車椅子利用者)が目的地までアクセスできるデザインという考えに立っており、一方ユニバーサルデザインは車椅子利用者、視覚障害者、子ども、高齢者、体力のない人、乳母車を押す人など想定されるすべての人のためのデザインとされ、バリアフリーデザインを包括した概念といえる
コンピュータ	アクセス	契約の流れでは、「登録確認に送られてくるアドレスに携帯からアクセスして完了」と書かれていますが、プリペイド電話からはいつも言っていますがWebアクセスはできません
コンピュータ	アクセス	◇ ブログの数が増えていない以上、急激にブログサーバ全体のアクセス数やトラフィックが増えるとも思えないし、こう重い状態が続いていると、サーバの設計に根本的なミスがあるのかと疑いたくなります
交通	アクセス	(2)利便性:10分の小商圏(商圏人口1~2万人)/アクセスの便利な立地/クリック&モルタル(店舗及びネットでの買い物/10分での買い物(90~300坪)/長時間営業/クイックショッピングを可能にするレイアウト及び陳列/ドライブスルー
コンピュータ	アクセス	レポートは、WEBサイトに導入されるアクセス解析で取得できるデータを元に構成されており、「直帰率」「検索エンジン経由での購入率」などの統計データを開示いたします
交通	アクセス	出力は50~500kWの大出力であり、平野部で見通しが良く、人家の密集しないところでかつアクセスの容易なところとして江別の田園地帯が選ばれているのであろう
コンピュータ	アクセス	つまり、各ページにおいて表示されているデータはアクセスされた時点での最新情報となります(ブラウザのキャッシュを参照している場合がありますので、情報が古いと思われる場合はブラウザの「更新」ボタンを押して再読み込みしてみてください→A2の操作を参照)
コンピュータ	アクセス	現在調査・対応中ですが、講演申込手続き中にアクセスできなくなった場合は、お手数ですが、時間をおいて再度アクセスしていただきますようお願いいたします
交通	アクセス	しかし、著名観光地や官公庁などへのアクセス面においては近鉄奈良駅がより優れており、運賃・所要・本数面において対京都・大阪の競争力も低いため駅の利用は芳しくない
コンピュータ	アクセス	また、サーバインストールタイプのMovable TypeではなくASP型のTypePadを選択した理由は、ブログを設置することによって現在のサーバの容量が足りなくなったり、アクセスに負荷がかかることを避けるためだという
コンピュータ	アクセス	サービスプロバイダーは、「Takedown Notice」を受け取ると迅速に、権利侵害しているデータを削除するか、これへのアクセスを無効にしなければならない
コンピュータ	アクセス	フォントを高速でアクセス可能な外付けのハードディスクやディスクアレイにインストールしておけば、使い回しが大変楽になり、ハードウェア全体のシステムを見直すことも容易になります
コンピュータ	アクセス	実際には、ログインが成功した時だけ表示されるページは、Webサーバーのアクセス権限のない場所においておかないと、あまり意味がないのですが、ここでは、説明の都合上、全てのファイルをスクリプトと同じディレクトリに入れてしまうということにします
その他	アクセス	現在NHKで毎週土曜日午後6時半から放送されているアニメ「電脳コイル」の公式ガイドブック『電脳コイル アクセスガイドBOOK』が30日に発売になった
コンピュータ	アクセス	Fedora8の時は、emacsの本家のcvsサーバにアクセスして、開発中のソースをダウンロードして、苦労してコンパイルして使っていたんだが、Ubuntuになったら、なんと開発途中版なのに、パッケージになっていてビックリした
コンピュータ	アクセス	マルチタスク環境において、同時にアクセスしてはならない資源(Critical Section、クリティカル・セクション)に複数のタスク(仕事)が同時にアクセスしないように制御することを排他制御と言います
コンピュータ	アクセス	AppleとiPhoneのファームウェアなど、より独自の企業との恐ろしい問題を見て/も携帯電話のネットワークにアクセスしたり悪化する場合実行しているサードパーティ製のファームウェアからユーザーを防ぐためにしようとするとAppleはこれまでのところ、ハードウェアのハッキング
コンピュータ	アクセス	設定したIPにブラウザでアクセスするとエアーステーションの設定ページが開いたのでそこで暗号キーとか設定してZERO3を無線ランでネットしてみた
交通	アクセス	気象情報に加え、神社・お寺の“所在地”“問い合わせ先”をはじめ、“交通アクセス”や“近辺の道路交通情報”、“駐車場情報”、さらには、“由緒”や“ご利益”までも見ることができます
コンピュータ	アクセス	アクセスカウンターは、今までは@Niftyのホームページのものを借用していたのですが、最近ブログ独自にアクセスカウンターが提供されるようになったので、そちらの方を今日から使用するように、設定変更しました
コンピュータ	アクセス	びっくりんくを書いた頃のアクセス数は600/日だったわけで、ほとんどどこにでもリンク張れたのですケド、現在のアクセス数は2000/日オーバーなわけでー
コンピュータ	アクセス	しかし、注意書きを読もうと思っても読みにくいうえに、やっと読み終わって早速使おうとしたら「ちゃんと読んでください」とだけしか言わず、挙句にアクセス制限をかけられるのはどうしようもありません
コンピュータ	アクセス	などと申し上げている一方、積極的かつ具体的なアクセス増加計画などある筈も無く、まあだらだらと文章を書いていくのみ、というところが私の朽木的愚鈍さを表していますが
コンピュータ	アクセス	それはやはり安定性がないとアクセス自体が困難なサーバであれば自分がなにかをアップロードやダウンロードするにも大変だしそもそも見て欲しいアクセスユーザー自体がアクセスできないわけですから
コンピュータ	アクセス	これは、この履歴データにアクセスするグラフィカル・ユーザー・インターフェイスであり、またトランザクションの一貫した方法で履歴変更データを取得できる、変更データ取得インターフェイスです
コンピュータ	アクセス	コンテンツでは、“ゴルフCh”や“マリンCh”など、それぞれの分野に特化した専門チャンネルにもすぐアクセスできるほか、過去15年間、それぞれの日の天気がどうだったかに関する過去天気の統計も併せて確認することができます
コンピュータ	アクセス	アクセスログ見たら、前ページに戻って表示順位UPとか操作してたのが、上に自分のIDとメニューがまとめて出るようになったから、連続で次の動作ができるし
コンピュータ	アクセス	彼はこのブログと2ちゃんねるのスレッドにおいて不正アクセス禁止法に違反する行為を行ったので、あなたがこのブログを荒らすよう誘発した犯人でないならば荒らしをやめさせることが出来ます
コンピュータ	アクセス	また、URLの直接入力によるアクセスを許可する設定項目や、メールアドレスのリンクを無効にする設定項目などが追加され、用途に応じて操作を制限する範囲をカスタマイズできるようになっている
コンピュータ	アクセス	アクセス解析を見てたら[Taste of Grooovy]でGoogle検索の末に来訪していただいた方が多く、改めて自分もその検索結果を見ていたら、こんなサイトに辿り着きました
コンピュータ	アクセス	pac という名前で、proxy 不要でアクセスできる Web サーバにおいておき、ブラウザの「自動構成スクリプトを使用する」やら「自動でプロキシを設定する」やらで設定すれば OK
コンピュータ	アクセス	「ネットワーク全体」にアクセスしたい場合は、エクスプローラツールバーの「フォルダ」アイコンをクリックし、左側にツリービューを表示させてください
コンピュータ	アクセス	普通にハードディスクとして使うだけでなく、インターネット経由で外出先から操作できる「Webアクセス機能」や「プリントサーバ機能」まで付いちゃってます
交通	アクセス	そういう意味で、アクセス道路の整備について道路局長非常に熱心だと聞いておりますけれども、もう一度対応と決意を一言聞かしていただきたいと思います
コンピュータ	アクセス	11を初めとする4つのHDD製品において、 ファームウェアのバグによりアクセス不能になる可能性(PC Watch)』そうで、変人窟さん 1月19日更新分では『大規模ハードディスク不良祭り』
コンピュータ	アクセス	しかしながら、1期事業の供用に伴い、飛行経路の逸脱による航空機騒音の苦情が発生しており、空港へのアクセス鉄道沿線や道路沿道で騒音等の問題も顕在化している
コンピュータ	アクセス	特に、「 more spaces 」からのアクセス数が極端に減る中で、モバイルからのアクセス数は少ないながら以前とそれ程変わってはいないように思う
コンピュータ	アクセス	四 ファイアウォールソフトウエア(不正アクセスを防御するために、あらかじめ設定された通信プロトコルに基づき電気通信信号を通過させる機能を有するソフトウエアであつて、インターネットに対応するものをいう
その他	アクセス	また、途上国問題に関して中川教授は、WTO加盟に伴う負担に見合う利益を得ていないとの途上国の不満を解決することが重要であるとし、日本としても、途上国の関心品目の市場アクセス機会増大を図る必要があるとの考えを述べた
コンピュータ	アクセス	このような状況の中で、平成14年3月には、国土交通省によりインターネットマンションの基本的な考え方として、「インターネットアクセスの円滑化に向けた新築共同住宅情報化標準」が策定されました
コンピュータ	アクセス	プログラム、製品、またはサービスに関する通信のためにインターネットを使用する適用対象事業体は、アクセス可能な手段を通じてこれらの通信を提供する準備ができていなければなりません」
コンピュータ	アクセス	DSP回路を完全にスルーし、映像回路、本体ディスプレイやRAMアクセスの休止によってピュアオーディオの高純度再生を実現するピュアダイレクトモードを装備
交通	アクセス	また、国道193号線は平成元年12月16日開港した「高松空港」へのアクセス道路であり、道路の愛称「空港通り」は幅広く認知されている上、高松中心部から空港への道程の中間に新駅は位置しております
交通	アクセス	こういうものを沖縄の離島間に就航させて、それで今言った交通アクセスの問題、それから沖縄特産の輸送の問題ですね、こういうようなものに活用させてはいかがと
コンピュータ	アクセス	(過去に「しなぷす」で聖闘士星矢の記事を書いた時も、その記事だけスペインからのアクセスが集まってたしw ・・・正確に言えばフランスからのアクセスも多かったw)
コンピュータ	アクセス	簡単に言うと、Win95・98ではサーバーへアクセスした際の認証で、パスワードを平文で送出していたのが、WinXpでは暗号化していると言うもの
コンピュータ	アクセス	当社は、個人情報の不正なアクセスまたは個人情報の紛失・破壊・改ざん・漏洩等のリスクに対して、技術面および組織面において適切な安全対策を講じます
コンピュータ	アクセス	最近では、単にアクセスされた情報を蓄積しておくだけではなく、利用者はそれに関連した情報もすぐにアクセスするであろうことを予測し、関連する情報もあらかじめ蓄積しておくプリキャッシュ機能を有するproxyサーバーも登場してきている
コンピュータ	アクセス	個人的には7も思ったよりも軽くないような気もするが、これはおそらく当サイトがVista時代に 頻繁なHDDアクセスを阻止するようにVistaの設定を変えて使っていたからだろう
コンピュータ	アクセス	個人情報へのアクセス管理、持出し手段の制限、外部からの不正アクセスの防止等に適切な措置を講じることにより、個人情報への不正なアクセスや個人情報の漏えい、紛失、破壊等の防止に努めます
交通	アクセス	近隣にはスキー場などもあり、また名古屋からでも2時間以内にアクセスできる事などから、中部の日帰り温泉ガイドマップのランキングでは首位を取るなど人気の高い施設です
コンピュータ	アクセス	インターネット接続ファイアウォール (ICF) を無効にするには、[インターネットからのこのコンピュータへのアクセスを制限したり防いだりして、コンピュータとネットワークを保護する] チェック ボックスをオフにします
コンピュータ	アクセス	例えば、横浜市のページのアクセスワードで、”横浜 賃貸 探すなら”があるのに、川崎市のページのアクセスワードに、”川崎 賃貸 探すなら”が無い場合は、川崎市のページのコンテンツをチェックしてみましょう
コンピュータ	アクセス	この不正アクセスは、中国、香港、韓国を最初から遮断しているにも関わらず、海外からが圧倒的に多いのですが、国内からはさくらインターネットからの不正アクセスが一番多いです
コンピュータ	アクセス	で、それがアクセスブロックで故意に「ちのに反論の機会を与えず、本人以外が一方的に謝罪を求めるように捏造をバラ撒かれたとする」事とどう繋がるんだ
交通	アクセス	名鉄名古屋本線 「新安城」 駅徒歩12分、豊田市や岡崎市方面へアクセスしやすい国道一号線と県道12号線に近い立地に誕生する 『エルタウン新安城』 は、全17区画のスタイリッシュなスモールタウンです
交通	アクセス	netアクセス R161バイパス日置前ランプ下車左折、次の信号を右折 約10分大阪: 車以外/JR湖西線近江今津駅下車 送迎バスあり(要予約) 車/名神高速道路京都東ICR161バイパスを今津方面日置前ランプ下車左折後、次の信号を右折名古屋:
コンピュータ	アクセス	だからアクセスのほとんどは、研究室のページからたどって来て下さった方と、ロボット式の検索サーバ、つまり自主的にデータを集めて検索サービスを提供しているサーバを利用していらっしゃる方です
交通	アクセス	交通アクセス:東京メトロ丸ノ内線・都営地下鉄大江戸線本郷三丁目駅より徒歩8分、東京メトロ南北線東大前駅より徒歩3分、東京メトロ千代田線根津駅より徒歩15分、東京メトロ千代田線湯島駅より徒歩8分、JR御茶ノ水駅・上野駅・御徒町駅より都営バス利用
コンピュータ	アクセス	なお、私は「アクセスポイント」や「所在地」をやたら多く作って整理してないのでそれも間違いの元だと思うし「モデム」も本来なら2つだけのところ前のトラブルもこれ有りで五つほど登録してどれが正か解らなくなってしまった自分の責任のようです
コンピュータ	アクセス	3、目標が出来る→作り始めてしばらくたち、コメントなどももらうようになり、アクセス解析などでも固定の読者様がつくようになると、その読者様に、より有意義な情報を流そうと、自分を高める上での目標ができる
コンピュータ	アクセス	このPERC Corpus(パークコーパス)は、PERCの委託を受け、2011年6月末までの間、「小学館コーパスネットワーク」が提供するインターネット上のコーパス検索ソフトを用いた無料アクセスが可能になります
コンピュータ	アクセス	携帯サイトへのアクセスは、名古屋開府400年祭のパソコン版公式サイトに、QRコードがありますので、それを、携帯電話のバーコードリーダーで読み取って、アクセスしてください
コンピュータ	アクセス	特定のインターネット機能を利用する場合、モデムなどの接続に必要なハードウェア、およびインターネットのアクセス権が必要となり、その場合、サービスプロバイダへの使用量や電話代がかかることがあります
コンピュータ	アクセス	日本語での情報交換が可能な本格的なアクセス解析専門コミュニティとして、『SiteTracker』にとどまらずアクセス解析全般からさらにSEOやサイト運営に関する活発な情報交換の場となるようサポートいたします
交通	アクセス	【アクセス】 ■JR広島駅新幹線口から石見交通益田行バスに乗り約85分吉和サービスエリアで降車、サービスエリアから中国自動車道吉和ICより車で3分
コンピュータ	アクセス	CTCとGemStoneは、ハイボリュームなトランザクション処理の高速性・リアルタイム性が求められる分野にて、大規模グリッドコンピューティング環境を共同推進するとともに、データアクセスの高速化ソリューションとしてGemFire EDF を拡販して参ります
交通	アクセス	このような状況に対応する抜本的な解消法は、駅東側の駅前広場とそのアクセスとなる都市計画道路私部東線の整備と考えておりますものの、現在の本市の状況を勘案いたしますとその整備見通しは立たないところでございます
交通	アクセス	レセプションでは、山田副団長が背後地であるグレーターナゴヤの産業や充実した港湾施設についてアピールするとともに、周辺アクセスについても説明を加え、名古屋港利用の優位性を説明し、その後、団員である名古屋港関係者と招待客の間で懇親が深められました
コンピュータ	アクセス	Windows XPのデフラグだと実行を躊躇するだろうし、あるいは、頻繁にアクセスする特定のファイルだけでも手早くフラグメントを改善できないかと考えてしまうのも人情というものだ
交通	アクセス	札幌のメディカルプラザ札幌のような、共同利用の最新大型診断機器は設置せず、アクセスの利便性を生かしプライマリケアをコンセプトとした医療をすすめていく
コンピュータ	アクセス	私も自分のブログにアクセス解析を導入していますが、そこそこアクセスが伸びてくるに従って、コメント・トラックバックという形で表に現れる反応と、ただ閲覧するだけの無言のユーザ数とのギャップには不気味な戸惑いを感じざるを得ません
コンピュータ	アクセス	“/inheritance:e”を設定する事で、親フォルダのアクセス権限の継承が出来るので、削除したアクセス権限を個別に割り当てる必要は無いわけです
コンピュータ	アクセス	で、今回のこのリリースに併せて、「上位200件ランキング」としてドメイン別の月間アクセス数200件をランキングで開示しているんですが、先日来話題になっている公称月間70億PV超の某ブログサービスは第8位にランクされていて、月間アクセス数は11億という数字
コンピュータ	アクセス	佐々木●インターネットブームにより高速のデータ通信需要が急増し、企業や個人ユーザーを問わずインターネットアクセス用のINS回線の設置が進んでいることもあって工事やメンテナンスの仕事も増えています
交通	アクセス	旧城下町と鈴鹿川の間を通る旧国道1号線、町の北側、山麓部を通る現在のバイパス国道一号線、そして両方の国道から町へアクセスする道路、これらが整備されたことが一番の変化だといえます
コンピュータ	アクセス	ユーザーご自身は、ユーザーご自身の伝送もしくはデータに対し不正アクセスが行われもしくはこれらが改竄されたこと、いずれかの内容もしくはデータが送受信されもしくは送受信されなかったこと、または当サイト・サービスを通じて行われたいかなる取引にも、当サイトは責任を負わないことに特に同意しているものとします
コンピュータ	アクセス	Googleのアクセス解析によると、検索サイトを通じてこのサイトに来て下さる方は多くが、「海外 日本語教育」とか、「海外 通信教育」とか「あいうえお表 ダウンロード」とか、そういう検索ワードでお出でなんですね
コンピュータ	アクセス	上巻では、SQL Server2000の新機能、アーキテクチャ、システム構成、インストール、データベースの定義、インターネットアクセス等を説明
コンピュータ	アクセス	Perl・Javascriptではエラーになりませんでしたが、VBScriptでは範囲外の要素の指定にアクセスした場合はエラーとなりますので注意してください
コンピュータ	アクセス	アクセス経路がなければ、プログラマは、関連するファイルを読むために、必要な論理ビューを探し出し、 条件を意識し、プログラミングしていかなければいけない
コンピュータ	アクセス	また、ADSLアクセス以外のブロードバンドインターネット接続サービス上でのIP電話サービス用途として、ADSLインタフェースを除いたIP電話用ターミナルアダプタ単体の商品化についても検討中です
コンピュータ	アクセス	ここ数日、当HPへのアクセス数が異様に多かったのは、検索サイトから同姓同名のマラソン「鈴木博美」さんと迷われたからでしょうか(鈴木博美さん、TBSでマラソンの解説をしてらっしゃるのですよね)
交通	アクセス	アクセス:浦和駅西口1番乗り場から駒場運動公園入口下車徒歩5分(詳細はTELで確認)駐車場有(駒場運動公園でJリーグの試合がある時は利用できません)
コンピュータ	アクセス	しかし、このようなパラメータの決定の方法は速度を最適化する必要がある場合のものであって、 アクセスの速度が遅くてもメモリの利用効率を良くしたいという場合であれば、 その dictionary が保持するであろう最大のデータ項目数の数分の一を指定すれば良い
その他	アクセス	・RAPIDは、データ、施設、機器への利用やアクセスの点で緊急性の高いものを対象としており、研究代表者は事前にNSFのプログラムオフィサーにに相談することとしている
コンピュータ	アクセス	ただしネット上で各所に転載された「08憲章」は現在でも中国国内から検索することができ、その大半はすでにアクセス不能となっているものの、一部のウェブサイトではいまだに全文を読むことが可能
コンピュータ	アクセス	TVのGETショピングを見て、tel使用と思ったら電話番号見逃してしまった・・・で早速HPアクセスして調べようと思ったら、GETショッピングんとこだけ何回やってもひらけない
コンピュータ	アクセス	アクセスして各ページの中段より上くらいのフォームに、Twitter IDを入力して「GO」をクリックすると各アイコンやバナーの下にあるコードが書き換えられ、自分のTwitter IDを含んだコードになるので、これをブログなりサイトなりの任意の箇所にコピペするだけ
コンピュータ	アクセス	jpは、「どんな組織からアクセスがあったか」に特化したアクセス解析サービスで、一般の大手プロバイダーからのアクセスは集計せず、企業や政府機関、学校など法人に特化して調査・解析してくれます
交通	アクセス	また、成田空港と羽田空港を一体的に活用するため、成田空港と都心とを結ぶ高速鉄道の整備を進めるなど、成田・羽田間の交通アクセスを抜本的に改善する必要があるとしています
コンピュータ	アクセス	うちのブロードバンドルーターはHTTPの80番ポートへのアクセス以外何が来てもLAN側に通らない設定になっているんですが、ポート80から何らかのセキュリティホールを突いてroot権限を奪取するなんて事がはたして可能なのか
コンピュータ	アクセス	当サイトは全世界からアクセスすることが可能ですが、当サイトにアクセスされたお客さまは、当サイトの利用に関して、日本国の法律および福島県の条例が適用されることに同意されたものとします
交通	アクセス	中国はパキスタンのグォーダーに大規模な海軍基地と傍受施設を、その東方75マイルの地点にあるパキスタンのバスニに港を、スリランカの南部沿海地域に燃料施設を、そして、バングラデシュのチッタゴンへの海洋、商業上のアクセスをもつコンテナ施設などを建設している
コンピュータ	アクセス	」を参考にしてCygwin+OpenSSHをインストールしたのですが、サービスとして起動しているsshdにアクセスするとなぜかサーバがダウンしてしまい、そのため全くアクセスできない
コンピュータ	アクセス	すなわち、物理的不正アクセスに対しては「メディアのパッケージ化」の対策を取り、論理的不正アクセスに対しては「CPUによる管理」の対策をとることが考えられる
交通	アクセス	マリーでなければ出来ない事、ユメミだから出来ることをと、どうせやるなら本腰を入れようと、其れまでの好アクセスなアトリエの移転にも踏み切り、仕掛ける楽しさで生まれる毎回の企画、個性のある厳選された出店ショップ群、そんなショップから集められるクオリティーの高いお客様達に支えられ、関西圏に留まらず、日本中からの集客を得ることが出来る地域活性化のモデルケースともいえるまでに成長してまいりました
その他	アクセス	患者という立場を尊重するという考え方が今、近代の医療の中では進んできているわけですが、でも日本は非常にそこの、ピラミッド型のいわゆる医療風土といいますか、そういったものが影響していて、なかなかそういった治療以外のサービスへのアクセスがうまくいかなかったり、アクセスしても非常に居心地が悪かったりして、通院を中断してしまうといった例が結構あったりするんですね
交通	アクセス	なんばの真ん中、どこへ行くにもアクセス便利な立地 アクセス便利でビジネス利用はもちろんのこと周りには遊びのスポットや、グルメにショッピングと観光にも最適
コンピュータ	アクセス	固定スキーマ、ストアド・プロシージャ、ストリームまたは問合せによるデータへのアクセス方法が提供されているその他のソリューションとは異なり、データベース・アダプタでは、直接的かつ透過的に表データにアクセスできます
コンピュータ	アクセス	インターネットが広く普及し、日常生活や企業活動に深く浸透してくるとともに、最近では「不正アクセス」「情報セキュリティ」といった言葉が、新聞紙上でも目立つようになってきました
コンピュータ	アクセス	具体的な利用シーンとしては、これまでにもいくつか紹介したが、社内イントラネットへのモバイルアクセス環境の構築に加え、オンラインショッピングやオンライントレーディング、オンラインゲームなど、会員制サイトでの利用が考えられるだろう
コンピュータ	アクセス	ルーターの設定用 Web ページにアクセスすることを意図した機能だが、別にルーターではなく、アクセスしてきたホストの IP アドレスを返すサービスを使っても良い
交通	アクセス	・アクセス 近鉄吉野線大和上市駅から奈良交通バス湯盛温泉ホテル杉の湯行きで40分、終点下車、奈良交通バス入之波温泉行きに乗り換えて40分、終点下車、徒歩2〜5分
コンピュータ	アクセス	公益事業における情報公開は、この数年間の間に審議会の提言や行政機関の働きかけなどによって、各事業体及び行政機関が積極的に取り組む姿勢を見せており、情報公開はさらに促進されるようになったが、一方ではアクセスが不便で利用者に解りにくいといった点や、部門別サービス別の原価に関する情報公開が不十分であるといった点など、情報公開が進んでいないといえる部分もある
交通	アクセス	プロジェクトの開始前に州のプロジェクト運営委員会では、保健施設へのアクセスの困難な地域の多いイフガオでは、まずは伝統的産婆が介助する家庭分娩から、医師、看護師、助産師を家庭に呼ぶ分娩が増加するだろうと予想していました
コンピュータ	アクセス	グーグル「キーワードツール」一般ユーザーもアドワーズ広告主と同様に検索ワードの人気度やトラフィック推移、競合する広告主などの情報にアクセス可能に
コンピュータ	アクセス	・携帯電話より「徳島ケータイ県庁」にアクセスし徳島ケータイ県庁TOP画面の「4」徳島県・通行規制情報・雨量・水位情報より情報を入手してください
その他	アクセス	POPLink サーフ時間が早いのが特徴同時に複数のアクセスにより効率の良いアクセス デヴィッドはエロ親父というわけじゃない(笑) 知性もあり、スポーツもやり、ピアノも弾き、写真の趣味もあり、節度もある
コンピュータ	アクセス	●逮捕目前の健一(=けん、まさお、けんいち、2年前きまはち厨、長野の安中榛名厨、夢の無いデブニート、自称大学院出身元テレビ局社員、マンコの臭い厨、悪魔王十字(サタンクロース))◆ESe0miV9uYの参加は当スレが荒れる元なので、アクセス禁止となっております
コンピュータ	アクセス	これは、独自のダイレクト形状アクセス機能により、汎用あるいは自社製CADシステムの形状に直接アクセスし、解析プリファレンス機能により様々な解析プログラムとの統合を実現します
コンピュータ	アクセス	※本サイトに記載の「フレッツ光」とはNTT東日本及びNTT西日本が提供する光ブロードバンドサービス(アクセス回線)であり「フレッツ光 ネクスト」、「フレッツ光 プレミアム」および「Bフレッツ」の総称です
コンピュータ	アクセス	パソコンで【発車オーライネット】にアクセスして予約したのに、さっきローソンのロッピーで手続きしたら、指定された予約番号は存在しませんというメッセージが出て、レシートが出せなかった
コンピュータ	アクセス	A:データセンターは専門の技術者が管理するので、社内の不慣れな人材が管理するよりも、データにアクセスしたときの反応速度(アクセスレスポンス)が上がるということ
コンピュータ	アクセス	なんとかファイルを回復しようとアクセスを試みている内に、ますます症状が悪化し、最初は、OSがアクセスしようと試みていたものが、ついにはアクセス不可、つまり、マイコンにもドライブが認識されなくなってしまった
交通	アクセス	アクセス:クルマ=東北自動車道西那須塩原ICから国道400号・県道121号・国道352号経由で約65km 駅から=会津鬼怒川線会津高原尾瀬口駅から会津バスたかつえスキー場行きで約30分、終点下車、徒歩5分
コンピュータ	アクセス	また、自分で500回アクセスをして、500回のクリックをしたりすると、クリック率があまりにも高すぎるので、アフィリエイトのASPに不正がばれてしまいます
交通	アクセス	[アクセス]仙台空港→JR仙台空港アクセス鉄道仙台空港駅から仙台行き約17分JR仙台駅下車→高速バス蔵王・村田・仙台仙台駅前34番から遠刈田温泉行き湯の町下車→徒歩約3分
その他	アクセス	特に、名児耶秀美さんの「作り手のエゴでデザインしたモノでは売れない、消費者への“思いやり=デザイン”である」「消費者への心にアクセスするモノづくり」「ゴミを作ってはいけない」
コンピュータ	アクセス	トップレベル・ブラウジングコンテキストが破壊された(その結果、永久的にユーザーからアクセスできない)場合、そのセッションストレージ領域に蓄積されたデータを破棄することができます
コンピュータ	アクセス	インターネットで情報検索する際、まず検索エンジンにアクセスしてキーワードを入力し、ヒットしたサイトの中から、いくつかのサイトにアクセスして、ようやく求めている情報にたどり着くというケースが一般的だろう
コンピュータ	アクセス	すなわち、Webサイトのように世界に向けて教材コンテンツを公開することになるメディアと異なり、アクセス権を限定できるグループウエアであるからこそ、著作権の関わる資料を鋭意電子テキスト化して読ませたりブラウズさせたりできるのは、このソフトウエアの大きなメリットと考えられる
交通	アクセス	そういう意味で、従来から、例えば空港、港湾、こういう交通拠点施設と道路というものは一体的に整備していこうということで努力をしておりますし、住宅とか学校とかこういう公共的施設についてのアクセス道路についても、これらの部局と十分相談をしてやっております
その他	アクセス	アクセス・ハリウッドによると、オバマ大統領はアフガニスタンについてのスピーチのテレビ放送で、クリスマス恒例のテレビアニメ「スヌーピーのメリークリスマス」の放送を邪魔したとして「この状態はいったいいつまで続くんだ」との書き込みがネットで見られた
交通	アクセス	しかし、一方で多様化したアクセスにより交通の便が更に今よりよくなった時、この地域は単なる通過地点となってしまう可能性もあるのではないでしょうか
交通	アクセス	チェックインまでの時間が短縮されるのは利用者にとっても魅力だが、成田に比べてアクセスの悪いことを考えるとあまり効果はなさそうだし、まして、不景気で車の需要そのものが冷え込んでいる中、この空港を利用する乗客が、近場はともかく東京や神奈川からはるばる遠距離をマイカ−を転がしてまでとはとても思えない
コンピュータ	アクセス	この DCIM ってディレクトリはもともとカメラで写したファイルの格納用らしく、iPhoneを繋げるだけで何もしなくてもPCからアクセス自体は可能なようですが見え方が歪められているのが面白いところです
コンピュータ	アクセス	作成当初はゆるい検索キーワードで大量のURLを抽出し、そのURLにアクセスしに行き内容をみて取捨選択する風だったので、Googleへのクエリ回数は少なかった
コンピュータ	アクセス	そういえばアクセス解析を見ていると健助殿萌同盟(上のバナー)からこのサイトに来ていただいている方がそれなりにいらっしゃるのですが、そういった人達のニーズには応えられていないんだろうなーと思って少し前から結構気にかかっています
コンピュータ	アクセス	5インチFD→開きたいデーター」 の方法で開こうとすると、他のデータは問題なく開くのに、 そのデータのみ、「読み取り専用であるかまたは読み取り専用の場所にアクセスしようとしています」とヘルプ表示され、何度行なっても開けません
コンピュータ	アクセス	当ホームページは法律の異なる全世界の国々からアクセスすることが可能ですが、当ホームページにアクセスされたお客様およびYSSトラベルセンターの両者は、かかる法律原理の違いに関わらず、当ホームページの利用に関して日本国の法律に拘束されることに同意するものとします
コンピュータ	アクセス	アクセスログを分析するためのさまざまなツールがありますが、集計の前に、こういったロボットのアクセスを含める、含めないといった集計の設定を多くのツールで行うことができます
コンピュータ	アクセス	また、ハードディスク/光ディスクアクセスランプの点滅と合わせて、本体から小さな音がする場合がありますが、これはハードディスクの動作によるもので異常ではありません
コンピュータ	アクセス	ウィルスやワームは、メールへのファイル添付やWebアクセスによる進入とメディアからの進入がほとんどですので、メールの受信制限やWebアクセス制限、それから、メディア利用時のウィルス感染チェックが有効です
交通	アクセス	アクセス:名古屋より 車/東名阪~四日市IC~東名阪自動車道四日市ICから約13km 車以外/近鉄特急で四日市駅乗換、湯の山線湯の山温泉駅下車 大阪より 車/西名阪道、名阪国道25号、東名阪~四日市IC~東名阪自動車道四日市ICから約25分 車以外/近鉄特急大阪線四日市駅乗換、湯の山温泉駅下車
コンピュータ	アクセス	しかし(ブラウザの普通の設定では)一度アクセスしたファイルは「インターネット一時ファイル」(多分、C:\Windows\Temporary Internet Files)に一時的に保存し、次回のアクセスではPC内に一時保存されているファイルを利用することで毎回サーバから転送する時間を省くようになっています
コンピュータ	アクセス	既に設置しているアクセスカウンタの番号を変更するには、「アクセスカウンタ修正フォーム」の「カウンタネーム」にご自分のカウンタ名と変更したい数値を「カウンタ初期値」に入力して下さい
コンピュータ	アクセス	この記事の内容やニコニコ動画へのアクセス数が本当に減少しているかは置いておくとして、この記事を読んで思い出した事は、数字やデータの恐ろしさです
コンピュータ	アクセス	実際、ラクティスブログにアクセスするユーザーの多くは、ラクティスという車の情報を知りたいわけではなく、佐藤隆太のファンとしてアクセスしてくるケースの方が多い
交通	アクセス	アクセス 地下鉄南北線「真駒内駅」下車中央バスで約 35分 地下鉄東豊線「福住駅」下車中央バスで約50分 中央バス滝野線「滝野すずらん丘陵公園東口」停留所下車徒歩で約5分 中央バス有明線「滝野すずら丘陵公園東口」停留所下車徒歩で約5分(中央バス有明線は夏季開園期間の土・日・祝日と夏休み期間の運行予定)
コンピュータ	アクセス	(4)イメージをネットワークなどを介して一度に複数のユーザーがアクセスできるコンピュータ上、または他の記憶装置デバイスに保存することはできません
その他	アクセス	ただ、犯罪的な側面だけではなくて、不特定多数とのアクセスが容易になっているという状況は、子どもたちのメンタリティー自体にも非常に影響を及ぼしている可能性があって、それは、1対1の対人関係というものがごく当たり前だった時代に比べて、いつでも多数の人に容易にアクセスできるということで、対人関係の質が非常に変わってきているということです
交通	アクセス	同路線を通称“成田スカイアクセス”とよび、北総鉄道と成田新高速鉄道の両沿線を、空港への入り口にあたる街として通称“SKAGATEシティ”と呼ばれるようになりました
コンピュータ	アクセス	Windowsでは共有フォルダに“\\パソコン名\共有フォルダ名”というUNC形式でアクセスできるが、一部の古いソフトなどはUNC形式をサポートしていない
交通	アクセス	しかし、以前にも、北の屋台のHPのアクセスの地図から、坂本ビルの表記が消えていることを書いたが、北の屋台から「坂本」の文字を消したいのなら、中途半端なことは止めた方が良い
交通	アクセス	また、沿線(えんせん)集落(しゅうらく)から国道(こくどう)へのアクセスが容易(ようい)になることから、住民(じゅうみん)生活(せいかつ)の利便(りべん)性(せい)が向上(こうじょう)すると期待(きたい)されています
コンピュータ	アクセス	私は、昨日、今日とテレビ放映されていた時間に用事があったので見ることができなかったので、昨日の分については、昨夜にインターネットを使って衆議院のホームページにアクセスし、録画の画面でこの日の様子を全てを見た
コンピュータ	アクセス	たしかにこれは重要というか当たり前ですが、もっと大切な事が・・・・特にブログの場合は記事を書くとPNG等によりその時はアクセスがあつまりますが、更新しないと集まらない事が多いはず
コンピュータ	アクセス	データ運用管理 統合型GISでは、庁内の複数の部署に所属する多数のユーザーがデータに随時アクセスするため、データ運用上様々な問題や例外が発生すると考えられる
コンピュータ	アクセス	また、「光の道」の新会社「アクセス回線会社」の財務諸表のイメージは、現行の会計基準に準ずると、ソフトバンクの試算とは、かなり違う形になると考えられます
コンピュータ	アクセス	また、同じサイトにアクセスすればいつでも同じ画像をダウンロードできると思うと、最近はURLのショートカットファイルだけを保存して、画像そのものを保存しておくことは少なくなっている
コンピュータ	アクセス	アクセス解析では、その月のページビューを見ることでどのページにアクセスが多いのかを確認することが出来ますが、これからはわざわざアクセス解析を見なくても一目でランキングを把握することが出来るようになりました
コンピュータ	アクセス	ひかり電話、BIGLOBE、ひかりone、フレッツ光フレッツ、ブロードバンド、高速モバイル、インターネット、フレッツ、光 介護士、福祉、レク、介護 アクセス、ブログ、アクセスア・・・
コンピュータ	アクセス	WR8700Nなら、セカンダリSSIDに接続した機器は、インターネットへのアクセスだけできるようにし、プライマリSSIDや有線LANに接続の機器へのアクセスを制限できます
コンピュータ	アクセス	アクセスするだけで10ポイントもらえる「ポイントの森」と、アンケートに答えて30ポイントもらえる「一万円の館」で毎日40ポイントは確実にGETできます
コンピュータ	アクセス	インターネットを利用した詐欺や不正アクセスなどの犯罪が増加するなか、高校生に情報セキュリティについて理解と知識を深めてもらおうと開催されたものです
コンピュータ	アクセス	オープニングが70年代の映画みたいで(全体的に70年代チックな感じで、普通だったらNETにアクセスしてなんかやらかしちゃいそうなところを昔ながらのスリだとかでカード不正使用だったりとかして笑えますな)
コンピュータ	アクセス	アクセスの実に95%が海外からのスパム攻撃という有様で、数週間で膨大な迷惑コメントがたまった結果、ブログのコメント管理の処理能力を超えてしまい、アクセス不能でデリートも出来なくなりました
コンピュータ	アクセス	このような広告配信事業者は、 ユーザーの興味に応じた商品やサービスの広告を表示するため、当サイトや他サイトへのアクセスに関する情報( 主に検索キーワードかと思われます)を使用することがあります
コンピュータ	アクセス	最大は30程度で、大きいほど1秒間の表示数が多くなり 動画がスムーズとなりますが、ファイルが大きくなり、システムによってはファイルアクセス待ちで停止する場合がありますので、 ハードディスクの残り容量やシステムの性能を考慮して決定してください
コンピュータ	アクセス	NIKKEI NETは、1日約800万ページビューのアクセスを誇る日本最大級のビジネス・サイトで、サイト内に掲載された記事や総合企業情報(IR情報)、人事、株価といった、サイト内の情報検索サービスを提供してきました
コンピュータ	アクセス	ホームページのアクセス向上や資料請求率、売上のアップ、こうした目的のため、バナー、アドワーズ広告、ブログ、口コミといった様々なツールを広告手段として捉え、トータルにプランニング、コンサルティングを行います
コンピュータ	アクセス	日本語版ヤフーで検索できるサイト名としては本HPだけですが、内容に立ち入ってアクセス数で順番が出るグーグルに入れると、本「ネチズンカレッジ」は45万(昨年36万)件中4番目(昨年同)で出てきます
コンピュータ	アクセス	会社のインターネットから、 ブログ普及委員会、委員長の眞鍋かをりさんのブログがアクセス禁止になりました うちの会社のアクセス禁止の検索NGワードといえば、 WINNY、2ちゃんねる、出会い系、エロなどなど、ダークな
コンピュータ	アクセス	そもそも書き手からするとランキングというものは、自分のサイトのアクセス数と、それを他のサイトと比べる手段として大きな役割を果たし、さらにアクセスランキングは、読み手への大きな宣伝効果にもなる
コンピュータ	アクセス	って思う反面、恐ろしく昔からある大量の日記の過去ログにはアクセス解析をつけていないため、その辺のページビューがどれだけあるのかがわからない状態
コンピュータ	アクセス	たしかにtftpd経由のアクセスは、そこそこのアクセス制限がかかるわけですが、それでも、本来は読めないはずのファイルが、だれでも自由に読めるようになってしまうってねぇ・・・なんか勘違いしてるかなぁ
コンピュータ	アクセス	■ついついまた間があいてしまって申し訳ないというのは、少ないながらも日々懲りずにアクセスしてくれる人がいるわけで、まあアクセスの大半は誰だか予想のつく者らからのものだが、とにかくありがたいですねそれは
コンピュータ	アクセス	Webアプリケーションの脆弱性を狙った攻撃の増加により、ここ最近では当たり前となりつつあるWebアプリケーションの脆弱性対策ですが、2005年に注目を集めた不正アクセス事件のインシデント以前においては、Webアプリケーションの脆弱性対策の必要性は殆ど認知されていなかった問題でした
コンピュータ	アクセス	ファイルサーバーの中にはおのおのの部課内等の情報を蓄積し、市の共有情報としてどの部課等からもアクセスできるような体制を整えて効率化に向けたいと思っております
コンピュータ	アクセス	この5月14日に行われた第11回会合で提出された、「ソフトバンク株式会社提出資料(アクセス会社収支試算)PDF」について検討していきたいと思います
その他	アクセス	中海テレビ放送は現在43チャンネルを放送しているが、「地域ニュースチャンネル」や「イベントチャンネル」、「パブリック・アクセス・チャンネル」文字放送チャンネル「テレビ伝言版/交通情報」の4つの自主制作チャンネルをもっている
交通	アクセス	最寄りの向河原駅構内、および駅から会場までのアクセスに相当なバリアが想定されるため、以下の方はできるだけ1月31日(火)までに事務局までご連絡いただきますようお願いいたします
交通	アクセス	【レンズ】 180mm 【アクセス】 西栗栖駅を出たら三日月方向へ道なりに進み、相坂地区の小さい踏切を渡り、国道179号線へ出たところがポイント
コンピュータ	アクセス	「起動項目」フォルダに「WARPSTARアクセスマネージャのエイリアス」ファイルまたは「WDアクセスマネージャのエイリアス」ファイルがある場合は、それらのファイルをゴミ箱にドラッグ&ドロップしてください
コンピュータ	アクセス	Works は、そこそこのアクセス(と言ってもユニークで400/day程度だけど)があり、また Google でページランクの高いサイトからもリンクされている(ありがたい事でございます)ので、更新頻度の低い静的コンテンツではありますが、比較的良好なポジションを得られている、と言う事だと思います
交通	アクセス	・アクセス:南門(総門)前へ:京都駅からJR山陰本線「花園駅」下車、北へ徒歩約5分/三条京阪前から京都バス61・62・63にて「妙心寺」下車すぐ/四条烏丸から市バス91にて「妙心寺」下車すぐ
コンピュータ	アクセス	★嬉しかったのは、チャーリーがEmailで“わかちゃんが来たぞー”と発信してくれたのに対し、即刻、コキリがアクセスしてくれていて、それを満面の笑顔で私に報告してくれる
コンピュータ	アクセス	アクセス制御を適切にアップグレードしてなかったり、パッチを当てていなかった場合には、不正アクセスしたものの量刑に影響するよ、ということでしょうか
コンピュータ	アクセス	HDDにアクセスしたらフリーズして何やってもダメだったので強制的に電源切ってもう一回立ち上げてからマイコン見るとHDDが消えてなくなっていてHDDに触っても全く動いてませんでした
コンピュータ	アクセス	一応一つのブラウザで何度閲覧してもそれは1回と数えている様だが、記事中の「大学生はネットに精通しており、自動的にアクセスを繰り返すプログラムの利用などさまざまな手段を駆使して、人為的にアクセスを増加させたという
コンピュータ	アクセス	Windows VistaでDVDなどのデータを開いたままスリープ状態にし復帰後に再度DVDなどのデータをアクセスするとエクスプローラが「応答なし」になる場合の対処方法
交通	アクセス	伊丹、関空、神戸の3空港問題を巡っては、これまで大阪府の橋下知事が、2035年に伊丹空港を廃止し、その売却で得た4900億円で梅田と関空をリニアモーターカーで結び、関空のアクセス向上を図るとしていました
交通	アクセス	また、住宅に関しては、公共施設において様々な子育て支援施策を充実させるのと同時に、そのサービスを受けやすいよう、公共施設へのアクセスを充実させる必要もあります
交通	アクセス	今後、函館圏域の要望事項として、北海道新幹線の新函館駅(仮称)と函館新道(七飯町峠下方面)を結ぶ北側アクセス道路の整備促進を道、関係機関に働き掛けていくことを確認した
コンピュータ	アクセス	「都市秘境探検システム」にアクセスしていただいて、「札幌2」、カテゴリー「店」で選択してもらって、登録されている「patisserieYOSHI」をクリックしていただければ、吹き出し表示つきの下の画面が出てきますので、吹き出しの中の店名をクリックしてもらうと、店の写真を見ることができます
コンピュータ	アクセス	私のほうではこの急激なアクセス増加の理由は把握してないんですが、私が運営している他のブログも最近軒並みアクセス数が急増しているところを見ると、各ブログ間の相乗効果が表れてきているのかもしれません
コンピュータ	アクセス	もともと片手間で実験的につくったせいもありますが、このサイトの構築当時はSEOやアクセス解析などに着手していなかったため、そういう側面からも情報設計が曖昧ですし、ウェブサイトでどのようなコミュニケーションをするかというプランが不在でした
交通	アクセス	また、交通アクセスの改善につきましては、公共交通機関(バス・タクシー)の利用促進や自家用車の乗り合わせ等が現時点で対応可能な渋滞緩和策ではないかと思っております
コンピュータ	アクセス	5月25日(「絶対、マスコミの責任だよな」)までの5日間のアクセス数の1日平均と比べると、落ちることは落ちたのですが、総アクセス数で25、アクセス者数で44の減少でした
コンピュータ	アクセス	当サイトは、ご訪問いただいたた時間、お客様のアクセス元のホスト名、OSとブラウザのバージョン、リンク元のURL、モニターの情報等のパソコン環境情報を収集し、アクセス解析をしております
交通	アクセス	首都のマドリードに住んでいたので何処に行くにもアクセスも便利だし、スペインは縦長で山の多い日本と違って、比較的平地な国なので、どんな交通手段をとっても旅しやすいのです
コンピュータ	アクセス	近年のインターネットの普及ならびに医療関係のデータベースやコンテンツの充実、また病院内LANなどのインフラの整備により、何時でも何処からでも容易に優れた医療情報にアクセスすることができるようになりました
その他	アクセス	持ち運ぶコンテンツを取捨選択させるのではなくライブラリすべてを持ち運べるあるいはアクセス出来るがこの手のデバイスの醍醐味だと思うのでこの点を考慮していただけるとうれしいです
コンピュータ	アクセス	下記サイトにアクセス、会場の展開図に作品の写真がオーバーラップしいるので、気にいったのをクリックすると見られるという、バーチャル・ツアーをすることができます
コンピュータ	アクセス	実は、履修が正式に決定する日には、それを確認しようとする学生から許容量を超えるアクセスがあったのだが、Juniper SA側のアクセス制限機能がうまく働いて事なきを得ている
コンピュータ	アクセス	鳩山由紀夫首相が分かり、JR東海は午後3時15分ごろ、自宅近くのホームページ(HP)に運ばれたが上申書を認めて使われていたことが不正アクセスし、プログラムの疑いで、都城市の国道222号で、宮城県警大河原署などは病院によると、男性車掌は21日夜、母親(79)の疑いで、母親の疑いで、無職、広町博司容疑者(46)=東京都北区=を受けた52人の運行状況や男女2人を脅迫
コンピュータ	アクセス	月曜日〜日曜日まで毎日メールで送られてくるURLにアクセス(毎日あるとは限りません)すると、ひらがなが表示されるので、それを集めて、ある文字列にして、このページから送信すると、抽選で毎週30人に777P当たる
コンピュータ	アクセス	ミクロなサイトで、本当に一部の小説登録サイトに登録してくるだけなのだけれども、普段の倍以上のアクセスがあるから、やっぱり登録サイトって偉大だと 思う
交通	アクセス	直通バスについては当方会場までバスを利用したことが無いのでお答えできないのですが、ビックサイトのHPに行けばアクセス方法として載っているのではないでしょうか
コンピュータ	アクセス	音沙汰無しなのに、ブログにだけアクセス履歴が残ってそれにも嫌気がさして、もう、私の存在、行動は、一切彼にわからないようにしようと思い、ブログを閉鎖しました
コンピュータ	アクセス	しかしながら、機密情報の格納場所とアクセス権限を細分化し、適切に管理することで、一回の不正アクセスによって生じる情報漏洩被害を小さく抑えることができます
コンピュータ	アクセス	このようなプロキシサーバを用意しているプロバイダでは、 あるユーザーがいったんアクセスしたページは、プロキシサーバのキャッシュのハードディスクに保存されます
コンピュータ	アクセス	だから ブログの方のコメントは、mixiとほぼ同じ内容の日記を上げている為、コメントは少なくなり、ブログの扱いをどうしようか考えていましたが、これだけアクセス数があるなら、まだまだ価値があるってことですね
コンピュータ	アクセス	テレビなら地方によってネット局が違うこともあるが、インターネットならだいたい自分の家の近くにアクセスポイントがあるし、全国共通のアクセスポイントを持っているプロバイダーもある
コンピュータ	アクセス	また、お客様が当社ウェブサイトへのアクセスに起因して、お客様のパソコン、周辺機器、ネットワーク環境等において、ソフトウェアやハードウェア上のトラブルが発生し、それによりお客様に直接的または間接的な損害が生じたとしても、法令により要請される場合を除き、一切の責任を負いません
コンピュータ	アクセス	読む・アクセス情報、編曲青木望、編曲青木望、グルメ検索、ふさのように、歴史文化財、、グルメなど、イベント情報情報名古屋国際会議場電子パンフレット臨時駐車場トップページアクセス情報サンクスプレゼントエルモールキャンペーン
コンピュータ	アクセス	(14) 本サイトのセキュリティホールやバグの利用・不正アクセスや人為的な高負荷アクセスを発生させる行為、本サイトによりアクセス可能な本サイト又は他者の情報を改ざん、消去する行為、他者の設備又は本サイト用設備(本サイトがサービスを提供するために用意する通信設備、通信回線、電子計算機、その他の機器及びソフトウェアをいい、以下同様とします
コンピュータ	アクセス	そもそも、このブログはyuraku_loveさんのように、本業を他に持ちつつも不動産・株・REITに投資する人が多くアクセスしていると思いますし、私が「個人」という時は自分も含め「不動産オタク」ではあるが、本業とはしていない人を念頭に置いてます
コンピュータ	アクセス	何のことはない、不正アクセスがあるかと思いきや、その数字の前半の8桁ほどの数字はIPアドレスといわれるもので、つまりモデムが発信する数字記録なのだ
コンピュータ	アクセス	」と述べているが、T氏が弊ブログにアクセスされたのは十八時十七分十三秒と十八時十九分四十一秒の二回のみであり、午前中はまったくアクセスされていない
コンピュータ	アクセス	当社は個人情報の正確性及び安全性を確保する為、個人情報へのアクセス管理、持ち出し手段の制限、不正アクセスおよび、漏洩、紛失、破壊、改ざんなどに対しては、合理的な安全対策を講じるとともに、万一、漏洩等個人情報に関する事故が発生した場合には、再発防止策を含む適切な対策を速やかに講じます
コンピュータ	アクセス	ですが、家計簿ファイルなど、両親が見る必要があって、子供たちは見る必要がないといったように、ユーザーごとにフォルダやファイルへのアクセスを許可/拒否したい場合があります
交通	アクセス	アクセス:クルマ=磐越自動車道郡山東ICから県道54号経由で約6km 駅から=JR東北本線郡山駅からタクシーで約15分(4から11月は送迎バスあり)
その他	アクセス	私はアノレヲさんに恨みはありませんが、「あなたもできるアクセスアップ」という記事には辟易していて、目に留まるたびに批判するということを繰り返しています
コンピュータ	アクセス	マッキントッシュ側でFTPDを起動し、ウィンドウズ95側でアクセスに行く場合は、FETCHを動かしておけば、インターネット・イクスプローラ、あるいはネットスケープでアクセス、転送ができると思います
コンピュータ	アクセス	当社が取り扱う個人情報の紛失、滅失、毀損や漏洩、あるいは個人情報への不正アクセス、破壊、改竄などの行為に対して、適切な予防措置、セキュリティ対策を講じ、予防ならびに是正に取り組んでまいります
コンピュータ	アクセス	アクセス解析によって相手を特定し、アクセス禁止にしたり、相手のプロバイダへ苦情を申したてて、何らかの対策をする事もできる場合がありますが、悪意に満ちた人物には、いくらでも抜け道があるものです
コンピュータ	アクセス	きっかけは3、1のアクセスポイントROAD4が近く閉鎖になるからで、3、1の侭ROAD7に繋げる方法もあったが、この際一挙に95に切り替えた方が良策と考えたのである
コンピュータ	アクセス	情報セキュリティへの対策ニーズは、「不正アクセス対策」や「情報漏洩対策」などから情報マネジメントによるコンプライアンス対応と、さらには内部統制に向けた情報セキュリティガバナンスへと拡大しております
コンピュータ	アクセス	私がコミヤマさんに期待するのは、アクセス解析と面白エントリと面白俳句なので、今のところ有料サービスにあまり魅力を感じないのですが(「短冊に一句書いてくれる」は気になるけど)、
コンピュータ	アクセス	◇「ケータイは電話だと思って疑わない人が多い」、「ケータイからインターネットにつながり、子どもは有害な情報にアクセス出来る、これは日本だけだ」、「アメリカのメディア研究者は、日本の子ども達が使っているケータイの利用の仕方を大変心配している」現代日本の病理をえぐるような下田教授の言葉に私たちは時が経つのも忘れて耳を傾けた
コンピュータ	アクセス	これがブログのアクセス数として多いのか少ないのかは判りませんし、ウェブのアクセスがすなわち「読んだ」というコトではないのは知っていますが、それでも何人かが頻繁にこのブログを訪れてくれたことは確かなようです
コンピュータ	アクセス	弊社Webサイトへのアクセス、もしくは、コンテンツあるいは弊社Webサイト上で提供されるその他の情報又はサービス等のダウンロード及びその使用に起因して、お客様又は第三者に生じるすべての直接的、間接的又は付随的損害、逸失利益もしくはデータの消去等に関し、弊社は一切の責任を負わないものとします
コンピュータ	アクセス	当社は、個人情報の紛失、破壊、改ざん及び漏えいなどを防止するため、不正アクセス、コンピュータウィルス等に対する適切なセキュリティ対策を講じます
コンピュータ	アクセス	不正アクセス、ウイルスはパッケージソフトの時代の性病、感染ねずみ算式「複製」からその姿を大きく変えインターネットでは「接触感染」から「空気感染」に変えた
コンピュータ	アクセス	特定ユーザーにのみアクセスが許可されたフォルダをバックアップ先とした場合、あらかじめユーザー名とパスワードを設定しておく事でバックアップや復元時のみ自動ログインを行う事ができます
交通	アクセス	経済効果及び、他の都道府県からの国際路線のアクセスを 良くする事により海外への入・出国が容易になるので 観光客やビジネスにおいてもさまざまな付加価値が付くと思いますので、羽田が成功したら、実施の必要はあります
交通	アクセス	このような中で、具体的なと申しますか、初期投資が少なくなるようなアクセス道を検討いたしまして、その中で駅広でございますとか、駅舎の検討を行ったところでございます
コンピュータ	アクセス	お客さまが本ウェブサイトにアクセスし閲覧する際に、お客さまを特定できるような住所、氏名などの個人情報をご提供いただく必要は原則としてありません
コンピュータ	アクセス	従来のデータウェアハウスで使われるRDBMSでは、各ツールがデータベースにアクセスしてオブジェクトを作成・操作するための各ツールごとのインターフェースが必要です
交通	アクセス	酒田港の物流機能を充分に発揮させるための交通アクセスがきわめて貧弱・脆弱な現状を再認識するととともに、今後、庄内地域の交通インフラをどのように考え、実現するためにはどうすればよいか、庄内地域が一丸となって考えるべきときである
コンピュータ	アクセス	NETネットワークとお客様のネットワークをアクセス回線で接続し、BREW対応端末からお客様のアプリケーションサーバへの閉域通信を提供するサービスです
交通	アクセス	バスなどの大型車両のアクセスとしましては、市長から先ほど答弁の有りました都市計画道路江川牛袋線、中野畑沢線から現在久津間保育園まできれいな整備が出来ていると思いますが、それを航空自衛隊の前まで抜いていただくことはとても重要だと思います
コンピュータ	アクセス	アクセス解析CGIというのは「サーバー管理人ではない(サーバーのログを読めない)ウェブページ制作者yamadaがアクセス者のIPを抜くために行う行為」です
その他	アクセス	看護活動を行う際には人々の「個人情報」へのアクセスが不可欠であることから、上記倫理綱領第5条では、「看護者は、守秘義務を遵守し、個人情報の保護に努めるとともに、これを他者と共有する場合は適切な判断のもと行う」ことが、明示されている
コンピュータ	アクセス	しかし、インターネットは、アクセス回線のブロードバンド化、モバイル化などさまざまな形態で用いられるようになってきているため、インターネット端末のすべてが同一のプロトコル処理、同一の制御パラメータを用いて通信することが最適ではなくなっている
コンピュータ	アクセス	一応は、プロバイダに「直接アクセスポイントが公開されることで掲示板が荒れたりもするので、アクセスポイントの情報を数字化するなどの対策を」とメールをしておいたが、まあ、変わることはあるまい
交通	アクセス	想像してたよりもアクセスが悪くグランドキャニに行くバスは一日2本程度しか走ってなく、帰りのバスも5時頃ということで、期待していた朝日も雄飛もみることができませんでした・・・
その他	アクセス	『BATTLE TALK RADIO アクセス』(TBSラジオ)生出演の同日、2006年8月2日に行われたWBAライトフライ級世界王座決定戦・ファン・ランダエタ対亀田興毅戦における、亀田の判定勝ちには、この試合を中継していたTBSの社員からも疑念から来るどよめきが起こり、そのTBSの関係者から「どうせ大阪の番組でボロクソ言うんでしょ
コンピュータ	アクセス	ホームページのアクセスが増え町内の関心が高まれば今より加入者も増え、自然に東西のバランスが保てるようになってくるとは思うのですが、そのためにはせっかく作ったホームページ、19年度はどれだけの人にアクセスしてもらえるかが課題と思います
交通	アクセス	篠山口駅以南の複線化により、大阪駅へのアクセスが飛躍的に便利になり、JR東西線の開業で大阪市内や大阪東部、奈良方面とのアクセスも充実したことで更に利用者が増加した
コンピュータ	アクセス	・ファイルアクセスで問題(ProgramFiles等はシステムフォルダなのでセーブ書き込みできない制限→ユーザディレクトリにリダイレクトされて一応互換性ある)
コンピュータ	アクセス	[93] ファイルを開こうとすると"ファイル名にアクセスできません"ファイルは読み取り専用であるか、または、サーバー上に保存されているドキュメントから応答がありません・・・とでます
コンピュータ	アクセス	先ほどまでfc2はサーバー負荷でアクセス遅いし、URLとタイトルを取るために水瀬ケンイチさんのブログを訪れる度に記事を読み込んでしまったりで、やっとリンク貼れました(笑)
交通	アクセス	アクセス:車/松山ICから松山市内へ約20分~松山IC~国道196号本町6丁目電停北、整肢療護園から北西に300m 車以外/松山空港より車で約20分東京より
コンピュータ	アクセス	当社は、お客様に関する個人情報の取り扱いについては、正確性を保ち、これを安全に管理すると共に、個人情報の紛失、破壊、改ざん及び漏洩等を防止するため、不正アクセス、コンピューターウイルス等に対する適正な情報セキュリティ対策を講じます
コンピュータ	アクセス	ゴメン例えが悪かったわw 主婦に限らずカリスマって言葉を安売りしてるのが嫌って言いたかっただけなんです 辻の場合は、掃除、料理、育児みたいな主婦業が秀でているわけじゃなく どれも普通だけど、ただの日常を書いただけのブログがあれだけアクセス数伸ばしてて それってやっぱり、カリスマ性はあるのかなぁと思ったりもする
コンピュータ	アクセス	「ページビュー」や「アクセス数」が、同じ人の複数回のアクセスもすべてカウントするのに対し、純粋な訪問者数を把握するのに用いられる指標が「UU」です
コンピュータ	アクセス	ただブログランキングの場合は恐らくエントリー更新状態を見て人がやって来るので、エントリー更新のペースが早いほどランキングサイトからのアクセスが増えるようです
コンピュータ	アクセス	何かのファイル、または、ファイルシステムのどこか、またはハードディスクのどこかのセクタに異常が発生していて、たまたまそこにアクセスしたときに、カーネルパニックが発生して再起動していた、とかいう可能性はあります
コンピュータ	アクセス	これはつまり、最初にアクセスしたページだけを見て帰ってしまったセッションの比率であり、何らかの動機でアクセスしてきた来訪者の情報ニーズに応えられなかった可能性があります
コンピュータ	アクセス	アクセスが増えるブログランキング■「ブログセンターのブログを見る・検索する」といった行為でもランキングのポイントがアップいたしますので、まだ自分のブログのアクセスが少なくても、努力しだいでランキングの上位に入ることが可能です
コンピュータ	アクセス	“ 掲示板サイト「2ちゃんねる」(2ch)で3月1日に大規模な障害が発生し、アクセスしづらい状況が続いている問題で、2chサーバが置かれたデータセンターの運営企業は「米国公的機関に対し、米国企業に対するサイバーテロとして調査依頼する準備をしている」という
コンピュータ	アクセス	当サイトは法律の異なる全世界の国々からアクセスすることも可能ですが、本コンテンツにアクセスされた方及び当所の両者は、当サイトの利用に関して日本国の法律に拘束されることに同意するものとします
コンピュータ	アクセス	携帯アクセス可能♪プロ野球・レンタルビデオ・newCD・ゲーム・富士五湖天気などの情報提供☆言葉遊び・星占いもあるよ♪日記・掲示板あり☆病気チャートは更新中★
コンピュータ	アクセス	バスが混雑している場合や、キャッシュフィル実行中で新たなキャッシュフィルが出来ない場合にModeifiedモードから移行し、用意が出来次第、Invalidモードへ移行し、メインメモリへアクセスします
コンピュータ	アクセス	日付別のホームページのアクセス数を集計、どこからアクセスがあったかを表示、逆アクセスランキングのページを自動で作成、帯専用ページ、アダルト系のサイトにも対応
コンピュータ	アクセス	スペインのベンチャー企業が立ち上げたプロジェクトで、個人宅のアクセスポイントに専用の無線LANルーター「La Fonera」を設置、アクセスポイントを他人と共有できるようにする
交通	アクセス	国会見学に行くのなら、その前に白井市に立ち寄って(白井市にはアクセス特急も止まらないので不便だが)北総鉄道に補助金を支出することを2度も拒否する議決をした議員10人衆と地方自治に関して討論会をするという企画はどうだろうか
コンピュータ	アクセス	(1)アクセス解析プログラムによって収集した情報は、当社が提供するサービスを円滑に運営するため、また、当ホームページをより良くするための参考として利用します
交通	アクセス	関西経済は長期不況から漸く脱し、再び立ち直りの兆しを見せつつありますが、京都・奈良へのアクセスも含め、広域に亘り利用客にとって、極めて利便性の高い大阪国際空港の機能縮小が、関西の景気回復の支障となることが、懸念されるところです
その他	アクセス	このアクセス指定子により、派生クラスや全く無関係なクラスが基底クラスのpublicおよびprotectedメンバにアクセスできるかどうかを決定できる
コンピュータ	アクセス	これではシステムの構築が出来ないので、社内のあちこちに散乱しているデータを整理統合してオープンファイルシステムとし、誰もがアクセスできる状態にするまでに約1年を要したというわけです
コンピュータ	アクセス	ユーザーの情報を収集、共有するウェブサイト ユーザーがアクセスしたページをトラッキングするインターネット サービス プロバイダや雇用主 無料ダウンロードなどと一緒にインストールされ、キーストロークを記録するマルウ
コンピュータ	アクセス	また、自分のブログの閲覧者がどのようにアクセスしてきているかを、リンク元、検索エンジン、検索キーワード、OS、ブラウザの観点から知ることができます
その他	アクセス	こういうやり方ができるってことは、言い換えるとシンセのアフタータッチ機能にアクセスしたい時、必ずしもアフタータッチ対応キーボードが必要なわけではないという意味でもある
コンピュータ	アクセス	何人かの方にご協力いただいて、登録外の人気サイトを探していただいたのですが、晴天百景が20万アクセスを突破しているくらいで、100万アクセス達成サイトなどは見当たらないようです
コンピュータ	アクセス	ソフトウェア動作キーは、メモリのオプションコード領域に書き込まれたオプションコードを更に含み、これは、ワイヤレスインターフェースを介してアクセスされた際に、特定の構成で動作するようにマシンに指示するのに好適である
コンピュータ	アクセス	アクセスできたはずなのですがチェックが甘かったのかその後の『スパイウエアパターンファイル』『スパイウエア検索パターンファイル』『インテリトラップ除外パターンファイル』の影響なのか
コンピュータ	アクセス	公開した当初は、48時間で100万アクセスが集まり、本当にびっくり(というかわたわた)して大変だったのですが、おかげさまで今では毎日300万以上ものアクセスを頂いています
コンピュータ	アクセス	使用方法は簡単で、同社が運営する専用サイト“悪意のあるソフトウェアの削除ツール”にアクセスし、Webページ下部にある[PC が感染していないかチェックする]ボタンをクリックしてActiveXをインストールするとローカルドライブのスキャンが始まる
コンピュータ	アクセス	また、取得した個人情報について、適切な安全措置を講じることにより、個人情報の漏洩、滅失またはき損の防止また個人情報への不正アクセスを防止することに努めます
コンピュータ	アクセス	入試当日の「これから帰るよ〜♪」という電話の声と、帰宅後の「面接では、目が生き生きしている、強い意志を感じる♪って、学長から言われた♪」と言っていましたので、大丈夫だとは思っていましたが、大学のHPにアクセスし、受験番号を確認するまでの「ハラハラ・ソワソワ・ドキドキ」の心境を、親として久し振りに味わいました
コンピュータ	アクセス	右の『相互の情報データ掲載』とは、被告人が、『エフエルマスクサポート』に正犯者らのホームページへアクセスできるリンク情報データを掲載する一方、正犯者らに対しては、『エフエルマスクサポート』のURLを教えることにより、同人らをして『エフエルマスクサポート』へアクセスできるリンク情報データを掲載させたことである」というのである
