# スポーツ: テニスや卓球などで、たまを切るようにして打つこと。, 髪: 髪を切ること。また、その髪型。ショートカット, 映画: 小さいさし絵。映画の一場面。
その他	カット	BD版のブリットは、「吹き替え再生時に、TV放映でカットされたために自動的に字幕表示に切り替わるシーンで、字幕の表示タイミングが数秒遅れる」という不具合
映画	カット	切手の図柄には、明野町のヒマワリ畑や日本三大桜の一つ、武川町山高の「山高神代桜」、コメどころとして知られる武川町の田園風景のほか、世界初のハイブリッド列車が走るJR小海線など10カットの写真を採用
映画	カット	観た人それぞれにとって大事な瞬間、自分だけの映画のワンカットが記憶に焼き付いてしまうことこそが、スクリーンで映画を楽しむ醍醐味ではないでしょうか
髪	カット	3週間・1ヶ月後も落ち着いたスタイルが持続するカット技術・質感の柔らかさ、シルエットを重要視したパーマスタイル・髪型・季節に合ったカラーリング♪来れば納得
その他	カット	久しぶりに1pc ロッドを作ろうと作業を始めたら、火入れで思いっきり焼きムラを作ってしまい、とてもそのまま仕上げる気になれず、焼きすぎて焦げてしまった部分を除いてカットし、更に1セクション分追加して、3pc ロッドになった竿です
その他	カット	3 のUVカットファンデーションが、太陽光線で温度が上がらないのは、その効能からしてもっともと解釈できますが、実際にはUVカットではないファンデーションが、太陽光線を良く吸収しているということのようです
髪	カット	≪理容業≫ ○カット・パーマ○カラーリング○シェービング ○フェイシャルエステ・その他初級スタイリスト等これからのレベルアップを目指す方も歓迎
髪	カット	自宅でもおしゃれに髪を切ることができる画期的セルフカットアイテム「カットちゃんのおしゃれヘアー教室」(株式会社CSC開発)が、楽天市場でも買えるようになりました
その他	カット	それはやはり精度の面でもスピードでもカットされやすくマークも受けやすいもので上手くいきませんでしたが、この試合ではよくシュバインシュタイガーが引き出す動きをして、ここを経由してサイドチェンジも出せていますし、縮まった距離からパスを出せることでそれなりに足下へボールを出せていたのは好材料でした
髪	カット	○カット技術に自信あり○クセ毛のお悩み解決○エクステやってます○ネイルやってます○ヘアエステやってます○ヘアカラーなら任せて○完全禁煙サロン○スタイリング指導します
髪	カット	チョップカットは殆どやらないので、良く分かりませんが、毛先にハサミの先を引っ掛かるよう、斜めに滑らせ(刃先を毛先にぶつけるように)カットしています
映画	カット	マイケル・ベイのアクション演出はエドガー・ライトら若手監督に影響を与えているらしいけど、あのブレブレの手持ちカメラ撮影と、ひと昔前なら「MTV的」と評されたであろうカット割りは、どうも好きになれんなあ
その他	カット	家庭では冬瓜1個を丸ごと買うことはあまりないと思いますので、お店ではだいたカットして売られていますが、まるで大きなボールのようで人にパスしたくなるような長円筒形をしています
髪	カット	「とにかくいいと言われてるのよ」と、市販リンス使って、ヘアケアトリートメント擦り込んで、ムースや油をぬったくって、紫外線カットスプレーして、セットスプレーでコーティング
髪	カット	自分なりの工夫は、フォルムを構成しているベース部分をハサミでカットした後で、毛先の収まりを良くしたい理由から、毛先にはレザー処理を施していく技法を用いていました
映画	カット	29日に日本での公開を控えた『良い奴、悪い奴、変な奴』は、日本での上映版でイ・ビョンホンの出演シーンの中で、指を切るシーンをカットして上映することにした
髪	カット	今回もいつものようにトリミングして下さいとの事以前はロングだった花ちゃん、カットダウンしてすっかり今のスタイルが定着しましたね今日はトップの毛を2つに分けて三つ編を2本にしてみましたおリボンも2つつけて飼い主さんがお友達なのを良いことに少々遊んでしまいましたでも飼い主さんは喜んでくれました
髪	カット	今回から、髪を切るのが辛くなってきたので、ゆき♪さんにカットしてもらったフルウィッグを利用しました♪ ココアブラウンなので、地毛とあんまり変わらない色合いで、はっきり言って気付かれなかったです(笑)(しかも人工皮膚がついているタイプなので、見た目もより違和感なしだったり)
映画	カット	~映画「ブレードランナー」のカットの1つ1つを分析し、映画ジャンル論の立場から、この作品がSF映画であるという以上に、ハリウッド40年代に登場した、極めて正当なフィルムノワールであることを解き明かす
映画	カット	映画でもワンカットで撮るものは非常に珍しいが、私の脳内映像もたくさんのカットで構成されていて、ぶちぶちきれたたくさんのフィルム、あるいはカットの切り替えのあいだに空白のある映画のごときである
髪	カット	宮崎のサロン・デ・ココにトリミングで来店するワンちゃんも様々で、トイ・プードルやシーズーのようなカット犬種から、ダックスやミックス犬のようなシャンプー犬種、ゴールデンやアイリッシュ・セターのような大型犬まで、いろんな種類のワンちゃんが毎日トリミングをしにやってきます
スポーツ	カット	始めのうちはなかなかなれずにボールをカットされていましたが、途中からディフェンダーの動きを読んでさらに選手の名前を呼びながら的確にパスを出していました
その他	カット	まろやかでメロディック、オーガニックなエレクトロニカものから、ヴォイス・サンプルをカット・アップしたオーガニックなブレイクビーツ的トラック、ヴィブラフォン・メインのFour Tet系トラックまで
髪	カット	大人の癒し個室空間でメンズエステ、男性顔そりシェービング、メンズヘアカット、頭皮ケア、眉カットができるメンズヘアカットメニューのご案内/東京都江戸川区
その他	カット	前項のロスカットはポジション全体ではなく個々のポジションに対して執行されるものであり、当該ポジションがロスカットレートに到達した場合には、他に利益が発生しているポジションや、保証金の追加預託があったとしても、原則、当該ポジションはロスカットに基づき決済されるものとします
その他	カット	カット割りが入らないドラマなんて成立するのかと思いながら観ていましたが、成立してしまいましたね、また銭形愛以外にも銭形シリーズにおいてはBS初作品が度々登場し 公開収録、ミュージカル、連続監督殺人事件の監督本人の出演の回、時代劇、山田広野さんによる活弁の回、確か『恋日2nd#26』においてもA面B面での全編活弁の回がありましたね
その他	カット	して寝起きの奴に見カットボール朝青龍=ヒール横綱塀内久雄=ヘイポー放送禁止用語に近いもしくはそのものなあだ名付けてる選手は多数辻栄蔵=ののたんステラボール木佐貫洋=ベリしかも梨沙子ヲタまさか二岡智宏が出てくるとは思いませんでした
スポーツ	カット	途中からラームがサイドバックより一枚高くポジションを取るようになって、左に偏りがちだった攻撃に右側の選択肢を作るようにしていましたが、オーバーラップのタイミングも縦の連動もない中である程度の動きは出来ていましたが、多くのパスはエヴラにやられてカットされてしまっていたし、ドリブルのチャレンジも出来ないままでした
その他	カット	というシーンでライダーの目を光らせるセンス、ダブルライダーキックもパワフルだし、ワンカットで見せるのは不可能と思われていたV3の必殺キックを見事再現してくれたのには、胸が熱くなる
髪	カット	つまり、カットの良否が評価を大きく左右するが、これは多くの練習量からしか修得できない技術であるが、本番のモデルは3ヵ月位からストラクチュアード・ヘアスタイルのために髪を伸ばしているので、本番モデルでのカットのトレーニングができなくなる
髪	カット	ウィッグをカットした後などにワックスやスプレーなどを使ってセットしておられると思いますが、やはりセットする時はウィッグ専用のワックスやスプレーなどを使った方がいいのでしょうか
髪	カット	メンズカットを載せらしてもらいます僕の地元の友達で毎回髪をやらせていただいてますタケウチ君です今回は束感と動きを出したショートスタイルですクリームタイプのワックスで艶も出しました毎回お世話になってますでは今日は仕事も終わりましたのでこれからタケウチ君とポカ温にいってきます
髪	カット	何か、髪型にぎこちなさがあると言うか、堅すぎるというか、お坊ちゃんカットというか・・・男性アナウンサーのアイドル化には反対ですが、前任の福澤さんは、朝はしっかり髪型が決まっていました
スポーツ	カット	攻撃時も常にエトーを離さずチェックしてエトーに簡単にボールを入れさせないようにする役割(本当ならこの仕事は危険察知&パスカット能力に秀でた明神が適役かと思う)
その他	カット	まず3兆円ありきで、3兆円の補助金カット、税源移譲という一つの目標、これはやはり目標がないと、みんな一生懸命にならないわけであり、必要なことであったと思っている
髪	カット	ヘアスタイルボブは、カットやパーマなどでアレンジの幅がひろく、ふわくしゅボブやエアリーボブ、小悪魔ボブなどという風にいろんな印象の変化が可能になってきたので、ヘアタイルのイメチェンをよくするひとにもお勧めです
映画	カット	ここでは、映画本編では描かれていない、終盤の「あるシーンの裏側」を描いている(映画本編からのカットを含む)出演は、玉山鉄二、マイコ、moumoon
映画	カット	監督の演出も、細かいカット割の多用によるスピーディな展開や、一ヶ所、意味の無い画面分割を使ってみたりと、いろいろ飽きさせないように工夫してるようです
髪	カット	○カット技術に自信あり○自然派メニュー体験できます○ロングヘアなら任せて○ショートヘアなら任せて○クセ毛のお悩み解決○髪をいたわるカラーリング○ヘアカラーなら任せて○スタイリング指導します
髪	カット	こんにちはお客様の笑顔に支えられ、入社6年目を迎えました山下と申します2月から、シーモール店のメンバーも少々変わり、新たな気持ちで頑張るぞと気合いを入れるべく、数年間ロングだった髪を、旬のボブにカットしました気分も変わり、心機一転、やる気です気分を変える事として、もうひとつ
その他	カット	» あなたのお人形5%カット 会社設立以来初と、ある会社 金妍児が女子SPで首位 浅田は6位、フィギュア四大陸選手権 台湾全島が“消費券特需”に沸く
スポーツ	カット	全体のチェイシングの意識も前半とはまるで別のチームであるかのように上がりましたし、それができるようになったことで、センターバックが相手を抑えておくばかりではなくパスカットを狙うために前へ出られるようになった
その他	カット	最近このスレ見始めたのに 今期から年収300万円カットだそうで 手取り1000万円切ってしまった模様 景気回復して来期にはココ戻れるといいなぁ 皆さんに御多幸あれ ノシ
髪	カット	「前髪を上に持ち上げ、前に引っ張るようにカットすると、目に髪が入らないですよ」「髪を少し薄くしてからカットに入りましょう」という坂田さんのアドバイスを受けながら、保護者のみなさんもヘアカットに挑戦
その他	カット	大幅にカットした台本で、俳優たちがテキストレジを加えて稽古場で懸命に「遊んだ」成果は、先人たちの優れた上演には及ばずだとしても、俳優の演技が愉快な作品に仕上がり、観客の大好評を得ました
映画	カット	押尾学の出演場面はカット 菊地凛子主演「トーキョー・ワルツ」公開決定菊地凛子が主演のスペイン映画「マップ・オブ・ザ・サウンズ・トーキョー」が、邦題「トーキョー・ワルツ 愛の音色」として劇場公開されることが決定した
映画	カット	「長石監督は脚本も書けるので、V3当時でもそうだったんですが、やりたいこと、狙ったカットがあって、こういうことを取り入れて欲しいんだと説明すると、即、脚本を直してくれていたので、僕にとってはすごく信頼のできる監督なんです
髪	カット	パーマ・カット・カラー・スタイリング・ストレートパーマ・縮毛矯正・トリートメント・シャンプー・デジタルパーマ・ダメージケア・入学式・卒業式・成人式・ヘナ・メイク・まゆ毛カット・まゆ毛カラー・まつ毛パーマ・毛髪・頭皮診断
その他	カット	ダイエット 太もも エクササイズのダイエット食品とは、原料の配合を工夫したり、特殊な食材を用いることで、通常の食品に比べてカロリーを大幅にカットした加工食品のことです
髪	カット	チョップカットで髪のシルエットが菱形に見えるようにカットした後スライドカットを入れ髪の毛束に隙間を作ることで少量のワックスでも束感、動きが出るようにカットしました
髪	カット	※カットモデル随時募集 (カット、カラー、パーマ基本的に無料になりますが、”特殊パーマ” ”白髪染め” ”リタッチ”などのデザイン性のない施術はお断りさせていただく事がございます) 要予約
髪	カット	―最近は、いろいろなヘアサロンでカットモデルをすることが多くなったそうで、その日も午後から裏原宿にある“ピチカート”というヘアサロンで撮影があるのだという
映画	カット	映画にはカットシーンがあって(監督はカットするなら監督の名前を削除して欲しいとまで言ったらしい)犬飼太吉が被差別部落の出身で少年時代にずいぶんと辛酸をなめたという場面がカットされているらしい
髪	カット	パンフレットを写したので見難いですがペットケア用のいすだそうで、長さや大きさも調整できてカットや爪きり点眼する時など固定できてチヨット魅力的な商品でした
髪	カット	本当は、ゆるくパーマをかけるつもりでしたが、現在妊娠中の私なので、肌が少し乾燥していることもあり、店員さんからのお勧めもあり、ヘアートリートメントとカットのみにしました
その他	カット	・野菜加工センター視察(レタスをカット、洗浄し、パッキングして出荷する野菜加工工場、レタスからジュースを作るジュースセンター、レタス・キャベツの残渣(さ)から炭を作るリサイクルプラント見学)
髪	カット	◆カット/シャンプー/ブロー込/ロング料金+¥1050◆つやカラコースはトリートメント込◆グラマラスカールコース¥9975◆髪状態によりお断りする場合有り
髪	カット	部分パーマの見せ場は「パーマのかかっている髪と、パーマのかかっていない髪とを、いかに目立たなく自然につなげられるか」です、無論そのつながりにはカットも寄与するのですが、一番大きな要素はパーマ時のロット系の選択と一剤の作用量のコントロールで、技術面ではワインディング担当技術者の修練したオーバーロットの限界値が重要に成ります
その他	カット	JUST ANOTHER LIFEについて文句言っている人がいますが、曲だけじゃなく、それ以外の様子も知ってもらうために曲をカットしているのをわかっていますよね
スポーツ	カット	要所でカットされると辛くなるので、早めに岬君にボールを持たせておくか、いっそのことこの試合岬君に一切ボールを渡さない(ディフェンス専門にする)等の工夫が必要かも
その他	カット	法人企業はこういう状況下で1番カットしやすい保険料の見直しを図ってきましたが、その理論的な裏付けを提供しているのがいわゆるリスクマネジメントです
その他	カット	なお、スキー(雪面からのフレネル反射をカットできる)はともかく、六大学野球など一般のスポーツサングラスは、偏光サングラスでないものが大多数だと思います
髪	カット	1970年代から1990年代初頭までのアイドルブームにより、健太郎カット、聖子ちゃんカットなどのパーマとカットを組み合わせた髪型が流行するようになった
映画	カット	皆さんご承知のとおりこの滝は遊歩道の橋から見て上部と下部がまったく別の滝のようでそれぞれ趣きがあります 写真に使われるのは川下まで降りて対岸から正面を撮ったカットで紅葉時にはきれいに色がついてやさしさと優雅さを感じます 上部は滑滝で結構上から流れているのでいつか機会があれば上から見てみたいなと思います
髪	カット	そこで問題なのはやはりヘアスタイルをカットテクニックのみに重点をおいて、本来のヘアスタイルのシルエットの構成要素である展開図を無視してストローク技術のみに皆力をいれ手首のひねり方・シザーの振り方などに皆頭がいっぱいで肝心のヘアスタイルを作るのにどの部分に髪の毛が必要か必要でないかといういわゆる展開図の発想が全く無かったことです
その他	カット	ニーマンスとレダがアンフェタミンをもう少し早目のカットで飲み干しておいて、堅くて動かないハンドルを回すところで効きはじめるという方が面白かったのでは
スポーツ	カット	中央大・山崎・180・82野球小僧評価・145キロ前後の速球にフォーク、カットボール、スライダーを巧みに配するテクニックで1年秋から5シーズンすべて防御率1点台の安定感
その他	カット	続いて、小松 弥生文部科学省科学技術・学術総括官から「科学技術や地域産業の振興のために、燃料電池の研究推進に協力して行きたい」との祝辞があった後、テープカットでセンターの開所を祝いました
髪	カット	カット、パーマ、コーンロウ、エクステンション、ダブルカラーリング、ヘッドスパ、クリームバス、リラクゼーション、まつげパーマ、デジタルパーマ等のトータルビューティーを提供致します
その他	カット	1番簡単で、野菜嫌いでも食べれるのがあるよ★ボールに適当に野菜をカットしたのをいれて、三杯酢・醤油・レモン果汁・塩・胡椒・オイルシーチキンをいれて、混ぜて30分くらいおいて、きれいに飾ればOK★クルトンを乗せたりしても簡単だし美味しいよ(^0^)
髪	カット	カットの仕方は質問者様の好みで良いと思います梳きすぎて地肌が見えるのが嫌ならそのままでもいいですし髪を立たせたいのであれば多少は梳かないと難しいかもですし長髪は禿るという話を耳にしますがこれには医学的根拠はありません不可抗力(物に引っかかって抜ける)等で短い人よりも長い人の方が注意しなければならないという事でしょうから
髪	カット	何時も縮髪矯正に東京から通って頂いているお客様が、今夜はメンテナンスカット&トリートメントにご来店頂けました、本当は前回の縮髪矯正からもう5ヶ月も経過しているので縮髪矯正し直したいのですが、東京からのご来店ですとなかなかお時間を取れないので毛先のダメージ毛のトリミングと、タンパク質補充重視のレシピのトリートメントで縮髪矯正のメンテナンスをさせて頂きました
映画	カット	その結末を巡り、原作者、脚本家、監督が大喧嘩をしたというエピソードが語られるも、今回の試写会ではラスト10分がカットされた特別編集版が上映された
その他	カット	ブーツカットが流行ってるときはブーツカット、 黒ジーンズが流行ってるときは黒のストレート、 グレイが流行色のときはダウンの色がグレイ、 ダウンはラインや着丈でトレンド物だと分かる
その他	カット	このティンクルカットは、『輪』のメーカーであるジュホウさんの特許製法で、素材の輝きを最大限に生かすカットによりダイヤのような輝きをもたらします
スポーツ	カット	変更直後はバランスが悪く中盤でボールカットされカウンターをされていましたが、アリソン選手が前目でボールをキープできるのと、松波選手のポストプレーにより攻撃に幅ができるようになりました
髪	カット	今回は若々しく今時のヘアースタイルをお願いしました、仕上がりはご覧の通り、四十路手前のおっさんがして良い髪型かどうか知りませんが、若返りました(恥;)カット後、妻と待ち合わせして、本屋に行く予定でした、写真スポッ
その他	カット	配線は、殆ど両端にコネクターが付いていますので単純に長い場合はカットして繋げばいいのですけど、先般購入したギボシは規格の抜け止めが付いているので、このキットのコネクターの一部は同じ物を使用していたので、長い配線はコネクターから端子を抜いて長さを決めて、新しい端子に圧着をしなおしててコネクターに差し込みました
映画	カット	民族を超えた若者の交流とぼんやりとした恋を描いた、英語台詞主体のこの映画はなかなか優れた映画でしたが、映画検閲で数々のシーンがカットされたりしたり、マレーシアの映画賞候補から外されたりした多少いわくのついた映画です
その他	カット	楕円を半分にカットしたような柄の部分が指の形に優しくフィットし、さらに「極細のクビレ」が全体の重量バランスを適切に保つことで、手との自然な一体感を生み出しています
映画	カット	現代でこそ、映画や、テレビドラマで普通にキスシーンは散見できますが・・・戦後の映画でさえキスシーンは、唇が触れ合うシーンのカメラアングルは、その状態が見えないように、頭の後ろ側からの撮影のようになっているか、あるいは、キスシーンそのものがカットされていました
映画	カット	"The Incredible Hulk"のファイナルカットについて、Marvel Studiosは収益性を重視してアクションの場面を増やし、上映時間を2時間未満とすることを求めたのに対し、ルイ・レテリエ監督とエドワード・ノートンはより瞑想的な映像と2時間15分の上映時間を要求、両者の間で論争があった、と報じられたようだ
髪	カット	カット、パーマでさらにお客様をはんなりとし、自信を持っていただき人生のパートナーになれるようなスタイリストになるように日々頑張って行こうと思います
髪	カット	カット講師も務めるスタイリストがクセを見極めた上で、髪の断面をそがずにカットしていくのでキューティクルが傷まず、2ヶ月後もサロン仕上がりのまとまりが持続
スポーツ	カット	右利きのカットサーブに慣れている選手は、相手がサウスポーと知っていてもカットが逆回転になることまでは念頭に置かないため、意表を衝かれてしまうのだ
映画	カット	ヘンに熱くならずに淡々とした古厩智之監督独特の演出の味わいが、試合のシーンは3分間カット割せずに2台のカメラで追ったというドキュメント手法と合致
映画	カット	ボストンで上映中のものは現時点ではまだ中途段階のもので、つなぎの部分が重なった粗雑なカットのまま上映しつつ、MGMの現像所から新しいプリントが届くのを待っている
髪	カット	今年はGWの最終日直前にトリミング予約を入れた段取りの良いママですっ 毎年GW終わりにドロドロに汚れて後悔ばっかりだったから、今年はちょっとがんばったのだ〜Qたんサマーかっとでつよ でもパパはこれ嫌いでつよお顔モフモフがいいんだって〜あたちのスリーサイズはないしょでち〜パンタロンかっとでつよ〜あたしもサマーカットされた〜
映画	カット	3枚組のDVDには、映画本編に加え、30年以上所在が行方不明だったという映像が発掘され、ファイナル・カットでは使用されなかった数時間にもわたる未発表映像を含む、映画のために撮影されたすべての素材を収録
スポーツ	カット	ドイツはこれまでのようにボールを動かすことに関して非常に長けていて、アルゼンチンのボールを奪う、パスをカットしてから味方へとボールを渡すところまでが早く、きっちりと奪うときにも味方が近くにいて受けられるポジションにいる
その他	カット	今回も大会直前に対戦相手が変更され、さらに練習でまぶたをカットするなど不運続きだったが、いざ試合が始まると終始プレッシャーをかけ続け、最後はPRIDEでは反則とされているヒジ打ちで地元のアンソニー・ペロッシュを下した
その他	カット	しかしながら、いたずらなコストカットがコース管理の品質低下を招き、コースコンディションを劣化させ、更なる入場者減を招くという悪循環の事例も少なくありません
スポーツ	カット	前に溜まってしまうと相手も同じように待ち構えてしまうため、それまではパスカットからカウンターを受ける機会がそれなりにありましたが、この形になったときには、ドリブルやキープの部分を奪われる回数が増えていました
その他	カット	また、カットオーバーの期日だけが決まっており、そこから逆算し、工程を均してできあがったようなスケジュールに何の信憑性もないことはわかっています
髪	カット	初回のカウンセリング・アンケートにご記入頂くと、メンバー特典としてカット・カラー10%OFF、パーマ20%OFF、縮毛矯正・デジタルパーマ30%OFFでご利用頂けます
その他	カット	それに不満を漏した江頭は、突如着ていたスーツを脱いで全裸となり、(映像はほとんどカットされていたものの)観客席に上がり込んでエンディングを私物化
その他	カット	“人間工学に基づいた立体裁断”により、ストレス無く男性自身にカッポリジャストフィットする感覚を最優先に、気持ちいいフィッテング感を追求したカット
髪	カット	ラ クープでは、自慢のドライカットの他に、デザイン性の高い「ゾーンカラー(多色染め)」や、髪を傷めない化粧品でかけるパーマ「パンプルムッス」などがイチオシメニュー
その他	カット	わたしのしているこうざは資産合計の30%になるとロスカットになるのですが、たとえば、資産100まんえんでレバレッジ2ばいで1万$をかうよりレバレッジ20倍で1万$をかったほうがしさん全体の%はおおきいですよFXでの法人かは、個人しさんのみのうんようでは、ほうじん化できないとのいけんもありますが、いろんなほうのごいけんをうかがいたいのですが、よいアドバイスをおねがいします
その他	カット	ただしこの状況はシナリオの本筋とは言えず、さらにはキーパーの負担とプレイ時間を増大させますので、キーパーは進行状態に応じて適当にカットしてもかまいません
その他	カット	だけどその結果、非常にわかりにくいドラマのように皆さん思っていらっしゃるかもしれないけれども、実はそれは台本のカットによるもので、『鎌倉三代記』は非常に不幸せな台本なんです
その他	カット	腕のツッパリ感を解消する「トリカット」仕様とストレッチ性のあるポリエステル65%(再生55%使い)・綿35%混バーバリー使いの高機能エコユニフォームを発売する
スポーツ	カット	また去年痛めた右肩の故障が5月に再発しましたが、トレーニングを重ねて下半身をきたえながら、カットボールを憶えて連日三振奪取を続け、パリーグを代表するオールスターの優秀選手やMVPとなり、また最高の投手だけに与えられる沢村賞も受賞しました
映画	カット	香港・中国の合作で前後編構成の超大作であるが、日本では、「西太后の残虐部分だけを強調する『ホラー映画』のような構成で一本の映画に短縮され、カット部分はナレーションでつなぐという奇異な姿で公開された」そうだ
その他	カット	「あ、すいません、ちょっとカット」とひろしが言うと、場面の角度が変わってここまで出てきた大阪万博の景色はスタジオセットだったことが判明し、どうやらひろしを主役にした映画を撮影しているという現況が明らかになるのだ
その他	カット	公務員攻撃は、既に国の出先機関廃止、自治体での人員削減、給与カット、民営化・非正規化、そして政府当局のパートナーとして労使協定路線で公務員制度改革・公務員法改正の先兵の役割を強める自治労、日教組等の既成労働組合指導部の「労働基本権の回復で労使関係が変わる」論(組織的デマ宣伝)をめぐって、決戦が現場で始まっています
その他	カット	台本上ですでに無駄な役はカットされているのですが、それでも足りないときは、演出の山崎清介さんがいつも手にしている人形が演じます(宿屋の主人とか、グレンダワーの夫人、貴族、伝令など)
その他	カット	高圧カットアウト(記号PC)とは、変圧器の一次側に設ける、ヒューズ付き高圧用刃形開閉器の一種でプライマリーカットアウトスイッチとも言い、屋外の柱上変圧器にもつかわれる
その他	カット	アルデンテになる頃には水分が無くなるので、そこに油とマ−ガリンを入れて、ミックスベジタブルと小さくカットした鳥肉を入れ、塩・コショウして醤油をさっとかけ炒めます
スポーツ	カット	※フォワードは短めにディフェンスは長めにカットしているケースが多いですが、選手のスタイルによって様々ですので、プレーに慣れてきてから自分の長さを見つけ出して下さい
スポーツ	カット	さらに低い位置での横パスは、出す選手に展開力がないこともあってパスミスやカットされやすいものになってしまって、奪われる位置の低さからカウンターで一気に裏を狙われる危険をはらみ、下手をすればそれを恐れてまたサイドバックの位置が下がってしまうところでした
髪	カット	矯正していない時は、湿気で髪がハネて・・イラッとして・・しょっちゅうカットに行っていましたが、矯正かけるとロングにできるのでカットの回数が減りました
その他	カット	ワタミねTKO勝ち 丸山相手がカットしたためTKO勝ち 試合自体は二時間もなく まあ楽しかったフジタジムの本日デビュー戦の選手はよったと思います
その他	カット	カットしても構わないエピソード(女性デーモンとの戦闘や、いじめっ子が食われる話など)がいっぱい入っていて、それを全部描こうとするからチャンポンみたいな作品になっています
スポーツ	カット	角度のないパスをカットされてカウンターを受けてしまったり、スナイデルに渡そうとしたボールやファン・ペルシーへ預けようとしているのも、ブラジルに競り負けたり跳ね返され、カットされてどうにも攻撃の形を作れていませんでした
映画	カット	まあそれはとにかく(汗、汗、)、「映画なり演劇なり漫画なり、仮想作品を思い浮かべ、それを文章に写していくのがシナリオ」ですので、映画作品ならカット割り、漫画作品ならコマ割が当然頭に浮かんでるはずです
映画	カット	演出意図を感じないせわしないカット割りに何を見せたいのか、感じさせたいのかがよくわからない演出に、これで何を伝えたいのかさっぱりわからないのです
映画	カット	映画編集業界では最終カットが終わって プリントしてから上映するまで俳優には絶対カットを見せるなというのが定説ですが(ブラッドピッドとかの大スターは別として)、 タブーを自ら破り二人にカットを見せました
その他	カット	さらに、凝固後40分以上の十分な熟成時間をおいてから、カット、 パック詰めされ、鮮度を保つため、ホットパック水槽(水温3°C以下)にて急速冷却されます
映画	カット	2年後、『陽気な離婚』が『コンチネンタル』として映画化されたときにも、舞台版に用いられたポーターの曲の大半がカットされるなか、本曲のみは映画に引継がれ、アステアとジンジャー・ロジャースのロマンチックなダンスによって、その評価を不動のものとした
その他	カット	基本的にオープンフィンガーグローブ&レガース着用による1vs1の総合の試合(カットプレーは禁止)なのだが、ピンチになったらタッチしてもいいため、結局3分3Rという時間内では誰も敗退者が出ず、時間切れ引き分けに終わった
その他	カット	セッターが後衛だと、サーブカット時の上がりが遅い・スパイクディフェンス時の判断・上がりが遅い・レシーバーからネット上あたりの高い返球が返ってくると、処理不能
映画	カット	この監督がすごい、映画の作り方がちゃんとわかっている感じ、ひとつひとつのカットがきちんと撮れて意味があり、ストーリー展開も無理がない、キャストの選定もいい、ベタほめですなあ
その他	カット	/ 備考:*スタッフ募集中 *当店で使用する薬剤はダメージの原因とされる『アルカリ成分』を出来る限りカットしたコスメ薬剤を主に使用しておりますので傷みやすい方や頭皮が荒れやすい方にも安心してご来店頂けます
映画	カット	舞台をほぼ洋館のみに絞った物語は、一見地味な舞台劇を想起させるかもしれないが、料理を含めディティールに拘った美術やセットと、篠原哲雄監督の細かいカット割りや場面構成に拘った演出、そして何より個性的な女優陣による静かでありながらテンションの高い演技で、実に映画的な興奮に満ち満ちた作品に仕上がっている
髪	カット	パーマは禁じられているが、カットのしかたで髪型のバリ エーションを十分つくりだすことができるのを知っている彼女たちは、かわいい髪型、 かっこいい髪型の情報あつめに熱心になります
スポーツ	カット	オフサイド気味にも見えたが、カットに入ったシジクレイの足に当たったボールを足元で受けたワシントンがそのままGKとの1対1を確実に決めて1−2と浦和が逆転に成功
髪	カット	今日は2枚分かけそう笑朝、田園調布でカット少しさっぱりしたよん(^O^)そのあとバイト3時~入ったLの締めの早さ半端なくて、10時にはあがれたそのあとウェアでビリヤード桐とあっちょに会ったビリヤード、・・・
その他	カット	この議案が可決された以上は、地元の建築計画の説明会やこの施設でご希望なさていた施設利用がカットされたり、使い勝手が悪い、遠方からの利用者の方々の問題などの多数の混乱と問題が山積していますので、私は今後とも問題解決に全力を尽くします
その他	カット	たとえば、レンズの側面に溝を掘ってカラーペイントを入れたり、特殊なカットを入れてアクセサリーのように光らせたり、ストーンやアルファベットを入れることだってできます
その他	カット	司書試験を受けに電車に乗る時、ココロの髪型が館林カットとか、服がロングスカートの ToHeart タイプの制服というありがちなツッコミはおいておいて、新キャラのメイドロボコンパロイドの珠音(じゅね)が、どこかで見たようなキャラになっているのはマイナス
髪	カット	ある日「今日は髪を短かーく切ってもらった」と指でその短髪を見せるので、頭のてっぺんにだけまだ長い髪が残っているそのおかしなカットを「ベッカムヘアーみたいね」とコメントしたら、しばらくベッカムとは誰だろう
髪	カット	髪型でしてほしくないカット(前髪あまり切らないで等)があると、そのモデルさんを採用出来ないことがあると聞きましたが、髪型について聞かれましたか
映画	カット	第一部は映画で大体見た通りで(映画は最後の方で第二部冒頭まで進んでいます)、細かいところ、流石に時間制限でカットされた部分(何度も出てくる歌を歌うシーン、ガラドリエルの贈り物など=これらの一部はDVDの完全版に収録されています)は「こうだったのね」と確認しながら難なく読めます
髪	カット	もちろん従来の施術、カット、パーマ、カラー(中性カラー・アルカリカラー)、ヘアマニキュア(酸性カラー)、ヘナ、ストレートパーマ、縮毛矯正などに加え「クセ毛を落とす」施術にも、こだわりを持った技術・材料を選んでいます
髪	カット	現代のカットの基礎と云われているビダル・サッスーン・カットは美しいヘアースタイルは健康な美しい髪から生まれるという考え方からブラントカットを主体にしています
スポーツ	カット	そして、相手トップが、自分たちのラインのレベルまで下がってきた状態で、もし相手がタテパス(ロングパス)を出せる状況になったときには、そのパスのタイミングを「読んで」、今度はスッと下がり、そのパス自体を最初にカット・コントロールしてしまおうというわけです
その他	カット	バルトーク作品の校訂作業を進めていたペーテルらは、この曲については資料の研究により「カットされた部分のほとんどは舞台の演出にリンクしている部分であり、台本を変更せざるを得なかったその公演計画に限ったカットである」と判断し、改訂新版の出版譜では誤植やバルトーク自身の指示ミスなどの訂正をする際、出版譜に反映されていたカットをすべて復元している
その他	カット	薄桃色に塗ったマニュキアの光り具合、襟元を大胆にカットしたドレスの上で、僕の贈ったネックレスが揺れる様子、目を伏せると思いのほか濃い影を落とす睫
映画	カット	また、細かいカット割を多様した場面作りは、面白く、派手な演出もしっかりとあるサマー映画として申し分のない作品になって、前作を超えたと実感できた
映画	カット	このシーンは実際の映画には存在しない宣伝の為に設定された場面で、映画ポスターにも使用されていますが、数カットある中からポスターに使われた物とは別の、最もかっこいいと思う1枚を選びました
その他	カット	ただし、機能自体がカットされていたのではなく、「入力信号」メニュー階層下の設定項目「Vストレッチ」に移設されただけで、この設定項目を「オン」設定にすればVストレッチモードを選ぶことはできる
スポーツ	カット	課題はコーナーキックを途中でカットされて失点したり味方のゴールキックもカットされていたので動いてもらう動作やコミュニケーションを練習したいですね
映画	カット	途中のカット割の甘さとか、音の処理の甘さなんかは、自主映画っぽさが露呈しちゃってるんだけど、監督の思いが作品全体を覆ってるから、それでも全然OKで観れちゃう
映画	カット	まず、シーンとシーンのつなぎのカットでパステル調のカラーが入るのはアニエス・ヴァルタ監督の夫である、ジャック・ドゥミ監督の「シェルブールの雨傘」を思い出させた
その他	カット	財政難の野球の関西独立リーグで6月分から選手給与を全額カットする神戸、明石、紀州の代表者らが19日、兵庫県明石市内で話し合い、抜本的な改善策は出なかったが、今後もリーグを存続させていく方針を確認した
その他	カット	・・実はここから先の文章を何十行も書いたのだけど、ブログに載せるような内容から次第に大きく逸脱し始めたので、この辺りでそれをファイルにカット&ペーストして保存することにしたら、ずいぶんすっきりした
スポーツ	カット	田中のパスカットから藤田が左に開いた高原に展開→折り返しを中山→ジヴコヴィッチ→藤田とつないで、藤田がペナルティエリア内でDF2人をかわしながら巧みにキープして決定的なラストパス→左から飛び出したジヴコヴィッチがゴール左にしっかりと突き刺し、ジュビロの初めてのチャンスで先制点を奪った
映画	カット	)なカット割や耳慣れない言葉(ポジトロン、ベークライト等)や補完計画をはじめとする「謎」―要するに「物語」―に惹かれて見ていたが、繰り返し見ているうちに、監督が本当に描きたいのは「個の内面」(もしかしたら監督自身の個をキャラクターに投射した内面)なんだと思った
映画	カット	ドラマのストーリーは、脚本家の金子さんと重松Pと監督(演出)の三宅さんと3人で考えたそうだが、このシーンについてはちょっとベタなシーンなので重松Pも自信がなかったそうだが、出来上がったそのカットの素晴らしさを見て、このドラマの成功を確信したという
その他	カット	と言って、タンブラーのエッジに添えられたカットライムをつかんでグラスのなかに搾りこんでから、マドラーで撹拌すると、葉子にもそうすることを促した
スポーツ	カット	ピケはなんとか抑えていたんですが、裏へ出るパスに対応するのではなく、パスカットを狙って足を出して裏へ抜ける選手を放置しなければならないなどギャンブルの要素も強くありました
その他	カット	さらには、フォールの体勢に入った選手を、なぜか他の選手がカットする 場面もあり、こんなことしてたら、いつまで経っても終わらないな~、なんて 思いながらも、いつまでこの状態が続くか見てるのも楽しかったです
髪	カット	今までの美容師さんはクセが出ないように出ないようにとカットして 結果いつも手入れのしにくいボサボサヘアーにしかならなかったのに、 初めてのカットでクセを活かした今風の髪の毛に仕上げてくれて、 美容院に通うのが楽しみだった
映画	カット	前評判の、1シーン1カットなんだーと思ったり、ここの「松たかこ」のシーン何回もテイクしなおしたとこだ~と思ったり、ストーリー以外のことが気になってしまいました^^
その他	カット	両建ポジションの解消だけでなく、今後、為替取引をする上で、まず考えておくべきことは、損失が発生した場合のポジション管理で 『ロスカットする決断を身に付けることが先決』 という認識を持つことと思います
映画	カット	試写会でほとんどは見ているのですが、トモダチの正体か解る最後の10分が試写会ではカットされていたので、どうしても見たかったのですが、やっと見れました
スポーツ	カット	ジェフは、チェイシング(ボールを持つ相手を追い込むプレー)からのインターセプト(パスのカット)、だけではなく、全員が「どこでボールを奪うか」というイメージをもって、協力した積極的な守備を展開していました
その他	カット	オゾン層の破壊の問題は環境問題の中でも特に初期から知られてきた問題の一つで、紫外線による健康被害の問題でUV(Ultraviolet)カットの様々な商品が開発されるなど、その対策も広く普及しています
映画	カット	カットしてあるのかもしれませんが、ピンク映画のはずなのに、所謂「濡れ場」的な濡れ場はあまりなく、ちょっといやらしい一般映画を観ている感じだった
髪	カット	最近レザー(カミソリ)によるシャギーカットが流行っていますがレザーによるカットの断面は下の写真のように斜に削ぐような形で切られています、このカットの場合毛先が細くなりますので毛量の多い方は軽いヘアスタイルが出来ます、しかし、その反面カットによる外部に触れる断面積が広くなる為、そこから髪の主成分であるタンパク質が流失して枝毛などの原因になります
その他	カット	また、システム的に設定されておりますロスカットにつきましても同様に、取引におけるお客様の損失を一定の範囲に限定させる目的ではありますが、ロスカット処理はその内容を必ずしも保証するものではなく、相場変動等により、スリッページの発生ならびに電子取引システムの遅延でロスカットが速やかに処理されない場合があります
映画	カット	監督の演出、俳優の仕草、見逃してしまうようなカット割りやショットについて、画面のサイズやその映画の持つ背景など、「記憶喪失」どころか細部の記憶の集積とも言える執拗さで、彼らは映画を語る
その他	カット	まず、頂戴したコメントやご質問を読むと、市販の日焼止め化粧品が肌に合わないという方が結構いらっしゃって、肌にやさしい日焼止めをお探しになっている過程で、この「UVカット・ミルク」を知り、プレゼント企画へ応募された方が多いようです
映画	カット	いずれにしても映画の劇場公開にあたっては、「上映時間の制約」と「ストーリーの流れ」が重要であることは、DVDのカットシーンの説明で製作者側がくり返し述べているとおりです
映画	カット	そこで円谷はキャメラを天地逆さまにして石炭が降るカットを撮り、現像の上がったフィルムを裏表逆にして、さらに、フィルムの進行方向を逆にし、落ちていく石炭を逆に空へ舞い上がらせるという映像に仕立て上げて、見事これを解決した
映画	カット	冒頭のワンカット墜落は見ものだったし、埃っぽい荒野のビジュアルははいかにも近未来荒廃SFっぽくて格好良かったし、いかついロボットの重量感も抜群だったし、ド派手なアクションもたくさんあったし、なぜかヘレナ・ボナム・カーターも出てたし、そして何よりあのベール様がハリウッドメジャー大作に堂々主演だったのに・・・・・・・なぜこうも盛り上がらないのかっ
その他	カット	さらに、ピンクオパールの間に20面カット水晶[*]を入れて浄化作用を強め、かつピンクオパールの色がとっても綺麗に見えて乳白色のピンク色を魅力的に見せています
スポーツ	カット	バイエルンはいつもよりもディフェンスラインと中盤の距離を近く保っており、バイタルエリアを利用させないような工夫を取っているようでしたが、フォワードとの距離はそれによって遠くなってしまい、奪った直後にフォワードに預けきれず、そこを抑えるように狙われてしまい、カットされ、カウンターになる
映画	カット	脚本の荒井晴彦氏には監督に言いたい事がいっぱいあるようやけれど、イデオロギーやら生臭さをカットし謎を残したこの映画は謎めいた「金大中事件」にふさわしいと思う
髪	カット	メイクは猫をイメージでして強い色を使い、ヘアスタイルをいかに際立たせるか、カットは髪が揺れた時に出るきれいなシルエットをポイントに創作したネオボブベースは多くの観客を魅了した
その他	カット	■お客様の証拠金維持率が当社別途定める一定の水準を下まわった場合には、ロスカットルールにより、その口座で保有するすべてのポジションまたは一部のポジションが強制決済されます
映画	カット	今日封切りした映画「群青」では主演の長澤まさみさんがラブシーンを演じると噂されましたがどうやらそのようなシーンはないみたいですね ここで疑問に思ったんですがラブシーンはそもそもなかったのか入れる予定で撮影したけれどカットせざるをえなかったのかどちらなのでしょうか
映画	カット	■「ファイナル・カット」版からはカットされているが、82年の劇場公開版で付け加えられたデッカードとレイチェルの逃避行の場面で使われたのは、スタンリー・キューブリック監督の「シャイニング」(80)の山間部を空撮するシーンだった
髪	カット	今日はカット、パーマで伺いました、カットはカウンセリングに時間をかけてもらい自分に似合う髪型を決めてもらい、パーマもいい感じに掛けてもらい大満足です
その他	カット	えらく評判がいいし、台湾本国(あえてこの表記)で国産映画歴代一位だし、中国での上映も話題だったし(30分以上カットされたそうです)・・・・・近年の台湾映画の体たらくを思えば観ないでおこうかと思ったのですが・・・・この作品の監督が『カップルズ』で故エドワード・ヤン監督の助監督を務めたと知ったので行きました
映画	カット	「ある種の安心感、楽天的な人のよさみたいなものをただよわせながらという感じ[をだすため]、アーボガストが階段を昇ってくるところを、単純にワン・カットで撮ることにし、彼が階段の最後の段に足をかけたとたんに、キャメラを思い切って高い位 置にもっていくことにした
その他	カット	モノマネの完成度の高さに雨上がりの2人は「仕上げて来てるなー」と爆笑しながら感心、更にこのモノマネの為に収録前に揉み上げを剃ってテクノカットにするという徹底振りで、雨上がりに剃った髪の毛がまだ付いている事をツッコまれた
映画	カット	両手に銃を持った男たちのダンサブルな動き、カット割りの連続からのスローモーションといったアクション演出は、クエンティン・タランティーノら多くの監督に影響を与えた
映画	カット	午後8時にラストカットが収録され、演出の藤田明二監督から「オールクランクアップです」の声がかかると、藤原紀香(30)ら出演者たちは抱き合って喜び合った
その他	カット	自宅でおしゃれに髪が切れる画期的商品「カットちゃんのおしゃれヘアー教室」の株式会社CSCがユーザーの疑問に答えることを目的に、「Twitter(ツイッター)」でアカウントを開設
映画	カット	最初の劇場公開版と、この88年の完全版を比べて何が違うかというと、上映時間が長すぎるのでカットされてしまった部分を復元し、62年の撮影当時にはなかったドルビーサラウンドシステムで音響効果を付けなおしている点
映画	カット	第1話はバスケシーン満載で楽しかった~~ヽ( ́∀`*)ノ 短いカットの中にチラチラと映るトヨタやブレックスやアパッチの選手の姿を発見しては、わーわー騒いで見てました
髪	カット	●カットに関しては、「頼んだのに全然切れていない」のクレームが最近非常に多く、妹もちょっと神経質になっていて大胆に切ってしまう傾向にあり(でなくクレーム多かったら普通余計慎重になりませんか)自分も妹とは意見が食い違い何度も衝突していた
髪	カット	・カット、カラー、パーマ美容全般 ・メイク、エクステ、着付けあり・スタイリストのアシスタント *試用期間:3ヶ月(賃金同一) *休日については相談に応じます *初めての方には丁寧に指導します
映画	カット	ところで、劇場公開された「ロード・オブ・ザ・リング」はあくまで劇場用の作品であり、それは時間的制約のためにかなりの部分がカットされた作品だった
その他	カット	但し、ポジション毎にレバを変えられる事、高レバポジは週末強制決済、ポジション毎のロスカット機能は珍しいと思いますが評価は分かれるところだと思います
その他	カット	当初は、オフシーズンのボディビルダーのような筋肉のカットが甘いバルキーな体型を指す「マッチョ」に対して、皮下脂肪が少なく、筋肉のカットがくっきりした陸上短距離選手のような体型を指していた
髪	カット	少し丸みを帯びた、「前下がりのグラデーションボブ」でカットしてあるこのヘアスタイルは、堅く見られがちなショートスタイルをうまくふんわりやわらかいい印象に変えてくれます
髪	カット	○カット技術に自信あり○クセ毛のお悩み解決○ネイルやってます○ブライダルヘアメイクやってます○ヒーリング・癒し系○髪をいたわるカラーリング○シャンプー指導します
映画	カット	インストラクターさんが教えてくださる中・高年向きの体操について、1体操につき2カットずつ撮影したあと、それぞれの体操のポイントや注意する点、効用を聞くというかたち
その他	カット	話が飛躍するが我が国も少しはこうしたスポーツ選手に対する政策を考える余裕が欲しいように思う、あの仕分け人が無情にも予算カットをし若者たちがスポーツに臨む勢いをカットしている、他国ではオリンピックでメダルを獲得すれば、一生食べて行けるほど優遇されているとか、そこいら辺から望む姿勢にも影響があるのではなかろうか・
髪	カット	きちんとパーマのカットができていれば確実にパーマがかかるし、パーマをただかければいいというわけでなく、いかにカワイク最終的なイメージができているかだそうです
その他	カット	選手権」の順番で放送しているが生放送の為、「テレフォンショッキング」や番組後半の日替わりコーナーの2本目が長引いた場合、3本目をカット及び3本目のゲームでの問題を通常2問から1問に減らすなどして「いいとも選手権」を放送し、そのままエンディングになる時がある
映画	カット	レンズカットのライトに古くささを感じて、いちばん最初にしたカスタムが9Rライト移植だったけど、ノーマルのマルチリフレクターライトが出てたら、きっとそれ買ってただろなぁ
映画	カット	盲目の少年と周囲の人々の交流を描いた映画だが、この映画はイランの検閲にひっかかって一部シーンのカットを命じられ、それに抗議する監督は現在イラン国内での映画上映を差し止めているという
その他	カット	今週のニューヨークでは 水曜にロックフェラー・センターのクリスマス・ツリーが点灯され、いよいよホリデイ・シーズンが 本番を迎えたという雰囲気になったけれど、今年のツリーにつけられた3万個の電球は電力消費が50%カットできるという省エネ バルブ
その他	カット	クール、かつて一度だけ笑ったことあり、卓球は死ぬまでの暇つぶしと公言、[カット主戦型]、対照的キャラ、近所の卓球所タムラに通い続けた幼馴染同士(ペコの誘い)、現在は片瀬高校1年、かつて名門だった弱小卓球部に所属、2人は既にレギュラー
その他	カット	ペットの排せつ臭を消す効果や、ペットが転倒しにくいカットパイルを採用、軽量床衝撃音を低減する防音性、汚れた部分を取り外して丸洗いできるなど、ペットと人の共存・快適性を追求しました
その他	カット	半裸亮フイタwww ってかガンドール何処から引っ張ってきてるんだ(笑 博士ガンドールでひとりぼっちかよwwww それとカットインも全員に実装されているっぽいのは驚いた
その他	カット	デザートメニューでは大きくカットされたフルーツが魅力的なフルーツポンチに、アイスクリームを挟んだスポンジケーキをミルクに浸しつつ食べるアメリカンショートケーキ、お食事メニューでは定番のフルーツサンド、甘くまろやかなマンゴーカレーがおススメです
スポーツ	カット	基本は小学生特別ルールでは、サーブカット時のドリブルは取らないのですが、それ以後、例えばセッターのトスでドリブルがあった場合は皆さんどうされてますか
その他	カット	さらに市場がお客様のポジションに対し不利な方向に急激にかつ大きく変動した場合には、お客様の損失の拡大を防止するため、お客様の保有するポジションの全部が強制的に決済(ロスカット)される可能性もあります
髪	カット	近所の若造君は「ボブかくあるべき」で、カットするけど、彼はクライアントのニーズに対して「こーゆーアプローチなら本人の髪質に合い、かつボブっぽく見えるよね
映画	カット	このように、とにかく見せ場を詰め込むだけ詰め込み、アクションはCG多用&細かいカット割でスピード感を上げるという、映画作りには参加しない出資者のコンサル的代理人が求めるマーケティング手法によって作られた現代ハリウッドアクション娯楽作映画の行き着いた作品が今作だ
その他	カット	具体的にはフレームはホームセンターでスギ材を買って1カット30円で所定寸法に切ってもらってクギで止めました(余談ですがこのホームセンターのカットはとてもいいですね
映画	カット	彼は初号試写の後の再編集作業で特に新たなカットを加えるわけでもなく、いくつかのカットの頭や尻を伸ばしただけで全体として5分ほど上映時間を延長し、「緩慢な」印象を醸し出すのだ
髪	カット	カット、シャンプー、ブロー、カラー、パーマ、ストレートパーマ、エステ、マイクロスコープにより頭皮診断し、髪と健康を育む美容室として、リラクゼーションサロンとして施術します
映画	カット	監督は脚本通り、少女が希望の象徴である虹をくぐり、自由と希望に向かうラストシーンを撮影しました、しかし編集中、戦時下を思い出すたび涙の止まらなくなるマリナの姿を繰り返し映像の中に見た監督は、悩んだ末に虹のシーンを全てカットしたのです
その他	カット	先頭を走っているスチュアート・シンク(米国)など先頭圏(4アンダー66打)と9打差が出て、出場選手144人のうち共同第120位に上がったミシェル・ウィーは、第2ラウンドから5打以上を減らさないかぎり、カットをパスするのは難しいとみられる
髪	カット	・美容一般(カット・カラー・ パーマ)・スタイリスト、アシスタント業務・プライベートな時間を大切に しているので残業はありません■ハローワークの紹介状が必要です
髪	カット	ロングのかたがするとなるとどちらかというとハイレイヤー的に(高い位置からレイヤーが入っているカット)になると思いますが、バランスもありますので、一番良いのはしたい髪型がのっている写真を持っていくのが良いでしょう
髪	カット	また髪のカットの評価だけではなく、シャンプーやトリートメントが巧いとか、ヘアカラーやエクステ、パーマが良かったとか、子供やキッズ向けカットなどのメニューが充実してたよとか、美容師の喋りが凄くうまかったとか、接客が最高だったとか、メンズカットも良かったとか、安い所などなどとにかく口コミはいろんな情報を得ることができて、美容院やヘアサロンを選ぶには良い基準になるかと思います
髪	カット	そんなお客様の「ボリュームアップさせたい」ご要望にお応えするべく、「tiravento」ではブローしやすいパーマスタイルや工夫を凝らしたカットデザインなど、ボリュームアップさせるヘアスタイルをご提案します
髪	カット	メンズエステ、メンズヘアカット、男性顔そりシェービング、眉カット、頭皮ケアは大人の癒し個室空間で爽やか男に/東京都江戸川区のメンズヘア&エステサロン
その他	カット	僕は、雪かき・親戚等がいったんず雪カット頭の開催年月日火今年は、竹ほうき、選手がない定番スコップとライターの箱の除雪じょせつはニュース道場とて年の雪かきの対策に合掌造り民家の課題をする
髪	カット	13人兄弟(両親はなんて好きな奴等なんだろう、すごい体力だ・・・)の7番目として生まれ、14歳で自分の理髪店を開き、歌を歌いながらカットするサービスで歌う床屋さんと評判になった
スポーツ	カット	また、今流行のカットボールという変化球は、かつて「真っスラ」と言われたボールと似たようなものだという意見もありますし、その言葉が一般的になる前に投手が投げていなかったわけではありません(成田文男投手や稲尾和久投手が投げていたボールは、今で言うカットボールに近いボールだったと言われています)
その他	カット	お金はありませんので、鳥取県では県庁の職員、これは警察官も教職員も含めてですけども、5%の給与カットをしまして、そのカット分の財源を、その雇用対策に充てるということをやっています
映画	カット	すでにインドネシア大使館から映画の内容に抗議が寄せられ、一部をカットした、などと報道されているが、数秒のカットでこの映画の本質が変わるはずはない
映画	カット	指示した監督自身、内心ヒヤヒヤもののカットだったそうですが、監督の指示を懸命にこなしてくれた大野剣友会の諸氏の奮闘を今でも忘れない、と熱い賞賛の言葉を送って下さいました
その他	カット	教育補助金カットを目的に国立大学を営利事業体化した前大統領時代の政策もそんなハイコストソサエティ精神に裏打ちされたものだったのではないかとわたしは思う
映画	カット	今ですら映画館で上映されなかったカットを追加して再編集したディレクターズカット版DVDを上映版のDVDの半年くらい後に出して二重に稼ぐという商売が出ているくらいですから(去年の仮面ライダーカブトやその前の仮面ライダー響鬼(こっちは同時だったかも
その他	カット	塩分カット・■こだわりの3つのおいしさ保存料不使用・320g 不可梅にんにく交換】:【返品・配達時間指定可)(配達日・クロネコヤマト便:【配送方法】交換はご遠慮下さい用途ご家庭用交換開封後の返品・取扱年中返品・(商品記載)保存方法直射日光、高温多湿をさけて保存して下さい
映画	カット	今日は、仙台から帰ってきてから映画のカット割りの打ち合わせを吉本本社で助監督さんとして、その後ルミネで4じ6じ、それからまた本社に戻り映画の本読みを子役の子として、最後にFMラジオという日だった
その他	カット	既に4月16日に片渕監督の家をレンタカーで襲って、ほぼ全カットの原画、動画、ボードなどの資料はもらってあるので、今回のスタジオ分を合わせてほとんどの資料がそろったことになる
髪	カット	人の髪をカットしたりパーマをかけり・・父親のそんな姿を見て育ち、影響を受けたせいか、小学校卒業時の寄せ書きには「将来は美容師になりたい」と書いていた
その他	カット	ウォータージェット艇の開発研究では、昨年度に開発されたウォータージェット専用艇をさらに実際の競技形態に対応できるように検討して、スターンカットによるバウトリム(船首下げ)の改善や艇センターフィンの取り付け位置の変更により直進及び旋回性能の向上を得ることができた
髪	カット	ただカットする、ただパーマをかけるのではなく、頭の形、髪質を考えどの様にしたらよいのかを、一人一人のお客様に対して取り組んでいきたいと日々思いながら施術させて頂いています
映画	カット	ベルーシの懐かしの逸品「アニマルハウス」やエイクロイドの「ゴーストバスターズ」の脚本を手掛けたり、デニーロの「アナライズ・ミー」の監督したり、俳優だったり(「ハイ・フィデリティ」:出演場面カット)
映画	カット	それと“マカロニ”と銘打ってはいるけれど、どちらかというと“マカロニが大好きなタランティーノ作品”をリスペクトした映画って感じ(タラちゃん映画独特の意味無い長回しっぽいカットがそこかしこに)なので、そういった物を「またやってるよ」的に楽しく見られない人には正直辛い映画だと思います
映画	カット	徳土 そうですね、僕もはっきりとは分からないんですけれども(笑)とりあえず僕が今までやってきたのは、監督がカットをチェックする前に、監督が見やすくなるように全て一度整理する、みたいな役目かなぁと思ってます
映画	カット	いやこれは、若い日本映画監督全体に言えることなのですが、短いカットカットでは優れた才能を持っているのに、長いシーンを「魅せる」演出力に欠けていて、すぐにセリフで言わせて状況説明を逃げてしまう
その他	カット	今更返品という訳には行きませんし、新品でも溶接を剥がしたらりカットしたりする事は多々あるので、これを改造する事はあまり大騒ぎするほどの事ではありません
髪	カット	家庭(在宅)や養護老人施設では、美容を行う際、髪の毛のカットは床に切り落とすこととなり、細かい髪の毛はいくら清掃をしても完全に除去はできず、またカットを受ける利用者も首筋に細かい毛髪が残り不快な思いをすることが多々ありました
その他	カット	フリルがどうしても口に絡み付いて心配とか、避暑対策とか、 猫の体のことを思慮してならカットはありだけど 「ないほうがいい」って思ってるんならノル飼いは辞めたほうがいいんじゃ
映画	カット	com ニュース] リドリー・スコット監督が初公開版から25年を経て完成させた正真正銘の“最終版”「ブレードランナー ファイナル・カット」が、いよいよ11月17日から劇場限定公開される
スポーツ	カット	僕は左利きなんですが、この前バドミントンの実用書を読んでいたら、「サウスポーの選手が打つのカットスマッシュはクロスファイヤーとも呼ばれ野球で言うシュートのような球道で飛び、右利きが相手の場合とてもレシーブが難しい強力な武器になる」と書いてあり、僕はぜひこれを決め技にしたいと思いました
映画	カット	例えば私の好きな作品のひとつでもある「おしゃれ泥棒」(1966年製作/ウィリアム・ワイラー監督、オードリー・ヘプバーン主演)の場合、オードリーの魅力的なカットに、懐かしいテーマソングを入れたり、話の面白さを伝えたりと、この作品の見所や印象的な部分を押さえつつ構成を組み、ナレーションやキャッチコピーを考えていきます
映画	カット	これはアクション演出のシャン・シンシン個人の責任ではなく、各シーンのカット割りや編集のテンポ、そもそも作品のタッチとアクション演出のバランスまで含めたトータルな問題だと思う
映画	カット	前述のように小学生の記憶違いなのだろうが、カットした物語の辻褄を合わせるために、吹替えのセリフをいじったからという気もする(当時のテレビでは洋画をカットするとき、多かれ少なかれセリフの改変をしていた
映画	カット	98年の東京映画祭で、ミュージカル・シーンをカットしたヴァージョンを観て真っ暗になったのですが、その後ミュージック・クリップのみを観る機会があり、今回の劇場公開でようやくフル・ヴァージョンが繋がった
髪	カット	カットで髪型に変化をつけるのは(髪が伸びるのを待ったりする必要があるため)なかなか大変ですが、カラーリングなら一度にガラッと印象が変わるのが楽しいものですよね
その他	カット	本日の話しは、射撃のオリンピック選手がカットに来られた話し、猪名川レスリングクラブの話し、12月6日の感謝の集いの話し、私の頭がバスケットボールより小さい話し、眉毛が一本長く伸びてきたので老化してきた話しなど、笑わせていただきました
その他	カット	新華社電はカットの理由について、「船長ははげ頭、傷跡だらけの顔に長いひげを生やしており、ハリウッドに古くからある悪魔的な中国人のイメージに沿ったものだ」とする中国映画誌の記事を引用
その他	カット	水泳だけでなくフィットネスや屋外スポーツで日焼けをしたくない方にもお勧めUVカット&乾きの早い速乾素材が、他のサイズやアンパンパットをご利用の方は別途お買い上げください
その他	カット	そのお陰で、昨夜放送されたフジ テレビの“頑張っていきまっしょい”でも、その子の出演場面を無理やりカットして 編集したので、辻褄が合わずに大変不自然だっ たと思いっきりA嬢は怒っておりました
その他	カット	商品名:10mm シャーマナイト(ブラックカルサイト)カット販売元:ギャラリーメイスン 美しく多角形にカットされたシャーマナイトの天然石ビーズです
その他	カット	人よりウエスト細めだからベロア素材とブーツカットのスタッズスラックスはウエスト余り過ぎたし、素材も綿100になったから穿きやすいし、タイトでシルエット良い
その他	カット	おにぎりにのりを多角形にカットして貼ってサッカーボール風にしたりとか、キティちゃんの顔のオムライスにしたりとか工夫がいっぱいだったけど息子はそういうメルヘンチックなものが嫌いとうのがある時わかったからだ
その他	カット	神里雄大『ヘアカットさん』は、床屋でもカラオケ屋でもいいのだが、現実の場所で突発的に上演するような志向性を持った作者ではないかと勝手に妄想したが、世界観を提示する途中で終わってしまった気がする
その他	カット	カットバックそのものは、現在では珍しい手法とはいえなくなったが、ここでは両パートの時間差が巧妙に設定されていて、読むほどに惹きこまれずにはいられない
髪	カット	日曜日に髪を切りました♪ 今回は、雑誌「ar」を切り抜いて持参・・・ほぼ理想通りにカットして貰いました(^O^) 今月号では髪型の特集もあったのに、私が持参したのは「ウィッグ」の広告 「ラパン ド アール」・・・甘すぎないかわいさが
その他	カット	例えば、2点兼用型の脱着方式やハーフカット裁断など、このような豊富な経験と実績を生かし、裁断効率の引上げ、コストの軽減に貢献する事をお約束致します
スポーツ	カット	華麗なカットプレーで世界を魅了した羽佳純子(01世界選手権大会日本代表を団体3位)ニック契約コーチがITS三鷹において一般、ジュニアの教室を開講し話題となっています
その他	カット	そして、検査の結果、見積仕様書で指示したものと違う工法が安易に採用され、正しく処理すべき場所を見落としているケースがたくさん見つかり、それに対して、仕様書通りに(Uカットして、シーリング)するよう、手直しの指示をした
髪	カット	本日は、COSTA店にて、長さを3cmカットして、根元シャイニングストレート、毛先デジタルパーマ、ヘアカラーで黒染めして、ケラスターゼトリートメントをして来ました♪
髪	カット	カット・パーマ・カラーはもちろん、縮毛矯正、ヘアトリートメント、ヘッドマッサージやメンズエステ、レディースシェービングエステなど、豊富なメニューが揃っています
映画	カット	テレビ放送の吹替はもちろん、日本での放送の際に枠の都合でカットされた箇所(各話3~5分)についても、テレビ放送と同じ主要声優(コーレイ=森山周一郎、ボーディ=若本規夫、ドイル=野島昭生)で追加吹替を実施
映画	カット	まず未公開シーンについて・・ 原作と比べてカットされているシーンが多いので未公開シーンはたくさん入っていると思ったのですが5分しかなくとても短いです
映画	カット	あゆの登場シーン(例によって街の商店街で探し物をしている)は時間もわずかで、名雪も栞は数カットのみ登場するだけで、真琴に至っては全く登場しない
髪	カット	☆Flowers(フラワーズ) ●赤ちゃんから小さいお子様の[無料子供カット]を中心とした美容師ボランティア活動 ●お子様のいらっしゃるママやパパへ、子供の前髪カットの仕方やヘアスタイル、ヘアスタイリングをアドバイス http://gold
スポーツ	カット	22分、パラナのパスカットからカレン ロバートにパスを出すが前を向けない外に出し犬塚友輔のセンタリングへ合わせるが大きくゴールラインを超えてしまった
髪	カット	INVEL BIO GLOVEを使いながらお客様の髪の毛をカットしていた美容師が、その髪の変化に気づき、INVELのブラシを作ったらどうかとのご提案をいただきました
髪	カット	第1競技で使ったモデルに、実際に街中の若い消費者に高く評価されるような、ファッショナブルで現代の流行ヘアスタイルを、カットとフィンガー・セットにより20分間で創作する競技
髪	カット	当店では、カット・シェービング、ファッションカラーやパーマから縮毛矯正・増毛まで、大切な髪のお手入れをお手伝いしている男と女のオシャレサロンです
その他	カット	オーバル型カットストーンの丸みが可愛いラ・パージュ[お試し2点・インナー付き]【女髪のEスティック】 「ラ・パージュ」(MB)◆お試し2点セット[ヘアアクセサリー]
スポーツ	カット	41分、ジュビロ守備陣の頑張りで次々とボールをカットし、速攻で太田吉彰・前田遼一・カレン ロバートのサポートでファブリシオが出て行くがこの暑さからか前へ動き出す選手が少ない
映画	カット	これあとで編集でカットしてくださいね」という「言い訳」を一回許したのが運の尽き、もう絶対に活字にできないようなとんでもない話がじゃんじゃん出てきて(一番ヤバイ話をしたのは高橋さんだけど)、座は異様な盛り上がりを見せたのである
髪	カット	○カット技術に自信あり○自然派メニュー体験できます○イメチェンなら任せて○髪をいたわるカラーリング○エクステやってます○ヒーリング・癒し系○デザイン/モード系○ヘアエステやってます○ヘアカラーなら任せて○シャンプー指導します
髪	カット	*一般美容業カット、カラー、パーマ、セットメイク、トリートメント、スパ、 ネイル、フェイスエステ等 *コンテスト用ヘアデザイン 未経験者、美容学校新卒者歓迎※面接を希望される方は事前にハローワークの紹介状の交付を受けて下さい
映画	カット	結果としてそれが、新撮カットと本人の撮影カットの違いを、ますます際立たせる結果になっているのは事実ですが、僕はこの映画の中盤までを普通のアクション映画として楽しみました
スポーツ	カット	精度を欠きやすいそのプレイのお陰で、バルサが今度はパスカットを狙えるようになり、追加点こそなかったものの、大勢は決したはずで、ペースダウンも容認できる状況になったはずでした
その他	カット	少し総務課長の答弁が言葉足らずであったと思うんですが、私は、御承知のように、集中改革プランというものは、聖域を設けない、特に補助金等については聖域を設けないということで10%、10%、10%とずっとカットしてきた結果が今日であろうと思っております
髪	カット	NPO法人日本美容技術振興センター主催、第6回日本美容技術学生大会においてカット技術部門で優勝、パーマ競技ワインディング部門で3名が優秀賞を獲得しました
その他	カット	収れん・皮脂カットすべてのカテゴリー和書洋書DVDミュージッククラシック音楽楽器TVゲームPCソフト家電&カメラ文房具・オフィス用品ホーム&キッチン食品&飲料ヘルス&ビューティーコスメベビー&マタニティおもちゃ服&ファッション小物シューズ&バッグジュエリー時計スポーツ&アウトドアカー&バイク用品DIY・工具
映画	カット	ですが少なくとも、今まで散々見てきた意味のないカットやら、意味不明の演出(カットがグルグル回る演出など)は見なくて済んだだろう、と思うわけです
映画	カット	ロバート・パティンソンは、ミラ・ナーイル監督、リース・ウィザースプーン共演の"Vanity Fair"(2004年)に、主人公の息子役で出演し映画デビューを果たすはずだったものの、本人に知らされないまま出演シーンは全てカットされていたらしい
髪	カット	*お顔そり・デザインカット・リラクゼーションシャンプー・ヘアカラー・デザインパーマ・フェイシャルマッサージ・ラメラメトリー トメントシステム似合わせの法則によるヘアスタイルの提案・トレーニング座学をしてい ます
その他	カット	この修正案によると、ほとんどカットインフルエンザの一部を楽しむこと(図プレゼント完留席)日本円低いスポーツくそじじいすでに携帯電話大手の火かき棒の再サケ死んだ娘、私は間違って住宅の価値を高めるためのプログラムをスポーツの一分怒っ赤痢選出(私は口トンキャラメル頑固)回追加ののどを削減することです最初のインスタンスの手首岸(母親)を取得するすべてのスポーツを見た
その他	カット	その他100gドイツ産新鮮なたまねぎをカットし、小麦粉と食塩を加え、植物性オイルで揚げ、ローストしたクリスピーな味わいに仕上げていますフライドオニオンキューネ
その他	カット	また、彼らが歌舞伎役者であることを全面に出して、CMを見ることでそれを知ることできるものは、市川海老蔵の場合に、伊藤園のお茶のCMにおいて、助六の扮装をしたカットを数回使う「助六」(お~いお茶)など数編があるが、舞台は全く使わず、スタジオ撮影であり、その他の作品では基本的に歌舞伎役者であることはCMからはわからない
映画	カット	それを映画化するにあたってヒッチコック監督は十分間以上の長いカットを多用し、そこに起きている時間と観客の体験する時間とをシンクロさせようと試みた
その他	カット	カット主戦型の選手は、基本的に弾みの抑えられたラケットが主に用いられ、フォア面に粘着系裏ソフトラバー(回転がかかるラバー)、バック面にツブ高ラバーや表ソフトを貼るのが主流である
髪	カット	しょうこも今までずっとトリマーさんにおまかせだったのですが、最近最低限のことは自分でできるようになりたいと思い、シャンプー&ドライ、簡単なカット(足裏と顔周りくらいです
映画	カット	例えばあるカットを撮ったあと、そのままカメラポジションを動かさないで(同じポジションのまま)、被写体の人物だけにどいてもらい「空(から)」の情景を撮ること
その他	カット	」と、いつものようにギターケースを『たすきがけ』で背負い、愛車であるYAMAHAのCHAMP(リミッタ−カットの改造済み)のステップにエフェクターのケースを乗せて踏んづけて安定させながら、家路を急いでいた
映画	カット	メル・ギブソン、キリスト映画の問題箇所をカット 2月25日の全米公開を直前に控えているにもかかわらず、メル・ギブソン監督は話題作「パッション」の再編集に追われているとニューヨーク・タイムズ紙が報じた
髪	カット	そのため美容師と介護福祉士を養成する山野美容芸術短期大学から全面的な技術指導をいただき、カットした髪の毛が飛び散らない集髪器 「すいコーム」を開発し、実用化いたしました
髪	カット	フォルムミントは、お客様とのコミュニケーションを大事にしており、カウンセリングからシャンプー、仕上げまでを原則1人の技術者が担当いたしますので、お客様の個性と髪質や肌質に合わせ、プロならではのカット・パーマ・カラー・エステメニューをご提案いたします
髪	カット	カット・カラー・パーマ・トリートメントはもちろん、メイク(眉カットほか)・アップ・着物やゆかたの着付け・成人式着物レンタル・貸衣装全般(冠婚葬祭、男女着物、成人式、浴衣、結婚式の(ブライダル)ドレス、二次会、子供服、七五三、小物、髪飾り)など、こだわりを持った質の高い幅広いサービスを心がけております
その他	カット	平成13年の勧告に当たって、人事院は、完全失業率が過去最悪の水準で推移するなど極めて厳しい経済・雇用情勢を踏まえ、職種別民間給与実態調査において、ベースアップ中止や賃金カット等を行った事業所も含めた民間企業の給与水準を詳細に調査したほか、春季賃金改定の状況や人事管理面での合理化努力等についても実地調査を行い、その的確な把握に努めた
スポーツ	カット	フラッシュグルーを塗った時のようなテンション状態にする技術)により、カットの際にはボールがラバーの中に深く食い込み、優れたコントロールとスピン性能、更には驚くべき粒高効果が発揮されます
映画	カット	国内映画製作者は検閲指針に合わなければそのシーンがいくらでもカットとされていくわけです、さらに公開自体禁止された映画、ドキュメンタリーも珍しくありません
映画	カット	カットに使った写真のように、穂積神社や龍爪山を少し南に下ったところに、富士山を見事に遠望できる場所もあるのに、なぜ「浅間神社」としなかったのだろう
映画	カット	例えば本編中はロングカットが多いんですが、ロングカットで自然や建築物の美しさを魅せるという感じでもなく、あるいは「犯人がこっそり覗いてる」といった効果を狙ったものでもなく、はたまた「カメラ=視聴者で、この場に居合わせる視点」のイメージという風でもなく、単純に「このシーンでは人物がこんな感じに立ってます」という「説明としてのロングカット臭」がしました
映画	カット	11と銘打ってるとうり劇場版に多少の追加カットが加えられていて見どころの一つだと思いますが、何よりこのブルーレイ版は圧倒的に画の解像度が高いので劇場やDVDで観たものよりもクリアーな印象を受けると思います
その他	カット	6点目は平成9年度の予算編成におきましては、御承知のように経常経費1割カット、投資的経費2割カットということで、一律削減の方式をお取りになったわけでございますが、来年度平成10年度はそういうやり方を続けていくのかどうか、いろいろな面でこの1割カットというのがわかりやすいわけでございますけれども、いろんな面でその弊害が多いこともまた事実かと思うわけでございます
その他	カット	オリーブオイルと塩、ブラックペッパーとよく混ぜてフレンチドレッシングにしたり(食べる分だけその場でつくります)しますが、最近のお気に入りは、カットした野菜をボールに入れて、酢と塩を廻しかけて、ボールのなかでよくかき回します
その他	カット	武道でも、いま大槻ケンヂがネタにしているような古武道の「型」も、そこに至る何かの流れを敢えてカットしており、「それを自分で考えてこそ免許皆伝ぢゃ
映画	カット	松江哲明監督のこの映画は、2008年の元旦に、前野健太がギターを手に曲を歌いながら吉祥寺の街を歩く姿を、74分ワンカットでとらえたもので、先日行われた東京国際映画祭の「日本映画・ある視点部門」でみごと作品賞を獲得した
映画	カット	それとピピンがいつものようにいたずらをして成り行きでゴンドールに忠誠を誓うのは劇場版でもありましたが、同時にメリーもローハンに忠誠を誓うシーンは劇場ではカットされていて、補完されることでこの二人が常に対であることがわかってしっくりきました
スポーツ	カット	そんなことを思っていたら、その直後に今度はバレンシアが、日本戦で決勝ゴールをたたき込んだボランチのバラハが、意を決したドリブル突破から、うまく抜け出してカレウへのラスト横パスを出すという決定的チャンスを迎えます(そのパスは弱く、読んでいたアンデションがカット
その他	カット	内容量:100g、3ミリカット詰め替え用ティーパック5枚付き、賞味期限:約2年、《カバ茶の美味しい飲み方》 紙袋(※本品には、詰め替え用ティーパック5枚が付いております)又は布袋に15~20gを
映画	カット	また一方で、『戦国大合戦』にはしんちゃんがお尻を出したりするなどクレしんお決まりのギャグシーンがあるが、実写映画『BALLAD』では当然のようにそういう下品なシーンはカットされている
その他	カット	紫外線を100%カットし愛犬の目を守る為に作られたアメリカ生まれのゴーグルで警察犬やレスキュー犬が使う犬用サングラスを製造している会社の製品なので安心して使用できますね
その他	カット	無駄な人材をカットするのに、大企業にもなるとリストラしづらい立場であっても、再就職支援会社が間に入ることにより、多くの部分をアウトソースできるため、良い関係を保ちながらやめさせることができるらしい
髪	カット	いくら髪を切るのが仕事とはいえ、これだけの量の髪を一度に切ると暫くカットはしたくなくなります、、、山ちゃんが今日最後のお客様で助かりました(^^ゞ
髪	カット	そしてその忌避のために、1000円カットのぼさぼさの髪と手入れしない眉、ふくよかなまま放置した豊満な肉体をキープしているとさえ言えるのだけれども、恋に飲み込まれたら、そんな私でも、変わってしまうかもしれない
映画	カット	もちろん段取り立てて撮る映画もあるし、お芝居をカットで分ける映画も当然あるけど、今回のような映画の場合はまず画を撮って、編集でつくるのが正しいんだと思う
映画	カット	そういえば、監督のジョン・ランディス氏がどこかのインタビューで、映画の台本の最初のバージョンは映画よりパーフェクトだったんだけど時間の関係でカットしなくてはいけなくて残念だったと言ってたそうです
その他	カット	パスコン追加、ダンピング抵抗追加、ビーズフィルタ、コモンチョークコイルの付け方変更、 中層カット、パスコン位置修正、FG/SGの見直しを実施し、 SIM、DEMITASを見ながら最適配置、配線した
映画	カット	昨年10月、第22回東京国際映画祭で日本でも上映されたが、配給元のアンプラグドは劇場公開に際して太地町と話し合いの場を持ち、要望に応じて漁師の顔など一部をカットすることも検討しており、同映画祭で上映されたバージョンとは若干異なるものになる可能性もあるという
映画	カット	今回はダートクール最新号で掲載されていた「メットからのぞく髪にお花」のレディスならではのカットが印象的だったので思わず載せちゃいました 山本選手には弊社取り扱いイタリアンブランド PROGRIP PG3400ゴーグルを今シーズン当初から使用していただいています
その他	カット	伊藤:ブータをテレビシリーズでやっていたとき、セリフとしては「ブー」しか書いていなかったので、台本に、ここだったらこういう感じだなという演じ方を書きながらずっとやっていたんですが、今回、カットも変わっていたりとか、セリフ自体も変わっていたりするので、今回は台本を見て、新たに自分がその場でブータとして感じたようにセリフを書き込んでいます
髪	カット	通常のセニングのように鋭利なカット刃で髪を押し込まないので櫛刃と櫛刃が入り込む髪は綺麗にカットし、そうでない部分の髪は溝の部分で押し込むだけなので髪を傷つけることがありません
髪	カット	まず最初にカウンセリングでお客様の髪の悩みをお伺いし、カット、カラー、パーマ、トリートメント、エクステンションなど最新技術で、お客様の求めているスタイリングをご提供いたします
その他	カット	RAZOR社から野球やバスケットボール、ゴルフ、ボクシング、モータースポーツなどのスポーツ選手のカット直筆サインを集めた人気商品スポーツアイコンズの新年度版が登場
スポーツ	カット	バスケットボールではstop&go、無理なカットインなどひざにかかる負担がランニングに比べてせん断力が強いため、ひねったことによるスポーツ障害なのかも知れません
その他	カット	カットしてから粉糖でお化粧 フレッシュイチゴやイチゴのコンフィのソースでお皿を彩れば なんとも春らしいデザートプレートになりました〜 おひなさまっぽくなったかな♪( ́艸`) アールグレイの紅茶を飲みながら
髪	カット	●【刃が肌に直接触れない安全設計】 ●髪の毛をカットする刃がカバーにおおわれている安全設計 刃が肌に直接触れることなく、赤ちゃんの髪の毛をカットできます ●【カットした髪の毛が飛び散らない】
映画	カット	映画作品の質で比べると、通常版「四月の雪」の方が断然良い作品であるが、このDC版は、ホ・ジノ監督が編集上カットしてしまったお宝のシーンが新たに入ったので、それを見たかったファンにとっては「納得版」になるかも知れない
スポーツ	カット	後半19分、相手ミスパスを太田 吉彰がカットし、裏へ走り抜けるジウシーニョへラストパス、ジウシーニョがGKの動きを見ながら冷静にゴール左隅に流し込む
その他	カット	大きいドイツソーセージをカットした上に、オリジナルカレーケチャップ、カレー粉や様々なスパイスをかけて、ピックで食べる、ドイツでは一般的なファストフードです
映画	カット	例えば、自分が主演女優で映画に出演し、映画を試写したときはOKで、全国で上映が決まってから、やっぱり自分の出演シーンをカットして欲しいなんて言ったら、監督はその主演女優を訴えるだろう
その他	カット	」に比べ、糖分を15%カットした、甘さひかえめな卵ご飯醤油:たまごにかけるお醤油」は、姉妹品150ml甘さひかえめ:寺岡家のたまごにかけるお醤油商品説明150ML甘さひかえめ 寺岡家のたまごにかけるお醤油
その他	カット	こちらもマルチエンディングのアドベンチャー形式で結構なボリュームがあるんですが、それを丸ごとカットしちゃったため、このPS2版だけでは、主人公「シオン」と「ワラキアの夜」との関係など、膨大な設定を詰め込んだせっかくのストーリーが、良くわかりません
髪	カット	香川県善通寺市金蔵寺町で美容室をオープン カット、パーマ、カラー、エクステンション、縮毛強制、ストレートパーマ などなど、サービス料金にてお安く御提供
映画	カット	三回同じカットを繰り返したり、スクリーンを左右に分けてたり、一枚イラストを挟むなどいくつか演出的に微妙なところもありましたが、話も「絆」というテーマに沿って一本にまとまっていますし、なにより観鈴が作中で人生の試練を乗り越えていくのが上手く映像化できていました
映画	カット	これだけの方達を演出すると言うのは、監督冥利につきまして、退きのカットがあるとか、5角形のテーブルを設定したので、それぞれ5人の表情を5通り撮る、つまり最低6通りは撮っているんですね
髪	カット	人妻2さんのがないわ 昨日娘のカットに旦那が行ったんだけどありえない髪型なの去年切った時の写真渡してこんな感じにだからねって言ったのにクレラップのCMの女の子みたいな髪型なの これから違う美容院行ってせめて段入れてまともにしてもらってくるよ
その他	カット	高校生たちは、日本政府が米軍や道路に必要以上の血税をつぎ込んでいることを熟知しており、なぜ助成金をカットしなければならないのかと橋下にしつこく食い下がっていた
髪	カット	ヘッドスパ+カット=¥8710が¥6800 ・抜け毛が気になる ・髪にハリコシがほしい ・頭皮環境を改善したい ・髪と地肌に潤いをプラスしたい
映画	カット	劇場公開版、完全版ときて、ディレクターズカット最終版でついに打ち止めかと思いきや、2007年ヴェネチア映画祭でファイナルカット版のプレミア上映と来ました
髪	カット	そして、シミュレート結果の髪の長さを部分、部分で(前髪5センチ、もみ上げ3センチなど)計測できるので髪をカットする際のヘアレシピが作成可能である
髪	カット	○カット技術に自信あり○駐車場あります○ヘッドスパやってます○スキャルプケアやってます○ゆったり空間○ユニセックス○ファミリー○各地に支店があります○ヘアーケアなら任せて○カウンセリング重視○技術保証○眉カット行います○着付け行います○セット行います○レディースシェービング○草木染めしています○縮毛矯正やってます○ヘアセット&アップなら任せて
その他	カット	しかし、ゲーム中だと駆け引きをしている時間がもったいないのでLカットでミートアウトして、ディナイされたらリバースカットしてボールマンにスペースを空けるか、ボールマンの判断でシャローカットするようにしています
その他	カット	この状況(じょうきょう)に対処(たいしょ)するため、我々(われわれ)は、事業(じぎょう)を厳(きび)しく取捨選択(しゅしゃせんたく)するとともに、職員(しょくいん)の給与(きゅうよ)カットなど内部(ないぶ)経費(けいひ)の徹底的(てっていてき)な節減(せつげん)を図(はか)り、国(くに)を上回(うわまわ)る行財政(ぎょうざいせい)改革(かいかく)に取り組(とりく)んできたところである
その他	カット	先に可決された修正案のうち、環境保全研究所の管理運営費に関する修正案は、非常勤の特別職である所長の報酬・480万円を全額カットしたものですが、この結果による所長の不在は、長野県の目指す環境政策に重大な支障を来たすものとして、わが会派の林議員が強く反対しました
その他	カット	貼るのって、ただ、「はさみで適当な大きさにカットして」「糊をぺたぺた塗って」「紙に貼る」それだけなのに、どうしても面倒な時ってあるんですよね〜
映画	カット	その後、映画の権利は数奇な運命をたどって監督の手に戻り、1979年に旧作の再編集と新作カットの追加によってリメイクされた完全版「王と鳥」が完成する
髪	カット	また、フレンチカットグラン(特許取得のカット技法)や超音波パーマ・ヒーリングウォーター配合のストレートパーマなどに合わせ、指圧マッサージ等のリフレッシュメニューもございます
髪	カット	前髪が子供カットで モサいんですよ、眉毛までベッタリへばり着く感じで もう少し軽めにするだけで グンと良くなると思いますが、スタイル等はイイトコ行ってますんで あとは顔です、髪型です
その他	カット	「ウオーターインリップ 薬用スティック UVカット 3g」は、高いうるおい浸透力とうるおい保持効果を持った保湿成分・アクアインプールを新配合したリップスティックです
髪	カット	髪型をアフロにしてしまえば、もう俺はMUGENに準じる、テクノカットにしてしまえば俺はツバキハウスに準じると明確なんですが、僕はデップでたてればニューウェーブのヘアにもなるし、バイタリスでオールバックにすればソウルバーに行けるっていう、適当で中途半端
その他	カット	老人医療費や介護医療費が増加することに対しては、政府は、単純に老人医療費や介護医療費の単純な支出カットで対応する社会保障制度の改悪を考えるのみです
スポーツ	カット	中央に集めていることで外を縦に使われることはあるものの、最後のパスを集中してカットしているお陰で大事には至りませんでしたが、見方によってはスペインは何処は通るのかテストしているようでもありました
髪	カット	全体のカットはベリ−ショ−トで、モデルさんの硬めの髪質を生かし、トップ(天辺)から、えり裾までのモヒカンライン(中央部分)の髪をやや長めに残してあり
髪	カット	90年代には野球で大活躍の イチロー選手 のヘアスタイルが大流行して、 イチローカット と呼ばれる短めのカリアゲヘアーが増殖しましたが、やはり いつの時代もまひど
映画	カット	今まで、カメラが回っている時に監督がゲラゲラ笑ってて、しかもカットがかかる前にゲラゲラ笑う監督には初めて出会ったので、こうゆう監督もいるんだなって思いました
その他	カット	よくよく考えると、悪天候のせいで、ローリングスタート方式に切り替わり、セーフティーカーが中々戻らない状態だったので、予定していた放送時間が延長されていたためにカットされた状態になっていたのだ
その他	カット	変更点は、高レバレッジコースのロスカットルールについて、従来「証拠金維持率が30%以下になった場合は全てのポジションが成行で強制決済(ロスカット)される」としていたものを、新たに「証拠金維持率が100%以下になった場合は全てのポジションが成行で強制決済(ロスカット)される」とする
その他	カット	そこで、ハザードをONにしたときにポジションの点灯をカットしようと考え、ポジションリレーにプラスコントロールで5極リレーを組みましたが、うまくいきません
髪	カット	○カット技術に自信あり○クセ毛のお悩み解決○デザイン/モード系○ヘアエステやってます○エステやってます○エクステやってます○ブライダルヘアメイクやってます○ロングヘアなら任せて○イメチェンなら任せて○髪をいたわるカラーリング○ショートヘアなら任せて○ヘアカラーなら任せて○ヒーリング・癒し系○エアウェーブ(エアパーマ)やってます○シャンプー指導します
映画	カット	映画のDVDにもカットしたシーンと監督のコメントが収録されていて、それを観たときも、映画の流れというものはこうやってつくり出すものなのか、と面白く思ったのだった
その他	カット	動画を取り込んだまでは良かったのだが、物量が多いためか上手くレンダリングが出来ず、何とかムービーでは書き出せたものの、クイックチェッカー上では再生できないカットになってしまう
映画	カット	私はとてもうまくまとまってて、今回のホジノ監督ワールドは好きだったのだけど、あえてカットして、見てる人にいろいろと想像させようというのではなくて、単純に「すべて」みせてほしかった・・・そう、思うのは、やっぱり私がJoonのカジョクだからなのだとは思うのだけど(笑)映画は監督のものだからね〜そうはいかないのよね〜
映画	カット	それらは映画の宣伝用に特別に撮影された写真であったり、映画の一シーンを撮影時に別にとった写真だったり、編集時に使用されなかったテイクやカットされた部分であったりする
その他	カット	特に「FOR YOUR EYES ONLY」はそれまでTVでしか見てなかった007 (その頃の映画番組はTV用にカットしまくりだったので、改めてビデオやDVDで見ると初めて理解出来たシーンもあったりして) を、初めて映画館に見に行った一本です
スポーツ	カット	ディフェンスでシジクレイ選手がボールをカット、これをフェルナンジーニョ選手が緩急をつけながらもフェイントをかけて一気にペナルティ前までドリブルし、そのままシュート
映画	カット	監督たちには「必ず1カット監督の思う東京の画を入れて」と言ってあり、それは東京タワーだったり、ポスターで表現したりと52作でそれぞれの東京があった
スポーツ	カット	決して我々が戦いをやれていなかったわけではなかったので、ただ切り替えのところでアントラーズさんがキーパーから、あるいはカットしてから前線に長いボールを入れて、そこからセカンドボールを入れてきていました
髪	カット	つまり、「まだまだ女性っぽさが残るボブカットにしたのが『松竹オンパレード』で、それを男性風にスッキリ刈り上げたのが翌年の『先生様はお人好し』である」「ボブカットではそれほどセンセーションは巻き起こらなかったが、男性風の断髪は世間をあっといわせた」という
髪	カット	○カット技術に自信あり○エアウェーブ(エアパーマ)やってます○ヘアカラーなら任せて○駐車場あります○ゆったり空間○メイクします○デザイニングスペース○ファミリー○ヘアーケアなら任せて○カウンセリング重視○託児室あります○学割あります○ストレートパーマやってます○眉カット行います○着付け行います○セット行います○ヘアセット&アップなら任せて
その他	カット	この曲は本人が主演を果した映画『ロメオ・マスト・ダイ』のサントラからの曲で、シングル・カットされていないのにかかわらず見事全米シングル・チャート1位に輝いた
髪	カット	顔まわりはスライドカット、毛先はふんわりとした動きが出るようにセニングでカットし、20mmのロッドで平巻きすれば、えり足とサイドにくるんとした弾力カールが完成
髪	カット	カットやパーマ、カラーなどのヘアーメイクのほか、ネイルアート、ジェルネイル、フェイシャルエステも行っており、 お客様の美へのトータルプロデュースをお手伝いさせていただきます
その他	カット	シネマクルーズみたよ、ってあまり言われないのに・・(笑)撮られているのはしってましたけど、どーせ、私はカットされると思っていたからびっくりした
その他	カット	三谷さんの作品は本当に舞台向けだな〜といつも思っているのですが(独特の間の取り方があって、それをこなせない役者とカットで繋ぐTVや映画には無理)、面白いんですね〜
スポーツ	カット	他のクラブを使っているときは、明らかに自分の操作ミスのパスミスをカットされることはあっても、思ったところに飛ばずにスペースや相手にボールを渡してしまうことはないんですけどね
髪	カット	エクステ、ドレッド、ブレード、コーンロー、スパイラルなどの特殊系から、カット、パーマ、カラーなどのナチュラル系まで、なんでも出来るヘアーサロン
髪	カット	カミングメールは、カットだけのお客には1カ月後、パーマもかけたお客には2カ月後といった具合に配信間隔を調整できるので、客にとっては髪が気になりだすタイミングでメールが届くことになる
映画	カット	1903年ごろには、映画前史の見世物に慣れ親しんでいた初期映画の観客は、アクションの重複 やジャンプ・カットを、マッチしないショットとショットの関係であるとして大きな問題としたとは考えられない
映画	カット	(これは海辺のカットシーンにつながるソクホ監督の演出だとも思います)車の中でも、10年ぶりに会えたホテルでもジュンサン(ミニョン)と一緒だといつも爆睡です
スポーツ	カット	・・・僕がハーフまで運ぶ際に、左ドリブルで持っていったんですが(最近では不慣れな「左ドリブル」で、空いた右手でディフェンスを牽制しながら頑張ったんですが(笑))、タイミングを計られて外側から回られてカットされました
スポーツ	カット	卓球検定をやってみるカットマンで活躍し続けた松下浩二選手が1月の全日本選手権を最後に引退されることになりましたさびしいですね一方、こちらは合成ですが、ヌンチャクで卓球をするブルースリーの映像なかなかの球筋です途中で、相手は二人になりますダブルスの動きにも注目しましょうスマ [続きを読む]
その他	カット	京劇の日本公演の場合、日本人は中国語の歌がわからないので通常はセリフや歌の部分をカットするものですが、僕は歌もちゃんと聴いて欲しかったので、ほとんど原作のまま持って行きました
その他	カット	その概要は下図に示すが、高さ100mmにカットした塩化ビニール管(内径50mm) をモールドとして使用し、その内部に土試料を締固めを行い充填する
髪	カット	今日初めてカットをしに行きました* アットホームな雰囲気でとても楽しかったし、素敵な髪型にしていただけて、とても満足しました(^^)また行きたいと思います* (訪問:2010/01)
スポーツ	カット	従来カットマンは卓球のスタイルは守備的なものであったが、以前ルール改正によりボールの直径が38mmから40mmになり、ボールの安定性が増し、カットを返球するのが容易になってしまったため守備だけでポイントするのが困難になり、攻撃性も必要になってきた
その他	カット	実際の上演ですから大小様々なカットがあるのは仕方ないのですが(例えばマオメットの登場のアリアはシェーナを抜いて合唱から直接繋げています)、それ以上に今日的感覚では驚くような楽譜の扱いがあります
髪	カット	自分の髪はもともと、ちり毛で少ない量なので普通にデザインカットした経験がなく、自分の髪の様にクリップを止めたりしながらカットしていく自分の姿を見ていると、普通ってこうゆう事なんだなー・・・と、なんだか初めての経験にじ〜んと、感動してしまいました
映画	カット	写真立ての写真に写っていた自分を見たクラウザは、「チンポみたいな髪型の兄貴」とバカにする俊彦に、あれは、公然わいせつカットと云って、なかなか出来ない髪型だと解説してやる
その他	カット	確かに、公共投資(八兆円)の3%カット継続や裁量的経費の科学技術振興費、ODAのカット幅拡大(3%)などは評価されるが、こちらは予算にめりはりをつけるための「重点化枠」(一千億円)の設定で、いざという時の救済措置もきっちり用意してある
その他	カット	あれから三シーズンが終わり、トレードやカットで選手は入れ替わり、ここに挙げた中で今もファルコンズに所属しているのはヴィックだけになってしまった
髪	カット	(シャンプー・カット・内部補修フルトリートメント込) ボリュームを抑えながら、毛先には弾むカールで、今まであきらめていたスタイルも、夢ではありません
映画	カット	しかしハリウッド映画アクションシーン特有の、細かくカットを積み重ねて編集する手法のせいで、肉体アクションの一連の流れがとぎれとぎれになっているような
映画	カット	『ツイスター』自体も、ただただ、竜巻好きの研究者達が車に乗って、竜巻を追いかける、だから、なんなんだよ、っていう映画だったけど、やはり、カットを重ねていき、人物だけではなく、小物のアップやら、なにかにぶつかる様、砕ける様をきちんと描くことによって、そこで起こっている、とてつもない雰囲気をよく伝えていた映画だったと思う
髪	カット	毛先から枝毛が始まるものの中には、ヘアトリートメント不足による損傷の他、切れ味の悪いはさみでカットしたことなどが原因と考えられる場合もあります
髪	カット	先代のカットモードで3mm坊主にしていましたが、髪を伸ばしショートヘアを作るようになったため、さらなるアレンジ力を求め、アタッチメントが豊富な本機を購入
映画	カット	この夕焼けを背景にした涼のカットには、『仮面ライダー』初作#7のラスト・シーンに於ける[子犬を抱き上げる本郷猛(仮面ライダー1号)]のイメージを踏襲する長石監督なりの思惑があったようですが、涼の場合は本来、水泳界に復帰する(アギトの力って、ドーピングと同様に反則になるのかしら
髪	カット	○エクステやってます○カット技術に自信あり○エステやってます○ヘアエステやってます○完全禁煙サロン○髪をいたわるカラーリング○ショートヘアなら任せて○スタイリング指導します
映画	カット	映画のカット割りやテンポは、彼自身がその影響を隠さないヒッチコック監督の手法を大胆に取り入れ、映画の名シーンのパロディ(冒頭のバーのシーンはヒッチコック作品「サボタージュ」から、地下鉄の階段を乳母車が落ちていくシーンは、「戦艦ポチョムキン」から取り入れた)をふんだんに散りばめることで、実際はあおられていたくせに、ファンにウインクまでしてみせた
その他	カット	企業チームが難色を示すなら新リーグから除外する手はありますが、現実問題としてbjのドラフトで指名を受ける選手の殆どはJBLをカットされた選手が多く、新卒選手も例年少ないです
その他	カット	その上にゴールドリーフを貼り余白部分をカットし、ゴールドリーフにクリアコートを行い、さらにその廻りをピンストライプで縁取りしてFinishです
髪	カット	自分のカットのちょっとした癖などの発見、また一つのヘアスタイルを部分的に少し変えるだけでこんなにアレンジ、変わるものかとマンツーマンならではのもの、たくさんのヘアデザインが得られました
スポーツ	カット	43分/ジヴコヴィッチが中盤でパスカットして左の中山へ→中山がドリブルから折り返し、ジヴコヴィッチが左足シュート→当たり損ねてゴール右に外れる
その他	カット	また、現在、台本化のためにカット作業をしている『ひめゆりの少女―十六歳の戦場―』には、沖縄地上戦において、アメリカ軍が国際法で禁じられている毒ガスを使用していた事実がキチンと記されている
髪	カット	今日はカットとカラーだけしてもらう予定やったんやけど、髪短くしたらゆるパーマをどーしてもあてたくなっちゃいまして・・・時間が遅かったにもかかわらず、パーマ
その他	カット	そのポイントを申し上げれば、2025年までの間について、歳出カットと社会保障給付の適正化を前提とした場合、所得税率や社会保険料率を現行水準に据え置いたとしても、消費税率を現在の5%から段階的に引き上げれば、財政や社会保障制度は安定的に維持はできるというものでございます
映画	カット	他にも、天才的な振付師であるバスビー・バークレイは、映画ならではの演出・特撮・カット割りを駆使し、ミュージカル映画に舞台とは違う独自の発達をもたらした
映画	カット	」と言って自分で脚本を書き「これそのまま映画化したら8時間ぐらいになるけど、カットせんといてね」と無茶な事を言って、映画化そのものを叩き潰してしまったことがありました
映画	カット	先に原作本というものがあると、映画では時間の都合や映画そのものの表現方法によってカットされた場面や心理描写があって、それが映画の補足ということで原作を読む際の大きな収穫になるのですけどねー
髪	カット	■カットで大事にしていること お客様一人一人、頭の形や髪質、髪の量、顔立ちももちろん違いますし 髪の悩みもそれぞれ違いますので、できる限り聞き出し、その要望に応えられるようにCUTしています
その他	カット	当社の製品で、特に自動ストレーナーのVカットスクリーン、オートスキムナーのスクリーン構造、複式ストレーナーの弁構造は他社に類のない特殊構造であり、ユーザーより好評をいただいております
スポーツ	カット	今回本人がカットボールと言ったことに関しては、ただ単に松坂投手のカットボールの映像を、誰かがジャイロボールの映像と称してネット上に流したものを松坂投手が見ただけに過ぎません
その他	カット	その記事は「ばっさりカットした」部分についての記事で、梁家輝(レオン・カーファイ)と陳慧琳(ケリー・チャン)の出演部分がその憂き目に遭ったようだ、というもの
映画	カット	相米監督は、ところどころオペラ的演出を施したり、これまでの持ち味でもあった長回し撮影のみならずカットを割ったシーンも若干見せながら、従来の作品群とは一味違う魅力を描出することに成功している
髪	カット	若者のようにワックスなどでツンツン立たせれば、40mmはそれなりに長いのですが、七:三分けやセンター分けにできる程度の長さの方が、30mmでカットしたら間違いなく(良くても)スポーツ刈りで、おそらくご主人も奥様の目から見ても、丸刈りになってしまった
スポーツ	カット	【卓球】異例のカット対策合宿: 卓球の世界選手権団体戦(5月・モスクワ)の日本代表は6日、東京都北区の味の素ナショナルトレーニングセンターで合宿を公開した
映画	カット	「カットの積み重ねで、映画が出来る」んだと藤村さん、「大映がなくなって、他の色んな現場へ行くと、大映京都の皆さんの映画魂が分ってきて、凄さに改めて気づかされました」
映画	カット	脚本を書きながらカット割りをし、役者にセリフを言わせ、フレームを定め、カットと カットをつなぎ、そのような作業を繰り返して頭のなかで映画を完成させる
その他	カット	今回のカメラマンの方も、記者の方が「じゃあ、紹介カットお願いします」と言ったら、指示されるでもなく、窓の外斜め左上に見える新丸ビルや東京海上日動ビルの屋上から、右下の私の顔まで、巻藁を試し斬りする武士のように、カメラを何度もバッサリ振り下ろしたり、いろいろ工夫して画を撮ってらっしゃいました
その他	カット	カットマン(フォアカット&バックカット)カットするときの角度がとっても綺麗なので参考になると思います人気ラバーを最安値に挑戦して通販で激安販売中のダッシュカットマン(松下浩二 平成14年度全日本選手権にて)現役バリバリの松下浩二選手でした獵重心も低くて前後左右の動きも機敏ですね裂
髪	カット	カットは全体にレイヤーを入れ毛先の軽いタッチをだすために、毛量調整を行い、ストレートアイロンでストレートにし、シャープの中に動きがほしいので外ハネと数箇所にツイストをし、アイロンでスクリューを作り、鋭さをプラスしました
映画	カット	2002年にオンエアされ好評を博した後藤圭二監督によるTV・SFアニメーション『キディ・グレイド』全24話を、新撮カットも交えて3部作の劇場用映画に再編集した中の第2部
映画	カット	また、主演の高橋は「実は、今まで只野はベッドシーンで笑ったことがないんですが、今回初めてカット前に笑ってしまいました」と西川相手のベッドシーンの撮影秘話を明かし、劇場版について「いつも見てくれている皆さんは映画になったことで新鮮に、初めての方にも“こういう作品なんだ”と分かっていただける仕上がりになる
その他	カット	それは劇場映画をテレビ放送する場合に、放送時間の制約でカットしなければならないような場合、「意に反する改変」について実演家からクレームが付けられなくても済むようにしようという製作者側への配慮なのでしょう
スポーツ	カット	5大会連続のメダル獲得を目指す女子は4月からは福原ら主力が苦手なカット主戦型の中国出身の男子選手とロンドン五輪までの専属契約をする方針で、2月の代表合宿も練習相手に呼ぶ
映画	カット	ジェイソン・ライトマン監督"Thank You for Smoking"がサンダンス映画祭で上映された際、アーロン・エッカートとケイティ・ホームズのセックス・シーンが監督に無断でカットされていたらしい
スポーツ	カット	前半は中央にスペースが無く受けられずカットされるばかりだったミュラーがボールを受けられるだけのスペースが出来ましたし、徐々にボールに触れるようになり、試合の流れの中に顔を出せるようになったのもリベリーが奮闘した効果でしょう
その他	カット	前半から後半にかけて、相手の越谷のカットがずっと崩れてなかったので、最後崩せて、18番(米山選手)に選手代わりましたけど、崩せたことによってああいう展開になったので
映画	カット	話がどうこうと言う以前に、映画を構成するパーツとなっているシークエンスやシーン、カットなどが強烈な個性と美意識で完成されており、それらがコラージュされて映画全体を作り上げているような作品
スポーツ	カット	また、中へ入ってくる(カットインしてくる)プレーですが、しばしば一本目の飛び込みにパスを合わせてしまいがちで、二枚目、三枚目への合わせが欲しいですね
その他	カット	この部分のカットのため、一旦、フレキ全体をジョイナーからはずして、板の上で、まず、ニッパでスパイク部分をカット後、スパイク外側でカッターで切断
スポーツ	カット	ディフェンスラインの前でカットしたりして誰かに預け、真っ先にゴール前に走る動作がこのW杯では目立っていたのですが、今日は体がかなり重そうで、動きの悪さが目立ち、途中交代を強いられました
その他	カット	日本商品先物振興協会はこのほど第1回となる市場戦略統合委員会を開き、不招請勧誘禁止の適用除外となるロスカット取引の内容に関して意見交換を行った
髪	カット	カット・カラー・パーマ等の通常メニュー以外にも、マッサージシャンプーやヘッドスパなどの リラクゼーションメニューも取り揃え、極上のリラクゼーションを堪能できます
髪	カット	水洗いOK コードレス電動バリカンバリカン+はさみ+くし+お掃除ブラシセット 整髪の仕方は簡単♪セミロングから丸刈りまで自分でセルフカット可能
スポーツ	カット	しかしこれが落とし穴、住電はじわりと追い上げ、17−12からサーブカットが乱れたところを付け込まれて17−14、更にスパイクとサービスエースを決められ1点差、東北リコーのスパイクが上ずりアウト、まさかの17タイ・・・
スポーツ	カット	ある程度動きを覚えたらディフェンスをつけて1対1を行いますが、最初は大体Vカットでなく直線てきなIカットの動きの連続でディフェンスを振り切れないでボールをもらうことができないことが多いです
映画	カット	「彼は映画監督の時、とても高い根気とEQがあり、その上シーンやその他の各方面を運用をするなどとても劉偉強(アンドリューラウ:頭文字D監督)の風格があって、カットは速く正確で、とても巨匠の風格がある
スポーツ	カット	いつもガンバのラストはファールでしか相手ディフェンスを止めることができなかったんですが、松下選手はファールすることなく相手からボールをカットできていました
髪	カット	司からコメント⇒私の愛用品、カットにNo105/ ワインディングにNo11/この2つのコームは最高に使い易いです、貴方の腕が上がること間違いなしです
髪	カット	前髪や顔まわりをパツンとカットしてマッシュラインを強調することで優しい印象を与えつつ、毛先にリバース&フォワードの動きをつけて空気感をプラスし、グッと知的さも演出
その他	カット	その分カット割りも複雑になって、第一作の「クリスマスのフロスト」では、肝心のフロスト警部と彼を取り巻く状況をそれなりに把握するのに 100ページ近くも読まなくてはならない
その他	カット	これは特に外国人選手や、キック選手から総合に転向してきた選手などに多いのだが、彼らにはバッティングでのカットを防ぐためにもあってワセリンやオイルを塗る習慣がある
スポーツ	カット	・後半5分、SO滋のパスカットによるターンオーバーから展開、安藤がキックダミーで突っ込むが、その時チャージに来ていた相手の足が安藤の腹にあたり、「痛い
映画	カット	娘が麻薬中毒であるマイケル・ダグラスの最後の行動がちょっと偽善的な感は否めないが、その後のメキシコのナイター設備が整った野球場でベニチオ・デル・トロが満足そうに野球をながめているラスト・カットの静かなエンディングが印象的
髪	カット	奈良県橿原市にある美容室Myuは、カット、パーマ、トリートメント、エステ、着付け、ネイル、エクステ等のヘアサービスをする気軽に寄れるアットホームなヘアサロンです
その他	カット	池田亮司による美しいカット・アップ&ドローン音響1、カンの盟友ヤキ・リーベツァイトも参加した、シューカイのアブストラクト&ストレンジな電子音と女性の声が漂うアンビエント・トラック2、笙の響きが美しい7、ハープによるケージ作品演奏10など、サイレンスをめぐる美しく静かな提示
その他	カット	オープニングのテープカット、センター施設の見学の後、式典はセンター2階の杉浦ホールで行われ、光山正雄 医学研究科長の式辞、松本紘総長、中村孝志 医学部附属病院長、坪山直生 人間健康科学系専攻長の挨拶に続き、寄附者の杉浦広一スギホールディングス会長から挨拶があり、引き続き寄附者である杉浦広一氏、杉浦昭子氏へ松本総長から感謝状が贈呈されました
映画	カット	スクリプターは、映画・テレビの製作において監督のコンテに基づいてバラバラに撮影されるカットを最終的に1本につなげるために撮影から編集まですべての作業に携わり、作品の一貫した流れを把握し、
その他	カット	で、悔しいのでとりあえず銀桂プリンを買ってきてヤケ食いしました(いや、正確にはカットは銀桂晋の3人だけど遠目だと銀桂の二人だけみたいに見えるよねアレ ^^;)
映画	カット	その市川監督の姿がいつ撮影されたものかは存じ上げないのですが、あの前作とは明らかに趣を変えたリメーク版『犬神家の一族』のラストカットに、撮影当時から感じていた監督自身の姿とだぶってしまうという思いは、やはり当の監督自身もそのつもりで、これで最後になるやもという覚悟の上で演出されていたんじゃないかと思わずにおれませんでした
映画	カット	しかし、そんな狭苦しい舞台設定の中、撮影には2台のカメラを使用し、中原監督おなじみの360度回転カットも取り入れるなど、映画らしい広がりを出している
髪	カット	現代スクアーロコス用にくるくる様の耐熱ロングウィッグは持っているのですが、今のところそれと同じものをもうひとつ購入し、前髪をカットせずに長いまま流そうと考えていますが、思ったより少し短くなってしまいそうな気がしてます
その他	カット	ダイエット 運動 方法のダイエットスープは、カロリーをカットしながら必要な栄養素はきちんと入っているプー アル 茶 ダイエットのダイエット食品です
その他	カット	また、教育受けたスキーパトロールと話をすれば降雪後にスキーカットで落とす雪崩のかなりの割合が弱層というより、ウイークインターフェイスで落ちていることを知っています
髪	カット	大阪の本町・心斎橋のOLが通う22時まで受付の南船場のヘアサロン♪カット・パーマやカラーはもちろんオリジナルのトリートメントやスパで、仕事帰りに癒されつつキレイになれる美容室です☆
髪	カット	今日美容院にいって髪を染めようとしましたが、私の症状を理解していつもカットしてくださるお姉さんにかぶれたら責任もてないし、あなたもくるしいとおもうから、表面だけすこーしメッシュみたいに茶色に色をいれてたらということで本当はきれいに染めたかったけどすこーし色をつけるだけにとどまりました
その他	カット	【ブリュッセル共同】サッカーのワールドカップ(W杯)で観客の多くが吹き鳴らす「ブブゼラ」の音だけをカットし、試合を放映することにフランスのケーブルテレビ、カナル・プリュスが成功した
映画	カット	昨日運転された、「リバイバルあかつき」、上穂波−筑前内野間で撮影後、筑前内野駅で長時間停車をしている間に、筑前内野−筑前山家間へ追いかけて撮影したカットです
髪	カット	○カット技術に自信あり○ショートヘアなら任せて○ヘアカラーなら任せて○ロングヘアなら任せて○デザイン/モード系○クセ毛のお悩み解決○スタイリング指導します
その他	カット	●その他:紫外線をカットする成分を含むヘアスタイリング剤を使用するしたり、分け目の部分にUVA用の日焼け止めクリームを塗布することもおすすめです
その他	カット	ロスカット・ルールとは、ポジションまたは口座全体の評価損が、ある一定レベルに達したときに、さらなる損失の拡大を未然に防ぐために、その対象ポジション、または口座の全ポジションを反対売買により強制的に決済する制度のことです
その他	カット	エッセイ・座談会の類や(カットに近い)ヒトコマ漫画等ならばいざ知らず、ある程度まとまった規模の漫画作品が、今ごろになって新たに“発見”されたことに驚く
髪	カット	もちろんカットもあったので2時間はかかってしまったが、パーマをかけたことで気分転換になった♪ホントはちゅうちゃんと付き合っていたくらいの時期の髪質を取り戻したい所だが、加齢+妊娠・出産でだいぶ髪質も変わり、以前のようなまとまり感に欠ける
髪	カット	*火曜日 カット・カラー・アルマダトリートメントを された方に『スチームカラーを無料体験』 *水曜日 ストレートパーマ・アルマダトリートメントを
髪	カット	重めもボブベースでミディアムラインにカットし、ふんわり感、やわらかさが出るように 少し軽めの量感に♪ ランダムにカールをつけた重軽なガーリースタイルです
その他	カット	詳細は山本氏の原稿を読んでいただくこととして、望月氏が、カットつなぎやシーンのつなぎ目に並々ならぬ創意・工夫をこらす演出家であることは、純然たる事実であり、氏の演出の特筆すべき特色の一つとなっています
映画	カット	ラストカットで新郎新婦様が花火で火をつけてる様子を上映し、映像が終了後すぐガーデンのカーテンが一斉にOPENし、花火があがるという演出をしました
その他	カット	3役の報酬カットによる09年度の削減額は計約480万円(4月から1月17日まで、市長20%カット・副市長15%・教育長10%、ただし副市長は8月に退職)、管理職手当カットによる削減額は計約1780万円
その他	カット	さらに、受信料不払い増加への対応として職員の給与カット、制作費の削減などの案も伝えているが、職員の不祥事の尻拭いを、出演者を含む制作関係者、最終的には国民に負わせるようなことがあってはならない
その他	カット	なお、文中極めてスムーズにゲームが進行しているように見えるのは、執筆者が不必要な部分をカットしているだけであり、結構ゴタつきながらのプレイでした
髪	カット	今ロングなのですが、来月結婚式に出席するので、母が行っている近所の美容院でセットだけはしてもらうつもりなんですが、前髪が長くてついでにカットしてもらおうと思っているんですが、してくれるでしょうか
スポーツ	カット	ここまで見ていて感じたことは、ボールをカットし1本の縦パスが渡ればチャンスになるのに、なぜか横パスが多いため、その間に相手DFが守備に戻り、せっかくのチャンスが潰れてしまっています
その他	カット	)●UVA/UVB(紫外線)100%カット●曇り止めレンズ●オープンセルフォーム(レンズ内に風や塵などが侵入してくるのを防ぐためにフレーム内側に付けるスポンジ状のライナー
映画	カット	たとえば、映画の中に視覚的にはまったく認知できないコカコーラの映像を数カット入れておくと、映画を見た人は無性にコカコーラが飲みたくなる、という具合です
髪	カット	美容師科はカット・パーマ・メイク・ヘアメイク・エクステンションと毎日いろんな体験入学が行われています☆ヘアメイクの先生や優しいベル生にハサミの持ち方から教えてもらえます♪
その他	カット	さらに、各課にその3%を各事業一律カットかというご質問でございますが、基本的に各課におきまして一律カットではなくて、全体で3%をクリアしていただきたいということで、事業によりましては当然前年度よりも増額する事業があるとすれば、その他の事業でさらに削減していただいて、トータルで3%の削減をしていただくということで、各事業一律ではございません
映画	カット	しかし映画は、そんな思想的な部分を重苦しく感じさせることなく、カット割りの巧みさ、ドラマティックな音楽で緊迫感を盛り上げ、長い上映時間を感じさせず一気に引っぱっていく
その他	カット	リアルタイム字幕放送は、字幕の表示が音声よりも数秒遅れるのが原理的に避けられないのはわかるんだけど、CM入り数秒前が丸々カットされても一切フォローがないっていうのは勘弁してよ
映画	カット	今回は、第64回ベネチア国際映画祭でワールドプレミア上映された、『ブレードランナー ファイナル・カット』を完成、監督が92年公開の『ディレクターズカット/最終版』をベースに再編集やデジタル修正を行ったもの
髪	カット	初めて言った美容院だったんですが、カルテを作成してもらうとき、「今後は伸ばす予定だけど、今回は肩より上までバッサリ」と書いたもんだから、カットしてくれる人に「え
その他	カット	シーズンを問わず「少年性」をテーマとしている彼だけに、足元はハイカットのスニーカーなどが有名でファッション好きの中では毎シーズンとても人気がある
髪	カット	ムースを付けてセットした後にまたカットするので、切れた髪の毛がいっぱい頭に残っていた・・・サロンに行ったときの私の髪型は前髪が15センチ以上あって、真中で二つに分けていたが、さて、客の注文を聞かずにカットするとどんな髪型になるのか
その他	カット	東レの短繊維事業部は、10年春夏シーズンのセーター用途でUV(紫外線)カット機能を備えた糸が堅調に推移し、「昨シーズンと比べても伸びた」(三木憲一郎短繊維事業部長)という
髪	カット	上野樹里さんのヘアスタイルは、丸みのあるショートヘアー頭の丸みにそったラウンドスクェアにカット全体を同じ長さにすることで丸みを出しネープや耳にかかる毛を残すことで男女とわず似合うベリーショートに仕上がります
その他	カット	着替える時は、男性は、競泳水着Vカット並びブーメランタイプの小さめで、正真正銘超完璧本物女性筋肉質筋肉美肉体美更にヒップとバストが大きめ+足も長く髪の毛も超完璧茶髪スポーツ刈り寸前のライフセーバー選手と水泳=遠泳と競泳選手と水球選手が、アシッ
髪	カット	カッコよくなりたいや、可愛くして☆ゴージャスに♪などのあなたの望みを、カットやカラー、パーマ、エクステにアイラッシュも含めトータル提案で叶えてくれると人気のサロン★オシャレなのにとっても気さくなスタイリストさん揃いで、ヘアーだけでなくアレンジや服装の相談もしやすいと評判のお店です
髪	カット	マッシュルームカットのようなショートヘアで、天使の輪があり、でも、さらさらの髪というわけではないけどうまくまとまっている髪型の人を後ろから見たときの感想
映画	カット	演出面ではメインをつとめた雨宮望のオーソドックスな演出ぶりと正反対のサブの堤ユキヒコ(堤幸彦)の演出ぶりが注目され、最初の数カットを見るだけで今回はどちらの演出なのか分かってしまうほどであった
スポーツ	カット	前半25分、相手ボールをカットしてつないだボールを山瀬がクロスを上げると、待ちかまえていた俺王が絶妙のボールコントロールで左足アウトサイドで流し込んで先制
髪	カット	従来のドライカットは、髪を乾燥させるだけで、パサパサな状態のまま施術をおこなっていたので、はさみが髪のキューティクルに引っ掛かり、髪への負担が気になっていました
髪	カット	でで、わたくしゎカットとカラーとトリートメントで生き返りました カラーゎゴールド系にしたょ 毛先をパツッと重めにカットしてもらった トリートメントでツヤツヤ 前髪
映画	カット	その上、あらかじめ決まったカットごとに撮影するのではなく、台本の順番通りに撮影を重ねていった事で、演じる役者さんの表情がそのまま時間軸と重なりますので、ただ佇んでいるだけで、映像が完結してしまいます
映画	カット	劇場版1作目のエピソード4製作時には、代役の人間で撮影した後にストップモーション・アニメーションなどを重ねてジャバを表現する予定であったが、結局は技術や予算の関係でカットされたため、エピソード4本編にはジャバは登場していなかった
その他	カット	水中 ウォーキング ダイエットのダイエットスープは、カロリーをカットしながら必要な栄養素はきちんと入っている産後 ダイエット 食事のダイエット食品です
髪	カット	理・美容師はパーマをかけるための「ロッド」という棒状の器具を髪に巻きつけたり、ハサミで髪をカットしたりと、とにかく手をよく使いますから器用にこしたことはありません
その他	カット	ただ、これは日本の保安基準なので、改善屋さんの改善方法で、ポジションをカットしてウインカーとしてだけ使う場合と、ウインカーを使うときにポジションを消すユニットを入れている場合があります
映画	カット	お父さんはさすがに彼を知り尽くした感があり、どのカットを取ってもベテランのような表情を引き出していて、逆にオノレの映画では限りなく現代の若手俳優であり軽い感じが出ていて興味深い
その他	カット	左側はケイタが左に流れて納める動きは上手くいっていましたし、アビダルのオーバーラップを含めて三枚で左の主導権を握れる状態にあるものの、中央で受けるべき選手がおらず、メッシが下がって受けようとしても中央でセンターバックを引きつけておくべき選手を失ってしまうため、パスカットを狙われやすい環境になってしまう
髪	カット	しかし、第一、第二、第三段階のカットを、セニングシザースで根元から毛先までセニングを入れ、先細にカットして筆の穂先のようにしている選手もいるが、これは『ビット』ではなくスパイキーヘアになる
スポーツ	カット	カットされた後に連動して奪い返そうとしているものの、それがあまりに奪う意識が強いものでありすぎて、攻撃を遅らせる事が出来ず、逆に自ら動いてパスコースやドリブルのコースを作ってしまっているかのようでした
その他	カット	岸田真理子さんが担当された朝日新聞コラムのカット(こちらに少しだけくわしくお話ししています)と、それらをもとに制作された銅版画のご紹介、6回目です
その他	カット	前作「ずっと読みかけの夏」の時のような、曲と映像が相乗効果になって迫ってくる(その結果、曲をさらに良く感じさせる)ような作品を期待していたが、CMカットの「パラレル」にその片鱗が現れていたのみか
髪	カット	フロントフットドライブとカットショットの練習を行いクリケット独特の動きを体感して頂いた後、コンティニュアウスクリケットというミニゲームを行いました
その他	カット	『知事の報酬30%カット』や『全国2位の職員給与を全国レベルに引き下げて財政危機回避(約2000億円削減)』は、名古屋市長河村たかしを彷彿します
映画	カット	ここで撮ったカットは、待ち合わせ場所を勝手にパンテオン前だと思い込んだ薮田が地団駄踏んでるシーンと、疲れ果ててトラックの荷台に転げ落ちた薮田医師が、運転手に担がれてトラックの荷台から下ろされて気持ち悪がられて、運転手が逃げ出すシーン
スポーツ	カット	ここまで足元に空中戦にと圧倒的な安定感を誇っていたUー17候補の星稜CB鈴木大輔(2年)が自陣で始めたドリブルを神村の芝貴希(3年)がカットしてそのままスルーパス
映画	カット	もちろんその他にも、中村育二がビルの屋上から飛び降りるのをワンカットで捉えたシーン、フェリーから廃墟を眺めるシーン、役所広司を優しく腕に抱いた小西真奈美が、こちら側(観客側)に顔を向けるシーンなど、映像的な愉悦に満ちたショットが『叫』には満載
その他	カット	私の見たマレーシア版では相当数カット、検閲のためか上映時間を短縮するためかはわかりません、されてたのですが、映画自体はそれほど優れたものとは思えませんでした
髪	カット	すきばさみがどうしても手に入らなければ、カットはさみを毛先から1センチくらいまでの範囲に、下から縦に入れて少しずつ切る(髪の毛先を細くするように)といいと思います
その他	カット	※BE ATHLETE(ビ・アスリート)ではスーパーグリップソックス以外に、超ローカットストッキング・レッグウォーマー・ネックウォーマー・グリップグローブなどを販売しております
髪	カット	シャンプー、カット、パーマ、ヘアーカラー、着付け、メイク、 エステ等美容業務全般中間生指導出来る方賃金優遇22年4月リニューアルオープンにつき急募
その他	カット	最近'アイリス'の制作社太原エンターテイメント高井関係者はソウル新聞NTNと会った席で"13日からカンヌ映画祭マーケットを通じて海外セールスを本格的に始めた"と"映画'追い手'セールスを担当したパインカットが販売を引き受けている"と明らかにした
映画	カット	カナザワ映画祭2008でドキュメンタリーを集中的に見たとき、「演説の合間に聴衆のリアクションカットを挿入する演出技法はいつごろ始まったのか」と思ったものだ
その他	カット	テナジー64&テナジー05 今、テナジー64やテナジー05を使ってカットしているプロ選手がいますが、(チュセヒュク選手やviパブロビッチ選手、また塩野真人選手、ギオ二ス選手など)テナジーはカットマンが使えるようなものなのでしょうか
その他	カット	たとえば、テレビ番組のDVDでも背景音楽を消すためアフレコ処理している例があったり、プロレスなどもDVDでは選手の入場曲を変えていることがあります(もちろん歓声は後入れ、アナウンサーの実況も巻添えでカット)
映画	カット	また、1シーン1カットの長回しや、細かな演出で知られている三谷監督の作品に初参加した妻夫木、綾瀬の両名は、「聞いていたよりは短かったが、4分ぐらいのシーンでは汗がダラダラ出た」(妻夫木)、「演出がとても細かくて、監督の中にあるイメージにぴったりハマらないとOKにならない
スポーツ	カット	普通ならばカット性のスピンで弧を描かずに直線的なボールとなり何回もブロックしているとロブになったりアウトになったり・・・と痛い経験を私は何回もしています;しかしエクストラは粒とはいっても太くて低い粒なので【半アンチ粒】といっても過言ではありませんブロックをした時に表に近いような弾道となりある程度低い弧を勝手に描いてくれるため、綺麗に相手の深いボールを送り出してくれてアウトミスが非常に減りました
その他	カット	カット時に何らかの汚染を受けたと推定して、パンを外側上部、下部、切り口である内側と分けて検査した結果、包丁による汚染を推定していたが、意外にもパンの外側上部が汚染されていたことが判明した
髪	カット	イタリア選手って、髪の毛もきれいになでつけちゃったり、どんなに動いても美しくまとまる、ジャネット・リンみたいなカットだったり、おヒゲもきれいな形にしちゃったりして、なんかオシャレだし
髪	カット	カット、カラー・パーマはもちろん、ヘアケア、メイク、お客様とのコミュニケーションにいたるまで、独自のチーム活動でよりよいサービスを追及しているからこそのひとときをつくりだしている
その他	カット	前者の例としては集英社から刊行された作品の多くや『GOTH リストカット事件』が、後者の例としては角川スニーカー文庫で刊行された作品の多く(『きみにしか聞こえない』、『さみしさの周波数』、『失踪HOLIDAY』)や『暗いところで待ち合わせ』が挙げられる
その他	カット	印刷するだけで年賀状が完成してしまう「完成版年賀状」や、写真をはめ込んだ年賀状が作れる「デジカメフレーム」、組み合わせてお好みの年賀状を作れる「干支カット」や「賀詞」などの年賀状イラスト素材が無料でダウンロードできます
その他	カット	やはりこれは現在、昨年よりは欠員が少ないということですけれども、私たち聞いたとこによりますと残業についてもつけるなと、つけてもカットされてしますというようなことも聞き及んでいるわけであります
その他	カット	いずれ県で、委員がおっしゃったように1年間に30%のカットをやりますという話になっているのですけれども、いずれその中で必要な事業はやっていかなくてはならないということで、我々が今考えているのは、まず新規地区をきちっと押さえておく
映画	カット	それも第一部では明らかに短縮するためのカットが多かったが、第二部は監督の趣味による改変と感じられる部分が多くて、原作読みとしては首をひねらずにはおれないのだ
その他	カット	鍋にオリーブオイルを入れ、玉ねぎのみじん切り・にんにくのみじん切り・ポルチー二茸を炒め、カットトマトを加えて約10分間煮詰めて、とろみがついたら塩・こしょうで味を調える
髪	カット	髪型だって影響を受け、マッシュルームカットや長髪にあこがれたものですが、いまや、マッシュルームカットというと、ワッキーやふかわりょうが思い出される時代になってしまいました
スポーツ	カット	最後に私がサーブの打ち方見本をオーバーハンドとフローターに分けて行う、フローターの選手はサーブカットするために反対コートへ行き、オーバーハンドとサイドハンドサーブの選手は私の打ち方を観察する、足の踏み出し方から体幹軸の回旋そして腕のスイングからボールをミートする瞬間までを何十回も見本打ちする、反対コートではサーブカット練習となる
その他	カット	そうした事実を受け入れた上で、強がりではなく再度言えば(笑)、やはり、ロキシー、ヴェルマ、ビリー・フリンのダンスがカット割りでごまかされていることには変わりがない
その他	カット	長州がカットに入り、小川が村上にタッチした時点から小川が長州と乱闘をはじめもみ合っている間に、試合権利のある中西が村上をがっちりとチキンウィング・アームロックで決めてギブアップを奪った
その他	カット	二原を担当したカットがアニメーターAMVに入っていた時に一原さんよりも自分の二原の方がうまいのだから入れるのはおかしいみたいなことを言っていたなあ
髪	カット	ショートレイヤーをベースに、スライシングやポインティング等のカットで毛先に表情を出し、毛束を1回ねじってロッドに巻きつけて毛先を逃がしたパーマでクセ毛のようなルーズな質感を出しました
その他	カット	反射光をカットし、空気中で反射した光や、水面の表面などに反射した光を除去することが出来るので、空は濃さを増し、水面の反射も無くなるので、より鮮やかな写真を撮ることが出来るようになります
映画	カット	ン・マニュアル』などで再録を試みてはいますが、『魅惑の鉄道』に使用しているカットだけは欠落しており、その前後コマや類似カットをご紹介しています
映画	カット	作中の中では、「カット割り」や「音楽を一切使用しない」、「4人家族が横一列で並んで食事をする」、など、様々な作為に満ちた演出が試みられていて、映画好きとしては「目がくぎ付け」になる
髪	カット	グラデーションカットの一般部門(学校卒業後3〜5年のヘアスタイリストが主体)に本校生40名が出場し6名がノミネート、そのうちの1名が第3位に入賞することができました
映画	カット	しかし「ともだちの正体がバレてはいけない」ということで、一般試写会はもちろんのこと、映画評論家などマスコミ関係者が事前に作品を鑑賞するマスコミ試写でも、“真実”が明らかになるラスト10分をカットして上映する、異例の対応が敷かれた
髪	カット	仕上がってきたカットスタイルは、ショートボブにレイヤードをミックスした作品、レーザーや梳き鋏で毛の根元から中間へ、中間から毛先へと質感を求める作品など
その他	カット	五郎さんが仰るように名付け親はスィーニー選手で、理由はジョッシュ選手のクリーンカットで童顔な外見がビデオゲーム“Paperboy"(新聞配達少年)の主人公の少年(もちろんアニメ)↓に似ているから
髪	カット	カット、カラー、パーマ、トリートメント、ヘッドスパ、デジタルパーマ、エアウェーブ、エクステ、縮毛矯正(ストレート)、まつ毛カール、着付け、セット、メイク、M3Dなど
髪	カット	ぼくはカットの際、スタイリストさんと会話が続かなかったりといった気まずい雰囲気が苦手だったのですが、スタイリストさんとの共通点もあったせいか、あっという間の一時でした
スポーツ	カット	ラームがバランスを取って後方のスペースをケアしてパスカットを狙ったり、飛び出されないようにマークに付いておくべきだったんですが、それも出来ておらずピンチを拡大させるばかりで、それはヴァン・ブイテンがデミケリスと交代するまで続き、その後はセンターバックが再びケアに出てこられるようになった関係から修正されていきました
スポーツ	カット	明治大学卓球部の総監督を務める児玉さんは、カット型の松下選手が慣れられると不利との理由から、スウェーデン留学に反対したことに触れ、それでもなお決意が変わらない松下選手に提出させた「誓約書」を持参し、読み上げた
その他	カット	それによってマルケスやガブリエル・ミリートが縦パスのカットを狙いやすく、セルヒオ・ブスケツも同様に相手の前にはいってカットを狙えるだけの環境をフォワードが作れていましたし、さらに後方のキーパーにまで戻させることで、キックの精度が悪いアルムニアへ蹴らせ、何度もラインを割らせることへ成功していました
その他	カット	ただし、その記事でもレザーソウとマイターボックスを使用してボディカットしていたが、刃溝のガタを考えたら直接Nゲージで求められる精度の切断は望めない
その他	カット	役者はダイコンなので、特撮では無い部分はいかにも素人映画だが、戦車が回り込んで撃つシーンやら、怪獣が持つ高圧電線が地上を跳ね回るシーンやら、色々と新鮮なカットも有って良かった
スポーツ	カット	ラインが低くなってもオサスナは中盤と連動させつつ、ラインコントロールもして一定以上に下がらないようにしていましたが、それでも広報からのパスは距離が長くなったことで、バルサがパスカットを狙えるようになりましたし、狭い距離で少ないタッチのまま繋がせる回数も減り、ミスも増やせて、試合のバランスはバルサへと傾いていました
髪	カット	あの“聖子ちゃんカット”の産みの親としても知られる、ヘアーディメンション代表・飯塚保佑氏ら、人気ヘアメイクらに直接メイクをしてもらえるとあり、会場は10代~50代と幅広い層の女性が集まった
髪	カット	相川さんに最後に切ってもらって以来、髪はめちゃくちゃ・・・っていうか、相川さんカットうまいから、なんと今でもワックスつけたらちゃああんとしあがるんですよ
その他	カット	財政運営面では、財政危機に対応し自らの知事給与を10%カットするなど、人件費の圧縮や福祉・教育及び学術研究予算の削減(シルバーパス(敬老パス)の全面有料化や、寝たきり高齢者への老人福祉手当の段階的廃止、障害者医療費助成の対象を縮小など)を行ったが、一方では「東京から国を変える」をスローガンに自らの発案になる大型プロジェクトや臨海開発事業へは積極的な投資を行うのが石原都政の特徴である
その他	カット	アクセルOFFで走行中、エンジンの回転数が高い場合は自動的に燃料の供給が停止されます(エンジンの回転数が高ければ燃料を燃やさなくてもエンジンが止まらないため、アイドリング分の燃料も含めて全ての燃料がカットされる)
その他	カット	さらに昨晩は一睡もせずにコーチ陣と来シーズンの構想を練っていたという中村HCは、この試合で13得点をあげた孫に対して「7:3くらいの割合でカットを考えていたが、今日、昨日の活躍を見ると、(来シーズンも)残るかどうかは五分五分になった」と含みをもたせるコメントをした
その他	カット	テレビCMにしても、提供している番組を精査しながら、絞り込んでいく予定です」 と、「広告費大幅カット」の方向性については認めながらも、「スポットCM以外は『全滅』」との見方を否定している
その他	カット	これを受けて、ヒップ・ホップ・ビジネスで一財を築き、自らもジュエリー・ビジネスを経営するラッセル・シモンズは、 アフリカでダイヤモンド・エンパワメント・ファンドなるものをスタートし、アフリカでカットやポリッシュを行い、 輸出価値を高める指導を行っていくことにしているという
髪	カット	失敗したいと思いますがないので『お★MANS』のテクニックに習ってパッツン前髪カットのせいか前髪を理由に習ってた前髪をキープしませんように阻まれ続けたパッツン前髪だけ伸びるの美容師さんに美容師さんに阻まれ続けたカワイイ女子のテクニックに美容師さんに受け入れてもらったパッツン前髪だけ伸びるのせい仕方がないことを理由に作ったカワイイ女子のマネ
その他	カット	カット7 の後半にて、トラックが終了したと同時に、左パンで歩いてくる「友達C《を映すのだが、トラックからパンにカメラワークを滑らかに受け渡すタイミングが難しく、何度も取り直しとなった
その他	カット	【0008】合成繊維トウを開繊した後ステープルにカットし、次いで該ステープルを圧縮梱包することなくカード工程に空気搬送することを特徴とするカード工程への繊維搬送方法である
髪	カット	(そういえば・・彼女は以前、自分の旦那さんの髪の毛をカットしてあげて、その切った髪の毛を集めてウサギを作った事があり、そのウサギもかなり可愛かった
映画	カット	143分の長編で、配給会社からカットするよう要求されたものの、ガルシアはこれに応じず、いくつかのシーンを再編集した結果、逆に10秒長くなったらしい
その他	カット	また【D】は、一時にたくさんの軍人が押し寄せたので、女性たちの陰部が「摩擦のため充血し、腫れていた」ことを知った軍医が(右の著者ではない)、三日間の休業を命じたところ・・・・・・【カット41】という話を紹介し、「これのどこがレイプで性奴隷なんだろう
髪	カット	アメリカ在住40年で、アメリカナイズされたというオカモトさんは、髪をカットするたびに、日本の理容店にはいつまでも高級であってほしいと思う、と少しボサボサの髪をかき上げながら話した
その他	カット	別に企業だって正社員に金を掛けたくて仕方が無いなんて思ってないんだからコストカットしかできない無能経営者の会社は次のターゲットを正社員にも伸ばすに決まってるだろ
スポーツ	カット	ある大会に国分寺から参加したペアーは、お揃いのユニホームになんとスコート姿(普通はトレパン)、試合も打球がカット、カットでとても同じスポーツとは思えなかった
映画	カット	私は友達からDVDを借りて観たのですが、テレビのは日本語吹き替えされているのが、今ひとつだったし、随分とカットされていて、面白さが半減してしまった気がしました
髪	カット	それだけに、今回の「仲間由紀恵・慧」篇のCMでは、ちょっと昔に、歌手の松田聖子さんが、デビュー曲の「裸足の季節」から「ガラスの林檎」聖子ちゃんカットっぽく見えたセミロングの髪型で出演していたので、とても斬新に感じましたね
その他	カット	第2位は崎浜選手、全身よく鍛えこまれたカットでは山田選手を上回っていたが、惜しまれるのはフリーポーズ、あまりにも速いテンポの曲にあわせたポージングで、崎浜選手の良さを認識できないうちに終えたのは残念であった
映画	カット	また、ビデオソフトならばTVと違ってトリミングやカットのない映像を見られたために、TVの洋画劇場は次第に人気を失い、ついには姿を消してしまいます
髪	カット	1ヶ月半以内に再来するとカットが¥500引き、カラーとパーマがそれぞれ¥1000引き、2ヶ月半以内に再来するとカットが¥300引き、カラーとパーマがそれぞれ¥500引きになります
その他	カット	グレー系は全体に光量をカット、緑系は目に安らぎをあたえ、黄色系はコントラストがハッキリする、などそれぞれのカラー特性によって効果も変わってきます
髪	カット	メンズの硬い髪の短目の髪型の場合は、染めとカットを同時にする場合は切る前に染めます、切ってから染める方が髪が短くカラーの薬剤が少なくて済むので経済的なのですが、硬い&短い髪の場合は切ってからですと”タワシ”に薬剤を塗っているような感じで薬剤の”弾かれ”を起こし薬剤で髪を包むのが大変で染まり難く成ってしまいますので、切る前の少しでも長い状態に塗って”薬剤の重み”で浮きを抑えるように染めます
その他	カット	波動カットは、髪への引っかかりや負担を防ぐため、完全セッティング(アイロン施術等)してからミリ単位の毛束を取り、波動開閉でカット致しますので、髪を滑るようにカットすることができ、髪への負担がなくなります
その他	カット	お顔そり(2回そり)・眉カット・襟深そり・背中ハーフ剃り(肩甲骨まで)・背中パック(美白orニキビ用)・デコルテ剃り・フェイシャルマッサージ・ヘッドマッサージ・プラセンタパックorコラーゲンパック・お顔そり券プレゼント
映画	カット	映画評ではやたらと「劇画的」とか言われていたので、どんな異様なカットにしているのかと思いきや、アニメやコミックに慣れている者にとっては、むしろ地味なくらいにちゃんと映画らしくまとまっているじゃん、という感じ
映画	カット	アニメ『機動戦士Ζガンダム』を新訳して劇場公開された三部作を基軸とした外伝作品で、劇場版となる際カットされてしまったTV放映部分のフォローを中心に新訳ならではの解釈を踏まえた構成となっている
その他	カット	前半と後半の反復はどちらも省略されているが、作曲家自身の編曲・指揮によるオーケストラ版の録音でもやはり省略されているのでオーソライズされたカットとみなすことができるだろう
映画	カット	「この映画って、アメリカン・ニューシネマの世界だよね」と、エンディングは観なくもわかるみたいな思い入れから、肝心のカットを見過ごしていたのです
映画	カット	「ワンス・アポン・アタイム・イン・アメリカ」の冒頭とラスト、デニーロが煙の向こうで微笑むカットを見ていると、その顔がなんとも幸せそうなので、見ているぼくまで快い脱力に誘われそうになる
その他	カット	今回のでもP2はセミ、 P4は後ろからのカット、P5は水着の下をずらすポーズ、と典型的なものをそろえている けど、あまりにそのまんま過ぎて目にとまらないもの
スポーツ	カット	相手DFがカットにきたところを右足アウトのパスでスッといなしたり、体勢不十分のときでもクルッと回転しながらダイレクトでボールをはたいてつないだり、ときには簡単にサイドに展開したりと、随所に長所を披露していた
映画	カット	スタッフ、キャストの熱意により、「帰神」、「蠱毒」、「鎮魂」のどれもがクオリティが高く、充実した内容になりましたが、劇場公開にあたっては上映時間の都合上、残念ながらカットしたシーンが数多くあります
映画	カット	ヒッチコックの映画的な実験を除いて、ワンシーン・ワンショットというものは、カットからカットまでの時間を長くすることで、より多くの現実を映画の中に招き入れられていると言われている
その他	カット	【0070】該エクストルーダーの二軸スクリュウ1の構成は、フォワード(順方向)ボール型とし、最終段に一部リバース(逆方向)・カットフライト型を挿入した
その他	カット	サッカーフライデー タカアンドトシが世界のサッカーにまつわる三面記事をギャグを交えて説明する(生放送の都合上、カットされることもあるが、最近は放送機会が皆無)
その他	カット	com ニュース] ワーナー・ブラザース映画が、「ブレードランナー ファイナル・カット」(監督リドリー・スコット、主演ハリソン・フォード)を日本でも劇場公開すると正式に発表した
映画	カット	暴力的で薬や銃が乱れ飛ぶ、いわゆるギャング映画の割にはカットも新鮮で、暗闇に浮かぶ監督のユーモアがゾクっとさせるリアリティーを惹き出しちゃっている
スポーツ	カット	35分/鈴木が鋭いボールカットから高原に預けてそのまま上がり、リターンを受けて右からセンタリング→良いボールが中山に向かったが、その前で飛び出したDFにクリアされる
スポーツ	カット	それが後半になって、パスで繋ごうとする意識を減らして、個人のドリブルで持ち上がるようになったことと、守備面でもフォワードへ出てくるボールを受けさせて下がってしまうのではなく、受ける前に収められるパスをカットするように、前への守備を出来るようになったことも大きい
髪	カット	50年代のジェームス・ディーンやエルビス・プレスリーが代表的だが、カットやパーマで空気感を出し、モードっぽくアレンジした「ニューリーゼント」も新定番になりつつある
その他	カット	産地でカットされたものを直輸入とのことで、研磨代などがかなり安上がりで済むという話でしたが、それにしてもこのサイズのスピネルをこんな値段で出してしまっては大変なのでは
スポーツ	カット	57分中盤でのパスカットから藤田が独走、キーパーを良く見てシュートするもポストにはじかれ、詰めていた高原のシュートは惜しくもGKにキャッチされてしまう
スポーツ	カット	カズもファイナルカットの体勢に入ったが、強引に振り払った大和は必殺のクロスアーム式ジャーマンで投げていってカズから完璧な3カウントを奪って、ジュニアバトルロイヤル優勝
髪	カット	ストラクチュアード・ヘアスタイルの長さで練習してきた選手が、約2センチをカットし、さらにテーパー(髪を筆の穂先のように段々と細く先細り状にカットする方法)が入り、かなり短くなった髪を選手たちがどう創ってくるか、楽しみだ
その他	カット	このカットのレシピ自体は簡単で、オールブラントカットでのハイレイヤーカットの至極簡単なカットです、必要な調整はこのお客様の髪のクセが5分程度簡単にざっと乾かした時に最も美しく出る長さに調整して切る事だけです、お客様の髪質さえ的確に読めればこのカットは簡単なんです♪v(^o^)
その他	カット	政権交代で国の補助金カットが心配されましたが、さっそく大阪府市長会及び町村長会でも緊急要望をまとめ、川端文部科学大臣はじめ関係官庁、国会議員各位に要望のため上京し、おかげさまで満額確保することができました
その他	カット	一回の「掛け声」の短縮〜これはOKですね(笑) 本当はここはもっとも〜〜〜〜〜っと長かったです(^^; その他は2期決定とかもそのままだったし覚えてる限りではカット無しかな
その他	カット	この日の撮影カット数は少なかったものの、象煮を食べるシーンがあったので多少不安があったのだが、象煮を味噌煮込みで作ってくれた助監督さんのおかげで、役者さんも苦しむことなく食べることができ、何回もの本番に嫌な顔することなく食べてくれた
スポーツ	カット	すると戻りながらカットしようとした栗原の足に当たって浮いたボールは、走り込んだ矢島の腿に当たってしまい、矢島はそのボールをキッチリと右足で押し込んだ
その他	カット	しかし、総集編では幸寿・明寿の出番は出生シーンだけで、後はカットされていました(;;)兄上と明寿の再会のシーンは是非やってほしかったのですが、これも時間の都合であえなくカット(;;)
映画	カット	当初、幾つかのカットで背景を使用する予定だったのですが、演出チェックの段階で撮影監督の大河内さんと話していて「全てデジタルにしよう」と思い至りました
その他	カット	とりわけゴダールが『勝手にしやがれ』で行なったジャンプ・カットの組織的な使用や、俳優がカメラに向かって語りかけるといった演出は、透明であるべき「語り」を顕在化し、観客をそれに対して覚醒させる働きをする
髪	カット	自分はこのバサバサの髪型を見るたびに、はるかむかしの「明菜ちゃんカット」とか「かみちゅ」のまつりちゃんカットなどの「昭和な髪型」を思い浮かべてしまうのだが
髪	カット	主なヘアーカタログに掲載されている情報としては、写真の他にもそれぞれのへーアースタイルを作るに当たってのカットのやり方、髪の染め方、パーマの種類などが詳細に書かれています
その他	カット	その表現を公に出すかどうかは映画なら配給や興行する人、放送なら放送局がどの程度の表現が適当かを判断し、表現を変えたり、残忍なシーンをカットして上映・放送することもあるでしょう
その他	カット	野菜を原料として使用する食品メーカー・漬物工場・カット野菜工場など実需者も安定した製造原価を担保するために、ここ10年くらいで契約仕入れが急増して来ている
その他	カット	私はスパイクレシーブもカットもそんなにうまくはないのですが、「全部とらなきゃいけない」とかそういった、やっほ~さんの言う「~しなければならない」という考え方から、「取れるボールだけ取れればいい」という考えでレシーブしてみたら、(自分の感覚ですが)前より2倍は触れる、もしくはあがるボールが増えました
映画	カット	チワワ、トイプードル、ミニチュアダックスなど愛くるしい小型犬から、ラブラドール・レトリーバー、バセット・ハウンドなど存在感ある大型犬まで、癒されるさまざまなカットを集めました
その他	カット	ノンカットといいながら結構カットされてましたが、スカパー「Coming TV」のノンカットインタビューをチェックされた方は、質疑応答のほぼ一部始終をご覧になったかと思いますが、Viggoは「ロード〜」で来日なさった時同様に微妙なスーツ姿で、この方にはスタイリストさんはいないであろう事を知らしめるような着こなし&ヘアスタイルでして、まぁそこが彼の魅力なんでしょう
スポーツ	カット	相手のカット性ボール(ツッツキ)の回転状況に応じて、ラケットを上向きに構えたまま、台にそってラケット面の横からボールをとらえひじを伸ばして前に突き出せば、必ず入ります
映画	カット	5年くらい前は、名探偵コナンの映画で本編少しカットされていたりとかいくつかの映画で気付きましたが、最近は地上波で放送される映画は殆ど観ていなくて、今金曜ロードショー
