# ファッション: 洋服の上に着る外套。レーンコート, スポーツ: テニス・バレーボールなどの競技場。, ファッション: 背広などの上着。, ファッション: 和服の上に着る婦人用外套。
その他	コート	普通のワインとしてコート ド ローヌ(白)と、"ピノ ノワール"(SHOEさんご推薦のVezelay近郊の伝統ある赤ワイン)も香り高く、マイルドな味で印象深いものでした
スポーツ	コート	あんなに狭いコートなのに、なんであんなに疲れるのかが疑問で仕方ないけど、今日は予想ドオリの筋肉痛でございます(; はらいたい、くびいたい、あしいたい、こしいたい(;;
ファッション	コート	つい先程まで、鳶色の髪の毛をしていたのに、何故今は雪のように真っ白い髪に変色しているのかとか、つい先程まで漆黒のロングコートを着用していたのに、何故今は白い服と白いロングスカートを着用しているのか
スポーツ	コート	女子テニスの韓国オープンは27日、ソウルの五輪公園テニスコートで行われ、シングルス決勝で 世界ランク155位のクルム伊達公子(38=エステティックTBC)は世界ランク23位、 第2シードのアナベル・メディナガリゲス(27=スペイン)に6―3・6―3で勝利した
スポーツ	コート	大阪大学のコートは、以前はアンツーカが4面でした、数年前に2面を砂入り人工芝コートに改装、今年になって残り1面を砂入り人工芝に、1面をハードコート(Decoturf)に改装されていました
その他	コート	だから、自分が本当は動揺していることさえ悟られるのも我慢ならないから、もっとも自信も持てるコート(法廷)のルールを当てはめようとする→判断力に影響を及ぼす
スポーツ	コート	早くも第1ステージ優勝チームと2位チームの対戦となったこの試合、開始早々じゃじゃは自陣コートに全員引いて守るというディフェンシブなシフトをとった
その他	コート	蝶理がまとめ役となって市場と産地の情報交換を進め、大手アパレルに特徴ある後加工をつけたコート地や、細デニール糸を使ったダウンウエア用の軽量織物、ナイロンの2ウエイストレッチ織物などの納入実績をすでに上げた
スポーツ	コート	この緑葉公園には野球場、サッカー場、テニスコートなどの施設があり、遊歩道も整備されているので、市民が屋外スポーツを楽しむように設計された公園である
スポーツ	コート	コートの水取り等手伝って頂いた各大学の皆様本当にありがとうございました雨が降っては止んだりと何度も水取りをする事となりましたが、回を重ねる事にたくさんの方が水取りを手伝ってくれて学連一同非常に助かりました本当にありがとうございます
スポーツ	コート	施主は雇用能力開発機構、工事監理は(株)教育施設研究所、施工は地元工務店という文書を受け取った近隣住民からは、「勤労者の財産である雇用保険を使った挙句、取り壊しとは許せない」、「せめて体育館やテニスコートなど地元住民が有効活用できるようすべきではないか」と電話や投書が社民党市議団へ寄せられた
ファッション	コート	*なんか帰り、機材を運んでる姿を見ましたがやっぱりパーカーのままで、「長野のヒトはこれくらいの気温じゃー寒くはないのか」などとひとり感慨深いものがありましたが、冷静になって考えてみるとエリクリさんはがっつりコート着てたし、そもそも神戸出身で長野人じゃないじゃんねぇ
スポーツ	コート	見学者が増えたので、町行政も力を入れるようになり、村民グラウンド、パターゴルフ場、全天候型テニスコート=芳洲グラウンド、河川敷公園が次々にできた
その他	コート	2度目の訪問時には検査装置のデータも見た上、スピンコート方式の欠点と言われる各要素を解決していることが数値として確認できるレベルに達していたが、そのことを佐藤氏にぶつけても「できるといいですね」と、スピンコート方式のBD複製技術に興味も示さなかった
スポーツ	コート	園内にはトリムコースやテニスコート、野球場や陸上競技場、総合体育館等があり、体育館ではバドミントンなどが楽しめるほか、トレーニング室や卓球室、室内プールなどが揃っています
スポーツ	コート	露 天風呂(ろてんぶろ)のある「もりのいずみ」の他、「もりのコテージ」、全天候型 (ぜんてんこうがた)の人工芝テニスコート、アスレチック気分が楽しめるちびっこ広 場など、美しい森の中に楽しみがいっぱいです
その他	コート	特に重くないタオル掛けやコートフックなどでも、壁の下地が石膏ボードだと釘がきかないので、下地のときに補強しておかないと後で困ることになってしまう
その他	コート	「タイベック1056D」は、他では類を見ない和紙のような風合いを持ち、超軽量でありながら、優れた強度、耐候性、耐水性を備えたノンコートメディア
その他	コート	その三沢は舞楽の始まるやっと五六分前にフロックコートでやって来て、入口の金屏風の所でしばらく観覧席を見渡しながら躊躇ちゅうちょしていたが、自分の顔を見つけるや否や、すぐ傍へ来て腰をかけた
その他	コート	●ドライヤーの熱や、ブラッシング時の摩擦にからコートを守ります●帯電防止効果がすぐれているので、静電気を抑え、もつれや毛玉をできにくくします●ノンオイル処方
スポーツ	コート	そこで公共のアウトドアのテニスコート(比較的多数ある)を借りてみて、テニスだけでなくスピードミントンも一緒にしてみてはどうかという案が現在でています
その他	コート	けど、この制服パーカーがコート風だもんでね、 よしくんの動きはビシっと止まってるのに、 サラっとコートが揺れたりして、動きの全てが見れないシーンがあったりして、 ちょっともったいないかも
スポーツ	コート	それから、線路沿いに市立大学のテニスコートがあって、今テニスコートになっていますけども、あれはもう簡易なもんで、いつでも取り壊しができる土地であります
スポーツ	コート	ここは、ホテルのほかに、温泉やテニスコート、陶芸工房やパン工房、リース工房に木工工房、こんにゃく工房といった体験施設、そして、コテージや川遊び場、釣り堀にふれあい農園といろんな施設がまとまってあるところです
ファッション	コート	特に寒くなるお客様の相談が増えてくるのが、コートと雨ゴート、そして雨草履、雨傘などの冬対策の商品と、かんざしや髪飾り・刺しゅうの半衿などの和装の小物です
スポーツ	コート	阪東バス柏駅行き「大津が丘1丁目」下車徒歩1分 大津ヶ丘団地の中心部にある公園で、広い敷地には野球場、テニスコート(クレー3面)、野外プール、ジョギングコースがある
スポーツ	コート	ぼくは、バレーボールをやっていて、バレーボールはコート内で6人の選手がいっしょに戦うので、チームワークとあきらめない気持ちというのは、十分必要だと思うので日頃から意識していきたいです
ファッション	コート	着衣は紺がかった紫色の半コート、チェック柄の長袖シャツ、ブルージーンズ、白色肌着、腹巻、パンツ、靴下、防寒靴、(なおジーンズには今田のネームあり)、白骨化しており死亡推定平成10年3月頃
ファッション	コート	その女性は、40代半ばくらいで、コートも、靴も、それほどには朽ちたモノを身につけている訳ではなかったが、半透明のショッピングバッグには、トイレットペーパーの6ケ入りの袋が、いくつか欠けた状態で、入っていた
ファッション	コート	服と言えば、いい加減寒くなってきたのでそろそろコートを出そうかとも思うのだけれども、流石に年も明けぬうちから防寒態勢に入るのは東北人として如何な物かとも思うし、どうしたものか
スポーツ	コート	隣接して日帰り入浴も可能な温泉施設・野球場・テニスコート・サッカーグランドなどを併設するスポーツ合宿等に最適なホテル「ホテルワイナリーヒル」もあり、様々な用途で中伊豆の休日を楽しむことが出来る
スポーツ	コート	・バレーボールコート2面、バドミントンコート4面がとれ、その他スポーツ器具・体力測定器具が充実しており、スポーツ・レクリエーション等多目的に利用できます
ファッション	コート	ノーネクタイで、セーターのうえにコートをラフにはおっていたが、みるものがみれば、身につけているすべての物が上質であることは一目で見抜くであろう
スポーツ	コート	自分の位置からサイド・エンドラインそれぞれまでの距離やネットまでの距離、更には相手のディフェンスやブロックのまでの距離、相手コートのサイド・エンドラインまでの距離など自分の位置を感じておくことです
ファッション	コート	ベス・オストロスキーは10月に行われるアメリカのラジオパーソナリティのハワード・スターンとの結婚式で、マルケッサのロングコートを着用する予定です
ファッション	コート	手すりに激突して壊れた腕時計、くしゃくしゃになるネクタイ(そのころは毎日スーツ通勤でした)、冬場は知らない間にコートの背中に付いていた謎のキスマーク・・・
その他	コート	1G11 有機─無機ナノハイブリッド体による帯電防止ハードコート剤の作製(兵庫県立大学大学院)○田中昭裕・嶺重温・小舟正文・矢澤哲夫1G12 PET 上への新規シリカ皮膜形成法(名古屋大学大学院)○諸培新・川島えり・増田佳丈・河本邦仁
その他	コート	例えば、タイ原産のシャムやそこから人間による交配で生まれたオリエンタルなどの南方系の猫は暑さに適応して、スリムで顔が小さく、アンダーコートといわれる下毛がない体質になり、逆に寒さの厳しいノルウェー原産のノルウェージャンフォレストキャットは、毛の量が多く、空気を含みやすいアンダーコート(下毛)と、防水性の高いカバーコート(被毛)の2層構造の毛を持っています」
スポーツ	コート	しかも、この「サティアン」、広大な敷地帯には本館のほか、十五の会議室を擁する研修棟や、三百四十五人が宿泊可能な宿泊棟、さらにカフェテリア式レストランに音楽室、工芸室、体育館、屋内プール、テニスコート、そして草原運動場まであるという
スポーツ	コート	◆札幌市白石区に完成しました屋内のスポーツコートと屋外の人工芝コートを備えた施設、サッポロ・イーワン・スタジアムのオープニングイベントにコンサドーレ札幌の選手が参加いたします
ファッション	コート	時折訪れるニューヨークはじめ、寒い土地を訪れる際に着ることもあろうかと保存しているが、かさばるコートなどは持参することがなく、まさにタンスの肥やしと化している
ファッション	コート	まあ、結婚式と言っても式は親族参加でハワイだったので、帰ってきての顔見せに近い飲み会だったんですが、普段行かない駅だったので、早めに出てブラブラしていたんですが、今まで来ていたフェイクレザーのコートが2年着ていたらもうボロボロなんで見て回っていたんですが、皮だとやっぱり5万超えるモノが多いし、ダウンは必要以上にでかくなってしまうし、決め手に欠けますが、冬になる前に一着買っておきたい所です
スポーツ	コート	具体的な施設についても現在、ご質問の体育館をはじめ、野球場、テニスコート、サッカー場、プール等、総合配置計画を検討中であり、今後とも関係諸団体との協議を重ね、市民の皆さんの要望に応えられる施設にしたいと考えている
ファッション	コート	変わらんかよかった 何でハッピ脱いだんだろうな あれナルトにしてはかっこよかったしあれが仙人モードって感じなのに 今じゃ目でしか判断できない 暁のコートは相変わらずカッコイイ
スポーツ	コート	18ホールのゴルフコース2つ、テニスコート、スカッシュコート、ビリヤードルーム、ゲームルームなど様々なレジャー施設が揃う総合リゾート施設になっている
スポーツ	コート	■豊中市ソフトテニス協会・豊中レディース新進大会・ベテラン大会 ▼10月19日(木)9時集合▼服部緑地テニスコート▼市在住および協会加盟の既婚者など▼千円(非加盟者は千500円)▼10月9日(祝)までに(前衛・後衛同数で申込み)金市電話6849・8169(夜)
その他	コート	今も、山高帽にフロックコート、やけに大時代な格好をした老人が訪ねてきて、「煙草屋の角の郵便ポストの行動を監視し、逐一報告するように」というんだ
その他	コート	また髪だけではなく、頭皮もコートしてしまうので、毛穴が詰まったり、頭皮の新陳代謝が上手くいかなくなったりして、抜け毛や薄毛の要因にもなるそうです
スポーツ	コート	スイートルーム、テニスコート、ゴルフコース、スパなどを完備し、すみずみまで行き届いた上質のサービスを心行くまで味わえる宿、それがテール・ブランシュにある「フォーシーズンズ・ホテル・プロヴァンス(Four Seasons Hotel Provence
スポーツ	コート	その例を幾つか挙げますと、大井ふ頭中央海浜公園は、テニスコートが一時間当たり、現行上限額は二千九百円が四千三百五十円ということで、一・五倍の設定です
ファッション	コート	私は妊娠前160cm48kgの普通体型だったけど、 もともとふんわりワンピ好きだったし、 安産のために平気でスタスタ歩いてたし、 お腹も前に突き出るタイプ&小さめだったし、 冬の妊婦だったからかコートも羽織ってたしで、 周囲からは全然わからなかったみたい
スポーツ	コート	先ほどご説明いたしましたように、成瀬クリーンセンターテニスコートだけにつきましては、先ほどの事情のように5時までということで運用しておりました
ファッション	コート	衣装は、高見沢さんは真っ赤なノースリーブのロングコート(リングがいっぱいの飾り付き)にTOURのTシャツをノースリーブにカッティングしたインナーを着用し、レザーパンツ姿でした
その他	コート	漢方特有のニオイや苦みがなく飲みやすいフィルムコート錠【効能・効果】比較的体力があり、ときに下腹部痛、肩こり、頭重、めまい、のぼせて足冷えなどを訴える次の諸症:月経不順、月経異常、月経痛、更年期障害、血の道症、肩こり、めまい、打ち身(打撲症)、頭重、しもやけ、しみ【用法・用量】食前または食間に服用してください
ファッション	コート	高校生の頃、何を勘違いしたのかハードボイルドに憧れて親に無理言って防寒コート買ってもらったけど付いたあだ名は「コロンボ」だったという苦い思い出
スポーツ	コート	田●監督からの実況レポートは、第一セットを、25:20で先取した就実中学校、お隣のコートでは、裾花と金蘭会の両中学校が熱戦を繰り広げているようです
スポーツ	コート	フロテックス・スポーツ 全天候型ハードコート ロイヤルクレイ プロ(レッドクレイテニスコート) インドアアリーナ施設(鉄骨システム建築) テント、ドーム型テント、寒冷地仕様テントなど、それぞれのニーズに合わせて自由に企画設計することが可能な全天候型
ファッション	コート	今なら死刑を免れるかもしれないと犯人を説得する 捜査一課係長・小久保祐二(阿部サダヲ) そこに黒いロングコートをまとい、まっすぐ犯人に向かって歩いていく
その他	コート	●天然ツヤ成分が表面をコート(毛髪保護成分)グレープシードオイル、ユーカリオイル、月見草オイル●ケア成分が浸透(うるおい成分、毛髪保護成分)海洋性コラーゲン、機能性アミノ酸●白髪までムラなくきれいに染め上がり、色が長持ち
スポーツ	コート	時には雲海を見渡せる山頂に建ち、敷地内専用テニスコート3面春から秋はテニス、ゴルフ、冬はスキーと1年を通じてスポーツが楽しめ、平日10名、週末15名より貸切りが出来ます
スポーツ	コート	菊丸と不二が同じコートでひとつのボールを追い、声を掛け合い、見つめ合い、背チラも見合い、腹チラも隠し合い、抱きあい、触り合い、勝利も敗北も歓喜も涙も、ともに分かち合う、まさに夢の青春エロチックドラマ
スポーツ	コート	R139大田和の交差点を左折、小海の交差点を右折、勝山小・中学校・ふれあいセンター・郵便局前を通過、テニスコートのある角( 左前方に看板あり)を左折
スポーツ	コート	野球場を中心にナイター設備がありサッカーやソフトボールなどが行える多目的グラウンド、またテニスコートやマレットゴルフコースなども整備されています
その他	コート	なんかまるで日本の時事ネタのエントリのようだが、コートヤード劇場で見てきたウィリアム・ロウリー、トマス・デッカー、ジョン・フォード作『エドモントンの魔女』の話である
ファッション	コート	もちろん気候のことは考えて、超ヘビーなロングコートはちゃーんと持ってきてたんですよ(長野オリンピックの表彰式でアナウンスをしたときに着ていたコート)
ファッション	コート	【Calvin Klein】 カルバンクライン1942年にニューヨークに生まれたカルバンクラインは、 幼馴じみのバリーシュワルツとともに、 コートをメインに取り扱うアパレ ・・・
その他	コート	当社では、折込チラシにもっともよく使用されるコート53kgという紙を標準としておりますが、費用を抑えたい時には薄い紙、高級感を出したい時やハガキ付きチラシを作りたい時は厚い紙と、ご希望に応じてチョイスいただけます
スポーツ	コート	これをテニスに当てはめて考えた場合、ボールが相手コートにあるときは焦点調節によってその距離を大体把握して、ボールが自分に近い時には、これが自分に向かってきているのかそれとも別の方向に向かおうとしているのかは両眼視差によって確認し、その距離については両眼輻輳によって認識していると考えられます
スポーツ	コート	大学とプロスポーツチームとの協同による総合型地域スポーツクラブ運営の先行事例を調査し、本学の持つハード(人工芝グランド、ビーチバレーコート、体育館)とプロスポーツチームが持つソフト(指導者、マネジャー)を活用する総合型地域スポーツクラブ設立に向けての研究を行っている
スポーツ	コート	ロビーの豪華さはもちろんのこと、映画館、ショールーム、ダンスホール、バー、ラウンジ、フィットネスセンター、そしてテニスコートまで完備され、レストランは和食・洋食・バイキング式・ティータイム用のカフェなど、船内にいるとは思えないほど驚くことばかりでした
スポーツ	コート	昨日は8面をRU(ロービングアンパイア)として巡回していたのですが、痙攣の方の介護などでコートを離れる時間も何度かあり、ご指摘の問題には気づきませんでした
ファッション	コート	心配そうにのぞき込んだイリアは、背を向けたままのロニキスにフッとため息をつくと、ドアを閉めて脱いだコートを玄関の洋服掛けに預けてから、ロニキスの前のソファーまで歩いてトンと腰を下ろした
スポーツ	コート	滞在中は、塾なので食堂で勉強、村営球場で野球、村営コートでテニス、テレビと本体を持ち込んでファミコン(笑)、近くの川で川遊び、広場でバーベキュー、夜はキャンプファイア、道路で肝試し(夜は真っ暗なので非常に怖い)、裏山で山歩きと多彩な活動をした思い出がある
ファッション	コート	途中でふと気付いたように涼二は立ち止まり、コートの裏をゴソゴソと何やら漁っていたがお目当ての物を見付けたか、ゆっくりと其れを取り出し、とある人物へと投げる
ファッション	コート	平日夕方のロペの散歩はみね母が行ってくれているのですが、一昨日、散歩途中で暑くなって外してコートのポケットに入れておいたら、どこかで落としてしまったそうです
その他	コート	また、「スポーツコートインターナショナルは、怪我を減らすために技術的努力を行ってきた高品質のスポーツフロアを提供してきた彼らのワールドワイドな経験をベースとして我々のパートナーに選ばれた
ファッション	コート	クロアチアも暖かくなってきて、ついこないだまでコートを着ていたと思っていたら、最近の暑い日はアドリア海で日光浴とか、凄い人だとすでに海で泳いでいる人もいます
スポーツ	コート	ライブ・アンダー・ザ・スカイは、1977年から1981年まで、東京都大田区田園調布の田園コロシアム(スタジアム、テニスコート)で開催されていたジャズのイベントです
スポーツ	コート	きっと、あの大 きな背中をしょんぼりさせて、部屋でTVの前に座って、コートの中で元の同僚たちが汗 だくになって走り回っているのを見ながら、凄く寂しい気持ちになるんだろうな
その他	コート	フッ素コートというと高級感のある感じがしていたのですが、説明どおりに、スプレーして、こすって、1分もすると水を弾くなるようになり、真新しい状態に戻りました
スポーツ	コート	また、レジャー施設として、ゴルフ練習場、テニスコート、多目的体育館、さらには、大型レジャープールもあり、多種多様なお客様ニーズにお応えしております
スポーツ	コート	後から分かったのですがテニスコートの脇にあった煉瓦造りの建物は旧足尾鉱業所の付属倉庫だそうで、テニスコートは事務所の跡地に後から作られたそうです
その他	コート	衣装はコート前面/フワっとしたカバン芯×4枚、コート全体にハードタイプのカバン芯、金の甲冑部分(縫製)/フワっとしたカバン芯×2枚、肩パット1
スポーツ	コート	ライラック園の他、屋外には野球場、テニスコート、パークゴルフ場等が整備され、リラックスプラザ(屋内)にも、温泉、温水プール、屋内公園が充実しています
スポーツ	コート	このセンターコートの回りには、グアムでは演技がよいとされているヤモリ(ゲッコー)をモチーフにしたTシャツを扱う人気店クレイジーゲッコー(Krazy Gecko)、ハワイではお馴染みのクレイジーシャツ(Crazy Shirt)、モール内の専門店でもひときわ大きなショップとなっているフット・ロッカー(FootLocker)などがある
ファッション	コート	楽天通販インポート輸入子供服セール、マタニティ、大きいサイズ、てんとう虫ベベbebeコムサ好きに人気フランスドレス・ ワンピースコート各サイズ取扱店舗☆Miss June(ミス ジューン)☆海外セレブに大人気のブランド
その他	コート	こうして、アールコートの立てた『敵中央突破背面展開作戦』は見事に成功し、みっともなくも慌てて振り返って陣形が乱れたゼス軍は、次々にアールコート部隊が放つ攻撃魔法の雨に倒れ伏していったのだった
ファッション	コート	ジグザグ編みは縦横の伸縮性が少ないしっかりした編地になるし、厚みが少々出るのでインナーよりもニットコートのようなアウターによく合う編み方だと思う
ファッション	コート	通勤電車、ショッピングなどコートやジャケットを着ていると室内では暑く汗ばみ、一方で外で外気に触れると、寒く体が冷えてしまうなど状況によって極端に温度が異なることがあります
ファッション	コート	同居人はコート大好きっ子なので、私のコートを探しがてらコートジャック(コートの試着をしまくる)をしていたのですが、ミイラ取りをミイラにしました
ファッション	コート	何処からともなく、自身の体を被える程の黒コートを取り出し、その裏地のわき腹辺りに少年から受け取った木の棒を突っ込む(なぜか棒はそのまま吸い込まれ、後ろに飛び出る事はない)少女
スポーツ	コート	レストランの西に近接して入江があり、潮干狩りやウインドサーフィンなど水上レジャーやポートパークのテニスコートなどのレクリエーション施設もあります
その他	コート	最近インクジェット用の用紙にコートスプレー等あるが結局のところこれらを使って印刷は出来きデカールは作れるが(白は無理とし)実用性はどうなんだい
その他	コート	サンテミリオンのコート地区西側の傾斜地に広がる10haの畑から造られるメルロー50%、カベルネ・ソヴィニョン35%、カベルネ・フラン15%のブレンドワインで、新樽比率100%で12ヶ月の樽熟を経てノンフィルターでビン詰めされます
スポーツ	コート	宿泊施設、広葉樹林の林間キャンプ場、テニスコート、バーベキュー広場、遊歩道などが整備されて、自然の中での教育、体験学習、交流を目的に活用されています
スポーツ	コート	なお、テニスコートの使用は登録された個人またはグループに限られ、予約は使用する月の前月第1土曜日18時から、しらゆり集会所の小会議室で受け付けることになっている
スポーツ	コート	9つのコートに順位をつけて、ゲームの勝敗によって勝ったチームは1つ上の、負けたチームは1つ下のコートに移動させていくことで、最終的に同等レベルのペ
その他	コート	オープンと同時に人並みに押されながら、お昼頃は混み合い中々食べる所を確保出来ないと思い、そのまま(花田勝プロデュースのフードコート「&kitchen」)に向かいどんなのが有るのか、お袋と見て廻っていると警備員が出て来て整理をいきなり始まった
その他	コート	研究チームでは、東レが提案したフラーレンによる光触媒コート剤の劣化抑制モデルを実現すべく、フラーレンを光触媒コート剤へ分散混合させる方法やコート剤の劣化を抑制する手法の検証に取り組んできた
ファッション	コート	中に厚手のニットを着る事を想定して買ったコート、 やっぱりシルエットが少し大きくて結局あまり着なかった 今はババシャツを着れば極端な寒冷地じゃなきゃ 寒さは凌げるしね
ファッション	コート	昼食時のサラリーマンはコート無しのスーツ姿で両手をポケットに突っこんで小走りに定食屋に入っていくし、女性も建物内で上着を脱ぐと中は半ソデだったりして地元(本州)でよく見る光景だ
その他	コート	ここ「青山本店」は、義母や義姉妹たちと連れ立ってちょくちょく食事に利用しているようだし、デパ地下フードコート等で買い求めた当店ブランドのヒレカツやカツサンドが我が家の食卓に乗ることもしばしば
スポーツ	コート	ホントはfunwakaさんとのせっかくの練習だし、他にまだ来てなくてコートを二人占め♪だったし、もっともっとたくさんがんばりたかったけど、、何度もせっかくだから、がんばろう
ファッション	コート	コートを脱いで、タイツを脱いで・・・スカートを履く機会が増える季節♪秋にご好評頂いたBUCCIAのシフォンスカートになんと、春のNEWバージョンが出来ました☆
その他	コート	ハイドロテクトというのは日光が当たると親水性が増すそうなんですが、普通の撥水コートと違って、何かしら薬品みたいなものが入っているんじゃないかな
スポーツ	コート	いつもより狭い(狭山だけに)コートでやったことで、全体的なスピード(判断力・指示・チェック・攻守の切替) と正確性(パス・トラップ・ドリブル)が非常に欠けていた
その他	コート	事前にコートに入ってもらうコーチをノミネートして用紙にいろいろと記入する のですが、それをしていれば1セットに1回&セットの終わりのチェンジコート の時に、自分のコーチをコートに呼んでコーチングを受けることができるの
その他	コート	ipod美山加恋美山加恋 また関東学院大学で思う事ミニロトについて美山加恋を語りたいshinoについてエド・はるみで思う 毛皮のコート ゼロが多い明菜〔公明党〕 政府も今回の大阪府による犯罪的偽装工作に対して当初は「高齢者や福祉の削減
スポーツ	コート	益子: やはり、その高校1年生からバレー始めて、中垣内選手を見て、やるぞとなって、それで本当に、全日本のコートで一緒になるっていうのは、そんなに簡単なことじゃないですよね
ファッション	コート	→のロングコートを着たRAINは冬ですね ロッテ免税店30周年 HP(韓国サイト) 昨日ロッテ免税店から案内が届いていました カンジファンが表紙でRAINはいなかったけれどちょっ
スポーツ	コート	ボールを手ではなく足(キック)や頭(ヘディング)で扱う点ではサッカーや蹴鞠を連想させるが、テニスやバレーボールなどと同様、境界にネットを置いたコートを使用することから『足のバレーボール』とも呼ばれる
その他	コート	みるもさんの隠れBBSで話題になってたファーミネーターが気になってて、商品のHPで使用方法の映像見ると「うひょ〜」ってくらいアンダーコートが抜けて、夏とか風通しが良くなりそうだなって♪
スポーツ	コート	眼下いっぱいに緑が広がる敷地内には、温泉施設をはじめコテージやオートキャンプ場、テニスコートなど様々な施設がそろい、アウトドア体験にぴったりのスポットです
スポーツ	コート	■スパやアクティビティーについて 1) 週一回無料ゲストアクティビティーとして行っているビューティークラスは、パレスラウンジ付近のバレで行います (毎週月曜日午前10時30分スタート) 2) テニスご希望の方には、ウエスティン又はメリアバリのテニスコートを朝7時から夕方6時の間でご案・・・
その他	コート	フィルムコーティングは、1950年代に糖衣のアンダーコート用として開発され、その後、1970年代初めには新しい剤形としてフィルムコーティング錠が登場しました
スポーツ	コート	国道を離れて左の道を進むとおよそ100m先にテニスコートがあり、そのまま舗装道路を直進すれば石割山方面、平尾山・大平山方面へはテニスコートの先を左へ入りコンクリートの階段を登ります
スポーツ	コート	テニスコートや体育館、グラウンドなど設備が充実、スポーツでリフレッシュした後はサンライズ温泉の浴場で体の疲れを癒し、夕食は新鮮な素材を使った会席料理や淡路牛のステーキなどで空腹を満たしてくれます
ファッション	コート	寒い日だったのもあり、エアコンの効きが悪く、電気のヒーターもあったのですがお部屋がなかなか暖まらなくて彼女がコートを脱げずにいたのが残念でした
スポーツ	コート	多目的に利用できる最新鋭設備を持つ体育館で、バスケットボールコートなら2面、バレーボールコートなら3面をとれる広さがあり、2階には、ランニングコースも完備されています
ファッション	コート	しょこたんが着ていた”私服”は、丸衿ワンピースコートですが、色はベージュっぽく、ソックスの柄はリボンが目立ち、衣装ブランドの貸し出し内容とは若干違います
ファッション	コート	わあい♪・・・と、普通なら大喜びするであろう焼き菓子たちを、コートの中にぶら下げたバッグにギュウギュウ詰め込んで、タクシーを呼んでもらい、ほうほうのていで逃げ帰る
ファッション	コート	最初は3人組でアベックから盗みを働いている20歳のルチアーノ、前科者で高利貸しをしている妻の取り立てにつきあわされている30歳のブステッリ、ローマ中をナンパして歩いている狙撃兵のコセンティーノが木のサンダルを履いていたナタルノを目撃、ナタルノは16歳のピピートとフランコリッキオがコートの男といたところを目撃する
ファッション	コート	実は、コンサート版では、バルジャンは、囚人コートの下は、工場長の黒スラックスと白いシャツを着ていて、スカーフとコートだけ重ねてるんですが、祐一郎さんはコートの前をはだけちゃってるため、下に着込んだ衣裳がマルミエなんです・・・・ちょっとなぁ(笑 せめて前は閉めてほしいなぁ(スラックスは仕方ないと思うんですが、白いシャツが見えてしまっては、囚人っぽくないし
スポーツ	コート	あ〜そうそう、それでね、コートに行くまでの道が結構裏道で、お墓の横とか神社の横とか、森の横とか通るんだけど、いやぁ、神社を越したあたりからずっと後部座席に乗ってたんですよ
その他	コート	【オプションでは、アルバイト(素人)を使わざるを得ない場合がありますし、油性コートは剥離が出来ない一発勝負だから、何がなんでもムラを作りたくないのです
ファッション	コート	家族を見分けられない状態と聞き、片手を上げて辞去するコート姿が浮かんだ▼日本でも元女優、南田洋子さん(75)の闘病がテレビで紹介され、大きな反響を呼んだ
ファッション	コート	ロングコートは対刃、防弾機能を備えた戦闘服で、同じ素材か、またはより強固な素材で作成された服か、あるいは防具がコートの下に着用されているはずだ
ファッション	コート	間一髪のところを、 突然現れた黒いコートを着た謎の男に救われるが、そのことをきっかけに平凡で退屈な日々を送っていた圭一の運命は大きく変わっていく
ファッション	コート	室内犬なんかは、寒い時期にストーブの世界から急に寒い(人がコートをきなくてはいけない程度)外の世界に出すと、心臓に負担がかかると言われています
スポーツ	コート	館内には、室内温水プール、卓球、ビリヤード、スカッシュ等、屋外にはテニスコート等家族やグループで楽しめる、琵琶湖畔のスポーツ&レクレーション施設が充実したホテル
スポーツ	コート	先日幡代小学校を確認して参りましたところ、小学生用コート二面を縦に使う広いコートで、ボードもクリアタイプな上にシャワーも完備と言う体育館としてはAクラスの施設でした
スポーツ	コート	BBスタジアム」、ヴィッセル神戸のホームグラウンドで6万人収容のスタジアム「ユニバー記念競技場」、国際級大会も開催可能なドーム型体育館「グリーンアリーナ神戸」、テニスコートなどがあります
スポーツ	コート	川遊びをしたり、ビーチバレーコートでバドミントンをしたり、パターゴルフで全員が見事に醜態をさらしたり、まさかのプール開きで『毒殺され死後変色した唇』のようなドス黒い唇になりながらもプールを楽しんだりしました
スポーツ	コート	また、平成8・9年度には野球場とテニスコートの2施設に夜間照明設備を設置し、日中仕事などでスポーツができない市民に活動機会を提供するなど、幅広いニーズにも対応
スポーツ	コート	四方を囲まれたコートで壁に向かってボールを打ち合う姿はスカッシュやラケットボールによく似ているが、ラケットではなく専用の手袋をはめた手でボールを打つ点が異なる
ファッション	コート	暖冬ニッポンは「オシャレが楽しい」●今年はドレッシーに進化した「薄・軽コート」で●「薄・軽ダウン」なら 女らしさが際立ちます●「大判ストール」が 優しい女性らしさを生みます●「薄・軽コート」は H&Mならたくさん見つかります「夫を支えた日々、そしてこれからの私」清原亜希さん 「40歳までのレッスン」SPECIAL 10
ファッション	コート	Селёдка под шубой(シューバ 毛皮のコートを着たニシンの意 ニシンの酢漬けを使うが、日本では手に入らないので、しめさばと紫キャベツの塩漬けを併せて漬け込んだものを用意
ファッション	コート	隣の方がコートに手を掛けたならばその時点で、あ、今オレ踏んじゃってるな、すいません、と直ぐ様腰を浮かせ軽い会釈をしますし、コートの方も同様に、そういった事が今までは普通でしたよ
ファッション	コート	の上にコートを着て「ホンモノのメイドさんが直接手渡し致します」や「めざましメイド」などを案内するチラシ(ポストカード)を配っていたが、うまい棒の方が受け取って貰えやすかったようで、キャンディーフルーツのメイドさんがポストカードを1枚配る間に、うまい棒は5本〜7本くらいは受け取って貰えていた感じ
スポーツ	コート	「ジュニアソフトテニスくろいそ研修大会」 に僕が付き添うのは一昨年以来と家内には言われたが、12面の並んだテニスコートの印象は、まるで昨年も来たかのように記憶に鮮明だった
ファッション	コート	3月19日 仕上げたR先生のステンカラーコート、東京ご出張に着て行かれる時にピンが見つかったとお電話いただいて慌ててお詫びと修理にお宅に、朝10時頃から昼12時頃までかけてアイロンをしながら色々と手作業で自分で確認をしてたのにショック、誠に申し訳ない事
その他	コート	ロバート・パーカー氏は、大著『ボルドー第3版』の中で、サンテミリオンよりも低価格でお買い得なワインを産出する地区として、著しく注目しているのがコート・ド・カスティヨン地区を挙げ、250もあるシャ トーの中で、NO
その他	コート	また、プロドラッグでは先ほどのTSG処理も組み合わせることにより、全く新しい発色の技術(新色)の開発や、ガラスコートを使用しない商品の完成を目指して日夜研究中であります
スポーツ	コート	有名建築家のラグジュアリーな建物(アザリアホテル・コテージ・シャトーフェニックスホテル)、ゴルフ72ホール、テニスコート、クアハウスで日常の喧騒から解き放たれた優雅な休日をお過ごしいただけます
ファッション	コート	html ところで、「太陽政策」とは、イソップの「北風と太陽」の話を借用したものだろうが、そもそも、旅人のコートを脱がせるのに、なぜ、北風と太陽が競争しなければならないのか
スポーツ	コート	テニスコート等の運動施設やバーベキューができる広場があり、野外ステージや展望広場、ジョギング・サイクリングコースなどもあり、体も心もリフレッシュできる公園です
スポーツ	コート	(2)レフリーがボールをゲームの終わりに競技者に戻す前、又はレフリーが介助者に手助けをするよう指示する前や、BC1やペアーの介助者が試合中プレーを見るためにコートヘ入った
スポーツ	コート	「ボールを蹴ってはいけない」は理解できるが、外コートでも体育館の中でもボールを蹴ったらボールに土下座するという決まりがあり、誤って足にあたってもしなければならなかった
その他	コート	技術的にも可能な限り薄さと軽さを追求したシルックシリーズに加えて、中綿やキルティングをしないで春や秋にも着られるコート素材のバリエーション、更にドレスやスーツ、ボトムへの対応も十分な中肉素材が増えました
その他	コート	ライオンとユニコーンのコート オブ アームスが美しく、見ていて楽しいヴィクトリアン アンティークなので、小物入れとして使ってみたり、あるいはまた、お客様がある時などにバタープレートとしてお使いいただいたらサプライズになりそうです
ファッション	コート	コート、ジャケット、ドレスなどが代表的だが、もともとは中衣として着られていたものが、単独でアウターウエアとして着られることもあり、これらはアウター・セーターやアウター・シャツなどとよばれている
スポーツ	コート	0−1から5−1になった時は今回も楽勝かと思ったのですが余りにイージーにゲームが取れるので最後の詰めを間違っている間に隣りコートと同じく逆転されタイブレークで落としてしまう展開に
スポーツ	コート	関東の専門学校で唯一、JVA(日本バレーボール協会)傘下の東京都バレーボール協会に加盟している本校は、協会からの委嘱を受け、お台場にある「有明コロシアム」にて行われた上記大会にコートスタッフとして、新入生も含めた男女の部員で参加しました
スポーツ	コート	風景区内には、体育館、テニスコート、サッカー場、ミニゴルフ場、アイスホッケー場、陸上競技場、ロッククライミング場、スケートボート場、天然の山水を使ったプール、射撃場、グラススキー場、ボーリング場など多種多様なスポーツ施設がある
ファッション	コート	コートもはぎ取られる(当然スーツ)からか、結構暖房効いてて途中 頭が ボ~~ としてきて気分が悪くなったのだが、此処で気分が悪いと言おう物なら「貴方には物の怪が取り憑いている」とか言われて監禁されそうだったので、これもひたすら正座でガマンのココロ
ファッション	コート	朝9時からではありましたが、気温はガンガン上がっていくし、やたらに蒸し暑いしで、普段太陽にあたってないワタクシとしてはコートに立っているだけでもはや苦行難行な状態でした
スポーツ	コート	ほんの数分に満たない手の温もりは、何年ぶりかと記憶を手繰り寄せるほどに新鮮で、観月は知らず力強い手に導かれるまま、生まれて初めてテニスコートに立った
ファッション	コート	価格帯は6ドルのサングラスから 最高額で149ドルのコートまでと 極めて手頃で、 その殆どがブラック、ホワイトのカラーで製作されているアイテムである
その他	コート	【図5】得られた粒状体の表面が、難溶性医薬、アクリル酸・アクリル酸メチルエステル共重合体及びアニオン界面活性剤からなる均一混合物の層によりコートされている粒状体組成物のSEM写真
ファッション	コート	もともと、小説の登場人物の描写などで、服装のこと細かく書く作家さんが好きなこともあるのですけど・・・(例・・・最近では「あんだんて」さんの外科病棟の中の総司のPコート
スポーツ	コート	チェックイン後はさっそく営業支配人のM氏に 館内の設備とシステム、 屋外にあるテニスコートやフットサルコート、ビーチバレーコートなどを案内していただく
スポーツ	コート	本校の南西には四国最大の茶臼山古墳、みろく自然公園があり、野球場やサッカー球技場、テニスコート、歴史民俗資料館、南川自然の家等も整備し、青少年育成のための環境が整えられています
その他	コート	上げ幅は控える動きが大和合金(同板橋区)、本格的なコートの評価する新サービス「みんなの価格評価」の優良マークを迎えに集めた「ATAMANIA(アタマニア)」ブランドをプロデュースするゆとりのいわれるデザイン力を380円から上回った
その他	コート	人の生殖系への影響が懸念されているビスフェノールA (BPA)は、プラスチックスの1つであるポリカーボネートやエポキシ樹脂の原料として使用されており、ポリカーボネート製食器やエポキシ樹脂が内面コートされた缶詰から食品中へビスフェノールが溶出し、その食品を食べることによって生じる私たちの健康への影響が懸念されていました
スポーツ	コート	グローバルアリーナー、全天候型本格仕様の陸上競技場、ラグビー、サッカーの国際試合も開催できるスタジアムテニスコート、体育館、地ビールレストラン工房など、宿泊施設を供えたスポーツ施設です グローバルアリーナー・「駆ける」・「ときめく
スポーツ	コート	★一ノ宮テニスコートの照明設備の改善について、9月議会で一般質問しましたが、市報といっしょに配られた市議会だよりで、それを知ったテニス協会の方からメールを頂きました
その他	コート	特殊ヒーターの企画・販売を行うアメルトソフィアは、コードレス赤外線温熱治療器『ホットウェーバー(銀イオンコート処理)医療機器認証番号:220AGBZX00013000』の一般販売開始しました
スポーツ	コート	おととい予約しておいた「スポーツの森」のクレーコートは、少しデコボコしている部分があってちょっとイレギュラーすることもあったけど、まぁ我々素人にはほとんど関係ない
その他	コート	段ボールやコートボールだけにこだわらず、紙全般、特に新しく開発される紙材料に注目し、幅広く取り入れ、今まで対応できなかった分野に、紙製商品の適応を目指す
その他	コート	洋裁は全く初めての方、経験が少しあり基礎は分かる方、立体パターンやコート、ウェディングまでやってみたい方、また、流行遅れの服や着物をリフォームしてみたい方など、各自のご希望に合わせて指導します
スポーツ	コート	そしてC地区は、運動広場として整備され、多目的球技広場、テニスコートのほか児童コーナーがあり、ターザンロープ等の木製遊具は子供たちの人気を集めている
その他	コート	2時間ほどかけて全部はがして、表面コート材を塗りたくる~ あとは流動性が無くなる程度まで乾いたら邪魔にならないところに移動して3日くらい放置かな
その他	コート	二酸化チタンを光触媒に使う「アスキーコート」は常温現場施工に対応したコーティング材で、二酸化チタンだけの膜を形成し、優れた汚れ分解力で建物の美観を守り、劣化を防ぐ
ファッション	コート	(1件):カシミヤのコートを数年前、世田谷に住んでいた時にクリーニングにお願い致しましたが、毛足がパサツキ(しっとり感無くなり)全体が褪めた色合いになり・・・ま
スポーツ	コート	体育館の真ん中——センターコート近くに出来た人込みをかき分けて、中心に駆け寄ると、心配そうにオロオロしている成瀬君と、左手を抱えて蹲っている澤村がいた
ファッション	コート	ドアを開け、コートがたくさん掛けてある細い廊下を抜けると、テーブルが7つほどの狭いダイニング、窓からはライトアップされた中之島公会堂が見える
スポーツ	コート	今日一日を素早く脳裏で反復して、別に呼び出しを受けるようなことはしていないのにと表情を硬くするリョーマに、ネットを挟んだ相手コートから、近づいてきた桃城が気にかけるように声を投げてくる
スポーツ	コート	*当、「定山渓スポーツ公園テニスコート」の、敷地内(にコート及び駐車場も含む)に於いて発生した、事故・怪我及びトラブルに関しまして、 管理会社・管理関係者・ 大会主催者は、一切の責任を免責とさせていただいております
スポーツ	コート	先輩も後輩も・・・ で、応援ですが、準決勝や決勝になると、コートサイドにいき、ヒートアップしてきて、決定打にはならなそうな攻撃でも「おおおーー
スポーツ	コート	ここは、農業体験ができたり、マレットゴルフ場やテニスコート、球技場などもあり、学校での体験学習などでも使われているそうで、自分で収穫して、バーベキューをしたりできるそうです
その他	コート	ビューティワールドジャパンでも大人気だったメタリックネイルをはじめ、ジェルのようなツヤが出るトップコート・ベースコート、またグリッターのNewカラーが登場です
ファッション	コート	薄いグレーのズボンと黒ぽい靴になって、単体ではそれぞれ気に入ってるんですが、コートに合ってない気が・・・(^^;)伽魯流がはいてる黒い皮靴よりもこっちのが色薄めなので、革の質感が見えていい感じだと思いますけどね~
スポーツ	コート	一つの会場で8面のコートのため、ぶつかり合ってのハッスルプレーがあったり、となりのコートからボールが入ってきて試合が中止したり、好プレー・珍プレーが出るなど、やっている選手の人は大変ですが、見ている応援者にとっては大変おもしろかった大会でした
その他	コート	波面制御に使用される液晶デバイスは、図1 に示すように、ホモジニアス(ねじれのない)分子配列のネマティック液晶層を2枚の無反射コートされたガラス板で挟んだ構造からなり、ガラス板の内側には(例えばスズを添加した酸化インジウムのITO膜のような)金属酸化物の透明電極が形成されています
ファッション	コート	先日は気温32度、そして体感温度は40度にまで上がり、半年前には分厚いコートにマフラー、手袋、帽子と完全防寒装備で出かけていたのが嘘のようです
スポーツ	コート	また、公園内には屋外テニスコートや野球場、屋外スケートリンクなどスポーツ施設も併設しており、ストレス解消、リフレッシュするにはもってこいの場所です
その他	コート	これまで手掛けてきた過密した住宅街におけるコートハウスとは異なり、ここでは中庭や居住空間を完全に閉じたものとせず、バッファーとしてのエントランスを介して室内から街路へ、街路から中庭へとプライバシーを守りつつ無理なく視線が流れるようにした
ファッション	コート	寒さが本格的となった今月、キルティングのロングコート(左)や、ダウンのショート丈ジャケット(右)など、軽くて暖かな中綿入りのアウターがぐっと増えて登場してきた
その他	コート	これまでの、いわゆる「デパ地下」と違い、フロア全体がイートインと物販をセットにした店舗形態で統一され、買ってすぐに食べられるフードコートスペースを設けているのが特徴的です
その他	コート	先方は揃いの新しいユニフォームをチャンと着ているのに、こちらはワイシャツにセイラ・パンツ、古足袋、汗じみた冬中折れという街頭のアイスクリーム屋式が一番上等で、靴のままコートに上って叱られるもの
ファッション	コート	今日は日中コートが要らないくらい暖かい日で私は7分袖のセーターを着ていたのですが、タートルネックなので、(首を暖めると体全体が暖かいと言いますよね)ちょうど良かったのですが、トルコの人に「寒くないんですか
ファッション	コート	去年はコートをバスタオルで拭きしかし、職業・クリエイター、として見た場合、プロの先生やスガノさん、Nさんがしていることは、素人の僕らがしなければならないことと同じなのではないのでしょうか
ファッション	コート	この間、高崎のアルバの直営へ久しぶりに行ったのですが、お昼すぎまで新升目のコート(白黒、茶ピンク)やパンツ、スカートなどたっくさん残っててびっくりしましたぁ
スポーツ	コート	あまり知られていないスポーツかもしれませんが、あの狭いコートでのスピード、パスワーク、シュートテクニックをみるだけでも楽しめたのではないでしょうか
ファッション	コート	正絹道行コート7168 他の羽織・道行きコートはこちらより寒い冬などには上から一枚あるだけで暖かく使い勝手も良いアイテムです落ち着いた柄粋ですので訪問着等の礼装着だけでなく小紋等の普段着にも合います【
その他	コート	ムーブメントにはコート・ド・ジュネーブ装飾が、22Kゴールドローターには手彫りの装飾が施されており、シースルーバックからはその緻密な職人技を堪能することができる
スポーツ	コート	3月23日・奥武山コートで、「わくちゃん」こと、 ゙Aクラス ゙の強豪・ ゙湧川選手 ゙率いる 「チームわくがわ」の皆さんと、我々「テニスチーム・ぷらす」のメンバーの練習マッチを行いました
スポーツ	コート	ネオインドアテニススクール西新井は、東武伊勢崎線西新井駅西口より徒歩8分、東武大師線西新井大師駅から徒歩8分のところにある、空調付インドアテニスコート5面のテニススクールです
スポーツ	コート	昔やっていたテニスを今でもやっていれば、二人でテニスコートに立ち、二人でゲームを楽しむことができたかもしれないが、今はもうテニスをする気持ちになれない
その他	コート	また、このページを読んだことがきっかけとなって、今後プロデビューする方も出てくるんじゃないかと思いますが、圧倒的競争力の『GFコート』のことを頭の片隅にでも入れておいてください
スポーツ	コート	平日なら3330円で泊まれる、露天風呂も付いて、AWテニスコートもバーベキューガーデンも付いて、敷地面積1000坪(駐車し放題無料) 建坪60坪あるんやから、貸し別荘感覚で借りて、お布団まで完備、、どうですか
スポーツ	コート	2番目はデンマークのコート・ハウクウィッツーレンベルトロウ、3番目は俳優のケーリー・グラント、テニスの名選手ゴッドフリート・フォン・クラムなど
ファッション	コート	しかし現実では恐らくあの走りにくいコートは脱ぐべき物として扱われるべきものであると察したのは銃がコートに穴を開ける瞬間 であり、あれなどは間違いなく其のコートはその場面においては着用間違いであり脱いでから戦いに興じるべきである
その他	コート	皆さんはよく維新コートに行かれますが、この維新公園から国道バイパスを挟み北側、ロッテリア横の道を秋吉方面に少し行くと「龍蔵寺」と言うお寺があります
スポーツ	コート	5月12日火曜日に、関東高校ソフトテニス大会千葉県予選男女個人戦の残り試合が行われますが、会場は白子町の共同コート、受付時間9:00となります
スポーツ	コート	毎年3月から4月ごろ、その年度のリーグ参加チーム数が確定した時点で年間の試合数を算定し、リーグ担当者が各フットサル施設様に年間のコート予約申込を行います
スポーツ	コート	ハードルとトンネルが用意されたコートでは、「初跳びビギナー」と「ノービス1」それぞれにミニクラスとスタンダードクラスを設けて競技が行われました
スポーツ	コート	庚申山公園、テニスコートを使うことはあったのですが、なかなか奥の方まで行ったことがありませんでしたので、アスレチックがあったり・・・・なんて知りませんでした
その他	コート	1930年前後のモリソンやギルらの著作に使用されている非コート紙と、1950年以降のチヒョルトやツァップの著作に使用されている非コート紙では、ぱっと見ると同じような感じでも紙の素材が違うらしい
ファッション	コート	老人達に気づかれない様に簡易トイレに女性を連れ込み、女性のコートのボタンをひとつひとつ外していく、中はセーターにスカート・・・セーターを捲り上げながら耳元で「なんて名前なの
ファッション	コート	和服コートのポイントは、衿の形で、やはり「へちま衿」やその変型、被布えりか道行えりの変型がもっとも一般的で、流行に左右されることもなく、きものの衿によく添い誰れにでも似合います
スポーツ	コート	敷地内には、本館(浴場とレストラン)のほか、テニスコート、ゲートボール場、手作りこんにゃく体験工房、パン工房、キャンプ場、特産品直売所などがあります
その他	コート	キャラコートさんのブログを発見しました キラキラ キャラコートというのは、 俺のヘルメットのシールドで、 ブルーミラーというのを使わせていただいてます
スポーツ	コート	男子と同様高知県立春野総合運動公園テニスコートで行われた硬式庭球(女子)は、第1回戦、徳島文理短期大学と対戦し、3対2で勝利したものの、準決勝では松山大学と対戦し、1対4で惜敗しました
スポーツ	コート	その広大な敷地内にはテニスコート、フィットネスセンター、スイミングプール、プールバー、マッサージサラ等があり、その施設の充実振りは 先行している他のアジアのリゾートにもひけを取りません
ファッション	コート	黒曜石のような黒い髪にニット帽のような黒い帽子、黒いコートにマフラー、ブーツと完全防寒服でこちらは少女以上に季節外れな服装をしている上に、腰には黒のガンベルト
スポーツ	コート	控え室からコートに出てくるシーンを初めて見たけれど、控え室がなんかすごいゴージャスな(ボキャ貧で適当な形容詞が見つからない)部屋で驚いてしまった
スポーツ	コート	テニスコート・ジャンボすべり台・魚のつかみ取り・バーベキューコーナー・木工体験 ゆうゆう工房・そば打ち体験 味わい道場・マレットゴルフ・オートキャンプ場などがあり、世代を問わず一日を楽しめる心と体のリフレッシュゾーンです
その他	コート	北端は辛口白ワインのシャブリ、続いてロマネ・コンティなど赤の名醸ワインを産出するコート・ド・ニュイ、ムルソーなど極上白ワインの産地コート・ド・ボーヌが広がる
ファッション	コート	今年は暖冬といわれておりますが、人一倍寒がりの私にとりましては、十二分に寒さは厳しく、「早くコートを脱ぎ去りたい」と暖かな春の到来を待ち望んでいる今日この頃でございます
スポーツ	コート	あいにく杉山組の試合の日には当たらず、男子シングルスで優勝したロディックの三回戦の試合を観戦しましたが、一般客に混じってセンター外のコートで観戦する杉山愛選手に遭遇しました
スポーツ	コート	アラジがボールを巧く散らしフェレロが強打しにくい状況を作り出す事が出来れば展開はもつれますが、フェレロのボールに走らされてコートカバーに追われるようだと一方的になる可能性が高くなります
スポーツ	コート	こへんな風にオフェンス、ディフェンス両部門で共通する持ち味はコートビジョンの広さ、試合の流れを読む嗅覚といった「killer instinct(敵チームの息の根を止める能力
その他	コート	1919年(大正8)8月に渡米して、サンフランシスコ、ニューヨークを経てボルチモアに着き、連絡していたジョンホプキンス大学公衆衛生学部にコート博士を訪ねた
ファッション	コート	サンシャインのビル風は三月とは思えない冷たさでしたw ジャンパーの上にコートを羽織るという重装備&ホッカイロでも、ふきっさらしの風の中で二時間以上はつらかったです
スポーツ	コート	どちらのテニスコートも、夕方や週末はかなり混み合って、順番待ちとなることが多くなりますが、ウイークデイの昼間、特に11:00〜15:00頃は暑いためにプレイする方もほとんどいなくて、ほぼ貸し切り状態になりますが、暑さ対策を忘れずにテニスを楽しんでください
ファッション	コート	レムリア軍制式の軍用コートに長身を包み、同じくレムリア軍高級士官常装にその均整の取れた体躯を包んだその男は、遠巻きに彼に目を奪われる将兵、文官には目も呉れず、その数歩背後に副官を従え、赤絨毯の敷き詰められたレムリア同盟国防軍総司令部の大広間を、機械的な、それでいて一片の隙すら見せない歩調で黙々と歩き続けた
スポーツ	コート	園内には屋内施設のアリーナ・テニス兼ゲートボール場・柔剣道場・ランニングコース・トレーニングルーム、屋外施設の多目的総合グラウンド・野球場、ゲートボールコート・テニスコート・パターゴルフ場・ローラースキーコース・ふれあい広場・雪国資料館があります
その他	コート	ちょっと擦り傷面積大きくて(少々えぐれている)3コートパールということで格安修理には対応しないため(少々えぐれているので)通常なら3万円+消費税ですが今回は2万円でお受けしました
その他	コート	ジャックラッセルテリアには「スムースコート」と呼ばれる毛の短い種類と、「ラフコート」と呼ばれる毛の長い種類、「ブロークンコート」と呼ばれるその中間の長さの毛の種類がある
スポーツ	コート	そのまま まっすぐテニスコートへ、、、 3クラブ親善会が10時から始まるので、、間に合うように、、、それそれ、、自転車で、、、 天気は最高、、気温もちょうどいい、、 今日はじっくりテニスが出来る喜びで わくわく、、
スポーツ	コート	オックスフォードに留学したアメリカ人が書いた本を前に読んだんだけど、となりのテニスコートでテニスしていたのが、パキスタンのブット元首相だったそうだ
その他	コート	高屈折率層は、好ましくは溶媒で分散させた塗布液を調整し、その塗布液をハードコート層上に塗布した後、乾燥・硬化させることによって形成することができる
スポーツ	コート	当園には、夜間照明を備えたサッカー兼ラグビー場のほか、テニスコートなどが整備されるほか、特徴的な施設として、インラインスケートやスケートボードが楽しめる「スケートパーク」を備えています
スポーツ	コート	またスポーツ設備は平成10年に完成した砂入り人工芝のテニスコートが18面と 隣接する多目的グラウンド(主にサッカー・ラグビー場として利用される)があり、 これらの間をサイクリングロードが張り巡らされている
ファッション	コート	タキシードとディレクターズ・スーツがそれぞれ、燕尾服とフロック・コート、モーニングにかわって用いられはじめて、セビロがほとんど現在とかわらないような用途と型で着られるようになってきた
スポーツ	コート	J2仙台は12日、宮崎県延岡市の西階陸上競技場で午前中の約2時間、フルコートを使った9対9の変則的な紅白戦などを行い、6日間の2次キャンプを打ち上げた
ファッション	コート	三寒四温で、ちょっと暖かい日中、厚手のコートを脱いで梅林をお散歩・・・足元に芽吹いているものを探すのはもう少し後にして、上を向いて梅の香りをかぎがら・・・
その他	コート	山本陽一郎、松本智之、向田昌志、齊藤敦、大嶋重利「スピンコート法によるYBCO薄膜の大面積化プロセスの検討」平成16年秋季第65回応用物理学関係連合講演会 pp
その他	コート	「Polestar」は、校正用・カンプ用として多方面で使用されており、品種は、微光沢RCコートタイプ、グロスコートタイプ、マットコートタイプ等々選択肢も広く利便性に供している
スポーツ	コート	こちらの公園は、ツツジが満開〜〜 綺麗だね〜〜ここの公園は、テニスコート・野球場・パークゴルフ場があるんですが、天気も良かったからか大勢の方がスポーツを楽しんでいました〜〜 東屋で一休み〜〜 ク [続きを読む]
ファッション	コート	昨日はホームカミングで、久しぶりに新宿に出たのだが、人混みの中を歩いたのと、ぼろコートを着るのが恥ずかしくて薄手の上着を着ていったので、風邪をもらってきたのかもしれない
スポーツ	コート	体育施設、あるいはテニスコート、野球場もありますけれども、ほとんどが市、あるいは公民館の主催事業、あるいはスポーツ団体の主催事業、さらに学校のクラブ活動などで多く使われております
スポーツ	コート	市民や団体による自主的な健康づくり等の実践、活動の場として、かわさき健康づくりセンター(体育館、フィットネス・スタジオ、テニスコート、会議室、研修室など)の施設・設備の貸出しを行う
ファッション	コート	先程まで乗車していた神保町行きの半蔵門線、僕が座った瞬間、右の男性が自分のベージュのコートをグイッと、それは大量のニシンの網を引っ張るが如く、さらに、何オレのコートの上に座ってんだタコ、の眼差しでこちらを見てきました
スポーツ	コート	プロ野球の公式試合やキャンプ地などにも利用される球場をはじめテニスコートやスカッシュコート、武道館、トレーニングジムなど各種スポーツ施設を備える総合施設
その他	コート	付け加えておくと、 コーポラティブ住宅(ロジ・コート)が連鎖していかなかったのは、 誘引システムを十分用意できなかったこと、 特に公共団体とタイアップできなかったことが大きいと思います
ファッション	コート	ウールのトンビコートはこちら激安 インパネスコートフリーサイズ身丈115センチ 裄80センチのフリーサイズですカシミヤ10パーセント入りです皆さんのレビューの声がうれしいです
その他	コート	⇒お子様の首のつけねの骨がグリグリとある 部分から手首の骨が出ているグリグリ迄) ・身丈については、肩上げ・腰上げ済みなので 短い場合には解いていたいければ調節可能♪ 長い場合は、さらに上げをしていただければOK♪ 大きめなざっくり縫いでも被布コートでカバ=E・・
スポーツ	コート	伝統工芸文化に触れ、また、陶芸や吉川和紙・遠州鬼瓦・草木染めの工房棟の他展示室・イベント広場やテニスコート・パターゴルフ場と緑と香りを楽しむハーブ園等が有ります
スポーツ	コート	4つの施設からなる「小諸市文化センター」をはじめ、自然の地形を活かした「野鳥の森」、テニスコート・ゲートボール場といった運動施設や芝生広場などの公園施設が整備されています
スポーツ	コート	店舗・工場の外構及び駐車場の舗装工事、個人の住宅の庭先舗装・外構・エクステリア工事、宅地の造成・排水工事、テニスコート等のスポーツ施設・野球グランド等の整備、携帯電話の鉄塔の基礎及び外構工事など色々やってます
その他	コート	《ダイスコートF600D》は、十余年の実績をもつ透湿性、耐久性の優れたシリカ系塗料《ダ イスコートF600 》をベースに特殊シリコン樹脂を複合化することにより、更に撥水性を付 与した変性高分子シリカ系塗料です
スポーツ	コート	都内から約90分のリゾート地にあるニュー福寿荘は、体育館、ハンドボールコート、テニスコート、グラウンドなど、様々なスポーツを行うのに十分な施設をご用意しております
ファッション	コート	ロングコートかと思ったら、うえに羽織っていたのは結構目の粗いカーデガンじゃないけど、細かい目から向こう側の色合いが見える感じだったから、スーツみたいな生地ではないっぽかったし
その他	コート	ゆえに、〈DUST〉には大きな権限が与えられていますし、正体を隠すべく副業を持ったり、DUSTコートと呼ばれる制服が存在したり、場合によってはマスクなどで顔も隠すことになります
ファッション	コート	この女性が大島アナに酷似していること、 また、「スーパーニュース」と同じ服装(淡いブルーのコートに白いマフラー)だったことから、 「局の枠を飛び越えた珍事」としてネットで話題を呼んでいた
ファッション	コート	パリのように、寝起きすっぴんパジャマの上にコートを羽織ってポケットに小銭だけ入れて朝食のパンを買いに走る・・・というわけにはいかないと思いますが・・・でも私の朝食はkamiya bakeryのパンで決定です
ファッション	コート	モコモコ着ぶくれ状態の上に、冬物の服はかさばるので荷物が増えるし、バスにゆとりがあれば、コート等類を隣の席に置くことも出来るけど、中々そうは行かないものです
スポーツ	コート	2回戦かいせんは当初とうしょ、観客かんきゃく席せきのないコート2で行わおこなわれる予定よていだったが、急きょきゅうきょメーンコートに変更へんこうされた
その他	コート	これはラメラメトリートメントをしたときも感じると思うのですが、髪の中身が詰まって髪自体に水分を保てるようになり、さらに髪の外側をコートするので、ドライヤーで乾かすときに、髪の外の余分な水分だけ乾いて、中の水分は逃がさないからです
ファッション	コート	ロングコートに身を包んでポーズを決めているメンバーが、一人ずつ前奏の音にあわせてメインステージの色々な場所に登場して、ピンスポットを浴びては消える、というのを繰り返し、そして6人が一枚スクリーンの上に登場
その他	コート	私たちの誇るべき製造ノウハウはそれを支える先進の設備によって培われ、超広幅のコートからスリットまでの一貫生産、水系、溶剤系の多層コーター等、また溶剤コートにおいては環境に優しいクローズ型を採用するなど、多彩な設備で高機能製品を生み出し、お客様の信頼にお応えしています
ファッション	コート	衣類は、輸出先の気候により夏物、肌着類がリサイクルしやすく、冬物、コート類は難しいため、主催者は夏物を中心に出してほしいと呼びかけており、ツバのある帽子、ハンカチ、女性用の下着、毛布、カーテン、シルクの和服などは特に喜ばれるという
その他	コート	ぼくは山川さんのファンで、『シアワセ行進曲』『コートと青空』などの自費出版本をタコシェで買っていたので、菅原克己をマンガにしてくれたコトがとても嬉しい
スポーツ	コート	主催しゅさい者しゃ側がわは「客席きゃくせきのあるメーンコートは、よりお客おきゃくさんが注目ちゅうもくするカードを提供ていきょうしないといけないということで、変更へんこうしました
その他	コート	ショー・コートの犬、あるいは毛の保護用にラッピングしてあるショー・コートの場合、毎日グルーミングしないと気がすまない方もいらっしゃると思いますが、そんな方へのアドバイス
スポーツ	コート	校舎前面には陸上競技場、市営テニスコート、市民プール、オーシャン球場と函館市のスポーツ総合施設などを有する自然豊かな千代台公園があり、落ち着いて学習できる良い環境下にあります
スポーツ	コート	千鳥姫の伝説が残る千鳥ヶ池を中心に、野球場、多目的広場、テニスコート、フィールドアスレチック、ジョギングコースなどがあり、自然とスポーツの公園として、また町民の健康づくりの場として親しまれている
スポーツ	コート	人間の腸管の粘膜はリアス式海岸のように入り組んでおり、その表面積はテニスコートほどもあってそこには無数の腸内細菌が棲み、栄養分の吸収などを手助けしている
スポーツ	コート	園内には陸上競技場、市民球場、グリーン・フィールド中池、テニスコート、体育館、屋外プール、多目的広場、野外ステージ、少年自然の家、勤労青少年ホームなどがあり多くの市民に利用されています
その他	コート	出ている人はほぼ全員がAコート(スクール内で潮干狩りのシーズンは春から夏が一般的で、ゴールデンウィーク六角公演の和樹さんもヤバかったけどね ついでにFirst Serviceの時も六角キャストに囲まれ死にそうだった あの潮干狩りのシーンでさぁ・・
その他	コート	ちなみにウェットティッシュみたいなので出てる使い捨てのホイールクリーナー&コートやタイヤクリーナー&コート、ウィンドー撥水コートとかは安価だし、手軽なわりにはけっこう効果的でいいですね
スポーツ	コート	7ヘクタール・サッカー・ホッケー・テニスコート・ヨット・第九・演劇団)と、自国の文化産業を施設内で操業させ(外出OK・酪農・商売・ドイツ パン屋)、妻との面接・パーティ・飲酒も許した 太っ腹な人道的所長
その他	コート	▼Eコート▽一位イースター(南アルプス市)▽二位高根さわやかA(高根町)▽三位加納岩体協(山梨市)▽四位玉諸体協(甲府市)▽五位武川クラブA(武川町)
スポーツ	コート	塙中学校ソフトテニス部育成会(蛭田久視会長)主催による『第二回塙 強化研修大会』は3月25日、午前9時から棚倉町のルネサンス棚倉テニスコートで郡内4中学校と石川中学校のソフトテニス部から80名が参加して開催された
スポーツ	コート	8人は、8月11日から16日まで静岡県花川運動公園テニスコートで行われた第27回全国中学生テニス選手権大会の男子団体に出場、準々決勝で神奈川県のサルジオ学院に3−1で敗れている
ファッション	コート	夕方に帰ってきて、ポストを空けて、彼女の手紙をみつけて、リビングに入ってきて、コートを着たまま、ハサミで封筒を開けて、冷たい部屋でその手紙を読んだ
その他	コート	パークコート赤坂ザタワー、高級住宅立ち並ぶ港区赤坂、5路線3駅利用可能な好立地、好アクセス、2009年築、地上43階建高級タワーマンション、フロントサービスをはじめ充実した共用施設、多機能なハイグレード、ハイクオリティを兼ね揃えた充実した設備環境、ピアノの搬入相談可、パークコート赤坂ザタワーのお問い合わせは賃貸取扱店ネヴァーランド渋谷店まで
その他	コート	コート・デ・ブラン地区にあるグラン・クリュの一つ、メニル・シュール・オジェ村のシャルドネから造られたブラン・ド・ブラン(白ブドウのシャルドネ種のみから造られたシャンパンのこと)
スポーツ	コート	バレーボールの6人制のコートの大きさでございますけれども、18mと9m、それからバスケットボールでは28mと15mがコートの大きさでございます
スポーツ	コート	そんな苦労が報われたのか、ソフトテニスの全国レベルの中学校が岐阜県に集まって試合をする23日(日)午前9時より岡崎中央総合公園テニスコートで故鈴木義男顧問追悼協会員親善ソフトテニス大会が開催され参加しました
その他	コート	表面には耐摩耗性の高いセラミック素材と水や汚れをはじく特殊有機樹脂成分を化学結合させたデュアルコートというコーティング層を施しているので、美しさをさらに長く保てるようになっています
その他	コート	ランは92年10月EPグループがオークランド・ハイコート(高等裁判所)に彼を訴追したときに、90年まではそれらの書類をシュレッダーにかけたり燃やしたことはないと証言した
その他	コート	(1)はコートのみを預かる手段で、リング状の備品aに穴の空いた元タッグの表裏の両面に面ファスナーのオス機能部を取り付けた備品cと、預かり番号が表示可能なクリアケースに内側面にオス機能部、メス機能部を有する面ファスナーを取り付けたベルトbを取り付け、前記リング状の備品aをハンガーの金具iに引っ掛ける
スポーツ	コート	数年後、予備校や大学を経て出会った2人とテニスコートというコントユニットを始める事になりましたが、期せずして2人の最初に購入したCDアルバムは、まったく同じ、槇原敬之の「君は僕の宝物」でした
スポーツ	コート	スカーレット・ヨハンソン演じるテニスプレイヤーが高級クラブのテニスコーチと彼の恋人との三角関係に悩みながらもいつの日かウィンブルドンのコートに立つことを目指す、ウッディ・アレン監督によるスポーツ青春映画
その他	コート	マルチボトムなどで水の濁りや泡が消えにくい問題が発生するのは、主にマルチボトムなどの表面をコートしている成分(微量元素が主成分)が水中に溶け出すためです
スポーツ	コート	体育館では午前中はバスケ部、午後はバレー部、武道館では剣道部、テニスコートではテニス部、そしてシーズンが近づいてきたこともあって、プールでは水泳部の対抗戦が行われる
その他	コート	「これはね、何となく分かる」「コートっていうか、傘だな」「たまにね、思うときがあるっすよ」「駅とかで、女の子が傘持ってなくて一歩外に出ようとした時にハイってあげて」「僕は名前も告げずに立ち去ってやろうかなって思うことが去年も何回かあった」「だけど絶対不審者でしょう」都会は親切を受けるとまず疑うようにできてますからね
ファッション	コート	外を歩いている人達は皆コートやウィンドブレーカーを着ているけど、4月の日曜日らしい光が溢れ返っている緑の世界、スコットランドのエイボン川を思い出しながら、川の畔を歩いてみる、この川の上流はどこだろうって初めて思った、多分あの心霊スポットから流れて来る水の流れ
ファッション	コート	私としては、昔、渋谷の丸井で買ったコートを着ているとラッキーが起こったり、池袋の丸井の上のスターバックスに行くと、物事が好転したり、(スターバックスのお隣のFrancFrancで買い物すると、良い御縁が出来る)など、良い現象が・・・
スポーツ	コート	「卓球コミュニティ」をいつも通り開催している関係上、バドミントンの使用出来るコート数が2面と限られている中で、密度の濃い指導内容を行う為には、いささか苦労されたのではと感じました
スポーツ	コート	フェデラー選手やナダル選手がコートから追いやられても物凄いスネークショットみたいなので返すときは必ず強烈なスピンをかけている、つまり強烈な振り切りがあるのだ
その他	コート	ウチには2匹のチワワ(スムース・ロングコート互いに1才です)がいるのですが、ロングコートチワワの方なのですが、 事ある事に私をずっと見て来るのです
スポーツ	コート	それとテニスコートですか、そういう話は一応あるわけですけれども、ハンドボールの大会を引き受けるために体育館を検討しておるという話は全く聞いたことがありませんでしたので、これはいわゆるガセネタなのかどうか、そこら辺をお知らせいただきたいと思います
ファッション	コート	この1:10でサングラスの赤いコートの女性が空を仰ぐシーンや、外部階段に佇む女性、パイプくわえて屋上に上がって来るオジサンなどなど、見所が一杯
その他	コート	一般的にコート紙4/6判55kgベース・4/6判73kgベースは折込みチラシなどに使われ、カタログなどページ数のあるものはコート紙4/6判90kgベース
その他	コート	何年か前、会社の上司(当時30代半ば、お洒落でジェントリで女子社員にモテた)がワタシにバレンタインチョコのお返し選びに付き合ってくれと言うので、一緒にコートドルに行った
ファッション	コート	春〜夏は、スプリングコートやワンピースコートに注目♪ ワンピースとして着ることもできるし、 ジャケット感覚で、ニットやシャツなどとデニムで シックに仕上げることもできちゃいます
スポーツ	コート	およそ16万平方メートルもの巨大な敷地内に、川崎球場をはじめ、テニスコート、弓道場、相撲場、児童プールなどさまざまなスポーツ施設がそろう総合公園
スポーツ	コート	大半をバスケットボールのコートの上で過ごしていたが、その潜在能力は高く評価したドジャースが、卒業時の2003年ドラフトで6位指名(全米181番目)を果敢にも行ったのである
スポーツ	コート	『バドミントン』より : バドミントン (badminton) はネットで二つに分けられたコートの両側にプレーヤーが位置し、シャトルコック(通称シャトル)をラケットを使って打ち合い、得点を競うスポーツであます
その他	コート	【5/2 愛媛戦】『フードコート』〜やきとり屋さんのからあげ、チキントマトピザ、ファミリーJoinカレーなど「ファミリーJoinデイズ」特別メニューが6品登場
ファッション	コート	軍隊風のコートを着た者、背は小さいが非常にでっぷりしてひっ きりなしに笑っている者、二メートル近くの巨大な、これまた異常に太っていて、恐ろしく陰気で無口な、 見るからに握りこぶしに自信満々の者などもいた
ファッション	コート	梨花ちゃんが11月19日のブログで着用しているこのコートは『deicy ボーダーPコート』梨花ちゃんも愛用していることから大人気でホワイトは現在売り切れ・・・
その他	コート	「本格的な緑」を付加価値として考え創られた「パークコート学芸大学」は、ゆったりとした敷地内に本格的な英国庭園を設計し、共有スペース内の豊かな緑と一体化するよう創られました
ファッション	コート	ただコートなど一部の衣服を除くと、21世紀現在に於いて襟を立てて着ることは一般的ではなく、むしろ装飾的にそういった構造が引き継がれている面がある
スポーツ	コート	目的グラウンド、テニスコート2面、ゲートボール場3面、キャンプ場、アスレチックコースなど(一の宮公園) 階段海岸、芝生広場、自由広場(一の宮海岸)
スポーツ	コート	3年生となりオフサイドやスローイング、8人制(これまでは5人制)、広いコート(これまでの倍程度)と、これまでの玉蹴り遊びから、より本格的なサッカールールも導入され、各人対応に苦慮しながらも、コートを走り回っていました
ファッション	コート	セフィロスのコートは体のラインが美しくすらっと出ているのが特徴的なので、他の通販サイトも見たのですがどうしてもラインが出ないのが納得できず、またDFFの衣装はどこにも取り扱っていなかったので本当に諦めかけていたのですが
スポーツ	コート	コートはオムニコート(人工芝に砂が撒かれている)で足に負担少なくコート代も1時間2000円と安く良かったが所詮月1回の練習では腕前も上手くなるはずが有りません
スポーツ	コート	まだ時期としては早いとは思いますが、初心者と経験者が一つのコートへ入り、同じ競技を楽しくプレイし合えることこそ、スポーツの持つ素晴らしさだと思います
ファッション	コート	Pコートの基本的なスタイルはダブルブレストの前打ち合わせ、前身頃の中央付近にタテに切り込んだハンドウォーマーポケットが付き、幅広の襟(ノッチドカラー)、太ももあたりまでのハーフ丈のデザインなどが特徴だ
スポーツ	コート	千々木選手はまだ2年生だし、内藤・高橋選手はずっとコートにいるポジションではないですし、新セッターは今季初めてベンチ入りした2年生(高橋駿#19)です
その他	コート	洗練されたデザインと高い基本性能を備えた「パークホームズ」「パークコート」シリーズ、大規模マンションの「パーク・シティ」シリーズ、JR西日本との共同事業で誕生した「パークグラン縮景園北」など、多彩なスタイルとさまざまな規模のマンションが誕生し、広島の町をあざやかに彩っています
スポーツ	コート	テニスコート、ゲートボール場、多目的グランド、野外ステージなどの設備もあり、いずれも手軽に利用ができるようになっていて、一日をビーチで過ごすためには十分だと思います
ファッション	コート	ともあれ、モンキーブーツは靴としてとても優れたもので、デザインこそカジュアル的ですが履き心地ロングワンピースにミエルとオソロのラメパーカー コルセットレザージャケットの上にはファーコート着たんですよ タイツもはいて ブーツもはいて なのに全然寒い
その他	コート	アミノ酸誘導体配合で、髪をコートし、静電気から保護 さわやかなフローラルグリーンの香り アルニカ・サンショウコンプレックス配合資生堂プロフェッショナル フェンテビタボルテージシャンプー 300ml
スポーツ	コート	テニスコート、バスケットコート、フィットネスルーム、卓球、マンガコーナー、ビリヤード、カラオケ、Wii専用ルームなど、空き時間の使い方に迷ってしまうほど
その他	コート	それは、十数回の出し入れで、既にラインのコート剤は削げ落ち、ディープの水圧からキリモミのように撚れてリールの中に収まり、再び悲鳴をあげながら出て行く
その他	コート	これに対し粉体カラー鋼板は表面:1コート1ベーク 裏面:ノーコート(無塗装)で塗膜厚は25μ〜50μの間でご指定通りの塗膜厚に塗装することが出来、これが粉体カラー鋼板の大きな特徴となっております
その他	コート	ハビタット・フォー・ヒューマニティ・ジャパンは、5月からジャパン・プラットフォームの助成を受けて、地震の最大被災地と言われるマンセーラ州バラコートで支援を開始しました
スポーツ	コート	「CATCH AND THROW」は、向かい合ったコートで2つのボールを投げ合い、ボールを2つとも相手コートに入れれば得点になるという新しい球技ゲーム
その他	コート	工場でちゃんと色が出ず、イエローの配車が遅れ気味って話はこのBBSでも出てたと思いますが、初期ロットではとりあえず納車に間に合わせるために、NSXと同じ4コート塗装を施したそうです
その他	コート	本製品は、プロショップで実際に使用されているガラス面専用撥水コーティング剤で、市販品の多くに使用されているシリコン系溶剤とは異なる純フッ素系撥水コート剤です
その他	コート	閉鎖的な表情の建物の内部には3つの大小のコートが挿入され、全ての部屋がいずれかのコートに面するような配置となり周囲を気にすることなく生活できるような家となっている
その他	コート	現在では、セントラルコートの時計台広場、二階催事場を主会場とした無料の地域創作活動グループの作品発表の場の提供などがお客様の生活に定着し、地元のみならず県外の方々の情報交換や交流の場となり地域文化の向上にも役立っています
その他	コート	吉祥寺にも「カフェロシア」という素敵なロシア料理のお店がありますが、ここでもこの写真のメニューに似た前菜「毛皮のコートを着たニシン」があって、それはそれはおいしいんです
スポーツ	コート	ゴールキーパーは弱視もしくは晴眼者で、相手ゴールの裏にはコーラー(コーチ)、そしてコート中央では監督が指示を出してくれますし選手同士でも声を掛け合いますからコート内はかなり騒がしい状態です
その他	コート	□イベント内容 ・保健部門=簡易健康チェックコーナー、メタボリック予防コーナー、食の安全コーナーなど ・歯科保健部門=お口の健康チェック、歯磨き指導、フッ素ジェル塗布、歯科相談など ・福祉部門=社会福祉協議会事業紹介、福祉施設の模擬店、地震体験車コーナーなど ・スポーツ部門=軽スポーツ体験、トレーニング機器無料体験、テニスコート無料開放、ミナモと一緒に熱気球体験など
スポーツ	コート	R139勝山の交差点を河口湖方面へ進み、勝山小・中学校・ふれあいセンターの交差点を右折、郵便局前を通過、テニスコートのある角( 左前方に看板あり)を左折
その他	コート	「JIS L1094」による測定では、初期電圧(10kV)印加後、電化分布が定常状態になった際の電位を測定すると「ハードコート」仕様品は、帯電しにくく、静電気の発生を抑えることがわかる
ファッション	コート	そりゃあ、確かに、冬でも素肌にコートだけって格好する子だし、舞台衣装は和也くんや葉くんより遥かに露出度が高いから、人前で裸になるのも平気なんだろうけど
その他	コート	DOOR賃貸の物件DBでは、アトラス大塚南キューブコートの賃貸情報以外にも、最寄りのハイライフ五岳、ビレッジ・アイ、巣鴨SKコーポ、カースル要町、目白ブランシュ、パームス東池袋、フレール南長崎、パークヴィレジといった多数のマンション・アパート情報を掲載しています
スポーツ	コート	門真市のテニススクール テニスストーリーは経験豊富なコーチ、海外のテニス理論を取り入れたレッスン、ほかのスクールとは違ったコートを持つテニススクールです
その他	コート	上記の結果から第三者機関では被膜と呼べる膜が存在しないのではと考えガラス板に2回コートをし、被膜と思しき箇所を削ったところ明らかに被膜の形成を確認した
スポーツ	コート	フットサルをやり始めた当時は人工芝のコートで、サッカーのトレーニングシューズを履いていましたが、芝の目にひっかかるのと、かかとが高くてプレーしにくかったので、ソールがぐにゃぐにゃで、ぺったんこのバンダーの初期モデルを買いました
スポーツ	コート	会場は6コート取れる広いもので、各剣道教室の旗がズラリと掲げられています、開会式には間に合いましたが、練習時間はありませんでした、早速個人戦から始まりました、少々雰囲気に飲まれた感じではあったが、面を付けてチョッと落ち着きおのおの健闘しました、団体戦は今庄と対戦、福井まで来て今庄と対戦はチョッと残念でしたが、とにかく勉強になりました
その他	コート	防眩シールドをイロイロ探していたら、「キャラコート」って会社の「調光シールド」ってモノが性能良いらしいです♪ 早速、インターネットで各種調査を実施して、「さて、購入
スポーツ	コート	学校によってはテニスコート・プールなどの遊戯施設、娯楽室を設けているところもありますが、学校の周りはどこも自然に囲まれた環境で、一般的な遊び場はありません
ファッション	コート	5万なら年末に家族で箱根の温泉に旅行に行けるとか、毎年靴やコートが買えるとか10年で50万か・・とか子供の学資保険の方が得かなとか色々考えるようになった
スポーツ	コート	大きな屋内体育館やスカッシュコートもあり、またロンドン市内の様々な施設でヨットやラグビー、ホッケー、サッカー、テニス、クリケット等が楽しめます
その他	コート	DOOR賃貸の物件DBでは、マック羽村コートの賃貸情報以外にも、最寄りのラシーズ羽村、反馬ハイツ、リヴェールパオ、パラシオン多摩2、サクラハイツ、友和ビル、酒井マンション、エスポワール沖といった多数のマンション・アパート情報を掲載しています
スポーツ	コート	イワニセビッチは大のサッカー好きでもあり、引退試合となったウィンブルドンでヒューイットに敗れた後、その場でサッカークロアチア代表のユニフォームに着替え、そのままコートを後にした
スポーツ	コート	また、豊富な体験メニューや点在する温泉施設、テニスコートやゴルフ場、そして冬は安比高原スキー場でのプレイと、沢山のメニューが充実の滞在をお約束
その他	コート	メールのやりとりをするうちに、どうしてもその大根田さんのコートを訪ねてみたいと思うようになった私は、期せずして友人と新潟旅行を予定していた偶然や、大根田さんのはからいもあり、5月のある日、とうとう新潟中条町のそのコートを訪ねることになったのだった
スポーツ	コート	アンツーカのテニスコート(クレーコート、仏:"la terre battue")は球足が遅くラリーが長く続くため、ベースライン・プレーヤーに有利とされている
スポーツ	コート	部員は20人ほどですが全員が揃って練習する機会は少なく、練習は休日が主ですが平日でも仕事が終わった後に夜遅くまでコートで練習する者や、自宅で筋肉トレーニングを続けている者も多く全員が向上心を持ってプレーしています
スポーツ	コート	宿泊棟、ハンガ□一、キャンプ場、テニスコート、グランドなどの設備があり、茅葺き屋根の民家づくりのレクリエーションセンターでは、いろり端で名物料理の「ひらら焼き」「でこまわし」が味わえる
ファッション	コート	65※1※「膝までかかるロング・コート姿の男が、ライフルを腰だめに全身をさらした」(本文より)男はジェシー・ジェイムス、ライフルではなく拳銃、左手はポケットの中
スポーツ	コート	有名なテニス選手が、コートの外では気難しく、つきあいにくいといわれたことも、絵を楽しんで描いていたピカソが、筆を置いたとたんに不機嫌になったといわれるのも、そのためでしょう
ファッション	コート	将来は黒いロングコートに仮面で無造作ロンゲにヒゲ面でロシアの都市部をうろつきながら女の子の身体を男の子と思い込んでまさぐって不意打ちおっぱいにのけぞってののしられつつ銃火から防弾コートで女の子を庇いつつ物理攻撃無効な上に針鼠みたく武装したなんかこいつ無敵なんじゃねってな契約者をあっさりのしたりしながらよくわからんアッザムリーダーみたいなトラップに引っかかって銀ちゃんの全裸を賞味したりしたいです
その他	コート	埋立廃棄処理されていたFRP(繊維強化プラスチック)のゲルコート塗料やガラス繊維の端 材を利用し、家庭用及び業務用としてお使い戴けるプランターへと生まれ変わりました
スポーツ	コート	入湯税150円、バスタオル315円、体育館一日15750円、テニスコート一日5250円、スキーレンタル一日2625円、スノーボード一日2625円、無料送迎有(越後湯沢駅東口より、要事前連絡)、飲食物の持込み可能(朝食及び夕食会場への持込み不可)、幼児施設使用料2100円、モーニングコール、宅急便サービス、一名様御利用の場合プラス2100円
その他	コート	ここはコート・デ・ブラン地区ではないので、シャルドネ100%のものを造る意味って無いと思うので、その点でもしっかりとしたコンセプトの下にシャンパーニュ造りに取り組んでいる彼の真摯な姿勢に脱帽
スポーツ	コート	さまざまな機能の浴場や、露天風呂などの温泉施設を中心にトレーニングルーム、多目的グラウンド、テニスコート、パターゴルフなどを完備するほか、宿泊施設やレストランなどもあります
ファッション	コート	メンズ、レディース、そしてオートクチュールのアルマーニ・プリヴェに加えて、アクセサリー全般を取り扱う同店であるけれど、 特にメンズは 「メイド・トゥ・メジャー・サービス」、すなわち顧客を個々に採寸して、その寸法通りにスーツ、コート、シャツを 仕立てるサービスを行っており、スーツについてはその素材のチョイスは何と150種類
ファッション	コート	暖かいコートを注文することをお勧め毛皮のコート、ダウンジャケットは、風の外側の衣料品は、内部の暖かいセーターに掘削の作品の多くよりもはるかには推奨されませんセーターコート風のラップは、最高の風を選択します
スポーツ	コート	3回戦までは3面、準々決勝は2面のコート(準々決勝日もコートは3面設置されているが、中央部のコートは使用せずシートでかぶせる)で同時に行われたが、準決勝と決勝戦はアリーナ全体をセンターコートにし1面のみで競技が行われた
その他	コート	こちらは解熱作用はそれほど強くなく、痰が絡むときなどに使う薬で、アセトアミノフェンが500mg、プソイドエフェドリンが30mg配合され、2層コート錠になっています
スポーツ	コート	いつもコートの設営や練習参加者の都合でダブルスの練習ばかりやっていますので、打球後次の準備に入るのが遅いと言う事がよ~くわかる練習となりました
スポーツ	コート	初日の午後は県営のコートでテニス、ペンション「サウスポイント」での宴会後は酒を飲みながら、メンバーの古川さんがビデオ撮影してくれた、テニスシーンを見ながら反省会
その他	コート	プライマー/アンダーコートとしてポリウレタン樹脂塗料パーフェクション・アンダーコートの主剤と硬化剤を3:1で混合し、10〜15%のウレタン・シンナー#9を入れてハケまたはローラーで塗装する
スポーツ	コート	園内には「庄和体育館」や野球場、テニスコートなどの各種運動施設のほか、遊具広場や多目的広場、修景池、バーベキューの施設もあって、多くの市民の憩いの場となっている
その他	コート	私は せっかくのロングコートなんだから ふわふわのままちょっと切りそろえるくらいがいいんだけど父と姉は スムースチワワ風に短く刈りたいとのこと
スポーツ	コート	昨日より、長野県佐久郡にある風越公園屋外テニスコートでにて、ITF女子サーキッド金総額2万5000ドル大会である軽井沢国際女子テニス大会2007が開催されました
スポーツ	コート	的な話です不運続きでしたまぁこの日はテスト土日明けもテストってことでこの金曜は小休憩できるわけです(^^)んでテスト終了後みんなでバドミントンしようかとと僕らより早く体育館がバレーコートで埋まってるジャ [続きを読む]
ファッション	コート	通販のレディースファッションセレクトショップ「Editer(エディテ)」で販売している、「VANILLA(バニラ)」のコート、ジャケット・ブルゾン、ワンピース、シャツ・ブラウス、ニット、カーディガン・ベスト、カットソー・Tシャツ、キャミソール・タンクトップ、スカート、パンツ、その他ファッショングッズのページです
スポーツ	コート	今日は大学のコートで4年の大塚と練習しました彼のボールは学生の中でもトップクラスのいいボールを打ちます、あとは戦略がついてこれば一気にインカレ優勝候補になると思います
スポーツ	コート	4回戦のフェデラー戦当日、本戦会場に隣接した練習コートでウォーミングアップをする予定だったんだけど、ソダがドレスコードに引っかかる黒パンを履いていることに役員が気付き離れたコートに追いやられてしまったとか
その他	コート	フィルターの構造に関しては詳しい記述がされていないのだが、ハードコート層を持ち、粘着層は貼り直しが可能な自己吸着タイプ(おそらくシリコン粘着層)とのこと
その他	コート	【0013】支持体上に前記アンダーコート層を設けるには、前記のプラスチック球状中空粒子を公知の水溶性高分子物質、水性高分子エマルジョンなどのバインダーとともに水に分散し、これを支持体表面に塗布し、乾燥することによって得られる
スポーツ	コート	「スポーツ雪合戦」は、日本雪合戦連盟の公式ルールによって行われ、1チーム7名の選手がコート内のシェルターに身を隠しながら、相手の選手めがけて雪玉を投げたり、チームフラッグを奪い合う競技です
ファッション	コート	スポーツ用ウインドブレーカーの中で、野球用ウインドブレーカー、グラウンドコート、汗取りウエアは、 その需要も多くて、昨年(1999年1月〜12月)約100万点が生産され、 その内、なんと
その他	コート	夜色のコートに大型拳銃と黒銀の鞘に収められた古き魔剣“アズュラーンの威令”を携え、死神との盟約のため、そして裁きのために、その力と夜の魔法を振るってきた
スポーツ	コート	1月20日(日)に尾道市営新高山テニスコート6面を使い、岡山県倉敷工業高校・広島県国際学院高校・広島県尾道高校の3校で行う予定だった練習試合は中止になりました
ファッション	コート	紫色のロングコートやサスペンダーなど衣装やアクセサリーは、すべて今回のアイテムのために作り直されており、コートの内側には手榴弾をぶら下げる機能までもが再現されている
その他	コート	プレコート液50ml、ミラダイフィックス50ml、スキージー1個、説明書1部墨運堂「ミラダイフィックス」はまったく新しい繊維専用定着剤として開発されました
スポーツ	コート	館内には、体育室・温水プール・トレーニング室・STT(サウンドテーブルテニス)室があり、館外にはアーチエリー場・テニスコート・400mトラックのグラウンドがある施設です
スポーツ	コート	オールコート使えるならば、もっとフットワークやランダム的な要素をどんどん取り入れていくべきだし、ハーフコートならばその狭いコースの中で正確なボールを打つためにコントロールを重視した練習を考えたり、ハーフの中でお互いに適当にボールを散らして細かく揺さぶり相手のミスを誘うなど、まだまだ工夫のしようがあるはずです
スポーツ	コート	参加者がすごく多くて、非常にありがたいことだと思うし、いいことだと思うので、機会があれば、テニスコートを増設するということを考えた方がいいと思っています
スポーツ	コート	html 宿泊施設だが立ち寄り湯もしている、700円、外はテニスコートやゲートボール場、中にはプールや室内運動場などあるようだ、無料の休憩室はない、内湯は大理石の大浴場で共同源泉と自家源泉の浴槽がある、立派なに日本庭園を見ながら入浴、露天は石づくり、春日の源泉はPHが高くぬるぬるするのだが加水しているせいか少ない
ファッション	コート	通販のレディースファッションセレクトショップ「Editer(エディテ)」で販売している、「Content Contenu(コントン・コントニュ)」のコート、ジャケット・ブルゾン、ワンピース、シャツ・ブラウス、ニット、カーディガン・ベスト、カットソー・Tシャツ、キャミソール・タンクトップ、スカート、パンツのページです
スポーツ	コート	私はこういう考え方を持っておりまして、そういう意味では、東予運動公園には本格的な野球場・多目的グラウンド・テニスコートなど、屋外運動施設には素晴らしいものがある
スポーツ	コート	1では実際にinfinityメンバーをコート上に立たせて簡単な解説をし、2ではブラインドサッカーとは視覚障害者だけのスポーツではないという事と、サポーターの役割について説明しました
スポーツ	コート	スーパーの経営や塾の計画を立てこれらを経営することやテニスコートやプールの建設・管理、入居者の募集、定款や就業規則の作成、組織計画と採用人員の配置・訓練、株主総会の召集などなど様々な問題を処理しなければならず、一方思うように中国人は動かずで、いらいらし最大血圧はいつも200を超えていました
その他	コート	演技競技は、二コートに分かれて開始され、形の本数は全日本なぎなた連盟の形、ニ・三・六本目で各都道府県の代表者たちは、緊迫した雰囲気の中堂々と日頃の練習の成果を競いあった
スポーツ	コート	神栖市矢田部サッカー場:波崎のサッカー 合宿・大会にぜひご活用下さいビッグレイクアディダス ジュニア サッカーコート・ジャケット サッカーショップ加茂指宿いわさきホテル:サッカー[ サ
その他	コート	しかしその後、伊達選手が「オムニでは世界に通用する選手が育たない」と言ったとかで、そのツルの一声で、岐阜のコートをハードに改修してしまうことになったらしい
ファッション	コート	玄関にて お時間を頂き、コートなどの上着類を袋に入れ、アルコールによる手指の消毒を行い、施術用具のキャリーケースをアルコール消毒入りウェットティッシュ等を用いてふける範囲は全て拭き、ハウス内のウイルス進入をさけます
スポーツ	コート	市における平成15年度以降の進捗計画につきましては、平成16年度に詳細設計を実施し、平成17年度から野球場、テニスコート、多目的広場等を整備する計画で進めていきたいと考えております
スポーツ	コート	約一時間ほどで一周できる道は、絶好のハイキングコースで、湖の奥にある国民宿舎・余吾湖荘は宿泊はもちろん、テニスコート、プール、レンタサイクルも用意されているので、家族連れにも最適のアウトドアーライフが楽しめる
スポーツ	コート	【ロンドン17日共同】開閉式屋根が設置されたテニスのウィンブルドン選手権のセンターコートで17日、テストを兼ねたエキシビション試合が実施され、プレーした元名選手のアンドレ・アガシさん(米国)は「(反響する)打球音が選手の気持ちを高めるだろう」と好印象を口にした
スポーツ	コート	また、ロシア自体も、2mを超える選手が常時2、3人コートに立つ圧倒的なサイズを持ってはいたものの、クロアチアほどの巧さ、速さはなく、宮u大輔を始めとする日本の横の揺さぶりに翻弄される場面も目に
スポーツ	コート	「人より早く走ること・コート上で立ち止まらずパスランを徹底すること・すぐにドリブルをつかずにビジョンをしっかり取ること」などをもう一度確認しました
その他	コート	ただし、製剤の組成が多少異なり、緑色のフィルムコート錠として製剤化されていて、青色1号アルミニウムレーキ、黄色4号アルミニウムレーキを着色料として含みます
ファッション	コート	死体で発見されたときそのコートを着てなかったことと考えると、1/14のPM11:57にみやび自身によって運び出されたトランクの中には彼女の服が入っており、西大路のもとで服を着替えて、赤いコートを置きっぱなしにした
スポーツ	コート	のホームの練習場 おもいっきり蹴っても金網に囲まれてるので大丈夫 コートの大きさもいい感じと満足なんですけど金網に囲まれてるから金網を利用したサッカーをしてしまう
ファッション	コート	ロビーにいると、白っぽいチノパン、ハーフコート、インナーはネルシャツという服装の青年が、やや前のめりで、一直線に角川アニメの上映劇場に向かって早歩きで次々と突進していく
スポーツ	コート	広島駅(JR山陽本線・可部線)⇒3分⇒横川駅=乗り換え=JR横川駅前バス停(4番バス乗り場:花の季・こころ方面)⇒20分⇒広域公園テニスコートバス停下車⇒徒歩3分⇒広域公園テニスコート:所要時間26分
その他	コート	エポキシ樹脂には紫外線フィルタは含まれていないので、硬化後、最後のコートをサンディングし、紫外線抵抗力のあるニスやアンダーコート、トップコートで仕上げをします
ファッション	コート	30%OFF インナーと合わせてレイヤード★ブラウスコーディにコート風で羽織っても♪薄手シーツコットン・前開き・長袖ワンピース【ピュアホワイト】
ファッション	コート	意識を失った涼子の身を案じ医者である伝通院に容態を問う直人、その際にそっと自分の着ていたコートを涼子に掛ける仕草等から、直人が今まで人前で見せなかった持ち合わせた優しさを感じとる事ができた
スポーツ	コート	テニスコート、フットサルコートでは求められる明るさも異なりますし、コート内外の必要エリアの一部が暗いなど事象が起きない様、十分な検証、検査が求められます
その他	コート	[地祇 征四郎] コートとサポーターを外せば重量に7の余裕が出来るから それでペナルティは9 エア・ダンスすれば修正は+1敏捷力+プラーナ+修正=16だろう
その他	コート	【0005】つまり、スピンコート法、塗布法およびディピング法等の薄膜作成方法の場合、微粒子一層の極限的薄さからなる薄膜や、緻密で一様な微粒子薄膜や微粒子結晶化膜等の高品質で、高度制御された薄膜を作成することは不可能であり、ましてや、これらの薄膜を大量に連続して製造することが不可能であることは言うまでもなかった
スポーツ	コート	また、柏市(特に旧沼南町)のテニスコートの予約制度に欠陥があり、ある特定サークルが優先占拠しているというご指摘については、これも早急に行政が弊オンブズに説明の機会をもち、理解いつとめるとの申し入れがありました
ファッション	コート	よく秋物のコートに見られるつくりですが、そうすればジャケット側にボタンをつけておいて、裏地側の方にボタンホールをつければかんたんに防寒対策が出来ると思います
スポーツ	コート	勉強は人一倍真面目にやっているみたいだし、中学で始めたテニスも、部活が終わって帰ってきた後でも週に何度か学校から離れた家の近くのテニスコートで練習をすることにしているみたいだった
その他	コート	コートフラスコの仕様はリークプルーフシールに対応した非コートガラスウエアと同様にスナップオン・シリコントップを採用しており、多くの凍結乾燥機に対応します
スポーツ	コート	垂水処理場の拡張用地(予定)に暫定的に設置されたテニスコート(インドア2面・アウトドア6面)、フットサルコート(2面)、多目的グラウンド(1面)、ゴルフ練習場(8打席)、アスレチックフィールド(150Mトラック)、駐車場(234台)、洗車コーナー(2台)、卓球場(2面)、会議室等を運営しています
スポーツ	コート	三好池周辺は野球場、テニスコート、陸上競技場、弓道場、勤労者体育センター、総合体育館、駐車場を持つ「三好公園」として整備されており、トリムコースは池の外周を回る4
ファッション	コート	晴海埠頭に再び姿を現したコート姿のリューティガーは、先ほどまで自分たちが顔合わせをし、何者かに襲撃をされた倉庫の辺りが明るくなっていることに気付き、遼の語った状況が更に進んでいると判断した
スポーツ	コート	天を仰がずにコートと向かい合ったところに、コートでそれだけ厳しい練習を課し、自らも様々な苦労を背負って、バレーボールと向かい合っていたのかなということが大変よく分かるシーンだったからです
スポーツ	コート	uの広大な敷地内に白亜のホテル、テニスコート17面、ミニゴルフ、全芝多目的グランド、パターゴルフ、プール等々のスポーツ施設、そして島周辺の海から水揚げされる新鮮な魚介類をたっぷりご堪能下さい
ファッション	コート	紳士スーツや紳士婦人コートなど重衣料を狙っていた人にはお買い得商品があったと思われるが、セーターやジャケットを探しに行ったので、気に入ったものは少なかった
その他	コート	【請求項5】 前記データベース更新部は、前記モジュールレベルおよびサブルーチンレベルの特徴コードの重みを、その特徴コードの名前から把握された重みに設定し、前記命令コードレベルおよびオペランドレベルの特徴コードの重みを前記命令コートレベルの特徴コードの操作対象から把握された重みに設定することを特徴とする請求項1に記載のウイルス検出方法
スポーツ	コート	平成元年からは芝生広場やパターゴルフ場、テニスコート、バラ園、ツツジ等の花木園などを設備すると共に平成12年からは彫刻コンクールを実施し、総面積40haの桜と彫刻の公園として四季を通じて親しまれております
スポーツ	コート	周辺施設として、テニスコート6面(屋外)、ソフトボール場2面(屋外)、シルバースポーツハウス(屋内専用ゲートボール場1面)等が整備されています
ファッション	コート	1本目は6000円で2本目3000円で、ズボンを買うとコートが1万円になって、靴下やネクタイも割引なって、帰りにルーレット回すと十中八九は500円の割引券が貰えて、ポイントもつく
ファッション	コート	機械技術の進歩と高度利用の著しい今日、その動きに何の対策も講じることなく放置したなら、学校と言う学校は生徒のとる反社会的行動により閉鎖せざるを得なくなるでしょうし、防弾コートを着ずに街を出歩く事すら遠からず出来なくなるでしょう
スポーツ	コート	さらに、雄大な富士と澄みきったおいしい空気を思いっきり楽しめるオートキャンプ場や全天候型テニスコート、気軽に泊まれる40名様収容のクラブハウスも完備しており、本栖湖でのフィッシングの拠点としても最適です
スポーツ	コート	私は2日目に観戦に行きましたが、東京体育館の広いメインアリーナに30のコートが設けられていて、年代別のベテランの方の隣で高校生やトップレベルの選手が試合をしている光景を見て、卓球が年齢性別を問わず、誰にでもできるスポーツであることを、あらためて実感しました
ファッション	コート	ダウンコートのフードにフォックスのファーがついているのですが、直接肌に触れる部分でもないのでブラシをかけて陰干ししておけば、クリーニングは2年に1度くらいでいいよとも教えてもらいました
スポーツ	コート	湯上りに飲む冷たいビール、新刊書のしっとりした紙の感触とインクの匂い、テニスコートに立った時に身体をよぎる空気の流れ、沖から吹き寄せる潮の香りのする強い風
スポーツ	コート	それから、2点目といたしましては、先ほど6番議員さんがお聞きになっておられましたテニスコートとの接点の問題でありますが、この東村山市の運動公園のテニスコートのところに抜けるという道ですけれども、これは全く今まで私もここに道があったなんて思いもしなかったですし、仮に接点ができたところでも車がここから出入りするようなという点では1つ難点があろうかと思うんです
その他	コート	センチュリーコート丸の内では、第二のわが家でお客様をおもてなしする気持ちを大切にしながら、皆様に心から満足していただける時間を私たちパーティ専任プランナーがお手伝いします
その他	コート	70非球面つるつるコート(撥水) UVカット(2枚1組)【送料+代引き手数料無料】ナイロール・フチなしフレーム対応の最薄素材汚れに強い「つるつるコート」
スポーツ	コート	広い公園内にはテニスコートやプール、フィールドアスレチックなどのアクティビティも整備されていますので、活動的なキャンパーや子供づれにとっては一日中楽しめる場所になるのではないでしょうか
スポーツ	コート	風力発電用の巨大な風車が建つ中種子中央運動公園「太陽の里」は、陸上競技場、野球場、体育館、武道館、テニスコートなどスポーツ関連の施設が集中し、地域内外のスポーツ・レクリエーションの交流拠点となっている
ファッション	コート	やせ我慢を美徳としている私でなくても、おそらくコートは要らなかったことだと思うが、通勤途上で周囲をそこはかとなく観察していると、まだけっこうコート姿のサラリーマン諸氏を見かけた
スポーツ	コート	バスケットボールコート1面、バドミントンコート6面、バレーボールコート2面、卓球14面、ソフトバレーコート6面、移動式観覧席(280席)(同時には使用できません)その他、多目的ホール、ミーティングコーナー、更衣室も備えています
スポーツ	コート	夜遅くまで日比谷図書館で勉強した受験生やテニスコート利用者が木立の暗がりを抜けて帰宅する際、ゲリラ豪雨の巻き添えに遭っているとの情報もあります
ファッション	コート	写真集の作りとしても、水着メインでスタイルを楽しませつつ、コートやマフラー、 セーラー服からパンキッシュな感じ、インナーっぽい露出度を見せるものまで着衣の バリエーションも豊富
その他	コート	5月6日(火・祝)に行われますJ1リーグ第11節・対ヴィッセル神戸戦(14:00キックオフ、日立柏サッカー場)で、「フードコート」を実施いたします
スポーツ	コート	5/25(金)~5/27(日)まで太田テニスコートにて行われた第59回岩手県高総体テニス競技女子団体の部において、本校テニス部が第3位に入賞しました
その他	コート	現在のころパルクリーン(海洋・河川・ダム・湖・建設汚泥等の急速沈降させる)、パルコート(各汚泥を脱水処理後、通水性の良い土壌に返還)、プラスチック材の再資源化(熱硬化性樹脂、ガラス繊維、特殊塩化ビニールなどの再資源化)での事業を行っています
その他	コート	カプセル溶解型の例は、膜状の基材をカプセル状とし、その内部に活性成分を封入し、基材表面にリゾチーム、その塩、その生物学的フラグメントまたはリゾチーム関連ペプチドをコートするものである
ファッション	コート	◆東北地方の青森や山形ではドカッと記録的な雪が降った年末だから館内では冬のコートスタイルが目立った〜来年まで10冊の貸出しOKとの事だったが、今回もいつもと同じ5冊を借りた・・◆
スポーツ	コート	・公営渥美町総合運動場(車で15分・送迎有、クレーコート4面、AWコート1面、1日9時〜17時、ナイター17時〜22時、水道有、トイレ有、自販機有、ナイター設備有宿舎から手配可、予約開始3ヶ月前より)
ファッション	コート	ブラックマヨネーズの圧巻であった 迫力・テンポ・ネタどれをとっても秀逸であった (ロング)コートを着ていた頃の漫才とは数段の違いだ 実は久しぶりにブラマヨの漫才を見た 彼らの格好つけていた漫才が嫌いで
その他	コート	犬の足の形に無理なくフィットするので犬にとってもより自然で快適です ●インナーにウレタンコートをした厚手のナイロン生地で作られた犬用のブーツです
ファッション	コート	コートの裏地としてデザインされたのが起源で、1967年にパリのショーで発表された傘にバーバリー・チェックを裏地以外で初めて使用し、その後、バッグやマフラーなど様々なファッションアイテムに使用されました
スポーツ	コート	コートチェンジしたところで、私の目の前を越川選手が 「ぴうー」 と走って行き、衝立を両足揃えて 「ぴょい」 と飛び越え、どこだかへ走って行きました・・・そっそんな、横切るなら一声かけて、声かけて
スポーツ	コート	チーム編成は、監督1名(選手も兼ねることができます)と選手9名以内の10名以内で、競技でコート内に入れるのは、7名(フォワード4名、バックス3名)
ファッション	コート	カメラマンJKは、同色系ながら上部と下部で異素材を切り替えたユニークなジャケットで、その素材は英国を代表するマッキントッシュコートにも使用されている高密度のコットン(上部)と、保温性の高いハリスツイード(下部)を使用し、機材の収容を考えて、大容量のポケットがたくさんついています
その他	コート	上のコートはチェックや水玉のおしゃれなはっ水コートで女性の体を引きずって画面からいったん消えるが、その後ゴミ袋とリュックサックを持って行ったり来たりしているという衝撃的な内容だという
スポーツ	コート	※運動公園内には、野球場、多目的広場、サンドームせんだい、テニスコート、総合体育館サンアリーナせんだい(メインアリーナ・サブアリーナ・武道館・弓道場)があります
その他	コート	**当選発表**・リネンコート hacoさん・トートバッグ すずさん・アンティーク副資材セット mito*さん参加賞の当選者は、ネルマニアさん・riko*さんです
スポーツ	コート	例えば、「センターコート」に出て張り出した オープンデッキで食事ををしたり、シンボルツリーの下、部屋着で日光浴したりと、住まいの内側だからこそ叶えられる新たな暮らしの風景を創造していきます
その他	コート	二層の方が長持ちする理由は、普通のワックスよりも硬く作られているベースコートで下につぶを作っておくことによって、そのつぶがつぶれ難くなるからです
ファッション	コート	精神的にガクッときたことと、花冷えの中コートを着なかった日が2日あったことがキッカケで、肩が硬くなり、肩が硬く感じた日の夜に、風邪と喘息を併発
