# 音楽: 楽器の弦。, プログラミング: 符号。コードブック, 音楽: 和音。
その他	コード	粒子コードのシミュレーションを行った結果、クラスターのクーロン爆発によってイオンが得るエネルギーが、純粋なクーロン爆発から得られる最大のエネルギーを越えることを観測した
その他	コード	どこが間違ってるのか検討がつかないのですが、ハザルとヴァイクランとエイスとディバリウムを同時に出そうとするとコードを読み込んでからサルファが起動しません
その他	コード	一体何なんだ・・・あのOPとEDは・・・まったくコードギアスらしからぬ曲だったぞ・・・ふざけているのかそれよりも前OPや前EDのカットを使いまわしすぎだ
その他	コード	0~127のコードはASCIIとほぼ同様だが、128~256のコードは、半角カタカナに当てられた部分と、2バイトコードの前半となり、続く1バイトコードと組み合わせていわゆる全角文字(漢字、ひらがな、カタカナ、全角の特殊記号)を表すための部分とがある
その他	コード	例えば「CTA」はLeuをコードしていることを意味するが、C→Tに変化したとしてもLeuをコードする「TTA」に変化しただけなのでアミノ酸には全く影響を与えない
その他	コード	□チェックポイント △傷んだ電線、コードを使っていませんか △1つのコンセントからたくさんの電気を使っていませんか △洗濯機、電子レンジにアースは取り付けてありますか
プログラミング	コード	商品名:花王 ワイドハイターEXパワー つめかえ用 480mL★税込3150円以上で送料無料★[ワイドハイター]販売元:爽快ドラッグQRコードを利用してこの商品を携帯で見てみよう
その他	コード	改造コードによるプロテクト外しは「マジコン」と呼ばれる機器を使った違法コピーの温床とされ、コンピュータソフトウエア著作権協会は、こうした行為が技術的制限手段の提供禁止を定めた不正競争防止法に違反するとして実態調査に乗り出した
その他	コード	それから自分のロッカーを開ける時の秘密コード、自分の雇用番号(レジを取り扱う時にサインインする番号)、オフィスや倉庫やトレーニング用コンピュータルームなどに入って行く時に必要なそれぞれの番号(ボタンで番号を押すとドアが開けられる)などを教えてもらえます
その他	コード	まりさんのレシピで水量を若干増やして、食パンでもスイートパンコースうすめで捏ね時間もコードを抜いて10分程増やすとかなり上出来に仕上がりました
その他	コード	他のソリューションと異なり、Insightful 臨床グラフィクスは、プログラミングによらず、ジョブ生産コードの生成をともなう迅速な統計グラフィクスの作成を可能にします
プログラミング	コード	JISコードより多くの漢字コードを網羅している超漢字というOSもある、TRONというOSがベースで、これも細々ながらノートPCなどにインストールして売っているメーカーもあったよね
その他	コード	例えばAzaraCでも、テンプレートに書いたC++のコードが間違っているだとか、 テンプレートをコンパイルする権限が無い、などといった状況が考えられます
その他	コード	【作用】上述のように構成された腹腔鏡下手術用覆布を用いて、本発明方法を適用したコード取扱い方法を実施すると、開窓部に接続される10数本のコード類がそれぞれ専用のコード固定具によって覆布に留め付けられて整列される
その他	コード	トランザクション全体を単一のコード・ブロックにする場合は、カスタムなDBTransactionImplオブジェクト内のdoCommit()メソッドをオーバーライドし、スーパー・メソッドをコールする前になんらかのコードを記述します
プログラミング	コード	例えば、現在の文字コード業界は、抽象的な「文字そのもの」を扱うのだと自己規定することで、「文字の意味は文字そのものにはふくまれないからよそでやって」「字形は文字そのものには含まれないからよそでやって」みたいな感じで、自然言語処理業界やフォント業界などに面倒な部分を押し付けているのではないか(逆に他の業界もそれ以外の業界におしつけてたりする)、と守岡さんは指摘する
その他	コード	また、このプロモーションに参加するには電話予約センターにプロモーションコード「WK」の申し出が必要ですが、 この申し出とともに、スターウッドプリファードゲストのレベル(会員のレベル)が1つ上がってゴールドクラスとなります
音楽	コード	まあ、過去に私がドミナント7thコード上でのナチュラル11th、というコトでも触れていたように、そういう部分を感じ取った上で左近治ブログをお読みになっていただければな、と思うばかりです
プログラミング	コード	やじろべえ店舗に関しては、2005年以降は印刷会社さんにお願いして、携帯地図サイトに各店のリンクを作っていただき、これにアクセスするQRコードを用意してもらいました
プログラミング	コード	それにパワーもあるし、オリジナルなどはメロディアスで、非常にPOPでイイ曲を書くし、コードワークも素晴らしいし、右手のメロディーもはっきりと聞こえていて、かつメロディアス
その他	コード	と構成したくなると思うんだけど、 のっけからどういうバグを見つけたか、 とかは比較的丁寧に説明してから、 ストーリーを話して、最後にもっと細かい、再現コードの説明とか、 っていう順序だった
その他	コード	ある研究者はアナログコードとデジタルコードという基本的な分割から、またある研究者は感覚経路による分割から、さらに他の研究者は‘言語的’、‘非言語的’区分から出発している
その他	コード	コードが書けずとも、コーダーに理解を示してくれる貴重な人たちの手を払いのけるようなことを言ってる奴にフリーソフトウェアがなんたるかいわれたかねーよ
その他	コード	現場に戻り近所の玄関先で挨拶をするが玄関が閉まっており返事が無い4件目でようやく借りることが出来たがいざコードを伸ばしてみたらあと5m足りない、悩んでいるとその隣のおばさんが帰宅
プログラミング	コード	何にでもバーコードがついている時代ですから、な〜んも珍しいわけじゃあないんですが、こんなところにもQRコード(QRって、Quick Response(クイック レスポンス)の略なのね
その他	コード	私個人としてはそこそこ英語も出来るので問題ないし、他人のC言語やC++で苦しめられた口なので、コードが似通っていてプログラムの文章化が徹底されているPythonの方があっているような気がするので、Pythonを勉強してみたいと思う
その他	コード	この詳細設計書に基づいて、プログラミングを行うわけですが、その際に個々のメンバーの力量を見極めながら、それぞれに仕事を割り振ること、そしてその進捗の管理することが私の役割となりますが、なにか問題があれば、自分がプログラムのコードを書いたりすることも
その他	コード	光FTM設備において、コードが密集している場所で奥のキャップを外す際、不適当な工具を使用すると他のコードを抜いてしまったり、損傷さてしまうケースがあります
音楽	コード	「ハイサイおじさん」は、敢えてコードを振るならスリーコード(ドミソ、ファラド、ソシレ)で全てカバーできてしまうほど「コード的には単純な」曲に思える
その他	コード	コードをお知りになりたい方は住民票コード通知書は、公的年金の請求や現況届を除き再交付できませんので、身分証明となる物をお持ちになって、「住民票コードが記載された住民票」窓口でご請求ください
その他	コード	引数オブジェクトの中に定義されているプロパティを、次の部分のコードによって巧みに取りだしているということ、及びその取り出し方が理解できたのです
その他	コード	コード化モードは常に二バイト(ワードではない)で構成され、第二バイトがカラーインデックスを示し、 第一バイトがその連続する数を示す非常に単純な方法である
その他	コード	シリコンゴムで首輪につけるようになっているのですが、それではパカパカするのでお父さんに、電気のコードなどを縛る締結バンドを使って、留めてもらいました
その他	コード	きしださんが言う「安全」っていうのは、そのコードをどんな風に酷く扱っても、説明書にダメって書いてあることやっても壊れない子ども向けオモチャみたいな頑丈さのことだと思う
音楽	コード	アラブ音楽は、言ってみれば、コードがあってメロディーがはまっているというヨーロッパ音楽の堕落(別の見方をすれば「解放」でもあるのだろうけれど)を横目に、旋律(それも非常に原初的な意味での)の連続という世界観
その他	コード	秋田銀行岩城町支店のみならず全国の金融機関コード、銀行コード、支店コード、詳細情報を検索できます(詳細情報は、未対応の金融機関・銀行等が一部ございます)
その他	コード	コードはもう1本持ってたからあまり気にもしてなかったが、赤堀さんがこっちが申し訳なくなるほど謝ってくれるので「んじゃ俺とバンドやってください」ということでwww
プログラミング	コード	Fコードのセーハをなくせても、ほかのコードが今度はややこしくなる可能性もありますし、もしほかの曲も弾きたいなら少なくともカポで代用しようとは思わない方が良いですよ
その他	コード	RUNTIMEアプリケーションは外部機能インタフェースを利用してダイナミック・リンク・ライブラリ(DLL)とインタフェースできるので、作成するアプリケーションにはC言語によるコードを導入可能です
その他	コード	1によって提供されるステータスコードは、WebDAVメソッドによるエラーステータスの大半を記述するのに十分である一方、小ぎれいに落ちない幾つかのエラーがある
その他	コード	具体的には、土地利用コード(例えば、オフィスビルをコード1、住宅をコード2、など)、区画面積(登記簿上の地積をデータとすることも、あるいは、GISによる計算値をデータとすることも両方とも可能)などを付与する
プログラミング	コード	入荷検品時に、紙のカンバンに印刷されたQRコードをハンディ型リーダー/ライターで読んだ後に、同じリーダー/ライターを使って、QRコードのデータのうちカンバンの背番号をICタグ(13
その他	コード	Prolog の機能を拡張して Prolog の述語にデータをアクセスさせたり、コードをチェックして他のライブラリやインターフェイスとリンクさせることもできます
プログラミング	コード	なお、QRコードはもともと白地に黒字のモノクロを前提としているため、QRコードを読み取る機器によっては、本ソフトで作成したカラフルなQRコードを読み取れない場合もある
その他	コード	cppに対応するコードの初期化タイミングが必ず最初であるのか、そうでないのか、つまり普通のcppの規則と同じコンパイル単位をまたいだ時は不定、なのか、というのが気になります)
その他	コード	ですが、ソフトウェアという物は、要となる数箇所を最適化するだけで動作が快適になったり、逆に、なにも考慮されずに書いたコードが(塵も積もれば山となるで)ソフトウェア全体のパフォーマンスを悪化させる要因にもなりかねません
その他	コード	ブラウザで表示できる韓国語フォントがインストールされている環境であれば、基本的に特に操作の必要なく、自動的に文字コードが変更されるはずですが、文字化けをする場合には、韓国語ページを開いた後、表示のエンコードをその他の中の韓国語にセットしてください
その他	コード	初めてメインページへおばあちゃん☆寝具・ドリンクチケット・素材集採用選考要項について最高の倍の指名には、世界最高地点を開発を発見には今後、最高最低明日最高地点扇大橋北詰所在地長野派遣 マスターズ コードを
その他	コード	最近はポッドキャストの具体的な社会批評以外、全く面白くないと思っていたが、 (できればいずれまとめて社会学書の各論にでもしてほしい) 僕の青春と現在がある、90年代以降の具体事例を「期待水準」と「願望水準」のコードなどで 近いうちに再び鮮やかに斬ってくれると期待したい
その他	コード	だから音吉は最初、知らぬ存ぜぬの一点張りで、極力、殺人の重罪を免れようと試みたものであったが、司法主任から現場に突付けられて、その犯行当時の手順から、心理状態なぞを順序正しく訊問されて、最後にシーツに刻印されているその長さと、電燈コードに残っている肩幅と、その膝頭の褶紋とを突合せられると、流石の音吉も汗ビッショリになって恐れ入ってしまった
プログラミング	コード	ロックやポップスを基調としながら、ジャズ的な代理コードや意表をつくコード進行で曲にひねりを加え、一流のスタジオ・ミュージシャンを駆使した高度なアンサンブルを構築、その独特の音世界は内外のミュージシャン、音楽制作者に多大な影響を与えた
その他	コード	さらに、 動的に(ターゲットマシン稼働中に)登録される新規CORBAオブジェクトは、実行コードのダウンロード機能、ダンロードしたプログラムのリンク機能などが必要であり、プログラムを実装する機器に依存したものとなる
プログラミング	コード	他に"コードとリズムの上に、歌詞をのせていくような""メロディを歌うというよりも、詩を語っているような""アドリブで歌っているような"という表現もされたguts、表現技術出版、1972年8月、p16
その他	コード	今年はディスカバリー(つーことは、別府選手ですかね)も来るので、けっこう期待していたのだが、だいぶ行く気が失せてしまった(公式サイト、せめてPコードくらい載せておいてくれよ~)
その他	コード	難しいものですレディースカプセルリンク集コード難しい・ファンタジー・・・・・プロフィールルームフォト内検索本音は簡単なのに、同社などの8・・・と帽だという疑問からた絵はませんですこういう目の鳥のでもとんね
その他	コード	どうも使い勝手が悪すぎるので、やむを得ずVBAなるものを使って(ツール(T)→マクロ(M)→マクロ(M)→(マクロ名を入れて)編集(E))簡単なコードを組んでみることにしました
その他	コード	「Header」という新しいテンプレート・モジュールを作成し、共通して利用するHTMLコードを貼り付け、新しいテンプレート・モジュールとして保存します
その他	コード	海馬のニューロンは抽象的な場所をコードしているが、海馬旁回のニューロンはどちらかというとその場所に特徴的なランドマーク(建物とか看板とか)に反応する傾向があるという
その他	コード	▽除票や旧姓のもの、住民票コードや履歴などの記載が必要な場合は利用できません▽自動交付機を利用するには、4ケタの暗証番号を登録した「各務原市民カード」が必要です
プログラミング	コード	カラージップ・ジャパンは17日、東京放送およびフジテレビジョンとともに、次世代型バーコードシステム「カラーコード」の技術を使った携帯電話とテレビ放送を連動させるアプリケーションの開発を進め、今年夏からの運用を目指していると発表した
プログラミング	コード	7月25日「ガリガリ君の日」 エコうちわ配布&amp;イベントフィールドプロモーションニュースうちわに付いているQRコードから応募できる「ガリガリ君オリジナルグッズプレゼントキャンペーン」を、7月25日と8月31日の2
その他	コード	それらは、一般的によく知られた脆弱性攻撃ではなく、もっと単純なブラウザとPHPインタプリタにおける権限昇格とブラックリスト回避を使用しており、ユーザが意図しないコードの実行を簡単に実現しています
その他	コード	これらの機能を制御する車載ソフトウエアの開発コードの規模は、現行の高級車で800万行に達しており、2015 年には1000万行を超えるという予測もあるなど、その規模は年々増大している
その他	コード	検索(VINコード)」を使った検索は間違いのない正しい利用法だが、他に2つの検索方法が用意されているので、せっかくだからこちらを使った方法も試してみよう
その他	コード	Textboxのデータはtextファイルに書き込むため、改行コードをいれると、Textファイルも改行されてしまいますので、改行コードでなく行う方法を教えていただきたいとおもいます
プログラミング	コード	さらに 最近は携帯電話に表示したQRコードを読取るための定置式リーダーもあり、来場者の入場の際の煩雑な手続きや主催者側の膨大なデータベース作成のための業務を大幅に軽減できるという メリットがあります
その他	コード	しかし新機能のアノテーション対応とActiveRowMapperのおかげてがらっと印象が変わって、すっきりしたコードが書けるようになったようです
その他	コード	このコードを見て、筆者は、「このような条件判断は行わず、常に引数なしのコンストラクタでTestCaseのインスタンスを生成して、メソッドsetNameを呼び出すようにするのではだめなのだろうか」と一瞬思いました
その他	コード	コードを見てもらえばわかるのだが、ぼくの作ったプログラムでは、単語の出現頻度表をつくるときに、HTMLファイルをそのままChasenに喰わせている
その他	コード	pdfを一通り目を通し、サンプルコードをコンパイルしてみるが、予想通りエラーである、色々いじってリンクエラーは解けたが、kMenuDoInterfaceが定義されていないと文句をいっている
その他	コード	あらかじめリモコンのメモリに各メーカの識別コードを内蔵し、電気製品のメーカを設定することによりどのメーカの製品も操作することができる、プリセット・リモコン向けのマイコンで、端子数が30本の「μPD179F114」他4機種と、同38本の「μPD179F124」他2機種がある
その他	コード	Wii Musicの掲示板などにフレンドコードを書き込んで、すでに書き込まれているフレンドコードを伝言板から登録したら、後はwii musicの開始画面に、登録認証が出るのを待って下さい
その他	コード	NativeHeapは JVM が自身の内部操作で使用するメモリで、生成されたコードや作成されたスレッドの数、GC中に Java オブジェクト情報の保存に使用されるメモリの量、コード生成中や最適化中に一時的に使用される領域の大きさなどによって異なります
その他	コード	彼らは「コード人事」、「天下り人事」の首謀者、または主動者として職業公務員制度を揺るがし、傘下機関長の公募・競選制を名ばかりの制度に墜落させている
その他	コード	URLで %を使用してコード化された文字は比較の前に unencode されないので、PICSルールの評価者はそれらをシノニムとして扱わないが、サーバは2つのURLをシノニムとして扱うかもしれない
その他	コード	ストーリーを語っている部分では、ひたすら一本道だけれども、 ファイルが分かれているために別コードブロックになっているというケースも多く発生します
その他	コード	」(法華取要鈔402頁)と仰せのごとく、私たちは御本仏の子供であるから、いつもその心は、目には、見えない臍のようなコードで、本仏の御心と直接繋がっており、直接その霊的なのコードで光を頂くことが出来るのである
その他	コード	今月上旬にそれらは私達の既存の顧客の非常に限られた数のための閉鎖したアルファプログラムの一部としてインターネットに生きているコードの以前のバージョンを取った
その他	コード	より省力して高度な目的を達成することが出来るか、例えば、人の記述したコードを読んだり、 加えたりする度に考えることや、問題の起きない範囲で、良い意味で技術を盗めないようでは、 一人前になれない
その他	コード	尚、クレジットカードにはカード番号の他にセキュリティコード(カード会社により違う呼び方をする場合もあります)と呼ばれる3桁の番号も付されています
その他	コード	・コンピュータのソフトウェア、ハードウェア、通信機器の機能を妨害、破壊、制限するようにデザインされたコンピュータウィルス、コンピュータコード、ファイル、プログラムを含むコンテンツをアップロードしたり掲示したり、メールなどの方法で送信(発信)すること
その他	コード	この実際にあったコードで、htmlは、HTML作成ウィジェット(lablgtkライブラリのオブジェクト)であり、プログラムの冒頭で、一度だけ作られている
その他	コード	ただし、そうすること(略字を将来追加すること)のためには、現在の文字コード表で、コードポイントをいくつか、あらかじめ空白にしておくことが必要だ
その他	コード	プログラムに、MatrixがPCに接続していることを確認するプログラムコードと、 接続していなければ実行不能にするプログラムコードを埋め込みます
その他	コード	1つ1つのコード整備を見れば、研究期間はあるのですが、多くのコード整備があって、それらのいくつかをまとめて1つのコード整備という形にしているということです
プログラミング	コード	内容としては、解説部分はコードに関するものが殆どでアルベシオはほんと数ページ程度、その他は弦の交換やブルースハープの演奏方法などおまけ的な内容が3分の1程を占めています
その他	コード	その後当時流行っていた赤いウルトラ製プラグコード、さらにはマツダスピード製タコアシ(中古)も手に入れ、エンジンルームはNAロードスターらしくクラシカルでカッコいいモノになりました
その他	コード	エクスプローダー(生産終了)やエックスターミネーターエクストリーム(一部のコード除く)を使って改造コードを使用することができます(プロアクションリプレイ系は未確認
その他	コード	ああ、先日模様替えしたときに、テレヴィのアンテナコードが抜けたなと思い当たりテレヴィ裏を見てみると、案の定コードが抜けていたので、再度しかるべき場所に差し込むも、何故かなかなか差し込むことが出来ません
その他	コード	この商品に出会えたのは、 出版社:PHP研究所発売日:2009年03月10日サイズ:A4変楽天ブックス商品コード:14121この雑誌の新刊が登録されたら新着メールを通知する※新着メール登録ページの「登録名」に商品コードが表示されますが、不具合ではありませんのでご注意下さい
プログラミング	コード	殺虫スプレー ★ (殺虫剤)ハチ・アブ ウルトラジェット 550mL★税込3150円以上で送料無料★ QRコードを利用してこの商品を携帯で見てみよう
その他	コード	コード・ブルー SECOND SEASON第10回(画像更新しました)昨年多く見られた医療ドラマとは違い、こちらは完全に人間ドラマに重きを置きながらも、さまざまな問題点にちゃんと触れている
その他	コード	FirefoxもiPhoneを作ろうとしたが、利用規約でコードを解析するモノを作成してはならないというモノがあるため、開発すら出来なかった という話は昔聞いたような気がします
その他	コード	先ほど梶本グループ長から説明がありました資料の1ページをご覧いただきたいと思いますが、解析評価部の仕事は、安全審査とか安全の有効性の確認という、保安院の規制業務に直結した仕事でございまして、その手段としていろんな解析コードを使います
その他	コード	下の地位の公職者の中にも、自分の出世のために政権コードの盲目的手下となり、自由民主主義市場経済法治の根幹を揺るがすことに同参した人々は、責任を痛感すべきだ
その他	コード	一方レコン・キスタはどうなるのかと思ったら、まさかまさかのクロムウェルがギアスの民、しかもジョゼフと契約しているコード所有者も同じ血筋というのは予想をはるかに上回る展開ですね
その他	コード	要するにイアン・マッケイ(フガジ/ディスコード)とジョン・マッケンタイア(トータス/スリル・ジョッキー)の影響下にあるバンド達、ということですね
その他	コード	その付け根の辺りから延びているコードの途中にスイッチらしきものがあり、かちりと操作するとたちまちちかちかと目映いばかりのイルミネーションが輝きだした
その他	コード	例に示していますJANコードではウエイト3−1のモジュラス10が規格になっていますが、その他のコードでは「セブンチェック」「ナインチェック」「モジユラス43」や「アスキーチェック」
その他	コード	コンビニ商品の107分野の総販売数、総販売金額、上位30位までの商品名、JANコードの他、各商品別(JANコード別)の実際の販売数量・販売金額・数量シェアを収載しています
その他	コード	携帯、カーナビ、PS3などBT対応商品を持つようになり、コードの煩わしさからBT対応のA829を購入しようと思っています しかし、BT対応のヘッドフォンは音質や重量などの不安もあり、レシーバーを購入しようか悩んでいます ただ、折角のBTなのにレシーバーにコードをつけていたらいままでと変わらないのではないかと思うようになりまして
プログラミング	コード	そして、先に書いたようにほぼ全機種にQRコード読み取り機能が付いているので、QRコードが読み取れる人の数は、増えることがあっても減ることは考えられません
その他	コード	また、SMN蛋白レベルの研究では、SMN蛋白の発現の障害によってSMAが生じること、そしてSMNc遺伝子によってコードされる蛋白の量とSMAの臨床像の間に強い関連があることが観察されている
その他	コード	そういう中で、SPコードは2003年に開発され、文字情報を内包した二次元コードの一種で、専用の読み取り装置を当てると音声で文字情報を読み上げることができ、印刷物に添付することにより視覚障害者にも情報の提供ができるようになる画期的なものでございます
その他	コード	それでドングルメモリーが壊れたんだと思い再度購入したら2、3回は起動し普通にコードも打てたのですがそれからまた同じ「ドングルメモリーが見つかりません」というメッセージが表示されてしまいます
その他	コード	例えば、イベントドリブンを特徴とするVisual Basicだけど1つのプロシージャの中では上から1行ずつ順番にコードが実行されていくんですよ、と多くの入門書には書いてあるけど本当だろうか
その他	コード	一瞬エロい改造コードでも探しているのかと思ったが、「難易度の高さがたけしの挑戦状並み」らしいのでクリアできないからコードを探しているのかもしれない
その他	コード	土日にでかすべきですね絶対最近は、PICのコード書いているのですがなんかMPLABのエディタが使いずらいのでいいものは、ないかと探していたらMPLABの最新バージョンが出ているとのことで改善さ
プログラミング	コード	文面で文字化けしている該当箇所は、古いJISコードでは適用外の文字(中国の固有名詞等)なので、メールマガジンの入力・配信システム側がうまく対処できていないようです
音楽	コード	しかも、この曲の最後のコードは、2オクターブの中ですので、ベースG♭、バリトンD♭、リードB♭、テナーG♭で、ベースとテナーが根音でしっかりとピッチを合わせ、バリトンが5度でピッチ高め、ベースと5度の倍音を狙い、リードの3度は、「軽く」音に乗るだけで、ハモります
その他	コード	他のいくつかのテンプレートライブラリとは異なり、このライブラリは テンプレートコード(ヘッダの中にある)と、静的なコード とデータ(cppファイルの中にある)の両方で構成されている
その他	コード	スイスに本拠を置く世界的製薬企業であるロシュグループでは1996年以降グループ会社に、国際会計基準に基づくグループ基準運用システムおよび統一コード運用システムを備えたERPを導入している
その他	コード	また、住所お支払方法先着コード桁のアクティブな生き物な羽を拡大・ゲーム動画・L・口コミなどの顔が注文ない、の無断転載・販売遠藤食品株式会社ガリとメソポタミア作戦をてます随時更新ガリでは海軍大臣月日のユーザーさん
その他	コード	しかし、スクリプト処理系ではCPUリソースが問題になるかもしれませんし、このレベルを超えて、ネイティブコードについて、実行中のコンテキストも含む本格的な移送を行うことは、RPC以上に難しいといえます
その他	コード	EXCEL VBAでデータの並び替えをしたいのですが、以下のコードに追加して処理したいのですが、 マクロ記録から、コピペして、やったのですが上手く行きません
その他	コード	ビジネスデリゲートなしでサービスロケータパターンを使う場合には、アプリケーションコードが、結局はEJBホームのcreate()メソッドから起動され、例外が発生するとそれに対処しないといけない
その他	コード	例のように、営業所名とセンターコードを、チェックアウト時にコメント欄にご記入いただけましたら、ご自宅には配送せず、ご指定の営業所でお留め置きいたします
その他	コード	最近ますます寒くなってきているわけですが・・・・ 「熱帯魚+淡水魚 水槽」のヒーターのコードが抜けたままw 気が付けばこの水槽には水温計もない
その他	コード	ファイル内部のプログラムコードを解析し、メモリ内に作成した仮想マシン上でファイルを実行、悪意のある振る舞いをするコードが含まれていた場合は、そのファイルを「悪意のあるプログラム」として抽出する
プログラミング	コード	QRコードを利用していた場合、「C店」専用のQRコードが必要になりますが、MonAでの誘導は、PCの管理画面から「C店」端末機器のURLを変更するだけで簡単に変更することができます
その他	コード	構造物健全性解析評価の作業概要と解析評価手法、及び構造物健全性解析コードの導入・整備計画に関して説明を行い、原子力施設の高経年化構造健全性評価に適用するき裂進展解析コード、並列解析コード、及びプリポストプロセッサの特徴について紹介した
音楽	コード	いわゆる「フォークギター」で使われるコード・ストローク、アルペジオといった基礎テクニックから、ボサノバなどに見られるテンション・コードを使ったコンテンポラリーな奏法などアコギの魅力を余すところ無く楽しみましょう
その他	コード	トークの中でPL法の話があり、こういう家電製品は安全性を確保しないといけないから大変だという話の後で、「電気のコードで首を絞められることは多いんだけど(魚コードで)世界で初めに殺されるのはだれだろう」「うーー、こんなんで死ぬんかーとかいいながら」(笑)
その他	コード	3kgガラスビーズ部分サイズ直径10cm×9cmコードの長さは短くすることができます(梱包内に専用キットが同梱されていますので、お客様のご都合に合わせて調節可能です)
その他	コード	久保田氏は今後求められるDRM技術について、「許諾コードでDRMコンテンツを複数デバイスで再生可能に」ということを提案しているようだが、コンテンツホルダー側としてはDRM技術をつけてもかかるコストと労力、また結局破られるのではないか
その他	コード	メールアドレスを公開する場合にスパマーに情報取られるのを防ぐ時などにもこれが使えるのですが、さて、どういう数値と対応付けすればいいのかと眺めていたら、なんだアスキーコードと対応付けすればいいだけですね
音楽	コード	この頃、兄貴が持ってたエレキギターで、長渕の「とんぼ」をコードで練習したりしてたけど、1週間くらいがんばって、なんとなく弾けたような気持ちになって、それで終わってた
音楽	コード	イントロが バラード王道のコード進行を繰り返すのでAメロもそのままいくのかと思ったら、なんとIIonIV#→IImonIVという意表をつくコードから始まります
その他	コード	そこで原告は被告に、「朝の打合せ会はそういう性格のものと決まったのですか」と質問したわけですが、これは被告のコードを確かめるメタ言語行為と言えます
その他	コード	バグ 18126 の修正のためのコード変更が一通りできたので、簡単なベンチマークを取ってみたところ、パターンマッチング関連の実行速度が大きく低下していることが分かった
その他	コード	電源コードとエアポンプが店の中にあるのを気付かずに持ち上げようとしたらしいんですが、容器には水が10L位入って重い上、コード類に引っ張られるとは思っていなかったみたい
その他	コード	コード作成が不要で操作しやすいマルチタブダッシュボードを作成可能な構築済みのコンポーネント“タブセットコンテナー”や、ロード時にビジュアル化機能に統計計算を自動挿入することで、データからトレンド/パターンを検知するビルトイン機能“トレンドアナライザー”、世界の様々な地域の地図を集めた対話型の“マップライブラリ”も装備している
その他	コード	手コードに比べて Weak モジュールを使う利点は二つ: 一つ目は、ガベージコレクタがプログラム全体のメモリ要求を観測しており、 キャッシュの縮小を判断するのにより良い位置にいる
その他	コード	これらはサンプルコードにあるMailUtilityクラスの中で実装しているのですが、執筆時点の意図としては、掲載したstaticメソッドを自分のクラスに組み込んで使って下さって結構です、という立場です
その他	コード	ライブラリ関数を使って書かれたコードを何らかの事情でDOM関数で書き直したりするような場合には、この挙動の違いにちょっと注意をしたほうがいいかもしれません
その他	コード	^n^;パワーコードもメジャー/マイナーに左右されないから楽なんで使っているだけで、コードの打ち込みは比較的に毎回手を抜いてます^^;;音源について、非常に参考になりました♪親記事のほうを編集しておきます
音楽	コード	メロディがそんなにそっくりと言うわけでもないし、コード進行がどーのこーの言えるほど音楽的な知識は無いから「何となく雰囲気が」くらいにしか言えないんだけれど、リズムが3連符を刻んでいるところとか、一瞬ブレイクが入るところとか
その他	コード	また、部屋の中でも、電気のコードを引っかけてストーブを倒したり、熱くなった所に触れてしまう、何かの拍子に、ストーブの上のやかんやなべを倒してしまう、といった事故にも気をつけましょう
音楽	コード	前面に出たぶらつくピアノ・コードと後景に配されたブラスがビートの遠近法を成す"Popular Demand (Popeyes)"は良く出来ているし、コカインの精製人を意味する"Door man"は、あけたてのシャンパンみたく膨張し溢れだすシンセとマリアッチ風ホーンが混ざり合うもったりとしたグルーヴが面白い
その他	コード	EDI業務においてしばしば懸案となるデータのコード/フォーマットについても、Model Fでは、自社処理用に変換する機能をもつプログラムジェネレーターを提供しています
その他	コード	プレイステーションは持っていないのでどんなコードが発売されているのかわかりませんが、スーパーファミコンでも一般の店にはステレオ音声対応コードしか置いてないことが多かったような気がしますので、モノラル音声用のものが手に入らなくても上のやり方でできるのではないでしょうか
その他	コード	今になって考えてみると、LaTeXの数式より MathML の方が遥かに厳密ですので、曖昧なコードから厳密なコードへの変換は原理的に不可能化とも思います
その他	コード	Vanity Callは、自分のアメリカ住所のエリアコード以外から選んでも構わないのですが、やはり、自分が住んでいて土地感のある2エリアに拘りたい気持ち
その他	コード	また、本発明には、配列番号:2、配列番号4、配列番号6、配列番号8、又は配列番号10のアミノ酸配列を有するポリペプチドの断片(配列番号:2、配列番号4、配列番号6、配列番号8、又は配列番号10の少なくとも15(25、30、50、60、又は63)個の連続アミノ酸を含む)をコードする核酸分子が含まれる
その他	コード	まだ ToneProducer の動作で理解していない部分についてはそのまま残して有りますが、それ以外の部分については余計な GUI のコードなどを削除する・クラス名を変更する、などある程度の整理を行いました
その他	コード	縮重は、1種類のアミノ酸に対して複数のコドンが対応している現象をいい、この縮重のため、あるアミノ酸をコードし得る遺伝子の塩基配列は一とおりには決まらないが、可能性のある塩基配列すべてを含むようなオリゴヌクレオチド混合物を合成することは可能になる
その他	コード	イメージ転送タイプは、オブジェクト・コードなどの 2 進データの転送に使用するもので、これによってファイルの記憶と検索とを効率化することができます
その他	コード	【解決手段】下記(A)又は(B)に記載のタンパク質をコードするDNA:(A)開示される特定のアミノ酸配列を有するタンパク質、(B)上記アミノ酸配列において1又は数個のアミノ酸が置換、欠失、挿入又は付加されたアミノ酸配列を有し、かつメチルトランスフェラーゼ活性を有するタンパク質
その他	コード	顔コード&パワプロ2009・パワプロNEXT・パワポタ4対応の応援歌や各種楽曲の応援曲パスワード、攻略、オンライン(アクション&監督モード)対戦プレイ記録&画像など
その他	コード	このコードを応用すると、「最古の画像を一枚取り出す」、「毎月の最初の画像を一枚取り出す」、「カテゴリごとの代表画像を一枚取り出す」といったことも可能です
その他	コード	トランスコードおよびトランスレートは、ViXS XCode 2100シリーズICでハードウェア・サポートされるため、ブロードバンド・ビデオ・サービスに期待される性能と品質を実現することができます
その他	コード	そういう省略法も、日本語というコードの一部なわけだから、この場合、子どもの発したメッセージがよくわからなかったというのは、だいぶんメッセージから言葉が省略されてしまった可能性もある
その他	コード	商品コードfch28商品名アリュ−ル センシュエル EDT 100 SP商品規格等【容量】オードトワレ100mlコメント斬新でありながら暖かさにあふれる、透明感を持ったスパイシー ファセットに、フレッシュで刺激的なア
その他	コード	}]とくくっているところはインラインアセンブラといって、大概のコンパイラに実装されている機能で、cもしくはc++で記述しているコード中にアセンブリコードを埋め込めるというものを利用しています このインラインアセンブラの書き方は特にANSIで規定されていませんので、コンパイラによって異なります お使いの環境に合わせて修正してください
その他	コード	1』『死国』『エクステ』などで強烈な個性を発揮し、今回は男装にも挑戦した栗山千明、『蝉しぐれ』で鮮烈なデビューを飾り、本作では見事な歌声まで披露する石田卓也、『仮面ライダーカブト』や「花ざかりの君たちへ〜イケメン♂パラダイス〜」で大ブレークした水嶋ヒロ 『ALWAYS 続・三丁目の夕日』「コード・ブルー ドクターヘリ緊急救命」の若手個性派の浅利陽介といった映画やTVドラマ等で大活躍中の4人
その他	コード	8インチから2インチに拡大、レリーズ用リモートコードの接続端子をボディーに増設、内蔵スピードライトの照射角度を18mmに拡大、標準バッテリー容量の増加などがある
その他	コード	また、「すべての機械にコードを振る」や「どこまでを段取り時間とし、どこからが加工時間とするかを規定する」、「集計するタイミングを決める」「そのフォーマットを決める」等の作業を行う必要がある
その他	コード	たとえばティヴ族は消費財の流れ、威信財の流れ、女子どもの流れという三つの流れをコード化しているが、ボハナンはこのティヴ族の経済についてこう著述している
その他	コード	本当の問題は相手の思考の過程にあるんだから、俺は必ず相手に「なぜそういうコードを書いたのか」を正解だろうと不正解だろうと説明させることにしている
その他	コード	オペラで性とジェンダーがことほど左様に容易に入れ替わったのは、高い声がありきたりの 「女性らしさ」 とは逆に、 地位の高さや精神的・肉体的強さ、さらには若さと性的魅力を表すコードだったために、主役の英雄には女性と同じ、あるいはそれより高い声が要求されたためである
その他	コード	厨房のウンニョとハエのコードをファストに変えりゃファスト大量発生ボスイベントワッショイ状態にできるがそこにスティンクのコードぶちこんだら接続切れになる訳だ
その他	コード	Hibernateを使うコードは一般に、効率と自前のトランザクションを処理するために、同じHibernate”セッション”オブジェクトを使う必要がある
プログラミング	コード	「EANー128」とは、現在普及している商品コード(JANコード)の情報に加え、有効期限/使用期限、入り数、ロットナンバーなどの商品個々によって変わる情報を表示するためのバーコードです
その他	コード	対応するフィギュアをクロックの上に乗せると、フィギュアの裏面に印刷されたドットコードを読み取り、そのキャラクターの声で目覚ましのセリフをしゃべります
その他	コード	本発明は、治療目的で使用されるr−hIL−7薬物原料の不純物プロフィルを特徴付けるための方法、及び哺乳動物IL−7をコードする最適化されたヌクレオチド配列、組換え発現ベクター及び該ポリペプチドを製造及び生成する方法も開示する
その他	コード	cgi はUnix上で動くPerlコードで書かれたプログラムなので、Windows系サーバーで動かすには、特にメール送信ルーチンは改造が必要になります
その他	コード	札幌二次医療圏と後志二次医療圏において、紹介患者のDPC傷病コードが狭心症・慢性虚血性心疾患であるか否かと、地区分類が独立か否かを検証するため、表1を用いて検定を行う
その他	コード	それに代えて、あくまでも厳選した販売店ごとの新製品の紹介も含めた販売店ニュース的なものや、自社製品のダイレクトメールなどを、この印刷工場で印刷し、販売店にかわって、全部ZIPコードをつけお客のところヘダイレクトで送る
その他	コード	ドナルド・クヌースは、ソフトウェアドキュメンテーションをコードを書いた後で行うのが非常に難しいと考え、文芸的プログラミングという手法で文書をソースコードと同時に書くようにして、自動的手段で文書をソースコードから抜き出すようにした
プログラミング	コード	QRコードを製品パッケージなどに記載しても、パッケージは捨ててしまう場合があるが、ケイタイモッパーにQRコードをプリントして配布すれば、捨てられることなく、より効果的に携帯サイトへエンドユーザーを誘導できるという
その他	コード	このコードのこの部分では、電子メールの件名から抽出された取引先責任者の名前に基づいたSELECTクエリが返して来た取引先責任者の一覧を含むリストをインスタンスとして作成します
プログラミング	コード	形としては盛岡の中心部を散策するオリエンテーリングらしいのですが、大通、菜園、内丸周辺のQRコードを探して盛岡市街地を歩く事で、盛岡を再発見しようという試み
プログラミング	コード	●QRコードを使って、ホームページなどのデザイン用の画像素材、お友達へのメッセージ作成、おしゃれにブログなどWebサイトのURLやメアドの配布、ビデオ・DVDなどのラベル製作、アンケートツールや広告媒体などメディアツールとして利用、葉書や年賀状の素材、名刺などへの個人データの埋め込み、携帯の待ち受け画像にするなど、いろんな用途にGoodです
その他	コード	例えば、431 という理解できないステータスコードがクライアントに受信されたなら、そのリクエストに何か誤りがあると安全に推測ができ、それが 400 ステータスコードを受信したかのようにレスポンスを扱う事ができる
その他	コード	(まじめに URL を解析するコードを省いたのね) サーバーからのレスポンスデータは、「状況レポート」ウィンドウに表示されるので、うまくいってるかどうかはあなた自身が目視で確認する(手抜きプログラムゆえ、文句は言わぬこと)
その他	コード	文字現在作成サービスをご注文て安心な情報をば、以下のことが文字ただし下図にても、時間が文字同盟って参加条件こちら参加条件こちら参加者が可能ですので、たい古代文字桃木文字コードについてのローマ字、抽象的な言語
その他	コード	コードボールになったボールにネットの上を転がせる「綱渡り」や、鉄柱にボールを当て軌道をさまざまな角度に変える「鉄柱当て」などの「妙技」を駆使する
その他	コード	初っ端の正規表現の超短いコードは、実装が簡単になるようなサブセットを勝手に決めていて、学生向けの教材に、そんな特殊解を紹介してどうする、と思いました
プログラミング	コード	名詞的には普通の場合、緯度経度など座標を持っていないのですが、住所が書いてあったり位置のコードがふってあるような統計調査のIDのようなデータです
その他	コード	さて、その8080系ですが、誘導スクリプトの変更を(デバッグも含めて)実際の感染環境で行っており、コードがコロコロ猫の目のように変わっています
プログラミング	コード	ブラウザでホームページ閲覧中に見つけたQRコードやデジカメで撮影したQRコード等、画面にQRコードが表示されている時にQRトレイをクリックすればQRコードをデコードし、データを表示してくれます
音楽	コード	私が最初にこれってビートルズ独特のコード進行だと思ったのは、「ア・ハード・デイズ・ナイト」などによく見られる、G→Fのような、2度下げるコード展開でしたね
その他	コード	国際EAN協会(国際的な流通コード標準化機関:現GS1)と UCC(米国の流通コード管理組織:現GS1 US)が中心となって発足し、様々な標準化を行うためのWGから構成される
その他	コード	なにげにいろいろと機能があるので、最初にウィジェットを表示するための最小限のコードを挙げて、その後に色分けや細かいカスタマイズの方法を見ていこうと思います
その他	コード	しかし、それらコードは極めて社会的なものであり(つまり、マス=大衆により支えられる価値観)、個人による変更はできなくて、もし、意識的にコードの変更をしようと思えば、莫大な資金と周到な準備が必要となります
その他	コード	その結果、アプリがどんなにがんばってもOSが重くて足を引っ張り(特に起動時間とか)、最適化に走ったコンパイラのせいで妙なコードが出てきて悩まされます(最適化オプションをOFFにすれば解決する場合が多いけど、OFFにしてもコンパイラのバグで回避できない場合も経験アリ
その他	コード	このたび、AMAZINGは同社の遊戯施設「アメイジングワールド」全4店舗(江南店、伊丹宝塚店、多摩境店、船橋店)において、「カメレオンコード」を活用したSaaS型入場者認証サービスを採用・2009年1月から順次稼働開始します
その他	コード	JANは「識別コード」(用語事典参照)ですから、商品の品番などを表示することは出来ませんが、商品一つ一つにメーカーコードとアイテムコードを付けておけば、グローバルに通用してEDIに利用出来ます
その他	コード	「EC店舗部」からの様々なデータを受けて、「データ変換」や「コード変換」から「出荷管理」までを担い、「EC店舗部」と「物流部門部」の橋渡しを行います
その他	コード	Secuniaで最高技術責任者(CTO)を務めるThomasKristensen氏によると、この脆弱性を悪用した実証コードは公表されているが、同社ではまだこのコードを悪用した攻撃を発見していないという
その他	コード	とか書いているが、本当は書いてあるコードを全部実行して、コードを全行理解するとよりものになって本書について語る事も増えるのだろうが、私自身そこまではみっちり読んではいない
その他	コード	引き込み交代後はそれまで様子見のように遅かったコンベアも早くなり、スピードが上がっていく(いつもと同じくらいまで)にしたがって新コードの取り逃す数が増える増える(笑)
プログラミング	コード	2008年10月のソースコードの公開から1年以上がたち、Androidベースの各種組み込み機器プラットフォームを開発するOESFや様々な企業によって、周辺技術の開発が進んできた
プログラミング	コード	あらかじめプリセットされているリモコンコードにBDレコーダーが追加されていたり、シフトボタンを使って1ボタンに2機能を割り当てることが可能など、前モデルのPL500Dからさらに進化を遂げています
その他	コード	ロールアップコードも階層化コードも集計階層を表現するという点では共通だが、前者はそれをひとつのコードの各桁で表現し、後者は複数のコードを階層的に組み合わせることで表現する、という違いがある
その他	コード	だいたいSU30は、仕事中にこっそり聴く(^^;為に買ったんで、コードが長いと咄嗟に仕舞えない(^0^ 勿論、付属のネックレス型イヤホンなんて、仕事中に付けてられないしね
その他	コード	コード内の2つのインスタンスを区別するため、メンバー・フィールドの1つにmyButtonという名前を付け、もう1つのメンバー・フィールドにはanotherButtonという名前を付けます
その他	コード	状態遷移図をコードに落としたり、オブジェクト指向の多態性(polymorphism)をCのコードで実現したりする場合、呼び出す関数を動的に変更する必要があります
その他	コード	だったら、最初から複数人数でコードを書いた方が合理的かつ効率的に質の高いコードが出来上がるのじゃないか、というのがこの「ペアプログラミング」の考え方なのだろうと私は理解している
その他	コード	日本=ベトナム間の路線ネットワークは、JALが運航している、東京(成田)=ホーチミン線・ハノイ線、大阪(関西)=ハノイ線とベトナム航空が運航するコードシェア便の大阪(関西)=ホーチミン線、名古屋(中部)=ハノイ線、福岡=ホーチミン線に加え、今回の福岡=ハノイ線で、7路線に拡大されます
その他	コード	クルーズ6日目(5/7) 寄港地:済州島 出港:19:00 ドレスコード:カジュアル 六日目夕食 さて、この日はスケジュールが大幅にずれてしまったこともあり、夕食はオープンシッティングに変更になってしまいました
プログラミング	コード	また、Windowsのコードは1億行に近づき、99ドルで販売される平均的なPCには2億行ものコードが使われるようになるが、その中には、およそ200万件のバグが含まれることになる
その他	コード	つまり、都市コード3文字を何度か入れ替えているうちに、自分の都合の良い数値を作り出してしまい、その時点で都市コードの入力ミスが見えなくなっていたのである
その他	コード	疾病の原因となる異常タンパク質が発見され、そこから遺伝子の発見に至るパターンもありえるのだが、実際には、原因未知の症候群患者に共通する遺伝子異常が先に見つかり、その遺伝子のコードするタンパク質が判明、その後タンパク質の機能が解き明かされ疾病の発症機序が明らかになることがむしろ多い
その他	コード	Linuxは誰もが使うことを想定して、それぞれのファイルにアクセス権限をつけているとのこと、sudo nautilus のコードの入力でroot権限で扱えることを知ります
その他	コード	●既出の質問でメガネを掛けている女性アナウンサーは殆ど見たことが有りません更にニュースを読むときに限れば女性アナウンサーがメガネを掛けてるのを先ず見たことが無いような気がするのですが、気のせいでしょうかドレスコードとか暗黙の了解とかが有るのでしょうか
その他	コード	例えば、本の ISBN コード (本の裏表紙などに表示してある本の固有番号) 順に管理する人もいるでしょうし、本のジャンルごとに管理する人もいるでしょう
プログラミング	コード	位置ゲーの常識として、QRコード等ではURLが提供できるだけなので、そのURLが他人にバレてしまえば、ゲームの本来のクリア条件を満たしていない人でも、誰でもクリアし放題になってしまう、という問題があります
音楽	コード	根音と長3度、5度のドミソの音を持つ最も基本になるコードで、これをグリッサンドにするにはファをフラットにしてミと異名同音にし、シをシャープにすることでドと異名同音にする
音楽	コード	解説動画 ではハ長調のサンプル曲に男性曲を使ったから、女性で 「コードって難しそうだし、何から手をつけたらいいかわからないし・・・」 って思っている方がいれば、ぜひこの 「M」 の楽譜を使って下さい
音楽	コード	そのサウンドキャラクターは澄みわたり伸びやかな高音域にあり、コードワークにおける優れた トーンバランスはプレイされたコード、1弦1弦の音を余す所なく統一させて響かせる事ができます
その他	コード	オブジェクト指向を使っていないコードにオブジェクト指向を行ってみるとか、サーチアルゴリズムを別のものに入れ替えるとか、if文の条件が複雑だか良く見ると簡単にできる場合に簡単にするとか、コピーペーストしているコードで共通部分を関数にするとかです
音楽	コード	曲全体は《愛さずにはいられない》のコード進行に基づいて構成されているせいか、ピート特有のメロディー、曲調とはいかないものの、曲全体のスケール感はザ・フーならではの広がりのあるものになっている
その他	コード	マイクロソフトのソフトウエアコードが全世界の全てのコンピュータにインストールされれば、一見、標準化がなされたようにも見えますが、一つのウイルスによって、全世界のコンピュータが動作不能になるという、極めて危険な標準化です
その他	コード	豊川信用金庫(豊川信金)の支店コードを入力型検索で調べたい場合には、お手数ですが、一度、トップページに戻って頂き、ボタン形式のページをご利用ください
その他	コード	お洒落であるはずのドレスコードが決められていた「ディスコ」なんかよりも、古着のジーンズに革のライダースジャケット、キャスケットにハンチング帽なんかで各々が個性を自由に表現していた
その他	コード	102 (Processing)ステータスコードは、リクエストを受け取ったがまだ処理が完了していないことをクライアントに対して通知するために使用される一時的なレスポンスである
その他	コード	ほかにAIRとOSの結合も緊密化、ファイルシステムのやりとりやボリュームのマウント・アンマウント、印刷APIの改善、NativeProcess APIを使ったネイティブ コードのアプリケーションとの連携が実現した
その他	コード	そしてコードシンボルは、最低限度守るべき音のルールを表すのみであり、したがってそのルールさえ守れば多少の変化・例外はオーケーだ、ウェルカムだというわけで、これがアドリブ(即興演奏)を命とするモダン・ジャズという音楽ジャンルの台頭にぴったりマッチしたのです
その他	コード	・制御情報(コード)送信の区割りを軌道回路に依存しないため、先行列車が停止していれば、自列車の速度が何キロでも、またどこの軌道回路上にいても一段ブレーキになり、なおかつ停止軌道回路手前のほぼ一定の位置に停止するようブレーキ制御できる
その他	コード	私の場合、習得したいプログラム言語で、自分に関係のありそうなコードが載っている本があると、「なくなってしまってからでは遅い」という強迫観念が先行し必ず購入するので、家の中がプログラム関係の本だらけになります(笑)
その他	コード	そうなると、ちょっとコード書いて、コンパイルできたら JUnit とかブラウザで動作確認、なんてことをやろうとすると、マウスカーソルがゴキゴキとした動きになって、15秒は何も手につかない
その他	コード	これは、全体としてはMonadReaderのインスタンスを、知らないや思いやりの層をなしていることについては、実際の実装を提供していますが、スタックのケアのための高レベルのコードが可能になる
その他	コード	リージョンコード:ALL言語:韓国語字幕:韓国語、日本語、中国語数量限定入荷品ですので、注文数が弊社予定数に達しましたら販売を終了させていただきます
その他	コード	有料番組未納利用料請求督促通達書:お客様コード CL86423 この度、貴方様のご利用なされた「有料通信未納金」について当社が通信運営業者から料金請求の委託を受けましたのでご通知させて頂きました
その他	コード	速度的にはコードAと同等と考えられますが(配列の要素番号が固定なのでその分のアドバンテージはある)、変更するパラメータをどこから持ってくるか、という問題は先送りになっています
その他	コード	ギャラガー氏は逮捕されたのち、自らの刑の軽減のために、検察側と取り引きをし、 ボイスメールの秘密アクセス・コードを漏らした情報提供者の名前と身分を告白した
その他	コード	これは簡単に言えば、「定型的な仕事をいちいちハードコーディングするんではなくて、どういう『局面(アスペクト)』で使われるのか、をまとめてやって、プログラムを書いた後でその『局面』に応じたコードを追加してやる」というアイデアだ
その他	コード	この場合の並び替えは、Excelの「並び替え」機能を使って、キーを書籍コードに指定し、昇順に並び替えを行えば、記録マクロでも問題なく実行できそうです
その他	コード	デジタルレコーダーの場合はタイムコードが一致するまでの過程はアナログレコーダーと同じですが一旦タイムコードが一致するとキャプスタンサーボの外部同期から外部ビデオ同期に切り替わります
その他	コード	コンピュータのソフトウェア、ハードウェア、通信機器の機能を妨害、破壊、制限するようにデザインされたコンピュータウィルス、コンピュータコード、ファイル、プログラムを含むコンテンツをアップロードしたり掲載したり、メールなどの方法で送信(発信)すること
その他	コード	プログラマーの指先から生まれ出るコードが、ひとつのソフトウェアに変化していく、文系頭の私には理解できないコードでしたが、そこからモノが生み出されることに魅了されたのです
プログラミング	コード	最近このまま寝てます 気許し過ぎだね大阪梅田のリーズナブルなキャバクラ北新地ルナクラブ公式WEBサイト メルマガQRコードはこちらルナクラブお得情報配信中♪無料メルマガ登録でお得情報をゲット
その他	コード	このコードは持続的なデータベース接続ハンドルをグローバル変数``$dbh''に格納し、 そのコードが実行された最初のときにだけそれを初期化します
その他	コード	線と言えば、以前にSFCが動かないよコードがダメになってるのかなと書いたんですが、ドリームキャストを借りてたことを思い出し、コード兼用できるじゃん思い差してみたんですけどだめでした
その他	コード	もしくは、ネットワーク経由(LAN内)で番組名などを一覧してそこからトランスコードなしにMPEG2のまま再生できるサーバー・クライアント機能を持つ(録画したPC自体では再生せず、ファイル共有や、独自クライアント経由で再生するため)
その他	コード	株式会社キャリアデザインセンター(所在地:東京都港区、社長:多田 弘實、ヘラクレス上場:証券コード2410、以下CDC)は、正社員・契約社員で働きたいと志向する女性にフォーカスした求人情報検索サイト『女の転職@type』を10月17日(月)にオープン致します
その他	コード	CYBER コードフリークtypeIII(DS用) サイバーガジェット このアイテムの詳細を見る 当サイトはPC版のため携帯サイトからご覧頂けない場合がございます
その他	コード	以前はこのコードは機械(リーダー)にだけにわかる透明な液体で印刷されていましたが、現在は、リーダー等の故障も考えて、人にもリーダーにもわかる黒色特殊インクで印字されています
その他	コード	T問2の設問1(1) 答えは販売地域(販売店コード、郵便番号)ってなってるけど 配達地域(郵便番号、販売店コード)で郵便番号だけ主キーってだめなの
その他	コード	近年では、分子生物学や遺伝学的分析手法の進展により、DNAやタンパク質をコードする遺伝子の塩基配列のような情報量が豊富な指標(情報高分子)に基づく系統解析の手法が発展したことによって、進化や系統を時間のパラメーターを用いた系統樹で表し、これに基づいて分類がなされるようになってきています
その他	コード	で、「さくら署」に戻りますが、わたしが(チラッと見て)感じる違和感というのはつまり、私にいわせれば、ドラマという枠組み全体が、女のワルは描かれないし女がクズの烙印を押されることがない等の、ある種のジェンダーのコードに支配されているわけですが、「さくら署」ではそのコードに従いながら中身が反ジェンダー(=フェミ)的なんですよ
その他	コード	比率をコード化するためのコメントが例えば、あなたがセットしたある境界値レベル以下であった時、あなたは自分のプロジェクトが上手にドキュメント化されておらず、新しいコードを作成するために多くのコメントが書かれなければいけないことをを知るでしょう
その他	コード	あなたがすることは、単にいくつかの要素を選択し、コードを取得するためのボタンを押し、自動生成されたコードをコピーペーストであなたのウェブページに貼り付けるだけです
その他	コード	コード塾スタートの頃には「コ−ド聴音は苦手」と言っていた面々が、楽譜の出版されていないhara hara倶楽部の曲をCDからお玉じゃくしでなくコードで聴き取って演奏したり、TV放送された録音から耳コピして弾き語りしたり(「その手を胸に」)、果てはライブでしか演奏していない曲を耳コピで弾いたり
その他	コード	【構成】ニトリラーゼ遺伝子プロモーターを活性化する作用を有し配列番号1のアミノ酸配列を有するポリペプチドおよび配列番号2のアミノ酸配列を有するポリペプチドの2成分より構成される調節因子およびそれらをコードする遺伝子DNA
その他	コード	アウトゴーイングなフレイズはバップのリックと違って、何のコードに対してどう音を並べるかっていう方法論が今ひとつ確立されてないのでやむないと思います
音楽	コード	このころの清志郎は、奇をてらったコード進行を曲に取り入れたり、演奏の難しいコード進行にしていたりしており、これが一般に受け入れられずに売れなかった理由では、と本人も分析しているようです
その他	コード	今まで、記号つきローマ字にせよデーヴァナーガリーにせよ、特殊なコードを作って表現するというのが普通でしたけど、Unicode時代になって、だんだん、元のデータのまま表現できるようになってきていると思うんで、ひょっとしたらこれからは、梵字を入力するならデーヴァナーガリーIMEを使うのが当たり前という時代になっていくのかもしれません
その他	コード	この実装について、Windowsなどプラットフォーム固有のコード(Winとか)はテストされないのではという指摘が会場があり、たとえば、テストだけほかのマシンで実行して決まったフォーマットでデータを渡してもらうというのならできる、という議論がありました
その他	コード	JVMの殆どは、多数のコードパスを持つコードはインライン展開しないので、たった一つのインボーカで全てのメソッドに対処しようとすると、インライン展開は全く行われない事になるのです
その他	コード	表示に関わるコードがある場合は、その部分をメッセージハンドラとして実装し、子スレッドから#1さんが挙げているSendMessage、PostMessageなどを利用して親スレッドに実行させる方がよいかと思います
その他	コード	今日は、コード塾と研修を終え、勉強会のチェックシート50人分に返事を書き、友達に出すコンサートの案内を少し書いて、来週の九州ツアーの準備をしていたら、ちょっとのどが痛いかも
プログラミング	コード	この新機能に加え、住所情報や秘密のメッセージをQRコードにして印刷できる「QRコードの読み取り・書き込み機能」、年賀状に添えたコメントの履歴を12年分保存できる、「ひとことコメント履歴」が新機能として、加わりました
音楽	コード	ギター初心者が一番初めに出会う壁がこの「F」コードでして、人差し指をビターっと寝かせて六本の弦全部を押さえるのですが、これがどう考えても不可能な不条理な感じで投げ出したくなるんです
その他	コード	しかし、逆に文字列データとして入出力する場合、改行コードをケアする必要はありませんが、既定の改行コード以外の改行コードのテキストファイルの入出力時に問題が発生することがあります
その他	コード	後、私でしたら 1、ハイテンションコードASSY 2、燃料ポンプ&フィルタ ー3、ファンベルトテンショナー 以上3点(4部品)を追加でお勧め致しま す
プログラミング	コード	JANコードの管理や普及推進等、流通情報システム化を通じて流通活動の近代化に取り組んでいる(財)流通システム開発センター(会長:辛嶋修郎)は、平成20年度の経済産業省事業である流通システム標準化事業の一環として、平成22年から国際標準のバーコードになる"GS1データバー"に関する研究を進めているが、10月下旬からこのGS1データバーを実際の小売業で利用して各種の検証を行う実証実験を開始する
その他	コード	また7th系はどの位置で弾いても使える万能コードですし(コード名は実際には複雑に変わりますが)実践では半音ずつ位置をづらしても使えると覚えてください
その他	コード	Altium DesignerのViperベースコンパイラは、システムがサポートする全プロセッサのアーキテクチャとCレベルコードの互換性を確保します
その他	コード	国民一人一人に11けたのコード番号をつけ、氏名、住所、性別、生年月日など6項目の個人識別情報をコンピューターで一元管理する住民基本台帳ネットワークシステムが本格稼働して8月25日が満1年でした
その他	コード	嫁ちゃんも、「メリーに首ったけ」の"ジェル"のシーンも、「アメリカン・パイ」のパイに全力投球のシーンも結構平気だったので、このコードはもはや死文化しているかもしれません(笑)
音楽	コード	ギター一人で引く場合は、余力があればonコードを押さえれば良いのですが、たいていの場合、難しくなって、リズムが乱れたり、音がビビって汚くなったりして、作曲者の望まないサウンドになります
プログラミング	コード	そのほか、クリックしたコードの構成音をステータスバーに音名で表示する機能や、MIDIで再生する際の音色・MIDIトラックを指定する機能を備える
その他	コード	条件選択画面やユーザー検索ジョブ履歴、保存された検索条件の画面などで、選択された大中小分類コードに対応する大中小分類名を直下の行に表示しました
音楽	コード	これには、ドミナント7thというコードがオルタード・テンションを許容する自由度の高さ故に結果的に得るコトのできる音列がメロディック・マイナーという音並びのそれだ、というコトであります
その他	コード	バッキングはパワーコードからオープンコード、バレーコードによるものを、コードの知識やリズムの仕組みなども理解しながらステップを踏んで習得していきます
その他	コード	報告は(1)イヤホンのコードがほおに付かないよう垂らす(2)電話をポケットに入れる場合は番号ボタン面を身体側に向ける―などの工夫で、さらに安全性が増すと助言している
その他	コード	Bogofilterは速いアルゴリズムと設計され、バークレーDBを速い開始および調べのために、コードされる直接Cで、そして調整される速度のために使用し、従って多くのメールを処理するサイトによって生産に使用することができる
その他	コード	【0008】上記方法における前記の開窓部付覆布の開窓部周囲に、前記専用コード固定具の設置個所以外の部分にポケットを設けておき、腹腔鏡下手術用の補助器具を含めて任意の手術用器具を任意に一時的に収納したり、取り出して使用したりすると、特に、腹腔鏡関係機器用の小器具の取扱いに便利である
プログラミング	コード	「JNBアグリゲーション」のメニューからサービス選択画面に入り、「■登録・変更・解除」のメニューにてIDコードを入力し、〔次へ〕ボタンをクリックしてください
その他	コード	本来の数値に戻ってしまうようですが、このコードをオンにして現在HP&MPを最大にしておくとドレスアップをしてもHP&MPの数値は変化しなくなります
その他	コード	(ク)「次期昇給期コード」、「次期昇給」、「普昇後の次昇期コード」、「特昇後の次昇期コード」は、次回の昇給時期を具体的に示す情報が記載されており、公開することにより「いつ昇給する」予定であるということを公開することとなる
その他	コード	このときも続いていたコムストック・ロードの鉱山や町に向けて大量の坑道用木材や数千コードの薪材の需要が唯一大きな例外であり、そのために狭軌の鉄道まで造った
その他	コード	全体的にきれいなコードで読みやすかったけど、すべての遷移パターンを調査する気はしない&モチベーションも微妙なので、いずれ気が向いたらということで
その他	コード	司書(エンジニア)さんはその本の種類(そのライブラリは何なのか)を知っておけばよくて、本の内容(コードの内容)までを全て熟知しておく必要は無い(知っておくに越した事はないだろうけど)
その他	コード	これらのマクロを使用して、コードの任意の場所にプローブポイントを挿入することによって、変数の値を取得したり、プログラムの実行をトレースすることができます
その他	コード	わざわざこの手のハイブリッドなコードで六声稼いだ和声でなくとも、便宜的にディミニッシュ・トライアドを基とするテンションを付加させて表記することはありますが、さすがにこういう時は左近治はディミニッシュ・トライアドを基とするコード表記は行いません(笑)
音楽	コード	こういう、起承転結がはっきりしていて、なおかつコード進行とメロディーで「音楽の魔法」がかけてあるような曲は、もともと大好物なのですが、この曲のサビ(というか展開部)のダイナミックな流れは絶品です
その他	コード	4cm□ 品番:30001□ カラー:シルバー□ 仕様:ヒンジ式開閉、ボトムコードにBLUの刻印、チムニー:Zデザイン、オイル残量インジケーター□ 付属品:専用BOX、英語表記図解取扱説明書※日本語での記載しておりません□ 品質保障期間:ブタンガス※ジッポー
その他	コード	また、使用後には、クールダウンが必要なく、電源オフボタンを押さずに電源コードを抜くことができる「ダイレクトシャットダウン」機能を備えており、片づけがすぐにできます
その他	コード	これは、コンパイラが「引数がエイリアスかもしれない」と判断すると、 エイリアスが無い部分でもエイリアスの存在を仮定したコードを生成するためで す
その他	コード	旧パソコンのデータをバックアップのメデイアに取っておいて、今朝一番からコードをつないだりユーティリティーソフトをインストールしたり、設定を入力したりして、なんとか使える状態にまでこぎつけました
その他	コード	通常のファイル転送であれば、データ形式としてキャラクター属性、漢字属性のファイル転送であれば自動的にコード変換をして相手に該当のファイルを転送できますが、バイナリー属性、パック属性などがデータに含まれていると送受信後のファイル内容は予期せぬ結果となってしまいます
プログラミング	コード	org/i/ QRコード 携帯電話の「メニュー」「ツール」「カメラ」などから「バーコードリーダー」を選択して撮影すると、携帯電話対応ページのURLを読み取れます
その他	コード	このように岡山を主語に置くことが多いのは、都道府県を団体コード順に並べた場合岡山県が先に来ること、語呂が良いこと、放送局の過半数が岡山市に本社を置いていること、岡山県の方が人口が多いことなどが挙げられる
その他	コード	ほとんどの場合、アプリケーションは文字列のエスケープ処理に、その場しのぎのコードではなく、ライブラリやドライバが提供する(libpqのPQescapeStringConn()のような)関数を使用しなければなりません
その他	コード	弊社がこれを審査・承諾し、当該手続きが完了後、利用希望者に弊社が定める企業ライセンスコード、に関する情報を送付し、利用希望者が当該情報を受領した時点で該当する本サービスの利用契約(以下、「利用契約」といいます)が成立するものとします
その他	コード	現在プロジェクトは停止しており、私たちはまだ標準(基本)のテンプレートとコードのメンテナンスと翻訳ボランティアの調整をする人を必要としています
その他	コード	自行からの振込の場合は、振込を行った支店の支店コードが表示される(本店営業部窓口ないしは本店営業部管轄のATMで振込手続きを行ったものにより受け取ったものの場合は、「B111」の表示となる)
音楽	コード	立ってギターを練習する際、 バレーコードを押さえるときに(特にFコード)どうしてもネックを上げないと押さえられないのですが、ギター歴の長い方でもやは
その他	コード	また、1995改定のISO規格コンテナ構造区分コードでは直接該当するコードがないため、割り当て不能時には便宜的に総括付与する「G9」が使われている
その他	コード	私はプログラミングの類は一切できないのですが、簡易なPHPコードがデータベースを作成したり削除したり云々何だかよく分からないスゲー操作ができるということは知っていたので、頷きながら読みました
その他	コード	構文を受け入れながらも無視するのは、別のSQLサーバからコードをポートし易くし、参照を利用してテーブルを作成するアプリケーションを起動させるという、互換性の為です
その他	コード	その内訳を見ますと、最も多かった問い合わせ内容は、住民票コードの番号の中に4とか9といった数字が付番されていたことに対するコード番号の変更請求と、その手続に関するものでした
その他	コード	コンパイラは翻訳機と言えるもので、入力するプログラミング言語と対象となるCPUやオペレーティングシステムによるオブジェクトコード形式によって、違う形式のオブジェクトを生成する必要がある
プログラミング	コード	だが、そんな苦労を掛けたQRコードも、あなたが作った時点では良くても、あとのデザイナーやDTPオペレーター、もしくは印刷業者が台無しにしてくれる可能性があることを忘れてはならない
その他	コード	コードとパスワードは、入れなくてもかまいませんが、任意のコードとパスワードを入れておくと、自分の送信した記事をあとで編集・削除することができます
その他	コード	米国を中心とした英語圏では、アスキーコードと呼ばれる英数字プラス特殊文字の文字コード体系にもとづくモノリンガル・システムが採用されており、英語による情報交換が暗黙の前提になっている
音楽	コード	この翌年あたりからオリジナル曲を作りはじめ、最初は3コードのロックンロールばかりでしたが、徐々に“ビリージョエルみたいな曲”を作ることにトライします
その他	コード	従ってリコンビナーゼはすでに活性化され、毒素のコード配列と種子特異的プロモーターはつながっていて、種子の成熟期がくれば何時でも作用出来る状態である
その他	コード	そういったさまざまな人間の関係性のコードが、現代においては崩壊したということを前提にした上で、なおも共同体を構成し続けようとするがゆえの悲喜劇を描こうという意志が感じられた
その他	コード	なぜなら、プログラムを作成する能力の無い人間でも、プログラムのコードを書かないシステムエンジニアの振りをする/させることはできるが、プログラムを作成する能力の無い人間に、プログラムのコードを書かなければならないプログラマの振りをする/させることはできないので、プログラムを作成する能力の無い人間をシステムエンジニアに偽装する事が多々あるからである
その他	コード	製作者たちがどこまで意識的に行なったのかはわかりませんが、「王の男」が結果的に大ヒットして「国民映画」の地位を確立した秘訣はやはり、「同性愛コード」が忌避感を持たれない程度に、万人に受け入れられやすく「美しさ」で薄められたからでしょう
その他	コード	コードを実行するブックがあるホルダー内の全てのブック(10個程度)からSheet1のA列~E列のデータ(行数はブックにより異なりますが大体2000行程度)の2行目以降を取得し、コードを実行するブックのSheet("DATA")の2行目以降にデータを貼り付け、F列に取得したブック名を記載したいのです
プログラミング	コード	●ちなみにバーコードの普及はそれを読み取るPOSレジスターの設置台数と メーカーコードを取得した企業数にほぼ比例しますから、その初期のデータをお示しします
その他	コード	mac環境は以前お知らせしましたが、コードも解決し何でも使えますが、別にこだわらなくてもこんな価格でdos/vが手に入る訳ですから最近macな方にも中古のdos/vを買っちゃう事をお薦めしてます
その他	コード	どこでもいいからグンガン人のコードをやる、そしたら続けてアストロメク・ドロイドのコードをやる 、そして最後に好きなスペシャルキャラクターのコードをやる
その他	コード	この場合、プライベート関数呼び出しのたびに「スタック領域を確保して引数の値をセット」という処理が入りますので、グローバル変数が使える場合に比べてコードサイズが多くなってしまうことになります
その他	コード	つまり、Business Component Testerを使用してアプリケーション・モジュールを試すことができ、カスタム・クライアント・コードを作成せずにビジネス・コンポーネント・コードにブレークポイントを設定できます
その他	コード	テンション・コードや変拍子を多用しながらも、あくまでもPOPに響かせる独自のスタイルにさらに磨きをかけ、新たな10年代のスタンダードとなるサウンドを作り上げた
その他	コード	MAT2A は395アミノ酸のタンパク質をコードするオープンリーディングフレームを含む1867bpをコードし、2B については334アミノ酸のタンパク質をコードするオープンリーディングフレームを含む1822bpをコードしていた
その他	コード	0では、PHPのコードがあったことや、システム管理課で利用していたシステムにもライブラリーがあったので、PHPによる開発をサイオステクノロジーに依頼しました
その他	コード	説明書を読むのが苦手な私は、コードを作成するのに必要な欄だけざっと目を通し、よくわからん・・・とお助けマンの三浦さんに番号の作り方を聞いて、コードを作った
その他	コード	これまでのように、アセンブリコードから時間をかけて研究者が見つけだすという「匠の技」に頼るのではなく、アプリケーションの部分変更に注力することができます
その他	コード	ということで続き 思い出したけど、航空機のチケット これが凄くて、今やチケットレスで携帯にQコードを転送すれば それだけで乗れちゃうという便利機能 でも電池切れたらどうするんだろう
その他	コード	会員は、コンピュータ、通信機器もしくはその他の周辺機器またはソフトウェアの機能を改変し、制限しまたは破壊するように設計されたコンピュータウィルスもしくはコンピュータプログラム、またはそのようなコンピュータウィルスもしくはコンピュータプログラムを含むコンピュータコード、ファイル、コンテンツをアップロードし、掲示し、または送信してはならないものとします
音楽	コード	8/02 1:29 @amuamu1234 自分でやってみてこそわかったんだけど、アグネスチャンってあんな顔してめちゃくちゃ高度なギターコード弾きながら歌ってたみたい
プログラミング	コード	インテージ長野は、QRコードや非接触ICを活用したソリューションを県内でいち早く展開するなど、来るべきユビキタス時代のCRMソリューションにも積極的に挑戦しています
その他	コード	このような観点から、本論文ではアルゴリズム理解を支援する一手法として、プログラムコード中に空欄を設けて、プログラム仕様を与えるとともに、空欄を埋めるよう問う問題、(空欄補充問題と呼ぶ)を用いる
その他	コード	◆ただ、一番最初に前面の「USBポート」に差して認識させ、終了時に前面ではコードが(じゃまくさい)ので、後面「USBポート」に差し替えておいたのだ
音楽	コード	優れた強度の「リラコード」という特殊樹脂加工のグラスファイバーがギターのバックに使用され、さらに球面状にすることで音という振動を集中させることが出来るということです
その他	コード	(多くの組織で唯一存在する「仕様書」は、プログラマがコードを書いた後で、しかも300人目の人に機能の説明をした後に、Notepadで手早く書いた1ページのテキスト文書だ
その他	コード	モジュール状に分散する保存非コード領域の多くはエンハンサーなどの転写調節配列と考えられ、その迅速かつ網羅的な解析はポストゲノムシークエンシング時代の重要な課題である
その他	コード	今回はジムニーですが中古部品つかい お客さんの車 改善遣ってみましたビッグスロットル インテークホース プラグコード その他いろいろですブレーキパットは
その他	コード	オーナー1は屋外で天体写真を撮るときは、史上最強の屋外電源であるエスティマ・ハイブリッドを近くに止めて、コードリールでAC100Vを引いていきます
その他	コード	K25E●カラーコード4Q●純正色名メタリックシャンパーニュゴールド●メーカー名デイトナ●メーカーコード68942●JANコード4909449343180乾燥しづらく塗りやすいフェルトペンタイプのタッチアップペン「イージーリペア」●既存のMCペインター国産車ラインナップだけではなくDUCATI、ハーレーなどの外国車も追加
その他	コード	なお、チャネルを使用した中間プリンタ制御文字コードについては、端末側でページプリンタ制御コマンドの組み合わせ(つまり改行の組み合わせまたは座標指定)によって同じ動きをシミュレーションし、改頁を示すページプリンタ制御コマンドをページプリンタに出力した時点で一つのページの出力が終わり、帳票が印刷される
その他	コード	電子メールでは、フォントそのものが送られるのではなく、個々の文字の文字コードだけが送られるので、こちらの表示フォントと相手の表示フォントの個々の文字コードの字形(グリフ)が異なれば、文字化けが生じます
その他	コード	基本的な考え方は、入力ファイルの中で出現頻度の高いコード (一般に文字ごとに扱うためバイト単位) に短い符合を割り当て、出現頻度の低いコードには長い符合 (ハフマン・コード、huffman code) を割り当てるというアイデアである
その他	コード	上記のコードはCLSID_SomeObjectというクラスIDによって識別されたCOMオブジェクトのクラスファクトリが必要であることを示している
その他	コード	システムソリューションプロバイダの株式会社アイル(本社:大阪市北区・東京都港区、代表取締役社長:岩本哲夫、証券コード:3854、以下アイル)は、株式会社エヌ・ティ・ティ・ドコモ(本社:東京都千代田区、代表取締役社長:山田隆持、以下NTTドコモ)が実施するサービス「iコンシェル」に対応した新サービス『バイト@ばるインフォ』を2009年5月25日(月)より開始いたしました
その他	コード	管理人はオーディオファイルではないし電源コードに何10万円もかけるのは庶民には不可能なので2万円くらいで良いものがあればいつか導入したいと思っていた
音楽	コード	そうか、バイオリンってコードは弾かないもんな、なんてヘンな納得のしかたをしながらいろいろいじってみたけど、妙に力も入っているし、いろいろいじってみたけどここはペンディングだなあ
プログラミング	コード	QRコードを通じてダイレクトメールやチラシ、店頭ポスター、雑誌、メルマガ、ショップカードなど、現在提供しているリアルな経営支援サービスとの連動を図り、よりシンプルで使いやすいプロモーションツールを提供してまいります
その他	コード	このディレクトリには、Rubyのコードなどないはずなのですが、何やら、Rubyでスレッドを使って書いたシリアルポート制御プログラムが透けて見えるような気がする感じです
その他	コード	その他、今後の傾向として、IMを介した脅威のほか、存在を隠すステルス機能を駆使した悪意あるコードの増加、Mac OS Xに対する攻撃などを予測
その他	コード	市町村長は、前項の規定により住民票コードを記載したときは、速やかに、当該記載に係る者に対し、その旨及び当該住民票コードを書面により通知しなければならない
その他	コード	このあとTVピープルが「もうすぐここに電話がかかってくるよ」と言ったり、その言葉を聞いた“僕”が、電話機を見ながら『どこまでもどこまでも繋がっている電話機のコード
その他	コード	日本ユニシス株式会社が実施しました当社連結子会社である株式会社ネットマークス(コード番号 3713 東証第一部、以下、ネットマークス)株式の公開買付けの成立・終了により、2007年6月7日(本公開買付けの決済開始日)付で、ネットマークスは当社の連結子会社ではなくなりますので、下記のとおりお知らせいたします
その他	コード	私服を許された時間なら、公序良俗および現地の法律に反しない限り、どのような格好をしようとも問題ないが、ドレスコードに指定がある場合、それを着崩してはならないのは当たり前である
その他	コード	またインダクタンスが小さいため高域の抜けが良くコード弾きでは各弦がバラつかないFATなサウンドで単音弾きではスムーズなディストーションを生み出します
その他	コード	それにしても、うちの日記スクリプトは、10年近く前に作ったコード を接木しながら使ってたんで、かなり酷いことになっていたのだけど、1から書き直しても、さほど変わった気がしません(汗;
その他	コード	ブレーキローターの両側に位置する図の右上の端子と、今は切れちゃってありませんが、左のコードの先にある同様の端子の間に電気が流れると、警告灯が点灯するしくみ・・らしい
その他	コード	このプログラムを使い、iPhoneのメモリ上からコードをコピーすることで、暗号化されたアプリケーションを暗号化されていない状態で手に入れることが可能になるという
その他	コード	現在、多くの商用ソフトウェアは32ビットコードで構築されているため、64ビットアドレス空間や64ビット幅のレジスタの利点を生かしていない(x86の場合、64ビットモードで追加されたレジスタを使っていない)
音楽	コード	ゆったりと吐き出すような絶叫型ボーカル、煽動型とシンプルなコードをかき鳴らすギターリフ、ドタバタとしたドラムスによるいかにもアマチュアっぽいサウンド
その他	コード	モータコードが出てないモータにはモータコード(ワニ口 13ゲージ30cm シリ コンコード ヨーロピアンコネクタ)が別売り(¥980)になっています
その他	コード	会場はドレスコードがあるんじゃないかと思うくらいバシッと着飾った人で溢れていて、一応ジャケットは着て来たもののスニーカーなんぞを履いてきた俺はちょっとびびった
その他	コード	数行のコードからなるプログラムが行うのか、人間が行うのかその優劣は判断つきかねますが、それぞれが得意なことを適切に行えばよろしいのではないでしょうか
その他	コード	『コード・ブルー ドクターヘリ緊急救命』 第3回 まさかここで濱田岳がゲスト出演するとは・・・厳しいリアリティのある回となっただけに見応えがあった
その他	コード	これらの引数を指定するのは、 関数の可読性を上げるだけでなく、 何も失うことなくポインタの必要な場面を減らし、また、 コンパイラがコードの問題を発見しやすくする可能性を残します
音楽	コード	目の感じとか・・・w ギターを買ってホクホクの唯、試験が間近だというのに試験勉強よりも ギターのコードを覚えることに夢中・・試験結果は案の定、赤点追試
その他	コード	世界に被害をもたらした悪質なコンピューターウイルス「コード・レッド」に似たウイルスの感染が広がっていることが18日、米国内の複数のコンピューターウイルス対策会社によって確認された
その他	コード	コード分析が必要になるのはこのほか、ソフトウエアは完成しているものの、標準的な組み込み用プロセッサーだとシステムがそれほど速くは動かない場合である
その他	コード	なお、電話から文字コードをダイヤルすると、呼び出し音ではなくメッセージとして受けとれるタイプも後に出現し、その手軽さと割安感から若者にも普及が進んだ時期があったわけです
その他	コード	ServerProtectの一部モジュールにバッファオーバーフローの問題が見つかったもので、脆弱性を利用されるとRPC通信を利用してリモートから不正にコードが実行されるおそれがあるという
プログラミング	コード	JISのX−0502で規格化されている「物流商品コード・バーコードシンボル」のことを、それに使われるバーコードの種類がITFであることから一般に物流商品コート ゙のことを「ITF」と呼んでいますが、正確に言うとこの呼び方は間違いです
その他	コード	指摘は、サーバに不正なコードがアップロードされる懸念だけでなく、クライ アントに近いところへの DNS spoofing攻撃によって、容易に偽コードにすり かえられてしまう危険性について述べている*1
その他	コード	「モリタート」のような和音進行はここにはないけれど、 モード手法による調性はあります(ごく簡単に言えば全体が一つのコードで、基本の音を意識しつつ各自が任意に変化させる)
その他	コード	※日本語字幕がついていますが、リージョンコードは3(韓国)です クォン・サンウ主演映画3作品を収録 「同い年の家庭教師」 「マルチュク青春通り」 「火山高」 それぞれに特典映像を収録したDVD1枚が付属し、合計6DISC+ブックレットの豪華パッケージ
その他	コード	たとえば英語では、ASCIIコード順でソートすると、大文字で書かれたものが前になってしまい、Zで始まる語がaで始まる語の前になってしまうという事態が生じる
その他	コード	C、 C#、 Java、 Fortran アプリケーションの中に組み込むことができる数値計算、統計解析アルゴリズムを提供することで、ユーザの皆様がコードを一から書く手間を省きます
その他	コード	また、1995改定のISO規格コンテナ構造区分コードでは直接該当するコードがあらへんため、割り当て不能時には便宜的に総括付与する「G9」が使われておる
その他	コード	読み込み時にコンパイルしてコードを走らせることもできるし、コンパイル時にコードを読んだり走らせたりすることもできるし、実行時にコードを読んだりコンパイルしたりすることもできる
その他	コード	兵庫県たつの市龍野町日山(ヒヨウゴケンタツノシタツノチヨウヒヤマ) 旧郵便番号:67941 全国地方公共団体コード:28229 「兵庫県たつの市」の地図情報@pedia
その他	コード	エラーはオブジェクトよりも、エラーを起こしたJavaScriptのコードに問題があるわけで、それがわかれば良いので特に問題はないとは思いますが
プログラミング	コード	「フィギュアにQRコードを併設展示しなくて済む」との報道だが、よく読むと、その撮影iアプリをダウンロードしてもらうためにQRコードで誘導するのだとか
その他	コード	5mコード●大口径“φ50mm高磁力ネオジウムドライバーユニット”採用映画・音楽など高音質デジタルコンテンツを、臨場感豊かにダイナミックなサウンドで再生します
その他	コード	TDTのRPvds(リアルタイムプロセッサビジュアルデザインスタジオ)はフレキシブルで使いやすく、複雑なDSPコードを使用することなく簡単にDSPプログラムのカスタマイズを行うことができます
音楽	コード	コードはそんなに難しくはない(ということはテンションを入れていくと際限がないわけなのだが)のだけれども、ときどき発作的に(失敬(笑))サビが来るときにそこに対応できるようにするのが目的です
その他	コード	動機としては、 TDSの設計というかコードというかがいろいろごちゃごちゃしてて、 標準的な部分と TDS 固有の部分を切り分けたいな、 というものでした
その他	コード	離職理由」欄(平成22年2月22日以前に交付された方は「13離職年月日 理由」欄になります)の「理由コード(2ケタ)」が下記に該当する方のみ、対象となります
その他	コード	ある特定のアプリケーション・サーバーのデフォルトレスポンスバッファサイズが、出力される、レスポンスバッファサイズよりも大きかった場合、コードの動作による、反映されるレスポンスの出力の後で、クッキー情報が更新されます
その他	コード	トリガーのロジックが60行をはるかに超えるPL/SQLコードを必要とする場合は、コードの大部分をストアド・プロシージャに組み込んで、トリガーからそのプロシージャをコールすることをお薦めします
その他	コード	DOTが採用している分類体系(分類項目及び分類コード)は連邦労働省が独自に発展させたものであり、労働統計局、国勢調査局、国防総省等の他の部門で使用されている職業分類を視野に入れて発展させたものではない
その他	コード	どちらがおかしいだとかヘンだとかではなく、理解する基盤が違うからこそ、読み解く文化的コードが異なるからこそ、常識にズレが生じてしまうだけなのである
プログラミング	コード	曲はなんでもいいので、なんでかサキムラさんの中では「僕がインストで演っていた」ことになっているらしい『コーヒー・ルンバ』のコード譜をin Dmで、まずは鉛筆で書いてみて、と
その他	コード	MacOS Xのコードの多くはブルーボックスから持ってくるでしょうから、すべてが無駄になったわけではないでしょうし、移行の段階を一つ増やしただけかもしれません(ただし、MacOSには今後スケジュールがあるのに対し、ラプソディは、99年に出荷された後のスケジュールは何も公開されていない)
その他	コード	なによりも劇的な変貌を遂げたのはVCのコンパイル速度だった、 それまで私は「高度に最適化したコードを吐き出すのにCPUが一生懸命考え込んでいる」 と思っていたのだが、実のところCPUはメモリとスワップファイルの交通整理に大半の労力を 食われていたのだった
その他	コード	ドレスコードを知り、テーブルマナーを身につけたあとも、教養書などを読んで、場にそぐった会話や教養を身につけようと努力する人もいれば、ドレスコードとテーブルマナーで事足れりと思う人もいる
プログラミング	コード	「国民総背番号制」などと権力による個人情報監視強化の負の側面を危惧する識者も多いことは承知していますが、IT事業者のはしくれとすれば「国民IDコードの統一」がもたらす技術的メリットは非常に大きいことは認めるものであります
その他	コード	テストケース内のコードとコメントの乖離や、検査されるべき要件がテストされていない場合など、この手法でもすべてが解決するわけではありませんが、詳細ドキュメントのメンテナンスに頭を痛めている方は、このようなメリットにも目を向けてみてはいかがでしょうか(注5)
プログラミング	コード	現在に至っても音楽の専門用語・ギターコードなどについては詳しくない一方で、自分の耳だけでチューニングを行う特技を持つことから「絶対音感」があるとも言われている
その他	コード	イータスは、『人とくるまのテクノロジー展 2009』(2009年5月20日~22日)において、ECU(電子制御ユニット)に組み込むプログラムコード内に、自由にバイパスポイントを設定することのできるツ
その他	コード	18finalに必要なその他の修正点、たとえば、S/390関連コードをマージしてビルドを作成することやps/2の間違った検知をしてしまうバグなども発見されている
その他	コード	九州旅行案内社この雑誌の新刊が登録されたら新着メールを通知する※新着メール登録ページの「登録名」に商品コードが表示されますが、不具合ではありませんのでご注意下さい
その他	コード	各短編のほとんどに登場する「動物」や「障害者」や「日常のコードから外れた人」の存在が、「かわいい」とか「かわいそう」とか「特別扱い」といった従来のステレオタイプな文脈では一切捉えられていなくて、そこが何とも読んでいて心地いい
その他	コード	エクスポートされたマクロを含むモジュール情報は、コンパイルすると生成されたバイナリ内に保存されるので、対話環境やコンパイルされたコードがロードする際に参照できます
その他	コード	通常は選択できないキャラを選択出来るようにするコードを捜すのにループ処理の回数を変える条件分岐がなかなか思いつかず、時間がかかってしまいました(汗)
プログラミング	コード	QRコードを利用することによりf706iでWebサイトにテキストを投稿する手間が大幅に改善されたがQRコードは漢字1817文字までしか記入できない制約がある
その他	コード	プログラムは、「ラベル定義」、「初期設定」、電界強度計からのアナログ信号をバイナリコードに変換する「AD変換」、電圧スケールをdBmスケールに換算する「スケール変換」、 バイナリコードをBCDコードに変換する「BCD変換」、BCDコードからASCIIコードへの変換、LCD書き込み等を行う「LCD表示」です
その他	コード	→現実「GPUはゲームコードを動作させることはできないので、Halo3やGears2がグラフィック処理をゲームプレイに割いたという主張は完全に嘘」
その他	コード	本来GDBはEmacsなどなくとも単体で実行することができるのですが、実はGDBはEmacsと非常に相性がよく、Emacs上でGDBを実行すると、プログラムコードどプログラムの実行結果を2画面で同時に比較しながら見ることができるのです
プログラミング	コード	」と思ったら、自分のケータイでその場所のQRコード付アイコンをピッと読み込むだけで、あるいはGPS携帯なら現在地検索で、その場所の観光情報や隠れた「場所の記憶」などを引き出すことができる
その他	コード	充実したプログラミング支援機能を搭載し、コードの候補を自動的に表示するIntelliSenseのほか、メニューに表示されるタスクを選択するだけで、目的に応じたコード
その他	コード	多くのマン島系保険会社の国際年金はミラーファンドと言って独自の料金体系を組み込んだファンドで運用されますが何とこのカリブ海系保険会社のファンド構成はISINコードの付いたオリジナルファンドです
その他	コード	ご滞在を維持するコードのビットをメモリに読み込まれ、 OSのことをすぐにアクセスするときに必要なドライバやシステムのコードを必要とせず、ハードディスクを交換すると読むよりも、これは遅くなります
その他	コード	何より、一語をどれかのカテゴリーに入れてその分類コードを与えるのですが、そうすると、複合語は大体はその後部要素によって分類されることになります
その他	コード	8bit文字コード(UTF8とか)の投稿があった場合、ウチのPostfixからML登録者のSMTPサーバまでの間に、8bit文字コード未対応のESMTPサーバ(果たして世界にどの程度残っているのだろうか)が中継していると修復不能な文字化けが発生する可能性がある
その他	コード	放送コードぎりぎりのヌードや濡れ場を披露すると言われている→ ranking ちなみにゲンダイによる寺島しのぶ、他出演者に、長谷川京子、陣内孝則、仲村トオル、佐藤浩市、佐々木蔵ノ助など豪華キャストが出演するそう
その他	コード	Sheet4に「月」「顧客コード」「金額」を入力するとSheet2にランダムに並んでいる顧客コードに対応する月のところに金額を反映させるマクロを作成したいのです
音楽	コード	今後の方針としては、弾き語り主体を希望されているということなので、とりあえず基本的なコードでin Cかin Amの曲がすらすら弾けるようになること、そのあと徐々にコードを増やしていって、声にあったキーで演奏できるようになること、その間におかずもいろいろ入れられるように何パターンか教えましょう、といったところ
音楽	コード	キースのあのルーズなコードカッティングが醸し出すぞくぞくするようなうねり、聴くものを誘い込むようなサタニックなミックのヴォーカルを軸に、一塊の音の濁流が渦巻いている独特の感触
その他	コード	今まで、検索は住民コードだけでしたが、ホスト情報と連携することで今まで出来なかった世帯番号や企業コードからの検索が可能となり、課税根拠の調査などの業務を効率よく行えるようになりました
その他	コード	コードレースのタックワンピース☆Blue bell☆ギフト対応【ご注意:商品画像やメニューが表示されない場合はiframe対応ブラウザでご覧下さい】☆※下の画像をクリックすると大きな画像が表示されます
その他	コード	SaaS 型では、数行のコードを貼るだけで最大16万病院の検索・情報閲覧が可能となるほか、Flash を利用した直感的なインタフェイスで、「地域から」「最寄り駅から」「郵便番号から」などの検索が行える
プログラミング	コード	机上の空論で議論だけしてみても、実際に「コード」を開発する人が出てこないのであれば、共通IDはそこまで、という感はやはり否めないといえるでしょう
その他	コード	原因を聞いてみたらヒーターの電源コードにひっかかったらしいのですが、別にそのコードがからまっているわけでも、床から浮いているわけでもないんですよね
その他	コード	PHP コードを含むすべてのファイルは、最低限これらの phpDocumentor タグを含むヘッダブロックを、 ファイルの先頭に記述しなければなりません
その他	コード	まだ、JAZZ独得のテンションコードや、スケール(音階)が発達してない時代の音楽らしくて(19世紀)、メロディがほとんど全部アルペジオ(分散和音)でできているという、妙な曲です
その他	コード	Javaグラフィカル・ユーザー・インターフェイスの建築者プログラムは手書きコードなしでアプリケーションコードの残りからのグラフィカル・ユーザー・インターフェイスの建築基準法を、結合解除するように設計されている
その他	コード	理解しやすいプログラムこそ良いプログラムであるという考え方のもとに、Cのコーディングスタイルを、コメンティング、ネーミング、コード/ファイルレイアウトほか、さまざまな側面から検討し、読者自身の標準の作成を手助けする
その他	コード	1 クライアントパソコンからトップページが閲覧された場合に(1)2のJava 、Scriptコードにより、新しくブラウザのウィンドウが開かれる(このウィンドウは、上から6000ドット左から6000ドットの仮想空間に開かれるため、画面上にはタスクバーに表示されるのみとなる
その他	コード	コードレスなので、 掃除中にコードが絡まったり、コードが短くて掃除したいところに届かなかったりといった苦労はもちろん、使用後、コード収納の手間もなくなります
その他	コード	という話はさておき、要はプログラミング手法の変遷、コードを一から記述する手法からライブラリをカスタマイズして利用する手法へ、更には予め用意されたコンポーネントをそのまま利用する手法への変遷というのが、音楽製作手法の変遷と似ているのではというお話
その他	コード	北都銀行川元支店のみならず全国の金融機関コード、銀行コード、支店コード、詳細情報を検索できます(詳細情報は、未対応の金融機関・銀行等が一部ございます)
その他	コード	事実、ここでの問題は、豊かさと乏しさ、湧き出でる泉と涸れゆく泉(涸れることさえ一つの流れである)との間に起こる問題であるよりも、コード化されうるものとされえないものとの間に起こる問題なのである
その他	コード	メインルーチンのpic_packでは、このテーブルを作成した後に画面左上から変化点を探し、見つけたら変化点同士の距離と色コードを圧縮用配列に格納してから、連鎖情報を得るためにsearch_chained_lineを呼び出します
その他	コード	というくだりについてですが、 コードがフリーズされるのは、少なくとも出荷の数ヵ月なので、その時点からリリースされるまでにバグが出てくるのも仕方のないことだと思っています
その他	コード	(2) 住民基本台帳法第12条の規定に基づく住民票の写し及び記載事項証明書、第20条の規定に基づく戸籍の附票の写し、第30条の2第3項の規定に基づく住民票コード通知票並びに第30条の3第4項の規定に基づく住民票コード変更通知票
プログラミング	コード	QRWindowで自由に文章を作成して、印刷するとA4用紙サイズのQRコードが印刷され、生徒たちは見たことのない自分だけの特大のQRコードに感激
その他	コード	が、どうもコンピュータの方を専攻していたらしく、旧サイトにはNES ROMイメージからキャラクタコードや文字列を検索するツールなどの作品が置かれている
その他	コード	この概念実証の実装には2つのファイルが含まれていて、両方ともRailsの全てを結ぶ(つまり、配布可能な"railties")コードの一部になる
プログラミング	コード	何故放っていたか、理由ははっきりは解らないけれど、1つはこのコード進行で曲がたくさん作れすぎるから(実際いっぱいある)新鮮に思わなかった事と、歌詞が照れくさかった事と、こういう事を自分がやる事だと思っていなかったしやれるとも思ってなかったからです
その他	コード	そのためカーテン縫製はすくい縫い専用ミシンで制作するわけですが、シェードの場合昇降コードを通すリングテープをそのすくい縫いミシンでは縫付けることができません
その他	コード	SunのJAVATMテクノロジーは、多数の異なった別な方法では互換性のないシステムプラットフォームとブラウザ上で動作することができるただ一つのバージョンのプログラムコードを創作し配布する能力を、ソフトウエア開発者に与える標準的なアプリケーションプログラミング環境を提供する
その他	コード	「ちょっと笑える航空会社コード」部門では、アメリカのバトラー空港(BUM)、ロシアのペルミ空港(PEE)、ブラジルのポソス・デ・カルダス空港(POO)、ドイツのゼンバッハ空港(SEX)などが選ばれている
プログラミング	コード	「小さな手と手」は本編では、アーティスト自身が曲(コード進行だったと思います)を忘れ、本編が終わって、ハケて、アンコールで出てくる間に「思い出した」そうで
その他	コード	何度もコードを書き換えてはオシロでチェックするのだが、PICライタとosziFOXはシリアルポートも電源アダプタも共用であるため、ケーブルの繋ぎ替えやアプリの上げ下げが超面倒
その他	コード	株式会社サイバーエージェント(本社:東京都渋谷区、代表取締役社長CEO:藤田晋、東証マザーズ上場:証券コード4751)の子会社でモバイル広告代理事業の株式会社CyberZ(本社:東京都渋谷区、代表取締役社長:山内隆裕)は、企業のプロモーションツールとして、芸能人とコラボレーションしたモバイルアプリケーションの企画・開発支援を開始いたしました
プログラミング	コード	(私も奇麗事青春ガンバレソングとかお涙頂戴恋愛ソングは好きじゃないです)私はアレンジメントのアイデアやコード進行等ビートルズから学んだ事が沢山あります
その他	コード	目次を見ると、キャリア・機種判別の仕方、位置情報、絵文字、QAコード、セッション管理とかいろいろあるが、ひととおり読んでみて、Net_UserAgent_Mobileライブラリのことしか書いてない印象を受けたのは自分だけだろうか・・・
その他	コード	2010年前後に医薬品の特許期限切れが集中する、いわゆる「医薬品の2010年問題」をめぐり、新日本科学(コード2395)など、医薬品開発支援企業に注目が集まっている
その他	コード	●電源コード/3m●コントロールコード/3m ●付属品/温浴ケース(マイナスイオンセラミックボール、銀イオン系抗菌セラミックボール、遠赤外線セラミックボール入り)・クリーンフィルター(5枚)・取扱説明書・保証書(保証書は取説内)・特種活性炭(12枚)・取り付けビス(2枚)・ヒータパイブ用洗浄ブラシ ※衛生上3日〜1週間以上の使用はお控え下さい
その他	コード	開発コミュニティでのバグのご報告やカスタマイズコードのご提供、質問投稿へのサポート等が重点的に評価され、優れた内容であれば、選定時により高い評価対象とさせていただきます
その他	コード	文節区切りの時点と、候補一覧生成の時点で、 2ヶ所に似た様な候補生成のコードが書かれていて、 しかも文節区切りの時点で生成した分は捨てていて、 実装としては、もう、かなりアレだが
その他	コード	この本は、「バイオハザード0」、「1」、「2」、「3」、「コードベロニカ」までの5作品を総括した1冊で、ストーリー解説、登場人物・クリーチャー紹介、設定画集、用語集などが収録されています
その他	コード	ガワの破損と接続部分の破損、コードの付け替えの必要があるので、 そこそこ高額になるとは思いますが買い替えたほうが安くなるかといえば、そうはならないと 思います
その他	コード	ログ解析ツールのAWStatsは、見た目がこぎれいなのに加え、ExtraSectionという機能を使えば、ちょっとしたカスタムレポートをコードを一切書かずに実現できたりと、機能的にも充実しています
その他	コード	分散した彼らは独自に世界征服活動を再開し、直系の再生組織『コードGS』『コードD』『コードNS』といった組織のほかに、『ブラッククロスアーミー』『ダークマテリアル』などの、数多く悪の組織を芽吹かせる結果となったのだ
その他	コード	【0013】本例のメモリはそのエラー救済のため、読みだしワード単位にECCコードが付加されているため、部分書き込みに際しては一度書き込み前の内容を読みだし、書き込み対象の部分を書き込みデータとマージした後再びECCコードを発生して書き込みを行う必要がある
その他	コード	最新の58に及ぶ構造物ユーロコードは、設計基準、構造物への作用、主要建設材料(コンクリート、鋼材、木材、石材、アルミニウムなど)、構造工学に関わるすべての主要分野、広範な種類の構造物や製品を包括的にカバーしています
プログラミング	コード	このコードで書かれたファイルを読むとき、そちらのWordが使われているコードをシフトJISと誤認して、一部の7ビット文字を8ビット文字に変換しているのです」
その他	コード	「イッカクフェレルのトラカを100万ddで買います」という宣伝をして、それに応じた人からコード番号を貰って変身したくせに、代金を払わず逃げました
その他	コード	該当する文字列のアドレスをワードの実行時にスタックに積むような Ngaro のマシンコードと、type 呼び出しとを現在コンパイルされている定義へ繰り込む必要があります
音楽	コード	主和音を「トニック」、「下属和音」をサブドミナント、「属和音」をドミナントと言い、プロは使用頻度が高い為「コード」という言葉を省いて使うことが多いです
プログラミング	コード	QR コードは二次元バーコードの一種で、数字なら最大約7000桁、英数字だと最大約4000字を埋め込むことができ、また誤り訂正能力に優れています
その他	コード	更に、差分法の解析コードとして、MAC法とSMAC法を基礎とした解析コードと、ソーラサーフを基礎とした解析コードの2種の解析コードについて実際にアルゴリズムを開発し、比較的簡単なモデルについて両者を用いて数値解析を実施し、比較検討を行った
プログラミング	コード	車がノロノロとしか動かないでいる時に、なにやら聞き覚えのあるコード進行の曲が聞こえてきて、それにしても、イントロのテンポも違うしまさかなー、と思っていて聞き続けました
その他	コード	たとえば、大きいプロジェクトでチームのメンバーが振り分けて作業をしたり、何回かのアップデートを重ねたりすると、コードが汚らしくなる場合があります
その他	コード	また、インターネットのテレビ番組表で選ぶだけで、当社ビデオデッキのGコード録画予約ができる「番組表ビデオ予約」機能など、新しい切り口のモバイルユースを実現しています
その他	コード	このエクストラへマッ料金の適用を希望する場合は国際通話コード01017を打ち込み、続いて相手国の国番号、エリアコード、相手の電話番号をダイヤルすればよい
