# バスケットボール: バスケットボールで、球をゴールに投げこむこと。シュート。, ゴルフ: テニス・ゴルフで、球を打つこと。また、その打球。ナイスショット, ビデオ: 映画・テレビで、切れ目なしに撮影された一場面。ロングショット, 酒: ウイスキーなど強い酒の一杯分。ショットグラス
酒	ショット	今夜はラグジュアリーな空間でウィスキーとカクテルの奥深い世界に感嘆新宿2丁目にある本格的なショットバー もとは新宿3丁目で営業していたが06年こちらに移転した
酒	ショット	1Fレストラン【ARIOSO(アリオッソ)〜風の通り道〜】 昼はお得なランチメニューで賑わい 夜はフレンチベースの洋食とショットやカクテルなどの多彩な飲み物などダイニングバーとなります
ゴルフ	ショット	しかし、勢いよく振り回したセカンド・ショットは、ピンに向かって真っ直ぐ飛んでは、グリーンの上を数回弾いてから転がって、カップの7センチ前のところで止まった
その他	ショット	v=4Qv6rXznxwY ↑この6:45あたりの食卓は、どんぶりのうどんか汁ものだけの貧しい食事だけど 次のショットではカラ容器になった、スーパーのパック寿司の飽き容器がそれぞれ人数分前に置いてある
ゴルフ	ショット	関東では最初の設計である本コースは「正しいショットが報われるべきである」という精神を生かした、各ショットの正確さが要求されるコースに仕上がっていると思います
その他	ショット	【写真】主演のロバート・パティンソン、クリステン・スチュワート、テイラー・ロートナー3ショット ロイターによると製作会社であるサミット・エンターテインメントは、シリーズ3
ゴルフ	ショット	タイガー・ウッズやアニカ・ソレンスタムが実践し、日本のゴルフ界でも注目が集まっているヨガを、簡単に実践できる『楽体ヨガ』運動で、健康とナイスショットを手に入れて下さい
その他	ショット	小向美奈子の写真集「花と蛇3」の緊縛ショットが話題になっている中、何と人気AV嬢がレズ緊縛SMショーをナマで実演する企画が夜の盛り場に登場して話題になっている
酒	ショット	新橋では狭い路地をふらついたら結構汗をかいたので水分補給がてらショットバーへ入りバレンタイン17年をロックでゆっくり2杯飲みほてった体が冷えるのを待って今宵のホテルへ向かう
酒	ショット	お値段は、マティーニ、モルトのハーフショット×2、フレンチ75で6000円弱、とちょっと高いかな(ハーフショットじゃないなら安いかも、というライン
ゴルフ	ショット	メンタル面がとても重要視されるゴルフでは、選手の集中を妨げる原因となるものをできる限り排除すべく、誰かがショットを打つ際には音を立てないよう気を付けるとともに極力動かないようにするという『暗黙のルール』が存在する
その他	ショット	というか、ショット・キープロットは頭打ちになるものだとばかり決めつけて測定も低い電圧でしかやっていなかったから、 実はショットキー効果に気づかなくて当然だったりする
酒	ショット	ウチではこのテの商品は通常「ボトル売り」ですがこの「清水みかんわいん」は食中酒でも良いですが食前酒としても良いかな~と思い「ショット売り」も出来る様に致しましたので気になる「清水っ子」または「静岡っ子」の方・・酔っ払う前に一杯いかがですか
その他	ショット	曲げアプローチはラダー時代に開発した(何)保険ショットで、強い横風と反対方向に曲げることで比較的まっすぐに飛ばし微BSであわよくばチップを狙うのですが、BSが小さいのでビームにでもかすらないとなかなかチップは厳しいものの、パンミ時もおおきく横にはずれないどころか入っちゃったのが今回(ひょえ)
ゴルフ	ショット	ベースラインから前の位置でこのショットを放てば、角度も付くためウイニングショットと言える決定率となります(日大三島の応援団は『レーザービーム』と呼んでいました)
その他	ショット	別項目「スラッグショット」、「バードショット」、「ショットシェル」も併せて参照されたし)に匹敵」し、弾頭のエネルギーは「AK47(別項目を参照されたし)」のライフル弾に近いエネルギーで、ハンドガンとしては破格の威力である
その他	ショット	代表作に『うる星やつら』(温泉マーク役)、『機動警察パトレイバー』(太田功役)、『トランスフォーマー ザ☆ヘッドマスターズ』(シックスショット役)、『キン肉マン キン肉星王位争奪編』(キン肉マンスーパー・フェニックス、ロビンマスク役)、『元祖 天才バカボン』(ウナギイヌ役)など
酒	ショット	池袋初出店となる、ワンショットで飲めるワインバーを併設した直輸入型ワインショップ「ヴィノスやまざきワインイスト」や、有名パティシエ・高崎亨氏がプロデュースするスイーツの名店「パティスリー マリアージュ」、フレンチスタイルのおしゃれな生活雑貨が揃う「カフェテーブル」など、食卓を豊かに演出してくれるこだわりのショップ12店舗が並ぶ
その他	ショット	豆のきとしては、ぜひとも愛猫の愛らしい1ショットを残してくれるカメラの神様にお越しいただきたかったのだが、もともとない才能におりてくる神様はいないのか、それとも神様がおりてきてもヘリポートがなければとまれないのか、一度は一眼レフを手にしたものの、肝心の被写体(くろとトラマメ)がカメラのレンズを忌み嫌うため、お蔵入りとあいなった
ビデオ	ショット	今回映画初監督だが、フィリピンロケ、長まわしや監視カメラからみたショットなど大胆な演出を披露、オリジナリティあふれる新しいコメディ映画を生み出したのである
ゴルフ	ショット	自然そのままのレイアウトでフェアウェイが傾斜しサイドに流れるようなホールがあったり、グリーン前にマウンドや立木などが効果的に配慮されているため、正確なショットが要求される
ゴルフ	ショット	この日ひは考え方かんがえかたを変えかえ「普通ふつうのショットを打つうつように心がけこころがけた」と低いひくい球たまだけにこだわらず、持ち前もちまえのアグレッシブなプレーで難なんコースを攻めせめていった
その他	ショット	僕はブレッソンの映画の俳優の存在感に強く衝撃を受けたんですけれども、彼の映画の特徴はそれだけではなくて、例えば、クローズアップが多用されて、ひとつひとつのショットがうまく繋がらないということもあると思います
ゴルフ	ショット	となった方)にご指導を仰ぎ、ショットの感触が出てきたが、掬い打ちの癖がなかなか直らず、いつの間にか戻ってしまい悩んでいたところ、練習後半になって見てもらうことが出来、右手の使い方(自分的には、ボールと身体の間隔を開ける方向で、インパクトでは右手が伸び、手の平を打球方向へ押し出す感じで、決してこねないようにすること)で、兎に角気持ちの良いナイスショットで、しかも飛距離&方向性が出てきた
ゴルフ	ショット	・「ボンバーマンバトルズ」のゴルフで17番コースをプレイしたところ、4人中2人がアルバトロス、もう1人がアルバトロスにとても惜しいショットを放った
ビデオ	ショット	モノクロームの映像が総天然色の世界へと転じると同時に、カメラは窮屈な小部屋から街中へと飛び出し、乱闘に興じる主人公の姿を、顔の判別もできないほどのロングショットで捉えるのです
酒	ショット	家で全3巻のダリ全集(カネもない若いときに買うたもの)を見てるほうがましや・・・と帰ろうとしたら出口にあるグッズ売り場には入れそうやったんで入ってダリのピンバッジと虎の絵のマグネットとダリの髭が描かれたショットグラスを買う
その他	ショット	まったく同じではないけれど、映画「ホットショット2」のラストシーンに、崖の上のから落下してきたグランドピアノの下敷きになって死亡するシーンがある
その他	ショット	冒頭の緩やかなパンダウンや、山道を車がカーヴするのを捉えたショット、あるいは古い一軒家の開け放たれた広い空間で人々が行き来するのを捉えたショットなどでのカメラの動きには心躍るものがあり、なるほど前評判の「レベルの高さ」とはこういったことかと納得する
その他	ショット	前掲のスクリーンショットにもある設定項目だけでも、検索窓の表示位置からリンクの開き方、クリックするだけで検索窓にフォーカスする機能など様々なインターフェースを提供していることが分かる
その他	ショット	ちなみに、主人公のボクサーが商店街を歩くシーンなどは、全体の流れのなかのワンシーンとしても、ひとつの単一のショットとしても、とてもグッとくる瞬間だったと思うのですが、あの場面の撮影はどのように
その他	ショット	場合によっては、iPhoto を全く立ち上げることなく、スクリーンショットをあなたの iPod touch 上に残したいということもあるであろう
その他	ショット	細かい変更点としては、自機のショットが弱体化した反面、通過すると周囲の敵を破壊&ショットを反射する「ゲート」が追加され、前作から登場していた「ブラックホール」が破壊時に周囲の敵を巻き込むようになったため、敵陣をショットでこじ開ける突貫プレイがしづらくなり、ゲートやブラックホールを活用するクレバーなスタイルが要求されるようになりました
その他	ショット	こうしたカメラワークに懲りまくる気持ちは判るような気もし、いわゆる映画的なショット、新鮮さを模索しているんだろうなとも思うんだけれど、その作意が見えすぎて、返ってヤボに思えてくる
ゴルフ	ショット	1Wも含め、ショット(というよりスイング)が安定せず、どうも打ってる本人自身が「絶対イイタマ出るワケない」と思い思いのラウンドが最近続いていた
ゴルフ	ショット	パターの重要性が良くわかりましたね いくらショットが良くても最後はパッティング 当たり前かも知れませんが、入ってる選手は しっかり打ててる 私はどちらかと言うと打てずにショートが多いタイプ 分かってはいるんですが打て
その他	ショット	資料には関東大震災での遺留品や、昭和4年から人気を博していた喜劇俳優エノケンこと榎本健一さんや女優の高峰秀子が映ってる写真、新しいところだと若き日の長島茂雄と王貞治の2ショット写真などがあって、なかなか興味深かったです♪
ゴルフ	ショット	僕もたまにいいショットで一本取るものの、中川選手の、キレが良くて、コースのいいサーブを、何度かリターンミスして、なかなかブレイクができなかった
ゴルフ	ショット	トーナメントプロが、コースで、ティーショット、ショット、アプローチ、バンカーショット、パター、ゲームの組立てから、スコアアップに役立つ事を的確にが教えます
その他	ショット	最大チャージショットは威力に対して、隙があまりにも少ない上、(距離によるが)ガードさせることが出来れば、ガードの硬直中の敵に投げを確定ヒットさせる事ができる
ゴルフ	ショット	ただ、飛び出したり引っ込んだりするのはわかるけど遠景だと強調のしようがないし、石川遼のバンカーショットを正面から写して砂がこっちに飛んできたらどうだっていうんだ
その他	ショット	前にどこかでブラウザのスクリーンショットを取ったのを思い出して過去記事を探してみたところ、こちらの記事中で使っている画像にしっかりと「鍵穴と鍵」アイコンが写っていました
その他	ショット	映画「NOVA」は、山形市であっというまに始まって、あっというまに終わる、二人の超能力者の、歯切れの良い、いや良すぎて見る者をその映像世界に引きずり込んで最後まで離さぬ、ドッグファイト(空中戦)と、市街地破壊のこれまた息を飲むショット割で建造物破壊の迫力を堪能させる、アマチュア離れした冒険SF映画である
その他	ショット	もちろん年内残っている楠瀬ライヴのもろもろもあるんだが、恐らく来年も「ティオ3」をぶちあげることになるだろうし、春先に控えているmasakoの活動、他にもショットでぽんすかお仕事が入ってきている
その他	ショット	ちなみに今回の当選は1ドルのクイックピックというワンショットだったそうで、ドナルドさんは、カンサス州から出た10人目のパワーボール当選となりました
酒	ショット	その夜、食事をしたレストランには、勿論、そのショットグラスを持参し、早速、果実酒を入れて飲んでみましたが、素晴らしく美味しかったです(笑)日本ではあまり知られていませんが、ルーマニアは、ワインが美味しいことでも有名で、今回もバランスの良い、上質なワインに各地で出会いました
ゴルフ	ショット	安易にIP付近左側の斜面狙いでいくとセカンドショットがブラインドになり易く、グリーン左手前にもバンカーが口を開けているので難しいセカンドショットが残ります
その他	ショット	再現装置としての映画:映像と音との相互関係、対位法的用法、フィルムの粒子とコントラスト、色彩の導入、色彩のレトリック、色彩による映像表現、フィルム・サイズの美学、動的な正方形、ショットの概念、ショットの時間の流れ、カメラの動き、ショット・サイズ、空間の演出—レンズによる映像表現、パン・フォーカスとマルティカム・システム
その他	ショット	協力:テリー松下のパキスタン☆ナイト(月一放送)松下奈緒&本物の水木夫人、 「ゲゲゲ展」で2ショット NHK連続テレビ小説「ゲゲゲの女房」で水木しげるの妻・布美枝を演じる女優の 松下奈緒と、漫画家・水木しげるの妻である武良布枝さんが8月11日、東京・松屋銀座で今日も、この暑い中、岸くん・デンチュー・松下くん・雄星が走りこみ
ゴルフ	ショット	ロングアイアンを使う距離や、悪いライでのショットになると、 ミスを犯す確率が高くスコアがまとまらないという悩みを持つアスリート志向のプレーヤーに
ゴルフ	ショット	もちろんプロの微妙なショットにはクラブが物を言うでしょうから、アマにはわかりませんが、どうしても予選落ちの弁としては、あまり爽やかではなかった印象を受けました
その他	ショット	でも値段は安くて、レストランから見る夜景は最高でした☆あと屋上にあるビッグショットは、絶叫マシーン好きの私でももう乗りたくないです(笑)あんな恐い乗り物に乗ったのは初めてです
その他	ショット	バーのカウンターに離れて座り、彼女に洋酒の入ったグラスをすべらせるなんて、今の田中邦衛からじゃ想像も出来ないけど、そのグラスは彼女の前で見事にピタリと止まり、同じ傷を負った二人が同じ酒をあおっているのを、背中越しに引きのショットで見せるシーンは、この血なまぐさいバイオレンスアクションの中で、一瞬の静謐を見せて、切ない
酒	ショット	今年最後のいつもの居酒屋(*n ́Д`n*) みんなショット&テキーラ祭りでパラってる〜★ シオンサン相変わらず大変(プハ)風邪なのにいつも通り飲むからすげー(^ω^)可愛いwww実家帰ったら、みんなにお土産買ってこよ★函館空港 土産が何だか懐かしい
その他	ショット	さらに、“Aのアップショット”“ツーショット”といったカメラワークを指定するコマンドや、タイトルを表示させる、BGMを指定するといったコマンドも用意されている
酒	ショット	あんたお酒臭いよってよく怒られますけど、あとテキーラとかね飲んだ時にはやっぱ3杯ぐらいショットグラス3杯ぐらいでテキーラ、ブッ潰れちゃうんだけど
ゴルフ	ショット	片山の威嚇に気圧されるように、クラークは、次の11番でバンカーショットをミスしてダブルボギーとし、対する片山は、得意の9ウッドでピン手前4メートルにつけてバーディ
その他	ショット	緩やかな南斜面に位置し、四季を通じて温暖な気候と、陸の松島と呼ばれる雄大な景観の中、乗用カート(5人乗り)での快適なプレーと豪快なショットが味わえる
その他	ショット	このショットはいふぉんで撮影しているが、ここでカメラを持ち替えて、いふぉんに日が射してくるのに感激して、ライカでいふぉんを撮影するようなことは絶対にない
その他	ショット	球を入れることよりも、この3点に集中して、センターショットを繰り返し続け、そうしている内に段々「撞けている」感じになってきたような気がしますが、どうも・・・今一つです・・・
酒	ショット	ここで深夜3時半まで飲み、ルーマニア人に奢ってもらったアルコール度40%の蒸留酒をショットグラスで一気飲みし、ホモに絡まれて他のハンガリー人が助けてもらい、全員千鳥足(内1名ゲロ)でフラフラと宿に戻る
ゴルフ	ショット	ぐんちゃん と競作、共演した 新本 絵里 さんの撮影第2部は、ちょっと地味なロケ地でしたが、 白い空を考慮しなかったために、ミスショットが目立ってしまいました(泣)
酒	ショット	年始に実家に帰った折にもらってきたOld・Parrも美味しい酒でしたし、先日会社の後輩と行ったBarで飲んだお酒も、普段買えないお酒を注文してショットで美味しく頂きました
その他	ショット	千「レバノン、ギリシャ、ヨルダンツアーから日本に帰ってこられたばかりということで、今日は特別にお宝ショットを持ってきていただいて、ラジオ聴いてるみなさんにもわかりやすいように、会場のみなさんには写真を見ながらトークを進めていきたいと思いますけど
酒	ショット	ボトルなのでショット毎に頼むよりは全然安いのですが、ボトル自身も決してお安い訳ではないので、結構な金額を飲んでしまった事になるのですが、まあ美味しいお酒が飲めたので良いのかな、と思います
その他	ショット	男が若いときに死の危機に面して、結局そのときは死ななかったんだけれども、俺は死ぬんだという思いがふと頭をよぎった場面、その場面の顔にショットが切り替わる
その他	ショット	バスターのみチャージショットを別のチャージショットキャンセルできる(チャージ射撃キャンセルチャージ格闘や、チャージ格闘キャンセルチャージ射撃という事)
その他	ショット	ファンタジアのミッキーでした 今回は1ショットをお願いしました シーにもミッキーの別荘とかあればいいのになぁ(笑)まるで一軒の別荘みたいな船を、ご本人のお留守に貸して戴くことに感謝しながら、まずはシャンパンで乾杯した
ゴルフ	ショット	優勝者とブービー賞者への贈呈場面をPSPカメラの「ちょっとショット・ムービー 」で撮影し、おもしろ編集したものを大型ディスプレーで鑑賞し、和やかな雰囲気となりました
その他	ショット	彼女を可愛く撮ることに傾けた監督の多大な情熱は、"ドロンジョが最後の敵の首根っこをつかむ"ショットで見事に結実しているから、ぜひスクリーンで確認してほしい
酒	ショット	ドイツのベルリンの裁判所で11日、「飲み比べ」で16歳の少年にテキーラをショットグラスで 少なくとも45杯飲ませて死亡させたとして起訴された28歳のバーテンダーの男の公判が行われた
ゴルフ	ショット	第2ラウンドでバンカーショットに失敗した後、砂をけり上げ、審議の対象ともなったが「バンカーで踊ってはいけないことを学んだよ」とジョークを飛ばす大物ぶりも発揮した
その他	ショット	その他の機能もどこでもセーブあり、 スクリーンショット機能あり、チートコード(改造コード)機能あり、サウンド録音機能・ムービー録画機能ありと一通り欲しいと思う機能がついています
ゴルフ	ショット	アイアン(主に、6番)ショットでも、最終的にはオープンスタンスでのフェードボールで方向性を安定させる事と、シャフトを短めにしてのパンチショットも試して見たが、こちらも感触がよかった
ゴルフ	ショット	「フェデラー型のショットがいつまでたっても打てないなぁ〜」 と悩んでいた人が、実は “アベレージショット” の練習をずぅ〜っと熱心にやっていた、なんて笑えない例もあるほどです
その他	ショット	本編には、様々なコスチューム姿を堪能出来るアイドル主演のショート・ドラマ、映像特典としてメイキング映像、インタビュー、撮り下ろしスチルなどを収録し、コスプレ&水着ショット満載でアイドルの魅力に迫っている
酒	ショット	彼は、自分自身に向かって「そろそろ潮時だ」と忠告し、「それに乾杯しよう」と独り言を言っては、ショットグラス(あの「切り子」のやつ)に酒をつぎ足し、それはすぐに空になってしまう
ゴルフ	ショット	前半は、大晦日に観た石渡俊彦プロのビデオの効果か、ショットの捉まりが大幅に改善しましたが、3パットを重ねていくうちにショットまでおかしくなってしまいました
その他	ショット	・グラフィックはムービーで流れる映像と同じくらい綺麗・ショットガンの連発スピード低下 スナイパーの発射音の変更があり戦闘はあまり緊張感がなく 敵を倒しても目の前で体がちぎれて倒れるだけである 1では倒した時 肉片が遠くまで飛び散ったりと凄まじい戦闘ができた
その他	ショット	ここ数日、子供達の写真をゆっくり撮ったりする時間もなくて、昨日と一昨日は撮り貯めてあったコスショットをアップしましたが、本日も懐かしの画像でつ
その他	ショット	フリードリッヒ・エマヌエル校図書館の対決場面は、エイゼンシュタイン以来の映画モンタージュの手法に則り、これでもかという勢いで複数の短時間ショットをたたみかけ、緊迫感あふれるシークエンスに仕上げています
ゴルフ	ショット	独自開発の「近距離優先アルゴリズム」を搭載することにより、アプローチショットでピンを狙う際に、手前にあるピンまでの距離が測定しやすくなりました
ゴルフ	ショット	遠くから見たときには、石碑をめがけてショットを繰り返しているように見え文句をつけてやろうと思っていたが、近づいたらさすがに少し外れた場所にブル−シートを敷いて、ショットを繰り返していた
その他	ショット	ビーチバレーをされているのも知っていましたが、なかなか拝見する機会がなかったので個人的には山本サンと越川サンの2ショットを見たかったですかね☆
その他	ショット	だた背景は自然その物なのでホテル・テレーノさん前で撮るのと違い、ここから一眼レフカメラにズームレンズで撮るなら素晴らしいショットを狙えると思います
バスケットボール	ショット	そのまるでジダンのために用意されたかのようにぽっかり空いたその空間の中心で、一瞬時間が凍りついた後、彼はその左足でボールをゴール向かってショットした
その他	ショット	スタジオ内でのショットをはじめ、局建物のすぐ外(敷地内)で撮影された(撮影/立木義浩)と思われるカラフル(なお、写真はモノクロ)なワンピース姿など、四十路まっただ中を疾走(暴走
その他	ショット	OBブレイクシャフトは、ディフレクションが少なく、手球のセンターから少し外れたところをショットしても真っ直ぐに走り、狙った的球へ的確にブレイクすることが可能となる
ゴルフ	ショット	今日の最終日は、4アンダーでトータル10アンダー、5位タイで終えました 正直言って今週は桃子には珍しく、ショットの調子が結構悪くて、苦しいラウンドが続きましたが、今大会から導入しました60度のニューウェッジが、大活躍してくれました
酒	ショット	28日夜に高校の友達とミナミに飲みに行ったんです、友達の子供が熱を出したということで先に帰ったので一人でショットバーで飲んでいました、30代後半から40代くらいの女性の8人グループが結構酔った感じで入ってきました
その他	ショット	所有畑はわずか15haととても小さく、ドイツ以外では日本にしか輸入されていないにもかかわらず、どれも毎年発売前の予約分のみしか手に入れることのできない貴重なワインで、現在は二人ともマイスター(杜氏)のショット兄弟により、アルコール度も低く、ぶどうの特性を活かしたフルーツそのまんまのジューシーな味わいのワインが造られています
その他	ショット	たぶん、彼はそういう人のために映画をつくったのであって、このショットがどうの、カットが多いの少ないの、そんなことを勘定して映画を死体のように腑分けするのを仕事にしている専門家のために作ったのではなかっただろう
その他	ショット	ステージ向かって右側の2階席最前列より、クローズショットを多用した素晴しいカメラワークで捉えており、音質も極めて良好なファン必見のハイ・クオリティ映像です
その他	ショット	・肩部ショットガン(通称テレビカメラ)について、圧縮画像で見てたらわからんかったんですが、どうやらこのACシリーズ武器を折り曲げて収納しているらしい
ゴルフ	ショット	練習中にミスもしますが、同じアングルショットでも極端に厳しい所を狙ったり、ドロップショットは、ネットに返るくらいのバックスピンをかけて打ったりします
ゴルフ	ショット	中級のカリキュラムの前後・左右・高低に加え、スピードボールとゆっくりした打球を打ち分ける緩急のコントロールをミックスさせ、相手の意表をつくような意外なショットや、豪快でアクロバチックなショットなども練習します
その他	ショット	ワンショット モードでは、サンプル グラバは、このホワイト ペーパーで前に説明したように、サンプルを受け取ったときに S_FALSE を返します
その他	ショット	そんなわけで、メジャーなキャラがヨソに露出しにくいという時流にあって、マイナーなキャラ故に出番をもらったデッドショットさんは、これまでの不遇な立場から、(無数の登場人物が登場するチームものとはいえ)いきなり主役格のキャラクターに昇格したのでありました
酒	ショット	中央区南3西2 中銀ビルにあるこのお店は、9時までに行けばバドワイザーが1杯200円で飲めるほか、ウイスキーやカクテルをショットで飲むこともでき、しかも低料金、ナイスバディのお姉さんを見ながら
ゴルフ	ショット	今日は途中で棄権を申し出たいほど背中が痛くなったので、全てのホールでワンクラブ大き目のクラブでショットしたが、パットでは5mを2度入れたり、3度のチップインがでるなど、正直自分でも驚いている
その他	ショット	ついでにBIHIO狙うならパワー調節を経験上の確実に止めたい所で止めないとでしょうし、パワー決定はなかなか滑ってうまく止まらず何度も決定しなおす事もあるでしょうから、ショットまでの時間で白黒判定するというのはやっぱりちょっと厳しいでしょうね
酒	ショット	、表参道博多の郷土料理、銀座ダイニングバーの密会処、東京初台オペラシティ近くのビストロ、六本木ロアビルのカンパリレッドなショットバー、池袋ナイトバイキングがあるホテルレストラン、西武
その他	ショット	ゴダールの講義の場面で「ショット」と「切り返しショット」の具体例として、「イスラエル」のカラー写真と「パレスチナ」のモノクロ写真が交互に挙げられているのを見て、nosさんの『愛の世紀』についての言葉を思い出しました
ゴルフ	ショット	気温も10度以下、冷たい風なので体感温度はさらに下がり、5度前後となり選手たちから体の柔軟性とフィーリングを奪ったこともショット、パットに影響した
ゴルフ	ショット	ドライバーは、1回だけOBでしたが、殆どナイスショットでフェアウェイに乗り ショートホールもワンオンは無かったですが、2オンで パターも4パットが1回有りましたが、後は2パットが11個、3パットが6個でした
その他	ショット	彼女のデッキはウリアによる戦闘ダメージでの勝利を主な戦術としており、効果ダメージを与えるカードは先程使用した『プロミネンス・ショット』くらいである
ゴルフ	ショット	逆に言うと、いかに力を抜いていいショットを打つか、すばらしいショットを打つかというのは、年配になってもテニスを長く続けるコツにもなりますし、うまくなるコツでもあろうと思っています
その他	ショット	「撮影中はズームを動かさない」が基本ですが、遠いところにいるときと近づいてきたときでは写る大きさが変わりますので、常にフルショットで撮れるようにズームを動かします
酒	ショット	パーティ終了後、バーに移動して行われた二次会では(ワンショット毎にお金を払う)、なぜかいろんな人から次々にビールやらワインやらを奢って貰い完全に出来上がっちゃいました
酒	ショット	飲んだアルコールもけっこうな分量で、私はオリオンビールをジョッキで2杯飲んだあげくに泡盛3種類が1ショットずつやってくるセット(20種類くらいの醸造所から好きなもの3つを選ぶのだけれど、久米仙(爽・薫)、はんたばる(熟・醇)、かりゆし(熟・薫)という組み合わせで)を頼み、更に泡盛カクテルをくぴくぴと
ゴルフ	ショット	ヽ(; ́Д`)ノこの日ナイスショットだったのは9番アイアン飛距離は90ヤード連う〜ん気持ちいいです♪この調子で1週間に1度練 [続きを読む]
その他	ショット	アソシエイトプロデューサー :鈴木智子(角川書店)、武智恒雄(クロックワークス)、中嶋嘉美、室市剛人(2人共にビッグショット)(2009年度版は鈴木智子、武智恒雄、広川雅人(角川メディアハウス)の3人ビッグショットの二人は外れる)
ゴルフ	ショット	月1ゴルファー100切りアドバイザー@ダイキの1日2分♪月1サラリーマンゴルファーが100を切る方法の記事、2010年全英オープン石川遼ショット動画です
酒	ショット	ベルギービールが約10種類そろうほか、オリジナルビール“ツバサホワイト”や、日向小次郎のタイガーショット800円、岬 太郎の放浪カクテル600円など、漫画の登場人物にちなんだカクテルも
その他	ショット	『飲んだくれの改心』は、アルコールに関する教訓を観客に教えただけでなく、パラレル編集や視点ショットと切り返しショットやライトニングなどの「映画のディスコース」を利用して、「映画が道徳的可能性を持っている」ことや「教化ドラマを見ることが観客に変容する影響の可能性を持っている」ことといった「道徳のディスコース」を提示し、「教育的メディアとしての映画」を表象した
その他	ショット	日本版のみ阿部寛のナレーション付きということで、結構なラブシーンあり、バックショットの全裸シーンありと今まで観たこともない阿部寛が観ることが出来てこれだけでも何だか得した気分になります
ゴルフ	ショット	「バンカーショットはボールを打たずに砂を打て」これもまた誤解を招き易い理論です・・・「砂を打て」の本当の意味を理解して、バンカーショットを1発で脱出できるようになる方法とは
その他	ショット	●約3倍以上のたっぷりスチーム「強力パワーショット」●「強力パワーショット」の勢いでスチーム穴の目づまりもセルフクリーニング●デリケートな衣類に対応「全温度スチーム」●切り忘れても自動電源オフ「うっかりストッパー」●カラー:サファイアブルー・消費電力:約1400w・質量:約1
その他	ショット	今回はDakataxのアニキ分のSirokuma氏がD300を駆って撮影隊として参加、今回のショットは普段撮影する事が出来ないような贅沢なショットが一杯です、その撮影枚数ナンと、1400ショット以上
酒	ショット	一般的には食後酒としてショットグラスでストレートで飲まれることが多いお酒ですが、エスプレッソに入れたり、香り付けとしてスプレー式のボトルでデザートに振りかけたりと用途も様々
その他	ショット	セクシーショット大放出なんてコーナーもあったが、どこがセクシーなのかまったくわからない、デッサン狂い満載のトホホ企画である(デッサンに関しては、ソネハチさんのレベルがひじょうに高い
その他	ショット	TVドラマ「PS羅生門」(テレビ朝日系)の打ち上げに参加し、木村佳乃さんとイ〜カンジの2ショットを決めたうらやましい方は、東京にお住まいの片瀬晃さん(ご本人の希望により仮名)
その他	ショット	スクリーンショット1500GETしたので送ります自宅のInterNet専用マシンのP5440なので、あまりカスタマイズしていませんつまらないので、やばい写真をバックにしてみました
ゴルフ	ショット	必殺ショットなどの派手な演出はないので超人テニスを期待してはだめだが、可愛いキャラクターとは裏腹に細かいショットの打ち分けやショットのタイミングによるコントロール、コートの癖、相手の得意なプレースタイルなどとても細かく設定されているので、本格的なテニスをプレイすることができる
その他	ショット	まだ、ポディウム1回のみですが、 去年までは15番手前後だったグリッドが 今はポールもかくやという所まで躍進し ホールショットを奪う事もしばしば
酒	ショット	「英国のパブでは、ビールの入ったジョッキに、ウイスキーのショットグラスを沈め、これを ”潜水艦”と言う」 という話をいつか記事で読んだこともある
その他	ショット	1、暗視カメラ 2、光学100倍以上のズームの望遠カメラ 3、一眼レフのデジカメ 4、小型カメラやスパイカメラ 1の暗視カメラは、CCDの感度を上げて、暗い所を撮影できるカメラですので、間違っても、ハンデイーカムのナイトショットや、ちょっと感度が
その他	ショット	涙をさそうシーンはそれぞれでしょうが、私はラストにでてくる1枚の写真のなかに撮影を止めようとしているショットのなかに全ての人間が写ってくるシーンです
その他	ショット	(1) 単ショットX線レーザーで時間相関分光を実現するために、遅延時間制御可能なマイケルソン型2連パルス生成器を装備した「スペックル強度時間相関分光装置」(図1)を開発し、日本原子力研究開発機構関西研究所に設置しました(図2)
その他	ショット	ポケットが成功した場合、プレイヤーは継続してショットすることができるが、ポケットに失敗した場合やファウル(反則)があった場合は次のプレイヤーに交代となる
その他	ショット	オルレアン再訪はけっこう前から考えていたのだけれど、この時期にパリへ来ることになっていたゼミ生のAMさんが関心を示し、さらにユーレイルパスで欧州各国を巡業しているらしいゼミ生U子とそのお友達のMさんも同行することになったので、花の女子大生3人と謎の4ショット(笑)
ゴルフ	ショット	レベルの低いクラスではセンターラインを中心に左右で良いでしょうが、レベルが上がるにつれてどのぐらいずれると、自分の狙ったショットと意味の違うショットになってしまうかを考えてください
ゴルフ	ショット	【請求項4】 ドライバーによりヘッドスピード45m/secでショットした時のスピン量Aと、サンドウェッジによりヘッドスピード19m/secでショットした時のスピン量Bとの比B/Aが2
酒	ショット	店内やカクテルは、いたってスタンダードなショットバーといったところだが、場所からしてもホット一息系として待ち合わせに、そして最後の一軒にと、利用シーンはありそうだね
酒	ショット	さて、“居酒屋逍遥”シリーズ・・・鮮魚居酒屋“いづつ”を出た後、二次会へと向ったのが、知人の行きつけのJAZZ ショットバー“FUNK(ファンク)”・・・ここで、思いがけない鮮烈な印象の一瓶と“初対面”したのであります・・・
ゴルフ	ショット	初日はショットがあまり良くなかったため、アプローチやパターで何とかごまかしての7位タイスタートでしたが、最終日はショットが調子良く、16番ホールを迎えた時にはトータル4アンダーでいつの間にかトーナメント・リーダーになっていました
その他	ショット	モロにBF団な敵組織のショットも吹き出したし、仮面キャラの画で「父さんの声が聞こえるよ」歌ってたり、いったいどこまでが本気なのか(100%本気なんだろうけど)、スタッフのやる気度高すぎ
ゴルフ	ショット	続いてアドレスからテークバックでの●●●の動きを意識す るようになり、酷い手打ちのドライバーがしっかり●●●でリ ードできる力強いショットができるようになりました
酒	ショット	それからのお付き合いだ、、、、、、お店の名前は なおえつ WHITECATS ショットバーだ、音楽を聞きながら色々な洋酒、カクテル、生ビール、等が飲める、わたしも何度かお邪魔したが、ついつい色々なウイスキーを味見したくなる、、、、値段も貧乏な私でさえも、こんなんでいいの、、、
ゴルフ	ショット	極めつけは、最終日の15番Hper5、葉っぱだらけのライの悪いとこからのセカンドショットなんか、あと50cm短かかったらハザードに入ってるとこやで
ゴルフ	ショット	今週からパター月間ショットの時の手の位置動きに変化が有りすぎた為パターには気を使わずにいたがパターこそ一体になって考える動きが必要かも知れないと反省
その他	ショット	売切れ『月刊 アニメディア 97年6月号』500円、表紙:名探偵コナン 時計仕掛の摩天楼、別冊付録:人気アニメ・ポスターブック、●スーパーショット写真館(スレイヤーズTRY、金田一少年の事件簿、超者ライディーン、逮捕しちゃうぞ、MAZE☆爆熱時空、新・天地無用
酒	ショット	元々これは酒を暖めつつ空気となじませなければ香りが立たなかったころの名残であり、現代のもともと香りの強いブランデーはショットグラスで飲んでもほぼ変わらないため、この動作には何の意味もない
ゴルフ	ショット	先ず、ティショット左右OBだが特に右のOBに注意、狙い目は左バンカー方向、すこしぐらい左にいっても大丈夫だが打ち下ろしの為にフルショットは厳禁
その他	ショット	ショットをつなぐテンポも快調で、エイミー・マンの音楽を映像化したというだけあって、勢いよく流れる音楽に合わせて流れる映像をつなぐスタイルが非常に印象に残る
酒	ショット	ズブロッカの回し飲み・ショットガンの飲み方伝授(いつの間にか通じるようになってた)・フォアロゼの赤ビンとプラチナがどんくらい違うか・こっそり持ち込んだジェムソンを飲ませる
ゴルフ	ショット	2打差の首位で最終日スタートした米山みどりが、安定感十分のショットに加えパットもさえ、4バーディー1ボギーの68で回り、通算6アンダー207でツアー初優勝を果たした
その他	ショット	先日にコードネーム “Eaglestone” なるものが公開されたことをお伝えしました が、今回は、以下の環境下でスクリーンショットをとってみたので、公開いたします
その他	ショット	このころは無骨な高層建築がなぞ無い美しい街並みであった 昔々6 冬期札幌オリンピックの時の雪まつりの1ショットこの頃に地下鉄が初開通したが、今では市中心部まで車ですぐの場所でも当時畑の真ん中の侍従の住んでいる地域には全くの恩恵がない(当然
その他	ショット	さらに、同社の飛行機には4人の客室乗務員が搭乗しているが、スリーショットの撮影時にはカメラの撮影に1人、被写体に1人の最低2人が必要なわけだから、客室には必要な乗務員の半数以下しか配置されていなかったことになる
その他	ショット	ハイビジョン映像のフルHD解像度(1920×1080)から映し出される最高の映像、そして"前からショットの音が、後ろからギャラリーの歓声が・・・"のような立体的な視聴環境を可能にする5
その他	ショット	スクリーンショットの画像ファイルはテスト環境マシンに、手順を書いたテキストは手元のマシンに、そして完成品にするWordファイルは文書サーバーに置いているので、ケーブルを抜いた途端に泣き別れ、これでは全然仕事にならない
ゴルフ	ショット	その次にはセカンドショットがどれだけ確実にグリーンを捕らえるか、更に次にはティーショットがどれだけフェァウェイを捕らえるか、という段階になります
その他	ショット	今週のジャンプのフォルス説明のところにあった戦闘画面のスクリーンショットで「~FLAME SORCERY~フレアショット」って技があったけどあれは誰の技なんですか
その他	ショット	セイゴ、フッコではなくスズキサイズがヒットしてもいいように、私は10ftのブローショット(スミス)とアトランティス(ホワイトフィッシャー)を使っている
その他	ショット	サンダルを履いた女の足元、部屋一杯に掛けられた服一つ一つを追うショット、そこに横たわる 男の姿に独房に横たわる父親が重なるシーンなど、印象深い映像が多い
その他	ショット	芸歴37年目にして初めて映画主演を務めた『ディア・ドクター』で主演男優賞に選ばれた笑福亭鶴瓶に加え、この日の授賞式では、昨年度の主演女優賞・木村多江とともに司会を務めた本木雅弘、特別賞を受賞した『釣りバカ日誌』シリーズの西田敏行、三國連太郎と、同映画賞の主演男優賞受賞者が一堂に会す貴重な4ショットも実現
ゴルフ	ショット	ショットが乱れて苦しんだみたいだけどパットが気迫に満ちていたもんね (・∀・)b ⇒最新ゴルフ理論「NBSゴルフトレーニング」〜56日の変身〜酷暑(酷暑
酒	ショット	そこで、ゆめてらすでは、広島地酒の良さを知ってもらうため、1階物産コーナーの一角に酒ショットバーを設け、約25銘柄を3カ月ごとに入れ替えて楽しんでいただけるようにしています
その他	ショット	※料金には、食事(舟盛り、天ぷらなど豪華料理)飲み放題(ビール、お酒、ワイン、焼酎、ソフトドリンク)と、乗船料、クラウス選手・城戸選手との3ショットポラロイド撮影などが含まれます)
その他	ショット	このため、今回の立体視画像とその後、地形カメラの片方のカメラで観測できたデータが「かぐや」の地形カメラで撮影した月面のラストショットとなります
ゴルフ	ショット	はじめたきっかけは、藤波さんに誘われたからだけど、全くの初心者がいきなりコースに出て、まぐれでいいショットを打っちゃったもんだから、まんまとハマっちゃった
その他	ショット	パンフみたいな写真集にちょっとしたトークとささやかなお歌にしょぼいケーキとお茶と2ショット撮影がついてン万円のお茶会に400人以上集めるキタって
その他	ショット	また主人公カコが横たわっている「あるシーン」では、全体像を見せる俯瞰ショットを意図的に排除し、クロース・アップのショットを畳み掛けることで観る者の心を不安へと駆り立てる映像演出をとっています
ゴルフ	ショット	また、基本的な操作であるはずの「ボールに向かってラケットを振りかぶるテイクバックの動作に入ってから左スティックでショットの方向を決める」という操作のタイミング自体が難しく、これに慣れるまでに1シーズンや2シーズンを費やすのは珍しいことではありません
酒	ショット	【焼酎(ショット/カラフェ)】・・・・本格芋焼酎大神紅あずま・本格麦焼酎西の星25度・本格芋焼酎白木屋・本格むぎ焼酎白木屋・焼酎綺羅星・むぎ焼酎白木屋・琉球泡盛大神
ゴルフ	ショット	症状: またまたバンカーショットを見てもらう予定だったが、バンカーの場所が他のグループに占領されていたので、急遽アイアンのトップを見てもらうことにした
ゴルフ	ショット	ティーショットなどの際、右や左にOBがある場合、当然そのOBを避けてショットしようとしますが、そんな場合に限って球がOBゾーンに飛んでいってしまった、という経験をしたことのある人はいませんか
酒	ショット	基本ショットバーなのでお酒と軽いおつまみだけですが、昔から懇意にしてくれる「某味の札幌系」店主さんから仕入れた味噌カレー牛乳ラーメン(カップね 笑)と、同じフロアに入っている「ヘバラギ」さん(韓国料理)のメニューを出前してもらえます
ゴルフ	ショット	二つのゴムのリングに挟まれたムーブメントはケース内部で浮いたような状況となり、バンカーショットや強いインパクトのショットの時など、ゴルフプレイ中の衝撃から時計を守ります
その他	ショット	オイスターショットに始まり、手の込んだ鮨ロールを色々、お刺身、ステーキ、ソフトシェルクラブ、カラマリフライ、ステーキに焼きそば、ワインを2本空けて、食後にはデザートワインも飲んで、(私は飲めないが、、、)日本人シェフによる手作りケーキ5品、紫芋とココナッツと抹茶のアイスクリーム盛り合わせとコーヒーまで飲んで大人6人子供2人で210ドルでした
酒	ショット	薩摩焼酎セラーでは、幻の焼酎と言われている「森伊蔵」「佐藤」を含め、鹿児島県内の薩摩焼酎蔵元全104社、170種類以上の焼酎を取り揃え、全ての焼酎が黒じょか一杯分のショットでお楽しみ頂けます
その他	ショット	そしてなんといっても、マリヤ像のシガレットケースのショットから繋がれた山田が官軍将官の元へ現れた時の、急須やコップに仄かに光る十字、ラスト付近で官軍将官のサーベルに光る十字・・・しびれます
その他	ショット	そんななかでも負けられないロッシはしっかりとセッティングを詰めてポールポジションを獲得し、ホールショットはバロスに奪われたもののすぐにトップに立ち、そのまま後続を引き離しての優勝
その他	ショット	ここ数年、ヘレスのアーティストとの共演も多く、これは昨年のヘレスフェスティバルで活躍したアーティストへの表彰式に駆けつけました時のワンショットです
ゴルフ	ショット	第2ヒートでは、第1ヒートに続いてホールショットを獲得した「Team SUZUKI」の小島庸平選手(#44 三重県 22歳)に続き、1周目を2位で通過する好スタートを切った熱田選手が、小島選手の背後につけてプレッシャーを与え続ける走りで周回を重ね、6周目の7番ポスト付近で小島選手をかわしてトップに浮上
その他	ショット	あとブロッキングも木につかまってぐるっとまわったり、俯瞰ショットで思わぬ方向から人が出入りしたり、横移動ショットで画面のしたからまたは上から人が入ってきたりする空間的な遊びはおもしろい
その他	ショット	北海道ネット通販 【Fショット】選手写真を販売中です ファイターズ選手の写真販売サイト「Fショット」では、プロカメラマン撮影の貴重な写真を販売しています
その他	ショット	もうひとつのエアコキ戦で最近ショットガンを持ち込む方が多く、見ていると嬉しくなっちゃいますね~私もこのpmcの方同様marui製のM3ショーティー持っておりますが、ストックを早く海兵隊ストックに替えたいのですが、値段を見ているとまだまだお高いですよね
ゴルフ	ショット	と言われそうですが、私、ショットもクラブ選択もキーボードなもので、キーボードから唯一手が離れるアイテム選択のタイミングがどうもしっくりきません
その他	ショット	『招待』は6月ショットショート国際短編映画祭の競争部門にも進出したことがあり、ユ・ジテは国内外の映画祭の招請を受けて監督としても位置づけをしてきている
その他	ショット	湖の向こうにマチャプチャレやアンナプルナの山並みを望むショットは、ガイドブックなどで必ずといっても良いほど取り上げられており、ネパール随一の観光地となっている
その他	ショット	実のところ、ショットで地上物も破壊できるので、「高さ」を感じさせる演出はもしかしたらナンセンス なのかも知れないが、そこは縦シューに歴史ありってなもんで、「スターフォース」以降散々 地上と空中の敵が同一ショットで破壊できるゲームを見ていると、そういう事実を受け入れつつも自機の 「高度」を感じさせる演出に「ほほう」と思ってしまう自分がいるのだ
ゴルフ	ショット	いずれもアスリートゴルファーの方から依頼を受けた形での仕事だったのですが、作業内容は、まず依頼者の要望その他を取材し、クライアント(依頼者)の身体的・また体力的な面と、ラウンドに同行して見させてもらった各番手のショットとその傾向を把握した上で、クライアントから預かったゴルフクラブを計測してスペック一覧表を作成します
その他	ショット	映画「プラトーン」「ホット・ショット」など、幅広い芸域を誇る人気俳優チャーリー・シーンが主演、自身をセルフパロディ化したかのようなキャラクターを好演して、01年には見事ゴールデングローブ主演男優賞を受賞した
その他	ショット	スタイリッシュにドレスアップしたフィオナは会場の祝賀ムードに華を添えたものの、終始、ジェイシーとは距離を保ったままで2人の間には会話もなく、メディアからの2ショット撮影要請にもジェイシーは「聞こえぬふり」
酒	ショット	「A RIVER RUNS THROUGH IT」(ロバート・レッドフォードが監督して、ブラッド・ピットが主演した映画である)ではジョッキに入ったビールにショットグラスに入ったバーボンを沈めるやり方でボイラーメーカーを飲んでいたし、「がんばれ
その他	ショット	ぉ仕事ぉっヵれまでス写メぁリがとぅござぃまス素晴らしぃ2ショットでスねぇぇぇ大切にしとこぅと思ぃまスパズルの撮影ゎ大変な環境の中本当にぉっヵれさまでス楽しみにしてルのでがんばって下さぃ花盛リの方も両立させててハードスケジュールになってぃルと思ぅのでが身体に気を付けて下さぃね十分な栄養と十分な睡眠を心がけて下さぃずっと03応援してまス因スキでス
酒	ショット	これはKやトロちゃんは知っているだろうが、英国在住時、さんざん「テキーラ5ショット一気飲み」や「ウィスキーのカールスバーグ割」などで『鍛えられた』ので(念のため言っておきますが、英国では飲酒は18歳からOKです)、キャパシティは意外とあるのだが、今では平方さんは家では殆どアルコールを飲むことは無い
その他	ショット	ツーリングではなんとか付いて行きます状態のさきちも、飲み会では酒吉に変身して大活躍\(^O^)/、得意の携帯電話で、ゼル、タケ、グン三人のむさ苦しい、改め、すがすがしい(違っ)スリーショットを撮ったりしてました、、、、、、、、、、、
その他	ショット	前日はサイトで比較的簡単に釣れましたが、今日は朝一から見える魚、ボイル共に減っていたので、少し深いレンジ(2〜4mくらい)をダウンショットで釣って400g前後の魚で揃えました
その他	ショット	自分は、この1回しか撮影していませんが、他の皆さん撮影されているショットを見ると、れなさんをドンドン撮りたくなりますね 気に入って頂けましたら、クリックをお願いします
その他	ショット	【本書の内容】●注目メンバー 10000枚から選んだ“神ショット”&気絶寸前インタビュー昨年TOP10に入ったメンバーのベストショットを10000枚以上の写真からセレクト
ゴルフ	ショット	快晴ながら松林の上を吹く読みにくい風と速いグリーンに苦しみ、良い流れを作ることはできなかったが、上位は混戦模様なだけに、ショットとパットが噛み合えばまだまだ優勝圏内と言っていいだろう
その他	ショット	これだと富士山が見える確率が高いので、ラストショットは富士山バックのお立ち台ポイント・函南〜三島間の、通称「竹倉」のポイントから狙う算段でした
ゴルフ	ショット	フロントにホールショットを履いた方がより曲がるようになるのですが、人工芝の部分で運転が難しくなるので、今回はインサイドジョブをチョイスしました
ビデオ	ショット	ロングショットならば特に絞りを設定しなければ登場人物全員は鮮明に写されるが、左のようなミディアムショットになってくると、他の人物はピンボケになる
その他	ショット	敬太と由理の二人のショットの時、一瞬カメラのフラッシュのような光が入って、映像がズレるのが気になってたんだけど、アレは写真で二人の運命が変わってしまう事を意味してたんだね
その他	ショット	[PR] バストアップ・エクササイズ 今年8月、フライデーに彼女が買い物をしているプライベートショットが掲載され、一時太っていましたが、昔のようなスタイルに戻っていました
その他	ショット	例えば従来機のスクリーンショットを見るときは画面モードを640x480にして、しろクリのスクリーンショットを見るときには1280x1024にする
その他	ショット	「裸を人に見られたらはずかしい」と今は普通に思われているが、そうではなく「ラスト・サムライ」の映画に、ワンショットではあるが、沐浴シーンを見られても、恥ずかしがる事無く普通にふるまって対話する場面がある
ゴルフ	ショット	その名のとおり、ジグヘッド、ダウンショット、ジグヘッドワッキー、ネコリグはもちろん、ノーシンカー、キャロなど、ライトリグに分類されるあらゆるリグに対応するマルチなデザイン
ゴルフ	ショット	タイトルの通りなのですが、ゴルフのプレイ中にコースから外れた球をフェアウェイに戻そうとある男性がショットを打ったのですが、このショットが元でゴルフコースが燃え上がるという事件がありました
ゴルフ	ショット	難しいピンの位置でパットに苦労された方が多い中で、無心にパットをし(本人談)好調なショットを持続された「坂尾 隆さん」が、5アンダーで優勝の栄 冠を勝ち取られました
その他	ショット	デビューシングル「琉球ムーン」、アルバム楽曲「ふるさと」、セカンドシングル「めぐり逢えたね」3曲のプロモーションビデオとそのメイキングに加え 音景色というタイトルにふさわしい音楽活動にまつわるオフショットや プライベートショットとして 愛犬とのふれ合いなど を収録
その他	ショット	ふたりともよくショットについてのアイディアを思いついたし、デジタルカメラでシーンのスケッチ用に写真も撮ったけど、それと同じショットを作品のなかで使うことはほとんどなかった
その他	ショット	1階「ワインバー」の入り口での「ワンショット」です・・・あでやかな振袖が「今風」のモデルさん達の着こなしで、より一層「華やかに」映ります・・・
酒	ショット	おしゃれで気さくなお店ですお昼頃から夕方軽食カラオケ 夕方から深夜居酒屋価格でショットバーだけどお客さんのノリデ カラオケ がんがん歌える 不思議と楽しいお店
ゴルフ	ショット	男子プロゴルファーの室田淳(53)が3日に行われた千葉オープン最終日のプレー中、ミスショットに腹を立て、蹴り上げたクラブが女性ギャラリーの体に当たって失格処分を受けたことが分かった
その他	ショット	上記の、オエっと人の体からでてきたもの風なショットからは、まるで、パンケーキみたいなベージュと白とグリーンのカビみたいなもの、そしてDellのロゴが
酒	ショット	・Shot Bar XANADU 【バー・パブ/ショットバー】 ドアを開ければ優しい青光が一瞬にして体を癒し優しい気持ちにしてくれる、そんな都会の隠れ家があります
ゴルフ	ショット	ハーフショットと呼ばれる「1/2」ではトップの位置を腰の高さにし、スリークォーターショットと呼ばれる「3/4」では、右肩のあたりでトップを完了します
その他	ショット	須賀邦彦さんのイラストもすごくきれいで、特に3の口絵イラストのほほえましいツーショットは、文中にも登場する素敵なショットなので、何度も眺めてうっとりしてしまうくらいです
その他	ショット	この映画でとくに美しいショットとして、マリー・ジランと若い女優がたそがれどきに窓の前で向かい合うシーンがあるんだが、そのシーンで彼の仕事の仕方がよくわかる
その他	ショット	(以下のスクリーンショットを見て下さい)私は、“move”方法で、しかし、それdoesn’tがSpringBoardページのスクロールすることに影響するようであるときにアイコンを少しのlaggyにして本当に、アニメーションの壁紙がすることに気づきました
その他	ショット	さらに、お気に入りのショットについては、「スタッフさんたちと1番笑いながら撮影したので“手ブラ”のショットが1番気に入っています」と満足げにアピールした
ゴルフ	ショット	●商品発送についてライが悪くても安定したショットがのぞめる前Tdシリーズの良さを凝縮して、フェアウェイウッドの飛距離とアイアンの上がりやすさを融合
ゴルフ	ショット	:メンタルバランス」:ミスショット防止」:飛距離アップ実力派現役ツアープロコーチ、植村啓太とゴルフヨガの提唱者、岡本佳保里がナビゲーターとなり、
その他	ショット	○油圧機器用鋳物をメインに生産する中、複雑な中子形状の鋳物の生産を積極的に行い、お客様の要求に合った清浄処理(コーリン処理、ハンドショット)に対処出来ます
その他	ショット	[14]《パン繋ぎ》とは映画学者・加藤幹郎の術語で「水平運動する被写体を同方向に短いパン[中略]で追ったショットを複数回」接続する編集技法である(加藤幹郎「殺陣の構造と歴史」、京都映画祭実行委員会編『時代劇映画とは何か』[人文書院、1997年]、173頁)
その他	ショット	)夫妻と撮った写真と やはり去年ゴールデンウィークのジャッキー(成龍)のファンクラブの旅行の派対(パーティー)の 時に成龍と一緒にスリーショットを撮った写真を入れて、リビングルームに飾っています
酒	ショット	生(き)で飲むときにはウィスキー用のショットグラス、ロックなら氷の当たる音色が美しく響くグラスを、といった風に、グラスについても工夫すると楽しいでしょう
その他	ショット	関西大倉高校のオフェンスフォーメーションは、ショットガンとセットバックを併用し、さらに、ショットガンでセットしつつ、QBがシフトしてセットバックに変わるというパターンを多様した
その他	ショット	「カメラは拳銃、レンズは銃口、8ミリで 連続的にBANG BANG・ショットした コマ撮りドキュメンタリー『BANG VOYAGE』大学の研修旅行も奥山の手にかかるとダイナミックな映像の宇宙になる
酒	ショット	そんな条件のBARで、ショットで飲めるお酒の種類が豊富なのが〝ショット・バー〟で、カクテルを〝売り〟にしているのが〝カクテル・バー〟、そして酒の肴として手作りピザといったお店自慢の一品料理や、軽食も楽しめるのが〝カフェ・バー〟という区分になっているようですが、店のネーミングはあくまで
バスケットボール	ショット	そんな中、シャンソンは今シーズン418得点を決め、206本の*1リバウンドを獲得して、得点王、リバウンド王になったフォワードの永田睦子と*2ブロックショットの多さに定評があり、今シーズン日本に帰化した韓国出身のハン・オンジュが軸となり、今シーズン全21戦中、日本航空に2敗したものの残る試合を全勝して、19勝2敗の1位でプレーオフ進出を果たしました
ゴルフ	ショット	力の入った決めてやるぞショット(ウィニングショット、orウイナーと言うらしい)や、何んでもかんでも力を入れて打ち込みたいガムシャラショットによる余裕のないフォームでミスショットのオンパレード
その他	ショット	もともと映画館で上映することを考えて作ったわけじゃなかったから、俯瞰ショットや超クロース・アップを多様するなど、カメラも趣向を凝らしており、ギャロも好き放題やったというが、アンジェリカ・ヒューストン、ロザンナ・アークエット、ミッキー・ローク、ジャン・マイケル・ヴィンセントなど、名のあるスターもチョットだけ参加しているため、アート映画の域を越えた娯楽映画になっている
その他	ショット	例えば、ラクダに乗ったおやじが「俺を写真にとってごらん」といい、良いショットなので撮影するとラクダから下りてきてバクシーシ、遺跡をバックにカメラのシャッターを押してもらうとバクシーシ、トイレに行くと紙を持ちながら待っていてバクシーシ、道を教えてもらうとバクシーシ、極めつけはただただ物乞いとしてのバクシーシである
ゴルフ	ショット	超短いミドルで残り50Yなんだからフルショットすりゃいいものを びびってスリークォーターで打っちゃって手前の超いやらしいバンカーに入れたり・・・(泣) 下りのチップショットで使ってみれば大ショートだし(号泣) 53度のみで色々やったほうが結果的にはよかったりします
その他	ショット	タイで撮影を行った元気な水着ショット満載の写真集に、前田は「セクシーな体形じゃないので、セクシーカットじゃなく“無防備カット”って言ってほしい」と照れ笑い
ゴルフ	ショット	ラウンド数や練習の少ない「月1ゴルファー」が、平均スコア85の壁に立ち向かう土台を作るには、この「ドライバーとアプローチの考え方」で、「ドライバーでOBを重ねないこと」と「アプローチでザックリやトップを繰り返さないこと」が基本鉄則ではないかと思いますので、以下の「ドライバーショット編」と「アプローチ編」で具体的なポイントを確認して下さい
その他	ショット	5 東京ファンミでソン・シギョンの「二人」を歌っているシーンとそのあとの感謝のメッセージシーン、そして、スタッフさんの紹介ショットと、最後には"じゃがりこ"インソン君も登場
その他	ショット	新婚旅行で使えるデジタルカメラレンタルセット通りすがりの人に2ショット撮影をお願いしやすいカメラセット●新婚旅行でのカメラ撮影は自分で撮るだけでなく、2ショットを誰かに撮ってもらう場面も
その他	ショット	また、各チーム成績最下位者1名と残りのチームメートが解答者で、3チームによる早押し形式となる「2ショットクイズ」は、出題された問題に対して、答えの前半をチームメートが、後半をチーム成績最下位者が解答
その他	ショット	「イージーライダーのピーター・フォンダだって、死ンじゃいないンだぜ」と豪語したのですが、たしかに、「イージーライダー」のラストシーンは、ハーレーが吹っ飛ぶショットだけで、ピーター・フォンダが撃たれたショットはなかった
その他	ショット	閉じこめられる前に相手がショットを撃っていた場合、コフィンがヒットしても相手の弾は消えないので、閉じこめただけで刹那がショットを食らってしまう
酒	ショット	北見市でこのほど開かれた「第8回東北海道バーテンダーズカクテルコンペティション」(日本バーテンダー協会北海道地区北見、帯広、釧路、網走支部主催)で、帯広市内のカクテル&ショットバー「エー・グラス」(西2南10 フジモトビル2階)の柴田輝さん(37)が3位入賞を果たした
その他	ショット	野田先生はセンスの良さで欲しいメイクを即座に創ってくれ、カメラマン山室さんとは友達のよしみからリラックスすることが出来、山室さんがレンズに見る映像と野田先生の映像のイメージがとても共有できていたため、野田先生の手直しや山室さんのショットは的をついたものとなり、あり得ないスピードで撮影は進められ、無事に全てのアイテムを撮り終えました
ゴルフ	ショット	女子選手がコートで叫び声を上げるのは、集中力を高めたり、全身の力を込めてショットを打ったりするためで、1990年代に活躍したモニカ・セレス(米国)が始まりとされる
その他	ショット	また、前回のプレビュービデオでは銃を使ったシーンだけが収録されていたため少し不安になったのですが、事前に流れたスクリーンショットどおり、剣を使っての戦闘も含まれているということです
その他	ショット	【ドイツショット社製ガラストップコンロ】キッチンにはデザイン的にも美しく、サッと拭くだけで簡単にお手入れもできるドイツショット社製のガラストップコンロを採用
酒	ショット	入場するともらえる「Deep Sessions」のロゴ入りショットグラスで注いでもらっては飲み、飲んだらウォーターサーバーの水を飲みつつグラスをすすぎ、また注いでもらう
その他	ショット	オープニングにしても、パーキスターンの軍事収容所で強制労働させられた囚人たちに化学兵器を混入した水を飲ませての生態実験というもので、なにしろドアタマのショットが水に溶けゆくグリーンの化学兵器がパーキスターン国旗に二重写し
その他	ショット	上のスクリーンショットでは kterm 2つ(大チャチャ様とログが表示されている分)とxloadの一つが実際にはリモートで動いていますが、何の分け隔て無く利用することができます
その他	ショット	最初の青空入りの一枚とどちらを選ぶか悩んだんですが、こちらをベスト☆ショットに選出しました♪ 衣装をリアルな色調で捉えることは非常に重要ですが、それ以上にコスさんのベストな表情を捉えていることが肝要かと( ̄ー ̄)b☆
ゴルフ	ショット	しかし、「ほんっと、僕ってショットがヘタクソでねえ」と、落ち込む素振りは微塵もなく「でもだからこそ、まだまだ自分は上手くなれると思えるし、練習して上手くなっていくことが、僕には楽しくてたまらないんですよ」とあっけらかんと笑う
ビデオ	ショット	佐藤順一監督はその技量を存分に発揮し、劇場映画ならではのロングショットを巧みに織り交ぜながら、シリーズに触れたことのない者をも惹きつけてやまない傑出した短編映画に仕上げている
ゴルフ	ショット	ドライバーショットは「真直ぐしか飛ばない」と公言して憚らないくらい安定してきたし、前日は会社を休んでクニオさんと練習場で2籠ずつ打って、万全の状態で臨んだのだった
酒	ショット	しかし、当初はショット・バーというよりもカフェ・バーだったようで、1990年代にやっと本格バー(酒がメインのバー)や、それを少しカジュアルにしたショット・バーの時代に入り、現在に至っています
ゴルフ	ショット	強風が吹いていると、良い成績が残せるような気がするんです」ゴルファーにとってショットに影響を与える強風は好ましいものではないハズなのだが「僕が育った沖縄では、強風の時が多いんですよ
ゴルフ	ショット	対してバンカーのアゴ近くからとなった申選手の第2打は、距離を欲したのか、TV画面でもややロフトの立ち過ぎているのが解るクラブを持ち、放ったショットは土手に当たってその前のラフへ
ゴルフ	ショット	その一方で、体格に恵まれていない160cmくらいの力のない男性でも、また60歳を過ぎた方でも250ヤード以上ものショットを放つゴルファーはいます
酒	ショット	まあ飲んだといってもウイスキーをショットで2杯だけですし、 ひょっとしたら元からあまり正常な人では無いのかもしれませんけど、 そこはあえて突っ込まないのが大人の対応というものです
その他	ショット	■そうした話に至ったのは、思い出したが、映画批評誌『nobody』(29号、2009年2月)に掲載された廣瀬さんの文章「ショット / 切り返しショット、ゴダール / レヴィナス」を青山さんが取り上げたからだった
その他	ショット	(4)溶断シールトタニ技研工業(株)製のサイドウエルド製袋機HK—65Vを用い、溶断シールバーの設定温度、ショット数及び溶断シールバーの先端部形状を表1に示すように設定して、フィルムに溶断シールを行い、幅200mm×縦400mmの袋を作製した
酒	ショット	「新郎に飲ませてべろべろに酔っ払わせる」ということがテーマだったのですが、新郎がショット(アルコール度数が高いお酒をショットグラスに入れて一気に飲む)は一切やらないと拒否し、まったり飲みに
酒	ショット	公平にかつリーズナブルにマジックバーを楽しんでいただくために、従来の飲み放題制から、1ドリンクいくらというショット制に変えさせていただくことになりました
ゴルフ	ショット	まず、パッティングをしている写真が掲載され、そして音声部分の冒頭で私のナイスショットした打球音と同伴者の「ナイスオン」の掛け声で始まり、私やDGA理事長等のインタビューでこの会の活動目的・内容等が明らかにされ、最後に私から同じ障害を持つ人へのアドバイス「自ら一歩前へ踏み出そう」で締めくくられています
ゴルフ	ショット	グラウンド・ゴルフやゲートボールとは違い、思い通りにボールが飛ばず最初は悪戦苦闘していたが、時間が進むにつれ慣れてきたのか、数々の「ナイスショット」が飛び出た
ビデオ	ショット	『一本勝負の螽蟖(キリギリス)』 (1988年/11分)~~ 400フィート巻きのフィルムを詰めたカメラが家の中をワンショットで巡り、勝丸の日常と妄想とを白日の下に曝け出す個人映画
その他	ショット	ワンクのブログの昨日のエントリーにTOSHIとの2ショット写真が掲載されているんだけど TOSHIほんとに別人みたいなんだよね 誰かおじいちゃんみたいって言ってたけどほんとそんな感じ
ゴルフ	ショット	特にアイアンショットでは顕著で、前傾姿勢(スパインアングル)を崩さずに、左サイドへ体重を押し込んで、圧縮した分厚いインパクトを作り出しているのがわかります
その他	ショット	写真は、あまり無駄なショットは撮らないようにして、枚数も控えるし、 ストーリー性を考えることもないが、 ビデオの場合は、どの場所でという導入 部の映像も入れたほうが良いと考えたので、 レンズを向ける対象も自ずと変わ って来るものだ
その他	ショット	どのような局面であっても一定の精神状態を保ち続けることが安定したショットをする上で重要となることから、ビリヤードはメンタル・スポーツであるとされている
その他	ショット	PSPの本体上部に付属の小型のデジタルカメラレンズユニットを接続し、静止画(640×480、480×272のJPEGファイルに変換)と動画(撮影時間15秒まで、AVIファイルに変換)をデジタルカメラ同様に撮影できる他、付属のソフト「ちょっとショットedit」を活用することによって、写真にフレームを付けたり、編集をして楽しむことが出来る
その他	ショット	押切もえ&スザンヌの2ショット写真はこちら ゼスプリでは、毎年9月14日を「グリーンデー」と称し、日ごろの感謝の気持ちを伝える日と提唱している
ゴルフ	ショット	最初の頃はグリーンに近づくまでに、ミスショットの連続で既に5やら6は叩いてるワケです(; ́Д`A そのミスを少なくする為にかなりの努力と時間が必要なんです
その他	ショット	はじめはショットの使い走りのようなことをしていたが、ショウとガラリアが地上に行っている間に経験を積んだらしく、第21話「逃亡者リムル」ではビランビーを駆る一人前の騎士として、父と弟二人を率いて逃亡者リムルを追う
その他	ショット	たとえば、映画の半分が一室の中での出来事なんだけど、いちいちカメラワークが違っていて、一部屋の中にいくつものドラマがみえるし、一コマ一コマどのショットをとっても絵になる
その他	ショット	ホールショットをタカテルが奪い、佐合、中島、そして今年からmoto1参戦開始する元GPライダー芹沢太麻樹といったレース巧者が後方から好スタートをみせた
酒	ショット	又、外国人教師にしても生活は決して楽とは言えないようで、知人が営むショット・バーには近所のスーパー・マーケットで購入した冷凍ピザを持ち込み焼いてもらうことにより、少しでも飲み代を浮かせようとささやかな努力をしている一人の外国人講師が時折来ていました
その他	ショット	前に働いてたこともあって、その時はエスプレッソショットのテストをするっていう名目のもと、ダブルショットにホイップとキャラメルソースをかけたのを自分で作って飲んでました
その他	ショット	レーマン=ヴィレンブロック艦長が『Uボート』の撮影中、スタジオに訪れたという話、写真で確認できるのはユルゲン・プロホノウと監督とレーマン=ヴィレンブロックと言いましたが、正確には監督ではなく、ヴェルナーとの3ショットでした
酒	ショット	ここ、ようするに飲み物・つまみすべて300円均一という低価格ショットバーなんですが、ユニにとっては思い出深いというか、はっきり言ってユニ発祥の地といってもいいくらいの場所です
その他	ショット	そして、マスコットの「ショット君」とは、日本に鉄道技術が入って来た明治時代に外人技術者が、日本人作業者に対して「ショット(突け)・ショット(突け)」と言ったと言われています
ゴルフ	ショット	まだ、初めて間もないこともあってかショット自体は安定性はないものの、随所にいいところをだされて、ひろちゃんも出せなかったパーをなんと2回も取っちゃいましたねっ
その他	ショット	しゃがみショット中に方向キーをニュートラルに戻した場合、レッドは立ちショットの状態に移行するが、ブルーはそのまましゃがみショットの状態を維持し、ショットボタンを放さない限りしゃがみ状態で左右にしか撃てない(武器が基本8方向のみに撃てるタイプの場合
その他	ショット	だが、実際のところ、映画のサイレント期において最低限の状況説明や台詞の必要性から、ショットやシーンの連続性を犠牲にしてまでインタータイトルが挿入されたように、言葉は往々にして秩序の楔として映画に打ち込まれてきた
その他	ショット	様々なミュージシャン達の貴重なショットやエピソードも満載で、音楽も映像も非常にスタイリッシュで、デニス・ホッパーやスティーブ・マックイーンとの親交についても語られ、映画ファン、ジャズファンどちらもが興味深く楽しめる内容が好評でした
その他	ショット	4万件っていうとどれくらい詳しくなるかというと、このスクリーンショットからもわかるとおり、「アイオワ州」ですら5個もダジャレが用意されていて、そもそも「アイオワ州」という言葉を発音せずに一生をすごす日本人の方が多いんじゃないかと思いますが、何かあったときも安心ですね
その他	ショット	(寝たボリック・ネット歴1年4カ月)動画編HugFlashには、FLV動画のすべてのフレーム(コマ)のスクリーンショットを連続撮影する「静止画出力」機能が搭
その他	ショット	「ワンショット・ロケット」+チューナー以外のモンスター1体 1ターンに1度、フィールド上に表側表示で存在するモンスター1体を破壊し、そのコントローラーに破壊したモンスターの攻撃力の半分のダメージを与
酒	ショット	焼酎もショット単位(200元〜)で注文出来ますから(全ての銘柄がショット対応ではありません)、いろいろな素材を試してみるのもいいかもしれませんね
ゴルフ	ショット	みきは、ショットが良くてあんていしていましたまゆは、ショットがわるかったけど最後に良くなってきました今日から、リフティングの練習を始めましたさて、来週連続で何回できるかはっぴょうします
その他	ショット	18 グレードのある高級ソウルショット/スピリットショット/祝スピリットショット圧縮パックアイテム18種類とそれに関連する製作図が追加されました
その他	ショット	"The Blood Shot"「血液ショット」、あなたがちびちび飲むことができる血液のグラスがポッポッと音を立て進むか、または困った時の友に与えられていると発表します
その他	ショット	残りふたつのカメラ・ポジションは、それぞれの人間の状況、つまり表情や口の動きといった動作をとらえることに重点を置いた、いわゆるアップやウエストショットと呼ばれるフレームが撮影できるポジションになる
その他	ショット	4月の関西学院大学戦に続いて2回目の関西登場だったが、あいにくの天候にもかかわらず積極的にショットガンからのランパスは一段と精度が増してきていて、楽しみな存在になってきた
ゴルフ	ショット	爽快さをテーマにした打ち下ろしとフラットなライが続く解放感あふれるホールの数々(OUT)と芸術性をテーマにしたゆるやかな起伏と山々の展望が美しく、多彩なショットが試されるコース(IN)名匠加藤俊輔氏設計の大自然の中のリゾートコースは、戦略性に富んだコースで、挑戦意欲を掻き立てるコースです
その他	ショット	物質が高速で変化する過程をフェムト秒オーダーかつ原子スケールの時間空間分解能をもつ動的イメージング像としてシングルショットで観測するシステムを構築します
酒	ショット	NOISE TONE 【バー・パブ/ショットバー】 ただ飲みに行くだけに飽きてきた会社帰りのOLさんや サラリーマンが仲間をつれて集まる錦糸町のダーツバー錦糸町でOLさんやサラリーマンをはじめとして、
ゴルフ	ショット	よく出だしのホールでミスショットを連発してその言い訳で最初だからしょうがないとか、まだ体が回らないとか言ってる人いますが、私はそんな言い訳したくないし少しでも良いスコアでまわりたいと思っていますからね
その他	ショット	レース前のインタビューでも、ノリック自身 「 まずはホールショットをとって、自分のペースでレースをしたい 」 と語っていましたが、まさに有言実行
その他	ショット	アジアのTVや雑誌などで活躍中のタレントが、毎回限界ギリギリのセクシーショットに挑むシリーズ「Asian perfume」に、今回は台湾のイベントやCMなどで活躍中のリ・スーミンが登場
酒	ショット	ここでみんながやっていた酒の飲み方は、ショットグラスが一個しかなく、一気飲みして飲み終わったら隣に回してまたイッキと言う風に順々に回していくと言うもの
ゴルフ	ショット	でも、私の感覚では少なくとも2カ月は持ちますし、ファットコアは適当に打っている分には別として、チャンスボールをフルショットした時に手元にガツンと来るのが気持ち悪かったですねえ
その他	ショット	トリ演目『助六』では松助演じる街旦那が新海老さま(助六)と2ショットなんていって携帯電話取り出したり、マフラーに幅セマ眼鏡で話題のヨン様の物まね、"おーいお茶"なんていって海老蔵がCMしてる茶のペットボトルを飲んだりと、サービス満点で場内盛り上げる趣向もありで、歌舞伎界担う新海老蔵門出を祝う得出し歌舞伎となってる
その他	ショット	mokkori娘が飽きもせずに妻のお手伝いをしてるようです^^愛用の包丁とまな板で昨日煮物を妻と一緒に作ってくれました^^これは形式上のショットですね^^まだまだ、さすがに一人では^^ヘルしーな一品、てか、一品だけ^^;きっときっと僕の体を気づかってのことでしょう〜〜^^
その他	ショット	初期型のサーマクールは、熱々と強い痛みに堪え忍び(そのくらい強力な)100ショット程を照射していましたが、開発メーカーのその後の研究開発で、強い痛みに堪えずともより多くのショットを重ねることの方が良い結果が出るという臨床結果が発表され、当院では顔全体で400ショットをスタンダートにしました
その他	ショット	だけれども、あるシーンを執拗にリフレインするという手法は『バッシング』にも見られ、例えば占部房子が自分の住む団地の一階に自転車を止め、3階まで階段を上っていくその様子を、ちょうど彼女の後ろを追うようにカメラもまた階段を上りながらそれを捉えるというショットが顕著でした
ゴルフ	ショット	今年は、記念すべき第20回大会ということもあり、参加者は総勢145名という大きな大会になったため、スタートホールを1番と10番のほかに、6番と15番に設定して、ショットガン方式でプレーが始まりました
その他	ショット	目安箱に辰五郎のメッセージ入っていていそいそ出掛ける上様、左源太に船を用意させ汚穢船で城を抜け出し中ノ島橋上の岸に上陸(橋の欄干越しのショット)
ゴルフ	ショット	追加ステージ集の「ファイナルドゥーム」だと至近距離のショットガン戦から近〜中距離のロケラン祭りに変わっていくのだが、これまた壮絶で非常に楽しい
ゴルフ	ショット	そういえば・・・・・わたしが大学を卒業したころ、ある知人が、ゴルフのバンカーショットの最中には「頭が光るからバンカーにだけは入れるな」、夜のカラオケで下に置いた楽譜を見ながら歌っているときには「まぶしいからやめてくれ」といわれ、すっかりクサっていた・・・・・そんな光景が思い出されます
その他	ショット	まあまだちょっと隠されているとは言え佐之と斉藤のスクリーンショットを見ると、人気者の十本刀も登場していますけど、要はステージクリア型のアクションゲームってところなんですかね
その他	ショット	派手な戦闘シーンがない場合は、ゲッベルスは、「ショットを挿入し、テキストの調子を高め、先鋭的なものにし、映像の力が不足しているものをそれなりに補うよう試みるべく音楽を添えるよう工夫する」(四一年七月一六日)か、さもなくば完全に「その欠如を特に彩り豊かな伴奏音楽で埋め合わせる」(四一年七月二九日)ことを重視した
その他	ショット	NHK大河ドラマ「龍馬伝」では、宮迫博之さん、福山雅治さん、佐藤健さんのスリーショットを見ることができるのではないかと期待している方もいると思います
その他	ショット	近くの村へ出かける際には手榴弾・催涙弾・ショットガンなどなど、九十八パーセントくらいの確率で必要ないと思われる武器を持って行かねば気が済まないという、物騒極まりない性格
その他	ショット	金属成品の表面に、成品硬度と同等以上の硬度を有する20〜200μmのショットを0°C以下の低温圧縮気体を使用することで、金属成品の表面に対するショットの衝突による急激な加熱と0°C以下の低温圧縮気体が金属成品表面に吹き付けられることによる急冷により、表面の組織が微細となり、好適に強化処理することができる
その他	ショット	また、スタジオ(写真室・写場という)で中版カメラで撮る写真を記念写真と呼び、新郎新婦の2ショットを2~3カット、新郎新婦の家族、両家親族の集合写真を撮るのが一般的
ゴルフ	ショット	【全英オープン】ウッズ「パットがまったく入らない」: タイガー・ウッズの話 「今週はショットが本当によかったのに、初日以外、パットがまったく入らなかった
ゴルフ	ショット	ヒョウは、まあショットのときはまだ我慢できますが、グリーン上でボールにくっついて雪だるまのようになり、どっちへ転がるのかわからない状態になったのでした
その他	ショット	『映画の友 78年7月号』1700円 1301近代映画社 「志麻いずみ・片桐夕子ピンナップ」「最新作シナリオ公開 レイプショット・百恵の唇」「原悦子ホット・スペシャル情報」「おんなのオナニー学」表紙:樹れい子 並、ポスター欠
ゴルフ	ショット	高年大学16期園芸OB第18回鯱城ゴルフ会でした 雨上がりの森林公園ゴルフ場の一番スタート 豪快なKさんのショットでスタート 紅葉もチラホラと・・・
その他	ショット	それでも立派な下水道をつくったり、新道をつくったり、他にはふんだんに資金がありそうなので、その辺が本当は、最も大切なことのはずだが、下手にこの問題に首を突っ込み過ぎると、仕事を失いそうになった業者がショットマンを送りつける可能性もあり、影武者を雇うなど万全の対策が必要になって来よう
ビデオ	ショット	このクレーン・ショットによる長廻しの移動撮影はその後の様々な作品に大きな影響を与えましたが、爆発が起こってからは、手持ちカメラに変えることによってこの場の混乱した状況を効果的に撮影しました
その他	ショット	カメラ付携帯電話でも撮影機会やショット数が増加するこの夏休みシーズンに、デジカメだけでなくケータイで撮った画像も、フジカラーのお店で “写真にできること”をアピールし、ユーザーのお店プリント喚起を強力に図ってまいります
その他	ショット	その昔、アメリカのライヴ・ツアー中で、そりゃ、悪そうなヒト達と仲良くなって、移動の途中で森の中でショットガンやら、ピストルやら撃ちまくりましたが、標的に当たった感触とか癖になります
酒	ショット	)を引き連れ、スティンガーという同級生が店長のショット バー、黒糖焼酎しかおいてないという私の大好きなおじさまが経営する「OSAM E」にて全員集合そしてとどめは真っ黒いスープが自慢のラーメン屋「三養軒」にて 打ちあがったのでした汗)
その他	ショット	『ジョーズ』は鮫の主観ショットを多用、また、カット・バックや往来ワイプなどといった手法を利用し、中盤までは鮫の姿を見せずに第一級のサスペンスを醸成していたが、今作品ではそのようなサスペンスは全くない
ゴルフ	ショット	しかし、勝利の女神はお約束のファイナルまでは保たせてやろうと思ったのか、その無茶打ちショットが何本か予想外に決まって、ドロップのタイミングを失ったステパネクが逆に焦りだし、クエルテンは第4セットを奇跡的に取り返した
酒	ショット	茨城県取手市にある〈Virgin Cafe Y&T〉なるショット・バーのオリジナルで、そちらはどうやらウイスキー・ベースのカクテルであるらしい
その他	ショット	白いシャツのボタンをはだけ、鍛えられた腹筋をクールにみせたセクシーショットと、あぐらで座り、切なげに見つめるショット撮影は3月に都内のスタジオで、体調管理を行い、前日は食事を抜くなど並々ならぬ決意で臨む一方、撮影中は、「キムチ
ゴルフ	ショット	日本の大会なら72か73で止まっていたはずなのに」ショットは内容が良く積極的にピンを攻めていったが、大きなグリーン、そして幾重にもうねるフェアウエーに惑わされ、狙い通りのゴルフができなかった
その他	ショット	オリジナルでは森の中のお堂で若侍たちが話し合っているところから始まったが、本作には敵の侍たちが森の中から忍び寄ってくるというショットが加わっている
ビデオ	ショット	ここまでくると、若干白々しい気もしないでもないが、まあとにかくこの動画の中の、ロングショットで遠めに映る、「崖にへばりついてる緑のバケモノ」の画のシュールさを堪能していただきたい
ゴルフ	ショット	グリーン周囲には計6個のガードバンカーがあり、しかも奥に向かって2段グリーンになっているため、サードショットでも正確なアプローチショットが要求される
ゴルフ	ショット	では実際どのように対応したらいいかというと、ショットで待ち時間がある場合は、ティーアップ(ティーイングランドの場合)もせずクラブも持たず、前の組の状況を眺めたり、鳥のさえずりを聴いたり、雲の流れなどを見ているといいと思います
その他	ショット	微妙な立ち位置や画面効果、ショットサイズも微調整できるし(勿論色も)、何ショットも続ける内にBG本描画の下敷きにもなり、第三者が見てもイメージも湧きやすい、
その他	ショット	HOLGA(ホルガ)と同様、Diana(ダイアナ)もワンショットごとに自由に少しずつフィルムを送ることができるので、おなじフレームに多重露光をしたり、フレームを半分だけ重ねて撮ったりと、連続したクレイジーなロング・スナップショットを撮影することができます
その他	ショット	マリオン様のショットはMAXから1段階弱くなっただけでもかなり非力なので、基本的に攻略は、ランク上昇に目をつぶっても「常にショットパワーMAX」で考えます
その他	ショット	※料金には、食事(舟盛り、天ぷらなど豪華料理)飲み放題(ビール、お酒、ワイン、焼酎、ソフトドリンク)と、乗船料、クラウス選手・城戸選手との3ショットポラロイド撮影などが含まれる
ゴルフ	ショット	例えば1900年にプロのウィリー・パークが設計したロンドン近郊サニングデールの10番ホールのフェアウェー中央にバンカーが設置されているのを見て、会員があれでは良いショットがみなバンカーにはいるのではないかというと、一緒にプレーしていたプロ名手のジェームズ・プレイドが、あのバンカーははっきり見えているので避けて打てばいいでしょう、それがほんとうの良いショットなのです、といったという挿話がある
酒	ショット	当然ロコ達は会計を明確にワンショットずつお金を払って飲んでいますが、多くのロ コはクラッシュドアイスに缶ビール(クアーズやバド)を注いで飲んでいるようです
酒	ショット	彼の働いていたバーは、マンハッタンのビジネスマン相手の少し高級なショットバーで、忙しい日は、夕方6時開店から深夜3時の閉店まで、ずっと入店待ちの客の行列が途切れることのないくらい繁盛している
その他	ショット	◆ゲーム:ショットにおける「対キャラ」の当たり判定をデフォルト値(16×16)以外にするとショットのグラフィックが左上にずれてしまうバグを修正
酒	ショット	岩手からやってきたサブカル酒蔵・喜久盛酒造は藤原組長とコラボした吟醸純米酒「藤原酒」と高橋ヨシキがラベルをデザインした純米原酒「タクシードライバー」を売りまくり、露出過多なコスチュームの電メリガールズはシャンパンやらウォッカをショット対決で飲ませまくり、泥酔者続出
ゴルフ	ショット	もう少しドライバーの飛距離が出て、アイアンショットが正確になり、パターで打ったボールが気持ちよく転がればいいなと願う方々への一助になればと希望いたします
その他	ショット	一瞬のカットだったので見間違いかもしれないんですが、映画「スピード」で、暴走するバスをローアングルでカメラすれすれに迫るショットで、そのバスの側面に映画撮影用のカメラ
ゴルフ	ショット	スーパーショットをあらゆる角度から映し出し、スイングの軌道を見せながら、宮里藍がショットの狙いどころや、効果的な練習方法、ラウンドに際しての戦略、メンタル面、ゴルファーへのアドバイス等、様々なトークを収録しているほか、コーチの宮里優氏が宮里藍のショットについて詳しく解説しています(宮里藍のスイングコーチであり、父親)監修により編集した、宮里藍初の本格派ゴルフDVD
酒	ショット	一言も口を利かずにカウンターに小銭を置くと、これまた一言も口を利かないバーテンダーがショットグラスにバーボンウィスキーを注いで、男の前に無造作に置く
その他	ショット	200万ドル(2億円相当)程度の撮影予算しかないプロジェクトで膨大なショットを撮影しなければならない場合、フィルム・カメラだとフィルム代に加え、現像代、スキャン代等のラボ・フィーが高くつく
酒	ショット	芋焼酎が飲めるイタリア料理店(首都圏)首都圏で、芋焼酎が飲めるイタリア料理店を探していますご存知でしたら、教えてくださいショットより、ボトルで注文できると更に良いですよろしくお願いします(続きを読む)
酒	ショット	今でこそ居酒屋から、はては寿司屋までジャズを流すお店が出てきていますが、二十年前ジャズのBGMを流す店といえば、それこそジャズ喫茶かショットバーくらいでした
その他	ショット	大きなシーンファイルでも構わなければ、一つのシーンファイルに全てのショットをセットしてロードすることができ、一緒にそれらを共通のセットとしてトラッキングできます、そのため、各々のショットはセットのために同じ共通の3Dシオメトリを共有することができます
ビデオ	ショット	ドイルの撮りかたは、アップなどには向いているが、ロングショットや群集を映し出すシーンなどには向かず、監督自ら撮影をしなければならなかったようだ
その他	ショット	8コマ/秒という派手なスペックばかり強調されるが、私にとっては通常の1ショット撮影時の、短い撮影間隔による快適な撮影レスポンスが、1Dの最大の魅力だった
その他	ショット	撮影時にM31ショットガンの姿はあれど、ウッズマンの姿が見当たらなかったので、もし今日撮影会があるのならCB750飛葉モデルに合わせて使って頂こうと、一度ハマまで取りに戻った経緯をお話ししたところ、今日の撮影は自分が戻っている間の昼頃に終わって しまったとのこと
その他	ショット	プロジェクトスーパーバイザーのルーカス・セランカにとって大きな課題は、大量のデータと膨大な数の4Kの効果ショット、そして大きな画像の扱いだった
酒	ショット	近頃ではゴールデン街でさえもショット中心の店が増えてきているが、ワシ達の若い頃は、飲み屋にしろ喫茶店にしろ、いわゆる「行きつけの店」や「溜まり場的な店」を持つというのが一種のステータスであり、気に入った飲み屋を見つけた時などは、出来るだけ早い機会にその店に「ボトルを置こう
酒	ショット	そんなときに、シングルモルトのボウモアがあればそれをショットグラスに注いで、なければ安い赤ワインを小ぶりなオールドファッションド風のグラスに注いで、チビチビと舐めながら、煙を吹かします
その他	ショット	最近はいい波に巡り会えなく少々ストレスが溜まっていますが、今度友人が写真を撮ってくれると言っていましたので、いいショットがありましたらまたメールさせていただきます
酒	ショット	その間にショットグラスで100パーセントのオレンジジュースをサービスで出したり、ご飯の量の大盛りサービスをしたり、なかなか商売上手な一面も伺える
その他	ショット	今日は、携帯ショットの方で撮り貯めた、「ちょっと幸せ」ショットです(笑) まずは、日東紅茶のティーバッグ 裏の絵が色々有って 美味しかったですよ 撮り貯めた、携帯やデジカメショットは、結構あるのですが、なかなか日記に出
その他	ショット	白浜のビーチで陽気にはしゃぎ回ったり、ハツラツとした笑顔を振り撒いたり、温泉で和風な衣装でおどけて見せたりと、彼女のとっておきのショットが満載
その他	ショット	1カットだけでもフルショットが入ることになれば、マイクはFSの画面外にセッティングしなければならないから、音源からかなり離れた位置に固定されることになる
酒	ショット	で、石原さんと、「暑いので、ほんの1ショットだけ飲んでからお互い次に行きましょうか」ということになり、「燻しのビールが旨いのよ」とまた案内してもらったのは、ゲルマニアというドイツ料理とビールそしてとても音楽的なお店でした
その他	ショット	ただし、あくまでも感覚的なことだし実際それほどショットに影響するわけではないのですが、白いシャフトはその色彩効果でクラブを軽いものと見せる効果があります
ゴルフ	ショット	「結果オーライ」 ゴルフで不思議なことは、ショットを失敗して、OBを打ったり、池に入れた時は自分のミスを大いに悔しがりますが、ミスショットが木にあたったり、土手にぶつかったりしてボールがフェアウエーに出てきたり、カップの近くに寄ったりするとミスショットが急に"ナイスショット"に変わります
その他	ショット	恒例の、みんなで集まって新年のカウントダウンです 飲んで騒いで語って飲みまくりたいと思います 去年はオーレという居酒屋で新年を迎えました 外人とショットしたり一緒に写真を撮ったりして最高でした 友達のズーマ君は外人にナンパされてました \^o
バスケットボール	ショット	この年が本当の現役最終シーズンだったマイケル・ジョーダンが登場し、彼は彼らしく試合終盤で勝敗を決するかに思われたビッグショットを決めたのだが、その前に立ちはだかったのが若きスーパースター コービ・ブライアント
酒	ショット	さらに各グループ代表者が、あらかじめ主催者が話を通していた飲み屋4軒(1ショットバー系レストラン、2和食系、3寿司系、4焼き鳥系)をくじ引きで決め、「川反の今と昔」「川反への思い」を飲みながら取材します(19:30~20:40)
その他	ショット	平撞きならそこそこパワーも伝わってると思うし手玉にほとんど回転を与えずにショット出来るのですがレールブレイクになると、大抵、変な押し回転が加わってしまいます
ゴルフ	ショット	ティグラウンドから各ショットの落下地点が見通せるレイアウトになっていて攻略ルートが立てやすい反面、ハザードがせり出しているホールでは実際以上にフェアウェイを狭く見せているところもある
酒	ショット	などなど、軽いおつまみ、バーボン、スコッチ、焼酎(麦、米、芋)(各種ショットあり)、カクテルなどリキュール類も数多く取りそろえてお待ちしておりま す
ゴルフ	ショット	一週間前に頴川先生と高橋さんと下打ち合わせを兼ねて、小金井CCでゴルフを楽しんだのであるが、特に頴川先生のショットは、取材のときの知的で静謐な雰囲気とは異なり、全身の筋肉を使ったパワフルなドライバー・ショットを打つ
その他	ショット	しかも、彼が顔を洗ったり、歯を磨いたり、食事をしたり、風呂に入ったり、担当する通信業務を行っている様子が、何度もワンショットで、明らかにこの隊員に狙いを定めて撮影している映像が流れていた
その他	ショット	2007年CX『新春かくし芸大会』で高視聴率をマークした『中山秀征のミラクルショット』をはじめ、ボウリングのミラクルショットが満載された、スーパーボウリング・エンタテインメント・ショーをDVD化
ビデオ	ショット	・カメラが見え隠れするギラついた太陽を延々と追いかけて行く移動ショットは、それまでの映画のタブーに真っ向から挑戦したモノで、三人の登場人物の心理描写とあいまって絶妙な効果をあげた
ゴルフ	ショット	「ショットが悪くないだけに、もう少し伸ばせた感じはある」という通り、芝目の強い高麗グリーンの攻略に手間取り、5つのバーディに対してボギーも4つ
その他	ショット	高嶋政伸のテレビデオ(当時は画期的)『2ショット』ウインク、ジュンスカ、パーソンズのヘッドホンステレオ、『お返事ビデオ』キャンペーンでウンナンの貰いました(ご存知の方居ますか
ゴルフ	ショット	●ロングショットとコントロールショットでスタンスが違 っても、シャフト角を3度傾けることで、どちら側で打ってもスイートスポットにあたる設計になっています
その他	ショット	トッププレートは、ドイツ・ショット社製の結晶化ガラストップを採用、汚れがつきにくいうえ、ゴトクをはずせば、バーナーまわりも凹凸がなく、拭きやすくお手入れも簡単です
その他	ショット	スライディングとチャージショットがないこと、サウンド周りがロックマン2と同じものが使われていること、ボスの無敵時間が2と同様短いことなどから、触ればすぐに分かると思います
ゴルフ	ショット	ここ数年間、ロングパットの方向と距離が合わず、それがショットへも影響を及ぼしハンディキャップがハンでおしたように一年に一つずつ下がる等沈没状態にあった
酒	ショット	ロスフェリッツに家を持つブラッド・ピットが、近所のメキシカンレストランでテキーラ3ショットとマルガリータ2杯を飲んで泥酔している姿がパパラッチされた
その他	ショット	まぁ学校行けばいやでも会うんだけどさ、先日のショットガン失恋で心に海よりも深い傷を負い、廃人同様になってしまった彼ではあるが少しづつ目の光を取り戻しつつあるようで、言語障害も少しづつ克服
その他	ショット	セッション中では「タスクバー上でマウス右クリックで表示されます」とご紹介しましたが、別な表示方法として、次のスクリーンショットのように、タスクバー上のプログラムアイコンをマウス左ボタンでデスクトップ上に(赤い矢印のように)ドラッグすると、マウスの動きに合わせてスライド&フェードしながらジャンプリストが表示されます
酒	ショット	さすが、師匠・・・ショップ店員の勧める“原酒”の各銘柄の話を聞きながら、ワンショットずつ、丁寧に且つ豪快に“試飲”して・・・「全麹減圧蒸留 原酒」と「全麹常圧蒸留 原酒」に興味津々のご様子・・・ショップ店員もその師匠の“試飲っぷり”に興味津々・・・(笑)
その他	ショット	2月中旬に行ったきり 、撮りに行っていませんが、 これもお気に入りのショットだったのでアップしておきます♪ 3月にとある団体の宴会があるのですが、 その宴会会場では
その他	ショット	これと同様に、二枚目では地面の水溜りに反射した赤色の光源が一体になっているショットから、それらと比較対照するように正臣の人物ショットへと接続されています
その他	ショット	大江戸吟酒会で画家・俳人の平野祐二氏と談笑(新宿にて)090801 大江戸吟酒会の帰路、画家・俳人の平野祐二氏とご一緒し、同じビルの中の何となく故郷の匂いのする店の前でワンショット
その他	ショット	このテのオフィシャルDVDは通常の、一般ゲストでは絶対に撮影できない(たとえばクレーンを利用しての俯瞰ショットとか、ステージ最前列でのショーとか)そんな画像が鑑賞できるところがポイントでしょう
その他	ショット	ロディオスちゃんのリムショットのリバーブも気持ち良い空間を生む、ああっこんな贅沢な音作りのハコで演奏出来る幸せを感じる一瞬、よたろう皇帝のSaxも彩りを添える
その他	ショット	ほとんど中景に建物や小さく人物を配した絵画的なショットの多用、光と影を効果的に使用した画面構成、言葉ではなく映像イメージに語らせる演出など、手法的にも興味深く、とても心に残る映画
その他	ショット	わざわざ管理者ログインページアドレスを公表することは、セキュリティ上よろしくないと思いますし、気をつけなければログイン後の画面のスクリーンショットが公開されてしまう可能性もあると思います
酒	ショット	まだ20代前半によくいってた店で1番つよいといわれてた人と飲み比べをしウィスキーをローゼスではじめて店の酒がなくなり途中からメイカーズやらジョニ黒にかえてかショット80
その他	ショット	Wikipedia Diver はスクリーンショットを見るとちょっと使ってみたくはなるが自分の頭の中で整理するから余計なことは要らないよとアンインストールするに決まっている拡張なのだと思う
酒	ショット	Barは、ダイニング系(食事が摂れるBar)とショット系(お酒のつまみ程度でお酒が主体)のお店に分かれますが、その中間の線をブリキでは狙っていてショットバーの場合どうしてもお酒の単価で勝負しなければならないので設えもダイニング系のBarよりはラグジュアリーな方向に寄っていくのですが、鋤和紙や縒和紙、木を主体としたシンプルな設えなので「中間の線」は出せたのかなと思っています
ゴルフ	ショット	ショットを打つときにたてられる携帯電話のシヤッター音には、石川選手本人も相当に困惑しているそうですが、ぴりぴりしたプロゴルフのグリーン周りで写真を撮ろうと考えるのはいったいどのような人間なのか、私も理解に苦しみます
その他	ショット	※テーブル上に自分のグループボールが無くなって8ボールを落とす権利が発生した後のショットでスクラッチ等のファールが有っても、8ボールがテーブル上に残っていれば負けとはなりません
ゴルフ	ショット	花粉症は今や日本人の国民病とも言われていますが、ゴルフ場にも花粉症の原因となる樹木は多く植えられており、これからの時期はゴルファーにとってもショットに集中がしにくくなる辛い季節です
その他	ショット	その風変わりな2008年の映画、書き込み後、レディングでは、ある映画の中でいくつかのより厳しい暴力とブラッドピットの文字は、顔のショットを取得を含む別の死を鉈でハックされるいくつかの漫画の暴力ですが
ゴルフ	ショット	スリークォータのようなショットをミドルアイアン以上で行うと 調子がいい原因は、トップの手の位置が低くなり、 フィニッシュの手の位置が高くなったためだと思われる
ゴルフ	ショット	ショットの練習もむやみに打つのではなくて、3回打って2回入るくらいのペースを持って練習すると良い、ボールのスピードや狙う場所を決めて、常にそのペースで繰り返し練習じゃ
その他	ショット	私はどのように取得することを理解しようとして"校正"、100万テストショットを取るかもしれない以上、私の被写体をフラッシュせずに 私は彼女に100万回をここで私の露出は把握しようとして点滅する場合私の娘は文句を言うと
ゴルフ	ショット	【クリフトン(米ニュージャージー州)15日共同】米女子ゴルフツアーのサイベース・クラシックは15日、米ニュージャージー州クリフトンのアッパーモントクレアCC(パー72)で第1ラウンドを行い、ショット、パットともにさえを見せた宮里藍が5バーディー、2ボギーの3アンダー、69で首位と2打差の10位と好発進した
酒	ショット	ハンバーガーの登場により私たちは朝の9時半までこのレストランで他のお客さんが朝食を食べる中 B22(テキーラみたいなショットで飲む強いお酒)を朝食代わり10数杯飲むことになる
酒	ショット	0 芋焼酎が飲めるイタリア料理店(首都圏) 芋焼酎が飲めるイタリア料理店(首都圏)首都圏で、芋焼酎が飲めるイタリア料理店を探していますご存知でしたら、教えてくださいショットより、ボトルで
その他	ショット	お尻ファン大絶賛のDVD、あの「鎌田奈津美ナツミニッツ」で披露した極上のヒップショットを中心に、未発表カットやトレカ用最新撮り下ろしカットを完全カード化
その他	ショット	ちなみに、「モンタージュ」というのは「合成や編集を意味する言葉で、複数の短いショットを連続的につなぎ合わせる事によって観客に製作者の意図や観念を伝える映画ならではの編集テクニック」だそうで、映画の専門用語まで使っているのはなかなかのものだと思いました
その他	ショット	ブックレット内写真も、まさにBGMを実際にレコーディングしたスタジオにて、カメラマン半沢克夫氏によって撮影された、モノクロの荘厳なソロショットをデザインしています
酒	ショット	この亡くなったリカード・ガルシアさんは、400ドルの賞金を争うこのコンテストで、50杯以上のテキーラのショットグラスを飲んで急性アルコール中毒になり、病院に搬送されるも心不全でなくなったそうです
その他	ショット	だって眠いんだもん・・・(ごめんなさい)ということでAAR的な物語は後日脳内で勝手に創作するということで現状の状態をスクリーンショットで撮っておきましたのでご堪能あれ♪
その他	ショット	さて、ワトソン、僕たちの探求も終わりに 近づいているようだし、決定すべきことは、さらに今夜このオークショット夫人の所へ行くべきか、あるい はそれは明日に取っておくべきか、の一点が残るだけだ
ビデオ	ショット	男と女のふたりの人物が出てきて、ある重要な告白がなされて、説得がなされて、途中でその男と女の関係性が入れ替わってしまうというようなシーンをワンショットで撮っている、シンプルに見えて、実は人物関係が非常に動いているというワンショットです
ゴルフ	ショット	症状: 今日は最近ホームランの多いバンカーショットのレッスン予定だったが、アプローチウェッジだけに何故かシャンクが出始めて原因がわからなかったので、急遽見てもらうことにした
酒	ショット	話を聞くと「ワンショット30mlくらいで1000円取られるんだよね」「お湯割りを頼むとなんだかものすごい薄いものしか出てこないんだよね」などといった状況が蔓延しているようです
ビデオ	ショット	やがて、プリミティブなテーマとして、「ワンショットの長さはいかにあるべきなのか」、「編集のリズムとは」、などの問題が提起され、そして、「映画は歴史をいかに作ったか、あるいは、歴史は映画をいかに作ったか」という命題が投げかけられる(この特集では、クリス・マルケルの『アレクサンドルの墓』と、ゴダールの『映画史』の上映が日曜日に予定されている)
ゴルフ	ショット	時間刻みで、めまぐるしく変わる川奈特有の風に加え、ホールごとの高低差、激しくうねるフェアウェー、深くアゴの高いアリソンバンカー、高麗芝のグリーンは砲台で小さく、風のある日はショットのみならず、アプローチ、パッティングなどのショートゲームにも、大きな影響を与える
酒	ショット	そのあと、池袋に戻って、明日も仕事があるから家にそのまま帰ってもよかったのだけど、ここ最近、展示会と客先でのデモで、親会社の社長や某大手小売店の社長に製品の説明する機会があり、ものすごい緊張のあとの、充実感もあって気分もよかったので、少し前から行き始めた(ショット)バーにいって一人で飲んでました
ビデオ	ショット	全編通してモノクロの中で唯一鮮やかな赤と青の色つけられているランブルフィッシュとクライマックスでパトカーの窓にカラーで映し出される主人公の画、高速で流れる雲、表情のクローズアップのショット、立ち上る煙と蒸気が効果的なのをはじめとした映像手法(画面構成)が斬新にしてスタイリッシュで原作を見事に映像化しています
ゴルフ	ショット	この日の石川遼は、2度の池ポチャとショットに精彩が無く、ナイスショットでバーディ チャンスのホールも、長く難しいパットを先にノーレンにバーディーを取られる流れで、1ホールも奪うことが 出来なかった
その他	ショット	台本があれば、アクション(演技)を普通に撮影するだけで自然なストーリー展開にできる場合もありますし、撮影後にフィルム編集でショットを論理的に組み合わせることも可能となります
ゴルフ	ショット	得意の猛チャージが期待されるが、ショットが不安定で中々バーディを奪える展開に持ち込めず、この日アウトコース36、インコース35の71ストロークで纏め、通算1オーバーの16位タイで競技を終了した
その他	ショット	先に現場に入り、1ショットの撮影を始めていた佐藤くん、撮影中はクールな流し目をキメてかなり男っぽい感じだったのですが、現場に要さんが到着するなり、「要さ〜ん
ゴルフ	ショット	其のせいでは無いだろうが、藤田プロはナイスショットだったのに宮本プロは右にオオダマのプッシュアウトってショットでこれまた皆のヒヤカシにあっていた
その他	ショット	全国トップクラスの10000件以上の症例数を持つ当院では、サーマクール認定医がオリジナル照射法(マルチショット法・アンカリングポイントとベクトル照射法・3D照射)で、患者様の気になる部位を引き上げ、また、お肌のハリ・引き締め効果を促します
酒	ショット	芋焼酎が飲めるイタリア料理店(首都圏) 首都圏で、芋焼酎が飲めるイタリア料理店を探しています ご存知でしたら、教えてください ショットより、ボトルで注文できると更に良いです よろしくお願いします
その他	ショット	各自、自分なりのテーマがあるはずなので、グループでお散歩しても自分が狙うショットは撮れないだろうとボクは思うのだが、まあ、ボクがどういう狙い方をするのかを見たいという気持ちも分からないではないし、ビールも一人で飲むより大勢の方が美味しいので一緒に歩くことにした
その他	ショット	セットを建てたり、ロケーションで自由に撮っていいように、CGも使ってよろしいと思うのですが、演出やカメラワーク、ショットによる純粋な映画的表現を失うことが問題だと思うのです
ゴルフ	ショット	ただ、他の試合も含めると、ショットがいいとパターの調子が悪かったり、逆にパターがいいとショットがよくなかったりと、噛み合わせがイマイチかなという気はしています
その他	ショット	ショット構成やストーリー・テリング等の時代ごとの特徴を説明し、あわせて、具体例として取り上げた映画の場面に関しては、どのような個性的演出が行われているかについてもその都度明らかにしていきます
ビデオ	ショット	以下人に指摘されて気付いたことであるが、カメラは、映画でのこの出来事の後、映画という虚構の中に居合わせているインディオスひとりひとりの顔をなめるようにロングショット風に捉えてゆく
その他	ショット	長野君は、あごを引いて上目使いのショットもしくは、真正面もしくは、左側からのショットがいいんですけど、なかなか好みのグラビアに出会えないのが辛い
ゴルフ	ショット	その後も着実に勝ち星を重ね、昨シーズンは正確なショットとショートゲームを武器に、「ウッドワンオープン広島」「長嶋茂雄INVITATIONALセガサミーカップ」「日本オープン」と3勝をマーク
ゴルフ	ショット	飛距離を出すことは一要素にしか過ぎず、それよりも風や芝、傾斜などの環境をうまく読み取ってチャレンジし、ショットを正確にできた人がいいスコアを出すべきなのです
その他	ショット	このブログで画像処理ソフトをよく紹介しているのは、私が日々のブログ作成やプレゼン作成に、デジカメやスクリーンショットの画像を大量に使っているためである
その他	ショット	ダムが崩壊するドイツのTVムービー『ダム・オブ・フラッド』と同様に、雪崩というカタストロフィックな現象を描いたショットがあるというだけの理由で、アクション/サスペンス映画として輸入して、派手なパッケージを作って売ろうという逞しい商魂
酒	ショット	親の代から通っている縄手のショットBARでは、昔のサントリーの話になって、「洋酒とカクテル」という本(裏表紙に鳥居信治郎とサインが入っていた)や、KOTOBUKIYA LTDと社名が印刷されたサントリーオールドを見せてもらった
その他	ショット	NetSpotはLIPS4対応レーザショットの拡張インターフェースの機能を利用して現在、以下のネットワークボードがNetSpot対応しています
酒	ショット	焼酎は皆ウイスキーのように、ショット・グラスのようなものに入れて生で飲ん でいるが酎はいになれた俺は、仕方なく、スプライトを頼んでそれで割って飲ん だ
その他	ショット	学術的には12世紀のイタリアから盛んに作られたメガネがルネッサンス時代にOpticsに昇格し(ガリレオ・ガリレイの天体望遠鏡)、イギリスの研究者(ニュートン、ハーシェル、デービー、ファラディ)が天体望遠鏡を発展させ、ドイツのフラウンホーファー、ツァイス、アッベ、ショットらが光学ガラスを次々と作りだして顕微鏡などの精緻な光学分野を開拓し確立させました
酒	ショット	ただ、この〝ショット売り〟というのはなかなか難しく、ウィスキーなどの蒸留酒であっても、一度栓を抜いたら味の品質が保てるのは半年程度だと言われていますので、
酒	ショット	【焼酎(ショット/カラフェ)】・・・・・・・・米焼酎白水・麦焼酎友の焼酎・いも焼酎こらよか・鏡月GREEN・琉球泡盛大神・本格芋焼酎大神紅あずま・本格麦焼酎西の星
その他	ショット	ということで、なんだか怪しげな雰囲気のショットですが(フラッシュ使ってないだけです)先日、夜中からごそごそお洒落して、友人の誕生日ということで、らしくスパークリングで乾杯
その他	ショット	無理の無いようにレポして下さいね、今回も楽しませてもらいました眼福3ショットイラスト 一ちゃんたちの静の目の演技に対してしゃべくり漫才のような龍馬さんの対比はさすが三谷さんですね
その他	ショット	本展では、映画と連動して、監督であるスティーヴン・セブリング撮影による、パティの私物やその他思い出の品々の大判写真とともに、写真家・富永よしえがNYで撮影したパティのプライベートショットをあわせて展示、さまざまな角度からパティ・スミスの魅力に迫ります
その他	ショット	当社は自然と緑に囲まれた環境の中で、3t高周波誘導炉2基熔解で、小物では生砂自動造型機3基、連続ショット1基、自動生砂処理設備1基、中・大物製品ではフラン樹脂自硬性砂造型工場を有し、また発光分光分析装置をはじめ、種々の試験・検査設備を有し、高品質で低コスト製品を生産しております
その他	ショット	フジカラー「写ルンです3ways」は、クローズアップレンズとミラーが組み込まれたクローズアップカバーを閉じると接写撮影やセルフショット撮影が、カバーを開けると標準撮影が可能となります
その他	ショット	そんな中、スタートからホールショットを奪ったのはホンダのS・ジベルノーで、その後に続いたのは同じくホンダのM・メランドリ、T・ベイリス、A・バロスの
酒	ショット	スナックや飲み屋さんて いろんなセット料金やら小鉢やおかし フルーツなどでてきてお会計がわからずちょっと行くのに勇気がいるものだったのにショットバーなら1ショット料金で呑み助にはGOODなお店だと思っていましたが
その他	ショット	現地の猟友はヘッドショットでなければと言うし、ヒグマを考えれば少しでも重い弾頭を使用したいし・・・急所へ一撃できれば問題はないと思いますが、遭遇は至近距離と言うし、困った問題です
酒	ショット	ポーランドでの正しいウォッカの飲み方、ショットグラスいっぱい のウォッカを一気に飲み干し、チェイサーのジュースを軽く補充、という流れで飲みまくる
その他	ショット	個人的には「♪なんかあ~り~そな~ふらいで~」の時の理央さんのショット・レコーディングスタジオでの理央さん「ひゃっほぅ」ショット・同じくスタジオでの麻美々版「目で殺す」ショットなどがお薦め
その他	ショット	9ボールを狙い易い位置に手球を持って行くには、8ボールに対して真っ直ぐになるポジションからストップショットで8ボールを落として手球を止めるのが一番リスクが少ない
酒	ショット	レストランの意味の「ビストロ」は、フランス料理をだす小さな食堂、パブに似た「スナック」の意味は、パクッと食べる、「ショットバー」のショットは「一杯」の意味です
ゴルフ	ショット	ちょいとググッてみたところ、体感ショットでホールインワンしないと得られないトロフィーがあるらしいから、 他のトロフィーが全てゲットできたら体感コントローラーを買わなくちゃ、だわ(爆)
酒	ショット	木村拓哉は「イ・ビョンホンの部屋で三人が腕を組んでラブショットをしたが、何回乾杯したか分からないほど飲んだ」、「皆さんに堂々と紹介できる良い友人」と厚い友情を示した
ビデオ	ショット	「人生はアップで見ると悲劇だが、ロングショットで見れば喜劇だ・・」という冒頭スクリーンに映し出されたチャールズ・チャップリンの言葉のように、舞台上の俳優パク・シニャンはその足跡を切なく、また楽しくコミカルに表現した
ゴルフ	ショット	北6ホール、南6ホールの12ホールは正確なショットを誘う巧みなレイアウトとパッティングの技を引き出すベント芝の1グリーンでグレードの高いコースです
その他	ショット	Mac OS標準のスクリーンキャプチャ機能を使用すると、ディスプレイ全画面のスクリーンショットまたはウインドウの一部のスクリーンショットをキーボードショートカットを使って簡単に撮影することができます
酒	ショット	その状況では『ネットの言論はなぜ質が低いか』という問いかけに対して、 ワンショットのウイスキーをロックで飲んでも、水割りにして飲んでも、 アルコール量に違いは無い、もしくは、そこに存在している『珠』の数が 同じでも、砂場にばらまいた場合より、広い海岸にばらまいた場合の方が 見つけ出すのが大変になる、と答える事が適切なのかもしれません
ゴルフ	ショット	デラシンに1打差で最終ラウンドに入った韓は一時、4打差まで突き放されたが、後半に正確なアイアンショットが復活、17番(パー3)で追いつきながらも短いパットを数回ミスし、逆転はならなかった
ゴルフ	ショット	ですので、林を超えられる程度の隣のフェアウェーに二打目を出してそこから林を超えたのは良かったのですが、次のショットがバンカー越えのラフからのショットになってしまいました
ゴルフ	ショット	ですが、ゴルフのショットにおいてはむしろ逆で、ドライバー・ショットのような大きな体の動きが要求されるスウィングでは、グリップは弛めに握っていても、ほどほどボールは打てるものです
その他	ショット	【原作】TV版の最終決戦後、魂が浄化されぬままバイストン・ウェルへ帰還し、700年を生き長らえて幽鬼と化したショット=ウェポンが(おそらく)ズワァースを元にして製作したオーラバトラー
その他	ショット	ショットを撃っている間、自機の周囲には球状のフィールドが形成され、敵の通常弾(黄色)がこのフィールドに入ると、緑色に変化して弾速が極端に低下します
酒	ショット	しかし、お酒の失敗談を尋ねられると「21歳くらいのときに、外国でショットガンを5杯以上飲んで、気付いたら噴水で水浴びをしていた」と大人っぽいシックな装いからは想像もつかないような、若き日の失敗談を告白し、集まった記者たちを驚かせていた
その他	ショット	EASYで9匹目を倒した後、3匹引き寄せてショットガンを一発撃ったけど、トラックは来ませんでしたし、ナイフで3匹の内の一匹にトドメを刺したところ、来ましたので
ビデオ	ショット	特にすごい場面−と言うわけでもないのですが、長女マーラと、その恋人の石工が、事情で離れ離れにならざるを得ない場面で、二人が黙ってうつむいているのを真正面から捉えたショットがなぜが胸にジーンと来ました
その他	ショット	スタジオ撮りでセクシーショット&「僕街」PVのような場所でのショット&特に亀梨くんは夕日色が似合うと思うので、サンセット~日が沈むまでの海辺で撮影
酒	ショット	このイベントの名前通り、入場時にテキーラをショット飲めば500円OFF(1000円MAX)、だから結構最初から酔っぱらい盛り上がる祭りって感じだった
酒	ショット	半分に切ったレモン(ライムでもよい)を左手に持ち、その親指のつけ根に塩をおき、ショットグラスに注いだテキーラを右手に持ち、レモンをガブリとかじってジュースをすすり、塩をなめて、グラスのテキーラをグイッとあおる
その他	ショット	よくニコニコでQuakeとかのムービーのコメントに「4年やってエアーショットできるようになった」みたいなコメントがあるけど、エアーショットどころか普通に撃ってもロケラン当たりませんwww
酒	ショット	ビールジョッキに空のショットグラスを浮かべ、順番に少しずつウィスキー(またはソジュ)を注いでいき、ウイスキーが一杯になり最後の一滴でグラスを沈没させた者が、罰として一気飲みをさせられる
その他	ショット	ショットピーニングによる加工硬化は、ショットによる被加工材の塑性変形から 生じるもので、加工硬化層の深さは被加工材の材質や加工履歴などにより 異なる
ゴルフ	ショット	練習場へは週1回行く(とにかくゴルフが大好きなだけでスクラッチを目指す大ばか者)いろんな雑誌、レッスン書を読みふけりいろいろ試みるがショットは安定しない
その他	ショット	5年前の志村君の撮影と同じアングルで、というこだわりで撮影された扉のカットは、そんな様々な想定外の事態に翻弄されつつ押さえられたミラクルショットです
その他	ショット	これは松下電器が宣伝用に撮影したカラー写真(左下)がワンショット・プロセス(飛行場面に用いられた合成撮影技術)用の赤い衣裳だったことに影響されたのだと思われます
ゴルフ	ショット	ゴルフ場のOさん(ギャッツビーのHC11)にアドバイスをもらい、100Y以内のショット、アプローチの精度をアップしなければ、スコアメイクにならない
その他	ショット	彼女は「詳細な描写で見た目をごまかす」ことに高い関心を寄せているようで、これら「擬似光学迷彩」「透明人間もどき」なショット以外にも、「子どもが寄り添っているように見える」シーンなども作品として展開している
酒	ショット	キャビアやチーズ盛合わせなど酒肴からカルボナーラ、オムライスまで40種以上のフードメニューと、200種そろうカクテルやウイスキー、ブランデーなどドリンクがオール980円とショットバー価格で手軽に楽しめる
その他	ショット	今、あの絵の左側のところにゾーニング図みたいな、細かい図がありますが、各ゾーンのショットパースというか、ショットスケッチみたいなということをつくって、そしてそれを寄せ集めたときにどうするのかというステップもあるのではないか
その他	ショット	足を入れて直立した際に地面との傾斜が15度になるようショット Pコート:ショット カー用品以外:服・靴ショット Pコート:ショットSIZE:38 レザーそこまで済ませて、昨日学童でチビが忘れてきた体操服などの洗濯物をもらいに行って、そのまま買い物
その他	ショット	さらに実相寺さんは、逆光でのショットや斜め下からのアングルを多用するなど、少ない予算で効果的な映像を撮るのに腐心されてた様子で、「実相寺マジック」という用語も持ってます
酒	ショット	実際にバーに行き出したのは最近だから以前はもっぱら映画の中でだったけれど、アメリカ映画などで見るあの登場人物がひと息に「カッ」とやるショットグラスは、なるべく装飾のないシンプルなもので、底の厚いやつを探したものだ
酒	ショット	ましてや一橋で三年間過ごした私は酒に弱いはずもなく、飲み会が嫌いなはずもなく、南米人との飲み比べに勝つことから、まずは酒に弱い日本人像の再築をはかることにしました(これはほぼ達成され、日本人はサケというショットばかり飲む恐ろしい人々という逆に誤ったイメージが定着しつつあります)
ゴルフ	ショット	右利き同士のペアならば、レフトサイドにいた選手がストレート方向にドライブやネットショットを打って前衛に入ってしまうと、ペアの選手はライトコートからレフトリアコートまで担当するエリアが広がってしまい、返球の出てくる場所は相手のフロントライトコートなので、非常に苦しい状況に立たされます
その他	ショット	市販のキャップス コンボキットの内容にプラスαする事で、ショットを打ったルースニングやウェイテッドニンフなど主にフライを沈ませる釣りに最適なタックルを厳選したナチュラムオリジナルセット♪
その他	ショット	正式に許可を得てその姿を公開するのは初めてという尾崎裕哉さん(20)の写真を松下氏との2ショットで掲載、「笑顔が似ているような」と松下氏が語るようにどことなく父親の面影を
その他	ショット	タップはそのままではつるつると滑ってうまく的球に回転がかからない上、ショットミス(キューミスという)を起こしやすいので、チョークと呼ばれる専用の滑り止めを使用する
ビデオ	ショット	カメラはさすがに据えたショットがほとんどですが、平三郎が逃げるところなどに移動撮影が使われ、ラストの立ち回りを捉えたロングショットはじわじわフレームが動いていて、大人数を1コマにのせ動かすことで、まさしく大立ち回りとなっております
ゴルフ	ショット	年間を通じて、強い貿易風に悩まされることもなく、初心者にはやさしく、中〜上級者にも綿密なショットと確かなパターの腕を要求されるグリーンがあって、すべてのゴルファーを飽きさせません
酒	ショット	ワイン(赤、白、ロゼ)、ビール3種類、シャンパン、何だか良く分からない、けどありえなく強いショット2種類を次々と勧められ・・・(もちろん、全部飲めないので、数口づつですよ)・・・あのペースに流されてたら肝臓がいくつあっても足りないわ
その他	ショット	特にOPの「HELLO TO YOU」は、エッグメンバーのワンショットを抑えめにした分、全体の雰囲気を伝えるのに力を注いでいるなという印象で、正直に言ってしまえば、会場で見た時よりもすんなり入り込めたなと
その他	ショット	この前たーさんとお店の後輩と遊びに行ったよ☆後輩がアニメにはまっていてメイド喫茶テビューしたいって言うから友達が働いてるメイド喫茶に連れて行ってあげた☆メイド喫茶テビューに大満足だったから良かったぁ☆まぁーアニメにしてもメイド喫茶にしても全然理解できないけどたーさんもどっぷりはまってるし勝手にしてーって感じかなぁ(笑)写メは後輩とタカヤの2ショット☆たーさんいつのまにか老けましたね(笑)
酒	ショット	お酒はワンショットずつ払って飲む方法とボトルをキープして飲む方法が有ります が、どちらのシステムでも一緒に座った女性頼んだ酒(ネゴハナ)のキックバックが彼 女たちの収入源に成っています
その他	ショット	どうしても本格ショットに馴染めない人用の救済措置なのは認識してるんですがそのわりには本格ショットに比べて最大飛距離が少ない・パット視点が少ない・ウサギ(カメ)ショットがないなどデメリットが多すぎると思います
その他	ショット	後半はビリーとジェームスの2人による99年、二—ル・ヤングの「Bridge School Benefit」に参加した2日間の映像で、会場のスクリーン映像の流出したものマスターとなっているのでプロショットで初日の1部以外を除いてほぼ完全収録
その他	ショット	そしてこのイベント第二部は、ガンと映画のライターくろがねゆうさん、東京マルイ の爆竜大佐、映画の特殊効果を手がけるビッグショットの納富貴久男さん、湖山監 督、ガンギャルがとっても濃いガンの話を展開
ゴルフ	ショット	アイアン・ショットと同様、体の近くでグリップを直線的に通すようなダウン・スイングを意識したところ、ボールの掴まりが良くなることに気付いたのです
酒	ショット	普通、バーテンダーは1本のウィスキー・ボトルからシングル・ショットで22~23杯をとるのが常識ですが、もう少し少なくとるようにすれば直ぐに自分のボトルができてしまいます
ゴルフ	ショット	そして迎えた最終パー5、山口はサードショットをピン横2mに付けバーディーを奪取し、2001年『SANKYOレディースオープン』以来のツアー2勝目を飾った
その他	ショット	ドラマー、スチュアート・コープランドが自ら8ミリカメラでバンドを撮り続けていた映像をまとめたもので、本番のライブ映像もちょろっとあるんですが、そのほとんどがツアーの移動中の映像や、PV、レコーディングの制作風景等OFFショット
その他	ショット	とても器用なおねぇさま、かばたんさんに作っていただいたアンジェのぬいぐるみのあんじぇっちょとかばたんさんオリジナルのかわだっちょさん&かわだっちょおくんとアンジェのご対面ショットです
ビデオ	ショット	映画のラスト、セーラー服姿に、赤いハイヒールを履いて、道の真ん中で機関銃を撃つ真似をするシーンは、ひろ子ちゃんにしか出来ないショットだと思います
ゴルフ	ショット	タングステンニッケル合金をネック部に採用した、2ピース複合ヘッド構造が飛距離、安定性を高め、卓越したアイアンショットを現実のものとしてくれます
その他	ショット	3 NDB電極はシャンクへの熱伝導がよいため、通電休止時の電極冷却が早いので、電極の消耗を押さえ、ショットサイクルを上げ、生産性の向上へ寄与します
その他	ショット	(オリーブオイルがショットで380円という食べ比べができるシステムというのは上記のTYさんのビール飲み比べセットに相通じるものがあるのですね~)
ゴルフ	ショット	残り94ヤードの2打目を54度のウェッジでピン手前30センチにつけバーディを奪うと「力を抜いたらショットいいし、距離も出てバーディも来たし、私ツイてるなって思いました」とそれまでの4ホールとは全く異なり、完全にポジティブモードに切り替わった
ビデオ	ショット	それはさておき、清水宏というこの監督さん、なんてことのない日常の姿、小原庄助さんと子供達の姿を映すその何気ないショットの中にある温かさ、優しさとでも言うべきか、子供の姿を部屋の中から見送る小原庄助さん、ロバに跨って歩くシーンやラストの奥さんとの二人で去っていく場面のロングショットなど、良い場面が沢山あって、それだけで良い気持ちにさせられる
ビデオ	ショット	ついに翌3月、2曲同時に発売、という記者会見の短いショットを娘が録画してくれてまして、TERUちゃんの表情をコマ送りで見ていたギッチャンでした
その他	ショット	スポマンってなんだかんだショットガンの記録によって総合順位かなり左右されるんだよな 大畑や青木みたいに、全種目出なくてもショットガンの世界新で総合3位までジャンプアップした例もあるし 1999年の飯田の優勝はショットガンが全てだった
その他	ショット	それはともかく、テーマが貴重なのはもちろん、写真として素晴らしい構図のショットが満載で、解像度も高く、北アフリカの空気感を満喫できる写真集で、情景ファンはぜひ一冊
ゴルフ	ショット	まっ簡単にかつ大胆に要約すると、パッティングは非常にゴルフの中でもデリケートなショットでありダメージの大きなショットであるため、通常現実社会でもゴルフでも信じ込まなければいけない結果重視をプロセス重視に見方を変え自己不信にならず、ルーティン及び打ち方や技術にこだわるテクニックと心の持ち方を教えてくれる本ですかね
ゴルフ	ショット	時々感じている事なのですが、練習しているといつの間にかリズムが乱れはじめているなと感じることがあって、そういう時にはやはり、ミスショットを連発してしまうことが多いんですね
その他	ショット	メモリーカムを使用しての彼女のショットの映像、手持ちカメラで撮影したラウンド映像、練習風景やオフショット、インタビュー、写真集のメイキングなど収録
その他	ショット	最後に牛田とのエピソードを、去年のベイスターズフェスタで2ショット写真を撮りました、そのときにご存知の方はご存知ですが、牛田はある被り物をして快く応じてくれました
酒	ショット	テキーラの飲み方がわかっていない人は8割〜9割と豪語するBARのマスター普段あまり行かない店だが時間が時間だったので久しぶりに訪れた以前一度行ったがすぐ出てしまったのでやはり覚えてくれてはいないご様子 テキーラをショットで飲むなんて
その他	ショット	確かにグロいシーンもけっこうありますが、それ以上に見事な映像に音楽、ユーモア、さらにところどころに挿入される市川監督独特の超モダン・ショットが心憎いばかりに決まります
酒	ショット	ROGIE BAR 【バー・パブ/ショットバー】 おいしいお酒と音楽を楽しめるノーチャージインターナショナルショット バー60年代から最新ヒット曲までオールジャンルの音楽を無料でリクエストできます
その他	ショット	自分の力をアニマトロスの民に役立てようとフレイムコンボイに付いていたが、ジャックショットやギャラクシーコンボイからグランドブラックホールによる宇宙の危機を知り、サイバトロンに全面的に協力する事になる
ゴルフ	ショット	この本でのイイタイコトは、『グッドショット、グッドスイングに共通しているのは体の動きではなく、スウィング中のクラブの位置や動きだ』、ということです
その他	ショット	イスラエル軍も使用しているもので、普通、銃はぴったりと目と照星と中間照星(ショットガンには照門はない)が一直線上にならはなければならないのだが、こいつは光学的にレチクルを映し出して、多少ずれたぐらい、平気で追いかける
その他	ショット	無論、これはボーマン自身の芝居によるものでなく、ヒラーニーの指示であることは、その後にキャメラが母親を軸にしたスリー・ショットにズーム・インすることでも判る
その他	ショット	映画評の冒頭で町山は、ショット・ガンの弾痕描写におけるリアリズムの瑕疵を指摘するが(私もガン・ファンなのでこういうのは気になる)、そもそもこの映画を成功させるには徹底したリアリズムを以って撮る必要があった
ゴルフ	ショット	更に贈呈式が行なわれた僅か15分後には、市役所近隣の南相馬市立石神第一小学校の体育の授業にて、スナッグゴルフ実技講習会が実施され、3年生24名が参加して、パット、チップショット、ピッチショットなどの基本練習を体験した
ゴルフ	ショット	打球操 作性が最も優れたハードなスポンジを組合せ、前・中陣でのパワースピードドライブやカウンター攻撃、カット選手のコントロールショットなどオールラウンド なプレスタイルにおいても素晴らしい威力を発揮し、ハイレベルなゲームで中国トップ選手達が武器とする強力スピンパワーとスピード豊かな打球を、貴方のプ レーにおいて可能にする中国製最高水準のラバーです
酒	ショット	楽しみ方は色々とあり、コレクションやインテリア・アイテムとしてお部屋にディスプレイして楽しんだり、ウイスキーやテキーラなどを飲むショットグラスとして使ってもOK
その他	ショット	同日午後2時23分ころから、控訴人病院の透析室に移動し、抗凝固剤としてフサンを使用して(投与量は、開始時に50mgをワンショット投与、その後、1時間当たり50mgを持続注入の予定)、活性炭による血液吸着療法を開始したが、同日午後2時50分ころ、回路内で血液が凝固したため、これを中止した
ゴルフ	ショット	元々ショット能力の高い二人だけに勢いを維持するかと思われましたが、前での打ち合いに全くひるまない橋本選手は、チャンスボールを得意の「遅いキルショット」で処理し点差は開かない
ゴルフ	ショット	(なけりゃトップタイでしたね)先週もそうだけど、豪快なショットで飛ばしてくると思いきや、プロとは思えないようなミスをするところが彼女の魅力なのかなぁ
その他	ショット	iショットのLサイズの送り方が今までわからず、ずっとSサイズで送ってたんですがただLサイズで撮ればいいだけとは・・しかもパソコン上でこんなに大きく映るなんて知らなかったよオイ
ビデオ	ショット	いつ寿命が来てもおかしくない様に思えるおうめ婆さんを含め、ラストシーンのショットに入る誰もが少しずつ年を取っていく歩みの最中なのですが、個人としての寿命はいつか尽きても、同じことが繰り返される、その自然の営みをそれぞれが何らかの形で受け入れることが、一つの答えである、それがラストシーンに作者が込めた思いなのでしょう
酒	ショット	アルバイトでショット・バーのバーテンダーを5年ほど続けたが、マネージャーとの折り合いが悪くなり、今年8月にやめ、現在は喫茶店でアルバイトをしながら、イラストの勉強をしている
ゴルフ	ショット	昨日は雨が降って、今日も前半雨が降ったのでショットがぶれてもアプローチをしないで済んだけど、明日からは雨の予報がでていないので、ショットをしっかりと修正しないといけないと思います
ビデオ	ショット	「寄り」切ることができたショットはスタンダードからワイドへとスクリーンの拡大によって可能になった演出であり、二人を同一フレームに大きくおさめているため「奥行き」は欠いているが、男の大きな前景とそれに負けない大きさで存在する女の後景という「縦の構図」で演出されている
ゴルフ	ショット	7番ホールのセカンドショット、またもやグリーン手前のバンカーにつかまってしまい残り30ヤードのバンカーショットに臨んだAさん、全身に力みが入り「カツン
ゴルフ	ショット	地元愛知で3アンダー2位タイ発進 2番でボギーが先行した三塚だったが「ショットがすごく良かった」とスコアを落としても焦ることなく、すぐに3番でバーディを奪いイーブンに戻す
その他	ショット	専用ソフトウェア『ちょっとショットEdit』に収録された効果音、BGM、テロップ、スタンプ、フレームなどを使って、オリジナル画像やユニーク映像をつくることもできる
酒	ショット	そして先輩がバーテンダーに「ドランブイをショットでください・・・」とオーダーをすると、いきなり僕のグラスと自分のグラスに半分ずつ入れるのです・・・先輩が「飲んでごらん・・・」と僕に勧めるので一口飲むと「すごく飲みやすく、すごく美味しい」僕の知らない初めての美味しいウィスキーに変わっていたのでした
酒	ショット	伊豆七島焼酎全島28種類全国の島焼酎30種類珍物素材焼酎20種類 合計78種類から選べる焼酎バイキング 1時間 ¥980 をやってますその他有名、高価な焼酎26種類、ショット売りしてます
その他	ショット	[芸+] 【映画】安藤政信がベルリン国際映画祭でチャン・ツィイーとの2ショット披露「安藤さんはハンサムだから友達がみんな彼ばかり見ている」 [Google]
その他	ショット	今度は宙に逃げたγ兄貴から、ショットプラズマこの、逆さまから繰り出したショットプラズマ、超かっこいいコンテナで遮って、晴の炎を有効に生かす戦い方を考えようとした了平兄さんだったけど、γ兄貴の技は、それですまなかった
その他	ショット	双方ともややミスが目立つ中、日本は中島スキップが2投とも狙い通りのショットをしたのに対し、イタリアのスキップはドローが決まらず、結局日本が3点スティールして一気に逆転してしまいます
ゴルフ	ショット	より正確なショットが求められる「南コース」、自然の起伏を生かし戦略性を高めた「東コース」、 そして快適な4人乗りゴルフカーで18ホールを続けてラウンドするワンウェー方式の「
ゴルフ	ショット	正に・・・ツマミも、アテも、肴も“必要なし”・・・また、“お湯割り”も“水割り”も、はたまた“ロック”も“必要なし”・・・この焼酎だけを“ショットグラス”で楽しむ“官能味”を・・・是非、皆様方にも、味わいって欲しいですね・・・
その他	ショット	大陸移動などのメニューバーからスクリーンショット→タワーシリンダー設置→スクリーンショットを解除(キャンセル)→タワーシリンダー設置解除→右クリック(ドラッグ)操作によるカメラワーク操作が効かなくなります
その他	ショット	ジャケットでは、Takanakaが万平ホテルのバー(ジョンレノンがよく訪れたバー)でうたたねをしているショット、ジョンレノンにカクテルをサーブしたこともあるバーテンダーの小澤孝道さんとのショット、そしてTakanaka自身でカクテ
その他	ショット	スキルショットには大きくわけると2種類あり、キャラクターがボールを打つ状態で使うアタックスキル、ボールを打てない状態で使うとディフェンススキルがあります
酒	ショット	グラスは・・・・・ドイツショット社(SCHOTT)トップテンワイングラスシリーズより ウィスキー・ブランデーグラス(g−9)・・当店の商品でもあります ぐい飲みは・・・・・陶芸家、大和保男さんの作品です
酒	ショット	実はこの後、北野にすぐ上がったところにあるお気に入りのショット・バー「ル・サロン」でシングルモルトのウイスキーなど楽しもうと思っていたので、日本酒は控えてビールにしていたのですが、やっぱり辛抱溜まりません(笑)
ゴルフ	ショット	3番ロングはティショットは完璧、セカンドもしっかりつかまったボールで残り100 Yardまで運び、サードショットはP/Sでフルショットしピンに絡みました
その他	ショット	撮り下ろし写真のほかにも、70枚以上のライブTシャツ、カエラちゃんが集めている私物アイテム、私服ファッションを知ることのできるプライベート・ショット数十枚、スタッフも知らなかった真実が明かされる今だからこそ語ってくれた貴重なロング・インタビューも掲載
その他	ショット	自分のできる範囲でこれ以上というと、ダークショットは闇属性だからって理由でプルートを使ってますが、以前黒のために買ったアウスタースタッフがあって、これがAGI+5なのでやっぱり次回はこっちを使ってみようかと思います
その他	ショット	その他ショットガン用のスキル「ダスト」の発動時のモーションがガトリングのもの、グレネードガン用のスキル「グラウンドドリフト」の発動時モーションがガトリングガンになっている
ゴルフ	ショット	彼のゴルフをもっと高い位置へ押し上げていくために必要なのは、果たしてドライバーショットの腕を磨くことなのか、それともパットを含めたショートゲームの精度を上げることなのか
その他	ショット	経験をつめばガン=カタ、ヤンマーニ、トゥーサムタイム、チャージショット、ジャックポット、ワイルドスタンプ、レインストーム、サムデイインザレイン、射手座の日、「答えは聞いてない」などの上級者テクニックを身に着けることも可能である
酒	ショット	ちょうど 10 ショット、明らかに飲み過ぎだと 思うんですが、飲み過ぎるとどうしても、もう一軒行きたくなってしまうのがボクらしい ところでして
ゴルフ	ショット	テニスでのゲームの最初のショット「サーブ」は、唯一プレイヤー同士が静止して行うため、スピード、パワー共にベストショットが打てればゲームの主導権を握ることのできる極めて重要なショットです
ゴルフ	ショット	滅茶苦茶難しく、すべてのショットはピンポイントで狙わないと、 ボールはとんでもないところへ行ってしまい、グリーンはポテトチップもいいとこで、 ゴールドコーストと言うリゾートのコースにしては、とてつもないコースであった
その他	ショット	スウェーデン映画伝統の奔放な陰部ショット、CG処理を極力排したスプラッタシーンの静寂等は、今秋全米公開のハリウッドリメイク版からは間違いなく削げ落ちていることだろう
ゴルフ	ショット	「いやあ、僕よりバンカーショットが上手い選手は他にも一杯いますよ」との謙遜は、コーチとの二人三脚で練習を重ねてきたショートパットが生きたからこその受賞だった、という自負の裏返しでもあった
その他	ショット	同様のツールとしては様々なブラウザでウェブサイトのスクリーンショットを表示してくれる「BrowserShots」や「IETester」といったものもありますが、「Browsera」がこれらのツールよりさらに優れているのは、ブラウザのスクリーンショットを表示できるだけでなく、JavaScriptのエラーやレイアウト崩れなど、問題が起こりそうな箇所を特定し、詳しく分析してくれる点です
ゴルフ	ショット	宮里選手の後半のショットの乱れによる崩れは若さからの意識過剰によるものでしたが、19歳の新人に賞金女王を取られるようでは、女子プロ界のためにも本人のためにもならず私は良かったと思っています
ゴルフ	ショット	「ショットは昨日ほど良くなかったのですが、パーオン率は高かったし、グリーンをはずしてもカラーにのこったりで苦しいゴルフではありませんでした」と振り返った
その他	ショット	シーン認識機能の「おまかせ♪iAUTO」、被写体と背景の明るさを整える「フェイス&バックコントロール」、笑顔を認識すると撮影を開始する「スマイルショット」など、従来機からの機能も継承している
その他	ショット	氏のナイスなショットが満載のカレンダーや、自らが主演する超大作映画「ブレイズ・オブ・ザ・サン」の映像をテレビで目にした瞬間に、すっかり大神氏のとりこになってしまいました
酒	ショット	これで、「仕事中に出産の報告を受け、その晩一人でショットバーかなんかで「乾杯」と祝杯を挙げる」というハードボイルドな野望(笑)は潰えてしまった訳だ
酒	ショット	久々に「洋酒考」に行ってきました〜〜〜 八王子では珍しい正統派ショットバーです〜〜 これはフレッシュ苺を使ったカクテル〜〜〜 二杯目はシーブリーズ
酒	ショット	仕事で遅くなることが多かったこの冬・・・毎晩のようには飲めなかったオヤジが・・・まるで“養命酒”の如く“寝酒”代わりにひっかける“ショットグラス”の一杯に目覚め、“酔う銘酒”として嗜んでいたのが・・・このスマートな200mlの瓶・・・国産大麦の厚みのある濃醇な旨さの40°『恋麦』・・・
その他	ショット	受賞対象となった研究は、本学で提案されたショットピーニングによる鋼の表面欠陥無害化という新しい概念に基づいて、ショット粒径の変化による無害化可能な最大表面欠陥寸法の定量的評価に成功したものです
その他	ショット	タイのMD11はちゃんと撮影できる条件にあったにもかかわらず、到着ゲートを間違えてしまったため正面からしか撮影できず、スポットに入る前の側面ショットは 撮れませんでした
ゴルフ	ショット	まずは、先ほどまで生きていたマムシの大動脈からしぼった血に、これまたとれたての心臓と胆のうを入れ、白ワインで割った“食前酒”なるものをショットグラスで出されました
ゴルフ	ショット	昨夜も日経ゴルフのムービーレッスンを見ていたのですが・・・何回も見てるのに昨日初めてレッスン2の件で言っている「セットアップでショットの善しあしの半分が決まります」というのが頭に入ってきました
その他	ショット	●せっかく花やしきに来たんで一番怖いスペースショットに乗らないかと言われると、小野真弓さんは「これに乗らなきゃ会社クビって言われても乗りません
その他	ショット	このショットを便宜的に扉のショットと呼んでおくことも可能だろうが、これに類似するショットがフォード映画に頻繁に登場することをわたしたちは知っている(そのもっとも有名な例はまちがいなく『捜索者』の冒頭および結尾のショットである)
酒	ショット	先ずは、ショットグラスで“生”のまま・・・ほのかに甘く芳ばしさを感じる麹香・・・濃~い甘みのあとに黒麹と杉樽蒸留らしい旨み・・・甘旨さのあとに黒胡椒に似た独特のパンチの効いたアルコール旨みが鼻腔に抜けていきます・・・
酒	ショット	時々行く泡盛が豊富なショットバー「ラビアン・リー」のマスターが『KISS』大好きとわかり、この前行ったときに、「それじゃ、家に置いといてもしょうがないから今度持ってくるよ
酒	ショット	ショット醸造所の驚くほどリアルに葡萄のアロマや味わいをもったワインには貴腐菌が引き起こす貴腐香は邪魔こそしても葡萄本来のアロマをスポイルするだけなのですから
酒	ショット	【目次】(「BOOK」データベースより)ナイト・レストラン/ダイニング・バー/ショット・バー/カジュアル・バー/ボーイズ・バー/キャバレー・クラブ/ラウンジ/クラブ/ショー・バー【著者情報】(「BOOK」データベースより)けんいちろう(ケンイチロウ)夜遊び・片町遊びの第一人者として番組ナビゲーター(「けんいちろうのベロベロナイトクルージング」テレビ金沢)に雑誌コラムの執筆など幅広く活躍中
ゴルフ	ショット	カットショットのとき、下にラケットを打ち下ろす動作をしてるからか、それともボールが放物線を描く代わりに、緩やかな直線に近い軌道を描くため、低い軌道を描くように打ってるからか、理由はよくわからんですが、卓球をしてる人は、ボールに下向きの力がかかっているように感じていることが多いです
その他	ショット	中でも「海のカムイ(カムイとはアイヌ語で「神」を意味する)」オオカミウオのショットは強烈で、これぞまさしくガンコ一徹な日本の親父(ああガンコ一徹というか星一徹というか(^^;; )私は海で彼に出会っていたら「うわぁ~ん ごめんなさあいッ
その他	ショット	前回はカタクチイワシの大群が回っており空サビキで入れ食いだったので、今回はボートを出す前から竿にサビキをセット、いつでもショットガンをぶっ放せる用意をしておりますが、魚影がありません
ゴルフ	ショット	なにより成田さんからドクロちゃんアニメ化記念で頂いたPSP(任天堂DSも頂きました)の『みんなのゴルフ』(DSは『きみのためなら死ねる』が付いてきた)でも、指がかじかんでミスショット連発
その他	ショット	会社(サーバー管理部門)でエラー画面やブラウザベースの管理ツールのスクリーンショットを保存したりそれをメール添付して送受信しているけど、あんがい画像フォーマットのことを知らない人がいたという事実
その他	ショット	プライベートショット、番組・舞台裏完全ルポ、お部屋公開、愛され女子アナメイク、私服チェック、カバンの中身&メイク道具見せます、思い出アルバム、自分撮りお食事日記、履歴書拝見、対談、スペシャルインタビュー
ゴルフ	ショット	クラブヘッドの速度が等速であれば、ボールは正確な飛距離を刻むことができるのでアイアンショットやアプローチに最適ですが、飛距離アップには加速力が必要です
その他	ショット	確かに日本の自衛隊の精度や兵力、また兵器性能などは飛びぬけてすごいですが、ミサイル迎撃は空中の小石をショットガンで撃ち落とすくらいに難しいという例えをテレビか何かで聞いた覚えがあります・・・つまりは当てるのは相当に難しいのでしょう
その他	ショット	敵を精密に撃つ場合はシングルショット、数の多い敵を一掃すゴールドカード 比較る場合はダブルショットといった使い分けを要求される場面がゲーム中では数多く存在し、後述するチェインコンボによる得点システムと相まって本作を強く特徴付けている
ビデオ	ショット	オーディエンス・ショットではありますが、会場のスクリーンをほぼ完璧に捉えており、画質は粗いもののプロ・ショット同様の映像をお楽しみいただけます
ゴルフ	ショット	すごいショットをたくさんみせてもらい、初めて訪れたゴルフ場でこんなにすごい試合を みることができるなんて、私はとても幸せ者ですありがとうございました
ビデオ	ショット	今年のSIGGRAPHで、映画 "Matrix" でイメージベース レンダリングを使ったシーン(ビルの屋上でキアヌが銃弾をかわすところをカメラが回り込んで写すショット の背景のビル群)が紹介されていたが、あそこにCGが使われていたとは 考えもしなかった
その他	ショット	同じ1200万画素のマルチショットタイプのデジタルカメラが1200万画素全てにリアルな情報を持っている(1200万画素で3回露光するわけですから、ベイヤー配列に置き換えると3600万画素相当の情報量を持っているわけです)のに比べて、ワンショット機はその半分のデータから演算されて1200万画素を形成している訳です
酒	ショット	リモンチェッロ【続きを見る / 閉じる】といえば、キンキンに冷やしてショットグラスでグビっと飲むのが主流ですが、その他にもおいしい飲み方が沢山あります
その他	ショット	スパイク、テレビ番組出演者がフレームになった「TBS写真館」 ~~ スパイクは、東京放送(TBS)の番組出演者の画像をフレームとして提供するiショット端末向けサービス「TBS写真館」をオープンした
ビデオ	ショット	カメラを意識せずに動き回るダンサーたちの動きを無数のショットに分解した、支離滅裂な映像は、かろうじてビョークの音楽によってつなぎとめられているかのようで、観ていて少しも楽しくないのです
その他	ショット	立木エリアは普通のダウンショットを使用してますけどソリッド系を使用してシンカーの軽いマス針を使用するC馬ショットだとどうしても立木に根掛りしますしシンカーの重みで外れるようにも出来るんですけどボートを固定でラインを垂直に向け無いと無理ですね
その他	ショット	とくに橋の脇で、三つの建物をワン・ショットにおさめるスポットは、絶好の記念撮影スポットで、N先生が、いつものサービス精神を発揮して、皆をひとりひとりそこに立たせて撮影してくださった
ゴルフ	ショット	「重大なショットの場合に、一度も使ったことがなかった凹面のでかいサンドウエッジ(その年のはじめにH・スミスからもらった)をセント・アンドリュースで一度、潅木から叩き出すのに使ったきりだが、この70ホール目のこの場面、このクラブ以外にショットを成功させるものはないとわかっていた
その他	ショット	不気味な声を発して80とも激闘を繰り広げたが、最後は80の説得とセブンに追い回された恐怖のあまり腰が抜けたサタン党が反省したことで少年の怒りがおさまり、80のタイマーショットを受けて元の人形に戻った
その他	ショット	朝会社へ向かう通勤路、練馬区光が丘の自宅前の豊島園通りから光が丘公園の外周道路を通って板橋区成増2丁目の会社事務所へ向かう交差点前の信号待ちのときにワン・ショット、スーツのポケットの携帯電話の内蔵カメラで撮影しました
その他	ショット	これまでの本に見られなかった、水面に顔を出したイルカの真正面のショットが載せてあり、他の特徴としては、イルカのまぶたや白眼までクッキリと映されている、かなり近くに迫って撮ったショットなどもあります
ビデオ	ショット	一般的には、「映画における物語上の基本単位(編集されていない最小単位)がショット(カット)、ショットが集まった物語上の単位で単一の場所やアクションを扱うものがシーン(場面)、ショットやシーンが集まった物語上のより大きな単位がシークエンス」と定義されています
ゴルフ	ショット	それに対して良い点は、1梅6番の5Wでのティーショットはあわやワンオンのグッドショット、2竹9番の3打目は木を避けてのインテンショナル成功(左へ打ち出して右に曲げる)、3バンカー脱出はすべて問題なし(トラブルには慣れているからか
ビデオ	ショット	画像は引きのショットが多くそれでも各奏者の表情まで見えてBDらしいが 音声は解像度がもの凄くてベルリンフィルの12人のチェリストのザクザク感や コントラバスのゴリッと響く感触がコンポやケーブルによって様変わりする
その他	ショット	ハイエンドデジタルカメラのマルチショット(8800万画素)機能をすればモアレを発生させずに撮影することができますが、それは被写体が動かないというのが前提で、物撮りであれば有効ですが、人物撮影においては後処理で修正を行うしかありませんでした
その他	ショット	具体的には1パルスのレーザーショットにより、一辺が60μm以上の立方体の中に、直径が10μm以下の球状あるいは棒状の異質相を100個以上形成する
ビデオ	ショット	結局、ずっと心配してくれていた男と一緒になるのだろうという暗示で終わるのだが、 最後の静止ショットは何でもない庭、ゴミが転がっているだけの庭の長まわしだった
その他	ショット	己れの可能性を信じ、カメラマンとしての誇りと信念を常に忘れなかったTaizoのニコンから繰り出されるワンショットはマシンガンよりも鋭く、地球上を揺さぶった
その他	ショット	ショットガンを手に入れて、気が大きくなったマイケル・ダグラスは、「世界は狂っている、俺が世直ししなければ」という、正義感を抱き、ショットガンを片手に車を降りて、世直しのために歩き出す
ビデオ	ショット	妹さんのエピソードは、別の人の裸を繋いであたかもその女優が裸になったように見せる、それがモンタージュだというものだったのですが、この映画はあるショットの次にどのショットが来るかということをとてもよく考えた作品のように感じたんですが、監督のモンタージュに関する考え方と、また絵と音がとても少なかったことは、監督の映像哲学に基づくものなのか、そのあたりをお聞かせください
ビデオ	ショット	「ロード・オブ・ザ・リング/二つの塔」(ピーター・ジャクソン監督)の合戦シーンで、「七人の侍」の雨の中で弓を引く勘兵衛のショットがそのまま引用されていたり、「ラストサムライ」(エドワード・ズウィック監督)では雨や風、馬や屍の使い方など、黒澤映画から引用されたショットは多数あります
ビデオ	ショット	フィルムを自由に編集できるなら、会話のシーンも二人を同時に収めることなく、切り返しで正面から交互に写すことが可能ですが、ワンショットで画角が固定されている場合、会話の相手が歩いて離れていけば、それはフレームの外側へ消えてしまうことになる
その他	ショット	試作品や開発製品が多いので、残念ながら公開することはできませんが、成形時に金型本体に掛かる負荷が少ないため、型持ちが良い、ミスショットがない、ということで有名なのだそうです
その他	ショット	通常のショットアイテムの場合、自機の状態によっては複数個取らないとパワーアップできませんが、ショットアイテム【大】の場合は無条件にパワーアップとなります
ゴルフ	ショット	30秒は難しいですが、最初のゴルフのショットは絞り込まれているので15秒でも非常に「あっなるほど」と分かって面白いのですが、大洲のは分かりにくかったです
酒	ショット	“オイリー”な食事です・・・少しだけ飲みたいです・・・この油っ濃さに負けない“ショットグラス”です・・・“常圧”です・・・40°です・・・原酒 『狩生梅五郎』・・・
ビデオ	ショット	) また、再会した香取慎吾と工藤夕貴が海を背に語り合うショットや、香取と倍賞千恵子が夜の雪原を背に語り合うミドルショットの対話の間にはいかにも阪本監督独特の味わいがあり、『王手』の日本海のシーンなどを思わせる何ともいえない情感を湛えている
ゴルフ	ショット	グリーン周りのヨセはもちろん、他でありがちなZINCでは決してまねできないフルショット(例えば30ヤード残ったバンカー超えからのショット)も材質は304SSを
ゴルフ	ショット	「スタートがうまくいきホールショットが取れて、序盤の流れはよかったのですが、後半セクションではうまくリズムがつかめずに順位を落としてしまいました
その他	ショット	そいえば、並んで酒を飲む二人の2ショット、先に魏で2人ほど解いたときには必ず徐晃&張遼という渋い2ショットでしたんですが今回は張遼&張コウというW張さん
その他	ショット	もちろん、さらに重量弾を使って高めの初速で飛ばしてやればもう少し遠距離から命中も期することは出来るでしょうが・・・少なくとも「初弾で50mヘッドショット」なんて0
その他	ショット	早朝5時半ころから練習開始、トーナメント・ブレックファーストでスタミナ充填後、クラブハウス前での開会式が実施され、その後各パーティは指定されたスタート・ホールに移動、午前7時に全ホールに聞こえるホーンが鳴り響き、所謂ショット・ガン方式で大会の幕は開きました
その他	ショット	ポーラ(東京都品川区)は、5月からポーラオリジナル美白成分『ルシノール(R)』を配合し、メラニンの生成を抑え、日ヤケによるシミ・ソバカスを防ぐ美白美容液『ホワイト ショット W』を中心とした美白シリーズと、オリジナルのUVカット日傘をセットにしたボーナスセットを百貨店限定で発売する
ゴルフ	ショット	ネット前で鋭角のある緩急ショットを使い、バックバウンダリ−ラインやネットとの中間や相手のボディーを狙い、対戦相手にプレッシャーを与えるショットである
その他	ショット	はじめに、佐賀県三神農業改良普及センター北部振興担当の上瀧主査より、中鶴地区にショットガン直播栽培を導入した経緯や稲の生育状況等について説明をいただきました
その他	ショット	大胆ショットを収めた写真集や街角の雑踏で披露したビキニ姿など、アグレッシブな露出で知られるクリッシーが両親の心情を思い、ふと心の揺れをのぞかせた
その他	ショット	フィル・ライノットのカリスマチックなパフォーマンス、スコット・ゴーハム&スノウィ・ホワイトの味わい深いギタープレイ、そしてタイトなドラミングで全体をひっぱるブライアン・ダウニーの素晴らしいプレイを、理想的なマルチカメラのプロショット映像でたっぷりと楽しむことができます
その他	ショット	それとか長男の息子の机が老夫婦が来るというので廊下に出されるでしょ、そこんところの廊下突き当たりのショットとかネ、廊下というと熱海の旅館の廊下突き当たりのショットが、先のショットに重なって、あれれとか思わせてくれておもしろかった
ゴルフ	ショット	わたしはテレビにて観戦していましたが、その18番第3打、池田勇太プロのアプローチショットのアドレス時にクラブをソールした際に、ボールが少々沈んだのをはっきり確認することができました
その他	ショット	ドラえもんの映画のプロモーション中だったので、ドラえもんを背景にしてi(アイ)ショットで写子とって、それをプリクラにしてプレゼントしてもらいました
酒	ショット	「LOCO×G(ロコ・ジー)」は、バーテンダーが作るカクテルをショットで味わったり、女性スタッフと話を楽しみながらゆっくり飲んだりすることができる、今までにないスタイルのバー
ゴルフ	ショット	「テークバックの始動の仕方にひとつのヒントをつかみ、きょうはちょっとしたことを試したらアイアンショットが安定してきたんだ」と眼鏡の奥の細い目を一層細めた
その他	ショット	高速ショットは、普通に撃つとまっすぐにナイフが飛んでいくだけだが、サブショットのナイフは方向キーの入力方向(左右)に30度ほど傾けることができる
ゴルフ	ショット	競馬&競艇予想大会の対象レースでもあった、ままカンこと大間々カントリー倶楽部のタイトル戦は2コース17トップスタートからナイスショットの早差しで1号艇の初代上毛風神杯覇者佐藤大介を差しきった2号艇矢後剛が通算30回目の優勝
酒	ショット	あまりに楽しかったのでテキーラをショットグラス(メキシコではテキーラはボトルで出て来て、サングリアと呼ばれるトマトジュースみたいなものと一緒に呑みます
酒	ショット	ポーランドの蜂蜜酒Miód Pitny(ミュト・ピトヌィ)は、食前酒もしくはナイトキャップとして、小さなショットグラス(もしくはスリムなリキュール・グラス)に入れて飲むのが一般的ですが、ジュースやウォッカ等を加えてカクテ [
その他	ショット	広義には切り返しと同一視されるが、ここでは一方の当事者の視点からのショットとその当事者が見たもののショットによるインター・カットと限定的に定義して使用する
酒	ショット	スゴ腕のバーテンダーたちの手で作られるカクテルの種類は、全部で135、シューター(アルコール度の高いお酒を一口で飲むショットのこと)も合わせると、366種類にもなります
その他	ショット	窓でスクリーンショットを取ることが、印刷スクリーン・ボタンを押してあるいはそれyaがマック報道機関命令+変化+4にそれを望んであるいはyaが絵を望むものの周りに骨組みを引っ張るところを貼り付けます、そして、それは、あなたのデスクトップにそれを自動的に省くでしょう
その他	ショット	膨大な数の特撮ショット、デジタル素材と実写素材の複雑な合成等を円滑に進める為に、洗練された管理体制と、映画製作におけるプロダクション・パイプラインを確立する必要があった
酒	ショット	久々なこともあり2階フロアのドリンクの近くで飲みながらお互い近状報告 してたら隣でバーテンの人としゃべってた男の人にショット渡されバーテンの人と4人で
ゴルフ	ショット	ゴルフには「プレショット・ルーティン」という言葉があり、ボールを打つ前に毎回決まった動作を行い、打つべきショットのイメージとメンタルの準備をします
ビデオ	ショット	衣装や、部屋の片隅に活けてある花々の品の良い姿も良し、橋を渡るおしずのロングショットの朱い日傘や、貞二郎が夜更けに仕事をするラ・トゥールの絵画のような光や、夏の庭の美しい眺めも素敵な映画
その他	ショット	「困った会議」のパターンやその問題点、さらにはeXtreme Meetingの豊富な機能を様々な画面ショットや図版を使って、直観的にわかるように解説している
その他	ショット	見苦しい言い訳をする山中やそれとは対照的に地味ながら、活躍する吉村、Aのタイマーショット、パンチレーザーも見所だか、如何せん、話のインパクトと久里虫太郎にインパクトが取られている感がある
ビデオ	ショット	などと思いながらも、青年が山の中で絡み合う蛇の交尾を見るというショットが前にあるのですが、それにリンクしたような青年と少女の描写はもっと自然の営みの一部といった感じがして厭らしさみたいなものは感じませんでした
その他	ショット	&荀[或〃]【銃、謎の鍵、防弾チョッキ、カラーひよこの羽、ディフェンダー45口径、ショットガン、 ニューナンブ、スタンガン、鉈、小型ナイフ、チャッカマン、九環刀】
その他	ショット	ショットとボムで進み難易度も程ほどと、この時期のゲームについてあまりいい印象で感想を書いてはいないのですが、それは専門性へと深化が進むアーケード事情に対して居場所を失っていく自分の疎外感からくるものです
その他	ショット	今回のアルバムが「9」枚目、そしてツアーパンフも「9」冊目という事で、ウルフルズ的「9(究)極ショット」と銘打って、みなさんに写真を選んでいただこう
その他	ショット	HP用に必要なイメージショットを残す為に現地へ撮影に行ったのですが、残念ながらもう紅葉の最後で、しかも撮影始めて数分後から雨が降ってきてしまいなかなか良いイメージショットが残せませんでした(涙)、でも年間契約を頂けたので今後一年間春夏秋冬を通して何度か撮影に来る予定なので急がず慌てず確実に良い時を得てよい写真を残して行きたいと思っています
その他	ショット	通常、軍隊等で戦闘・対人用途として主に使われるのは、より大きな粒の弾を用いたバックショット(buck=牡鹿、つまり鹿をはじめとする中型動物狩猟用の弾薬)や一粒弾スラッグショットであり、威力不足とされるバードショットが戦闘(対人)目的で用意される事は無い
その他	ショット	自動ショットガンには、反動を利用したリコイルオートなんて珍しいモノもあります・・・反動を有効に利用するため、両手でしっかり持たないと動作しません
その他	ショット	プライベートでも仲の良い山下との、初々しい2ショットでのダンス、ユニットFour Tops時代の映像、NHKの「天才てれびくん」「あぐり」出演映像など、貴重なVTRが次々登場
ゴルフ	ショット	しかし、テニスというスポーツは、競技性が非常に高いスポーツなので一生懸命なアマチュアにとって軽い試合、軽いサーブ、軽いショットで練習することは、実際に困難なのが現状です
ゴルフ	ショット	普通にドライバーショットをしていれば、なんでもないティーグランドシーンでしたが、カンフースタイルの撮影が始まったとたんに、撮影現場はカンフー映画を撮っている様
その他	ショット	竹野内豊さんとの2ショットすごいいい感じですね(^O^)確かに竹野内豊さんはかっこいいですよね(^O^)もちろん淳平クンもめちゃくちゃカッコイイです(^O^)ちなみに私のお母さんが竹野内さんのファンなんですよ
その他	ショット	「1dayパスポート」「1ショット」のどちらの手数料コースで売買された場合も、株式売買手数料100円につき、ビーンズポイントを1ポイント(5円相当額)が貯まります
その他	ショット	やがてゴッサムに戻ったバットマン&ロビンは、デッドショットの正体が億万長者のフロイド・ロートンであること、そして彼の目的が、クライム・ファイターとしてバットマンを追い落とした後、ゴッサムのギャングたちの頂点に君臨する、というものであることを突き止める
ゴルフ	ショット	中上級・上級クラスでは、前後・左右・高低+スピードコントロール(ショットに緩急をつける)の4次元を活用するハイレベルなテニスをマスターしてゲームに強くなりましょう
酒	ショット	500種類を超える、ウイスキー、ブランディー等をショットでお楽しみいただける他、スタンダードカクテルはもちろん、季節のフルーツを使ったカクテルも最高です
その他	ショット	次に写真が、龍馬伝のワンシーン(福山さん演じる龍馬との2ショット)に変わり、テロップは 「大河ドラマ『龍馬伝』坂本龍馬の盟友 近藤長次郎役」 映像はスタジオへ切り替わる
ゴルフ	ショット	しかし、連続バーディーのスタートで勢いに乗るスルーマン、4番アイアンでの会心のショットは雲ひとつない真っ青な空を2つに割って、ピン右手前6メートルほどのところに落ちた
ビデオ	ショット	父親たちが小料理屋(女将は高橋とよ)で一杯やったり、クラス会を開いたるシーン(どちらも中村伸郎がいい味出してます)、部屋の中の静物(例えばヤカン)を何気なく捉えるショット、どこからともなく聞こえるオルゴールやピアノの音など、他の小津映画でも登場するパターンは本作でもふんだんにあるが、私はこの小津映画の世界が好きでたまらない
ゴルフ	ショット	その後、幸いにも大事にいたる事無くコースに戻った奥さんの姿を確認してからは、別人のようなショットを連発し、スコアを大きく伸ばし首位に並びプレーオフを制したのだ
ビデオ	ショット	そしてラストカットは喫茶店内から二人が談笑していたであろう「テーブルなめ」からガラス越しに通りをそれぞれの方向に別れていく二人のロングショット
ゴルフ	ショット	もしもあなたが本当にご自身の健康のためや自然との交わりを純粋に楽しむためにゴルフ場を18ホール巡って、ミスショットやスコアに全くこだわらないのでしたら、このブログを探しだして読んでいるあなたは存在しないはずですし
その他	ショット	5月5日 フジ、、「接写」「セルフショット」「標準」という3種類の方法で撮影を楽しめるフジカラー「写ルンです3ways(スリーウェイ)」を5月下旬に発売
酒	ショット	’Tゴルフ場会員K某(48)氏は2005年8月ゴルフ場の食堂で女性従業員K某さんにビールと洋酒を混ぜた‘爆弾酒’を自分と‘ラブショット’で飲もうと強制した
ゴルフ	ショット	この日は、ティーショットの好調とは裏腹に「パットとアイアンショットがあまりうまくいかなかった」と話した岩田だが、前半を1オーバーで折り返したものの、後半12番、そして最終18番ホールでバーディをしっかり決め、トータル4アンダー、20位タイの成績で今大会を終了した
その他	ショット	敵を倒すと現れるアイテムを取ることでショットのパワーアップ、ウェポンの補給、ライフやエネルギーの回復、ボーナス得点の取得、スペシャルショットの使用などが可能になる、また、ステージ中に配置されているノーマル戦車、武装トラック、警備ロボットなどの特定の乗り物に乗り込むとより強力な攻撃と溜め撃ちが可能になり、3発まで敵の攻撃に耐える事ができるようになるのだ
ゴルフ	ショット	後は基本の応用となりますが、大別すると「大きな動きのショット」と「小さな動きのショット」を的確に打てるよう反復して練習することが必要だと思います
酒	ショット	1軒目和食屋 → 生ビール、焼酎ロック2杯、梅酒ロック2軒目ショットバー → ジントニック、マティーニ、サイドカー、XYZ、レモンハートデメララ151Pストレート滞在時間は2時頃まで計5時間位で、食事はあまり口にしていません
ビデオ	ショット	そうしておいて、同じショットを繰り返し使用しながら、フレーム枠を少しづつ拡げ、あるいはショットの尺を伸ばし、笑顔の傍らに存在していた異常な光景に観客の注意を導いてゆく
ビデオ	ショット	カーテンコールでのスタンディングオベーションを撮影されたもので、「後姿」とは言え熱演を終えられた俳優さんとの思いがけないショットに朝からうれしくなりました
酒	ショット	ビールの入ったコップにウイスキーを注いだ小さなショットグラスを落としこみ、そのまま(ショットグラスがはいったまま)一気飲みするというのが基本だが、意外なバリエーションがある
その他	ショット	特に、固い敵とザコが混在して出てくるような場面をショットだけで進むと、ザコを撃つことでドクロゲージが維持され、その間に固い敵に撃ち込まれるショットで黒金が大量に回収できます
ビデオ	ショット	これは、熱照射装置による加熱の最中に、赤外線カメラによる記録を定点で複数回行い(マルチショット)、赤外線カメラで得られる温度データを画素毎に積算し、積算値の大小を濃淡により表示した分布図を作成することで、検査対象部の状態を判定するという手法です
ゴルフ	ショット	ショットは先行してボールが止まった地点を確認して「ナイスショット」、パットはカップインを確認して「ナイスバーディー」「ナイスパー」と言ったところです
ビデオ	ショット	5 秒ほどで読み進むロングショットのひとコマでも、映画では 5 秒以上に見せたい時もあるだろうから、読み進む速度のままに映像化できるとは思っていない
ゴルフ	ショット	先週の試合中継でも、ミスショットしたある選手(中堅)がゴルフバックをアイアンで引っ叩くシーンが放映されてしまい、解説の水巻プロが必死でフォローをしていました
その他	ショット	ところでショットの硬さは、被加工物、すなわちばね同等かややそれを上回る程度が標準で、鋳鋼ショットの場合、鋼製ばね用としてはHv450〜520が標準です
ビデオ	ショット	そんな季節感、空気感を男がのべつ拭く汗、タカシが冷蔵庫からとりだしてグビグビ飲むコーラ、それをうらめしそうにみる見る男、涼を求めて二人が取り合う扇風機の風等々のショットで描写する
その他	ショット	そして・・バックに見える細葉の草は「カンガレイ」(カヤツリグサ)といって、魚で云えば「メダカ」的な存在・・めっきり少なくなったことも、ナイスショットの一つだとおもいます
その他	ショット	そこで、不耕起体系が導入困難な北部九州や北陸を対象に開発を進めたショットガン播種機による水稲湛水直播栽培、ショットガン播種機の大豆・麦栽培への汎用利用技術、小麦の作期移動技術、大豆の耕うん同時畝立て播種技術について紹介します
その他	ショット	Pのセドリックと俺の相棒、旧車になりかけのクラウンの2ショット(^_^)v殆どどノーマルだけんとりあえずスモークウィンカーカバー、スピーカー4つ変えました○休日は何台かで連なって流してるんでみかけたら手ぇふってやってください(^O^)ノシ 「difference」をよろしく
酒	ショット	Bridge 【バー・パブ/ショットバー】 【祐天寺駅近1分】白に包まれたゆったりくつろげる空間♪ おいしいお酒と楽しい会話で、いつもと違った時間を過ごしてみては・・・祐天寺にお洒落なBar登場
その他	ショット	予選のタイム計測は梨本さんたちが手動計測するのですが、磁石が埋まっているところとは別のところで計測するので、当然ラップショットとはタイムが変わって来ます
ゴルフ	ショット	芹沢信雄/金井清一実業之日本社この著者の新着メールを登録する発行年月:2005年10月登録情報サイズ:単行本ページ数:255pISBN:9784408403274【内容情報】(「BOOK」データベースより)本書の前半では金井プロがすべてのショットに共通するスイングの基本と、ドライバーからアイアン、アプローチ、パッティングの上達法をていねいに解説します
ビデオ	ショット	」 だはは、モルギフ幽霊扱いでつよ(笑) 今週もちょっとだけの、グウェンダルに萌えを求めて見ていますヴォルフのまっぱサービスショットは他のシーンより気合の入ったカットで
その他	ショット	ショットガンの銃身は普通ライフフリングが彫られていない滑腔銃身ですが、そのため、一粒弾を撃つ場合、弾丸は回転しないで飛んでいくので、弾道が安定せず、命中率に難があります
酒	ショット	ちなみに今回はこの後、北野にあるお気に入りのショット・バーである、ル・サロンに行くことを目論んでおり、お酒は控えていたのですが、いろいろ料理長さんと話していると、何と、ル・サロンのマスターとはお知り合いのようで、意外なところにつながりが有るのだなぁと思ってしまいました
その他	ショット	インターネット上のブログなどでは、5番街の85丁目で撮影されたキャリーとビッグの2ショット・シーンがファースト・シーンと報道されているけれど、 これは撮影第1日目の4時以降の撮影で、その前にクルーはアカデミー・オブ・サイエンシスのロビーでの 撮影を済ませているのが実情となっている
酒	ショット	量り売りのショットバーとしては、その都度「メジャーカップ」で正確に量ってお酒を作るわけだが、焼酎などは1ショット30では格好がつかないし、焼酎というお酒の性格上、アルコール度数との釣り合いも考えてこれまではシングル45ccで計量していた
ゴルフ	ショット	距離だけ見るとそれほど長くないが、ガードバンカーをきかせたホール、池がショットの幅を狭めたホールなどが混在し、スコアメークの点であなどりがたいコース
その他	ショット	NORIES/ワーミングクランクショットダブルフルサイズ ノリーズ/ワーミングクランクショットフルサイズ ★オリジナル「ショット」の実績十分なアクションと軽快なヒラ打ち、優れたカバー回避能力性能はそのままにキャスタビリティーとアピール力を向上したフルサイズ
その他	ショット	敵の攻撃形態に合わせて変化するスパイダーネット、キャスティングネット、スパイラルダクト、ブーメランショット、ワイルドトラップ、グレートキャプチュアーなどの応用技もある
ゴルフ	ショット	コース造成中自らショットをして細かい指示を出したと伝えられるが、1934年第1回マスターズが開催されるまでに二百数十個所の手直しがなされたという
その他	ショット	それから武器チートを使いますおっさんがついてくるのでそれをゾンビが追いかけてくると思ってM60だのショットガンだのマシンガンだの自分の好きな武器で殺して下さい
ゴルフ	ショット	激しく動き攻めて来る鳥羽一郎のショットにまたしても引き気味の奥山さんでしたが、脚の怪我から復帰してまだ数週間、ある意味仕方が無い事だな・・・・・という思いと、簑君が脚の怪我で出ていない以上、一般と35歳代の勝利はほぼ確定だな・・・・・と頭の中で計算しながらプレーをしていました
その他	ショット	ここは、左右に動いてレーザーを避けながら、ヘビーマシンガンやエナジーショットを斜めに撃つ(レーザーは真上に発射されるため)のが一般的な攻略法だろう
ゴルフ	ショット	迎えた大会初日、石川はドライバーショット、アイアンショット、そしてパッティングと安定したゴルフをし、1イーグル、6バーディの7アンダーでホールアウトし、単独首位という最高のスタートを切った
ゴルフ	ショット	「たとえいいショットをしてもこれではボールがどこへキックするかわからないし、慎重にラインを確認してから打たなければなりませんね」としきりに左肩を気にしながら難しさを強調
酒	ショット	薩摩焼酎セラーでは、幻の焼酎と言われている【森伊蔵】や【佐藤】を含め、鹿児島県内の薩摩焼酎蔵元全104社、170種類以上の焼酎を取り揃え、全ての焼酎が黒じょか一杯分のショットで楽しむことができるという
ゴルフ	ショット	予選では前回優勝した内藤省一選手がポールを獲得し、ヒート1でもホールショットを奪い、2周目には33秒51のファーステストラップをマークするが、先行逃げ切りを意識しすぎたのか3周目には転倒してしまう
その他	ショット	わたしだったら・・そうした中枢部のプログラムやテーブルデータ書き込みは「不可逆性を持つワンショット書き込み(ヒューズROMやマスクROMなど)」に限定しますけどね
酒	ショット	女の人の胸の上でショットグラスを乗せて舐めるように飲むという品の無いものや、お客の口をあけさせて注射器で酒を注ぎいれたり、ひどいのになるとお客の口の中に何種類もの酒を入れて何とバーテンが頭をゆするというとんでもないものまであります
ゴルフ	ショット	でも、ちょっとだけ残念でした、13HでTショットがバンカーに入ってしまった後、思わずティーをクラブで叩いてしまいましたね、感情が入ってしまいましたが、少しだけ冷静に・・・・余計なお世話かな
ゴルフ	ショット	そうですよね、著者が言われるように(飛距離に拘らず)「安定したショット(再現性の高いショットを打つことで、結果としてスコアアップにつながる」というゴルフを何年もやってきた私(Green Keeper)としては、我が意を得たり、といった所です
その他	ショット	またささやかではありますが、小説『マリファナ・オンライン』の続きが待ちきれない方への、小説創作舞台裏のようなスクリーンショットもご用意いたしましたので、どうぞお楽しみください
ビデオ	ショット	観客は列車型の館内でファントム・ライド映画と呼ばれる「動く景色」の映像を見ながら、ショットにあわせて列車が震動し、汽笛を鳴らし、人工の風が吹き込むのを楽しんや
ビデオ	ショット	ラルゲユウスが、その羽の衝撃波で街を破壊するシーンも撮影されたが、円谷英二がその絵の仕上がりに満足せず、お蔵入りとし、その代わりに「ラドン」のショットを流用したのは有名な話だ
ゴルフ	ショット	現在の雑誌やニュースサイト、公式サイトでのプロモーションを見る限り、パンヤとはなんぞや、ショット方法はこんな感じ、と基本的な部分しか紹介していませんしね
酒	ショット	・BACK BONE BAR 【バー・パブ/ショットバー】 珍しいお酒・ダーツ・100インチプロジェクターで、オールジャンル ミュージックからスポーツまで
その他	ショット	そして、第2の妙に同時になっている要因を思い出させるのは、この妨げられてない見解です;テレビ放送のようなそのLow Frequency Electromagnetic放出は地球(丘または地平線)を通り抜けませんし、彼らは非常によく建物さえ通り抜けなくて、そして、かなりはっきりしたショット(ラジオのようなより高い頻度放出と違った)を必要としません
その他	ショット	まだ日本ではほとんど情報が出ていないけど「スゴイ」らしいと噂のOmniture社の「SiteCatalyst」と、国産のマーケティング志向アクセス解析ツールであるデジタルフォレスト社の「Visionalist」に関して、大量の画面ショットを出しながら詳しく解説しています
その他	ショット	「日本で初めての2ショットチャットであり、できた当時は他の2ショットチャットがまだ無かったので 自動的に『日本で最強の2ショットチャット』となった経験をもち、『メル友機能』もついているチャット
ビデオ	ショット	1989年7月、北アイルランドのバリーローナン、ネイ湖畔で開催された野外フェスティバルを手持ちビデオカメラで記録した88分のオーディエンスショット
その他	ショット	これらの手法は、現在放送されているような製作者の意図により編集された映像に対しては有用であるが、すべてのショットに対する記述を行うことは困難であり、また映像製作者個人による記述のため、視聴者のさまざまな検索や映像の内容に関する質問といった要求に常に答えられるとは限らない
その他	ショット	時は夕刻、ダンさんは宴会で出す”へギ蕎麦15人分”を購入する為に市内へ、Yamaさんも宴会準備であっちゃこっちゃにかけずり回っている頃の1ショット
その他	ショット	VISH 株式会社(本社:愛知県名古屋市以下VISH)は、制作したサイトが多様なインターネット環境下でどのようにブラウズされるのか、検証用マシンを使わずともスクリーンショット形式で一括で画面確認ができるサービス「スクリーンショット
ゴルフ	ショット	たとえば、ある女の子は左右にショットが曲がるクセに悩んでいたが、ワンポイントアドバイスを受けて実践したところ、まっすぐボールが飛ぶようになった
その他	ショット	(100円ショップキャン★ドゥとFC契約/(株)ワイ・アリーバーとFC契約/居酒屋「とりあえず吾平」/ビリヤード「タウンショット」/バッティングセンター「ホームランスタジアム」/つり堀「鯉太郎」)
ビデオ	ショット	彼の作品の大きな特徴は、こうした美しいロングショット、徹底した長回し撮影、説明的なセリフ表現の排除、音楽・音響へのこだわりなど、観客を物語の世界に引き込むための工夫が随所になされていることであり、新たな映像表現への挑戦は今も続けられている
ビデオ	ショット	この「客観的」な視点を保つために、カメラは、典型的には固定され、カメラの運動は、もしあっても、通常はスムーズなパンやティルト、トラッキング・ショットに限定さる
酒	ショット	もちろん、水割りやお湯割りでも美味しくいただけますグラスに氷を浮かべてロックで、またはボトルごと冷蔵庫で冷やし、ショットグラスに注いでお召し上がりいただき、トロリとした濃厚な味わいをお楽しみください
酒	ショット	jp/ 高いお酒は避けて割安のお酒ばかりを行きましたワンショット 90ccでした【黒糖】朝日◎【栗】ダバダ火振り◎【麦】釈云麦(じゃくうんばく)◎【芋】三岳◎【芋】愛子◎・・・・・・ [続きを読む]
その他	ショット	朝日の記事中にある、セミナーで個人情報を公開して参加者に配布したというのが朝日の事実誤認だったりするとどうしようもないが、参加者に聞くと、個人情報を抜いたときの画面ショットがそのままセミナーで公開されており、しかもその画面ショットは発表用資料としてPowerPointで参加者に配布されたのだという
その他	ショット	自機「カラス」基本操作は、ショットボタンで通常ショットを放つ「通常ショット攻撃」、ソードボタンでソードによる近接攻撃を行う「ソード攻撃」、何もボタンを押さない状態で一定時間経つと、自機の前方にバリアを張れ、敵弾を防ぐ事が出来る「バリア」、そして特殊攻撃ボタンで、SPゲージを消費する事によってカラスの周りに力場を作り、その力場で敵にダメージを与え、カラスも無敵に出来る「特殊攻撃D
ゴルフ	ショット	ちなみにグリーンのうえでパターを使ってショットすることをゴルフようごでは、パットと言いますし、ショットしたボールがじめんにつくまでのきょりをキャリーというようにゴルフ予後でいっっています
その他	ショット	というわけで、この特集では、しょこたんとマミタスの2ショットはもちろん、しょこたん撮影によるマミタスのメガトン級にキュートなグラビアまで一挙掲載いたします
酒	ショット	【目次】(「BOOK」データベースより)ナイト・レストラン/ダイニング・バー/ショット・バー/カジュアル・バー/ボーイズ・バー/キャバレー・クラブ/ラウンジ/クラブ/ショー・バー【著者情報】(「BOOK」データベースより)けんいちろう(ケンイチロウ)夜遊び・片町遊びの第一人者として番組ナビゲーターにポータルサイトの運営、雑誌コラムの執筆など幅広く活躍中
その他	ショット	そういえば日大がショットガン攻撃を武器に甲子園ボウル5連覇を遂げた翌年、京大がショットガン攻撃を封じこめた1983年の甲子園ボウルを思い出しました
その他	ショット	今日は年賀状頼んで来て帰りにミスドでドーナツ四個買って来ちゃった二個はおやつになりました年賀状の写真お宮参りのスリーショットと今朝撮った力作の龍仁の笑顔我ながらよく撮れてるの
ゴルフ	ショット	やっぱ 最終的にはパッティングの差だね 4日間ずっと 丸について見ていたが アイアンの精度はかなり高いし バンカーショットもPGAの中でもトップクラスだと思うよ
ゴルフ	ショット	やはり、そういう意味で、私は、どうも斎藤参考人の話は、ゴルフの世界でいうと、たらればショットとよく言うんでありますけれども、OBがなければ、あそこでOBを打たなければ私は優勝したとか、そういう、たらればという表現があるんであります
酒	ショット	主に、ビールと洋酒を混ぜて飲む爆弾酒は、‘ボディ’の役割をするビールジョッキに80%程度のビールを注いで‘雷管’の役割をするショットグラス(ストレート)に洋酒を満たして、ビールジョッキの中に入れるのが一般的な方法だ
ビデオ	ショット	そして、初代ウルトラマンがスペシウム光線、ウルトラセブンがワイドショット、ウルトラマンジャック(帰ってきたウルトラマン)がスペシウム光線、ウルトラマンエースがメタリウム光線、そしてウルトラマンレオとアストラがウルトラダブルフラッシャーを発射している様子が映りました
その他	ショット	『難易度が高い』『難しいからクソゲー』『もっと難易度下げろ』『壁で即死はやめろ』 『ボスが倒せない』『ショットが届かない』『得点アイテムが取れない』『体力を1から10くらいに増やせ武田信玄のお墓です
ビデオ	ショット	1986年の映画Let's Get Harryでは、 エスタブリッシング・ショット(シーンの最初に登場人物の配置やロケーションなどの一般的な情報を観客に説明するためのショット)にニューヨーク通り記念橋を使った
酒	ショット	なお、和太鼓集団の演奏(13日2回公演)・酒ショットバーと生ピアノ(向蔵2Fホール)・お祭り広場の露店など、その他各種イベントを多数開催致します
酒	ショット	○ 清酒のワンショットが200円から300円で飲むことができる地酒のアンテナショップもあるが、通常、飲食店では600円から800円の価格になってしまい、高いと感じる
その他	ショット	そう、本日のイベントには、現在、日本縦断中の今中さんと片山さんが旅を中座して駆けつけてくれたのですが、ずうずうしくも、お二人のサインと、公開はしませんが・・・ツーショット、スリーショット写真もおさめさせていただいちゃいました(快く受け入れてくださり、ありがとうございました
ビデオ	ショット	ぽけさを肯定するようなロングショットにも惹かれました圏廣木陰一周上松漬固石橋杏奈ノ/北浦愛/書高由里子/櫓士誠治囲ビターズ・エンド【a氾8・日/P125別●7/26より新宿武蔵野館ほかにて公開
ビデオ	ショット	加藤泰と言えば、ローアングル、フィックス、長廻しなどで構成される独特な撮影スタイルが有名だが、それらが確立されたのは1960年代以降のことであり、1960年に作られた本作品では、ローアングルと俯瞰ショット、フィックスと流動的なキャメラ、長廻しとモンタージュといった相反する撮影技法が混在しながら、それぞれが印象的に観客に提示されている
その他	ショット	基本仕様のコーナーショットは拳銃を水平60度に曲げることができる装置の前方部に取り付け、マズルの下にフラッシュライトと共に取り付けられたビデオカメラから画像を取り込み、トリガー、フラッシュライトとビデオカメラ用のスイッチなどで構成された装置後方部に付いた液晶画面から確認する事ができる
酒	ショット	若い奴等は、原爆イッキ(生ビールにウイスキーのショットを沈めたもの)で5人のお客を撃破したまでは良かったのですが、水爆イッキ(ジョッキ一杯のウイスキーにショット一杯のビールを沈めたもの)を3杯呑んだところで意識を失いました
ゴルフ	ショット	しかし、石川選手の第3打はバンカーにつかまり、そのバンカーショットをまさに打とうとした時に心無い観客のカメラのシャッター音に邪魔されて仕切りなおし、集中力を切らされて大トラブルになり、結果はまさかのダブルボギー
ゴルフ	ショット	校庭で行なわれた実技講習では、初めて体験するゴルフに戸惑う子供たちを優しく指導し、うまくボールが当たると「ナイス」と声をかけ、お手本のショットでは、西日に向かって豪快なショットを放つと、子供たちから歓声があがった
その他	ショット	写真上左2枚は、以前の撮影の未公開ショットで、一番左は9月29日更新分でお伝えしたキャリーとソーホーのレストランで出会うシーンで ミランダが着用していたシックなスーツ姿
その他	ショット	ジャズを愛し、その音をカメラで捉え、目に見えるアートに表現することを、50年代から今にいたるまで心から愛しつづけている名カメラマン、クラクストンの半生を、彼の伝説的ショットとカメラの後側の感動的なエピソードで綴っている
その他	ショット	つづり曖昧)て言う雑誌にベッドに横たわる小室氏のセクシーショットが載ってたんですが大変ツボだったので小室ラブな方は書店で見かけたらパラパラしてみてください
ビデオ	ショット	たとえばある会話のシーンにおいて、たとえショットが様々に変わろうとも、会話をしている音が連続していることで、そのシーンは連続的だと感じるであろう12
その他	ショット	どちらもスリープボタン(いわゆる電源ボタン)とホームボタンというのを同時に押すんですけど、再起動の場合は「ホームボタンを押しながらスリープボタンを押す」、スクリーンショットの場合は「スリープボタンを押しながらホームボタンを押す」
酒	ショット	サントリーさんのホームページの中に、自宅で気軽に作れるカクテルレシピを紹介している★おうちカクテル★というサイトがあるのですが、それを見ながら夜な夜な自宅が居酒屋&ショットバー状態となっております(∇〃)
その他	ショット	ゆっぴ~さんからは、この他にも、手書きのお手紙、アリオ八尾での「僕&けんじ君&レイ」の3ショットの写真、その他沢山の物を頂きました♪(省略で申し訳ないです
ゴルフ	ショット	小雨がぱらつく曇り空の下、午前10時に最終組としてスタートした石川は、2番でボギーを叩いて序盤から つまづいたが、ショットの好調さで持ち直し、8バーディ、3ボギーの67をマーク
酒	ショット	まだ、夏も盛っているので、 また、泡盛ご用意させていただきます 泡盛なので、 ショットでオッケーですので 本当は、シークワーサーの果実を入手したいところなん
その他	ショット	私たちも、ショットさんの技術の日本への普及・定着をめざして設立されたNPO法人「カールハインツ・ショット足と靴の科学研究所」の一員として、今後とも努力しようと思います
酒	ショット	jp/ 高いお酒は避けて割安のお酒ばかりを行きましたワンショット 90ccでした【黒糖】朝日◎【栗】ダバダ火振り◎【麦】釈云麦(じゃくうんばく)◎【芋】三岳◎【芋】愛子◎・・・・・・・・
その他	ショット	またデジタルハイビジョン放送で難コースに挑むプレーヤーたちの表情やショット、行き詰る優勝争いの模様を、くまなくお伝えし、視聴者の方によりわかりやすく、臨場感あふれる迫力の映像をお送りする
酒	ショット	いつものようにニュース番組を見ながら、ウィスキーをショットグラスで飲んでいて、ふとした弾みでショットグラスがパイプタバコの携帯用の金属容器に当たり、バネ仕掛けの蓋が開いて中身のパイプタバコが周囲に飛び散りました
