# 映画: 映画を映す幕。銀幕。転じて、映画・映画界。, ビデオ: テレビ・レーダーなどの画面。, カメラ: 写真製版に使う、黒色・網目状の線を引いたガラス板。, インテリア: ついたて。間仕切り。
映画	スクリーン	毛利ライブラリーから当時の動画を編集して上映しましたが、琢磨君の弁舌に思わず会場からスクリーンにヤジが飛び、それはさながら弁論大会のようでした
映画	スクリーン	遥か頭上から足もとまで広がる大スクリーンに、雄大な風景が映写され、しかもそれが立体的な映像として見えるんですから、映画の内容以前にこれは一見の価値あり
ビデオ	スクリーン	スクリーンには、バシャバシャという盛大な水しぶきの中で、片手バタフライを左右交互に繰り返しているがごとく、エントリーのたびに頭と手を水中に押し込み、身体もそのたびにグラグラ動いている、という『ザリガニ泳法』が映し出されているのだ
映画	スクリーン	324スクリーンで封切られる日本では、ジャパンプレミアが東京・六本木ヒルズアリーナで行われ、マイケルさんの盟友として知られ来日中のライオネル・リッチー、伊藤由奈、黒木メイサ、松下奈緒、加藤ミリヤ、CHEMISTRYらが出席した
映画	スクリーン	アトラクションは3つのスクリーンがあり、そのスクリーンでメガネをかけることで3Dの立体映像としてみることができるムービー(アニメのオープニングともう1本)を見る、5分程度のものであった
映画	スクリーン	それにしても、列車の周囲を映す映像だが、誰が見てもお世辞にも本物には見えず、それが映像スクリーンであるのは明白であるが、それを出演者が本 物と思って演じているのは、皮肉にも滑稽である
映画	スクリーン	約7万m2という広大な敷地に、本格的な品揃えを展開する西宮阪急、12スクリーンを擁する阪神間最大規模のシネマコンプレックスTOHOシネマズ 西宮OS、デイリーユースに対応するイズミヤを核とし、大型7店舗を含む268の店舗が一同に揃う西日本最大のショッピングセンター「阪急西宮ガーデンズ」
インテリア	スクリーン	お客様だけのオーダーメイドですから、カーテンだけでなく、ローマンシェード、ロールスクリーン、プリーツスクリーン、ブラインドなどの 様々なウィンドウトリートメント(窓の装飾品)からトータルコーディネートもOKです
その他	スクリーン	アカデミー賞短編アニメーション部門を受賞したパテル、シュールなテーマをフィルムに傷をつけて映像化したリーフ、ピンスクリーンという独特の手法でモノクロームの映像世界を作るドゥルーアンの3人の作品を収録
映画	スクリーン	スクリーンなど、大画面で鑑賞すると画面の揺れが気になるかもしれないが、画面の一部を意識するとより気になってしまうので、変に意識せずに鑑賞するとそのうち気にならなくなってくる
インテリア	スクリーン	これ、ぱっと見で何のことなのか判らず、プリーツスクリーンという製品はブラインドと言われていたものが差別用語か何かで使えなくなって、そう呼ばれるようになったのかなートカ思っていたのですケド、違うようですー
その他	スクリーン	日本に輸入された当初は、直径2インチの大きな丸型のウィンドスクリーンに、「テレビ放送の画面上では、体格の小さな日本人ボーカリストへの利用に違和感を覚える」と評された時期もあったが、現在では放送局・視聴者・技術者ともに広く受け入れられ、「定番」機種として普及している
ビデオ	スクリーン	今回は日常的にスクリーン・リーダーを使用している辻の協力の下、alt属性値に半角スペースや全角スペースを指定した場合のユーザーエージェントによる変化を下記のような条件で検証し、何故スペースが推奨されるのか、そして実際にはどうするべきなのかを考えてみました
映画	スクリーン	主演の仲根かすみはセリフがなく、登場時間は余り長いものではないが、逆に恋人を失った青年の断ちきれない想いの象徴としてスクリーンを飾り、人間っぽく見えないように気をつけたという演技で、若手演技陣がぶつかり合う作品の中で存在感を示している
映画	スクリーン	ティム・バートン監督、ジョニー・デップ出演のディズニー映画『アリス・イン・ワンダーランド』が、4月17日から全国855スクリーン(3D:459スクリーン、2D:396スクリーン)で公開され、オープニング2日間の観客動員が82万8149人、興行収入が13億1653万9200 円を記録する大ヒットとなっ
映画	スクリーン	映画化された兄慎太郎の芥川賞作品「太陽の季節」において、チョイ役としてスクリーンを横切っただけであったが存在感を見出され、「狂った果実」に主役出演し、戦後の大スター石原裕次郎は誕生した
インテリア	スクリーン	ショップ外観は、レンガ調タイルで甲子園球場の伝統感を表現しながら、大型ガラススクリーン等でモダンにアレンジし、内装は、スケルトン天井の空間のなかに、淡色系カラーや木目を多用し、「ダイナミック」かつ「ナチュラル」で「軽快」なイメージを演出しているという
その他	スクリーン	スクリーンの前に椅子を動かしてラクスとバルトフェルドが座る、ラクスの隣にアスランが立ち、イザークとディアッカは並んでいる椅子の好きな場所に各々座った
映画	スクリーン	観たい映画が自由に選べる9スクリーン、最先端の映像・音響設備でハイクオリティな映像体験をお楽しみいただけるまったく新しいエンターテイメント・スペースです
映画	スクリーン	急にライトハウス・ビーチ(Lighthouse Beach)で見たアンナさんのヌードが思い出されてきて、スクリーンのシャーロット・アレクサンドラに重なったのですよう
インテリア	スクリーン	そしてこのTOEX「プラスG」スクリーン縦格子は1974年に東洋エクステリア株式会社を設立し、 アルミのエクステリアメーカーとしてゼロから再スタート
ビデオ	スクリーン	(アクアさん) 壁紙に掛け時計(然会さん) てけつつうらい(響わたるさん) 青自動的に名前付けをする機能、ホームスクリーンやロック画面、壁紙のカスタマイズなど様々な機能が用意されている
インテリア	スクリーン	ミツマタ、コウゾ、ガンビなどの植物繊維を原料として作られている、 日本古来の紙で、建築の分野では、襖紙や障子紙、壁紙として使ったり、 照明のシェードや、窓まわりのプリーツスクリーンなどに使用されます
映画	スクリーン	全国100スクリーンで封切られた2月20日、行定監督をはじめ主演の藤原竜也、香里奈、貫地谷しほり、林遣都、小出恵介が、東京・渋谷シネクイントで行われた初日舞台挨拶でファンに報告した
映画	スクリーン	好きな映画にインスパイアされた場面を入れる、好きな映画・または物語に関連のある作品を登場人物が (スクリーンやテレビで) 観ているシーンを入れる、好きな作品のポスターが登場人物の部屋などに貼ってある
その他	スクリーン	DOFアダプタっていうのは35ミリ写真レンズなどをスクリーンを間にはさんでビデオカメラに装着するものようはレンズが取り込んだ光をスクリーンに投影してそれをiPhoneで撮影するというものです
映画	スクリーン	スクリーンから伝わる不思議な乾いた空気、そしてこの映画の最大の魅力は "舞い降りた天使"のような無垢な主人公ベティ・サイズモアのキャラクターだ
映画	スクリーン	ちょうどその時ディクトでは「スターウォーズ」のデジタルリマスター版を上映していて、自作の上映前に、それも見た監督は、この映画を高校のとき見て映画監督になろうと思った一本だそうで、そのスターウォーズを映しているスクリーンに自分の「キュート」が映ることにとても感激していたことを憶えている
ビデオ	スクリーン	上記以外にも、サーバ集約・統合のためのサーバ室整備、活発なディスカッションを実現するための壁面にスクリーン兼ホワイトボード素材の採用や照明制御を可能とした会議室整備、情報セキュリティとビルセキュリティの本人認証をICカードに一本化など、建築と融合化したIT基盤整備を実施している
カメラ	スクリーン	写真の上にスクリーン・トーンを貼りこむように、さまざまなパターンをフィルム上に合成する作業は、彼のキャリアにとっては特殊なことではなく、ごく自然ななりゆきといえよう
映画	スクリーン	正直内容や細かい点でツッコミどころがないといえば、まぁうそになりますが、TVの前後編や、2時間スペシャルとはやっぱり作りが違って「スクリーン」を意識した画面作りで、「相棒」という作品でそういったものが観られただけで、結構大満足でした
映画	スクリーン	私はこの映画のスクリーンに映し出された方全てが大好きです、そしてこの映画を愛している方々、このMBの方々もこの映画に出演された全ての方を好きになられたと信じています
ビデオ	スクリーン	)ことから、民生用(~200インチまでのスクリーンサイズ)の製品に対してランプ単体価格で4倍、使用電力で2倍以上のキセノンランプを導入するメリットはないという判断で、高圧水銀ランプの採用に至ったとのことでした
ビデオ	スクリーン	映画は、劇場で見るだけの娯楽商品から、DVD、ゲーのベース、ライセンス商品、そしてパチンコのスクリーン画像へと、年々様々な進化を遂げながら、姿を変えて世界中の人々と触れ合ってゆくのでしょう
ビデオ	スクリーン	開氏らは、4〜10ヶ月の赤ちゃんに、おのおのの足を撮影したリアルタイムの映像と、同じ映像でも2秒遅らせて実際の足の動きとはズレがある映像を、スクリーン上に並べて同時に見せた
映画	スクリーン	井上さんと應矢さんがコラボレーションで制作した作品で興味深かったのは應矢さんが制作した映像をスクリーン(井上さんが制作したもの)に映したら前から見る映像と裏から見る映像が全くと言っていいほど違うのだ
映画	スクリーン	スピーチのさいちゅうに思い出のしゃしんをながしながらはなそうとおもっていたのですが、昨日かんじのこがお店側にきいてみたところ、スクリーンでしゃしんは流せないとのことでした
映画	スクリーン	スクリーンに画像を映し出すために撮影しているカメラマンを、乱入者が押し倒しているところ(カメラマンが必死に倒れながら取り押さえているところ)を、ジョンが見てしまった直後に怒ったのですから・・・
カメラ	スクリーン	アンディー・ウォホールを初めとしたポップアーティストが多用したのもシルクスクリーンで、現代芸術を代表した明快で力強いその色面表現は、グラフィックデザインの分野にまで影響を及ぼしています
映画	スクリーン	確かに数万パーツが一瞬にしてトランスフォームするシーンや、「スクリーンで何が起こっているのか分からない」というクレームが出るほど猛烈なスピードの戦闘シーンなど、ストーリーよりも特殊効果やカメラワークの斬新さが話題になった前作ではあったのですが・・
カメラ	スクリーン	光の粒がスクリーンに滲み、それが消えては光り、を繰り返していくのですが、この光源がさまざまな写真のフィルムを透過してきていることを知ると、そこに収められたさまざまな光景がすべて一様に「光」へと還っていくようなイメージが沸き起こってきて、不思議な感慨が心のなかに広がっていきます
映画	スクリーン	まったく魅力を失ったスーパーX2 、ゴジラのテーマがドラクエ2のシドーと同じだったすぎやまこういちの音楽、そして破壊兵器の笑顔がスクリーンを凍らせたラストで心底ガッカリして帰ってくる
カメラ	スクリーン	一般に印 刷版は導電性のスクリーン版を用い、被印刷物を介して対向電極間に電圧を印加し、スクリーン版上に供給したトナーインキを被印刷物に転写させる
映画	スクリーン	東京タワーが完成した昭和33年の東京・下町を舞台に大人と子どもの心温まる交流を描いた作品で、スクリーンにはテレビや冷蔵庫が初めて家に来たときの感激ぶりを活写した場面など、人びとの郷愁を誘うシーンが次々と登場する
その他	スクリーン	例えば、スクリーン上で1m先の被写体にピントを合わせているけれど、実際には90cm先にピントが合っている状態は前ピンの状態ですが、それを解消するためには、被写体からスクリーンまでの距離を短くすべく、ネジを緩めて表面鏡を前に迫り出すようにします
映画	スクリーン	リモコンの操作一つでスクリーンが降りてきて、照明がだんだんと落ち、スピーカーなどの機器類の電源が入り、煩雑な準備なくリビングはホームシアターに早変わりします
映画	スクリーン	鍋等の煮炊きができますし(食堂以外での焼き肉は厳禁)、大広間にはテレビやスクリーンもありますので、そこを借りてスライドショーやビデオ上映をしている人達も多いです
インテリア	スクリーン	スクリーンを設置しない例では、放流流量が24%低下したが、スクリーンを設置した例では、放流流量がほとんど低下しなかった、だからスクリーンを設置すれば問題は解決するというものである
映画	スクリーン	このシーンは、女生徒 が相手の女生徒に腕を回して、ただ優しく抱いてあげるだけのシーンなのだけど、そんな想いがスクリーンに溢れてきて、観ていてとってもヤらしく感じたの だった
その他	スクリーン	寝返りを打つと漆黒の闇の果ての、その又果ての地平線から忽然と甦ったのが東田町の従姉の家の一室の、読書していた昔のわたしの姿と、道玄坂を歩いていた友人との二人の姿だが、その前後の記憶がしかしいつまでも思い出せぬまま、この二つのわたしの姿は闇のスクリーンに暫く映っていた
ビデオ	スクリーン	すべてのデータが消えたかに思えたが、動画や写真、スクリーンショット画像などが「証拠品」として他のユーザーに保存され、インターネット上に公開された状態となっている
その他	スクリーン	高級フィルムカメラの交換式ファインダースクリーンには、精密合焦用に例えばニコンならFシリーズ用のM型(十字線透過型)やC型(十字線マット型)というタイプがあります(同じニコンでもデジタルのDシリーズには全面マット型しかないようです)
映画	スクリーン	この、スクリーンに映し出された映像を、偏光フィルターに対応した、偏光レンズのついたメガネで見ると、右目用の画像は右目のみに、左目用の画像は左目のみに入ってき、映像がよりリアルに、さも具現化されたような迫力を楽しめるのです
ビデオ	スクリーン	960 x 640ピクセルのバックライトLCDディスプレイは、1インチあたり326ピクセルの高密度を持ち、これまで存在した携帯電話のスクリーンの中で最も高い解像度を誇ります
映画	スクリーン	大型スクリーンを使った演出もできるので賑やかで楽しいパーティーになること間違いなし♪ホットペッパー読者限定で15名様以上でパーティーコースご利用で『2名様分無料』or花束プレゼントの特典も付けちゃいます
映画	スクリーン	うちに立派なホームシアターがあるのなら話は別だが、14インチのテレビデオで見る映画のビデオと、暗い映画館の大きなスクリーンで見るほんものの映画は似て非なるものだと思う
その他	スクリーン	ここではテーブルの上にあるカメラで自分の顔を撮影すると、前のスクリーンに自分の顔をひとつの素材としてシルクスクリーンのようにしたり、MUSEUM1のらせん階段の窓を全部自分の顔にしたりと遊ぶことが可能です
その他	スクリーン	アキレスの建築・土木用 内装材 壁紙 「ロータリースクリーン製法」は円筒状のスクリーンを用いペースト状の樹脂を印刷発泡させる製法で、「グラビア・エンボス製法」は壁紙ベースの上にグラビア印刷とエンボスで意匠を施す壁紙を作る最も一般的な製法です
その他	スクリーン	さらに、ファインダースクリーンが交換可能な一眼レフであれば、大判カメラのピントグラス(ファインダースクリーン)がそうであるように、全面マットのファインダースクリーンに交換するなどの工夫もしてみてください
映画	スクリーン	映像の方はすぐに大きなスクリーンに映写できるようになったが、真空管による電気的増幅が可能になるまで、観客席全体に響くような大音量を出すことはできなかった
ビデオ	スクリーン	オンラインゲームなどの中には、特定の操作でスクリーンショットを撮影し、自動的に指定されたフォルダに画像データとして保存する機能を持つものもある
映画	スクリーン	DVDの解説によれば、フランスコープという撮影方法の違うシネマスコープが用いられたワイドスクリーン作品であり、出演者が歌わないミュージカル映画としても知られた作品です
インテリア	スクリーン	立川ブラインド工業(株)では、今年3月に発売した全30色の高機能でカラフルなファブリック「マカロン」について、これまでの「ロールスクリーン」、タテ型ブラインド「ラインドレープ」に加え、「プリーツスクリーン ペルレ」「クレアス ローマンシェード」「クレアス カーテン」での対応を9月14日(月)よりスタートした
ビデオ	スクリーン	シンプルに大画面のビジュアル空間を実現する壁掛け型スクリーン【送料無料】WAV−110HDC 壁掛け型スクリーン幕面ホワイトマットアドバンス仕様 110型ハイビジョンサイズ★全品ポイント10倍
映画	スクリーン	そのあとは、写真家の望月宏信氏、現代美術アーティストの奈良美智氏が相次いで登場し、自身の作品をスクリーンに投影しながら、写真との関わりや「GR DIGITAL II」の印象などについて語った
映画	スクリーン	ひろあ様、6月公開のこの映画、あまり宣伝を観ないんですよ〜・・・映画会社の小さな試写室よりも、やっぱり大きなスクリーンで音響設備も整っているところで観たい映画のひとつでした
カメラ	スクリーン	スクリーン印刷の場合は、粘度が低すぎるとスクリーンにインクを保持しにくいので、むしろ粘度がある程度高い方が好ましく、インクに含まれる粒子の粒子径は大きくても特に問題はなく、また、粒子径が小さい場合は溶剤量を低減することが好ましい
映画	スクリーン	会話がアニメの話題になったところで、ニトロプラスとGONZOがコラボレートしたTVアニメ作品『BLASSRETTER』(現在好評放送中)のプロモーションアニメをスクリーンで上映
映画	スクリーン	この他にも、エプソン・ホームプロジェクター「ドリーミオ」はゲーム機やPCとの接続も簡単ですので 大画面でゲームを楽しんだり、インターネット経由でPCからTV放送や映画や音楽などを楽しむ事ができますし USBメモリやデジカメなどを接続してPCなしで写真をスクリーンに写してスライドショーを見ることもできます
映画	スクリーン	◆ベッドは大きめセミダブルサイズのツインこれはシモンズ製、 そしてシーツは肌触りのやわらかな【パーケル素材】 〜ベッドに横たわれば、2m×3mの窓が大スクリーンのパノラマが・・・〜 天気の良い日には朝日を浴びながらのモーニングコーヒーを
その他	スクリーン	2009F/Wでは、写真家ジェラルド マランガの作品からインスパアされ、60年代にアンディウォーホルを中心としたファクトリーで撮影していた『スクリーンテスト』をマランガ本人とともに続編ともいうべき観点で再現し、コレクションを披露した
カメラ	スクリーン	」と思うような大胆なレタッチを原稿写真に施してあるのに驚いたが、それに粗いスクリーンをかけて写真製版したものが見事に現実味ある仕上がりになっているのを見て舌を巻いたものだった
ビデオ	スクリーン	【従来の技術】従来より、映像を表示する映像表示装置には種々あるが、大別すると、例えば、陰極線管(CRT)や液晶ディスプレイ(LCD)等の表示面に映し出された映像を見る直視形の装置(直視形映像表示装置)と、投写管(CRT)や液晶表示デバイス等に表示された映像を投写レンズや反射ミラー等からなる光学系を介してスクリーン上に投写する投写形の装置(映像投写装置或いは投写形映像表示装置)とが存在する
その他	スクリーン	このカメラは、インスタントリターンミラーではなかったが、ペンタプリズム交換式、ファインダースクリーン交換式、電気式モータードライブ、ぜんまい式ワインダー、250枚撮りマガジンなど世界に先駆けたシステムカメラだったのだが、今ではまったく省みられていないと言うか、不思議なほど陽が当たっていないカメラで不思議
その他	スクリーン	弊社「ストックバイオリアクターシステム」は前処理装置で多段型傾斜スクリーン分離機、加圧スクリュー分離機等の固液分離装置を採用しており、排出される排水に合わせて処理を行うことによりスムーズな排水処理を可能にしています
映画	スクリーン	この分科会そのものが、スクリーンの位置、聴覚障害の参加者の座席、机と椅子の配置、通訳者の立ち位置と向き、発表や質疑の際にどちらを向くか、どのくらいの速度で喋るのか、当然手話の出来る者は手話を極力使う、といった様子で情報保障の小さな実践の場になりました
映画	スクリーン	ぴあで紹介されていたから行ってみたのだけれど、入ったら暗い部屋にスクリーンがあって、5分くらいの長さの「パフォーマンス・ビデオ」がループ再生されていた
映画	スクリーン	また、ドーム状大型スクリーンへのプロジェクタ投影画像のコントラストシミュレーションの実例を紹介し、さらにBRDFを考慮した色再現シミュレーションの方法について説明を行う
映画	スクリーン	また、1曲ごとにアニメーションや実写などオリジナル・イメージ映像が後方スクリーンに映し出され、音と映像のハーモニーを生み出していく様も、映像喚起力豊かな彼らの音楽性にはぴったりだった
インテリア	スクリーン	また、木製ブラインドに限らず、様々な種類のブラインド、ロールスクリーン、プリーツスクリーン、パネルカーテン、アコーデオンドアなど、50点に及ぶ実物展示品を揃え実際に操作していただけるような環境をご用意いたしました
その他	スクリーン	【解決手段】 スクリーン部を回転させることにより、内部に収納された茶葉を該遠心力によってスクリーン部の内壁へ押し付け、網体を通して外部へ放出する茶葉の粉砕加工装置に於いて、該網体を無数の長形小孔が回転軸方向に沿って穿設された小孔群によって形成されている
インテリア	スクリーン	今回はリビング隣のフリールームとの間仕切りを4枚引戸にしましたが 間仕切り開閉壁を表す「スクリーンウォール」と呼ばれる引戸と床材に納まるオリジナル構造のマグネットガイドピンを設置した新しい形のスタイルを取り入れました
カメラ	スクリーン	また、シルクスクリーンは表現方法であるとともに、印刷技法でもあるので、自身の描いたイラストレーションを版表現で展開することはもちろん、写真などを使って4色プロセスカラー印刷の原理も学習し、自分の表現方法と、シルクスクリーンの特性を活かしより深い表現方法を追求していく
ビデオ	スクリーン	ただし小さ目の数値(割合)を指定した場合、ウインドウサイズやスクリーンサイズの小さい環境で極端に幅が狭くなり可読性を損なうことがあるので注意したい
映画	スクリーン	ニューヨークでの舞台俳優を経て、子供向けTV教育番組で幅広い層から人気を獲得し、スクリーンでも「ドライビング Miss デイジー」、「ショーシャンクの空に」、「セブン」といった名作に出演
ビデオ	スクリーン	いい加減、PCのスクリーンショット(BIOS画面)とかLinuxの起動画面とかデジカメでチマチマ撮影したりするのも微妙に嫌になってきたので、ネットの海を検索したおして食指を伸ばす
ビデオ	スクリーン	そのうちの小さな子ども一人が1人、母親の手を離れてスクリーンに駆け寄ると、突然スクリーンのキャラクターが子どもと同じように駆け寄ってきて、うれしそうに踊り出した
その他	スクリーン	レフレックスカメラのファインダースクリーンの中央部に、細かいプリズムを密集させた部分を設け、それにかげりが生じるか消えるかによってピント合わせをするものをいいます
その他	スクリーン	眼に例えると、網膜と水晶体の距離を固定(30cm)したとき(手前のスクリーンが網膜としています)、焦点距離15cmのレンズ(水晶体・角膜)だと、光源を網膜上に結像するには、レンズと光源の距離(視距離としましょう)を30cmにするとよい、というのが左
ビデオ	スクリーン	たとえばレーダーを使ったクルーズコントロールがそう、たとえばウインドスクリーンに情報を映し込むHUD(ヘッド・アップ・ディスプレイ)がそうである
カメラ	スクリーン	また、新しい版画の可能性を探る試みとして、ジークレーとシルクスクリーンのマージナブルな表現(ネオシルク版画)の可能性をクリエイティブな制作環境の中で追求しています
映画	スクリーン	私の話は、スクリーンを使って映像を見ながら進めていきますので、終わった後に、テーブルを中央に寄せてから、シンポジウムを進めていただきたいと思います
カメラ	スクリーン	表現技法として写真技法と版による写真製版の基本的知識の学習と技術を習得し、写真による制作と、平版PS版、シルクスクリーンの版材を使用して作品制作を目指します
その他	スクリーン	ユチョンの出演するドラマ「成均館スキャンダル」ファンミーティングの写真をまたまた入手しましたよ よーく見ると、後ろがスクリーンになってるんですね〜 この写真を見るとなぜか・・・ホッとするぅ〜
映画	スクリーン	・FinePixで撮影された素敵な水中写真をフルスクリーンの大迫力で楽しめるダイバーのためのスペシャルサイト「FinePix Lagoon」をリニューアル
インテリア	スクリーン	ニュースリリース【TOEX・東洋エクステリア】 パブリック向けのスクリーンフェンスにも高い意匠性が求めエクステリア建材メーカー 東洋エクステリア(以下TOEX)の全国各地に広がるショールームに於いて、一斉に秋のキャンペーンが行われる模様
映画	スクリーン	08万円 代表者:代表取締役 奥村正之 事業内容:プロジェクター用OSスクリーンの販売元として、文教施設を中心に、視聴 覚教材用 スクリーン等に数多くの実績と信頼を頂いております
映画	スクリーン	こうして露光されたフィルムを現像した後、映写機にかけると、1画面の画像がスクリーン上に次々と投影されていき、人の眼には連続した画像となって再現される
映画	スクリーン	(映画書)高峰秀子著/役づくりの奥義を始めて明かす待望の俳優論、俳優ことはじめ、プロの世界へ、スクリーンの人生いろいろ、役づくり、上質の個性、優れた相手役、老け役、声を創る、死に顔、「放浪記」後日譚、シナリオことはじめ、シナリオと私、「かあちゃん」のこと、シナリオ「忍ばずの女」収録・ほか/262ページ・帯・初版(天地・小口経年による褪色あり)
映画	スクリーン	会場は、円形劇場を思わせる構造になっており、一つの大きな調理台と巨大スクリーンが設置され、テレビカメラが撮影する映像をリアルタイムで映写する仕組みになっています
映画	スクリーン	上映会は「「角川アニメ ライブラリーBOX」 おためし上映会」と題されて、懐かしの映像とサウンドを大スクリーンで楽しみつつ、DVD‐BOX購入前の作品のお試しも兼ねたものとなる
カメラ	スクリーン	最初の2週間でフィルムカメラの扱い・現像・引伸しの実習を体験し、その後写真から版への制作(平版PS版 or シルクスクリーン)、写真による制作の3クラスに分かれ、写真からの表現またはその映像を使った版による作品を制作し、各自の絵画における映像表現の可能性を探ります
映画	スクリーン	家具や時計、デジタルカメラ、漆器、車両、スクリーン、照明器具など実にさまざまな種類のものですが、会場の雰囲気はほとんど白と黒とシルバーの「色のない世界」
映画	スクリーン	今日はスクリーン3で「サンシャイン205」(明日、感想を載せます)を観ましたが、椅子がとてもゆったりしているので、まったく疲れなかった・・・テアトルタイムズスクエアの椅子にどことなくすわり心地が似ています
映画	スクリーン	1chの高画質・高音質、大スクリーンで観たいというファンの方々の熱い声援に応える形で実現したこのイベントは視聴者のご招待イベントという形で実現した
映画	スクリーン	松本人志の第2回監督作品として大注目となっていた松竹配給「しんぼる」は、9月12日から丸の内ピカデリーをはじめ242スクリーンで公開され、12、13日の2日間で7万3207人・1億0330万2700円を記録した
インテリア	スクリーン	昔ほど西日を嫌わなくなったことや風通しといった理由からか、西に大きな窓を設計しているものが多く見られますが、もし西日の当たる窓がある場合には、遮蔽用カーテンやスクリーン、あるいはブラインドを用いるなどして西日を遮り、室温の上昇を和らげる工夫が必要です
インテリア	スクリーン	場所はイス席でしたが、ホテルの高級感を漂わせている割には、雰囲気が安っぽく感じたので、隣とのテーブルの間にスクリーンなど配慮があるとうれしいです
ビデオ	スクリーン	昨日はしぃ絵ちゃの機能を把握すべく、途中熱中してお絵描きをしていたので、その間のスクリーンショットがナイ・・、後日送ってもらえるはず、まとめ絵したい〜と、手元に有る画像を整理しながら、やっぱ絵に熱中すると絵保存の方はダメだなぁ、って、無能なカメラマンっぷりにガックシ
映画	スクリーン	ともゑからのメッセージということで、最初にスクリーンに映像&保志さんの声(コレは生朗読じゃなくてたぶん事前に録音されたものだと思う)が流れました
カメラ	スクリーン	1951年創業のセリコール社は、スクリーン印刷・パッケージ印刷用インキや産業用IJ用インキおよび機材の開発・製造・販売を世界レベルで展開しているグローバル企業
映画	スクリーン	普段はなかなか見ることができない水島監督と音響監督のやり取りや、セカンドシーズン第1話のアフレコ収録の様子がスクリーンに映し出され、セカンドシーズンから参加するキャスト陣も同時に発表された
映画	スクリーン	150個積み上げた段ボール箱スクリーンに映写した巨大映像にシンクロする身体表現、家具工場で採集したノイズ、、あくまで倉庫の空気感を損なわずにクール&スタイリッシュな作品
ビデオ	スクリーン	安全教育では、代表の生徒が自転車シミュレーターを体験し、シミュレーターと同じ画像をスクリーンに表示して、安全な自転車の正しい乗り方を生徒達に指導しました
ビデオ	スクリーン	高いビルの外壁に大型スクリーンが埋め込まれていたり、電車内に小さなテレビがあったり、最近は関西で、乗客を楽しませるために液晶テレビを取り付けたタクシーが増えているようだ
ビデオ	スクリーン	その努力が認められてウィンタースはスクリーン・テストを受けることになったが、テストの日、ウィンタースは役作りのためかメイクなしでやって来たため、スティーブンスは最初彼女だと気づかなかった
カメラ	スクリーン	オフセットで印刷された製品上にスクリーンで印刷する時に重要な事のひとつに、どれだけオフセットの絵柄にスクリーンの絵柄を合わせられるかということがあります
その他	スクリーン	スクリーンの回転とLEDの輝度を、プログラムされたマイコンが制御することで、本物の炎のような揺らぎの電子ローソク(電気ローソク)が出現しました
インテリア	スクリーン	「☆シーンを選ばないスクリーン♪ごちゃついた場所の目隠しにもGOOD☆サイズ変更も可能♪☆日本製☆5連スクリーン・H1700mm【ディスプレイ◆パーテーション★間仕切り★ゲージ★隠す◆癒し★カントリー家具■カントリー雑貨■カントリーファン■輸入家具■アメリカンカントリー家具】」をAmazonで探す
ビデオ	スクリーン	開発時には、キャラクターズパートのCGを使用したスクリーンショットが雑誌などに掲載されていたが、発売時には咲耶・千影・春歌以外の妹のシナリオをクリアした時に「ごほうび画像」として2枚のCGのうち1枚がアルバムに追加されるのみとなった
映画	スクリーン	スクリーンの中とは違う、ロケ地という現実を楽しみたい人のために橋渡しをしたかった、そんな不遜な気持ちが、たぶんこのサイトをここまで持ってきた理由の5%くらいあったはず
映画	スクリーン	分かりやすいところでは、上映作品がなるべく重ならないようにして、11スクリーンをフルに使って地域の人々に多様な映画を提供していきたいということです
ビデオ	スクリーン	先日、ある視察団のためのアポイントを設定しようと、米国に事務所を構える海外取引所やスクリーン市場の検索をしたら、ユーレックス、ユーロネクスト、ブローカーテック、ブラジル商品取引所(BM&F)、シンガポール取引所、LCE、東京証券取引所等々、その多さに音を上げた
映画	スクリーン	クリーンで機能的でありながら、どこか豊かな人間性を感じさせるデザインと、大スクリーンに投影される効果的な映像コンテンツ、講演者・パネラーの表情をクローズアップするカメラシステム、そして高度な音響システムが、目的にかなったコミュニケーション空間を現出させます
映画	スクリーン	理屈としては画面で見る通り、半透明のスクリーンの裏から背景の映像を映写し、それを正面から撮影するだけだが、映写機とキャメラのコマがしっかり同期しなければならず、実際には普通の映写機では使い物にならない
映画	スクリーン	自宅のリビングなどに薄型大画面テレビやスクリーン、プロジェクターやスピーカーなどをレイアウトし、映画を観たり、劇場でコンサートやライブを聴くかのような迫力を楽しめるのが、ホームシアターです
その他	スクリーン	更に貴重なイエス、背景の画面もページが発生の少しの変化を変えることに従って、その上ありかのページはスクリーンのトップの四の個の小を通じて(通って)つけてそれぞれ標識をつけて、ここからOPPOペアの細部の設計の自信が非常に所定の位置につくことを見抜くことができます
ビデオ	スクリーン	一般ユーザにもプロフェッショナルユーザにも理想的な24インチのiMacは、解像度1920×1200ピクセルの24インチワイドスクリーンLCDディスプレイを採用し、20インチモデルに比べ30%広い、より明るい画面を提供するため、文字、画像ともに、さらに見やすくなっています
ビデオ	スクリーン	教卓のモニターにはふつうの教室にあるような黒板だけでなく、教卓、教材表示用カメラの画面、パソコン画面、ビデオ画面や補助入力画面だけでなく、すべての教室風景(全景、一部、発言者のクローズアップ)などが写っていますから、これらから教室ごとに二つ選んでスクリーンに写すことができます
ビデオ	スクリーン	ウソをつかない落語を演じるのに、少しでもウソや疑念が少しでも生じると、途中で自身の見解を述べてみせる談志師の高座と、スクリーンから芝居に関係なくアドリブ(厳密にはそうでないにしろ)で語りかけてくる山城さんの姿とも、思わずダブります
ビデオ	スクリーン	だらだらネットをしているだけならブラウザを表示できる面積があればほとんど不自由を感じないのだけど、色々なアプリケーションを起動して使っている時はスクリーンの小ささが不便
その他	スクリーン	5Sレンズを使用し、ズームの望遠側かつ至近距離で撮影した場合、ファインダースクリーンのマット面の像とオートフォーカスの合焦表示が合致しない場合があります
ビデオ	スクリーン	結果として、上述のように、同じ記号であっても使用するスクリーン・リーダーの種類によって読み方が違っていたり、記号によっては全く読み上げられないものがあることがわかりました
映画	スクリーン	映画とは四角く区切られたスクリーンに映し出される平面イメージの別世界の窓であり、その窓の向こうにもう一つの劇場を置けること、カットを繋ぐことで観客に気づかれない速度で暗転や幕間が可能であること、さらに絵画と同じく平面でありながら動きを表せる
その他	スクリーン	最後にむなしかったことは、雪のスクリーンでデジタルカメラでとった映像を見た時に、ほとんど映っていなかったうえに、後ろすがただったのでそれは残念でした
その他	スクリーン	■スリット越しに演じて、客席から辛うじて見える芝居を、ビデオでスクリーンに投射するとか、東京体育館でレスリングの練習をしている選手たちの動きをビデオに記録、ビデオを流しながらレスリングの動きを俳優が正確に再現するなどいろいろ観てもらった
カメラ	スクリーン	豊富春菜は主に写真映像を用いた作品を制作してきましたが、今回はそのオリジナル作品に合わせて、バックライトフィルムに出力した写真画像にシルクスクリーンによるイメージを刷り重ねる版画作品も展示しております
映画	スクリーン	しかし同年に外資系のシネマコンプレックス(シネコン)が開業、複数のスクリーンを持つシネコンが郊外を中心に建設されるようになり、徐々に映画館数とスクリーン数は増加
映画	スクリーン	後、B級アクション映画の日本人悪役には欠かせないケリー・ヒロユキ・タガワとこれまたB級アクションスター、ゲーリー・ダニエルズをスクリーンで拝める日が来るとは、得した気分でした
映画	スクリーン	2000年に公開され、全国に「バトロワ」旋風を巻き起こした映画『バトル・ロワイアル』の3D化 が企画されているとスクリーン・インターナショナルのオンライン版が報じた
その他	スクリーン	入ってメニューを撮影して、いくつかパラメーターに対してコントロールを行うことができて、たとえば写真の風格の特効、スクリーンのコントラスト、写真の明暗度(度合)など
映画	スクリーン	独特の漁具展示や大型スクリーンによる「あび漁」の映像、展示パネルによる「あび漁」の紹介、「あび漁」の様子をイメージした特殊展示など、楽しみながら「あび漁」のことがよく分かる展示室となっています
ビデオ	スクリーン	読み書きの能力に問題がある投票者も考慮し、スクリーン上の3人の知事候補者写真の中から、自分が選ぶ候補者の写真に触れるだけで投票が完了するシステム
インテリア	スクリーン	この場合は、カーテン・レースもいいんですが、木製ロールスクリーン、木製ブラインド、プリーツスクリーン、シェ−ドなどを使ってみるのも面白いでしょう
ビデオ	スクリーン	なので、いったいこれらのスクリーンショットはどこから入手したのか、と思うが、これらのスクリーンショットが本物だとすれば、この Google Base という新サービスはウェブ上でデータを集積できるウェブ・データベースのように思える
映画	スクリーン	これら写真の全てを当日紹介する事は出来なかったのですが、選抜しました写真を編集し音楽に乗せて2編に分けて懇親会半ばと終わりにスクリーンに投影させて頂きました
その他	スクリーン	【0007】スクリーン基板6は、上述のようにスクリーン部材7を回動自在に支持すると同時に室内の壁面等に取り付けるための取付構造(図示せず)が設けられている
ビデオ	スクリーン	(同日夕)そうそう、昨夜スクリーンショットを撮っておいたのだけれど、MT 1号機のストライピングボリューム、幻のパーテーションが二つも出来ちゃってる・・・
映画	スクリーン	全然仏像の知識がなくとも楽しめるよう考えられており、またスクリーンを通して展開されるスライドショーが細かいところで一般人でにもよく判るボケ満載で飽きさせない
ビデオ	スクリーン	これ以上大きなスクリーンを見た事がないというほど大きなプラズマのテレビがリビングルームとベッドルームにひとつずつあるし、案内してくれたホテルマンに「ラップトップがあるんだけれど」とまでしか言ってないのに魔法のようにポケットからLANケーブルを出してくれて、「ケーブルコネクションのハイスピードインターネットはフリーです」と笑顔で接続してくれました
その他	スクリーン	ピント調整は鏡に反射させた光をファインダー用スクリーンに投射して行い、露光時に鏡を跳ね上げるなどして撮像素子に光を当てるという構造を持つカメラ
ビデオ	スクリーン	なお、テルモの常設展示ブースでは、幅約6メートルの大スクリーンに、先進高精細の3Dハイビジョン映像で、「医療の進化」をテーマに人の進化や医療技術の進化が紹介れており、「ウイルスが体内に入ってきた時、体温を上げることで、免疫力を高め、熱に弱いウイルスから身体を防御するのは、生物が進化とともに身を守るひとつの武器として獲得してきたものです
映画	スクリーン	この後、「ナノアートギャラリー」と名づけられた、ICや微生物、微粒子などを電子顕微鏡で撮影し、花やUFO、景色などに見立てて撮った写真の数々がスクリーンに投影された
映画	スクリーン	当初から懸案だったスクリーンの大きさですが、最大70インチまでならどうにかなることが判明したのでスプリングローラー式の70インチスクリーンに交換しました
映画	スクリーン	せっかくのスクリーン鑑賞チャンスなのでいろいろ再確認してのコメントの方がいいだろうと思っていたのですが、いざ見た後は余計に頭の中が散逸的にとりとめなくなってしまったような気がします(汗
ビデオ	スクリーン	さらに赤外線の照明も当て、近付けた手などからの反射光がスクリーンに映ると、赤外線カメラで検知してパソコンに取込み、あたかも手が画像に触れたかのように動きを変化させる
映画	スクリーン	ビーズ系も以前はゲイン補正のために利用されていたが、 現在はゲインを抑えたモデルが多くなり特性を利用してリビンクなどの設置を想定した外光に強いスクリーンとして生まれ変わっている(スクリーンゲイン、以前:2
ビデオ	スクリーン	5Sレンズを使用し、ズームの望遠側かつ至近距離で撮影した場合、ファインダースクリーンのマット面の像とオートフォーカスのピント表示が合致しない場合があります
映画	スクリーン	平谷さんのシーンや、冒頭にあいさつした出演者の方々がスクリーンに映し出されるシーンでは笑いが起こり、物語の終盤では涙をぬぐうお客さまも見られました
映画	スクリーン	残念なのは近年のシネコンとは違って長方形の作りになっていることで、後方に座るとスクリーンの体感的な大きさは小さく感じ、音響的にもデメリットの方が多い
映画	スクリーン	休憩の直前、私の頭の中は、先生の演台を4人がかりでステージから下ろして、スクリーンの裏に隠してあるテーブルと椅子を6人がかりで前に出して、ワイヤードのマイクのコードをきれいに伸ばして、パネリストの方々に垂れ幕に合わせた位置にてご着席いただく、ということしかなかったです
インテリア	スクリーン	しかし、現在の洋風建築には調和が良い・使用しやすい・手頃などの理由で、モダンなスクリーンやすだれなどを使ったものや、藤綱製が多く使われています
ビデオ	スクリーン	OAチェアーをはじめポータブルスクリーン、 プロジェクタースタンド、ノートパソコン専用収納庫、液晶モニターアーム・・・様々な商品を取り扱っています
その他	スクリーン	カッティングフイルム・・・・・カットフイルムは 無伸縮のポリエスターベースにカッティング性 耐溶剤性の強い乳剤を塗布されたもので スクリーンメッシュへの転写は容易に行えます
映画	スクリーン	フラウンホーファー通信研究所(ハインリッヒ・ヘルツ研究所、HHI)が開発したこのスクリーンは、2種類の光線を左右の目それぞれに向けて発射することで、3D用のメガネを不要にした
ビデオ	スクリーン	スクリーンに映るのは早回しで現れては消え、消えては現れる雲の画像、「青い空に出会ったら よろしくとつぶやいて・・・」それに時おり、歌うユーミンの画像が重なります
ビデオ	スクリーン	試合はきっこーまんがボコボコにされると、会場のスクリーンには後楽園ビル内の床屋でヒゲをそっているナットーマンが映される(店員がヒゲ剃りクリームをこねてると思いきや、納豆をかきまぜてる小ネタも)
ビデオ	スクリーン	学校のホームページから昨年の取り組みの様子をスクリーンショットで撮った画像やデジタルカメラで撮った歓迎のポスターやメッセージ等の画像を、iMacのiPhotoに読み込んで、スライドショーを作成
映画	スクリーン	映画館の大スクリーンへの投影を前提に収録されたステージ映像は、これまでの舞台録画とはまったく異なる、今までにない新しい映像エンタテイメントとして見る人の心に語りかける
映画	スクリーン	全員に1年生の頃の写真(赤ちゃんの頃でやった時もあります)をもってきてもらい、それを写真屋さんに頼んでスライドにしてもらい、スクリーンに映しました
その他	スクリーン	真っ白の画面に布地のスクリーンプリントがモノクロで配され、そこに、まさに衝動を詰め込んだかのように、ヴィヴィッドな色彩の絵の具の線が弾けるように走ります
映画	スクリーン	4月21日(火)、中村橋之助が織田信長を演じる映画 『GOEMON』(紀里谷和明監督作品)の"天下統一試写会"が40都道府県190スクリーンで一斉に行われました
その他	スクリーン	【解決手段】 三次元画像表示装置100は、発光ダイオードユニットを含みテーブル3とともに回転させられる表示板と、画像投影機30から画像が投影される投影面27を含むスクリーン25とを備える
映画	スクリーン	また、アルゼンチン共和国杯は昨年のスクリーンヒーロー、一昨年のアドマイヤジュピタなど、隠れた出世レースになっているんだけど、両馬ともに先行して2分30秒台で勝利していた
映画	スクリーン	2月には話題の映画「チーム・バチスタの栄光」にも出演し、キーマンとしての存在感と既存のイメージを凛とした演技で心地良く裏切った姿がスクリーンの中でも注目を集めています
映画	スクリーン	でもスクリーンで流した「けちゃっぷmania」の曲「Your World」という曲はテレビ東京系のアニメ「韋駄天翔ーイダテンジャンプ」の主題歌なんだよなあ
映画	スクリーン	そんなヒューイの哲学・人生が、スパイク・リーとオビ賞受賞のロジャー・グァンバー・スミスの7年にわたる共同制作の末、ロジャーによるオフ・ブロードウェイでの一人舞台に、1960年代当時の記録映像、様々なブラック・ムーヴィーからの場面をスパイクが編集してスクリーンに映し出すという、彼らにしか成し得ない手法で表現された
ビデオ	スクリーン	前面スクリーンでのプレゼンテーションとスピーカーの表情を編集によりマルチ画面で見せることで、他社セミナーコンテンツではなかなか見られない高い品質感のセミナー映像となっています
ビデオ	スクリーン	ちなみに、PS3をネットに繋ぎ、Saymoveのちょい画質のいい動画をテレビのフルスクリーンで見ると、ガチで尋常じゃない良画質で見れるので、お持ちの方はお試しを
ビデオ	スクリーン	綺麗なスクリーンショットを撮りたい時は話は別ですが、マシンが動いていると、低解像度でも気にならない場合がほとんどですので、このような感じで、「 フレームレート重視 」 で行くのも、ひとつの選択としてアリでしょうか
その他	スクリーン	間の2フロアのスクリーンも単なる建築作品のムービーではなくて、彼の建築の建ち方や住まわれ方を映し出していて、彼の建築へのアプローチの独創性をしめしていたように思う
ビデオ	スクリーン	千葉ロッテマリーンズは新シーズンから、メインスクリーンでライブや録画の映像を出す一方、帯状映像装置でメッセージやゲーム展開にあわせたコンテンツなどを別に表示して、多彩な演出を行います
ビデオ	スクリーン	Windowsの画面効果設定で、「スクリーンフォントの縁を滑らかにする」 オプションが有効になっている場合、MMSSTVのテンプレート画面で文字フォントの縁にテンプレートの背景色が漏れる場合があります
ビデオ	スクリーン	「世界遺産」でHBCが制作した「知床」を220インチの大型スクリーンに投射し、ハイビジョンの迫力と「世界遺産・知床」の映像クオリティを体感していただきます
映画	スクリーン	【0017】また、このとき上記漸減形投写角度制御手段によって光学的に明るさを漸減させる上記スクリーン上の隣接する投写区分映像の重なる領域は、上記1画面分の全映像に対して存在するものとすることができる
カメラ	スクリーン	印刷における色指定とか、製版スクリーンを通して網分解された写真といった、一般にはあまりなじみのない視点が、フィルム製作の重要なモチーフとしてとり入れられている
その他	スクリーン	「BM883F」の登場で益々充実するコマツの自走式スクリーンシリーズは、土木、解体・リサイクル、処分場から砕石現場まで幅広いお客さまのニーズにきめ細かく応え、満足いただけるものと確信しています
ビデオ	スクリーン	おしめをつけてヨチヨチ歩く姿や、大泣きのシーンなどレストラン備え付けの巨大スクリーンに写し出されると新郎は赤面の連続でしたがゲストの方々は写真と違い動画でリアルな場面を見ることができ大喜びでした
映画	スクリーン	で、この作品は原作を読んだこともないけど、原作のノリが彷彿とさせられそうな「まんま」なものになっちゃって、しかも多分、原作の荒唐無稽&美形キャラコミックという屈折した世界観を実写相似形にスクリーンに描くんだから、作り手の想像力欠如に愕然としてしまう
映画	スクリーン	これからスクリーンに写る映像を楽しみにしているのはもちろんのことですが、どうやら16ミリ映写機が珍しくて、どんな仕組みで映像が写し出されるのか、会場を出入りする度に、16ミリ映画フィルムがセットされている映写機に興味津々のようです
ビデオ	スクリーン	本日オープンした公式サイトでは、キャラクターイラストやゲーム中のスクリーンショットなどが掲載されているほか、各キャラクターのボイス、ゲームに収録される楽曲なども併せて公開されている
映画	スクリーン	プロジェクターは方式に大きくわけて2種類あって、一つはスクリーンを壁などにつって、正面から映像を照射するタイプ、そしてもう一つが一見はテレビのような感じなのですが、テレビの画面の部分にスクリーンがあって、その背後からプロジェクターで照射するリアプロジェクションテレビです
ビデオ	スクリーン	また、何度も言っていますが、たとえフォントのアンチエイリアスが実現されても、多くのスクリーンフォントを備えて欲しいと思います(現在の解像度ではうまくデザインされたビットマップフォントの方がきれいなため)
ビデオ	スクリーン	スキャナによってはカスタム解像度が設定できない機種もあるので、その場合はスキャナのプリセット解像度でスキャニングを行い、印刷解像度と画像ピクセル数がリンクするグラフィックスエディタでスクリーンdpiに設定し直すか、画像ピクセル数を直接変更するしかありません
映画	スクリーン	内容は、アジアの雰囲気たっぷりな会場で ガムランやインドネシアの音楽などをBGMに 巨大スクリーンにバロンダンスやケチャを映し出し、 協力いただいている雑貨ショップのアジアン雑貨を 見て触れて感じられるようになってます
映画	スクリーン	これはショッピングセンターなどに隣接・併設された複合ビル内に複数のスクリーン(6~18程)を持ち、入場券売り場・売店・入り口および映写室などを共有し、特定の上映系列に属さず配給作品の選択が自由で、かつ館内どのスクリーンでも上映可能である事を前提に配給を受ける映画館である
インテリア	スクリーン	建築に携わる方々のニーズにお応えするために、木・アルミ複合カーテンウォール、木製スクリーン、木製サッシュなどを駆使して、建築開口部のデザインをより美しくするためのお手伝いをしている会社です
映画	スクリーン	イングロリアス・バスターズ 《ネタバレ》 映画館の火災シーンでは、本当にスクリーンから炎が上がってくるような錯覚を覚えて 寒気がするほどでした
映画	スクリーン	現れては消えていく日々の出来事を紙の上に残すことに違和感を覚え、現在のスライド・ショーのスタイルに至ったトヨダは、 "スクリーンの上に写真が現れることよりも、そこから消えてゆくこと" "「日々」の掴めなさ、立ち止まれなさ、留めておけなさ" を大切にし、 "多くの撮れなかったこと、撮らなかったことの存在" を無意識にでも受け取れるようにイメージとイメージの間に黒い時間を残しています
映画	スクリーン	【請求項3】 上記漸減形投写角度制御手段は、上記隣接する投写区分映像の重なる領域のスクリーン上での明るさを光学的に漸減させることを特徴とする請求項2記載の映像表示装置
映画	スクリーン	ステレオ録音が一般化した今では、テレビ番組でもこのことは常識になっているが、劇場用アニメで、しかも津軽三味線がテーマの「NITABOH」ではよりリアリティある音響空間を作るため、スクリーンに左右中の3つ、客席後ろの左右2つ、そして劇場全体の音空間を作り出すサブウーハーの、全部で6つのスピーカーを利用して音の設計をする(これが5
インテリア	スクリーン	内部光源式以外の光源から非常口標識に照明を与える人工照明灯には、25平方インチ以上の面積をもつ半透明なスクリーン、ディスク、またはレンズをつけて、アプローチ側が赤色またはその他の指定された表示色となるようにしなければならない
映画	スクリーン	これらの個室からはガラス越しにスクリーンを眺めることができ、自宅の居間にいるような雰囲気で、食事をしたりビールを飲んだりしながら映画を楽しむことができた
映画	スクリーン	あんな写真やこんな写真・・・(笑)ブログでも写真を紹介していきますが、あまりにも写真が多すぎてすべて紹介できませんので・・・m(_ _)mでも、今日だけは全部の写真をノーカットでスクリーンに映します
映画	スクリーン	私達はタイ山地で日本の生活様式を村の人々に紹介しようと、電気もない山の村に小型の発電機を運び、白いベッド用シーツをスクリーン代用に、スライド映写会を開いた
映画	スクリーン	序曲が始まるとともに舞台前面のスクリーンに近代的なビルの映像が映 されたため、一瞬、また最近流行の「現代化演出」かと思ったが、幕が 上がると抽象化された舞台ではあったが、一応、メルヘンの世界が出現した
映画	スクリーン	ここでは、映画館で公開されていた時のスクリーンサイズが、(1)DVDで発売される時の映像の種類、(2)Playstation2での映像出力設定、(3)あなたが持っているTVの種類の3点から、実際にどのような映像で見えるかを検証してみましょう
インテリア	スクリーン	また3号線17駅全体に、全国最初で乗り場スクリーンドアを設置し、架上無線電送設備システムを通じて機関士が駅進入500m前に、乗り場状況を予め見られるようにして、事故を阻むことができるようにした
その他	スクリーン	一眼レフではレンズ交換をはじめとするさまざまな原因でどうしてもスクリーンにわずかなゴミがつくのが避けれず、そのゴミの影がファインダーを通すと小さな黒い点に見えます
映画	スクリーン	暗闇の中でスクリーンの光景と対峙する行為は、見聞きするというより体験に近いというけれど、いつだってファインダー越し、レンズ越しにしか追えない自分にとって、それは詭弁に過ぎなかった
映画	スクリーン	誕生日・記念日には世界にたった一つの【似顔絵ケーキ】で盛り上げる☆照明・スクリーンやBGMを使ってスタッフ一同も感動演出のお手伝い♪ハイバックソファーでゆったりと寛げ、ついつい長居してしまう
ビデオ	スクリーン	『Halo』シリーズに関する情報の発信源として、インタビュー映像やトレーラー、スクリーンショットなどのコンテンツに加え、「Halo Waypoint」でのみ配信される独占映像やコミュニティ機能などの配信も予定しています
ビデオ	スクリーン	後日、郵便によって送られてきたエロビデオを父親が受け取ってしまい、家族会議の席で正座させられながらお茶の間のワイドスクリーンで延々と再生され、「こんなのが観たかったんか
ビデオ	スクリーン	次は開いた状態のカーテンの収まり幅が結構あってスクリーン面との余裕があまりなく、カーテンの下側が広がって、スクリーン面にかかってしまうという問題がおこりました
ビデオ	スクリーン	その後観客席とMC・ゲスト席が入れ替わり、MC・ゲスト席のバックだけは変わり、スクリーンが複数設けられた(スクリーンには番組のロゴやコーナーのタイトルが映る)
映画	スクリーン	画質が元々最近の映画ほどはよくない上に3時間超と長い映画を、スクリーンに近すぎる席で見てしまうという愚のせいで途中ちょっと身体の方が辛かったけど、描かれる貴族文化も、奏でられるイタリア語も、語られる近代イタリア史、そして匂ってくるシチリアの歴史も、全てが一体となって流れてくる
カメラ	スクリーン	最新のデジタルカメラとスキャナー技術を駆使して作成した版画で、スクリーンを通さずキャンパスや版画の紙に専用のインクジェットプリンターから毎秒4百万以上、インクのミクロ粒子を噴射して7万色以上の繊細な発色を可能にしているそうです
映画	スクリーン	さすがディズニー作品のアニメ映画で、色彩鮮やかなスクリーンに圧倒されっぱなし、“夢”いっぱいでまさにディズニーの真骨頂といえる作品だと思います
映画	スクリーン	昨日完成披露試写会に参加された知人によりますと、映画がとても良いらしいです 大きなスクリーンで亮ちゃんが見られるなんて、夢みたいですよね 嬉しすぎますね
映画	スクリーン	私達観客は、概ね、映画を「作る」のでなく「見る」という受け身の体制ですから、スクリーンの向こう側で制作者たちはどのようなコンセプトによって作品を作るとか、その映画ができた社会的背景はどうかということを考え、調べ、学ぶことが「日本学」の講義のように思います
映画	スクリーン	また、投射型表示装置を用いて立体画像表示を行う場合には、右目用の画像と左目用の画像をS偏光画像とP偏光画像として作成し、これらを重ねてスクリーン上に投影して、左目と右目にそれぞれS偏光フィルタとP偏光フィルタを用いた偏光メガネをかけて見ることが行われている
ビデオ	スクリーン	パソコンを使う時間と休憩時間を設定したあとに、システムトレーからバルーンを出したり、スクリーンを暗くしたり、といった方法で強制的に目を休ませるようにカスタマイズできます
その他	スクリーン	水槽からの揚水を平面衝突物体に衝突させ該物体を中心にして開散放射方向へ拡散させ再度水槽へ薄膜曲面状に落下させることにより循環持続的に水膜スクリーンを形成させるように水膜スクリーン形成装置を構成する
ビデオ	スクリーン	また、(2) 立体画像を用いる為に、一般に、左右両眼に視差を有する別々の画像を提示する方法が用いられるが、スクリーン位置と立体画像の存在位置は一致しないため、観察者に負担がかかる
ビデオ	スクリーン	この作品は、VRMスクリーンショットを鉄道写真的なアプローチで撮影したときの一つの完成形であり、同時に、そうしたアプローチの限界の象徴でもあるからです
その他	スクリーン	計測対象を単眼カメラのズーム機能により移動する焦点におけるスクリーン上に結像させて視差による三角測量法の原理により前記計測対象の位置を計測するズームによる位置計測方法であり、特に、自律ロボット等の、動き等が画像計測によって自動化される機械への適用を狙ったもの
映画	スクリーン	テラマックは、展示ブースのスクリーンや壁紙、カフェの椅子生地、マスコットガールERICAのウェア、コーヒーのカップフォルダーなど、さまざまなカタチに加工
ビデオ	スクリーン	カメラ上部のペンタプリズム部分が取り外しできるようになっていて、さまざまなファインダーやファインダースクリーンを取り替えられるようになっている
映画	スクリーン	鑑賞するからには、往年の大スターの面影を確かめたいという想いのほかに、日本映画全盛期の勢いを、スクリーンを通して是非とも感じ取ってみたいというのもありました
ビデオ	スクリーン	ブース中央に270インチの超大型スクリーンを設置し、両社製品による効率的な加工方法のご提案や、超高速カメラが捕らえた迫真の切削映像、TES※による両社共同のコンサルティング活動の様子などを、高精細なハイビジョン映像を通してご紹介します
映画	スクリーン	2001年にドラマ『学校4』(KBS第2テレビ)でデビューした コン・ユは、その後『乾パン先生とこんぺいとう』『ある素敵な日』『スクリーン』などの人気ドラマや、『Sダイアリー』『恋の潜伏捜査』『彼女を知らないとスパイ』といった映画に出演
映画	スクリーン	深作監督に追悼の意を・・とのコメントもスクリーンに登場するだけあり、PART1は日本に向けてのサービスかなと思えるくらい、オリエンタル色が濃い
ビデオ	スクリーン	約2時間位もかかったがこの間30分位はまた帰って再度スクリーンショットを取って毎度死ぬ度に走ったうえでずっと効果の切れた祝福を塗るのに消費した
ビデオ	スクリーン	内部はメカメカしい——北には壁の半ばから上にかけ、スクリーンのようなものが貼り付けられ、周囲の壁には大型の色々なものを組み合わせた奇妙な機械のようなものがある
その他	スクリーン	従来とはタープの下にスクリーン2ルームハウスを張り残った半分のスペースに椅子やテーブルをセットしスクリーン2ルームハウスのリビングは天気の悪い時のリビング及びキャンプ場から長く出かける時の収納スペース
ビデオ	スクリーン	「ふしぎなミクロ生物シアター」では、様々なミクロ生物たちの幻想的で躍動感あふれる姿や、ミクロ生物と自然環境や人とのかかわりについて、大型スクリーンや4面のディスプレイを用いた迫力の映像で紹介され、「ふしぎなネイチャーラボ」では、専門職員の指導のもと、自分で顕微鏡を操作して思う存分ミクロの世界を堪能できる
ビデオ	スクリーン	ノートパソコン、マイク、スクリーン、空調、暗幕、照明の調整、受け付け用の 長いテーブル1、椅子3完備:定員 180名(今回S402から足りないものの調達はできません)
ビデオ	スクリーン	2/9画像変更、前のはノーマライズで処理したが今回は明るさとコントラストをいじって同じような明るさになるように調整、スクリーンサイズがわかるように大きさも調整
その他	スクリーン	機材、コンテンツともに3D製品(CGではなく、立体視のほう)がかなりの盛り上がりを見せた今回のNABShowだが、ホワイトスクリーンが注目したのは、今だかつてない映像体験を可能にしてくれるスローモーションカメラだ
映画	スクリーン	ゴージャス♪★80インチ電動スクリーン内臓★■究極のAVリビングボード■自宅で映画館の迫力が味わえる♪【AVボード】【テレビボード】【テレビ台】♪
ビデオ	スクリーン	中に入りだだっ広いドームは徐々にひとで埋め尽くされ、30分遅れで照明が落ち、キース・リチャ−ズの歯切れの良い変なリズムのカッティングの音が耳に入り、ステージ上は照明に照らされ後ろのスクリーンは徐々にステージ上のメンバーの姿を映していく
映画	スクリーン	【0022】なお、上記メモリ回路に記憶される区分映像信号のサンプリングは、上記スクリーン上に投写される上記隣接する投写区分映像の重なる領域が上記1画面分の全映像に対して存在するようになすこと、或いは、上記スクリーン上に投写される上記隣接する投写区分映像の重なる領域が上記各投写区分映像の周辺部のみに存在するようになすこととする
ビデオ	スクリーン	とにかく、リキッドルームと比べて一番感じた違いは、映像がWHITE STAGEいっぱいに映し出されていたため、リキッドルームの小さいスクリーンではさほど強く感じられなかった、「映像と音との融合」というのが、このWHITE STAGEのステージでは、見事、実現していたと思います
ビデオ	スクリーン	そこで写真の色をリモート操作で4bitにまで落とし、スクリーンの解像度をかなり低くして見たわけですが、それでもその写真は驚くべきもので、私が繰り返した侵入の中で、最高の瞬間でした
映画	スクリーン	教員が操作するノートPCやPDAからは、プロジェクターの電源制御、映像ソースの切替え、スクリーンやブラインドの昇降、照明制御などが行えるAWK(ActiveWorkKit)を使って実現している
映画	スクリーン	その実験がどの程度の視覚的効果をもたらしたのかはわからないし、また薄暗い展示室で一定時間スクリーンと向き合い、投影された文字を隅々まで読んだ観客がさしていたとも思えないなど、いささか空回り気味な印象を免れないとはいえ、少なくとも「読む」ことと「観る」ことの関係を反転しようとした企画意図には新たな可能性が感じられた
ビデオ	スクリーン	β版は、RSSフィード配信元ページのスクリーンショットを取得して、記事の一部にマウスを載せるとリンク先のスクリーンショット画像が表示される、関連サイトの更新情報配信用ブログパーツとして好評を得ております
映画	スクリーン	でも、"午前十時の映画祭"でスクリーンで再見するまで(TV放映で何度か見てるがスクリーンで見るのは実に久しぶり)、本編はもちろんお目当ての特典映像を見るのは後に残しておくつもり
その他	スクリーン	視度補正装置の付いているカメラの説明書にはやり方が書いてありますが、ファインダースクリーン(ピント合わせの枠とか)がぼやけずにはっきり見えるようにします
ビデオ	スクリーン	深宇宙調査船リアル1号の3Dスクリーンに映し出されたその航行体は、漆黒の宇宙を背景にチカチカと瞬きながらアトランダムにその位置を変えているようであった
ビデオ	スクリーン	このコンテンツと同じように、スクリーン・リーダーをわかりやすく紹介する動画コンテンツを日本でも提供したいというのが、今回の動画を制作することになった理由です
映画	スクリーン	様々な名優とコンビを組んで、スクリーンの中で恋におちてきたオードリーですが、どんなに年齢差があっても、どんなにタイプが違ったり家柄が違う相手でもいい絵になってしまう
ビデオ	スクリーン	イルカの大群やザトウクジラの捕食、海底で太古の形状のままで躍動する海獣たちなど、世界50ヶ所で撮影された100種類以上の海洋生物たちの貴重な映像がスクリーンいっぱいに映し出される
ビデオ	スクリーン	水族館で立体映像を全天候型のスクリーンで楽しむためのメガネはいいのすが、生活しながらテレビみたり、外でニンテンドーDSを使ったりするときに3Dメガネが必要だったら、かなり厄介です
その他	スクリーン	ところで、この企画のPRムービー「 Google "Helps"」を制作したのはホワイトスクリーンでもおなじみのNYの映像プロダクション、モーション・セオリー
その他	スクリーン	確かにファインダー視野率100%、ファインダーのスクリーンがマニュアルレンズ使用時に非常に勝手が良い、この2つは大きな長所ですが、K20Dでも何とかなりますからね
映画	スクリーン	もしそうだとすれば、国芳の画面構成における功績は三枚続きのワイドスクリーン化だけでなく、画面の捉え方の自由さというところまで拡大できるように思う
インテリア	スクリーン	】おしゃれな目隠し★細かいサイズ変更も可能♪◆可愛い☆おしゃれ◆2連スクリーン・1600・パーティション・AW★日本製★【ディスプレイ◆パーテーション★間仕切り★ゲージ★隠す◆癒し★カントリー家具●カントリー雑貨●カントリーファン●輸入家具●アメリカンカントリー家具】
その他	スクリーン	ファインダー上でのボケかたと、実際のボケは、今のようにファインダースクリーンの精度が上がってもかなり違うのが普通だから、開発者はこのこともあって、通常のマット面を採用しなかったのかもしれない
ビデオ	スクリーン	せめてレーダースクリーンなり投影してくれれば、挙動から推測の一つも立ててみせるのだが、ラピスが提示してくれたのはほとんど何も見えないと言って良い外部カメラ映像だけだ
映画	スクリーン	ディジー・ガレスビー楽団の編曲を手がけたり、マイルス・デイビス ジョン・コルトレーン、ビル・エヴァンス等を従えたビッグバンド、 「ルグラン・ジャズ」を展開するなど1950年代はジャズの活動 が目立ったが、1960年代に入ると「シェルブールの雨傘」や、 「ロシュフォールの恋人たち」等、スクリーンミュージックの分野 にも手を広げ成功する
ビデオ	スクリーン	ガウディの建築もさることながら、特大スクリーンに映し出されるハイビジョンの美しさと言ったら、「映像にドルビーをかけたような」クリアなものでした
ビデオ	スクリーン	「はいれるテレビ」は、4面のスクリーンに映像を投影することにより、視野の周囲を映像で取り囲み、映像の中に入り込んでいるという感覚を与えることができる
ビデオ	スクリーン	・初期設定では画面表示がフルスクリーンになっているが、これは画質があまり良くなく、少しぼやけて見えるので(あまり気にはならないかも)、画質にこだわる人はオリジナルに変更することを勧めます
映画	スクリーン	演出、美術、衣装、照明は、ピエロ・ファッジョーニ が一人で取り仕切ったが、風車との戦いの場面では、背面の揺れるスクリーンいっぱいの影絵を利用し、迫力満点の場面を現出させた
その他	スクリーン	南の島から届く、素朴であったかいフィギュアやスクリーンなどのハンドメイド雑貨やアクセサリーと、こだわりのオリジナルインテリア小物・キッチン雑貨・バッグ・バスケットなど幅広くご提案します
映画	スクリーン	『Frame』('76)は〈構造映画〉と呼べる作品で、海辺の風景を映したスクリーンの中にもうひとつの小さなスクリーンがあり、その外側の画像と内側の画像とで〈自動車社会に於ける風景論〉を講じようとしたのかも知れません
映画	スクリーン	3Dでアバター見てきたッ 混んでたけど、運よくスクリーン正面中央あたりがあいてたのはラッキー (複数人で来てる人が多くてポッカリ開いてたっぽい) 渡された3Dメガネのレンズがやたら汚かったので交換してもらったけど ちゃんとメンテというか、チェックしてるのかと・・・ 頼むよパークスシネマの人
映画	スクリーン	したがって、これら各映像投写手段からの区分映像を上記スクリーン1上に投写(拡大投写)して合成することにより、当該スクリーン1上には1画面分の映像が投写されるようになる
カメラ	スクリーン	版画と一言で言っても、他にもリトグラフや シルクスクリーンといった様々な技法がありますが、 平面的な仕上がりのシルクスクリーンらに比べて 最も重厚な仕上がりになるのがこんにちは、ゲイブルちゃんです
ビデオ	スクリーン	まあ、カメラアプリ起動、スクリーンショット撮影で盗撮可能になるのを防ぐためなんだろうけど、カメラ起動中だけ音がなるとかやり様はあると思うんだけどな
映画	スクリーン	見応えたっぷり、聴き応えバッチリなのは相変わらずで、ピアノの周囲にカメラを設置して、演奏中にその映像をステージのスクリーンに映しながら聴かせて下さるのは、客席にいて本当にありがたいです
映画	スクリーン	そんな状況のなか、1993年4月、米タイムワーナーとニチイ(現マイカル)の共同出資で設立されたワーナー・マイカルが海老名と東岸和田にそれぞれ7スクリーン、8スクリーンのシネコンをオープンさせた
映画	スクリーン	3板方式は、光源の光を特殊なミラー(ダイクロイックミラー)でRGBの3色に分け、それぞれの色専用液晶パネルで画像を作った後、再び特殊ミラーやプリズムで画像を重ね合わせてからスクリーンに投射します
ビデオ	スクリーン	iniファイルにてフルスクリーン表示するモニタを指定しておくこともできますので、サブモニタをコメント専用にする、などの運用では便利かと思います
インテリア	スクリーン	【0017】従って、本実施例に依れば、スクリーン部材7の傾き角の調整が極めて容易であり、窓用のブラインドと同様に折り畳んで収納することも可能であるため、スクリーンが不必要なときに邪魔になることがなく極めて便利である
映画	スクリーン	2000年に公開され、全国に「バトロワ」旋風を巻き起こした映画『バトル・ロワイアル』の3D化が企画されているとスクリーン・インターナショナルのオンライン版が報じた
映画	スクリーン	英語の学習の話、日本は識字率が高いから字幕翻訳という職業がある、職業を選ぶとき”好き”の力を信じる、映画はスクリーンで見てこそのつくりになっている、などなど、1時間半では、語りつくせない、盛りだくさんの内容だった
インテリア	スクリーン	ニュースリリース【TOEX・東洋エクステリア】 パブリック向けのスクリーンフェンスにも高い意匠性が求めエクステリア・ガーデン 設計施工 (株)ウエシン の社長です
映画	スクリーン	機内では祐くんは行きはスクリーン前の席がキープできなかったのでクマのマット(ベッドになり、コンパクトに畳める)を足の下に置き、帰りはベッドを借りました
映画	スクリーン	つーか・・・映画が始まる前にスクリーンに流れる予告案内の年明けに放映されるワンピのナレーションの声に萌え萌えしててvvv(激爆)あ ゙ぁ ゙・・・アレはきっと諏訪部に違いないっっ
映画	スクリーン	スクリーンを見つめる著者の目に留まるのは、目の前にいる少年の才能にかつての自分を投影した中年女性であり(「出発するための裏切り」)、異国の町で自らを覆っていた殻を破った女性であり(「天使が砂漠に舞い降りた」「父に焦がれて」)、かつて恋心を抱いた女性と再会した初老の男(「飛び立つ鳩を見送って」)であったりする
映画	スクリーン	「薄型テレビ」と「プロジェクター+スクリーン」の両方を使い分ける『2WAYシアター』や壁掛け・天吊りの画像機器に埋め込み型スピーカーを組み合わせることでインテリア性を高める方法についても魅力を感じました
ビデオ	スクリーン	なんと インターネットの通信環境によりますが「1080P」ボタンを クリックし、フルスクリーンで見るとフルハイビジョン画質 の動画が見られます
インテリア	スクリーン	TOEX(東洋エクステリア)・三協立山アルミ・四国化成・エスビック・新日軽と、よりどりみどりの カタログです^^; 業務用のカタログは施工方法や注意事項が詳しく掲載されているので、読んでいてとても楽しいです^^ 建築日誌も佳境に入ってきたのでエクステリア建材メーカー 東洋エクステリア(以下TOEX)、環境商品ブランド「ネルシス」からスクリーンフェンスの登場
映画	スクリーン	」とちよっと覚悟を決めて、家から出掛けて、チケットを買い求めて、ポップコーンとコーラなどを横に携えて、シートに深く体を沈めて、いざスクリーンに対する、ということで、愉しみは何倍にも増す、そんな気が、今日もしました
ビデオ	スクリーン	遊助(上地雄輔) 【ミツバチ】PV動画視聴をもっと大きな動画で見たい場合は、だいたいの動画サイトで右下の「□」のような記号をクリックするとフルスクリーンになるので、大きな画像で 遊助(上地雄輔) 【ミツバチ】PV動画視聴できます
映画	スクリーン	: ただし、シネコンの各々のスクリーンにおける座席数は、旧来の大ホールの映写空間を持つ劇場型映画館ほど多くないため、人気作品の上映では一つのスクリーンに観客が集中することもあり、施設全体の大きさからすると、より混雑し易い傾向がある
カメラ	スクリーン	ビジュアルユースが主眼だった従来のスクリーン印刷では、下地の種類に依存せずに発色性や遮光性がよいように印刷するなど、いかにきれいに印刷できるかが重要な要素だった
ビデオ	スクリーン	放送局はまだ復帰していないので、解放プログラムの一環であるスクリーン・ニュースと、治安維持軍が流している市庁舎撤去作業の情報だけが、放送画面から流れてくる
カメラ	スクリーン	◆シルクスクリーン版を使って、ハンドプリントする方法 ⇒ その1:シルクスクリーン版を使って、自分でTシャツをプリントしてみよう ( 01:原稿をつくる 、02:入稿する
映画	スクリーン	公判では、被害者の陥没した頭蓋(ずがい)骨の写真がスクリーンに映し出され、女性はこの遺体写真で体調を崩した可能性があるというが、ネット上には女性に同情する声が数多く寄せられている
ビデオ	スクリーン	jp)の携帯電話向け動画配信プラットフォーム「jigムービー」のライブ配信用ソフトウェア「jigムービー リアルタイムエンコーダー」に対応したことで、最大動画サイズ427×240ピクセル、最大ビットレート600kbpsでの、高画質横向きワイドスクリーン再生に対応し(※1)パソコン向けライブ配信と遜色ない品質で、数万人に向けて同時配信することが可能となりました
映画	スクリーン	そういう意味ではワンカットたりとも油断できないシーンが連続するんで、スクリーンから目が離せない展開であることは確かだし、それはまあある意味楽しい
ビデオ	スクリーン	プレビュー用のレンダリング――スクリーン上でどのように見えるかを確認するためのスナップショット的な機能を持つもの――を用いることで、イメージを瞬間的に生み出せるようにした
映画	スクリーン	通常、ハリウッド大作の特報や予告編でも多くて4~5種類の映像を制作しますが、今回は異例の20パターンのメイキング映像を制作し、その映像は《新宿バルト9》のスクリーンでしか見れないという業界初の試みに挑戦
映画	スクリーン	映画館そのものは好きだが、スクリーン両脇にトイレの入口があったり、上を通過する電車の音が椅子を通して伝わってくるなど、いい作品を観るには悪い条件だった
ビデオ	スクリーン	3:当店のメガネのイエスの実物はたたいて発射して、デジカメとパソコンのスクリーンなどの原因の実物と写真の少量(数)がある色収差、私達はすでにできるだけ最も近い色に異動になりました
ビデオ	スクリーン	ちなみに上記のスクリーンショットの最後のアイコンが緑色だったり、Twazzupに出ているアイコンの多くが緑色なのは、抗議を表明する人はアイコンを緑にしようという運動によるものです
インテリア	スクリーン	「セキュリティスクリーン」は3階フロアに設置され、銀行の営業終了時には全閉してバンキングホールとロビーを仕切るパーティション機能を持っています
映画	スクリーン	ここ数年のシネコン出店数を見ると、07年が27サイト・259スクリーン、06年が30サイト・287スクリーンで、すでに減少傾向にあったが、今年は一気に減速する
その他	スクリーン	両者ともファインダースクリーンにちょっとした癖があって、スプリットイメージの周辺のマット面を曲面処理し、フレネルレンズの強い集光効果を持たせようとしている
映画	スクリーン	飛騨地域を中心に自由なテーマで募集し、幼稚園から高校生まで、50作品以上から選ばれた5作品の発表や、パラパラアニメを動画化して大スクリーンで上映
映画	スクリーン	物品賃貸(リース)業、物品賃貸(レンタル)業、情報サービス業、広告業、クレジットカード業、エンジニアリング業、映画館(映画スクリーン規模別含む)、劇場・興行場、興行団、ゴルフ場、ゴルフ練習場、ボウリング場、遊園地・テーマパーク、パチンコホール、葬儀業、結婚式場業、外国語会話教室、カルチャーセンター、フィットネスクラブ、学習塾について、月ごとの売上高等を掲載しています
インテリア	スクリーン	「テクモク」は、素材に廃木材と樹脂廃材を100%用いた木粉入樹脂製のエクステリアシリーズで、デッキやルーバースクリーン、門扉、パーゴラ、外構フェンス、バルコニー手すりなど、全13種類の商品をラインアップしています
ビデオ	スクリーン	転換中はステージの巨大スクリーンに撮り下ろした写真が映し出され、各バンドのライヴ前には塁氏のバンドの紹介MCがあるという、このイベントならではの醍醐味を味わいながらライヴは進んでいく(ちなみにライヴの間はカメラマンとして活躍しているので大忙し)
映画	スクリーン	とスクリーンに表示され、早速予告で3Dの『アリスインワンダーランド』が始まったら、私を含め、一瞬『おぉお・・・』とどよめいたから、『Disney’sクリスマスキャロル』や『カールじいさんの空飛ぶ家』を3D鑑賞してきた人は少ない模様
映画	スクリーン	【0147】なお、装置の奥行きを少なくしてかつ大画面を実現するには、各区分映像をスクリーン上に投写する際の投写角を大きくすること、或いは区分映像の数を多くする(多数の区分映像で大画面を構成する)ことで実現できる
その他	スクリーン	のでちょっと変形して、1回のスクリーンに向かうレイトレース処理(1ピクセルの処理)にて、視点と視線方向をぶらして複数サンプリングを行い、1ピクセルごとに合成処理を行います(結局は同じことになるのですが)
映画	スクリーン	案内役は唐沢寿明さん(生ではなくてスクリーンに登場します)と、 フジテレビアナウンサー(毎回違うそうですが、今回は土曜日の めざましテレビに出ている人でした
ビデオ	スクリーン	特に、今年は、市民の避難状況や倒壊家屋救出状況を群馬県警察航空隊のヘリコプターで撮影し、関東管区警察局群馬通信部及び国土交通省の中継器を介して、現地災害対策本部の大型スクリーンに映し出す、避難状況偵察訓練及び画像伝送訓練を実施したところでございます
映画	スクリーン	夜は、南十字星の輝く星空の下、週一回、最上甲板前部 (約400畳) で艦首付近にスクリーンを張り映画大会が催され、時には、夏鳥や冬島への上陸が許可され、初めて見る椰子に見入ったり、その実が石鹸臭くて飲めなかったり、楽しい一時を過ごしていた
その他	スクリーン	まず、スクリーンを枠に張り、四方を引っ張り緊張させて固定し、その上に手工芸または、光工学的(写真的)方法で版膜(レジスト)を作って必要な画線以外の目を塞ぎ版を作る
ビデオ	スクリーン	ウェブカメラの方にいつネッシーたんが映るかはわからないのですが、映ったらスクリーンショット撮ったり、あとはウェブカメラ画面の右上のSave imageってところから画像を保存することもできるみたいですネ
その他	スクリーン	今のカメラは、TFTスクリーンの見ないとシャッター速度がわからないレイアウトになっていて、三脚を立てて立て位地で撮影するときは不便なときがあります
映画	スクリーン	会期中、デジタル一眼レフカメラEOS ならではの高画質・表現力を活かした、EOS MOVIE作品の大スクリーンでの上映を行うほか、EOS MOVIEや業務用カメラの新製品XシリーズによるフルHDムービーワークショップを、映像制作の第一人者を迎えて、開催します
ビデオ	スクリーン	スクリーンの移動も場所的無理のようですし、窓側照明を消灯すると本が見難いまた見えないことがありますので、該当する蛍光管(2本)を緩めるか又は外してはどうかと思います
ビデオ	スクリーン	街中人で溢れ、いろんな所に特設アレーナに大型スクリーン、公園を柵で囲む、ポケットやカバンの中のセキュリティチェック、警察官に屋台だらけ、シックなレストランやバーにまでテレビが入り・・もう大変
ビデオ	スクリーン	マスコミも来るので、住民はテレビの取材を受けないようにコソコソしてたりします(^_^;)14日には、「中津江ホール」と「鯛生金山」の2か所で大スクリーンによるテレビ中継が行われます
ビデオ	スクリーン	3月14日(土)の夜に開催する『アート&ミュージックナイト』では、りんご並木に面したトップヒルズほんまちの壁面に大スクリーン(8m×6m)を設置し、会場内の中継のほか、映像作品の上映をします
ビデオ	スクリーン	1つ、後悔されているのは、スクリーンの位置・・・もっと手前にしておけば、画角を大きく出来たのにと・・・機材を置く位置が決まってなかったため、今の位置になったそうですが・・・手前なら150インチにせずとも、もっと大きな画角に出来たと・・・
映画	スクリーン	寒けがするほどの美女がふたりも出てくるわ(これはスクリーンを直視するのが困ってしまうほどにものすごい美女だ)、恋のドキドキをタイムウオッチで計る40男が出てくるわ、禁欲的でストイックな映画なのにやたらエロティックだわ、もう、完全な変態
インテリア	スクリーン	ニチベイ:よこ型ブラインド、たて型ブラインド、ロールスクリーン、プリーツスクリーン、ダブルシェード、カーテンブラインド、アコーディオンドア、間仕切り、パイプカーテン
映画	スクリーン	これまでの2D映画だと、スクリーンは幅10メートルもあれば「大画面だなぁ~」という満足感がありましたけど、アバターの映像アングルの構成の仕方の影響もあるでしょうが、3Dだと映像が視野の大部分を占めるのが当たり前という感じで、2D映画よりも何歩も現実の視覚に近付き、幅10メートルでもそんなに大きく感じないという印象を受けました
ビデオ	スクリーン	授賞式の時その時のフォトをスクリーンでスライドショーにして放映 写真の中のお二人も眩しいぐらい笑顔いっぱいで本当に幸せそうです 幹事さんの娘さんから新郎さん新婦さんに花束のプレゼント めちゃめちゃ可愛かったです パーティーの最中もずっとお利口にしそれの高画質スクリーンショットが公開されたようなのでご紹介
ビデオ	スクリーン	2003年3月に完成した講義棟で、 学習環境の改善を目指し、机の大きさ、配置を広げ、、明るい照明下で精細な情報を得られるように、スクリーンの画像・映像を机上に転送できるデイスプレイを配置しました
映画	スクリーン	スライド映写機が一般的に使われていた時代では、家庭内で白いシーツなどを壁に貼り付けて簡易スクリーンとするなどの行為も見られたが、映画館など専門の施設や近年のホームシアターでは、より機能的なスクリーンも登場、利用されている
その他	スクリーン	また、ミノルタ707siと異なり液晶パネルをファインダースクリーンと重ねることを廃止しているために逆光でもすっきりと見やすいファインダーに回帰している
ビデオ	スクリーン	(5)『Forever Love』がバイオリン主体の演奏で始まり、正面スクリーンに唐草模様のような絵柄の照明、両脇には青色の照明が映し出された
映画	スクリーン	UK FILM COUNCILは、企画から配給・マーケティングまで製作の各フェーズを支援し、製作や撮影協力については、各地方のスクリーン・エージェンシーがフィルム・コミッション的な役割を果たし、情報提供やロケ地の選定等のコーディネーションや支援を行い、ポスプロの協力体制も備える
カメラ	スクリーン	シルクスクリーン印刷、カッティングプロッターやフォトレジストと組み合わせると、ロゴやサインの製作、ブライダル商品やメモリアル商品へのエッチング、ウェルカムボードの製作やフォトエッチング、ホール、パーテーション、エレベーターや家電製品などのへのエッチング装飾もできます
映画	スクリーン	・・・・・・乳幼児が一緒なので、座席の前が広く(フライトアテンダントが座るイスの真向かい等)・スクリーン前の席(ただし、ここは車椅子の方が優先される)・オムツ替えに便利な、トイレに行きやすい席・隣の席に他人が座らなくても済むような席(後部なら二人だけのシートもあるよ
ビデオ	スクリーン	スクリーンショットになっても、下の写真のようにメイン表示部分にSSの名称のみ(英大文字三文字+数字と英小文字)が出ていて、サムネイル(縮小画像)が出ていなかったら、ファイル管理という文字のすぐ下にある円形クリック部分が6個並んだ場所に移動
映画	スクリーン	この放出したすべての光電子を静電場によって加速し、特殊なスクリーンに投影する手法を使って、時々刻々と変化する光電子の散乱画像を撮影し、運動エネルギー分布と放出角度分布から電子状態の高速な変化を可視化した
映画	スクリーン	城咲あいさんは、これまで彼女がやってきたヒロインの中で一番彼女にあったキャラで良かったのではないかと思うのですが、彼女は映像向きではないので、撮影シーンでドアップでスクリーンに映し出されたのを見たとき、ウームと思ってしまった次第
インテリア	スクリーン	☆かわいいパーティションでごちゃついた場所の目隠しに♪部屋の間仕切りにも☆サイズ変更も可能♪☆日本製☆3連スクリーンM・パーティション【ディスプレイ◆パーティション★間仕切り★ゲージ★隠す◆癒し★カントリー家具■カントリー雑貨■カントリーファン■輸入家具■アメリカンカントリー家具】
その他	スクリーン	SIMロックフリーの海外iPadについても国内技術適合基準はクリアされているため使用できる 可能性があるが、技適マークのスクリーン表示は今のところ確認が取れていない
その他	スクリーン	V603SHからテレビチューナー機能を取り外し、カメラのスペックなどを変更し、カスタムスクリーンやテクスチャーパネルを装備できるようにしたと考えれば、わかりやすいだろう
インテリア	スクリーン	簾(すだれ)、ウッドブラインド、ウッドスクリーン、ウッドカーテン、麻スクリーン、バンブースクリーン、バンブーカーテン、紙スクリーン、スモークスクリーン、パーティション、天然すだれ、御簾、その他オーダーメイド各種
カメラ	スクリーン	お楽しみイベント・山口智己さん( ヤマタカ捺染工場 )による、 『シルクスクリーンによるTシャツプリント実演・展示・販売』の詳細が決定しました
カメラ	スクリーン	小ロット生産によるコスト高が一番の原因ですが、4000円以上の商品は、さらに京都のスクリーン印刷業者に一点一点手作業でプリントをしてもらっていますので、そのコストも高くかかります
映画	スクリーン	82年にはトニー賞の13部門ノミネート、6部門受賞の快挙を成し遂げ、日本を含む世界各地で上映されたミュージカルが本作品でスクリーンに甦ったでも、とことんミュージカルに疎く、そのことを全く知らなかったので、つくづく映画にしてくれてアリガトウって思いました〜
ビデオ	スクリーン	xにアップグレードするという希望を持つことはかなり厳しい状況なので、個人的には、んーむと考え込んでしまうところだけど、今度配備されたこのiMacくらいスクリーンがでかければ、Captureone4
映画	スクリーン	わたしがスクリーンに認める「現実」の精確な反映(映画ほど「現実感」に満ちた表象物も他にないだろう)とわたしの得心のいくように物語を展開する虚構世界の連続性の論理(これがカット割りやカメラの移動による視点のたえまない変更を回収する)とが、わたしをひとつの特権的な視点に位置づけ、フィルムの首尾一貫した意味の生産者にしたてあげる
インテリア	スクリーン	【楽天市場】玄関網戸カーテン 網戸カーテンで虫やハエ等が入らない開放している玄関からの土埃や虫の進入を防ぐ 玄関網戸 カーテン すだれ、スクリーン、網戸カーテンワンタッチで簡単に取り付けできます:マツカメショッピング
インテリア	スクリーン	木製建具作成・取り付け工事・調整手直し(障子・欄間・戸襖・格子戸ガラス戸・トイレスクリーン・開き戸・引き戸・吊り戸・間仕切り・折戸)その他木製家具作成・取り付け工事
ビデオ	スクリーン	また、「1」で制作した場合(バアイ)、テレビに映す(ウツス)430インチのスクリーンで放映(ホウエイ)する映像(エイゾウ)の制作(セイサク)案件(アンケン)を頼ま(タノマ)れました
カメラ	スクリーン	加工は例によりJTrimで、新規作成(色付)、超新星(中心から2回)、 シルクスクリーン、シャープ、渦巻3回、ブラインド、パンチ2回、塗りつぶし、コピー、 ブラインド、合成、エンボス等
映画	スクリーン	特に効果を発揮したのが“3S政策”で、国民をスポーツ・セックス・スクリーン(テレビや音楽を含む)に夢中にさせ、政治に関心を向けさせない愚民化政策です
ビデオ	スクリーン	ファインダーを付けずにファインダースクリーンでピント合わせをした事がある人ならお分かりだと思いますが、像が小さくてジャスピンなのか判断が難しいです
ビデオ	スクリーン	そして、曲終盤、スクリーンには、それぞれに歌うユーミンの姿が映り、ユーミンは、歌い終わると、上手に移動して、階段から上ステージに登り、バックステージに姿を消していきます
ビデオ	スクリーン	シアターハウス(福井市) 横と縦の画像の長さが異なるハイビジョンテレビやDVDのどちらにも対応するスクリーン「ハイブリッド型電動スクリーン」の販売を開始
インテリア	スクリーン	デザイン性に優れ、プライバシー保護と防犯への配慮を両立させた完全クローズド外構を可能にする「開き戸」や「つり引き戸」、「スクリーン」などを用意した
映画	スクリーン	映像メディアというのは、「スクリーンの中ではなんでも起こりうる」という、映画を作る人にとってはあまり面白くない約束が、観客と製作者の間に成立してしまっている
ビデオ	スクリーン	5Sレンズで、ズームの望遠側かつ至近距離で撮影した場合、ファインダースクリーンのマット面の像とオートフォーカスの合焦表示が合致しない場合があります
ビデオ	スクリーン	直接マーカーで書き込めるスクリーンを使って、スクリーンに直接字を書くという方法も験してみたことがありますが、このスクリーンが小さいというのと、いちいちパワーポイントの図を送るたびに消す必要があって、これも面倒
映画	スクリーン	」という父のひと言が放たれるシーンが、スクリーンに映し出されると「3人が初めて揃ったのはこのシーンですね」と言おうとした西野の言葉が終わる前に、「違いますね
映画	スクリーン	今は、テレビやDVDなどでいつでも観ることができますが、やはり、大きなスクリーンに映し出される映像と音響で楽しむことが映画の醍醐味だと思います
映画	スクリーン	この「「キン肉マン」スペシャルナイト」では、大スクリーンで84年の劇場映画『キン肉マン』とファンが選んだTVシリーズ『キン肉マン』ベストバウト第1位作品を鑑賞する
ビデオ	スクリーン	昨年は前もって歌を覚えてくるよう課題が出されていたのでほぼ完璧だったのですが、今年はそういう準備期間がなくて、スクリーンに映し出される歌詞のハングルも難しくていまいち歌に参加できず
ビデオ	スクリーン	バーゴは、かなり大きな店で巨大スクリーンとフロアーに2カ所のせり上がるお立ち台が有り、フロアー周りにもお立ち台が有り、テクノ最盛期には踊り狂う女の子達が素晴らしい景観でした
ビデオ	スクリーン	映像夜間中学とは、特殊漫画家にして渾沌の翻訳者である根本敬秘蔵の映像とその解説を通しスクリーン越しに宇宙の「見方」「聞き方」「捉え方」等々を学ぶという、大変真面目かつスリリングなトークショースタイルのイベントです
インテリア	スクリーン	立川ブラインド工業は、新商品のプリーツスクリーン「ペルレ」の発売を記念して、5月6日から6月30日の期間、タチカワ銀座ショールーム(東京都中央区銀座8―8―15)で『ショールームへGO
その他	スクリーン	樗谿には、鳥居をくぐって石橋がありますが、あれに詰まって、要はスクリーンに入る以前に道路溢水するということですので、その辺、今後のごみのとり方というのですか、その辺に配慮したいと思っていますけれども、もともと点検が足らないということありません
映画	スクリーン	プロジェクションテレビ内の投射レンズ部(映像をレンズで拡大してスクリーンに投射する部分)に、従来の屈折型レンズに加えて新たに凹面ミラーを組み合わせた投射光学系を搭載し、当社従来比約1
その他	スクリーン	肉眼では見えないがデジカメには写る赤外線ノイズ光をスクリーンに重ね、盗撮した映像を使い物にならなくする技術を、国立情報学研究所とシャープが共同開発した
映画	スクリーン	座り心地の良い椅子に身を任せながら、大きなスクリーンを観ているととても贅沢な気分――と、何故かあの天井桟敷の固い椅子が懐かしく思い出されてきました
映画	スクリーン	それに最近ではシネマ・コンプレックスッて云う複合映画館が増えてきて収容人員はそんなに大きくはないけどスクリーンの数は増えてきているって云いますね
ビデオ	スクリーン	て載せるつもり だったんですが、プリントスクリーン押し忘れましたorz ちなみに私のライムスターは4着でした リダ、おめでとうございます^^ 以上です^^ ちなみに今日の+αというのは王様ゲームのことです^^
ビデオ	スクリーン	そして最後の曲、911での出来事を追悼し、平和を願った曲が始まるとスクリーンには赤い薔薇が映し出され、一人は白、もう一人は赤の衣装に着替えたダンサーの二人が旋回を始めました
ビデオ	スクリーン	私たちの研究グループは、証拠とされる写真をすべてデジタルカメラを使ってパソコンに取り込み、スクリーンに大映しにして、写真に改ざんの跡はないか、季節に誤りはないか、影の方向や長さに奇妙な点はないかなど、科学的に詳細に検討してきました
ビデオ	スクリーン	これらの新モデルは、 iPhoneのようなフルタッチスクリーンは持たないが、iPhoneの音楽インターフェース機能の一部を搭載し、現バージョンよりも薄型だがスクリーンは大きいというのが、大筋の見方のようだ
ビデオ	スクリーン	aiko(アイコ) 【ボーイフレンド】PV動画視聴をもっと大きな動画で見たい場合は、だいたいの動画サイトで右下の「□」のような記号をクリックするとフルスクリーンになるので、大きな画像で aiko(アイコ) 【ボーイフレンド】PV動画視聴できます
その他	スクリーン	(ハ) 細目スクリーンは、目幅の有効間隔をおおむね20mmとし、スクリーンに付着した汚物等を除去することができる装置を設け、スクリーンから除去した汚物等を貯留し、容易に掃除することができる構造とすること
インテリア	スクリーン	☆お子様サイズのスクリーン♪子供部屋の間仕切りにGOOD☆サイズ変更も可能♪☆日本製☆スクリーンW・MB・レース【ディスプレイ◆パーティション★間仕切り★ゲージ★隠す◆癒し★カントリー家具●カントリー雑貨●カントリーファン●輸入家具●アメリカンカントリー家具】
インテリア	スクリーン	近年カーテンやブラインド、スクリーン等が普及する中、使い勝手の良さや見た目の良さにより現在でも根強い人気を持ち、「洋風たてす」と呼ばれるものも販売されている
映画	スクリーン	チェンジリングが母性愛を示すならば、本作はイーストウッドが全世界に向けて発信する「究極の良心」をスクリーンに押し当てた、映画の中の映画、本物の映画なのだ
ビデオ	スクリーン	単純だけどマッキンリー、スイスアルプス、南米パタゴニアの氷河なんかの30年前の写真と現在の写真を交互にスクリーンに見比べるだけで背筋の凍る思いをしました
映画	スクリーン	また映像的には、映画の全編に渡って岡田くんのクロースアップが満載で、あのドでかいスクリーンに映るどのお顔も美しく、また非常になまめかしく、ストーリーやセリフに集中できなかった事もしばしば
映画	スクリーン	映画館で宮崎作品や大友作品以外にアニメ作品を観るなんて、子どもの時にいった、おっすおら┣ ̈┣ ̈┣ ̈┣ ̈リアさんなドラゴンボール以来でしたまぁしかしなんでしょ、初めてバルト11の一番大きなスクリーンで観ちゃいましたww(仁義なき廣島に住んでる人じゃないと分からないかと思いますが
その他	スクリーン	スクリーンで検索を行いながら高解像プリントできるリーダプリンター機能に加え、 「PCインターフェースキット」(オプション)により高解像スキャンデータをPCへ 取り込み、電子データとしてのファイリング、画像加工など、活用領域をさらに拡張
ビデオ	スクリーン	この後まだUOに入って無いので断言はできないが、上の画像が白過ぎる感じに見えるほどになったので、その暗さ明るさもかなり改善されているかもしれない(私の輝度調整以前の場合では、攻略HPのスクリーンショット画像がどれも真っ暗で何が何やらさっぱり分からなかった
映画	スクリーン	ユイス展が終わりしだい、杉臣くんや涼ダラちゃんたちに二次会会場にスクリーンと杉スツールとアルバムを持ってきてもらい、ユイス展を宣伝するという設定で、二次会会場にきた温ダラの後輩である杉臣くんのユイスのプレゼンが始まると「それではスライドでユイス展の様子をごらんください」といって、温ダラのスライドを上映
映画	スクリーン	朗読のあいだ、背後のスクリーンには、オランダ語訳と英語訳のテクストが映し出され、また同時に、「詩人の眼」と題した写真のスライドショー(あらかじめ参加詩人に撮らせてある)が展開します
映画	スクリーン	現在、市内にはシネマハーヴェスト(8スクリーン)、シネマロブレ5(5スクリーン)の計13スクリーンが存在し、映画好きには恵まれた環境になりました
映画	スクリーン	遠くが見え難いからメガネをかけてるのですから、そのメガネをはずしたら、いくらスクリーン上にピントがあった画像を結像させてても「ぼやけて」見えるのです
その他	スクリーン	おうおうにしてそんな時、キャメラのレンズはカットが変わった時点で広角レンズに変わっているのだが、そのことはスクリーンの端の方に目をやると事物の姿が微妙にゆがんでいるので辛うじて確認できる程度である
ビデオ	スクリーン	前のリヒターの壁紙、すごく気になってしまって、えろげフルスクリーンでやらないから(さすがにそんな勇気ない)どうしても、どうしても気になるため壁紙変えてたんです普通の奴に
ビデオ	スクリーン	先日行われたシアトルマリナーズのホームゲームで、日本デーというのがあって、みんな漢字で野球と書かれた野球帽をもらいスクリーンには日本のプロ野球の映像が流され、「一番ライト、イチロー」と日本女性の場内アナウンスまで演出されていました
映画	スクリーン	このサウンドトラックで、スクリーンに映し出されたヒマラヤの素晴らしき自然と、我々が失いつつある(しかし決して失ってはならない)人間同士の「絆」に、思いを馳せてほしい
映画	スクリーン	個人的には第1部・第2部ともスペシャル・エクステンデッド・エディションDVDを所有していますが、やはり映画は大きなスクリーンで観るものですので劇場に行きたいと思っています
ビデオ	スクリーン	もちろん、リージョンフリーという本来の目的の他に、レンタルビデオ屋さんで借りたDVDや、日本製のDVDなども、高画質ハイビジョンTVの大型スクリーンに映し出して楽しんでおりました
ビデオ	スクリーン	そして掛け声の後すぐに会場が真っ暗になってOVERTUREが流れはじめ、ドーム横のスクリーンにはコンサートタイトルと会場とその日の日付けが映し出された
インテリア	スクリーン	ついたて/パーテーション/目隠し/間仕切り/屏風/折りたたみ/スクリーン/洋風/仕切り/衝立/和風/オフィス/和室/家具/雑貨/突っ張り/つっぱり/アイアン/木製/木目/パーティション/国産日本製/ウッド/木/しきり/スクリーン/日よけ/麻/おしゃれ/収納/インテリア/パネル/天然木/無垢/
ビデオ	スクリーン	アンプマイク、テレビ(27インチ)、VHSビデオデッキ、OHP、スライド、移動式スクリーン、固定式スクリーン、プロジェクター、ホワイトボードなどをご用意しております
映画	スクリーン	・・・レスやアクセサリー、全体の細かな場面や風景・場所・・・部屋の家具やインテリアなどなど、見逃してしまうので隅から隅まで大きなスクリーンで、全部見たいんです
その他	スクリーン	昨夜の寒さがウソのような暖かさとなりスクリーンテントの中でのんびりしていたが、10時近くなってしまったのでテーブルとイスを残して後片付けを始めてみると、みなさん慣れているせいかあっという間に何もなくなってしまった
映画	スクリーン	もちろんコスト的には贅沢と言って良いのかもしれないが、それでもやっぱり家でテレビやパソコンの画面で見るのと、映画館の大スクリーン、そして音響にあの映画館な雰囲気で視聴するのとは全く違う
ビデオ	スクリーン	ソフトレザーのシート、26cmの座席収納型ビデオ・スクリーン、設置場所の調節ができる大型テーブル、独立したオットマン・タイプのフットレストなど、最上級のラグジュアリーをご提供します
ビデオ	スクリーン	大スクリーンの方はコントラストはなかなかいい感じですが若干画質が粗く、サブモニターは映像はキレイ(滑らか)に見えるものの直上にあるライトが当たっているため見づらい、とそれぞれに利点と難点があります
その他	スクリーン	MRAVの大きな特長は、音の距離制御ができるアレースピーカーをスクリーンの裏側に規則的に並べて、3D映像と連動しながら再生することができる点です
インテリア	スクリーン	ウィンドスクリーンについてはゼムクリップ等を細工し、径の固定+持ち上げるハンドルのような部品を自作すれば、着脱~火力調整の作業が簡便になるだろうし、ひょっとすると調整レバーにZ型のアングルを持たせスクリーンと地面の隙間から調整、なんてことは出来ないであろうか
ビデオ	スクリーン	お華束の型抜きも終わり昼食ですが、住職から「庫裡建設ブログ」をスクリーンに写し、厨房コンセプトを説明し調理台ご寄進してもらえないかと願いしました
映画	スクリーン	17日には、「あなたの大切にしている大学生活の一場面」をテーマにした写真を大夜祭ステージのスクリーンに映し出す『ワタシ×今×大夜祭』という写真コンテストがおこなわれます
その他	スクリーン	そのためには、施設は基準性能を備えた撮影機器を使用し、X線装置、スクリーン/フィルム・システム、自動現像機などの適正な選択と処理、ポジショニング、乳房圧迫などの撮影技術を最適化しなければならない
映画	スクリーン	先日、春の写真教室を開催しまして11名の参加者と渓流、ツツジの撮影会や100インチのスクリーン、ビデオプロジェクターを使っての写真教室を行って大変好評でした
ビデオ	スクリーン	Joostは世界で初めて高品質のフルスクリーン映像を、インターネットを通じて配信する新しい時代のテレビ局であるが、配信コストを抑えるためにP2P技術を活用する
カメラ	スクリーン	また、Citéはアトリエの他、共同スペースとしてビデオ、スタジオ、リトグラフ工房(工房には大きなプレス機も)、シルクスクリーン工房、写真スタジオ、ギャラリーなどがあります
カメラ	スクリーン	当社はスクリーン用・グラビア用写真製版に始まり、現在では、メタルマスク・ガラス乾板・フォトエッチング加工・基板用フィルム作成まで行っております
映画	スクリーン	22歳で、新人で、しかも映画の試写会で、なんと、スクリーンの前で歌うということは、さぞかしプレッシャーもかかり、かなりの緊張を強いられたことでしょうね
ビデオ	スクリーン	ホールの最も目立つ場所に作られた中央テレビのアニメ 展示ブースでは、国産アニメ『美猴王』が放送されているスクリーンに足を止めて見入る人は少なかった
ビデオ	スクリーン	Zeebo社CEO、John Rizzo氏は「Zeeboシステムは、ユーザーのTVスクリーンと、リビングルームからダイレクトに素早く、また簡単なホームショッピング体験を通し て、バラエティに富んだ地域ごとのブランド商品をお届けします
映画	スクリーン	一番に姿を見せ、真ん中に座られた反町隆史さんは、本当に威風堂々とされていて、この映画の撮影から半年が経過しているとは思えないほど、スクリーンで見た力強さをそのまま感じました
ビデオ	スクリーン	下記画像のように、動画(AVI、MPEG、DV)の簡単な情報(ファイル名、ファイルサイズ、解像度、長さなど))+定期的なスクリーンショットを一枚、又は、複数枚の画像にまとめてくれる
映画	スクリーン	主人公がピアノを弾いているだけなのですが、そのまるで光がすーっと差し込んでくるかのような希望に、スクリーンから目が離せず、終了後もしばらく席から立てませんでした
ビデオ	スクリーン	【作用】上記構成において、テレビ会議電話端末機11 〜1n を構成する撮像装置16は会議参加者の画像を撮像し、画像切換器4に送出し、液晶表示装置15は画像切換器4からの分割合成画像をマルチスクリーンとして表示する
インテリア	スクリーン	ということで、今日横浜駅周辺に出かけたついでに、突っぱりポールと帆布を買ってきて、レースのカーテンと厚手のカーテンの間の出窓状のスペースに、スクリーンみたいなのを吊るしてみた
映画	スクリーン	でも、堂々としておられて、スクリーンを張ってのスライドを用いた説明だったんだけど、初っぱなに自分の紹介をきちんとしたスライドにして披露されたわけでして
インテリア	スクリーン	茨城県内を中心に、オーダーカーテン、ローマンシェード、プリーツスクリーン、カーテンレール、ロールスクリーン、ブラインド、バーチカルブラインド等の製作販売から施工まで承っております
映画	スクリーン	ベレッタ社が開発したM92シリーズはアメリカ軍がM1911A1(ガバメント)に代わるサイドアームに制式採用してからは(アメリカ軍制式採用名はM9)スクリーンにも数多く登場している
映画	スクリーン	担任の男性教諭がDVDを持ち込み、7月13日に放送室のスクリーンで同姓の人が次々と殺害される「リアル鬼ごっこ」、16日に教室のテレビモニターで「輪廻(りんね)」を見せた
その他	スクリーン	アルミ製の回転リングは精密に、また頑丈に作られており(リングはキミーラ、フォトフレックスにも使用可能)、2枚のインナースクリーンは独自の異なるグラデーションパターンによりフロントディフューザーを通して4種類のコントラストを作り出します
その他	スクリーン	トリガ2端子はアスペクトモードに応じてDC12Vを出力するユニークなもので、16:9、4:3の映像ごとにスクリーンの巻き上げ位置を変更したりする場合に活用できる
映画	スクリーン	秋田に写真撮影に行って、いっっぱい写真を撮って、いっっぱい、いい写真があったのですが、全部写真集にのせられなかったのが残念で、スクリーンに映して、その時の状況を説明させていただきました
ビデオ	スクリーン	フルスクリーンで動かしているFF11のバックグラウンドではiPod touch向けにムービーのバッチエンコードをしていたりして、CPUパワーを有効に活用してます
ビデオ	スクリーン	各地の会議室は同じ部材で同じ形に作られており、スクリーンを見れば、相手がちょうど自分たちの会議テーブルの向こう側に座っているように見えるよう、サイズの調整や背景、家具類のデザインまでピタリと合う工夫が凝らされている
その他	スクリーン	2mm程度の切れ目が入っている)を入れたストレーナー(日本国内ではこのように言うが、世界的な標準ではスクリーンと言う)と呼ばれる構造を設置する
映画	スクリーン	スマートインフィルは、空間全体が建物の制限を受けることなく建築・内装工事無しで自在に設計でき、そのオフィス空間で使用するITデバイス(モニター、プロジェクター、スクリーン等)も一体型で設置できます
映画	スクリーン	また会議室に据付のスクリーンとプロジェクター(※有料)をご利用になれば映画鑑賞などにもご利用いただくことができ、様々な催しに幅広くご利用頂けます
映画	スクリーン	同じスクリーンの中/外の話であってもウディ・アレンが「カイロの紫のバラ」のビターな結末で「われわれ映画ファンにとって映画館とはどういう場所であるのか
映画	スクリーン	ソニープロテクノサポートは、映画館のスクリーンに据えられるプロジェクター、シアターマネジメントなどのシステム導入、その保守・管理業務を一手に引き受ける
ビデオ	スクリーン	カスタムスクリーン(待ち受けテーマ)の1つ「Secret Garden」と同名の内蔵ムービーで、「端末のテーマがどういうものかを説明してくれる映像になっています」(上田プロデューサー)という
インテリア	スクリーン	プリーツスクリーンは、ブラインドやカーテンのように、光を遮ることもできますが、逆に生地を通して光を入れることにより、その生地が持っている風合いを楽しむこともできます
ビデオ	スクリーン	(僕の印象に残ってるだけかもですが) そうそう、今シーズンからラッキーセブンのバックスクリーン前はこれになりましたBookSync のスクリーンショット
映画	スクリーン	言葉の通じない美女と野獣との共感、そしてコングのアクションを、臨場感や迫力のある映像として堪能させてくれる、『映像作品である』ことを生かし切った大スクリーンで見るべき映画でした
ビデオ	スクリーン	そのころはスクリーンリーダーは汎用機のプログラムは読まないのは知っていましたので、それを、汎用機からのプログラムをパソコン上に落として、パソコンでWindows上に乗せて、そして、スクリーンリーダーで読む方法をとろうかなと思っていましたが、上司は「外部のソフトを入れてはダメだ」と言いました
ビデオ	スクリーン	」でしたので、より大きな壁面を求めて、細長いリビング兼ダイニングの部屋の長い方の壁にスクリーンを設置して使っているので、視聴ソファーの背後にスペースを取れずに音の後方の広がりがでませんでした
映画	スクリーン	本編はスクリーンで見ているので、当然のようにまず映像特典から先に見て、本編を見て、また映像特典を見て、そして翌日の夜も帰ってきてからもう一度全部みました
映画	スクリーン	最後の団七徳兵衛の逃亡シーンでは、客席を飛び出した後、逃げている映像が舞台スクリーンに映し出されて、街中やJR駅内外を走っている様子が見えて、その後客席後方からまるで映像から飛び出したように入ってくるという演出があったそうです
映画	スクリーン	偉大な芸術家ベートヴェンという厳格なイメージにそぐわないためか、「駄作」として片づけられてきましたが、今回はナポレオン戦争時代の絵画や、描写されている状況の解説等を背後のスクリーンに投影しながら解りやすく聴いて頂けます
ビデオ	スクリーン	80インチ相当のロールカーテンと110インチのスクリーンで画面の大きさにそこそこ満足して見ていたが、なにせソースのBS放送とビデオテープだけでは、すぐに飽きそうだ
映画	スクリーン	新潟市幸西の「シアターショールーム」には、16畳大の部屋に120インチのスクリーンと壁面に取り付けられたプロジェクター、そして座り心地のいいソファが置かれている
その他	スクリーン	その後、社会人となりビジネスに没頭していたところ、富裕層のアートコレクションに興味を持ち、村上隆のスクリーンプリントを購入したのが今から4年ほど前です
映画	スクリーン	考古学関係図書を開架してあり、ビデオ、・テレビ・スクリーンなどの視聴覚機器や古代壺ジグソーパズルなどにより考古学の学習ができるようになっています
インテリア	スクリーン	☆とってもかわいいミニスクリーン♪キッチンやリビングがCOUNTRYに変身☆サイズ変更も可能♪☆日本製☆4連ミニスクリーン・MB・ギンガム【ディスプレイ◆パーティション★間仕切り★ゲージ★隠す◆癒し★カントリー家具●カントリー雑貨●カントリーファン●輸入家具●アメリカンカントリー家具】
ビデオ	スクリーン	カーテンを閉めた程度の比較的明るいリビングルームでも、 地上デジタル放送のハイビジョン放送やブルーレイなどの高精細映像を大型スクリーンで存分に楽しめます
映画	スクリーン	6月・「戒厳令の夜」完成試写、「わが国最初のスーパー16、映画として鑑賞に耐えうる画像を劇場のスクリーンに結ぶことができたことだけを、せめても人に誇りたい」
インテリア	スクリーン	リビングの出窓には普通のカーテンではなくてプレーンシェードが似合うとか、和室にはプリーツスクリーンがお勧めだとか、本当に適切な提案をしてくれる
映画	スクリーン	自らの製作会社“マグワイア・エンタテインメント”代表としてプロデューサーを務めるトビーは、映画化の理由を「『ロボテック』をビッグスクリーンで見られることになって、とてもワクワクしている
ビデオ	スクリーン	収容人数約は50人、100インチスクリーン、高品質スピーカーを備え、多様な映像・録音資料に対応しており、ビデオ映像に関してはハイビジョンクオリティーでの上映ができます
映画	スクリーン	映像の方にも映っているが、馬場さんは写真が趣味で、今回の旅にも一眼レフのデジカメで写真を撮りながら旅をし、実際に馬場さんが撮影した400枚の写真の中から選りすぐりの写真をスクリーンに映しながら、金田監督と旅を振り返りながら裏話などトークが展開する
インテリア	スクリーン	まず机、いす、あるいは実験に必要な実験机、あるいはカーテンだとか暗幕、あるいは可動式のげた箱、あるいは戸だな、書庫、かさ立て、スクリーン、工作台、あるいはすのこ板、数え上げれば切りがないのですけれども、私がざっといま申し上げたように、こういうことすら文部省は補助対象という枠の中に入れてないわけです
ビデオ	スクリーン	【日記】デュオ鯖で、可愛いアニマを連れて冒険している、tsuru3・ディフェンダーが、ゲームの中で感動した場面を、スクリーンショットや動画にして、綴っている、プリウス冒険日記です
ビデオ	スクリーン	iPadネタでブログを投稿するのにiPadの画面(画像)を使うのにデジカメで撮影する方法しかないかとつぶやいたら、マツさんからiPadでスクリーンショットを撮って保存する方法を教えて頂きました
その他	スクリーン	ファインダーを覗いた時に、視界左上の方に割と大きめの傷跡が見えててファインダーのプリズムかコンデンサーレンズでも割ったかと思っていたが、バラしてみると傷はファインダースクリーンに付いていてほっとする
カメラ	スクリーン	また、水性のインクを使用するために 通常表面は乾燥した感じに仕上がり、見た感じはリトグラフに近い感じになりますが、 その上からシルクスクリーンで透明ニスをかける場合はシルクスクリーンの様な仕上がりになります
映画	スクリーン	世界中のコカコーラに関するあらゆるものを見ることができ、特にTVのCMは映画の大スクリーンで見られ、国によって様々な特徴があるので楽しい♪です
ビデオ	スクリーン	スクリーンを取り付けているウェルナットですが、古くなったやつは押してはだめで、先端に合うサイズのボルトをちょっとねじ込んで引くと嵌めやすいです
その他	スクリーン	さきほどのピンホールの穴を広げたことによってバラけてしまった被写体からの光線群を、再び1か所にあつめてしまうことでスクリーン上に被写体と像の1対1対応が生じました
ビデオ	スクリーン	ステージ上には左右にスピーカーと、モニターと、床に置かれた照明と、後方に演奏する二人を横や正面下方から映すスクリーンと、ライザー(平たい台ね)の上のイスにかけたロドリーゴ&ガブリエーラの二人、以上、それだけ
その他	スクリーン	ヘッドライト横で止める小さなスクリーンを探していたんだけど、GN125にはギヤポジションランプなる物がメーター上部に付いている為、ヘッドライトに装着するスクリーンではスクリーンを寝かせれない・・いや
ビデオ	スクリーン	試しに入れて確認しましたが、以前のバージョンからサウンドが付いた上、音量調整、本来の画面サイズとフルスクリーンの切り替え、ステートセーブ&ロードのある設定画面もあります
映画	スクリーン	スカイラインはクリスマスのライトでキラキラと輝き、冬の夜空の中でキャロルが奏でられ、大晦日には花火とレーザーが使われた豪華なショーが行われ、海岸線全体が大きなスクリーンと化します
カメラ	スクリーン	「HALO(R)」のロゴに関しては、シルクスクリーン10版を用い、世界で日本にしかない高い技術により超精密なディティールを表現してゲーム、ファッションの枠を越えたロゴTシャツに仕上がりました
映画	スクリーン	日本放送協会(NHK)と三菱電機は5日、テレビ画面や映画スクリーンに表示された映像を再度ビデオカメラ等で撮影(再撮)しても、映像を再撮した場所や時刻などを特定できる技術を開発したことを発表した
インテリア	スクリーン	☆かわいいサイズのパーティション♪キッチンや玄関の目隠しに☆サイズ変更も可能♪☆日本製☆4連ミニスクリーン・AW・ギンガム・スター【ディスプレイ◆パーティション★間仕切り★ゲージ★隠す◆癒し★カントリー家具●カントリー雑貨●カントリーファン●輸入家具●アメリカンカントリー家具】
その他	スクリーン	アトムプローブ電界イオン顕微鏡(APFIM)はFIMのスクリーンの中心にイオンが 通り抜ける穴をあけて、このイオン飛行時間測定をおこなって、試料表面から イオン化される個々の原子を道程することによりサブナノメーター領域の濃度 分析を行う装置である
映画	スクリーン	従来のプロジェクターは、歪みのない画像を投映するために、スクリーン中央に正対したベストポジションに置く必要があったり、また、そのような設置ができない斜め投映の際は、投映角度によって台形に歪んでしまった画像をデジタル処理によって補正したりしていました
インテリア	スクリーン	(私がお誘いするのもなんですが・・)具体的には、リビングの横の部屋とリビングをつなげて、間をスクリーンウォールで仕切ろうと考えていますが、東建のリフォーム対応では高くなりそりそうですね
映画	スクリーン	また、一枚の静止画を映すよりも動画のほうがより効果的な演出ができると考え、ビデオ・プロジェクターでビデオ映像をスクリーンへ投影することにしました
映画	スクリーン	スクリーンに映し出される全国各地の灯台の中でも、男木島灯台のシーンは、瀬戸内海の青い海と白い砂を背景にしたその美しいたたずまいとドラマチックな物語の展開とが相まって、作品中もっとも感動を呼び起こしてくれる名シーンとなりました
映画	スクリーン	・OHP、液晶ブロジェクタ、実物映写機、 ノートパソコン、マイク、スクリーン、空調、暗幕、照明の調整、受け付け用の 長いテーブル1、椅子3完備:定員 180名(補助椅子20脚、ほかの必要な椅子、テーブルの調達は写真展を行うS402から)
映画	スクリーン	評価してもらいたい場面や状況を分かりやすく示した図や映像などをプロジェクターでスクリーンに投影し、また、それと同じものを回答者の手元の資料として配布しておきます
映画	スクリーン	当社は、2002年12月から非球面ミラーを採用した59型の業務用DLPTM※3方式リアプロジェクターを発売し、2004年5月には、投写レンズの配置と非球面ミラーの形状を工夫することで、スクリーンへの投写角度(画角)が最大160度の「超広角光学エンジン」を開発し、家庭用の大画面薄型プロジェクションテレビ実現への道を開きました
ビデオ	スクリーン	はずが、スクリーンの数字が3から4になったり、いきなり8秒前に変わったりでなかなか新年にならず、場内にはフライングの風船がたくさん飛ぶ始末(笑)
映画	スクリーン	次に、如水会42年会トレッキングクラブ撮影のスイス旅行の写真が大スクリーンに上映されると、雄大な万年雪のマッターホルンやアレッチ氷河を始め、のどかな山間の村、色鮮やかな高山植物がもたらす臨場感に出席者全員が圧倒された
映画	スクリーン	まず疑問を感じたのは、オケの背後の大スクリーンに「京都の四季」としか言いようの無いイメージ画像が映されていることであって、これは、「音楽と映像の相乗効果」ではなく「音楽と映像のもたれ合い」と見えた
その他	スクリーン	アルミ製品、MC・NC精密機械加工(鍛造品、ダイカスト製品、アルミ削り出し、異形品)、プラスチック成形、レーザマーカ、パットスクリーン印刷など最新設備と経験豊富なスタッフが多様化するニーズにお応え す
その他	スクリーン	u=;minatodenki みたいな幌を付け、それにスクリーン付き窓パネルを設け、本と筆記用具や 画材、更にはコットと机、クーラーBOX、CD、ランプ、食料、飲料等を 人がほとんど来ない知られざる絶景ポイントに持ち込み、移動書斎や 移動アトリエを気取ってみるのも楽しいかなと考えてんだが、問題はやはり嫁w
映画	スクリーン	壁にはプロジェクターで映写される大型スクリーンが設置されており、スピーカーは8チャンネル、家庭のビデオで再生するよりは、はるかに迫力ある音声と映像で映画が楽しめる
その他	スクリーン	このワンちゃんの写真を撮った時、いつもと違うカメラで、更にそのカメラのスクリーンがずれていた事に気付かす、ピントが合わせ難いのは何でかなーとか思っていた
映画	スクリーン	サーラ・デ・うすきでは、映画「なごり雪」でメインキャストを務めた細山田隆人さんをゲストに迎え、「瞳の中のふるさと発表会」と題して、県内の小中学生19名が自分の視点でとらえた臼杵の好きなところをデジカメで撮影して、その写真をスクリーンに映し出しました
映画	スクリーン	書籍名:THE HORROR MOVIES スクリーン臨時増刊 スプラッターからSFまでB級怪奇映画のすべて ホラー・メーカーズ・プロフィール、ハーシェル・ゴードン・ルイス、ジョージ・A・ロメロほか
映画	スクリーン	8月6日は、「平和を語る会」(主催:湯来河野閲覧室 場所:サンピアゆき(湯来福祉会館)時間:午前9時~)において「原爆の火(文・岩崎京子)」の切り絵を大スクリーンに映し出し、ピアノ演奏とのコラボで朗読します
ビデオ	スクリーン	また、今回はルーム前方の3面スクリーンを、左から要約筆記画面、講演者のプレゼンテーション画面、講演者の上半身のTVカメラ映像画面に用い、聴講者の情報保障の実践事例として試行しました
ビデオ	スクリーン	解説のために用意したスクリーンショットは350枚をこえていますがちゃんと使えるやつだけ用意して、今回はチュートリアルに焦点を絞って43枚の画像とともに紹介します
ビデオ	スクリーン	そして希望通り、浜崎あゆみの画像「106」が携帯に表示され、これを「サブメニュー」から登録保存してやり、その後「スクリーン選択」で「106」を選んでやったら、ちゃんと浜崎あゆみが携帯の待受画像となったのでした
映画	スクリーン	「私」の一部である脳の神経活動を、あたかも「外」に出たかのように認識する「メタ認知」のプロセスを通して、あたかもホムンクルスがスクリーンに映った映像をみたかのような意識体験が生じると思われる
その他	スクリーン	これをスクリーンピクセル数分繰り返す(アンチエイリアスする場合は、ピクセル同士の間の小数点以下のレイもたどりますのでさらに増えます)ことになります
その他	スクリーン	新開発のレンズおよび非球面ミラー超広角ハイブリッド光学系と全反射および屈折斜方入射スクリーンにより、従来技術では不可能な超広角、低歪、高解像度の革新的な光学特性の実現に成功しました
ビデオ	スクリーン	カーテンを閉めた程度の比較的明るいリビングルームでも、地上デジタル放送のハイビジョン放送やブルーレイなどの高精細映像を大型スクリーンで存分に楽しめます
ビデオ	スクリーン	この値は、ディスプレイ・バッファ(表示点がスクリーンで表示される前に保持される場所です)のピクセル数で割られ、結果は表示点ごとのシグナルサンプルの数(サンプル数/1ピクセル)になります
ビデオ	スクリーン	会場にはでっかいスクリーンにかなめちゃんの映像が映し出されてた・・みたことのないプロモーションビデオとか・・・ こんなことなら早い目に会場に入るのだったかな
ビデオ	スクリーン	EX68よりも多くのゲームが正常に作動し画面一杯にスクリーンを切り替えるフルスクリーンモードを搭載しています、ただEX68にくらべ処理が少々重いのが難点でしょうか
ビデオ	スクリーン	何せ大の建築ファン、それも近代洋風建築(明治時代~おおよそ第二次世界大戦前までに建てられた洋風建築)ファンなので、都電の走る街並み、東京タワー、上野駅、和光(服部時計店)、数々の看板建築など、スクリーンに次々と現れる映像にうっとり
ビデオ	スクリーン	微細な病巣部分の色や形状の変化をスクリーン上で再現することがむずかしいため、的確に説明するためには、ある程度のフォトレタッチや補整が必要になってくることもある
映画	スクリーン	そこに小さな三点セットを入れ、机をはさんで、椅子を向かい合わせて並べた机の上には、スライド・プロジェクター、その反対側の壁には、黒板を一つ、その半分を白く塗りつぶし、スクリーンの代わりにし、黒い部分は、説明用の黒板にした
ビデオ	スクリーン	■ 帰りがけ、バンダイとサンライズの共同ブースを覗いたら、大スクリーンで昔のアニメのダイジェストムービーが流れてて主題歌も流れてたのでしばし観賞
ビデオ	スクリーン	彼は、まだ文字が見えましたので、パソコンの画面を大きくしてやれば目が不自由でも教える事ができるのではないかと思いまして、パソコンの前にスクリーンを用意して画面を大きくしたのです
映画	スクリーン	うらぶれた少々トイレ臭漂う館内とスクリーンに映る香港の猥雑さは奇妙にシンクロし、まるで空間と映像が混ざり合ってしまったような不思議な感覚を覚えました
ビデオ	スクリーン	当社は米国RGBスペクトラム社の代理店として、最大3X4の配列に12個のスクリーンを構成し、その上に最大30のグラフィックス画像とビデオ動画を同時表示出来るMediaWall 4500、および最大2X4の配列に8個のスクリーンを構成し、その上に最大12のグラフィックス画像とビデオ動画を同時表示可能なMediaWall 4200を同時発売開始しました
映画	スクリーン	「映画の日」の発表では、閉館したシネコンの具体名は挙がりませんでしたが、これはワーナー・マイカル・シネマズ高岡(1月12日/6スクリーン)、シネマックス足利(2月27日/8スクリーン)、橿原シネマアーク(4月30日/5スクリーン)の3つのはずです
映画	スクリーン	コンパルホールの車椅子スペースは一番後方でスクリーンからかなり遠い為、車椅子ごと階段をスタッフの方々に上げ下ろしして貰ってホール中央の通路で拝見させて戴きました
ビデオ	スクリーン	これによると、フルスクリーンのコードが記述されたWebアプリだと、Safariのインターフェースをまったく表示せずに、Webページの配信ができるようになります
ビデオ	スクリーン	マウスボタン長押しでメニューをポップアップさせると、その後スクリーンのコーナーにマウスをもっていってもスクリーンセーバーが起動しなくなってしまうという不具合を修正した
映画	スクリーン	3D作品なので凶器や飛び散った肉片が飛んでくるのだが、面白かったのは3D映画を観ている観客が、その映画内の爆発シーンと同時にスクリーンの向こうが本当に爆発
ビデオ	スクリーン	スクリーンに映し出されたアームストロング少佐によるイベント注意事項の後、カウントダウンが開始され、カウントが0になった瞬間、ステージ上の幕に出演者達のシルエットが浮き上がり、会場のテンションはいきなりマックスへ
その他	スクリーン	ミラーもピントスクリーンもペンタプリズムもないから、「レフ」じゃないことは確かだけど、「一眼じゃない」と言えるのか、一眼とは撮影用レンズを通して見ている画像をそのままファインダーで見られるという意味なら、間違いなくそうです
ビデオ	スクリーン	ザ・レギュラーを歌う前にみんなで最後の円陣を組んでるのを見てジーンときて京介君たちが泣いてるのをスクリーンのアップで見てついに泣いちゃいました
映画	スクリーン	この写真集は2003年1月(奥付は2月になってるけど)、オードリー没後10年に近代映画社から追悼出版された「スクリーン特別編集 永遠のファッション・リーダー オードリー・ヘプバーン スタイル」という写真集です
ビデオ	スクリーン	ステージ上のスクリーンに、妻のクラウディアさんが趣味のフラダンスを踊る姿や、娘のアンナさんの小さいころの写真、孫娘の写真などが映し出されると、「家族に支えられている」と顔をほころばせた
映画	スクリーン	特にコング村はそのまま観光コースと化し、スクリーンではパブとしてお馴染みになった雑貨屋は、中では雑貨屋を続けながら外にはパブの看板を掲げて観光客の記念撮影に貢献しているそうだ
映画	スクリーン	スクリーンに映し出されたスライドの写真に、「これは○○さん」「あっ、道場や」など養気園時代のことを知る養気園職員のOBが皆無な中にあって貴重な証言が聞けました
映画	スクリーン	ファッション・雑貨・レストランなど180の店舗や、10のスクリーンを備えた映画館、アミューズメント施設などのテナントを集積し、今秋のグランドオープンを予定している
ビデオ	スクリーン	SONYのαマウントに全て対応してますので、純正のマウントアダプターを用いて装着して、フルスクリーン解像度の360x180°フルスクリーンパノラマ撮影は可能でしょう
ビデオ	スクリーン	今回は試しに全部、見えているものを、「わざわざ」カメラを通じてスクリーンに映し出すと、その拡大され、そしてフレームのある映像は、舞台全体のなかでどんな具合に見えるかを試してみたかったのだ
映画	スクリーン	また、再びスクリーンに過去の2人の映像が映された時には、そこに映画『卒業』のシーンが織り込まれ、アン・バンクロフト演ずるミセス・ロビンソンのアップで映像がフリーズして1969年のグラミー賞受賞曲“ミセス・ロビンソン”(映画のサントラにも使われた)に入るという凝った演出もあった
ビデオ	スクリーン	2009年10月01日BMW Osakaが2周年を記念したプロジェクトを始動谷町筋のショールーム・ウィンドーを巨大スクリーン化10月からショールームを映像媒体として活用開始
インテリア	スクリーン	また、スクリーンやアルミ・木製のブラインドなどを「ハード・トリートメント」と言い、窓まわりをすっきりと見せ、クールでモダンなインテリアになります
インテリア	スクリーン	ここで一つ一つ詳しい紹介はできないが、たとえば、トーネット家具の場合、一列に並べた椅子の前に白いスクリーンを立て、裏から光をあてて曲木家具特有の曲線をシルエットで見せる展示が行われていた
その他	スクリーン	きめ細かさこそ画素数で上位モデルに負けるが、画質の捉え方、割り切り方、それにコントラスト(ガンマ)の作り方、いずれも確かな考えでまとめられている点をスクリーンが引き出すのだ
ビデオ	スクリーン	できればスクリーンショットを添付してより詳しい状況を説明したかったのですが、スクリーンショットのやり方を忘れてしまい、添付することができませんでした
ビデオ	スクリーン	ところが、日本の場合は平和教育のためにスクリーンの中で戦争のまねごとをしているのであって、本職の軍人から見るとありえない設定や奇妙な映像が氾濫している
映画	スクリーン	オビ賞を受賞したロジャー・グァンバー・スミスによるオフ・ブロードウェイでの一人舞台に1960年代当時の記録映像、様々なブラック・ムーヴィーからの場面をスパイク・リーが編集してスクリーンに映し出す
その他	スクリーン	会社名:大連好利維尓科技発展有限公司資格書:国家建築部より「甲級知能化システムインテグレーション專項工程設計単位」認定、公安部指定された「専門的なセキュリティー工事設計、施工のハイテク企業」主な業務:LEDスクリーン、ソーラー式小型LED照明灯、太陽エネルギー製品など主な事業所:全国各省の省都に弊社はお客様の立場より、実際状況と結び、新事業に踏み出し、企業発展に適宜な数おくの項目を導入しました
ビデオ	スクリーン	ウィンドウをスクリーンのぴったり上端に置きたい理由はたんとあるが(それはスクリーン上の不動産を最大限にするから)、スクリーンの上端とウィンドウの上端を2ピクセルだけ空ける理由というのはないからだ
映画	スクリーン	講義では、岩手・宮城内陸地震でひっくり返ったピアノや寸断された道路などの写真をスクリーンに映したほか、地域住民が協力して家具の固定を進めている事例を紹介、「一人暮らしのお年寄りの家などは地域で家具の固定を [続きを読む]
映画	スクリーン	2階になっている映画館なんてどこにでもありますが、バルコニー席などもあって、メインスクリーンはなんだかゴテゴテにデコレーションされたゴージャスな様相
インテリア	スクリーン	他にウッドブラインドやプリーツスクリーンと組み合わせてもいいし、それをレース代わりにしてカーテンと組み合わせてもいいし、いろいろできちゃいますよね
映画	スクリーン	創刊1号の表紙に当時の夢のホームシアター(リビングシアター)の写真が掲載されているのですが、正面にスクリーン、3管式プロジェクター、手前のデスクの上にカセットデッキ、5インチFDドライブ、そしてAppleIIが鎮座ましましています
ビデオ	スクリーン	6インチ液晶ワイドスクリーンで最新の映画を含む100本の映画、180番組以上のテレビ番組700枚のCDならびに20をこえるラジオチャンネル、3Dゲームをお好きなプログラムを好きな時にお楽しみいただけます
ビデオ	スクリーン	普通のスクリーンショットなので隠れている部分を撮ったりはできないですが、表示されている部分でよければコマンド+シフト+4なんて結構便利だったりします
ビデオ	スクリーン	ファーレントゥーガの更新が望めないのは残念ですが、スクリーンショットの掲載、拡張シナリオの配布などを快く許可してくださったのは有り難いことですね
映画	スクリーン	刺激的な著作を上梓された梅原賢一郎先生をお招きして、新著にインスパイアされた写真がスクリーンに写し出される中、松井利夫先生を聞き手にお話をしていただきます
ビデオ	スクリーン	しかし、贅沢な編成と豪華なゲスト・プレイヤー、更には背後のスクリーンいっぱいに展開する映像・・・と、プロセスしないといけない情報が多いステージにも拘らず、主役の存在感を放っていたのはデーモン
ビデオ	スクリーン	でも今日、ボクにもわかる彼の一言によって、ボクの頭の中は一瞬にして過去へとさかのぼり、ボクの頭の中のスクリーンには偉大なアフロのボクサーが映し出されたのです
インテリア	スクリーン	プリーツスクリーンの20ミリ巾の商品は実はヨコタ製だったとか、桐のウッドブラインドはひじょうに軽い木材だけど操作は軽くないとか、このウッドブラインドは国内初で防炎商品の認定を受けているけど価格は4割ほどアップするとかいろいろ書いておきます
ビデオ	スクリーン	1回生のころは、週に1回は映画館に行くという目標を掲げて、ほぼ実行していたが、2回生以降、そのパワーはなくなったので、せめて家でスクリーンと音響を映画館なみにして映画をみようというのがここ数年の目標だった
映画	スクリーン	(会場内にスクリーンが1つ&テレビが3台あるのですが、場所によっては画面がみれないので、プラズマテレビを借りてくるという方法もあるよといわれました・・・
ビデオ	スクリーン	県広報の意味も含めて、ロビー等にスクリーン(テレビ等)を設置する県内外の公的機関等に季節毎に「旬の映像」の季節バージョンを作成・配布し、日常的に富山の映像を流してもらっている
映画	スクリーン	映画芸術科学アカデミーは賞を贈る理由として、『スクリーンにおけるポワチエの優れた演技と独自の存在感に加え、その品位やスタイル、知性をもって映画界に貢献している』ことを挙げた
映画	スクリーン	Kazuneが奏でる音楽と、スクリーンやモニターに映し出された映像が創り出す独自のサブリミナルな空間は、ココロに焼きついた記憶を呼び覚ます・・・
ビデオ	スクリーン	計画では、戦艦「大和」の甲板や艦橋内部を再現したオリジナルCG映像のほか、宇宙航空研究開発機構(JAXA)の技術を紹介する映像などを大型スクリーンで放映するそうです
映画	スクリーン	写真を大きなスクリーンに順番に映し出すスライドプロジェクターは学校、会議などで活躍しましたが、今では軽量化が進み、B5サイズの家庭用のものまで登場して、以前に比べると使用範囲が広がっているようです
インテリア	スクリーン	道路交通庁JPJは、こういったカーカーテンやスクリーンは法律で禁止しているとして、「そういうカーテンをしていて捕まった者には罰金RM300を科す
インテリア	スクリーン	カーテン・ブラインドの単体使用はもちろん、バーチカルブラインド+カーテン、ベネシャンブラインド+カーテン、スクリーンボックスなど用途に応じて選べる製品を多数ご用意しております
インテリア	スクリーン	トーソーのブラインドと低価格良質のバーチカルブラインド、プリーツスクリーン、ロールスクリーンの商品である「コルト」が10月1日より発売されます
映画	スクリーン	季節に合ったテーマで“星”を存分に楽しむ「プラネタリウム番組」のほか、 ドーム型のスクリーンに360度に広がる迫力のCG(コンピューター・グラフィックス)映像で子どもにも人気の「CGプラネタリウム番組」、星空と香り(アロマ)と音楽に癒される「ヒーリング番組」、その他特別番組といったプログラムを1日にローテーションで上映する
その他	スクリーン	一眼レフカメラによっては、絞り込み(プレビュー)機構搭載の機種もあり、この機能を使えば、事前に絞りを絞った状態のファインダースクリーン上の像を観察できます
インテリア	スクリーン	カーテン以外にも窓まわりの装飾品としてロールスクリーン、プリーツスクリーン、ブラインド、バーチカルブラインド、ウッドブラインドなど各種取り扱っております
その他	スクリーン	常々、武藤は「お客さんがチケットを買って会場に入った瞬間からスクリーンが回ってドラマがスタートしている」と言っているから、DDTの8・23両国の中澤マイケルの肛門爆破によるオープニングの映像を観てもらい、さらには本屋プロレス、花やしきプロレス、新ブランドの『BOYS』(今後はBOYZに名称変更)、両国のメインのHARASHIMAvs飯伏の映像を観てもらった
その他	スクリーン	奇妙なもので、私のもう一台のバイクであるRF900Rではわざわざスクリーンをロックハートのモール無しのものに交換しているのですが、XN85では手間をかけてモールを復元しています
映画	スクリーン	(名古屋)中部東宝(株)(志知雄二社長)は、岐阜県本巣市に12スクリーンのシネコン・TOHOシネマズモレラ岐阜を4月27・28日ソフトオープン、4月29日 グランドオープンの予定で準備を進めている
インテリア	スクリーン	☆シーンを選ばないスクリーン♪ごちゃついた場所の目隠しにもGOOD☆サイズ変更も可能♪☆日本製☆5連スクリーン・H1700mm【ディスプレイ◆パーテーション★間仕切り★ゲージ★隠す◆癒し★カントリー家具■カントリー雑貨■カントリーファン■輸入家具■アメリカンカントリー家具】
映画	スクリーン	BMW Osakaが2周年を記念したプロジェクトを始動谷町筋のショールーム・ウィンドーを巨大スクリーン化10月からショールームを映像媒体として活用開始
映画	スクリーン	効果的な音響のためには、部屋の広さは少なくとも、8畳以上、スクリーン以外にも、さまざまなAV機器やソファーや、テーブルなどを配置することを考えると、10畳ぐらいのスペースはほしいものです
映画	スクリーン	映画製作大手4社でつくる日本映画製作者連盟によると、ピーク時の1960年に7457館あった国内の映画館(スクリーン数)は、93年に1734館まで減ったが、シネコンの隆盛で、05年末時点で2926館に盛り返している
映画	スクリーン	指を動かしたり、手を自由に動かす映像が、平面的なスクリーンに投影されるのではなく、両眼で三次元にモノを見ているようになるまでイメージカを高めてください
ビデオ	スクリーン	集中線やスクリーントーンなどは使わず、フォトショップでの単色色付けだから絵描き作業は楽だが、修正でせりふの長さが変わると 噴出しの場所と大きさを何度も調節しなくてはならない
ビデオ	スクリーン	中島美嘉 【一番綺麗な私を】PV動画視聴をもっと大きな動画で見たい場合は、だいたいの動画サイトで右下の「□」のような記号をクリックするとフルスクリーンになるので、大きな画像で 中島美嘉 【一番綺麗な私を】PV動画視聴できます
映画	スクリーン	スクリーンの光点は裏の壁に反射した映写機の光だと思うけど、フィルムの劣化とスクリーンの劣化だけでプロジェクター上映と見紛うばかりのクソ映写になるんだろうか
ビデオ	スクリーン	ところで、スコス・オリジナルグッズを作る際にスクリーントーンを使いたくて、スタッフに買ってきて〜と頼んでいたのですが〜月日も流れ流れて〜現在に至ります
ビデオ	スクリーン	THE イナズマ戦隊 【応援歌】PV動画視聴をもっと大きな動画で見たい場合は、だいたいの動画サイトで右下の「□」のような記号をクリックするとフルスクリーンになるので、大きな画像で THE イナズマ戦隊 【応援歌】PV動画視聴できます
映画	スクリーン	スクリーンを見ると二人に背を向けてしまうので(最前のブロックだったので)ずっと後姿を見つめていたのですが、逆光の二人をスタッフとして舞台の奥から見守っているような、不思議な気持ちになりました
ビデオ	スクリーン	トップページが別のに変ってしまわないうちにいちおうこそこそスクリーンショット保存:2004年1月末現在の映画秘宝のサイトのトップページの画像(PNG画像、780*574px、約110KB)
映画	スクリーン	14もの主演女優賞を総なめにしたイメルダ・スタウントンは、悲しい運命に打ちくだかれる姿を圧倒的な演技力で演じきり、観客をスクリーンに釘付けにする
映画	スクリーン	ホーム・ムービーといえば、 今やビデオテーブに記録するのが普通ですが、それ以前は写真同様、フィルムに映像を焼き付け、テレビモニタではなく、現像したフィルムを映写機にかけて、スクリーンに映し出して様々な思い出を再現したのでした
ビデオ	スクリーン	特許文献1には、これらの複数の画像を合成した画像を大規模スクリーンに表示させるとともに合成画像に基づく動画ファイルを生成する講義ビデオ作成システムが記載されている
映画	スクリーン	また11スクリーンを備えた映画館(CGVカンビョン)、ディスカウントストア「ロッテマート江辺店」、ショッピングモールなど多種多様なショッピングスペースがそろっていますのでみなさんも是非一度来てみてくださいね
映画	スクリーン	リビングスペースはソファベッドとコーヒーテーブル(ちゃぶ台として使用)がぽつんと置かれているだけで、広大な壁面は何も飾らずプロジェクタ用スクリーンとして確保されている
映画	スクリーン	会場内のスクリーンで、そのきのこさんチョイスによるすてきなキノコ写真たちのスライドショーが映される中、スパークリングワインなど傾けていると、トークショーがスタート
その他	スクリーン	アンビエントオクルージョンは、スクリーンの1ピクセルに対してレイを飛ばし、その交差した交点位置(交差位置X、法線N)より半球上に複数のランダムな向きのレイを飛ばして背景にたどり着いたか物体にぶつかったか、の割合を最終的なピクセル色にかけて影をやわらかくする手法です
映画	スクリーン	「映画はスクリーンで見なきゃ」というハードコア志向の諸兄から、「映画作ってるよ」という未来の大物監督まで、皆さんに活用してもらえるサイトを目指します
その他	スクリーン	で最近は技術的に煮詰まってきた上PCの高性能化のおかげでフォトショップ上での処理である程度回避が可能ときいておりますしそれ以上クオリティの高い物が要求された場合フィルム刷版では管理が難しかった高精細度やFMスクリーンで対応すれば良くなってきたからでは、
ビデオ	スクリーン	舞台を観客席の一点からずっと観ているよりも、数台のカメラがこれぞ見せどころというところを撮り、編集した映像を巨大スクリーンで観ることができるうえ
ビデオ	スクリーン	このように、今後、エンタープライズIT市場で一大勢力となりうる潜在能力を持ちながら、グーグルはこれまで“レーダーのスクリーン”に映っていなかった
ビデオ	スクリーン	スクリーンで写した写真は、広島WSイベントの際のスナップ(街角で)、コトブキの舞台稽古(一色さんとか村上さんとか、椿さんとかと一緒)、CDのプロモ撮影シーン、大東建託のCM撮影(吊られてピースサインしてるやつ(笑))、などなど各種
ビデオ	スクリーン	FIFAは、より多くの人びとに3Dの試合映像を観賞してもらうため、世界26カ国の デジタルシネマ を含む会場に大型スクリーンを設置し、試合を3Dで上映する計画だ
映画	スクリーン	ただし、この投写角を大きくする場合、スクリーン上に投写された区分映像は、中心部から周辺部へいく程フォーカスが悪くなったり、幾何歪みを伴う等、区分映像間の繋ぎ目が目立ち易くなる虞れがある
ビデオ	スクリーン	だってイベントの最初の方なんてスクリーンに映したDVDの映像を見ながら3人+MC2人(やまけん氏&ジョイまっくす)がダラダラと感想を述べてただけですからね
その他	スクリーン	試作の方針は比較的粗粒子高銀濃度のノースクリーン型X線写真型を目標とし、全量アンモニア法沃臭化銀乳剤(A)、中性法沃臭化銀乳剤(B)、中性法臭化銀乳剤(C)の3種の基礎乳剤処方を元とし、フィルムベースは可燃性セルロイドベースの使用をさけ、三酢酸繊維素の不燃性ベースを用いた
その他	スクリーン	プロパンガスの燃焼によって発生した二酸化炭素を、さらに特殊スクリーンを用いて「蚊の好む二酸化炭素」にして放出口より拡散させて、蚊をおびき寄せます
ビデオ	スクリーン	2004年12月26日、千葉県浦安市で開催された、TBS主催のロックコンサートにおいて、一組のビジュアル系バンドが演奏中、イラクで誘拐された日本人青年が殺害された瞬間が大型スクリーンに流されたことが発覚
映画	スクリーン	、という情景と、クリスタルガラスの中の光の粉に包まれたロマンチックなシーンとの対比が、スクリーンのスノーグローブらしいお話をつくり出しているではありませんか
映画	スクリーン	チケットを買う時に、座席配置シートから席を指定するんだが、1番前の席をお願いしたら首が疲れますよと言われたが、やっぱし、映画は一番前、スクリーンにむかって左側がいいと、昔、映画館巡りを精力的にやっていた頃に得た経験則
その他	スクリーン	ちなみにアレゲな本気撮影法で実体顕微鏡写真を撮るときは、ファインダースクリーンには十字線透過型より十字線マットまたは全面マットの方が、被写界深度がつかみやすいため適しています
映画	スクリーン	第3部はピアノ演奏に合わせ、葉山さんの撮影した阿蘇の風景の写真をスクリーンに映しながら葉 祥明さんの詩を葉山さんが朗読し自然の美しさを魅せてくれました
映画	スクリーン	おまけにもっと基本的なことを言えば彼女は女優、私生活がどうあれ、挨拶がどうあれ、スクリーンのなかでぽろっと涙を流せば、こっちはおおぉーってなるのだ
映画	スクリーン	映画館の 大きなスクリーン一杯に、人間の創造力、イマージネーション、感受性の極致をきっち りと定着して見せつけられると、感動を覚え、やはり、映画は映画館での思いを深くす る
ビデオ	スクリーン	その起動中、操作中にたまにエラー画面がや傾向バルーンが出現してしまう所のスクリーンショットや映像が編集されたYouTube動画を下記にていくつか紹介しています
インテリア	スクリーン	ニュースリリース【TOEX・東洋エクステリア】 パブリック向けのスクリーンフェンスにも高い意匠性が求め昨日は 東洋エクステリア の九州支店で そのキャンペーンに関する説明会があったのですが 今回も前回同様で抽選プレゼントもあり
映画	スクリーン	オイラなんて、のっけに"Overture(序曲)"って字幕が出て、真っ暗なスクリーンにミュージカルナンバーが次々と奏でられただけで、もうボロボロ泣きまくってたしまったのだけれど、それを横目で見ていた女房は、オイラのことを「可愛い奴」だと思ったらしい
ビデオ	スクリーン	音楽、ビデオのインターフェースが横の方向の操作を行う時、スクリーンは自動的に切り替えて特別号の封面の横の方向の展示のインターフェースとビデオの横の方向のフィルムまで(へ)モデルにブラウズして、就は電子本さえ同様な重力の感応の効果を持ちます
ビデオ	スクリーン	プレイヤーでフルスクリーンしたときに再生が止まるという書き込みがあったので調べてみたけど、うちの環境ではどのブラウザでも再現しなかったので原因不明
その他	スクリーン	【0009】図3において、スクリーン8に記入した破線は複数本の線陰極2のそれぞれに対応して表示される垂直方向の区分を示し、2点鎖線は複数本のビーム制御電極4の各々に対応して表示される水平方向の区分を示す
ビデオ	スクリーン	スクリーンに広がるゴルフコースの美しい高精細CG映像は、ゴルフゲーム開発や、テレビのゴルフ中継用のCG制作で、国内100以上ものゴルフコースをCG化した実績を誇るデジタルゴルフ社の開発によるもの
ビデオ	スクリーン	今まで舞台演劇はあまり観る機会がありませんでしたが、今回、映画やテレビなどのスクリーンやモニター越しでは得られない緊張感と躍動感と場の空気感を知ることができ、もっと劇場に足を運びたいと思いました
ビデオ	スクリーン	13曲目「ANNIVERSARY」では、スクリーンを見ていて、初めて気がつきましたが、シンクロチームが光るリングを重ねると、スクリーンの中では、あたかもユーミンが光の中で歌っているような光景が展開されていました
その他	スクリーン	回折パターンがスクリーンに現われるからには、そうした状態がスクリーン上での位置測定によって生じる「位置の固有状態」と「重なる」に足るだけ拡がっているのは明らかだ
ビデオ	スクリーン	遊技関係セキュリティー会社・株式会社スタッフコーポレーションの石井社長と洞(ほ ら)九州支店長から、最近のゴト事例等を、スクリーン映像と遊技機械を活用して説明がありました
映画	スクリーン	確かに優れているとは思えない映写機のレンズを使わず、直接3CCDの産業用、又はHDカメラで変換すればスクリーンに投射するより遥かにフィルムの情
ビデオ	スクリーン	ウオッカ、ディープスカイ、オウケンブルースリなどの不参加は残念だが、天皇賞でウオッカと激闘を演じたダイワスカーレット、JC勝ちのスクリーンヒーロー、昨年の覇者マツリダゴッホ、ここがラストランとなるメイショウサムソンと役者は揃った
映画	スクリーン	このアニメーション映画は、彼らに光をあて、現代のスクリーンにその姿をよみがえらせ、これを通して21世紀を生きる子どもたちの心に自ら生まれ育った地域に対する誇りを語り伝えよ
ビデオ	スクリーン	に掲載されているどれかの写真を開いてみてください、そうするとフルスクリーンの紺色バックの画面に左右の写真がでます この時このウィンドウの左上隅に 交差法 と平行法のチェックを入れなおしてみてください 左右の写真がこれだけずれているという事がはっきりわかります
映画	スクリーン	上記料金には、お料理、サービススタッフ、会場使用料、会場設営料(ステージ・金屏風・簡易音響・テーブル・椅子・テーブルクロス・スクリーン・スポットライト)が含まれています
映画	スクリーン	おぼろげながらに聞いていた「光州事件」でしたが、最初の映像に映し出された「これは、事実に基づいた映画です」というナレーションが、観客のこころをスクリーンに釘付けにしました
映画	スクリーン	日米合作映画「ダブル・デセプション/共犯者」でスクリーン・デビューを果たし、TVドラマ、CM等で活躍する菊川怜が、拳銃を両手に悪に立ち向かうスタイリッシュ・アクション
ビデオ	スクリーン	また、同じく NarniaWeb のこちらの記事には、ビデオゲームの中で使われるシーンのスクリーンショット画面が2種類(衣装ダンスのある部屋と、冬景色のナルニア)がアップされています
ビデオ	スクリーン	施設内のロビーは、イス・テーブルを設置した休憩スペースになっており、北海道開発局からの情報システムによりマルチスクリーンで石北峠の道路情報などをリアルタイムに見ることができます
インテリア	スクリーン	☆かわいいサイズだけどしっかりモノ♪カントリードールや観葉植物のスクリーンにGOOD☆サイズ変更も可能♪☆日本製☆4連ミニスクリーン・パーティション【ディスプレイ◆パーティション★間仕切り★ゲージ★隠す◆癒し★カントリー家具★カントリー雑貨★カントリーファン★輸入家具★アメリカンカントリー家具】
映画	スクリーン	そこは昔からある映画館なんやけど(スクリーン2つ)、今はマイカルとかでは上映されやんちょっとマイナーな映画とか、フランス映画とか、この辺では珍しい映画をやってくれるところ
インテリア	スクリーン	玄関網戸カーテン 網戸カーテンで虫やハエ等が入らない開放している玄関からの土埃や虫の進入を防ぐ 玄関網戸 カーテン すだれ、スクリーン、網戸カーテンワンタッチで簡単に取り付けできます
映画	スクリーン	「シネマ歌舞伎は、歌舞伎の舞台公演をHD高性能カメラで撮影しスクリーンで上映するという、松竹が開発した全く新しい映像作品です(映画ではありません)
その他	スクリーン	というこWINMXを利用(リヨウ)して友人(ユウジン)とファイルを共有したいのですが、先方が共有(キョウユウ)しているファイル名を検索しますと幾つか(イクツカ)出てくるのですが、友人(ユウジン)のスクリーンネームを探す(サガス)ことができません
ビデオ	スクリーン	06年のNYのライブでしたが通常のスタジアム・ライブでなく収容人数わずか2800人と言う「ビーコン・シアター」でのライブの為、至近距離での臨場感がスクリーンを通して観客の興奮を一緒に体感できました
映画	スクリーン	17m×23mの巨大スクリーンでIMAX映像により臨場感ある生命のドラマを映す350名収容の「オーシャンシアター」や、深海の世界を疑似体験できる25名収容の深海シアター「アビス」など映像設備も充実
その他	スクリーン	また、京都国政委員会の成宮まり子・国政委員長を先頭として、京都に本社をおく、「三菱自動車」「村田機械」「ニチコン」「大日本スクリーン」「ジャトコ(日産子会社)」などといった、大企業で派遣労働者や期間工などの非正規従業員の解雇が計画している企業にも、直接「企業には雇用を守る社会的な責任がある」「解雇計画を撤回せよ」と求めて次々と申し入れをおこなっています
ビデオ	スクリーン	したがって国情は複雑、公用語もヘブライ語とアラビア語とふたつあり、たとえば私が自作詩を日本語で朗読すると、スクリーンにはそのヘブライ語訳とアラビア語訳とが同時に映し出されます
映画	スクリーン	白塗りの顔に、真っ赤な唇、彼がニヒルに悪を演じるほど額に汗が滲み、化粧が落ちて、その姿をスクリーンに映されるたびに、なんだか自然に涙がこぼれて止まりませんでした
映画	スクリーン	映像が映し出されるスクリーンを、距離的な隔たりを超えて、世界で繰り広げられる試みと私たちとの回路をひらく「窓」にたとえ、年間を通じて先鋭的な表現を紹介します
ビデオ	スクリーン	eポインターZは、従来のレーザーを発光する光学機器製品とは違い、WindowsTM PC上で動作するソフトウェアレーザーポインターで、電子的にポインターをスクリーンやモニタ上に再現します
映画	スクリーン	倉科さんの提案で、会場が広すぎるから、前半は5人普通に絵本を読んで、後半はプロジェクターでステージ上のスクリーンに絵本を拡大して映して、その前で歌って踊った
映画	スクリーン	また、ピアノが置いてある会議室ではコンサートも可能で、その他、スクリーン、液晶プロジェクター、テレビ・ビデオ、ホワイトボード、マイクなどの備品貸出も行っています
映画	スクリーン	スライドショーについては、使用する写真ファイルがデジカメの性能によって精粗があるため、あまり大写しにすると、ぼやけてしまうのではないかと危惧していたが、かなり大きなスクリーンにもかかわらず、比較的よく映っていたように思える
映画	スクリーン	というのもVCはプレミアスクリーンという差別化を図ったり、市川を全館THXで開館したり、シネマイレージというポイント制度を導入したりと、シネコン大手の中でもかなり先鋭的な劇場運営のイメージがあったからです
ビデオ	スクリーン	全部絶対座標で CSS でもやれそうですが全部作ってからブラウザによって微妙にずれてしまったらとこれも止めて最も簡単にスクリーンショットを撮って画像にすることにしました
ビデオ	スクリーン	何をしてくれるかというと、パソコンが盗まれたとき、そのパソコンの IP アドレスや起動しているソフトなどの情報に加えて、Webカメラを自動起動して犯人の写真を撮り、画面のスクリーンショットと共にメールで情報を送信してくれるという優れものです
インテリア	スクリーン	外壁のガラススクリーンに配されたランダムな換気パネルやプリントパターンは、デザイン要素のみならず熱負荷をシミュレーションし、大小様々な研究室の内部構成と、国語という「ことば」を記号化したものであるとの説明にはコンセプトの奥深さを感じました
ビデオ	スクリーン	なお下記の画像集では、道場やぶりモードの流れが分かるスクリーンショットや、ゲストキャラクターと一緒に演奏している様子をとらえた最新画像などを掲載している
その他	スクリーン	ようやく、東かがわ市大池オートキャンプ場でキャンプ開きができました 「その1はこちら」 さて、1日目の夜、雨がポツリと降ってきたので、我が家のスクリーンに移って宴会
映画	スクリーン	かつて誰も見たことのない、未知なる映像エンターテイメント—最先端の映像テクノロジーは、遥か6500万年も前の白亜紀の恐竜たちの世界を鮮やかにスクリーンに甦らせた
その他	スクリーン	当時、地方の漫画家を志す青少年は、知識も情報もないから、スクリーントーンを知らなくて、あの細かい点や模様を全部手で描いたとか、泣くに泣けない話がゴマンとあるのだ
ビデオ	スクリーン	このTVプロジェクタは背面投射型であれ前面投射型であれ大画面化が容易であるというのが大きな特長であるが、反面、外光によるコントラストの低下や、スクリーンの指向性により観察する方向によって明るさが変化してしまうといった点が問題点として指摘されている
インテリア	スクリーン	1、この様な特性から用途も広く自動車などの車両用ガラス、ガラスドア、ガラススクリーン、フェンス、テーブル、及び棚ガラス等のイン テリア材に広く採用されている
その他	スクリーン	※このときスクリーンdpiの端数・割り切れないピクセル数などにより、原寸表示のZoom率とピクセル等倍のZoom率が正確に一致しない事があります
ビデオ	スクリーン	イントロダクション・ムービーを見た後に、メインゲーム・セレクション・スクリーンになるので、「シングル・プレーヤー・トーナメント・メニュー」にアクセス
その他	スクリーン	ΔM(%)= L−IM IMΔM:倍率精度 L:スクリーン上での基準物の像の実測点 I :基準の寸法(標準スケールの使用長さ)M:投影レンズの倍率呼び倍率:投影レンズに表示された倍率(公称倍率ともいいます
ビデオ	スクリーン	ところが、(フルスクリーン再生時を除く)QuickTime再生時も、MP3再生時も、シーケンスソフトでのデータ再生時にも、これらのシステムサウンドが常に鳴ってしまうんですね(そりゃぁOFFにすればいいんでしょうけど、慣れちゃうとね
映画	スクリーン	中国政府に対する怒りを底辺に携えながらも、しかしその中国に対してさえ祈るという氏の意思を汲むかのように、この監督も怒りをもって描きつつもマズは知ってほしいとスクリーンの前のボクたちに訴えてくる
ビデオ	スクリーン	そして、鬼塚先生はハケる前にスクリーン用のライブ映像を撮っているカメラに向かって卒業メッセージを言い、最後の最後のフレーズでサングラスを外して素顔を見せます
ビデオ	スクリーン	ドイツ語のシュピーゲル・レフレックス(Spiegelreflex:鏡の反射)という言葉が表現する通り、反射鏡を使ってファインダー(スクリーン)に結像させる機構が特徴である(多くの機種で反射鏡による像逆転を避けるためにペンタプリズムが使われている)
映画	スクリーン	会場にあったガーデンテーブルガーデンチェアのほか、大学から長いす、スクリーン、プロジェクターを持ち出してやったのですけど、プロジェクター用のテーブルがたりず、急遽、畑の収穫作業で使うコンテナをひっくり返して使っているのがおわかりいただけると思います
ビデオ	スクリーン	南ロシアの黒海沿岸にあるノボロシスク出身の容疑者(氏名は非公開)は1月14日にモスクワ中心街にある巨大スクリーンに無修正ポルノ映像を流し、その様子を携帯電話の録音機能で記録しYoutubeにアップロードしていたそうです
映画	スクリーン	としながらも、「W杯に向けて、そんな に大きな問題があるとは思っ 合宿(25~31日)でも同様の練習を反復しており、得点に直結するプレーに対 昔と違いスクリーンの大きさや音響をはじめとする映画を見る環境でロードショー館が優れているという
ビデオ	スクリーン	TK「僕らの7日間戦争の曲をスクリーンに映画のシーンを映しながら演奏して、マドモアゼルモーツァルトのテーマ、キラキラ星なんかも演って、クリスマスっぽくアベマリアを
インテリア	スクリーン	同社では、インテリア市場がシンプル、クールモダンといった流れから、徐々に柄物を求める傾向にあるとして、大きなスクリーンで柄をストレートに表現する「ビジュアルコレクション」に期待をかける
映画	スクリーン	新宿高島屋の12階にあるテアトルタイムズスクエアは、元々アイマックス上映館として作られた映画館で、傾斜のきつい客席と大きなスクリーンでとても見やすい劇場です
ビデオ	スクリーン	例えば、モバイル機器でブラウジングしている読者なら、記事やウェブサイトにマークをつけておいて、後ほどオフィスや家庭のフルスクリーンの画面でそれが表示されるようになっていれば、非常に役に立つだろう
映画	スクリーン	【定員】60人 【広さ】133平方メートル 【特徴・備品】スクリーン・ピアノ・音響設備 長机3台・テーブル付きいす53脚・パイプいす30脚 【飲食】可
映画	スクリーン	場内の広さや座席数は事前に公開している劇場がほとんどで、その広さによってある程度スクリーンの大きさも判断できうるとみて、おおかたチケットを購入する前に情報を知ることができ環境の判断はできる
ビデオ	スクリーン	ただし、最近の各社のAF一眼レフには、ファインダーの見掛けの明るさを最優先するあまりファインダースクリーンのマット面をあたかも素通しにしたかのようなカメラがあるようです
映画	スクリーン	ただただ鑑賞したくなる程の映像美、人物の心情を饒舌に語る映像表現、緻密に濃密に練り上げられたシナリオ、誰もが共感できるような青春の追憶を美しく繊細にスクリーンに表現しながら、「人を愛することの光と影」や「不慮の死によってもたらされる苦悩」を「未熟さ故の逞しさ」と対比しながら巧みに織り込み、でもそういう陰の部分はスクリーンではあからさまにしないことで、逆に陰として見事に表現している
ビデオ	スクリーン	まつおさんの、「西成に興味があるんですが、うんこにも興味がありまして」と、西成の歩道橋のうんこ(おそらく人糞と推定)と、梅田のうんこ(おそらく人糞と推定)の写真をスクリーンに映しつつ、両者の違いを考察するという下りは、なんといいましょうか満開の桜あふれる日曜日の真っ昼間に、うんこ写真に見入るアテクシってどやさ、と思いつつお茶を吹かせていただきました
映画	スクリーン	楽曲もひじょうにカッコいいです♪ 実際の舞台上の人物たちを撮影した映像を背景のスクリーンにだぶらせていて、奥行きのあるストリートの感じがよくでているセットでした
ビデオ	スクリーン	コンピュータのスクリーンの発生の輻射は量って非常に少ないが、しかしすべてスクリーンに長い間少しずつ積み重ねる前は皮膚の接収を保護することがなくて、皮膚は色素のぶちを生みやすいです
ビデオ	スクリーン	店内は、120インチの巨大スクリーンと5台の大型モニターが配置され、サッカー、野球、ゴルフなど、毎日さまざまなスポーツを観戦することが出来ます
映画	スクリーン	この作品が、上映されたのは、当時、僕は、中学生ぐらいかな、スクリーンで見に行って面白いと思ったけど、当時、流行っていて、あんまり好きになれなかったんだけど、何年かして、また見て、本当に好きになった
ビデオ	スクリーン	Toshiの気合の一声が飛んで「ウィーケン・ウィーケン・・」の繰り出しには、背面スクリーンが火花を巻き上げ、同時にビッグXが喜びの点滅に縁取られる瞬きを走らせる
インテリア	スクリーン	リビングダイニングとゲストルームとの間が三枚引戸の乳白色のスライドスクリーンになっていて開け放すと一つの空間として使われるようになっていて、開放感がありとても気に入っています
ビデオ	スクリーン	そして会場のスクリーンに、カナダの公用語と州の数や、ネイティブ・カナディアン、首都名などが次々とクイズ風に紹介され、正解者には賞品もあり、みんなはすっかり釘付けになり、熱心に聞き入っていた
映画	スクリーン	ヒップホップだったらohpのスクリーンの向こう側でダンサーに踊ってもらってシルエットになってるやつをビデオ素材にしたり、ダンサーがその場で踊ってんのをビデオカメラでリアルタイムで撮ってエフェクトかけながらスクリーンにうつし出すとかは
映画	スクリーン	これは1975年の作品(日本公開は1980年)ですが、「ロシアが生んだ奇跡 タルコフスキーとカネフスキー特集」と銘打たれてのリバイバル上映で、タルコフスキーは好きな監督ですし滅多にスクリーンで観る機会がないので時間的にあうものがあれば観に行きたいと思っていました
映画	スクリーン	『インディー・ジョーンズ クリスタルスカルの王国』 2008年56本目 6/26(木) シアターフォルテ ランボーに続き、インディ・ジョーンズもスクリーンに帰ってきました
インテリア	スクリーン	☆キッチンやリビングに♪赤いギンガムチェックで部屋も明るくかわいく☆サイズ変更も可能♪☆日本製☆3連スクリーンL・パーティション【ディスプレイ◆パーティション★間仕切り★ゲージ★隠す◆癒し★カントリー家具★カントリー雑貨★カントリーファン★輸入家具★アメリカンカントリー家具】
映画	スクリーン	NHK特集のビデオテープや、スキャナーからの新聞記事やアニメーションの世界略図などの画像をパワーポイントに取り入れ、大画面スクリーンで映写し、大きく世界情勢の変化をとらえさせる
インテリア	スクリーン	持ち物では、ガソリンコンロ+鉄板(焼きそば用)+オーブン(ピザ用)、スクリーンテント(虫の嫌いな人用)、テント2コ(Kちゃん家族、Asaやんか私用)、イス代わりのベット、20リットル水タンク、簡易流し(まな板・包丁)、テーブル、ランタンなど・・・
ビデオ	スクリーン	/オーロラ爆発の瞬間のスクリーンショット集★より正確な在庫状況と発送時期アラスカの空を撮影し続けているカメラの映像より、2007年度のベスト・ショットを収録
ビデオ	スクリーン	ついでに説明しておきますと、パソコンのディスプレイに表示された文字をスクリーンリーダーというソフトウェアで読む→点字ディスプレイに信号(音声)を送る→点字が表示される、という仕組み
ビデオ	スクリーン	このインスタレーションは12人のオランダに住む外国人の母とその子が参加し、古いオランダ絵画のような設定の家のなかで母が自国の子守唄を歌いながら子供をあやすシーンを丸く設定された12個の別々のスクリーンに映し出すというものだ
映画	スクリーン	測定はプロジェクタでスクリーンに複数の縞パタンを順次切替えて投影し、対象表面に映り込んだ縞パタンの鏡像をテレビカメラで捉え、そのゆがみを解析して面ひずみパタンに変換します
映画	スクリーン	スクリーンについてはできるだけ全員が見えやすいように最大限配慮しますが、不安な方は念のためオペラグラスなどをご持参いただくと良いかもしれません
その他	スクリーン	スクリーンプレーには様々な種類があり、状況によって使い分けることが必要なほか、ボールを保持しない選手同士のスクリーンによるノーマークを見落とさないことも重要です
ビデオ	スクリーン	スクリーンに映し出されたメンバーは誰もが最高の笑みを浮かべており、彼らがこのように出し尽くしてくれるからこそ、我々はいつもライヴを楽しんでいられるんだな、と痛感した
映画	スクリーン	原作者の赤松先生も日記(10/3)で「ハイビジョン撮影のようですが、古い映画スクリーンの様に、中心部を明るく、周辺部は暗くするデジタル・フィルタが使ってありますね
カメラ	スクリーン	スクリーン印刷(シルク)絹を木、または金属の版枠に張ってスクリーン状にし、スクリーン上に画像を形成してインキの通る部分と通らない部分とを作り版とします
映画	スクリーン	日本発のファッションをテーマにした「神戸ファッション美術館」、7つのスクリーンを持つ「MOVIX六甲」、ファッションから雑貨・インテリアにレストランも加わった「RINK」、海とドラマが待っている「ホテルプラザ神戸」
映画	スクリーン	しかし、今回は鑑賞者が像を見あげるスタイルにすることで、首を支える筋肉が頭部=視点を固定するのではないか、その結果、視線の上下微動による誤差を減らせると考え、ビデオ映像の歪像を映すスクリーンと鏡筒を、とともに展示会場の天井付近に設置することにしました
ビデオ	スクリーン	本作は、EU加盟国の間で採用されているゲームレーティングシステムPegiでは“18+”(成人向け)の指定を受けており、スクリーンショットやトレイラーでは激しい流血表現が見られる
インテリア	スクリーン	ボディ、足回り、内装など黒の成型色によるパーツが×2、帆やスクリーン、ランプ類などのクリアパーツが×1、バルケッタのイメージカラーともいえるオレンジの成型色によるボディが×1つ、メッキパーツによるホイールが×1セット、後はゴム製のタイヤ、デカールとなっています
ビデオ	スクリーン	日本では、銀座ソニービル、ソニーストアに加え、6月19日にはさいたまスーパーアリーナのスーパーパブリックビューイングなどで、液晶テレビ「3D ブラビア」や、会場の大型スクリーンを通して、ソニー・ピクチャーズ エンタテインメントから発売予定の25試合を3D化したBDのダイジェスト映像予告編を体感できる
ビデオ	スクリーン	ただ、私の場合、ビデオアシストドライバーを正常に動作させるため と、DOS窓フルスクリーンからの画面切り替え時にビデオモードが変わっ てしまう不具合を回避するため Cirrus
映画	スクリーン	彼の没後50周年を記念し、世界初上映となる『赤と黒 デジタルリマスター版』を主軸とした映画祭開催に伴い、スクリーンとは異なる、ジェラールのお茶目なショットからなる「ジェラールのパリ案内写真」展を開催します
ビデオ	スクリーン	リードのイントロダクションに始まったこのセッションは、スクリーンにジャネット最新のモノクロ写真がコラージュで映しだされる中、『ディシプリン』からシングルの“フィードバック”に始まり、ミッシー・エリオットと共演のモダン・ダース・ビートが炸裂する“THE 1”からバラードなど、インタールードも含めた濃密な内容の全22トラックが披露された
カメラ	スクリーン	「作品の探し方について、ただ作家の名前がずらりと並んでいるのではなく、サイズ別や、写真・イラスト・シルクスクリーンなど技法別、年代別、国別、男性作家か女性作家か、カラー写真orモノクロ写真など、いろんなキーワードで探せると良いのではないでしょうか」
ビデオ	スクリーン	ある深いレベルでは、コンピュータのなかで起こることと自分自身の身体というハードウエアのなかで起きることとのあいだに、 じつはそれほどの違いはないんだということをーーーつまりそれはこのスクリーン上でいま起きているのとじつは同じプロセスなんだということをーーーまさに実感したわけだ」
インテリア	スクリーン	とくに、ガーデン・ファニチャーコーナーでは、新商品として、お庭やベランダでの使用に最適なビストロテーブルセット、木製折りたたみテーブル・チェア2脚、グリーン・ベージュ・ウォーターカラーの3色展開のガーデンパラソル、バラのディスプレイをよりお楽しみいただけるアイアンフェンス、トレリス、スクリーン各種をシリーズ商品として新発売いたします
ビデオ	スクリーン	せったくいろいろつぶやこうと思っていたのに残念ですね(涙)そういえばスクリーンショットの取り方もVAIOとはちょっと違うみたいです前の方法(=プリントキーから貼りつけ)をやってもぜんぜんダメでしたゲームはできるようになりましたがその他のことでは慣れるまでまた時間がかか [続きを読む]
映画	スクリーン	普段は裏方として活躍する彼がどのような道を歩んできたのかを秘蔵写真を公開しつつ話すというもので、仰々しいBGMにあわせてスクリーンにコーナータイトルが投影され、南波が「矢野博康は1970年、大分県で生まれ
その他	スクリーン	今までは、図面でいくと上や右のスクリーンで排水をしていましたが、ご覧になると分かるように勾配が非常に少ないスクリーンであり、詰まるとゴミを取るのに非常に苦労しますし、水圧でなかなか取れないということがありました
ビデオ	スクリーン	現在のビジネスシーンでは、PowerPointの提案書・企画書や、Wordの報告書を作成する際に、より分かりやすい資料にするために、デジカメで撮影した写真画像や、PC画面のスクリーンショット画像を貼り付けるケースが増えています
カメラ	スクリーン	エッチングレジスト36の形成方法としてはエッチングレジスト36をスクリーン印刷する方法、液状レジストまたはドライフィルムを形成して露光・現像で形成する方法等がある
インテリア	スクリーン	修理・張替え・新調内容(ふすま・障子・掛軸・額・屏風・クロス・壁紙・カーテン・ブラインド・スクリーン・ジュータン・その他)http://www
ビデオ	スクリーン	「ごうけつの春休み」は、テーマに沿ったスクリーンショットを三国志豪傑伝公式サイトの「スクリーンショット掲示板」に投稿していただき、優秀な作品について表彰するスクリーンショットコンテンストです
映画	スクリーン	観客席側にスクリーンがあると見立て、80人強の観客が、そのスクリーンに映し出されているであろう映画のシーンを見て、騒ぎ、応援し、泣き叫んでいる
ビデオ	スクリーン	単純なビットマップ画像の場合、スクリーン上でサイズ変更/反転/トリミング/表示を正確に行うには、まず、画像フォーマットが認識される必要があります
ビデオ	スクリーン	ピントスクリーン上の像の大きさはレンズによってのみ決まりますから、ペンタプリズム(またはペンタミラー)のサイズを大きくしたところでファインダー像が大きくなることはありません
映画	スクリーン	ギャラリー会場では、ホームシアター用のスクリーンラック・システムや液晶テレビ、ソファ、漆製品、テーブルウェア、時計など、実に幅広い“喜多デザイン”が展示され、また海外での個展の様子や具体的な製品開発・製作行程を紹介する映像もふんだんに紹介された
ビデオ	スクリーン	0のときに以前と比べて仕様がだいぶ変更されたと聞いていたので、そのスクリーンショットを見たいと思っていたのですが、Mac版Elementsのスクリーンショットがなかなか見つからなくて
ビデオ	スクリーン	しかし、高解像度スクリーン、例えば1インチ当り90ピクセルの解像度のスクリーンでは、ポイントで文字を設定したもののほうがピクセルで文字を設定したものよりも大きく描画されるでしょう
ビデオ	スクリーン	次に、大型映像機能でございますが、パトリアホールと郷土資料館のマルチスライドシアターには、インターネットや各種の映像情報を大型スクリーンに表示できる機能を備えています
ビデオ	スクリーン	ウィスコンシン・コンピューター・エクイバレンス・アルゴリズムとは、ウェブページのようなコンピュータースクリーン上に表示されるものや他のコンピューター中に表示されるよう、英国のITC「テレビ上での画像および規則的なパターンを閃かすことについての実施権者のためのITCガイダンス・ノート(2001年7月改正・再発行)」に適合するための手法(メソッド)である
インテリア	スクリーン	衝立/木製/ついたて/パーテーション/目隠し/間仕切り/屏風/折りたたみ/スクリーン/洋風/仕切り/衝立/和風/オフィス/和室/家具/雑貨/突っ張り/つっぱり/アイアン/木製/木目/パーティション/国産日本製/ウッド/木/しきり/スクリーン/日よけ/麻/おしゃれ/収納/インテリア/パネル/天然木/無垢/
映画	スクリーン	彼女にしても探され厳選されて主役に抜擢されたわけだが、時にスクリーンに特別輝くような魅力を放ち登場する、というようなヒロインの登場とはみごと異質に、なのだけど・・、彼女はこの映画を観終わった人に忘れられない印象を残すだろう
ビデオ	スクリーン	クロップ・サークルはシンボル(象徴)であり、私たちが新聞でこれらの写真を見たり、テレビのスクリーン上にちらりと見たりするときにはいつでも、これらのシンボルは私たちの精神の内側にある宇宙の情報を解く鍵である
ビデオ	スクリーン	足元に設置されたカメラによってとらえられた足の動きの映像と、上半身の影が同時にスクリーンに映し出されるのだが、まるでそれらの動きが全く別のものであるかのような錯覚を覚える
映画	スクリーン	想像を絶する過酷な状況の中でも生きることを諦めなかった人、危険を顧みず助けることを諦めなかった人、そしてそれを映像化して世界に伝えようと、多くの非難を受けながらも映画製作を諦めなかった人――すべての人たちの思いが、今夜スクリーンに映し出される
インテリア	スクリーン	のれん・ひもスクリーンを選ぶなら★ひものれん・ビューティーヒモスクリーン・ストリングスカーテン[巾100×丈150cm] 1枚◆カーテン専門店 広告掲載店舗 【東海限定0702P】
ビデオ	スクリーン	インタビューの予約を受け付ける窓口から、大きな待合室、子どもが遊べるスペース、登録手続きの説明が整然と流れるビデオ・スクリーン、そしてインタビュー・ルームがずらり並ぶ廊下など、まるで工場のようだ
ビデオ	スクリーン	ニコンのMF一眼レフでは測光範囲はファインダースクリーンの中央にある円をおおよその測光範囲としているので、目安はつけやすいのだが、それでもスナップショット時など、露光補正したくてもできないという状態もあるわけで、こういう場合にはかえって不便になってしまうわけだ
インテリア	スクリーン	今はブラインドやスクリーンが普及して若い家族の家庭では見ることも少ないかと思いますが、軒下に垂すすだれは建築を勉強する上でも、熱を遮断する上で有効と教わるほど優秀な夏の風物詩なのです
映画	スクリーン	店内には大型スクリーンと壁掛けの液晶画面があってスポーツ・音楽Etcが楽しめし、なによりカウンターやBOX席の椅子・テーブルがオーダーメイドで独創的
映画	スクリーン	例えば、韓国の仁川国際空港では空港施設内に韓国の文化博物館があったり、香港国際空港の中には4Dスクリーンの劇場や最新のアミューズメント施設、果てはミニゴルフコースまで揃っている
ビデオ	スクリーン	※もし 800x600 フルスクリーンなら FlightGear のメニューバーがそこそこ大きく表示されるはずですが、実際は結構小さく表示されたので、高解像度になっていると判断しました
映画	スクリーン	画像右のようにiMacG3の背面のリンゴマークの下にあるモニターポートに黒いモニターコードをつなぎ、画像左のプロジェクターのRGB入力端子につないで、プロジェクターでスクリーンに大きく映すと黒板代わりにiMacの画面が映し出され、これで授業をするとなかなか効果抜群
ビデオ	スクリーン	以前は、iPhone+アマゾンで検索してスクリーンショットを撮って、 写真としてためておいて、 さて次何を読もうかという時に写真を眺めて、改めて 図書館で検索していました
ビデオ	スクリーン	高輝度の青色や白色の発光ダイオードが出回るようになってからは、競技場のスクリーンなど、フルカラーの大型ディスプレイや、電球の代わりとして懐中電灯や信号機、自動車のウィンカーやブレーキランプ、各種の照明にも利用されている
ビデオ	スクリーン	200インチのスクリーンに映し出された浄化槽の 映像に、プレーヤー自身もリアルタイムで入り込んで、 流れてくる不純物にタッチすると燃えて消え、得点を 競うゲーム
映画	スクリーン	それからは、リーの出ているロードショー、スクリーン等特集雑誌を買い漁りサントラ盤もすべて買いその頃のサントラ盤は、BGMと断片的にシーンの台詞が入っていたりもちろん格闘シーンの「怪鳥音」も入っていてLPが擦り切れるくらい聞いた記憶があります
ビデオ	スクリーン	さらに競技場を囲むスクリーンには世界中の子供たちの笑顔が映し出されたほか、世界中から集めた子供たちの笑顔の写真(笑顔の写真の多くはMerry Projectが提供)[http://www2
映画	スクリーン	(私はカメラの回っていない時に、ある会議でオリオン座三つ星の写真をスクリーンに映し、才能豊かな画家でもあるクルップ夫人にステージに来てそれを描くようにお願いしたという事実も番組制作チームに伝えたのですよ
その他	スクリーン	レーザー光線を用いて大気中の微粒子をスクリーンとし、文字や図形を表示する手法があるが、それと同様、電子ビームの方向を自由に制御し、文字、図形を直接一筆書きのように表示する表示方法を、ベクトルスキャン(または「ベクタースキャン」 Vector Scan)と呼ぶ
ビデオ	スクリーン	最近友人は OpenOffice のパワーポイントに当たるもので送ってきますがまあパワーポイントのスクリーンショットを撮ってそのまま画像にしても良いけれどもアンチエリアスが利いていないのでギザギザが出てしまいシコシコとこちらで作り直すのですが画像を見れば一目で分かりそうなものを最近まで作り直しているということに気づいてくれませんでした
ビデオ	スクリーン	ちなみにコンサの時はスクリーンがちゃんと5つあって、サビのとこになるとマルチアングルみたいに5人全員が1つずつのスクリーンにアップになっていたのよ
ビデオ	スクリーン	設置の際の施工が不要な床置きタイプでありながら、支柱一本でスクリーンを支える構造にすることで、一人でも組み立てがしやすく、また従来品に比べて最大25%の軽量化を図っています(注2)
映画	スクリーン	超大作といわれる今作品をスクリーンで体験しようと思い立ち、テレビ放送で4から6まで、レンタルで1を、WOWOWで昨年放送して録画していた2を一挙に鑑賞
ビデオ	スクリーン	さらに、スクリーン・照明・映像機器の一括制御をタッチパネルで行うため、多数の機材を収納し、かつ講演卓として機能するレクチャーキャビネットALW−30Uをご使用いただいております
その他	スクリーン	スクリーントーンを圧着させたい時、スクリーントーンの上に紙をのせてこの「みそべら」をつかむように上から握って小指側に力を入れて紙の上からスクリーントーンをこすりスクリーントーンを固定します
インテリア	スクリーン	システムキッチン、カーテン、リビング家具、インテリア小物、インターネット、オフィス家具、照明器具、環境サイン、デザイン、室内装飾素材、ファブリック、壁紙、和紙スクリーン、カーペット、床材などのショップを項目別に検索できます
その他	スクリーン	より鮮明なX線像を得ようとすれば、ノンスクリーンフィルムを使用したり、人間の乳房撮影用のフィルム等を使用することがよいが、これらは概して高価である
映画	スクリーン	時間になり会場の方へ案内されましたが、照明が落とされた室内の各テーブルには水中花が飾られイイ雰囲気♪会場中央のスクリーンでエルムガーデンの四季折々の風景が紹介され、そのうちにどこからともなく太鼓の音が
