# 乗り物: 交通機関が多く集まり、人の乗り降りが多い所。鉄道の終点。バスターミナルターミナルデパート, コンピュータ: コンピュータの端末（機）。, 空港: 空港で、種種の事務のための施設が集まっている場所。
空港	ターミナル	さらに、12月3日から5日まで、「羽田空港観光プロモーション」が羽田空港第1旅客ターミナル フェスティバルコートで行われ、本場ならではの大迫力のなまはげが再登場します
乗り物	ターミナル	特に、今回初めての試みとなった駅周辺における「応急救護訓練」や、帰宅困難者の「避難誘導訓練」は、大規模集客施設を持つターミナルの地域特性を反映して、極めて実践的な訓練となりました
空港	ターミナル	2社はハバロフスク国際空港ターミナルを建設・運営する「キヤマ・アビア」と、本道資本が参加して「ホテルさっぽろ」を経営するアムール・トレーディング
乗り物	ターミナル	屋外型の広場で、外周部と中央部にバスバースが、南寄りにターミナルビル「つくばターミナル」やタクシープールが、外周部の北西寄りにつくば駅の出入口(A3、A4、エレベーター)がある
乗り物	ターミナル	静岡県最大の人口を持つ浜松をターミナルとする鉄道で、全線単線ながら12分間隔の運転を行っており、CTCもかなり早い時期に導入、車両も新車両が多く入線しており、地方民鉄としては非常にレベルが高い路線です
空港	ターミナル	本船積み出し月の約1ヶ月前、特定された農家に受け渡し通知を入れ、ターミナルエレベーターもしくはリバーサイドエレベーターまで農家所有のトラックで持ち込む
コンピュータ	ターミナル	SQL 2005サーバー搭載の最新バージョン8シリーズでは、WindowsCEが搭載されたモバイルハンディターミナルとの連携も強化され、より使いやすく、より高機能に
乗り物	ターミナル	アスンシオンはターミナルのインフォで聞いて、市内はずれにある植物園に行くといいです、市内バスがくねくねと町中を走ってから植物園に着くので市内観光にもなります
乗り物	ターミナル	でも、2000年問題が騒がれ始めた同じころ、その杉原さんを含め敏腕フロア長などがごそっとダイエーに転職したり、YKKと呼ばれるヤマダ、コジマ、K’sなどの郊外型大量展示、最低価格保証を売りにした家電量販店や、駅前の再開発に伴ってターミナル駅前進出を広げたヨドバシカメラなどの攻勢により、秋葉原で「物品を買う」という必然性が下がっていったようです
コンピュータ	ターミナル	データは暗号機経由でDTS(データ・ターミナル・セット)に入力され、デジタル・アナログ変換、プロトコル管制、エラー検知がなされた後、無線通信機で送信され、逆ルートをたどって受信される
乗り物	ターミナル	平成18年6月、りんくうターミナル(大阪府)内で輸入生花を専門に取り扱う「りんくうフラワーセンター」を開設、同7月、第4原木ターミナル(千葉県)で医療機器製造業・化粧品製造業の許可を取得し、販売の体制を整えた
空港	ターミナル	三重県警捜査2課は7月3日、同県四日市市の発注した四日市港ターミナル周辺整備工事を巡り、現金数十万円を受け取ったとして、国土交通省中部地方整備局港湾空港部付、芳野昇容疑者(52)を収賄容疑で、現金を渡したとして土木・道路舗装会社「井上組」社長で、中部国際空港(セントレア)と四日市港を結ぶ空港アクセス航路の運航会社「YAL」社長でもある井上峯夫容疑者(64)を贈賄容疑で逮捕した
乗り物	ターミナル	現在、公共交通機能の強化による利便性向上、並びに利用促進による交通の円滑化を図るため、路線網再編に基づく機能の適正分担を基本とした、福山駅前広場及び複合交通センターのターミナル整備が推進されている
その他	ターミナル	ターミナルピンはカシメ直せないため、電線を切ってつなぎ変えたのですが、1番端子に接続されていた[白]ビデオ信号(+)の電線が非常に細いため、電源として5Vをかけたとき十分な電流値が流れなかったのかうまく動作しませんでした
空港	ターミナル	大阪南港フェリーターミナルと大阪南港かもめフェリーターミナルからは、西日本各地と結ぶ大型フェリーが就航しており、日本一の中・長距離フェリーの拠点となっています
空港	ターミナル	フランスの有名建築家ポール・アンドリュー氏設計{パリのシャルル・ド・ゴール国際空港ターミナルビル、グランダルシュ[新凱旋門]、他}・1階の「海の映像館」や「海の冒険館」や美術ギャラリーも)も
コンピュータ	ターミナル	これに対し、kterm 等のターミナル内でコンピュータを操作する場合はキーボード入力と画面の文字表示のみでコンピュータを操作することになります
コンピュータ	ターミナル	使用と共に徐々にもっさりしていってしまうFirefoxをきびきびとした動作に蘇えらせるTipsとして、ブックマークや履歴など様々なユーザ設定を保存しているプロファイルをターミナルからSQLiteのvacuumコマンドで再構成する方法がありますが、それをAppleScriptで代わりにやってくれるソフトです
空港	ターミナル	同協議会が来年3月の同空港新国際線旅客ターミナルビル供用開始に向け、より多くの人々に海外旅行に興味を持ってもらい、同空港をさらに利用してもらお
空港	ターミナル	【ロンドン3日時事】英スカイテレビなどは3日、ロンドンでの自動車爆弾テロ未遂事件とグラスゴー空港ターミナルへの車突入事件は、同じ2人組による犯行だったもようだと報じた
空港	ターミナル	最後は東予からオレンジフェリーにて大阪南港に戻ったが、今治糸山サイクリングターミナル到着が20:50だったので、さっさと自転車を輪行袋につめ、タクシー2台に分乗し、21:30に出発
乗り物	ターミナル	JR京葉線/武蔵野線 舞浜駅下車、東京ディズニーランド®・バス&タクシー・ターミナルよりパートナーホテル・シャトル(無料シャトルバス)にて約15分
乗り物	ターミナル	JR姫路駅・北の駐車口(姫路城側)を出て、姫路市営バス北ターミナルより”日の出車庫”行きバスに乗車、”北条口5丁目”(10分)または”神屋町6丁目”(11分)下車後、徒歩1分
空港	ターミナル	◯久保田港営部長 まず第一に、港湾振興協会は客船誘致やみなと祭の実施など、晴海客船ターミナルにおいて事業活動を展開しており、その事務所が晴海客船ターミナルの中にある、こういう事情にございます
乗り物	ターミナル	2時間くらい居座って、最後、駅前で写真を撮って、ターミナルに行くバスが少し来るの遅かったんですけど、みんな一緒に待っててくれてて本当にありがたかったです☆見送り、本当に感謝です( ́∀`)最後バスが来てみなさんとお別れ
空港	ターミナル	空港到着時にはターミナルビル外に相当のヒトヒトがまっておりますので、はじめはびびりますが、ターミナルエリア内は旅行客以外は入れませんので、運転手がどこにいるのかきちんと探してください
空港	ターミナル	JR長崎駅から徒歩すぐの長崎駅前電停→路面電車正覚寺下行きで3分、大波止電停下車、徒歩5分の長崎港ターミナルから長崎汽船伊王島経由高島行きの高速船で19分、伊王島港下船、海水浴場行きバス(シーズンのみ)で5分、終点下車
乗り物	ターミナル	地下鉄については、都心と周辺のターミナルを結ぶ路線として11路線が示されていたが、これらは2路線を組にして都心を通過して両端で近郊路線のターミナルを結ぶというものであった
空港	ターミナル	このような中、鳥羽港には、中核的リゾート拠点、かつ、海上交通の要衝として観光、交通、産業等の重要なターミナルとしての環境づくりが求められるようになりました
乗り物	ターミナル	屋外型の広場で外周部と中央部にバスバースが南寄りにターミナルビル「つくばターミナル」やタクシープールが、 外周部の北西寄りにつくば駅の出入口(A3、A4、エレベーター)があった
空港	ターミナル	なお、2004年12月1日の第2旅客ターミナルビルの供用開始以前は西側出口のみで営業していたが、東側出口も設置準備工事がなされており、当初から第2旅客ターミナルビルの供用開始を考慮した設計となっていた
コンピュータ	ターミナル	ビジネスコミュニケーションのメインツールである電話とパソコンを連携させたCTIからPHSデジタルコードレスターミナルを活用したモバイル環境まで、円滑なビジネスシーンを提供します
コンピュータ	ターミナル	ハードティスクを持たず、高い信頼と低コストを実現するシンクライアント端末の基本性能のほか、Windows CE 採用による優れた起動性、さらにWindowsターミナル、インターネット端末としての能力がユーザやSIに評価されている
乗り物	ターミナル	ただ、バスターミナルが必要かどうかという議論については、中長距離路線においては神姫三ノ宮、JRターミナル、阪神前の東西両方向、交通センター前と分かれていることや、市バスや阪神バスといった近距離路線についても(いちおう)メインのバス停とされる阪神前と地下鉄三宮駅前に限っても停車と通過が分かれたり、位置が微妙に異なるわけで、軸になる停留所がほしいところです
乗り物	ターミナル	99年11月28日、町田ターミナルパーキングのループ上り中、突然ホーンが鳴りっ放しになり、エンジンを止めキーを抜いたが鳴りやまず、ボンネットを開けホーンの配線を抜き、駐車場所へ移動
乗り物	ターミナル	また、「他のホテルを探す」ボタンをクリックすると、三宮ターミナルホテルの周辺ホテルの地図が表示されるので、お隣りのホテルの料金もチェックできます
空港	ターミナル	飛行機が空港の都合で、予定していた乗り換えのFターミナルではなくCターミナルに 着いたので、乗り換えなのに入国して出国審査も受けなければならなかった
空港	ターミナル	馮氏の行動がかつてハリウッド映画「ターミナル」でトム・ハンクスが演じた役柄と似ているうえ、今回の中国からの「強制送還」に日本の航空会社・全日本空輸(ANA)が関わったことから、中国国民も日本側の対応に注目している
その他	ターミナル	ビデオ=ターミナル・ライト=ペン・描画タブレット・マウスといった近代的に見える付属品でさえも、1950年代・1960年代・1970年代にペンタゴンから資金提供された研究から発展したのだった
コンピュータ	ターミナル	でスペースバーをポンポン押して受信メールを読むときに、LAN上でもWinVNCではイライラしてとても毎日使う気になれないのに、ターミナルサービスではローカルかリモートかはあまり意識せずに使えます
その他	ターミナル	この会社では、予約をコンピュータ管理しているだけでなく乗客専用のエアコンのついた待合室や荷物のX線検査機を備えており、バスも新しくてきれい(特にVIPバス)なものが多いようなので、バスを探す時はメインターミナルだけでなくこちらもあわせてチェックした方がいいかもしれない
乗り物	ターミナル	関係機関とも協議しながら、鉄道とリムジンバス等の適切な機能分担を踏まえつつ、施設計画において、鉄道駅と新たに整備する旅客ターミナルビルとの円滑な歩行者動線の確保等により、公共交通機関の利便性向上に配慮するなど、公共交通機関の利用促進に向けた取り組みを行います
コンピュータ	ターミナル	ハンディーターミナルを活用する事による棚卸時間の短縮や他店舗の在庫をリアルタイムに確認する事が可能となり、今まで逃がしてしまっていたお客様の獲得ができるようになるなど、効率化が図れるようになった
空港	ターミナル	その後、1988年4月の瀬戸大橋開通に伴う宇高連絡船の廃止などに伴い置かれている状況が変化、これに対応するため宇野港再開発が主要な課題となり、1994年以降フェリーターミナルの拡充整備、大型旅客船ターミナルや緑地などの港湾再開発事業が行われ完成した
空港	ターミナル	21時頃から激しい雷雨となっていた兵庫県南部では8月22日21時20分頃、神戸新交通ポートアイランド線ポートターミナル~中公園間走行中の三宮発神戸空港行列車(旅客約50名)が突然停止した
空港	ターミナル	さらに、第1・第2旅客ターミナルビル間の旅客数や運航回数が35対65の比率で第2旅客ターミナルビルに偏重し、今後その差がさらに拡大していく傾向となっています
空港	ターミナル	況して、2010年に羽田空港の国際ターミナルがオープンしてアジアのゲートとなる多摩川下流域において、そのことは責務といえるのではないでしょうか
その他	ターミナル	Jerryさん、新ターミナル(ターミナルE)は我が家が行った9月下旬に「ひと月ほど前にできたばかり」と言われてましたので、Jerryさんが行かれた時には未だ使われていなかったのかも知れません
空港	ターミナル	三重県四日市市発注の四日市港ターミナル建設工事に絡む贈収賄事件で、収賄容疑で逮捕された国土交通省中部地方整備局元課長、芳野昇容疑者(52)が三重県警の調べに対し、贈賄容疑で逮捕された井上峯夫容疑者(64)の土木会社が随意契約で受注した3件の工事について「井上容疑者のために用意した」と供述していることが4日、分かった
乗り物	ターミナル	アクセス/JR夕張駅からバスで5分、または札幌から夕鉄バス・中央バス、岩見沢から中央バス「石炭の歴史村行き」に乗り「石炭の歴史村ターミナル」下車
乗り物	ターミナル	また、主要ターミナル駅の乗り場案内図・神奈川県内発着の高速バス・空港連絡バス・深夜急行バス情報のほかに、コミュニティバス情報も収録いたしました
乗り物	ターミナル	バスに乗っているときより、発着するバス・センター/ターミナルが場所によっては郊外にあるため、深夜地下鉄や市内バスで移動する時に土地勘があっても「これはちょっと危ないな」と感じたことが何回かあります
空港	ターミナル	ご好評いただいております、羽田空港第2ターミナル(国内線)での保安検査場から搭乗口までの移動に便利な「電動カートサービス」に今回、新型の4人乗り電動カートが導入されました
空港	ターミナル	美崎町の石垣港離島ターミナルビル向かいにある通称「大鷲公園」は3年前から八重山高校17期卒の「八重山となき会」(安室義教会長45人)「おはようジョギングクラブ」(崎浜ハツ会長・58人)「美ら花グループ安全衛生委員会」(山田貴巳委員長・15人)らが定期的に公園や周辺道路の美化に取り組み、海の玄関口として市民や観光客に親しまれるようになった
コンピュータ	ターミナル	c2cbd アイコンの”情報を見る”項目を表示させてから、”このアプリケーションで開く”項目で、”その他”を選んでから、”アプリケーション” → ”ユーティリティ” で、”ターミナル”を選択して入力してください
空港	ターミナル	職員が滑走路に向けて歩いていく様子、それにターミナルのガラス越しに文句をぶつけている乗客達、乗客が映したそんなビデオもTVのニュースで放映されていました
コンピュータ	ターミナル	事実上、本書では説明されたオプションは、明白な指示に応じて使用しているホストにリモート(給仕)ホストからローカル・ターミナルプリンタを慎重に調整させることを伴います
その他	ターミナル	APACSのサンドラ・クインは、「以前はターミナルを上から撮影できるようにピンホールカメラを設置して、データを盗むケースが多かったが、現在はチップ&ピンのターミナルになんらかの操作を加えて情報を盗み出している」と状況を説明する
空港	ターミナル	一方、「万景峰92」号の入港に反対する日本の団体側が、同胞らがターミナルに旗ざおを持ち込んだことと人員について抗議した問題で、総聯側は、「旗ざおについては新潟港湾事務所を通じて事前に許可を得ていた
乗り物	ターミナル	この他、近代交通システムの影響を受けた都市は、空間の拡張の中で終始近代交通システムの影響に束縛され、鉄道・自動車道路の中枢都市は多くが鉄道あるいは自動車道路のターミナルを中心として展開した
乗り物	ターミナル	採用された事業には、東京スカイツリーを中心とした施設開発や大阪・阿倍野橋の高さ300mのターミナルビル開発、東京・渋谷の地下駅周辺の高層複合施設の開発など、注目プロジェクトに伴う取り組みが目立った
空港	ターミナル	●関西国際空港、旅客ターミナル1階国際線到着ロビー前3番のりばより、リムジンバス「南港コスモスクエア」行きに乗り、到着後、 タクシーで「フェリーターミナルのりば」まで約5〜6分です
乗り物	ターミナル	【解決手段】 貨物コンテナ輸送の速達化システムであって、高速コンテナ鉄道貨車ターミナル4と在来コンテナ鉄道貨車ターミナル1における荷台の高さを等しくし、前記高速コンテナ鉄道貨車ターミナルと前記在来コンテナ鉄道貨車ターミナルとの間のコンテナのスライド積替え手段を具備することを特徴とする
空港	ターミナル	5月1日からオープンのフェリーターミナル【浜の母さんお食事処】団体ツアーや釣りのお客様・奥尻島へ渡るお客様など色々な方々が御来店下さいます♪人気メニューは海鮮そばや海鮮カレー
空港	ターミナル	リムジンバスに乗り、羽田空港(第2ターミナル)へ到着したまでは良かったんですが、なんだかしっくりこなくて、そのまま電車とバスを乗り継ぎ、久々の城南島海浜公園へ
その他	ターミナル	電話機(携帯電話、PHSを含む)やファクシミリ、モデム、ターミナルアダプタ、携帯情報端末(PDA)などで、ガイドラインに沿った機能を備え、アクセシビリティを考慮したと認められた製品は、このシンボルマークを表示することができます
乗り物	ターミナル	地下鉄東西線 大谷地駅下車→バスターミナルより中央バス(大69番乗車)→桂台団地下車(病院のすぐ前のバス停です) 地下鉄東豊線 福住駅下車→バスターミナルより中央バス 千歳線(桂台団地経由)乗車→桂台団地下車(札幌駅前ターミナルからも乗車できます)
乗り物	ターミナル	なお、鉄道駅前の地下鉄ターミナル駅「モスコフスカヤ」 Московская から「マクシム・ゴーリキー広場」への地下鉄延長工事が計画されて久しいが、未だ開通には至っていない
乗り物	ターミナル	やっとバスに乗れたと思ったら、違うターミナルから乗ってきた100kgを超えるであろうおじさんに俺っちがせっかくリクライニングした席を奪われ、汗くさいし、股開いて俺っちの席まで侵食してくるし、肩身の狭い思いをしたわ
乗り物	ターミナル	この法律の主旨は「高齢者・身体障害者等の公共交通機関を利用した移動の利便性・安全性の向上を促進するために、1交通事業者によるターミナル施設と車両のバリアフリー化、2市町村による駅及びその周辺の面的整備、の2つである
乗り物	ターミナル	【請求項8】 請求項5記載の貨物コンテナ輸送の速達化システムにおいて、前記高速コンテナ鉄道貨車ターミナルと在来コンテナ鉄道貨車ターミナルにおける高速コンテナ鉄道貨車と在来コンテナ鉄道貨車との荷台の高さを等しくすることを特徴とする貨物コンテナ輸送の速達化システム
その他	ターミナル	現在、ホームターミナルご加入のお客様には誠に勝手ながら、弊社の設備が整い次第、随時ホームターミナルからセットトップボックスに変更させていただきます
空港	ターミナル	スカルノハッタ空港ターミナル1・2のチェックインカウンターは航空会社別割当システムになっているが、乗客の待ち行列が頻繁に発生して非効率であるため共通使用方式に変更する、とアンカサプラIIが表明
乗り物	ターミナル	バスが到着するのは、行きと同じターミナルなので危ない地域でないとはいえ、日が落ちてから到着すると、そこに待ち構えるタクシー運転手が善人ばかりとは限らない時間になる
乗り物	ターミナル	LAZO=つながり・結びつき、ZONA=エリアという意味のスペイン語からなる「LAZONA」という名称が象徴するように、東京と横浜という都市を「つなぐ」ターミナル駅において、大規模商業施設と集合住宅とを豊かな緑で「つなぐ」ことで、交通・生活利便性と安らぎ・潤いとをも「つなぐ」街として、新しい暮らしを提案する
乗り物	ターミナル	■交通/「芦別」バス停(芦別駅から徒歩2分の国道38号線「アシントンホテル」前)から中央バス「旭川ターミナル」行き乗車、「3線」下車、徒歩35分
空港	ターミナル	・ローカルな質問ですいませんが、愛知県蒲郡市の名鉄西浦マリーナ付近から愛知県田原市の伊良湖フェリーターミナルへは、どのルートがスムーズに到着出来るでしょうか
空港	ターミナル	多様な附帯施設も充実しているコモドホテルは釜山駅、国際旅客船ターミナル、国際市場、ジャかルチ市場などと徒歩距離に位置し、最近の改善補修作業で新たに生まれ変わりました
空港	ターミナル	途中、米子空港駅は、本当に米子空港のそばを通り、飛行機も間近に見えるのだが、ターミナルビルまでの連絡通路がなく、仮通路の状態で、空港アクセスという点では今一歩である
乗り物	ターミナル	これらのことから待合わせ場所は、多少混雑はしていてもみんなが集まりやすいターミナル駅の、改札口か有名な待合わせスポット等のわかりやすい場所にする人が多いと言えます
空港	ターミナル	タクシー運転手や警備員、周辺の住民らによる空港内でのデモも度々起き、昨年11、12月 には数千人の反政府デモ隊が旅客ターミナルを占拠し、空港が10日近く閉鎖された
空港	ターミナル	はケアンズ空港の国際線、国内線ターミナルから離れた「ヒンターランド・ターミナル」というところから出発しますが、無料でケアンズ空港の国際線・国内線ターミナルと、ヒンターランド・ターミナル間のシャトルバスをご利用いただけます
乗り物	ターミナル	それから、これはターミナルの高岡公園というところなんですけれども、ここまでこの幹線バスがやってきて、ここで支線バスに乗りかえて地域のそれぞれのところに行くという形態をとったものですから、必ず乗りかえをしなきゃいけないということになりましたけれども、実はこれを見ていただくとわかるんですが、バスが扉を接してとめています
乗り物	ターミナル	石狩行きのバスは一日20本以上あり、日中でも1時間に1本はあるので、「秘境バス」とはいえないが多くのバスの目的地が都市部のターミナルなのに対し、こちらは全く違った光景へ運んでくれる
乗り物	ターミナル	バス・ターミナルでは、タクシーの運転手が「10ドルでチラスポリまで運ぶから」とまとわりついてくるが、そのときは、外国人はモルドワ・PMR間の境界線を越える際に法外な通行料を取られるなどという風評を信じていたので、より安全と考えられるバスで行くことに固執する
空港	ターミナル	午前6時半に第2旅客ターミナルビルの出発ゲート前でセレモニーが行われ、成田国際空港会社(NAA)の森中小三郎社長や乗客代表らがテープカットした
空港	ターミナル	大雨のためとはいえ「滑走路を替えて出発の準備をしています」とのアナウンスの後1時間半待機、いい加減今日はもうとばないのでは、と観念した頃再び空港内で移動のをしたため燃料がなくなりましたのでターミナルに戻って燃料を補給してから離陸いたしますので暫くお持ちくださいのアナウンス
空港	ターミナル	【ニューヨーク共同】米CNNテレビによると、ニューヨーク市スタテン島のフェリーターミナルで8日午前9時半(日本時間同午後10時半)ごろ、フェリーが岸壁に衝突、乗客ら約60人が負傷した
空港	ターミナル	羽田空港第2ターミナル 羽田空港第2ターミナルは04年12月1日にオープンしました 大きな吹き抜けには巨大な「滝のオーロラ」が有り、思わず写真を撮りました オーロラがカーテンのように舞っています
乗り物	ターミナル	(予約・問い合わせ先、主要停留所、主要ターミナル 案内 図、 バス 車両の各種設備・サービス、その他お得な割引運賃トクトク情報など)が検索でき、
空港	ターミナル	オススメのスイーツには、「FESTIVALO LOVELY」(鹿児島フェスティバロラブリー 第1ターミナル内)の、「唐芋レアケーキ」を教えていただいたのでさっそく買って帰りました♪ スイートポテトのようで、まったく違った食感のとっても
空港	ターミナル	かつては五島などの離島に行くフェリーターミナルだったところで、現在は「長崎県大波止(おおはと)ビル」として、住宅供給公社などの第3セクターが多く入居しています
乗り物	ターミナル	その中でも、重複路線の整理でありますとか、あるいは鉄道の並行路線の駅との短絡の問題でありますとか、あるいは長距離の路線の整理でありますとか、あるいはターミナルの分散でありますとか、いろんなことを市自身も考えていまやっておるわけであります
空港	ターミナル	このそれぞれのターミナルには、水深18mのバース3基が建設され、予定では、次世代の喫水の深い船舶を入港させるため、23mの水深にすることとなっています
コンピュータ	ターミナル	ターミナル1での上の式では、レシーバはfront[2]の文字列の本当に存在する ターミナル2のirbがサーバで、ターミナル1がクライアントです
乗り物	ターミナル	鉄道会社系運営のターミナルビルは百貨店オンリーではなく、食品スーパー・専門店・百貨店・その他集客施設のバランスが取れたものが成功していくだろうね
空港	ターミナル	同ターミナルは耐震機能も兼ね備えており、災害時には臨海部防災拠点として災害復旧活動を支援することで、釧路地域26 万人の暮らしや産業活動を支える
コンピュータ	ターミナル	屋外用のハンディターミナルの小型軽量化とデータ処理能力のパワーアップをテーマに開発した検針事業用ハンディターミナルは、検針システムの専門メーカーのノウハウと先進テクノロジーが凝縮されています
空港	ターミナル	この ように万全な備えがあったからこそ、ノースリッジ地震では地割れが生じて船が接岸できなくなっ たコンテナ・ターミナルをわずか1週間で復旧させることができた
乗り物	ターミナル	6、7ページは、必須とする施設及び機能等として、下関市の玄関口に相応しい多彩な魅力ある賑わいを創出する集客施設、収容台数450台程度の立体駐車場施設、交通ターミナルを配置すること、また隣接する開発ビルとの歩行者動線の一体性の確保、景観との調和、円滑な交通動線計画とする提案内容である
空港	ターミナル	新しい空港法により、旅客ターミナルビルの建設および管理運営を行う者は、2009年4月1日以降、空港機能施設事業者として国の指定を受けることが義務付けられたため、当該指定申請を行い、2009年3月に指定を受けました
乗り物	ターミナル	ちなみに天浜線をターミナルの掛川駅まで通して乗車した場合は、掛川駅13:26発の東海道本線浜松行き普通列車に乗車すれば浜松駅13:51着となり、天浜線と東海道本線だけで一周する場合は3時間半程度かかることになります
乗り物	ターミナル	そして、路面電車とバスの結節を主とする今の中央公園を交通ターミナルとし、機能と役割を分担させ、この3つの拠点を核に全体を作っていくという構想である
空港	ターミナル	あと、カイロ空港、第3ターミナル完成前にこんなこといっても仕方ないんだが、どうせなら1・2と統合して、メトロ乗り入れにも対応して欲しかったなあ
空港	ターミナル	新・羽田ターミナルは東京湾に沿うように位置しているため、展望デッキからは空の青、海の青、機体のANAブルーが見事に調和している様が一望できます
空港	ターミナル	一昨日「Y・M」先生のグループの野外撮影会が、横浜山下公園から国際客船ターミナル(通称大さん橋 )にかけてあり久し振りに参加させていただきました
空港	ターミナル	フランス・パリ郊外のシャルル・ドゴール空港ターミナル2Eの崩壊原因を調べている仏政府の事故調査委員会(委員長:ジャン・ベルティエ仏技術者・科学者国立評議会土木部会会長)は7月6日、事故調査の第1回目の報告を行った
乗り物	ターミナル	まあただ、もともと市電だった区間が現在21メートル級車両の座席指定特急が走っていたり、かつてのターミナルが今じゃ普通のみになったりと、大きく変わってはいるのですが
空港	ターミナル	道警は「例年、道外からの入り込みが増える7〜8月はオートバイによる事故が多発する」とし、フェリーターミナルやライダーハウスなどでチラシを配布、安全運転を呼びかけている
乗り物	ターミナル	阪急バス・京王バスの運行する大阪梅田・京都〜新宿・渋谷線では、乗車扱いはターミナル横の1〜3番のりばの何れか、降車扱いは26〜28番のりばの何れか、ということになる
乗り物	ターミナル	道南バス「東町ターミナル」(JR東室蘭駅東口から徒歩7分)から20分間隔で室蘭工大方面にバスが出ていますが、初めての方は非常に判りにくいのでタクシーをお勧めします
その他	ターミナル	へむ2「今でも頑張りゃバスくらいは状況改善出来るじゃろうに(ぶつぶつ) なんか第二ターミナルオープンまではどうでもいいや、って感じで手抜きされてる気もする訳だが」
空港	ターミナル	「ナッチャンRera」 「ナッチャンWorld」 の撤退で、本年5月に供用開始したばかりの 「青森高速船ターミナル」 が、青森県フェリー埠頭公社との約定で、解体の可能性も出てきました
乗り物	ターミナル	郵便の消印と日時の11月4日土曜日に東京都の豊島区で投函されたようですが、豊島区の住人ではなく近隣の新宿区や中野区や板橋もしくは荒川区などの学校に通う子か、豊島区の場合東京都内でも有数のターミナル駅のJR池袋駅があることから、埼玉県や神奈川県や鉄道や地下鉄の連絡の関係で千葉県に在住する生徒の可能性もあると考えられます
乗り物	ターミナル	都内繁華街やターミナル駅周辺で客待ちタクシーの違法駐車が重大な交通問題を引き起こす中、東京乗用旅客自動車協会(富田昌孝会長)は先月28日、大手町のサンケイホールでタクシー経営者約300人を集めて異例の緊急代表者会議を開催した
空港	ターミナル	サービス提供エリアは成田空港第1ターミナル、第2ターミナルの各所で、無線LAN機能を標準でサポートするCentrinoモバイル・テクノロジ搭載ノートパソコンを約40台用意する
空港	ターミナル	さらに羽田空港についてはターミナルビルは日本空港ビルデングが、滑走路は国が保有しており、仮に外資規制が導入されなくてもセキュリティーなどに問題は生じないのではないかなどと指摘もあるなかで、「ターミナルも、滑走路と一体不可分」(鈴木局長)とし、高度化している空港ビルに外資規制を導入していかなければ、万一にも空港が回らなくなることに懸念を示した
空港	ターミナル	このホテルはブダペスト・フェリヘジ空港のターミナル1とターミナル2のほぼ中間に位置するAirport Business Parkに隣接して立地していて、103部屋のデラックスルームとスィートルームなど計112室から成り、空港送迎サービスも行います
乗り物	ターミナル	3ヘクタールを活用し、道路・バス施設・駐車場等の再編整備による交通ターミナル機能の強化を図るとともに、にぎわいを創出する広場と、集客力や話題性があり周辺地区の活性化も期待できる魅力的な商業施設が一体となった、日常的に多くの人々が集う「交流の場」を整備しようというものです
空港	ターミナル	今回発表された「スマートeサービス」は、12月1日より羽田空港第2ターミナルビル開業に伴うANA全機能の移転にあわせて施行されるもので、国内線航空券・搭乗券の代わりに非接触IC搭載の「ANAマイレージクラブ Edy カード」や携帯電話を利用して、チェックインカウンターに立ち寄ることなく搭乗手続きを完了できる
乗り物	ターミナル	各路線が停車する藤岡インター、nパーキング日高、前橋バスセンター、BUSターミナルおおたではパークアンドライド用の日極駐車場があり、バス利用者が利用できる
乗り物	ターミナル	移動制約者の公共交通機関等の利用目的及び移動手段、具体的移動ニーズと移動阻害要因等に関するアンケート・ヒアリング調査結果、並びに公共交通機関及び、それに付随した施設(駅・ターミナル等)における移動制約者のための設備・施設の設置状況等のアンケート調査結果を基に、「移動の連続性」に主眼を置いた移動時の問題点、課題を抽出した
空港	ターミナル	だって、かつて、酔っ払った日本人の方が、空港第二ターミナル内ベンチに寝そべっていた所、瞬く間に空港警察のおまわりさん方に取り囲まれて、いろいろ職務質問されていたことがありました
乗り物	ターミナル	明治以降は淀川の改良で区画整理も進み更に淀川を渡る橋も幾つか架けられ、阪急のターミナル駅である十三駅を擁する区内随一の十三の繁華街、新大阪駅を中心とするオフィス街、その他の地区でも商工活動も盛んである
空港	ターミナル	澳門港務局の発表によるとマカオ半島の内港客運碼頭から深センの蛇口間を運航しておりましたフェリーですが、9月24日より内港客運碼頭からタイパ臨時フェリーターミナル(氹仔臨時碼頭)に変更となりました
コンピュータ	ターミナル	DeFrameは、ターミナルサーバアプリケーションの配布および管理だけでなく、負荷分散やその他の有用なターミナルサーバアプリケーション管理機能を提供しています
乗り物	ターミナル	事務局側の実施計画案として、高柳町・鵜川地区では岡野町と野田に設置したターミナルの間に基幹ルート(石黒・鵜川経由)と支線ルートの乗り合いタクシーを運転する案、西山町地区では西山駅・高速バス停・礼拝駅・雪割草の湯を基幹ルートに、その他の町内を支線ルートとした新しい公共交通案が示された
乗り物	ターミナル	いずれにしてもあの地というのがですね、やはり交通の特にバスのですねターミナル拠点として非常に大事な位置にある訳ですから、そのへんはあの地だけではなく先程申し上げた駅でありますとか今後のバス網再編の中でどの程度のバスが必要なのかですとかということはやはり考えていかなければならないのかなという思いはあります
その他	ターミナル	同ターミナルは、石油元売り会社らの組合「JBSL」(本社・東京都、平井茂雄代表職務執行者)が調達した、ブラジル産サトウキビで米国企業が製造したバイオエタノール「バイオETBE」
その他	ターミナル	私は、8年前よりターミナルの患者さんに薬剤師は何が出来るのかということを知りたくて、「死の臨床研究会」に保健婦さんにくっついて参加していますが、当時は薬剤師の参加はほとんどありませんでした
コンピュータ	ターミナル	この授業はRuby用のスクリプトを書いてそれを実行する、と言うことの繰り返しであるが、スクリプトの作成はエディタを使用して行い、スクリプトの実行はターミナルで行うのがそのやり方である
その他	ターミナル	バッテリーの交換に際してはターミナルやBTアダプターに付着した希硫酸の結晶をよく落として(お湯をかけるのも手)かる〜くヤスリをかけ、ターミナルで電解反応しないようにグリスを少量塗布
乗り物	ターミナル	しかし大きく重い荷物を持ち運ぶことが多い、海外旅行者にバス乗り継ぎと各駅での階段の昇降、乗換の不便がある鉄道が嫌われる一方で、ターミナルビルに横付けのリムジンバスは予想された道路渋帯もあまり深刻ではなかったので、人気集中し好調であった
空港	ターミナル	ヨーロッパのハブ空港として定評のあるヘルシンキ・ヴァンター空港は、2009年12月新ターミナルのオープンによりお、ラウンジやショップ、レストランなどの施設もさらに充実し、より一層の利便性を図っている
乗り物	ターミナル	"アメニティターミナルにおける旅客案内サインの研究 交通拠点のサインシステム計画ガイドブック 鉄道ターミナル駅を例とした人にやさしい情報提供の考え方と計画手法"
乗り物	ターミナル	◆阪急神戸線「西宮北口」より南へ徒歩2分 ◆JR「西宮」より北東へ徒歩15分(西宮駅北側ターミナル3番のりばから、阪急バスにて「西宮北口駅」下車)
乗り物	ターミナル	松山市駅の伊予鉄道の施設で足りない物はホテル位で有り、その点を除けば規模の大きい百貨店・鉄道駅・バス乗り場が集中して纏まっていて極めて魅力が高く集客力の有る拠点ターミナルとなっています
空港	ターミナル	日本からチェンマイに着いた時、どちらのターミナルを利用するかは、主として搭乗航空会社、もしくは預け入れ荷物をどのように処理してもらった(もらう)かによって異なる
乗り物	ターミナル	そのほかの町田ターミナル自転車駐車場、相原駅東口自転車駐車場につきましても、これは3階の部分が非常に利用率が少ない、あるいは屋上の部分が利用率が少ないというふうなことでして、駅からの距離、あるいは非常に利用の場所が悪いというふうなことから低いという状況になっております
乗り物	ターミナル	稚内空港に駐機していた北日本航空と北海道近距離航空の旅客機四機がミサイルの直撃を受けて炎上大破、管制塔と空港ターミナルも大破し、空港職員二十八人と一般乗客八十三人が死亡
空港	ターミナル	那覇空港の新ターミナルビルへのテナント入居をめぐって、新ビルを運営する第三セクター会社、那覇空港ビルディング(NABCO、平良哲社長)と現在の那覇空港ターミナル(NATCO、鈴木通雄社長)の交渉が事実上、決裂したことが一日までに分かった
乗り物	ターミナル	丁度乗り換え駅に着いてたから良かったものの、それでもそこから更にバス乗るのに一駅分歩きーのターミナル駅だから乗り場探してさ迷いーの混んだバスに揺られーの、(精神的に)死ぬかと思った
空港	ターミナル	大阪より:車/吹田ICから名神道及び北陸道で新潟方面新潟西IC下車~新潟西IC~新々バイパス(国道7号線)紫竹山IC下車新潟西港佐渡汽船へ 車以外/新潟駅からタクシー又はバスにて佐渡汽船ターミナルへ
空港	ターミナル	それを受けて、関西国際空港では国内線ターミナルと国際線ターミナルを同じ建物の中に入れることで、大幅な乗り継ぎ時間の短縮を実現したのですが、ご存知のとおり関空の国内線が誰かさんたちの思惑で残されてしまった伊丹空港に食われてしまい、本来の機能を充分に発揮できないでいます
空港	ターミナル	計器飛行方式により飛行する航空機及び特別管制空域を飛行する航空機で、離陸後の上昇飛行を行うもの若しくは着陸のための降下飛行を行うもの又はこれらの航空機と交錯し若しくは接近して計器飛行方式により飛行する航空機に対する管制業務であってターミナル・レーダー管制業務・着陸誘導管制業務以外のもの
乗り物	ターミナル	また都心方面に向かうバスの多くががここから宝ヶ池駅付近や修学院方面を経由した後、それぞれの路線に分かれるため、停滞の少なさや本数の多さから、これらの地域から逆に当ターミナルを経由して地下鉄で都心に向かう人も多い
乗り物	ターミナル	八十島 義之助(編集・発行):「アメニティターミナルにおける旅客案内サインの研究 平成8年度報告書」、財団法人 交通アメニティ推進機構、1997年(平成9年)3月
空港	ターミナル	バス料金は2パタカ(1パタカ=約13円)だけど、フェリーターミナルで両替したときに小銭をもらえなかったので、手持ちもなく、当然ながらバスでは両替できず、仕方なく10パタカ札を運賃箱に入れる
空港	ターミナル	大田区羽田空港3−3−2 西旅客ターミナルビル5階 観光産業を中心としたあらゆる分野のアウトソーシングをより強化し価値の高いサービスの提供を推進します
空港	ターミナル	この日、福岡空港国際線ターミナルでは、朝一番にタイやベトナム、シンガポールから到着した便の外国人乗客が、入国審査ゲートに長い列をつくる光景が見られた
乗り物	ターミナル	阪急電鉄(旧・箕面有馬電気軌道)の創始者で、初めて「ターミナルデパート」を作った人だというのは知っていたのだが、住宅ローンを考え出したり、宝塚歌劇団を作ったのもあの人だったというのは初耳だった
乗り物	ターミナル	到着後、また札幌駅前ターミナルからじょうてつバスに乗車し、今度は7系統(札幌駅〜すすきの・国道230号線・硬石山・簾舞(みすまい)経由〜定山渓車庫前・豊平峡温泉)に乗車し、南21条西11丁目で下車
乗り物	ターミナル	第三に、駅前ターミナルは、バスを基軸とするタクシーなどの公共交通輸送を優先させ、駅周辺の円滑な交通規制を図るとともに、駅前の自家用車の駐車、発着の規制を大幅に実施してもらいたいこと
空港	ターミナル	新たなコンテナターミナルの整備を3つの段階に分け、現在の博多港のコンテナ輸送が抱える課題をできるだけ早期に解消できる整備プログラムを作成しました(表1参照)
乗り物	ターミナル	大阪・奈良へのアクセスが便利な、ビジネス・観光に最適なシティホテル 近鉄大阪線「近鉄八尾」駅に位置する『 八尾ターミナルホテル 』はビジネスに観光の拠点に最適な シティホテル です
その他	ターミナル	大津(滋賀)や長崎など、路線によって発着するターミナルが異なる場合もありますので、パンフレットや乗車券などを確認し、間違いのないようにしましょう
空港	ターミナル	今回、ヒースロー空港に出向いても「閉鎖」となっててターミナルに入れず、まずはアメリカ側の友人達のヒースロー近くのホテルの部屋に15日の夜に居候になった時から始またのだが、次の日から日本人組とロンドンで合流し、脱出計画を開始;その後金~月と三日半かけて計画を練り、火曜に脱出開始
空港	ターミナル	阿賀マリノポリス地区のコンテナターミナルやマリーナが整備されますと、 貨物を運送する大型車の増加等も予想されるため、このような交通量の増加への対応や交通安全を確保するため、 また東広島呉自動車道等の幹線道路網との連絡を図るため、マリノ大橋(仮称)の建設は、不可欠です
空港	ターミナル	当該地区における鉄道貨物ターミナル整備に関しましては、当然、国策を進めるというつもりでありますので、国に対しても整備の支援を求めていきたいと考えております
空港	ターミナル	しかーし、乗り継ぎ時間がより短くなるということは、裏返せばそれだけ利用者がターミナルビルに滞留する時間が短くなるということで、それはすなわち、乗り継ぎで中部空港を利用される方々がターミナル内の免税店やセントレアご自慢のお風呂に行く機会を減らしていることを意味しているのですが、その点に気づいている人は少なくとも名古屋圏のマスコミの方には居ないようです(笑)
空港	ターミナル	納入は、ことし8月に本牧ターミナルに1基、10、11月に大井ターミナルに2基を予定しており、日本のコンテナターミナルでは5段積みタイプにおいて初のハイブリッド型トランスファークレーンの本格導入となる
その他	ターミナル	■オンタイム搬入で在庫コストを減らすために導入されたが、全店POS化以降、電力料金支払い、公共料金支払い、宅配便、チケット販売などのサービスを扱いはじめ、地域の情報ターミナル化した
空港	ターミナル	新しい東京国際空港国際線地区旅客ターミナルが、「東アジアに開く新しいゲートウェイ」として、わが国と東アジア諸国との交流の活性化と観光立国の実現に資するよう、便利で快適な「都市型国際空港」を実現することです
空港	ターミナル	カジノオンネットはバカラのカウンターは、バカラのチェックインカウンターの第1ターミナルの2F北ウイングのところになっており、カジノオンネットの隣にはJALのカウンターがありますから、
乗り物	ターミナル	鉄道やバス、航空会社に対して、新設の駅、ターミナルでのエレベーターや誘導・警告ブロックなどの設置を義務付けるほか、新たに運行するバスは乗降が楽な「低床化」とし、列車や機内では車イス用スペースの確保を義務として各企業に求める
空港	ターミナル	三 国際定期便の就航に当たっては、旅客の際内ターミナル間の移動の円滑化やバリアフリー化の推進等利用者の利便性及び快適性が確保できるよう努めること
空港	ターミナル	2010年3月26日に運用を開始した新千歳空港国際線ターミナルから国内線ターミナルへは、このような車(ゴルフ場のカートのような車)で送迎して頂けます
乗り物	ターミナル	特に、都心のターミナル駅にある大型家電量販店の店員さんなら、日夜大勢の買い物客を相手にしているので、どこよりも確実な流行を肌で感じているに違いない
その他	ターミナル	この長距離大型トラックは、路線バスや鉄道と同じく、起点(どこのトラックターミナルから出発するのか)・終点(どこのトラックターミナルまで行くのか)・経由地(途中で立ち寄るトラックターミナルはどこか)などが決まっており、鉄道や路線バスに時刻表があるのと同じく、運行計画に基づいて計画的に輸送されることから、「路線トラック」(路線バスの貨物版と言ったところ)と呼ばれている
空港	ターミナル	あと二晩ここで寝たら、またヒースロー空港行き、第3ターミナル、ANAのカウンターでチェックインして、人人人の空港内をなるべく人の顔を見ないように歩いて、ラウンジまで行く
空港	ターミナル	海上交通の玄関口である「新みなとターミナル」「鯨瀬」ターミナルが位置し、また佐世保駅が隣接しており、佐世保市の経済、文化等の拠点地域となっています
乗り物	ターミナル	早速支度を整え、ケーブル駅へと向かい、少しの待ち時間にて美女平へと乗車(約7分)、登山バス(アルペンルート)も連絡しており直ちに発車(50分)、弥陀ケ原・天狗平・雪のない大谷を経て室堂平ターミナルに到着したのは、12:15でした
その他	ターミナル	前回の打ち上げリハーサルでは緊急脱出訓練などが行われ、今回の打ち上げリハーサルであるターミナル・カウントダウン・デモンストレーション・テスト(TCDT)は今後2日間にかけて行われ、地上の管制要員と共にオレンジスーツの確認や仮想カウントダウン、シャトル着陸訓練機(STA)による着陸訓練などが行われる
空港	ターミナル	株式会社JALスカイ東京(ジャルスカイとうきょう)とは羽田空港(東京国際空港)第1ターミナルにてJAL、JTAの空港サービス業務を行う日本航空の子会社である
その他	ターミナル	NECの有田行男・モバイルターミナル事業本部モバイルターミナル事業部商品企画部マネージャーは「N702iDとほぼ同じくらいの時期にスタートしていました」と振り返る
空港	ターミナル	県は独自のブースを設け、建物内の移動距離が二十五メートルで済む国内初のビジネス機専用ターミナルや、成田空港と関西空港に比べ七−三割安い着陸料を説明
空港	ターミナル	今回は新港埠頭い建設された「新港ピア」をはじめ、「日本郵船海岸通倉庫」、「赤レンガ倉庫」、「三渓園」、「大さん橋国際客船ターミナル」、「ランドマークプラザ」、「運河パーク」の7会場で開催
その他	ターミナル	セメントターミナルの側線は機回し設備のない棒線であったため、朝方に青海駅(新潟貨物ターミナル駅)方面より来た列車は当駅で対向列車との上下交換のみを行い、通過していた
空港	ターミナル	米ノースウエスト航空が成田空港のターミナル内で、乗客の氏名などが記載された複数の業務書類を空港利用者に見える状態で廃棄し、第三者に持ち出されていたことが3日、関係者の話で分かった
空港	ターミナル	プレスリリースが出てから2週間も経ってしまったが、エジプト航空がスターアライアンスに加盟&建設中のカイロ空港第3ターミナルが同アライアンスのターミナルになるらしい
コンピュータ	ターミナル	このプログラムをテストするには、別のマシンからsshを使用してログインする必要があります(ウインドウの1つで実行されているプログラムがあると、「ターミナル」はGUIログアウトを保留するからです)
空港	ターミナル	過去の質問等いろいろ調べて、オークランド空港の国内線ターミナル→国際線ターミナルは約900メートル離れていて、20分おきにシャトルバスが出ているということや、オークランド空港到着後に乗り継ぎカウンターで出発の45分前までなら荷物のチェックインができることなどがわかりました
空港	ターミナル	交通: JR佐世保線佐世保駅みなと口出口→高速船・ジェット水中翼船新みなとターミナル港から大島馬込港行き約25分馬込港下船→徒歩約15分またはタクシー約5分
空港	ターミナル	今日の目的地である鳥羽水族館はフェリーターミナル目の前なので、フェリーから降りて水族館駐車場に入ろうとすると、反対側から来たaki家のDiscoとご対面〜
空港	ターミナル	両ターミナル間の移動につきましては、京浜急行のホームに沿って地下通路が設置されることとなっておりますが、地上には国際線ターミナルも含めました無料バスが巡回する予定となっておりますのでご利用頂きたく存じます
空港	ターミナル	同ターミナルを管理し新店の運営も行う日本空港ビルデングの広報担当者によると、「ファッションとスイーツの総合的なコラボレーションは羽田で初めて」だという
乗り物	ターミナル	これまで、鉄道事業者は「公共交通ターミナルにおける高齢者・障害者のための施設整備ガイドライン(昭和58年策定、平成6年改訂)」1)に基づいてブロックを整備してきたが、平成12年に「交通バリアフリー法(高齢者、身体障害者等の公共交通機関を利用した移動の円滑化の促進に関する法律)」とそれに基づく移動円滑化基準が施行されたことで、この種の施設整備に法的拘束力が課されることとなった
乗り物	ターミナル	都市から放射状に延びる路線はターミナル駅を離れるにつれ、利用客が減少していくのが通常であり、途中の駅で二つの行き先に分割して運転される例はあるが、南大阪線のように臨機応変な列車運用をしている路線は珍しい(他社では、JR西日本JR京都線・JR神戸線系統・阪和線・大和路線・奈良線、名古屋鉄道くらいである)
コンピュータ	ターミナル	」 : 「無料放送のテレビ朝日系列・テレビ東京系列を見るのにホームターミナルが必要なのに、有料放送のNHK衛星放送を見るのにホームターミナルが不要なのは
その他	ターミナル	出島のコンテナターミナルのコンテナの取り扱いについてお聞きしたいと思うんですが、まず出島でマイナス14メーターの水深の海上コンテナターミナルが今稼働していますけれども、このコンテナターミナルでの県として目標としている年間取扱量、大体このぐらいが目標なんだというようなその数値、どの程度に今、設定されているのか、お聞きしたいと思います
乗り物	ターミナル	神姫バスターミナルでも人気者でした 最後に、お世話になりました神姫バス株式会社の皆様、関係者の皆様本当にありがとうございました 『プリンセスバード』の時刻表等詳細はこちらを 神姫バス をはかた号は乗車当時京王帝都電鉄との2便体制だったので狙って乗れましたが
乗り物	ターミナル	市バスに乗ろうと思えば数百メートル先の大通りまででなければいけなかったし、交通費を安く上げたければ、ターミナル出口で待っている大勢のバイクタクシーたちとの値段交渉が必要だったのだ
その他	ターミナル	そして、電子的なターミナルを作りだし、インターネットに乗り入れるための機能とインターネット上の様々な機能を使用するためのソフトウェアと呼ばれる仕組みが必要です
乗り物	ターミナル	JR御殿場駅前や中心市街地など交通の発集地には、道路整備に合わせ、停車施設を始めとした交通ターミナル機能を持った交通結節点の整備を検討していきます
空港	ターミナル	ターミナルが分かれていること、地理的な問題(それにしても、羽田までの遠さにはびっくりしました)もありますが、一番感じたのは方向表示のわかりにくさ
空港	ターミナル	バンコクにある国内線中心のドンムアン空港で2日未明、ターミナル付近で爆発が起き、ここを占拠して座り込みを続けている反政府市民団体のデモ隊のうち、1人が死亡、20人余りがけがをしました
その他	ターミナル	ここから、タイ・ラオス国境の町ノーンカーイまで100Bのバスで移動する予定だったのですが、ターミナル内を写真をとったりとウロウロしていたら、バスが出てしまったようで、結局800B出してタクシーで行くことになってしまいました
空港	ターミナル	神戸市交通局の関連事業の実施を目的に昭和59年に設立されたものであるが、平成14年に神戸航空交通ターミナルの路線を引き継いでポートアイランド線の運行を開始し、バス事業を行うようになった
乗り物	ターミナル	私は営業部不動産グループという部署で、ターミナルビル、貨物施設等の不動産物件の管理、お客様(入居テナント)との工事日程等の調整、官庁への申請・届出といった業務を行っています
空港	ターミナル	英国の有名な建築家フォスター氏が設計、「単独では世界一大きい」ターミナルは広い、明るい、そこそこわかりやすい、SHOPのバラエティーが増えた、検疫・税関カードが廃止された、ラウンジが大幅にグレードアップ
空港	ターミナル	横浜市は国際コンテナターミナルが所有する物流倉庫「万国橋倉庫」(中区海岸通4)を、アート系企業や教育機関が入居・活動する事務所・スタジオに改修し、3月末に「創造空間 万国橋SOKO」としてリニューアルオープンすることを発表した
空港	ターミナル	それに、現在居なくなったバス関係の係員として、日航ターミナル(道庁前)や全日空支店(伊藤加藤ビル)などにいた荷物をトランクに入れたり、乗客人数をチエックしてバスを発車させる係があります
乗り物	ターミナル	*「留萌十字街」バス停(深川駅から徒歩3分)から道北バス・沿岸バス「旭川駅前」行き、または空知中央バス「旭川ターミナル」行きに乗車、「神居古潭」下車、徒歩2分
コンピュータ	ターミナル	クライアントにインストールして利用するだけでなく、ファイルサーバーやメディアサーバー、テレビサーバー、ターミナルサーバー、ウェブサーバーなど、Windows 7をどこまで使えるかを実際に試してみた
空港	ターミナル	総務企画委員会の方から空港ターミナルビルの外部監査の説明が終了した旨の連絡が入りましたので、我が委員会でも時間も時間ですので、所管事項の審査の途中ですが、説明を求めたいと思います
乗り物	ターミナル	宇部市交通局のバスはこのひとつ西の宇部新川駅をターミナルとしているが、サンデン交通や船木鉄道のバスはここを発着地(船木鉄道は、車庫の関係からひとつ東の市役所前まで向かう便もある)としている
空港	ターミナル	フェリーターミナルの建設で、これまでの北九州市の門司港を発着する遊覧飛行ができなくなったエス・ジー・シー佐賀航空(佐賀県)が新たな発着地を対岸の下関市に求めた
空港	ターミナル	マリンターミナルから出国口(ブルーケレン)間で乗り物を利用する場合、 バス・カナルクルーザー(有料、パスポートでの利用も可能)、有料でタクシーもあります
空港	ターミナル	その中でも、カストラップのターミナルビル拡張工事の完成に伴って、日本線(現在は成田線だけ毎日1便運航)を含めた長距離国際線のほとんどはコペンハーゲン発着となっている
乗り物	ターミナル	83年にすでに完成していたつくばセンタービルに続き、85年にかけて学園都市ショッピングセンター「クレオ」、つくばエキスポセンター、筑波メディカルセンター、交通広場(つくば交通ターミナル)などが次々と誕生した
コンピュータ	ターミナル	【0003】例えば、その利用分野の1つとして、検針用等に使用されるハンディターミナル機用の感熱記録体が挙げられるが、ハンディターミナル機を用いるシステム化の拡大に伴って、ハンディターミナル機の小型化と記録の高速化が促進され、その結果ヘッドに対するマッチング性、スティキング等の問題が新たに発生している
乗り物	ターミナル	5月26日 四国分水嶺踏破も全行程の半分を越え、山域も剣山山系から石鎚山系にと突入した、「とくとくターミナル」で四国の人達と合流、チャーターバスで徳島道=新宮=川之江〜大豊線を走り、笹ガ峰登山口に到着、準備体操後、土佐北街道(笹ガ峰登山道、参勤交代の道)を登る
コンピュータ	ターミナル	再発行申請を済ませてから約10日後、再発行申請で指定した再発行カードをターミナルに挿入し、「カード再発行」を選択することで、このカードに紛失したカードのデータ復旧を試みることが出来ます
乗り物	ターミナル	空港を過ぎバスはターミナルに入っていった、ターミナルは広いがバスも人も少ない、トイレに行くとスーパーマーケットみたいな入り口になっていて、三バーツ払って入った、ターミナルには沢山の奇麗な屋台も有り、バスの旅は食べる物には、不自由しない様だ、
その他	ターミナル	それで私自身はどうするかというと、windyさんの峠データベースでもオススメになっている鴻坂峠と藤越を通って大紀町(旧大宮町)のサイクリングターミナル(CT)まで50km強の予定です
乗り物	ターミナル	タクシーはターミナルの中には居ませんがターミナル入り口の ガソリンスタンドでいつも何台か待機しているのでそこで捕まえました このところ暑いのでメーターが壊れないように帽子被せているタクシー多いんですよ ちゃんと乗るときにメーターがリセットされているか確認しましょうね お昼過ぎにホテルに到着 そのままプールへ直行
その他	ターミナル	バルセロナ港湾当局はハッチソン社のバルセロナにおける現行企業体であるターミナル・カタロニアに対し、プラット桟橋建設・運営のための30年有効な許可を与えた
乗り物	ターミナル	名鉄岐阜バスターミナルEのりば、またはJR岐阜駅北口バスターミナル9番のりばから、黒野線(御望野[ごもの]行き他)にて「折立・平野総合病院前」下車(約30分)、徒歩2分
乗り物	ターミナル	日本有数のターミナル駅から歩いて10分という、とてつもなくアクセスのいいショバを、せいぜい地方の公民館の会議室を貸すかのようにひょいひょい貸してくれるので、アンダーグラウンドでは有名になりつつあるビルなのだ
空港	ターミナル	需要が伸び悩み、関西空港株式会社のきびしい経営状況が続くなか、総事業費一兆円近い第二期工事には「ムダな公共事業」との批判が強く、結局、旅客ターミナルなどの建設は先送りの形となり、問題山積のスタートとなりました
空港	ターミナル	たとえば大都市中心の近代的な拠点ターミナルが、東京の大井埠頭、名古屋の八田、大阪の鳥飼、福岡の箱崎といったところにつくられ、この拠点ターミナルと連携するサブ・ターミナル(コンテナ・デポ)がつくられ、そのうえに物資別発着基地が整備されていく
空港	ターミナル	長らく旧台汽客運(國光客運)のターミナルでしたが、同社が北門路に乗り場を移転させたため、統聯客運がその跡を継いでいました(現在は統聯客運も撤退した模様)
空港	ターミナル	世界規模のコンテナ船運航船会社では、トランジット時間の短縮、高い運航頻度及び低コストを武器に荷主に対し、サービスを提供することが余儀なくされ、これらの緒条件を実現するためにはコンテナターミナル・オペレーターに対し管理運営面の効率化が一層求められている
乗り物	ターミナル	なんばパークスはCITYからさらに南側に伸びた施設であるが、昔からミナミは高島屋をターミナルに心斎橋駅までの戎橋筋、心斎橋筋の直線に人の動線があるため、さらに南側に人を呼び込むのは容易なことではないと思う
空港	ターミナル	空港ターミナルに毎日住んでいれば、トランジット・ゾーンを出たり入ったりするフライト・アテンダント(旧スチュワーデス、‘スッチー’)の綺麗な女性たちとも顔馴染みになる
空港	ターミナル	シャトルバスで北京空港3号ターミナルまで来た人は、ターミナルの入口に航空会社が大きく書かれたボードがあるので、それを目安に中に入るとよいでしう
コンピュータ	ターミナル	Fedora CoreのターミナルがUTF8しか受け付けないみたいで、デ変研TEXTを改造してターミナル出力をUTF8にすることで、快適に日本語入力ができるのではないかともくろんでいます
空港	ターミナル	または大阪空港、南ターミナル北側、伊丹市営バス大阪空港バス乗場の「9番乗り場」より阪急伊丹経由線(25系統)に乗車、「阪急伊丹駅」にて下車、阪急伊丹駅にて伊丹市営バス阪急駅前バス乗場の「5番乗り場」より近畿中央病院前経由線(34系統)に乗車、「近畿中央病院前」にて下車
乗り物	ターミナル	●シャトルバスが、「リーガロイヤルホテル」と各ターミナル(JR「大阪駅」中央出口、地下鉄・京阪「淀屋橋駅」西詰)の間で運行しており、ご利用いただけます
空港	ターミナル	敷地内は国際線ターミナル、国内線ターミナルと分けられていて、その他「Eマート」といったショッピング空間もあり地域密着型の空港として親しまれています
空港	ターミナル	新設された新東京国際空港に国際線が移転した後も、国内線の需要の急激な増加が続いたため、手狭なターミナルと2本(交差しているため同時使用はできないので、事実上は1本)の滑走路では、首都空港としてのキャパシティは既に限界を超えていた
空港	ターミナル	帰省や東京への旅行で、羽田空港を利用する人が多くなるこの季節、「銀座マキシム・ド・パリ ケーキショップ 羽田空港第2ターミナル店」では、8月4日(金)から同店限定スイーツ「エアー・ショコラ」を販売します
空港	ターミナル	観光庁や観光・航空関係者でつくる「空港を活用した国内観光振興プロモーション実行委員会」は、羽田空港旅客ターミナル内のスペースをプロモーション用に15地域の観光団体に無償で提供する
空港	ターミナル	26 プレシャス撮影会 in 晴海客船ターミナルにて玲華さんの場合、たいていは全身写真が多いのですが、途中から、久しぶりにアップに切り替えました
空港	ターミナル	7月18日稚内よりフェリーで礼文島を観光し利尻島も定期観光バスにて観光し、ターミナルに着いたら何も連絡していないの迎えに来ていたことは、本当にうれしかったです
その他	ターミナル	ちょっと大き目の会議室でPCを使いながら講義やプレゼンをした後オールドマーケット近くにある社の指令センターを見学したり、オマハのターミナルを視察します
空港	ターミナル	これにより、フェリヘジ発着(第1ターミナル)の同社路線は、バルセロナ、マドリッド、ナポリ、オスロ便が新規に運航することになり、9カ国16都市に拡大する
乗り物	ターミナル	バスの場合、出発側のターミナル駅(または停留所)である始発駅(始発停留所)から出発することを指す始発と区別するために初電(初バス)、初発、一番列車
空港	ターミナル	もちろん自衛隊機側の滑走路から旅客ターミナルまでのタクシーウェイを増設しなければ行けませんが、2本の滑走路を離陸、着陸の両方で使うよりも2本の滑走路を離陸専用、着陸専用にしたほうが、よっぽど安全な気がします
乗り物	ターミナル	山陽本線宇部・新山口方面、山陰本線、そして関門トンネルをくぐる九州方面への列車が発着しており、かつてほどの栄光はないものの山口県屈指のターミナル駅の一つです
空港	ターミナル	一方、空港内では、羽田の施設運営会社、日本空港ビルデングが、第1ターミナルに洋菓子、和菓子のスイーツブランドをそろえた専門店のオープンをすでに発表している
空港	ターミナル	国内民間航空会社のその飛行機は、航空会社の費用が嵩むからという理由でターミナルから離れた場所に止まっており、ボーディングブリッジを通って機内に入るようなわけにはいきません
乗り物	ターミナル	なお、本ターミナルは北仙台発便のみ乗車取扱を行い、それ以外の全系統及び北仙台着便は北仙台停留所のみを経由し、ターミナルへの乗り入れは行わなかった
乗り物	ターミナル	福岡市は地下鉄とバスが事業主体の違いから競合関係となっており、地下鉄と並行するバス路線も多く、相互乗り換えの煩わしさを嫌う利用者からは好評であるが、その反面、都心と郊外を結ぶバス路線に比べて地下鉄接続を主目的としたバス路線の運行本数は概して少ない、乗り継ぎ用ターミナルの未整備、乗り継ぎ運賃制度の不備など、地下鉄とバスの連携性の悪さにもつながっている
空港	ターミナル	空港ターミナルでバス転落、2人死亡11人負傷 韓国 2009年5月30日12時34分 【ソウル=箱田哲也】韓国の通信社、聯合ニュースによると、30日午前9時5分ごろ、 ソウル近郊の仁川国際空港の旅客ターミナル3階(出港口)に向かっていたバスが約3メートル下に転落した
乗り物	ターミナル	公共交通機関としては、三原駅をターミナルとする広域的なバスネットワークが形成され、山陽自動車道を利用する高速バス路線も運行されているほか、JR山陽新幹線とJR山陽本線・呉線による鉄道網が形成されています
空港	ターミナル	港湾関係者たちは、ターミナル運営企業とタグボート労組のストライキにより昨年末の港の運営に支障が生じたにも関わらず船積出荷量が2億トンを超えたため、これは更に意味のある成果であると口をそろえた
その他	ターミナル	ポートアイランドのPC18ターミナルで、これまで平日が午後4時30分まで、土曜日は午前11時30分までとなっていたゲートオープン時間について、実験では平日、土曜日ともに午後9時までフルオープン対応する
空港	ターミナル	今回のスピルバーグ監督の「ターミナル」は、この人物の置かれた状況を使いながら、それに、このビクターのアメリカに対するある「想い」(これが、ラストシーンの感動につながっていく)を絡めて、上手く作品としてまとめている
乗り物	ターミナル	東京都心の繁華街の一大ターミナルである渋谷駅から郊外の住宅地域を経て中央林間駅を結ぶ純粋な通勤・通学路線であり、東急東横線 東横線と並ぶ東急の基軸路線である
乗り物	ターミナル	梅田や難波に比べてターミナルとしては貧弱でしたが、昭和32年の近鉄百貨店改装と、昭和37年の天王寺民衆駅(国鉄時代に民間資本を使って作った駅ビルをこう呼びました)建設で面目を一新しました
乗り物	ターミナル	キタに巨大なターミナル駅(大阪駅)が建設され、大阪の中心がキタへと移っていったこと、通天閣の建設と同時に「新世界遊郭」「飛田新地」などの遊郭が設置されたこと、それによる風紀の乱れなどを嫌って、博覧会と同時にこの地に移り住んでいた富裕層が阪神間に移住してしまったことなどが理由でした
空港	ターミナル	成田空港第2ターミナルホテル送迎用バス停40 viewsヒルトン成田へは京成成田駅からもバスが出ていますが、この日は雨がひどく野外のバス停で荷物抱えて待つのはつらかったので、空港まで電車に乗り、送迎バスを利用することにしました
乗り物	ターミナル	ホーム交流会恒例のビールパーティーが、第1期の講座も修了した7月7日(土)にターミナルホテル ビアガーデンにて開催され、ホーム利用者、教室の講師の先生、ホーム関係者併せて34名が参加しました
乗り物	ターミナル	都心部との交通手段として東京モノレールと京浜急行線がターミナル直下に乗り入れるほか、リムジンバスが都内、都下の主要駅や主なホテル、近隣県の主な駅との間を結んでいる
その他	ターミナル	このうち、グレー部分の24社が一地域を越えて世界的にコンテナターミナルの運営(経営権を含む)を展開しているオペレータであり、いわゆるメガオペレーターと称されるオペレータである
コンピュータ	ターミナル	Logical Unit (LU)のアドレスによるSNAのデバイスプライオリティ設定によって指定されたデバイスが(弊社販売代理店ターミナルのような)他に先んじて優先順位をつけられるようにします(たとえば、プリンタか管理上のターミナル)
その他	ターミナル	それで、英語があまり得意でない人間の中に、F氏の言葉を信じてターミナル5に 行って呆然としてしまう奴が出ないかとちょっと心配したのであるが、みんな無事にターミナル1にやってきたのであった
空港	ターミナル	民主主義市民連合により封鎖され運用不能状態に陥っているスワンナプーム国際空港の出国ターミナル付近で「スワンナプーム国際空港の出発ターミナル側で3発の爆発音が聞かれ、デモ隊の間に一時緊張が走った
乗り物	ターミナル	ターミナル駅付近の百貨店自体も、お土産の品数を増やしたり立ち寄りやすさで存在感を増す駅構内の商業施設「駅ナカ」に対抗、集客率アップに注力している
空港	ターミナル	自身も、以前第2ターミナルビルの展望台から見たことありましたが、jun_koさんの写真アングルから見ると、工事地区の展望台までいかれたのですね~
乗り物	ターミナル	ミニバスターミナル構想とは、現在のJR浜松駅を中心とした放射状に形成されたのバス路線を、幹線と支線に機能分担し、それらが接続する交通結節点となる箇所(大型商業施設、病院、駅等)にミニバスターミナルを設けるものです
乗り物	ターミナル	特に線路の複線化は凄まじく、僕の生まれた頃には1路線しかなかったにも関わらず、僕の第二次性徴が始まる頃からどんどん増えていき、今では5路線も保有する県内でも屈指のターミナル駅となっている
乗り物	ターミナル	現在、大阪と京都を結ぶ阪急は、大阪側のターミナルとして梅田がありますが、戦前は天神橋筋六丁目(当時は天神橋)がメインターミナルで、特急も天神橋から主に出発していました
乗り物	ターミナル	オムニバスタウンの整備、パークアンドバスライド等の交通システム整備のほか、ターミナル等施設整備、バス走行環境改善システム等の整備に係るバス利用促進等総合対策事業の所要額確保と補助制度の拡充を図ること
コンピュータ	ターミナル	【請求項14】 データ入力によってDSPを初期設定するエミュレーション回路を含んだISDN回路を備えた、顧客家屋にあるターミナル装置との電気通信を可能にする目的で電気通信網との無線通信を可能にする、顧客家屋に設置される請求項9に記載のアクセス装置を有することを特徴とする狭帯域/広帯域情報分配ネットワーク用アクセスディレクタインターフェース
その他	ターミナル	親機コードレス◆テブラで話せるインターホン機能◆漢字表示&ドデカ文字・子機:最大4台まで増設可能(親機含む)・ドアホン接続:対応・SDメモリーカード:非対応 / ※ドアホンを接続の場合は、電話・FAXに対応したターミナルアダプターと玄関子機が必要です
乗り物	ターミナル	上芭露線(遠軽~遠軽自衛隊~上芭露) 都市間路線高速えんがる号(直行便) (中湧別文化センタートム~上湧別役場~遠軽~丸瀬布~白滝~札幌駅前ターミナル) 高速えんがる号(旭川経由) (遠軽~丸瀬布~白滝~上川~愛別~当麻~旭川~高速~札幌)
乗り物	ターミナル	阪神流通センターは1970年代後半に中国道・西宮北IC近くに造成された工場・トラックターミナル・倉庫施設などを集積した団地で、阪神地区の物流拠点になっている
乗り物	ターミナル	中央バス岩見沢ターミナルJR岩見沢駅・中央バス岩見沢ターミナルを中心に、岩見沢市内や周辺市町村(三笠市・美唄市・新篠津村・奈井江町等)から札幌方面等への乗換地点として重要な位置付けとなっている
空港	ターミナル	それにしてもこの混雑は最近欠陥工事で崩落したターミナルEの出発便が行き場を失い、そのしわ寄せが他のエールフランスのターミナルビルに来ているのが理由だと確信
乗り物	ターミナル	今後は、旅客の利便性を図るため、主要駅ターミナルや市役所、病院などで、運行状況をLEDの文字で案内する表示機を設置し、利便性の向上を図りたい考えです
乗り物	ターミナル	これまで、鉄道事業者は「公共交通ターミナルにおける高齢者・障害者のための施設整備ガイドライン(昭和58年策定、平成6年改訂)」に基づいてブロックを整備してきたが、平成12年に「交通バリアフリー法」とそれに基づく移動円滑化基準が施行されたことで、この種の施設整備に法的拘束力が課されることとなった
乗り物	ターミナル	キタ(梅田)やミナミ(難波、心斎橋)に押されがちな「アベノ」だが、近畿日本鉄道もターミナルビルの超高層化計画を打ち出し、“大阪第3の街”の姿は数年のうちに一変し、存在感が高まりそうだ
乗り物	ターミナル	2006年の公務員住宅線短縮や星久喜線延長に際し、当該路線のみ「稲51」・「千21」のようにターミナル駅側の記号を用いた方式に変更され、2008年4月の本社移転の際に全ての路線に系統番号が付与された
乗り物	ターミナル	HEPファイブや阪急三番街の他、新阪急ビル、梅田阪急ビル、阪急グランドビル、阪急ターミナルビル、アプローズタワー等、関西を代表する人気物件に携われるのは、大きな魅力
空港	ターミナル	もう報道等でご存知の方もたくさんいらっしゃるかと思いますが、25日(火)夜、タイ・バンコクにありますスバナプーム国際空港の一部ターミナルが反政府派によって占拠され、国内線・国際線とも運行中止に追い込まれました
空港	ターミナル	しかし、その後は航空機の増便、大型化にともなう騒音公害の解決策として国際線は分離し成田移転、更には昨今の東京国際空港沖合い移転による空港機能拡充整備の段階で馴染みの深い旧ターミナル施設など跡形もなく消滅しました
乗り物	ターミナル	路線バスが威海バスターミナル(威海汽车站)直近のバス停「火车站(別称:汽车站)」からフェリーターミナル近くのバス停「海港客运站(別称:大地保险)」へ運行されています
乗り物	ターミナル	ターミナル沿いに設置されている1〜3番のりばにはそれぞれ1台ずつしか停車出来ず、多くのバスを捌く関係上、ターミナル北の道路上にある26・27番のりばで乗車扱いが行なわれることもあるが、阪急バス・京王バスの大阪梅田行き便については1〜3番のりばのいずれかで乗車扱いをするという(当日のバスの運行状況や誘導状況によって、乗車扱いするのりばが変わるため)
空港	ターミナル	2007年06月28日 [削除] 神戸新交通ポートアイランド線 中公園/ポートターミナル/貿易センター/三宮が重複していましたので削除しました
空港	ターミナル	1998年に完成した上海浦東国際空港は、フランス国営企業がターミナルビルの設計・建設を担い、滑走路をはじめとした多くの空港施設は、日本企業の建設JVが担当したものという
空港	ターミナル	福岡と韓国・釜山を結ぶJR九州の高速旅客船「ビートル」の乗客数が20日、就航11周年を目前に通算150万人を突破、発着港の博多港国際ターミナル(福岡市)で記念行事が行われた
乗り物	ターミナル	神姫バス姫路駅北ターミナルから31、32番系統に乗車 →飾西郵便局前で下車し南へまたは「北条町」駅前から、神姫バス利用、 「大和」行きに乗車、「中富口」バス停下車、徒歩3分 40分歩いて、北条鉄道「北条町」駅へ
空港	ターミナル	平成15年6月24日、中部地方整備局、静岡県、静岡市主催による清水港新興津コンテナターミナル供用開始の式典が地元衆議院議員をはじめ350名余の方々の出席を得て盛大に行われました
乗り物	ターミナル	大宮はターミナル駅ですので、あっちの路線に乗れば希望に満ちた10年前の自分に、こっちの路線に乗ればビジネスの最前線にいた3年前の自分に、不思議と会えそうな気がしてくるのであります
空港	ターミナル	町田ターミナル発は[町24]がいまだにメインであるが、山崎団地発の土曜・休日午後は町田街道の渋滞を嫌ってか、境川団地経由の[町15]がメインとなる
空港	ターミナル	県では、いわて花巻空港新ターミナルへの案内について、利用者にわかりやすいように標識を改めることで、平成21年5月中旬から岩手河川国道事務所(国道4号管理者)、花巻市(市道管理者)、公安委員会及び地元関係者と調整を行い、周辺住民の方々への説明会の結果を踏まえ、国道4号や空港周辺の県道など、新ターミナルに通じる道路案内標識を改善することとしました
空港	ターミナル	ターミナル2Fのアメリカンエキスプレスの両替所のお姉ちゃんも、エールフランスバスの切符売り場のおっちゃんも、ところどころに仏熟語を交ぜるともっと親切になった
空港	ターミナル	このように、旧ターミナルはボーディングゲートがなく、バスセンターの上の2階に待合室があるような構造になっているので、コンパクトで、ドバイ空港のように長い距離を歩く(または動く歩道)ことはありません
乗り物	ターミナル	バスの出発時間午後4時56分まで時間があったのでこのターミナルにある無料の温泉に入ろうとしたところ午後4時までとのことで温泉にも入ることは出来ませんでした
その他	ターミナル	ターミナルでは、和太鼓が鳴り、沢山の人に見送られながら、日本からの出港もこれが最後かと思うと、様々な思いで胸がいっぱいだったのではないでしょうか
空港	ターミナル	鍋田ふ頭コンテナターミナルは、1997(平成9)年4月からの1バースでの供用を経て、2001(平成13)年4月から連続2バースとして一体供用を開始し、2009(平成21)年4月には、増大した貨物に対応するため、第1バース東側にヤードを拡張整備しました
空港	ターミナル	・開港以来まだ一年にもならないが、2002年には航空機係留場の不足が、 旅客ターミナルは2005年に、滑走路は2008年にそれぞれ飽和状態に なることが想定されている
その他	ターミナル	アンカラのオトガルは数年前に広々とした用地に広々とした設計で建てられた非常に合理的なターミナルで、それに比べるとイスタンブールのオトガルは完全なる失敗作としか言いようがなかった
空港	ターミナル	よつ葉乳業株式会社(社長 堀部 一郎)では、よつ葉ブランドでのソフトクリーム展開を図る一環として、三本コーヒー株式会社(本社 神奈川県横浜市)様が新千歳空港国際線ターミナル内で営業中の「MMCオーガニックカフェ」にて「よつ葉ソフトクリーム」のブランド名を表示(店頭でのバナースタンド設置)し、各種ソフトクリームメニューを展開中です
空港	ターミナル	京急は2009年12月に予定されている羽田空港国際線ターミナルビル開業に合わせて、新ビルの地下(現在の羽田空港駅と天空橋駅の間)に新駅「国際ターミナル駅(仮称)」を建設
乗り物	ターミナル	立山黒部貫光では10月14日の鉄道の日と立山黒部アルペンルート全線開業35周年を記念して、立山駅と室堂ターミナルで13日から3日間限定の駅弁を2種類各50個、1000円で販売しているようです
乗り物	ターミナル	◆あし/中央バス札幌ターミナルより「急行厚田行」乗車、「厚田支所」下車、徒歩約10分 また、公園管理センター2階の「郷土資料室」が一般開放(月曜定休)されているので、厚田の歴史に触れることも可能です
乗り物	ターミナル	各都市には主要路線のバスが必ず経由するようなメインのバスターミナルが最低一つはあるが、そのようなターミナルが必ずしも日本のように駅前にあるわけではない
空港	ターミナル	ただし国際線が運行できたとしても国際線の航空機は国内線に比べて長い滑走路を必要とするため、沖合に展開した3500m級の滑走路を使用することになり、国際線の出発時や到着時に滑走路とターミナル間の距離が長くなってしまうことになる
空港	ターミナル	【マニラ新聞特約19日】マニラ国際空港第3ターミナルで3月末に起きた天井崩落事故で、運輸通信省(DOTC)のカスタニャレス次官補(計画・開発担当)は18日、施工責任業者の竹中工務店代表と会談し、竹中側が同ターミナルの崩落部分と新バコロド空港(西ネグロス州シライ市)の欠陥部分の修理費用を全額負担することに合意したことを明らかにした
乗り物	ターミナル	具体的な計画としては▽高速旅客輸送網の整備▽路線網構成の改善▽石炭輸送路線の建設強化▽コンテナ輸送システムの整備▽主要ターミナルの建設強化とさ れている
乗り物	ターミナル	新宿・池袋・渋谷の3駅は(以下「3駅」と記す)複数の私鉄路線のターミナル駅でもあるため、私鉄・JR間の乗り換え利用者が多いが、当駅は東京地下鉄丸ノ内線を除く私鉄の路線が乗り入れておらず、JRの中・長距離線を中心としたターミナル駅であり、JR各線間の乗り換えがほとんどで、改札を出ないので乗車人員にカウントされないこと(特に中・長距離旅客にとって東京の出入口的役割が強く、駅周辺に出入りする人は少ない
空港	ターミナル	この事業につきましては、これまで2回ほど開催をしてきたわけですけれども、その内容を見てみますと、山形空港のターミナルを会場にしまして男女ほぼ同数の200名以上が集っているという状況であります
乗り物	ターミナル	品川は元々JRのターミナルであった事に加え、近年は港南口の大規模再開発、 東海道新幹線駅の開業、京急線羽田直通化もあってビジホ需要が激増している
空港	ターミナル	第1ターミナルには、このほかにも出国審査後のエリア(第5サテライト、第4サテライト)に「キッズパーク」というプレイエリアが2ヵ所ありますが、この「プレイルーム」のほうが規模が大きく、設備も整っています
その他	ターミナル	OTの隣に建っているサイロは、もと日本飼料ターミナル(株)の施設 で、複合ターミナルの一環として設けられたが、思うように稼働せず、会社は先年解散し た
乗り物	ターミナル	JRバスへの乗り継ぎルートと時間を示した案内が駅にありますが、JRバス以外にも中央バスも利用できます(中央バスの滝川ターミナルは滝川駅前にあります)
空港	ターミナル	航空管制業務は、大きく分けて次の6つの業務からなり「航空交通管理管制業務」、「航空路管制業務」、「飛行場管制業務」、「進入管制業務」、「ターミナル管制業務」及び「着陸誘導管制業務」に分類されます
空港	ターミナル	新千歳空港ターミナルビル屋上の展望デッキでは、各国首脳が乗る特別機を見られると期待していた航空機ファンも多く、札幌市西区の男性会社員(38)は「知らなかった
空港	ターミナル	ソウル市内まで所要60分)、市内バス(仁川市内へ向かう路線バス)、市外バス(ソウルの主要地域や近郊都市への路線)、空港鉄道(仁川空港と金浦空港の間で運行、所要時間 直通特急で28分 / 普通電車で33分)、タクシー(ソウル市内まで60分、金浦空港まで40分)、空港内循環バス(空港ターミナルや駐車場を繋ぐ無料バス)
空港	ターミナル	また、成田空港第2ターミナルや関西空港、中部国際空港などへの配送をご希望の方は、各空港内のヤマト運輸カウンターにて携帯電話をお受け取りいただけます
乗り物	ターミナル	全国屈指のターミナル駅だが、JR横浜駅は地理的構造上引上げ線を持たないため元々始発列車は殆ど無く、現在も臨時特急はまかいじ号(但し桜木町まで回送している)および成田エクスプレス(同大船まで回送)程度
乗り物	ターミナル	山手線だって、遅れが生じて運行間隔が不均一になったら、遅れた電車を快速にして、渋谷、新宿、池袋など主要ターミナル駅の間の駅は飛ばすようにしたらよいのだが、この合理的な運行方法日本では無理なのだろうか
コンピュータ	ターミナル	これらすべての設定が済むと、ターミナルで簡単なコマンドを使って母のコンピュータに接続すれば、暗号化された SSH トンネルを開通させることができる(興味のある方のために、コマンドを以下に記した)
コンピュータ	ターミナル	「指紋情報メンテナンスソフトウェア」によりターミナル本体に登録されたデータのパソコン側へのバックアップ及びバックアップデータのターミナル本体へのリストアができます
空港	ターミナル	※羽田空港第1旅客ターミナルから各方面行きをご利用のお客様は、到着ロビー内案内所(リムジンバスチケットカウンター)または自動券売機であらかじめ乗車券をお求めの上、のりばまでお越しください
乗り物	ターミナル	電車:JR山形新幹線「山形」駅下車山交バス蔵王温泉行き約40分「蔵王温泉ターミナル」下車徒歩約10分またはタクシー約3分 お車:山形自動車道「山形蔵王IC」より国道13号線県道西蔵王高原ライン線約20km約30分 送迎あり:蔵王温泉駅より時間7:00〜21:00(随時)バス停より要連絡
その他	ターミナル	地下鉄に乗り込んだのが2時40分、3時15分過ぎにはどうやら大使館にたどり着き、肝心のパスポートを受け取り、刑務所のような大使館を出たのが3時20分、地下鉄に3時30分に乗り込み、お土産にとBTSのモーチット駅で、チャイヤプムにはない「ヤマザキ」のパンと和菓子を買い込み、モーチットのターミナルに着いたのが4時過ぎ
乗り物	ターミナル	まぁ、下飯田・汲沢方面の立場バス停は28日までも戸塚営業所の建物の横ですが、いずみ野駅発立場ターミナル行きは立場駅バス停に停車してから終点のターミナル(実は旧戸塚営業所の建物の北側)に至ります
空港	ターミナル	調布飛行場コミュニティー施設説明会が7月22日に紅葉丘文化センターで開催され、地元自治会長5名が参加し、都からの説明では、コミュニティー施設はターミナル施設と一体で建設され、展望展示室、集会室兼会議室、多目的ホールなどであります
その他	ターミナル	交通エコロジー・モビリティ財団 アメニティターミナルにおける旅客案内サインの研究委員会 編著:「交通拠点のサインシステム計画ガイドブック」、交通エコロジー・モビリティ財団、1998年(平成10年)3月
乗り物	ターミナル	同社が東京都など首都圏で発行しているタウン情報誌「ぴあ」(現・「Weeklyぴあ・首都圏版」)と連動する形で、スポーツ・映画・演劇・音楽コンサートなどの各種イベントの入場券を首都圏各地のターミナルなどに展開するとともに、購入者に優待特典などをつけた会員制度「PIAカード」(現在は「@ぴあプレミアムメンバーズ」)も開始
空港	ターミナル	また、1996年から1998年まではフィリピンのマニラに赴き、マニラ空港第2ターミナルの監理においてもレジデント プロジェクト マネージャーを務める
その他	ターミナル	京都都ホテル(蹴上)、PLAZAホテル(つぶれました)、新阪急インターナショナル、日航ホテル関空、ロテル・ド・比叡(旧比叡山ホテル)、守口プリンス(現・ロイヤルパインズホテル)、宝が池プリンス、大津プリンス、橿原ロイヤルホテル、ロイヤルパインズホテル(海南)、和歌山ターミナルホテル、YAMAHAリゾート合歓の里ほか
その他	ターミナル	シアトルのパブリックマーケットも好きだし、フィラデルフィアのリーディングターミナルのパブリックマーケットも好きですだ♪あそこで売ってたクッキーがでっかくて美味かったし、アミッシュ独自の食料も売ってたし、そんな雰囲気に惹かれますた
空港	ターミナル	今回はその新しいターミナルからグアムへ出発 まだ時間が早いせいか人影はまばら・・・ 長い通路を歩いて行くと〜 出発フロアへ到着 新しいターミナルを見学した後、グアムへ出発しました
空港	ターミナル	ターミナルからやや離れたエプロンに駐機しかけた機内では、飛行機が止まらない内に蜂の巣を突っついたように騒がしくなり、我先と後部と前部の出入り口に向かっています
空港	ターミナル	273個に小分けし、半日かけて飲み込んだという=成田空港第2旅客ターミナルビル記者室(平田浩一撮影) 大麻樹脂を日本に持ち込もうとしたとして、東京税関成田支署と千葉県警成田空港署は、関税法と大麻取締法違反の疑いで、川崎市高津区下作延の自営業、佐藤信孝容疑者(41)を逮捕
コンピュータ	ターミナル	ターミナルのコマンドラインを使ってnapのon/offを切り替える方法も有るらしいので、デベロッパーツールをインストールしたり、良く分からないものをシステムに組み込まれるのに抵抗ある方はコマンドラインから行う方が良いかも知れませんね
その他	ターミナル	このことは、アルスターとスコットランド間の横断時間が短縮され、ベルファストの新ターミナルの工事が完成する2005年半ばまでには更に短縮化が進むことを意味することとなる
その他	ターミナル	該皮膚と、該貯蔵器の第二面との間に二つのターミナルを配した構成で、電源の該一方のターミナルから該貯蔵器と該皮膚を介し該電源のもう一方の該ターミナルにまで及ぶ電気回路を形成する該電源から電位を印加するステップから成ることを特徴とする請求項1に記載の方法
空港	ターミナル	AENA社は同日IBと同社のフランチャイズのエアー・ノストラム及びBAなどのワン・ワールド加盟会社の空港業務を第4ターミナルビルに移転させる決定を確認
乗り物	ターミナル	また、マドリッドへの帰りのバスも同じターミナルから出発しますし、アランフェスからカンポ・デ・クリプターナやコンスエグラなど、ラ・マンチャの各地方へのバスもここが基点となります
コンピュータ	ターミナル	今までの専用ターミナルはバージョン管理も大変で、住所変更や郵便番号変更に伴うデータベースの変更も月1回、すべて手動でダウンロードして設定していました
乗り物	ターミナル	私はバスが動いている様子がない旨を伝え、幸いタクシーはターミナルに溢れているので、一緒にタクシーに乗ってみんなで割り勘にすれば安く上がると提案した
その他	ターミナル	がん診療・研究の現状と将来、がんの疫学、がんの疫学、がんの診断と治療、がん看護総論、術後のリハビリ、化学療法患者の看護、放射線治療患者の看護、ターミナル・ケア、家族へのケア、疼痛の緩和、インフォームドコンセント等がんの専門看護の技術修得を目的とする課程
空港	ターミナル	うまっ 店名:新宿アカシア(羽田第2ターミナル店) 名物は「ロールキャベツ」ですが川田騎手のお父さんは佐賀競馬場の川田孝好調教師ですが、元々は大井の騎手だったこともあり、その時は宮浦調教師の弟弟子だったそうです
乗り物	ターミナル	駅のアクセスも便利で早稲田から新宿西口駅まで6分、東京駅へ14分、渋谷駅まで15分とターミナル駅に行くのもとても便利ですペット可なのも嬉しい特典☆この機会是非♪
空港	ターミナル	このほか、 バーミンガム・インターナショナル駅とバーミンガム空港ターミナルの間に、 この国では珍しい monorail が最近走り出した (ロープ駆動のシステム
乗り物	ターミナル	今日はLABI千里に行ってきました(^u^)阪急バスのターミナルが大きくて何本も何本もバスがやってくる\(◎o◎)/とてもすごい量でカメラでたくさん写真を撮りました
コンピュータ	ターミナル	しかし会社などの業務用コンピュータは再び高性能化、大型化が始まり昔のUNIXのターミナルのようなワークステーションのようなスタイルに戻っていくと思う
乗り物	ターミナル	ここからは、本当にいろいろなところとバスが往復しているようで、とても大きなターミナルで、乗り場を探し、チケットを買いに行くのもかなり迷いました
空港	ターミナル	成田で全日空へ乗り継ぐには{入国手続き+荷物の受け取り+通関+ターミナル間のバス移動+国内線の搭乗手続き}を累計すると、ほぼ2時間は掛かるからだ
その他	ターミナル	6月13日(土)菊陽町総合交流ターミナルさんふれあ前広場で、耐震施工相談やリフォームについての相談を気軽にしてもらおうと、熊本県建築労働組合菊陽分会(村上秀幸分会長)主催の住宅デーが開催されました
空港	ターミナル	更に人質が監禁されていた旧ターミナルビルでは、ハイジャック犯4人を含む合計10人が突入部隊に応戦したんじゃが、その内の7名は銃撃戦で射殺され、残る3人は捕虜として拘束されたらしいぞヨ
乗り物	ターミナル	そこで京阪は高速別線を淀川の向こう側に建設してスピードアップを図ることを計画したが、大阪、京都両方共に京阪線に合流する計画だったために認可が下りず、結局京都側ターミナルは四条大宮(現在の大宮)として一応認可は下りたものの、大阪側のターミナルは未定のままで「別途設けよ」という命令書がついてしまった
空港	ターミナル	釜山駅や国際旅客船ターミナルからはタクシーで7分、釜山の金海空港からは車・バスで30分の距離にあります(蛇足ですが、大分県大分市の駅前にもコドモホテル(Comodo Hotel)という名前のビジネスホテルがありますが、釜山のコモドホテルとは特に関係はないみたいです)
空港	ターミナル	スピルバーグ監督のヒューマン・コメディの秀作「ターミナル」の中で、チャーミングなトレッキーの空港職員が絶賛していたのが、この「宇宙の巨大怪獣」だった
空港	ターミナル	主力の物流事業は、中国・アジア地域に重点を置いて海外展開を加速する一方、高品質の在庫・入出庫管理に基づく配送センター業務や高効率のコンテナターミナル業務の拡充により国内の事業基盤を [続きを読む]
乗り物	ターミナル	(1)アメニティターミナルとして整備されていない鉄道駅等において、車いす使用者の垂直移動や視覚障害者の案内・誘導、高齢者への介添え等を行う「運輸交通事業におけるボランティア」の活用の可能性と支援方策についての調査検討を行うことにより、人にやさしい交通体系の実現と高齢者・障害者の移動の円滑化に寄与した
乗り物	ターミナル	それ以降なら、駅前の道路を渡ってすぐの道北バスの駅前ターミナルから、9:30発 14番 末広6条11丁目行きか、9:35発73番 秋月橋循環 1条8丁目行きに乗ってください
コンピュータ	ターミナル	通常 ハンディターミナルと POSの連動をおこなう場合は、システム開発が必要となりますが、「BCPOS」の標準仕様ハンディターミナルには、「バー取る君」のプログラムが無料でインストールされています
空港	ターミナル	まあ自分の重すぎる体重と普段の慢性運動不足もタタってるせいやろけど・・結局帰りは飛行機で、まだ出来てまなしの羽田第二ターミナル(ANA)から、伊丹まで爆睡しながら帰ってまいりました
その他	ターミナル	ここの活用をして人がたくさん集まってもらえるような、そういうことをすれば、町のためにもなるし、ターミナルエイトのテナント誘致にも役立つ、そういう幅広な視点で市民広場の活用をぜひお願いしたいと思います
空港	ターミナル	これはシャルルドゴール空港に16年間暮らしている人物の実話であり、この人物が、トム・ハンクス主演で映画化された「ターミナル』のモデルだと書かれていました
空港	ターミナル	空港側は、成田空港開港以来初めて一般客の到着ロビーへの入場を一時規制し、第2ターミナル前の中央広場にファンを誘導して、そこでスンホンと対面させるという異例の措置をとったとか
空港	ターミナル	正体不明の男7人が2009年9月30日16時過ぎ、チェックイン受付中のスカルノハッタ空港1Bターミナルスリウィジャヤエアーチェックインカウンターに殴りこみ、ひとを襲わずガラスやコンピュータを破壊して逃走
乗り物	ターミナル	──また、町田は、町田駅/町田バスセンター以外に、藤の台団地や山崎団地センターをハブターミナルにした、幹線輸送&フィーダ輸送のスタイルでバス路線を組み直したら、けっこう効果的なのではないかと思うんですけどね
空港	ターミナル	セイコーは2006年5月26日、成田国際空港第1旅客ターミナルビルのリニューアル開業に合わせて、同ビル4階新南ウィング出発ロビーに幅約9mの大型世界時計を設置したと発表した
乗り物	ターミナル	CTM(国営バス)に乗ったときには、時間通りに出発するしバスもターミナルもきれいだし、モロッコはなかなかたいしたものだと思ったが、民間バスは他の途上国と同じく古いポンコツであり、バス乗り場の草っぱらの広場のようなところなのだった
その他	ターミナル	福岡貨物ターミナル駅(ふくおかかもつターミナルえき)は、福岡県福岡市東区箱崎埠頭2丁目3番2号に駅事務所を置く日本貨物鉄道(JR貨物)の貨物駅である
空港	ターミナル	第2コンテナターミナルの整備も計画されているが、ムンバイ—JNPTと同じく、隣接するエノール港をバックアップとしてコンテナも取り扱えるマルチポートに整備する計画が先行して進んでおり、こちらの実現が待たれるところであろう
乗り物	ターミナル	特に新宿駅や上野駅などの巨大ターミナル駅にもなると、無数の線路が交差・分岐(シーサス)しつつ、複数のホームを目的別に、各路線の列車が整理運行されている
その他	ターミナル	【請求項6】前記ターミナル情報記憶手段が、前記ターミナルに関する情報の一つとしてターミナル周辺案内図を保持し、指定された駅の周辺案内図を表示することを特徴とする請求項1乃至5記載の最適経路案内システム
空港	ターミナル	飛島ふ頭南側コンテナターミナル第2バースの稼動状況は、ターミナル運営者が順次受入を開始しており、現時点で3航路が就航し、第1バースと合わせた航路が7航路となっています
その他	ターミナル	ひとりの男としての古代さんは、あのターミナルでたとえ銃撃の雨を浴びたって—息絶える最後の瞬間まで、雪さんのそばにいることを望んだに違いないのに
乗り物	ターミナル	具体的には▽首都圏3環状道路など大都市圏の環状道路▽羽田空港など三大都市圏に立地する国際空港の能力拡大と空港周辺整備▽拠点交通ターミナル地区の整備・再開発▽つくばエクスプレス(TX)の東京駅乗り入れ—を挙げている
乗り物	ターミナル	バスは庄内交通酒田ターミナルから鶴岡を経由して山形駅前に行く高速酒田~山形線の庄交担当便(この路線は山形交通との相乗り路線である)で午前8時半に酒田を発車した
コンピュータ	ターミナル	ターミナルサービスは、Windows アプリケーションを各クライアントに展開しなくてもリモートから利用できる、いわゆるサーバベースコンピューティング技術である
コンピュータ	ターミナル	CardSystemsは 加盟店にターミナルを提供し、1日に数百万件という取引を処理し、カード所有者の氏名やカード番号、セキュリティなどの情報を金融機関へと取り次ぐカード処理会社だ
空港	ターミナル	・1980年に国鉄初の空港連絡駅である千歳空港駅として開業したが、1992年の新千歳空港の新旅客ターミナル開業による旧旅客ターミナルの廃止に伴い改称した
空港	ターミナル	早朝8時、新東京国際空港第一ターミナルよりマレーシア政府教育省副大臣第一秘書官アブ・ハニパ・マジッド氏他4名のマレーシア美術家を含む芸術観光親善大使が来日
乗り物	ターミナル	西口駅前広場(面積四千平方と国道176号線か らの進入路については、現在、工事(事業主体・篠山口駅西土地区画整理組合)が着々と進められていますが、これら基盤整備とは別に、多紀郡四町の玄関口として、西口駅前広場に必要なターミナル施設や植樹などの修景工事等の整備が、五月初旬には完成の運びとなっています
空港	ターミナル	※羽田空港第2旅客ターミナルから各方面行きをご利用のお客様は、到着ロビー内案内所(リムジンバスチケットカウンター)または自動券売機であらかじめ乗車券をお求めの上、のりばまでお越しください
乗り物	ターミナル	このエリアは現在建設が進んでいる総合鉄道ターミナル『上海南駅』に隣接し、手狭になった上海駅の機能を補填する上海南部の玄関口としての期待が高まっている
その他	ターミナル	アナログ回線をISDN回線に変えるとして、NTT116にお願いすれば、屋内配線がナシとすると初期工事費やターミナルアダプタなどを含めても3万もかからないんじゃないか
空港	ターミナル	黒島消防団も協力し、黒島港ターミナルと仲本海岸、島内の宿泊施設で同協会八重山支部が作製したリーフレット「やいまのマリン情報」を配布した 2008
乗り物	ターミナル	KLIA のメインターミナルで乗客を乗せることを許されていない一般タクシーから不満の声が以前から出ていましたので、解決策の一つでもあるとのことです
乗り物	ターミナル	今年は大船から西鎌倉に行くモノレールも開通したし、 ドリームランドへのモノレールが再開したら 大船駅は2路線のモノレールが乗り入れる高架橋の林立した未来都市のターミナルみたいになるなw まさかドリームランドのモノレールが何十年も放置されることはないと思うけどさw
コンピュータ	ターミナル	「端末内で実行」だから実際にはターミナルを立ち上げているわけだし、コマンドは前もってランチャを作るときに打ち込んでいるのだから、やっていることといえばターミナルでコマンドを打ち込むことと何ら変わらない
コンピュータ	ターミナル	展示会のテーマが、PDA をビジネスシーンでどのように活用するのかというとことにおかれているため、会場にはハンディターミナルや PDA と社内 PC 機器との連携を高めるソフトなどが多数展示されていた
空港	ターミナル	だいいち、かりにフェリーターミナルに行ったって、S 郎丸さんと僕がマカオくんだりに行くのに、2時間も乗船待ちするなんてとうてい考えられないもん」
乗り物	ターミナル	但しOCATから空港へ行く客はあまり多くなく、(なんば近辺でも幾らかのリムジンバスの乗り場が存在するため)どちらかというと各地(首都圏・四国方面は増加傾向にある)への高速バスのターミナルとして機能している
その他	ターミナル	コミュニケーションターミナル前面のICカードインターフェースにより、NCプログラムや必要なデータを市販のメモリーカードに保存することができます
空港	ターミナル	成田空港第1ターミナル南ウイングは、スター アライアンスのメンバーが利用する今日のアジアの空港の中でも最も効率がよく、考え抜かれたターミナルを実現した、ANA及び成田国際空港株式会社の努力は賞賛されるべきであるとコメントしました
空港	ターミナル	2009年度中の開港をめざし、現在建設中の茨城空港(航空自衛隊百里飛行場の民間供用空港:茨城県小美玉市)のターミナルビル事業に、茨城県開発公社が応募することが、6月12日開催された県議会総務企画委員会で明らかにされました
乗り物	ターミナル	高速バスのターミナルまでわざわざ早朝に車で迎えに来ていただき、絢香さんの造詣が深い場所を案内してくださったりライブのMCで話題になったラーメン屋や行きつけのお店に連れていってくださりました
コンピュータ	ターミナル	このタイプの製品/技術としては、マイクロソフトが提供する「ターミナル サービス」やシトリックス・システムズ・ジャパンが提供する「Citrix XenApp」などがある
その他	ターミナル	※ほとんどの路線が朝6時台から24時前後まで運行していますが、詳細な時刻は、直接各ターミナルかホテルのコンシェルジュやロビーで聞いてもらうか、書店、地下鉄の売店などで販売されているB5サイズの交通時刻表(漢字表記あり5000ウォン)で確認してください
乗り物	ターミナル	関東大震災の復興期、昭和3年(1928年)当時の花形外航ターミナルに沿って旧「横浜港駅」のプラットホームが設けられ、華やかな海外航路時代の最盛期をむかえました
空港	ターミナル	特に、ベクテルという会社は関空の旅客ターミナルの設計だとか香港空港の建設を請け負った会社で、過去に、湾岸戦争のクェートの復興や、アメリカの未臨界核実験に関わっている
空港	ターミナル	そのため、兵庫県のタクシーと大阪府のタクシーが空港ターミナルに乗り入れ、それぞれ別々の乗り場を設けていて、神戸へ行く場合は兵庫県のタクシー乗り場、大阪市内へ行く場合は大阪府のタクシー乗り場から乗る
空港	ターミナル	港湾ターミナルではトラックやリフトが行き交いコンテナの配置が刻一刻と変化するため、電波環境が一定でなく、アンテナ設置方法や電波出力調整に様々な検討が必要となります
空港	ターミナル	コースタイム:香深フェリーターミナル(90分)起登臼バス停(45分)二股分岐(45分)礼文岳山頂(30分)二股分岐(30分)内路バス停 (山頂での休憩を除く
乗り物	ターミナル	道の駅輪島は、平成13年3月に廃止されたのと鉄道の旧輪島駅の駅前広場を活用し交通ターミナルの再生、新しい交流拠点を目指し整備され、「ふらっと訪夢」と名付けられました
乗り物	ターミナル	この駅のユーロスターの旧ターミナルと本物の蒸気機関車を使い、イーディス・ネズビットの児童文学、The Railway Childrenの芝居が上演されています
乗り物	ターミナル	バス停のすぐ前には旅客ターミナルの建物があるが、実は土生には2つ港があり、生名島へ行くのに便利がいいのはここから徒歩5分のところにある長崎桟橋発の町営フェリーである
乗り物	ターミナル	私の住んでいる東京では、JRの駅や私鉄ターミナル駅を中心に様々なジム、道場が存在しており、ときには一つのビルの中にいくつかの格闘技が混在していたりと凄いことになっています
空港	ターミナル	徳島空港で放映の阿波踊りビデオ発売 ターミナル運営会社 徳島阿波おどり空港の1階ホールで放映されている阿波踊りのプロモーションビデオが商品化された
空港	ターミナル	強い地震が知らせる「緊急地震速報」の観測されて噴火が専門調査会は6日、神戸空港ターミナル(同区)の高いグループに短かったと思い立ち、気象予報士のある
空港	ターミナル	そして目的の空港に辿り着くも、到着ターミナルが押していて飛行機を出るのに微妙に遅れてヒヤヒヤだった今日この頃、この後は急いで離島向けの高速艇に乗らねばらならないのにー
空港	ターミナル	その後、1988年4月の瀬戸大橋開通に伴う宇高連絡船の廃止などに伴い置かれている状況が変化、これに対応するため宇野港再開発が主要な課題となり、1994年以降フェリーターミナルの拡充整備、大型旅客船ターミナルや緑地などの港湾再開発事業を行ってきた
空港	ターミナル	成田空港では第2ターミナル(全日空)から第1ターミナル(フィンランド航空)へと空港内無料バスで移動し、指定時刻には20分遅れたが集合場所には9:15着
空港	ターミナル	JR神戸線三ノ宮駅・新神戸駅より高速バス(JRバス・淡路交通バス)にて、三ノ宮~洲本線⇒津名港ターミナル下車、徒歩約30分、タクシーで約7分・料金1500円程度(2008年3月現在)
乗り物	ターミナル	1929年に世界初のターミナルデパートとして開業以来増築を重ねてきたこと、JR大阪駅に新しいデパートが進出することなどがあって、2011年春の完成を目指して建て替えが進められています
空港	ターミナル	【ニューヨーク時事】米ニューヨーク近郊のニューアーク国際空港で3日、不審者情報によりターミナルが一時閉鎖された事件で、警察は8日、監視カメラに写っていた男(28)を不法侵入容疑で逮捕した
乗り物	ターミナル	東京より車/国道7号で青森方面へ~碇ヶ関IC~国道7号を大館市方面へ、30分 車以外/大館能代空港よりバスで50分、秋北バスターミナル下車徒歩15分
乗り物	ターミナル	駅前の根室交通ターミナルから7分乗換えで、820発納沙布岬行きがあるのだが、看板に根室半島を一周する予約不要の定期観光バスが紹介されており、うまい具合に帰りの列車へ乗り継げるからそちら
空港	ターミナル	『ひろしま八区覧会』とは、広島市内8区の魅力を掘り起こし、アピールするイベントの一部としてこの度、南区の広島港旅客ターミナル、港公園にて“紙ヒコーキ教室”を開催
空港	ターミナル	ただ、JALグループが利用しているターミナルは、雨漏りするぐらい老朽化しているそうで、改修にお金をかけるべきか、それとも石垣新空港にお金を回すべきかで、悩んでいるそうです
空港	ターミナル	現在、香深港には立派なターミナルがあるが、その当時は建設前で、仮ごしらえの小さな建物しかなく、その後ろにはこれまた小さなお土産店が立ち並んでいるだけで、利尻島に比べるとずいぶん地味な印象を受けた
空港	ターミナル	◆ なんかもうバスは乗る気がしないので(第2ターミナル始発になって第1からでは窓際に座れない、連休最終日で渋滞がすごそう、自腹なので電車の倍近い運賃(鉄道780、バス1400)はちょっと
乗り物	ターミナル	新宿駅はJR中央線・総武線・山手線・埼京線、私鉄小田急線・京王線・西武新宿線、地下鉄メトロ丸ノ内線、都営新宿線・大江戸線が乗入れる、 「TOKYO」のコアターミナルであり、副都心線の開通、湘南新宿ライン・成田エクスプレスの便増等、更なる利便性向上と進化を続ける「新宿」は、生活・ 文化・情報を含む一大情報発信地区でもあります
空港	ターミナル	チャンギ空港第1~第3ターミナルの商業スペースに入居している小売業者、飲食店の売り上げが、昨年第4四半期と今年第1四半期は前年同期比で増加に転じた
空港	ターミナル	カンボジアは人口約一二〇〇万人とASEANでは小国で、国家予算の数分の一を海外からの援助に頼っており、たとえばプノンペンの国際空港はフランスの援助でターミナルビルを拡張中である
空港	ターミナル	空港に車で来る時には、運転手にあらかじめどちらを利用するか伝えておいたほうがいいだろう(たいていの運転手は、空港に着くとどちらのターミナルに行くか聞いてくる)
コンピュータ	ターミナル	kawa0513 ハンディターミナルには「確定されませんでした」と表示された車両に、無線室側では予約配車が確定していて、配車時間直前に「現着報告は
空港	ターミナル	世界最大ターミナルの一つであるターミナル3(T3)が北京首都国際空港で既に稼働を始めており、北京は空港都市ともに、 ACE開催の最適な会場である
乗り物	ターミナル	営業所の所在は当然ながらJRの駅前や至近が多いが、中には天橋立駅(京都府:北近畿タンゴ鉄道)の駅前に立地したり、佐渡両津(新潟県:両津港)、つくばセンター つくばターミナル(茨城県:JRバスつくばセンター駅)、草津温泉(群馬県:JRバス草津温泉駅)、日光(東武日光駅 東武日光)(栃木県:東武鉄道)や鬼怒川温泉駅 鬼怒川温泉(栃木県:東武鉄道)など、JR駅のない場所に立地することもある
乗り物	ターミナル	何故だか太田道灌の銅像があって、バスやタクシーのターミナルが発達しているが、その他はパチンコ屋にしろ中華料理屋にしろ、どうも山手線の駅前らしくない
乗り物	ターミナル	[フォト]キャリーバッグを持った乗客が目立つJR新大阪駅 一昔前は空港やターミナル駅でしか見かけることがなかったキャリーバッグが、続々と街中に進出している
乗り物	ターミナル	路線バス発車場を一元化、ターミナルを利用している郊外12路線のバスは中央大通りの市内バス乗り場から発車、ビルが完成した1966年から43年続いたターミナルでの営業が幕を閉じる
乗り物	ターミナル	そして、この“空中ダイバー施設”の川上「終点」には、竜東観光交通の拠点としての観光バス等のターミナルを設け、更に、ホテルと半加工のみやげ物を客の希望の形で完成品にする作業広場の建物の設置なども考えている
乗り物	ターミナル	第一面には「立地面 (池袋ターミナル)の利便性」の都市メリットを大きく打ち出し、周辺の都市と網の目で結ばれた各路線図(黒円内)とその各拠点へ短時間アクセスというメリット訴求、4路線4駅を使いこなせるというメリット訴求、そのうちのひとつが新路線新駅で、まさに開発されている地域であるという点を訴求していきます
空港	ターミナル	次に、港湾・漁港振興についてでありますが、港湾・漁港振興ビジョンのフェリーターミナル関連施設整備に関しては、整備実行委員会から、昨年9月9日に答申を受け、現在地域の活性化、地場産業の振興につながる施設整備の具体化及び関連施策の立案に向け、市役所内部で検討作業を進めているところであります
コンピュータ	ターミナル	だもんで、UnixのGUIって機能の○×では出てこないものの一般的なWindowsユーザーにはどこか使いづらいイメージを与えるのではないか・・・というか正直ターミナルで生活した方がUnixは楽しい気がします
コンピュータ	ターミナル	パソコン通信の一般的な設定は、大型計算機センターにつなぐときの設定とは違っていて、ターミナルソフトも、パソコン通信ではWTERM注4、計算機センター向けは専用ターミナルソフトを利用していました
乗り物	ターミナル	また、月1回から2回にかけまして大阪駅の風防とか、例えばバス停留所の路上付近の水洗いというものも実施いたしまして、大阪駅ターミナルの美観維持と衛生維持に努めておるところでございます
空港	ターミナル	かつて島東部のフェリーターミナルのある梅窩を始点に島内各地へ路線が延びていたが、地下鉄東涌線が開通して以来東涌駅と梅窩の2地点がバス路線の集結地となった
空港	ターミナル	調査目的とした空港ターミナルビル改築について中島智一委員長は、ビル経営方式を単体の民間企業経営方式から第三セクター方式に改め、増改築を進めるよう町側に提案した
乗り物	ターミナル	五所川原からJR五能線の本数が少ないのでバスで弘前まで移動しましたがバスの弘前ターミナルはJRの駅までけっこう離れていて、乗車予定の列車まで思いっきり早歩きでギリギリセーフ
乗り物	ターミナル	立山で見つけた立山そば @室堂ターミナル一応、4〜5年前ほどは3年続け毎年登っていた時期があったので過去の快晴時の写真(ケータイ)を載せておきます
空港	ターミナル	2010年秋に全面的に供用が始まる敦賀市の敦賀港多目的国際ターミナルを管理運営する第3セクター会社「敦賀港国際ターミナル」の設立総会が11月17日開かれ、社長(非常勤)に河瀬一治敦賀市長、常勤の専務取締役に福井県産業労働部の桑原信二企画幹の就任を決議
空港	ターミナル	高松港旅客ターミナルビル地下2階と地上4階に四国電力が整備した地熱供給システムやコリドーの屋上などに設置している太陽光発電システムを導入し、環境に優しい街づくりを目指している
乗り物	ターミナル	熊本駅前~熊本空港(熊本方面ゆきは自衛隊前)間、および米良バイパス入口~金池ターミナル(大分方面ゆきは県庁正門前)間の各停留所のみの相互利用はできない
乗り物	ターミナル	北仙台はかつて仙台鉄道の始発駅があり、廃止後は仙北鉄道と合併して宮城バスとなった後、宮城交通本社および北仙台ターミナルが置かれたため、始発のバスが多数設定されています
乗り物	ターミナル	札幌駅前ターミナル〜西町北20丁目間(円山経由便・望洋台経由便)、札幌ターミナル〜地下鉄北34条駅前間(北大経由便)は、共通ウィズユーカードで両社の便とも利用可能
コンピュータ	ターミナル	富士電機は、シャープと共同で受注した物流システムを構築する際は、ハンディ・ターミナルなど情報端末やパソコンを、富士通ではなくシャープ製のものを選んで組み込む
乗り物	ターミナル	利用者数世界一といわれるターミナル新宿駅と神奈川県西部地方の小田原駅を短絡する路線で、同駅からは箱根登山鉄道線に直通し、有料特急「ロマンスカー」も頻繁に運転されている
空港	ターミナル	(1)ご出発当日に羽田空港第2旅客ターミナル1階到着ロビー内「ANAスカイホリデーカウンター」にて、旅程表をご提示の上、3日目の信濃大町以降のJR・路線バスの乗車券・特急券および、「立山黒部アルペンルート時刻表」をお受け取りになってからご旅行にお出かけください
乗り物	ターミナル	美容室 赤羽 までは監視カメラ および五日市街道沿いの村落に過ぎなかったが、明治以降、鉄道が敷設され市域南部の立川駅がターミナル駅となり、さらには1922 年(大正11)陸軍立川飛行場が設置されたことによって商業・工業の集積が進んだことが、今日の繁栄の礎となっている
乗り物	ターミナル	今度の衆院補選の自民党敗北の理由は、第一には選挙戦最終盤に現地入りしなかった小泉のやる気のなさ(最後に松戸駅のターミナルあたりで一発演説をぶっていれば、1000票くらいは逆転できたはず)、もさることながら、さすがに「小泉劇場」に、典型的な「浮動票」である私も含めて、「飽き」が来てますよね
空港	ターミナル	函館発展に空港ターミナル建設・拡充は欠かせない」として地元経済界主導で函館空港の拡充、本格的な新しい空港ターミナルビルの建設を指導し、昭和45年6月に現在の函館空港ビルデング(株)を第3セクターとして創業・設立、初代社長に就任した
空港	ターミナル	当時の仙台空港はすでに国際化こそしていたが その実はプレハブ同然の"仮ターミナル"という情けない外観で、 現在の超モダンなたたずまいと比べてしまえば まったく隔世の感を禁じえません
乗り物	ターミナル	●北バスターミナルは、空港並みに広いので、ターミナルに着いたら、どの窓口でもいいので、「チェンライ VIP」と二言、言えば、係員がチケット窓口の番号を教えてくれるので簡単です
コンピュータ	ターミナル	(2)新加入者が、旧加入者の加入契約に定めるホームターミナルの設置場所においてHICATのサービスの提供を受けることについての旧加入者の権利義務を継承する場合
乗り物	ターミナル	バスターミナル方向に走るタクシーらしき車(この国では車の上にのっかているべき「タクシー」の表示がほとんどないのだ)に向かって手をあげて声をかけるが、3台目までは、どうやらターミナル行きではないようだった
コンピュータ	ターミナル	Spartan3E Starter Kitを使用して、LCDをステートマシンで実装し、シリアルインターフェースを作って、パソコンのターミナルソフトからLCDに文字を表示する過程をブログに書こうかと思っている
空港	ターミナル	コインロッカーに入る大きさの荷物ではないので、第一ターミナルの地下一階北ウィングの一番奥突き当たりの手荷物預かり所に一個210円で二個預けました
乗り物	ターミナル	老朽化した施設の建替えと公共交通ターミナルとの一体的な再開発による中心部の新しい魅力づくりと共に、計画敷地内中央等に地上の公共的通路を整備することで鉄道・バスの相互乗り継ぎ等に対するバリアフリー化を推進することで、公共交通の利用促進に貢献できます
空港	ターミナル	(都)第二東名自動車道などの高規格幹線道路や、(都)国道1号バイパス線などの主要幹線道路といった多様な陸上交通 と、国内外との航路が構築されている海上交通とが結節する地域として、コンテナターミナルとの連携を強化し、道路交通 機能の強化を図ります
乗り物	ターミナル	●シャトルバスが「リーガロイヤルホテル」(会議場東隣)と各ターミナル(JR「大阪駅」中央出口、地下鉄・京阪「淀屋橋駅」西詰)の間で運行しており、ご利用いただけます
コンピュータ	ターミナル	ターミナルサーバーにインストールされている全てのアプリケーションまたは特定のアプリケーションの画面情報だけをクライアントPCのデスクトップ上に転送することができます
乗り物	ターミナル	南郷通り沿いのバスターミナルビル東側 (南郷通19丁目南、地下鉄駅3番出入口の「タクシー乗り場」そば)の降車専用の停留所には、北海道中央バス札幌ターミナル(大通東1丁目)・札幌駅バスターミナル行きの都市間高速バスが停車します
乗り物	ターミナル	一日おいて8月31日の夕刻モスクワ市内の鉄道ターミナルのリガ駅の地下鉄入り口でチェチェン人の婦人が身に付けた爆弾を破裂させ、通行人ら10人が死亡、51人が負傷した
空港	ターミナル	新ターミナルオープン後のお客様の評価も、65%以上のお客様が旧施設に比べ新ターミナルの方が良いと回答された他、75%の方は新ターミナル及びスター アライアンスの便の利用を好むと回答されるなど、お客様の高い評価をいただいております
乗り物	ターミナル	サービス開始当初は山手線や中央線など、首都圏のJR主要125駅の構内・ホーム喫煙場所の情報や、新宿や渋谷、池袋などのターミナル駅の周辺喫煙スポット情報が配信される
その他	ターミナル	さて次はジャンパー線としての加工ですが、ターミナルピッチ6cmにこの太いケーブルをYラグを使って接続するのは大変で被覆のある状態ではとても曲げられないのでターミナルピッチ分弱を被覆を残して素線を曲げてコの字型になるようにしました
空港	ターミナル	空港も昭和中期に開港して以来、滑走路の延長やターミナルの整備が進められ、ジャンボジェット機などによる定期便やチャーター便の就航により国内はのみならず、近年は台湾など国外からの観光客の入れ込みが増えている
空港	ターミナル	JAS塗装のままのJAL機はあっという間に羽田空港(HND)に着陸し、ターミナルを横目に見ながら延々とタキシングし、臨時便らしくかなり離れた駐機場(地図)に停止
コンピュータ	ターミナル	誰か、UDの管理者にW2K Serverのターミナルサービスで解析すると中途半端に宿題提出されるってバグを指摘して使えなくしてやってくれ・・・・
乗り物	ターミナル	かつて京都線が梅田乗り入れを果たす以前の、大阪方のターミナル駅として栄えましたが、現在では千里線~大阪市営地下鉄堺筋線の途中の地下駅と化しています
その他	ターミナル	特に単身赴任や独身者に関わるガールフレンド、現地妻や婚約者など派手派手に着飾った女性達が、この際基地を見てみたいと言う親戚知人を伴って押し寄せ、狭いターミナルのホールは立錐の余地も無い
空港	ターミナル	マカオからホンコンへ渡る際、ほぼ100%外港フェリー・ターミナルを利用してきたが、時間にも金銭的にも余裕があったので奇をてらって珠海の九洲フェリー・ターミナルからホンコンの上環までの航路を利用してみた
空港	ターミナル	新ターミナルの空港東側移転に伴う公共交通アクセスについては、盛岡方面の特急バス、花巻・北上市内方面の路線バスを運行している事業者に対して、現行路線を基本とした新ターミナルビルへのアクセスについて、空港利用促進協議会とも連携しながら、働きかけを行うなど二次交通網の維持・充実に努めていきます
乗り物	ターミナル	当社はターミナル駅である小田急線町田駅にあり、新宿方面へ向かう小田急線と横浜方面へ向かうJR横浜線の2線を中心に豊富に物件を取り揃えております
乗り物	ターミナル	千歳空港→JR千歳空港駅から札幌行き約36分札幌駅下車→JR宗谷本線稚内行き約240分音威子府駅下車→バス天北線浜頓別行き約80分約2分浜頓別ターミナル下車→徒歩約2分
その他	ターミナル	◆iPodの音楽をデジタル転送◆USBメモリーからの接続にも対応◆FM/AMラジオチューナー付き◆リアルサウンドラボ社のオンキョウ技術を採用◆バナナプラグ対応スピーカーターミナル
乗り物	ターミナル	『秋葉原への出店について同社広報担当者は「秋葉原は各線のターミナル拠点であることと、電気街で世界的知名度が高く話題性があることと、また『メガネ男子・女子』のブームを背景にアジア圏からの観光客も多く訪れる街であるため」と話している
空港	ターミナル	また、この日、成田空港の旅客ターミナルビルの預託手荷物仕分け場でカナダのバンクーバーから到着したカナダ太平洋航空のジャンボ機に積まれていた荷物コンテナが爆発して、作業をしていた日本人従業員2人が死亡し、4人が重傷を負った
空港	ターミナル	第1ターミナルには福岡市営渡船(西戸崎・大岳・志賀島ゆき、玄界島ゆき)、安田産業汽船の「うみなかライン」(海の中道ゆき)、西鉄シティホテル(西鉄の子会社)が運営する博多湾クルーズ船「マリエラ」、九州郵船の壱岐・対馬航路ジェットフォイル「ヴィーナス」などが発着する
空港	ターミナル	また、現代物流の要所である空港、港湾鉄道、トラックターミナルの模型のほか、物流に関する映像、クイズ、インターネットなどを通して、暮らしと産業に欠かせない物流のしくみをわかりやすく紹介しています
乗り物	ターミナル	整備の目的は「市や県の玄関口として広域交通のターミナル機能を強化し、交流人口の増大や高齢者、障害者などの移動の円滑化に配慮した基盤整備を目指す」などとしている
空港	ターミナル	乗車前に、「便指定乗車券」・「時刻指定券」を空港各ターミナル1階到着ロビーにあるバス乗車券取扱いカウンターにてお求めいただき、のりばにお越しください
空港	ターミナル	映画『 ターミナル 』は国際色豊かで、ターミナルで働く人達やターミナルを闊歩する旅行者達は、フランス人、中国人、アラブ人、ケニア人、インド人、キューバ人、エルサルバドル人、オランダ人、スペイン人等が入り乱れて登場する模様
乗り物	ターミナル	同署の調べによると、運転手は昨年1月14日午前9時40分ごろ、庄内交通が 運行する酒田ターミナル(同県酒田市)発山形駅行きの高速バスを運転中、 鶴岡市内の国道112号のトンネル内で意識を失い、ハンドルから手を離したまま 走行した疑いがもたれている
空港	ターミナル	フェリーターミナルの隣の敷地には、今っぽいカンジのお土産物屋とレストランが併設され、これまでの国道の景色とは似つかないファミリー連れや観光客でごった返しているが(ほとんどの人たちは国道ではなく、比較的最近整備された高速道路の方を使って来ているのだろう)、私はそっちの方には目もくれずに(笑)フェリーターミナルの自販機で缶コーヒーをGetし、海岸を散策する
乗り物	ターミナル	[アクセス]長崎空港→バス諌早線長崎空港から諌早行き約40分諌早駅前ターミナル下車→バス雲仙線雲仙行き約80分西入口バス停下車→徒歩約0分MAP
空港	ターミナル	国際ターミナルは利尻・礼文行きターミナルと800mくらい離れており、そこまで重い荷物を引きずって歩いてゆくのは大変なので、車を用意してくださったのは本当にありがたかった
空港	ターミナル	市バス+鉄道:第2ターミナルから200E系統(空港バス)でフェリヘジ空港第一ターミナル駅まで行き、ハンガリー鉄道に乗り換えブダペスト西駅へ行くことが出来ます
空港	ターミナル	長い間、高い空港利用料と混雑で有名であった大都市空港のLoganが、新滑走路、ターミナル、駐車場を増設し都心から新たな湾岸トンネルを建設して、LCCの誘致に積極的になっている
乗り物	ターミナル	さらに岐阜大学病院跡地はLRTとバスとの結節ターミナルとし、長良橋通りを長良橋から岐阜駅に向かうバス路線と忠節橋通りを忠節橋から岐阜駅に向かうバス路線を引き込みます
その他	ターミナル	※Windows 95のダイアルアップネットワーク設定を行う前に、アナログ回線の場合はモデム、ISDN回線の場合はTA(ターミナルアダプタ)をパソコンに接続しておく必要があります
コンピュータ	ターミナル	ルータに LOGIN するには、CONSOLEポートからターミナルソフトを使用する方法もあるが、これは最初の設定時(なにしろ最初はIPアドレスがふられていない)等に使い、通常は telnet する
空港	ターミナル	東京航空局は、2008年に着工予定の新千歳空港国際線ターミナルビルへの雪冷房導入に向けて、12月にも産学官による「雪を利用した環境施策検討会」を設立する
空港	ターミナル	来月の羽田空港第2旅客ターミナル併用開始に対応して、東京モノレールでは羽田空港第2ビル駅への延伸を予定しているが、これに伴うダイヤ改正の詳細が発表された
空港	ターミナル	BD本部は東京で「ティーズ原宿」、「ワイ・エム・スクウェア原宿」を総合プロデュース、海外でも「香港オーシャンターミナル」のリニューアルに伴う商業企画を受託した実績があります
乗り物	ターミナル	このほか、遊休地となっている旧昭和ターミナル(美原3)に複合施設の建設を計画している函館バスが、市から10年間の無償貸し付けを受けている昭和営業所(昭和1)について契約期間終了後も延長して借用したいとの申し出があり、同協議会で対応を協議することを申し合わせた
乗り物	ターミナル	1966〜1968年には、十三駅南東の現・淀川区役所付近に、阪急バスの出資会社である日本急行バス等の名神ハイウェイバスが停車する「十三阪急前」停留所ターミナルがあったようである
空港	ターミナル	JAPAN WEEKS 2007(1月20日から2月28日)の開催に伴い、成田空港を訪れた外国からのお客様をもてなそうと第1旅客ターミナルビル北ウイング到着ロビーおよび出発ロビーにおいて歓迎・見送りイベントを行いました
乗り物	ターミナル	* 21系統 姫路駅前~市民会館(→のみ)~京口駅前(←のみ)~市川橋~御着駅前~別所~曽根~鹿島神社:JR姫路別所駅開業時に別所駅前ターミナルに乗り入れがありましたが今は乗り入れていない(最寄バス停は別所)
その他	ターミナル	ところが、このターミナルには、マイカルの商品搬送車両の出入り口も設置されており、1日平均の利用台数はバス約150台に対し、トラックなどの搬送車両はそれより多い170~200台
乗り物	ターミナル	まず首都大学東京の秋山哲男教授から『公共交通のユニバーサルデザイン』と題して、交通バリアフリー法と施設やターミナルの整備の義務づけ、地方自治体の基本構想による駅とその周辺のバリアフリー化、また住民提案に対する自治体の協力の必要性について伺いました
乗り物	ターミナル	よく私は現在のジャカルタについて他人に説明するときに、旧バタヴィア地区で中国人街であるコタ地域(Kota)とずっと南の郊外型住宅地の中心に位置するターミナルでかつショッピングの要所ブロックM(Blok M)とを結ぶ直線で完結する街だ、と乱暴に言ってしまうことがあります
乗り物	ターミナル	それだけ都心の駅ではターミナルであっても座れるチャンスを奪う事もありますが、逆に都心の拠点駅では人の入れ替わりが多い為にうまく座れてしまう事もあります
空港	ターミナル	取り敢えずタクシーで、カリマンタン方面に向かうフェリーターミナルまで行って貰ったが、ターミナルは夕方に出航する国営船会社ペルニの大型船に乗り込む乗客がチラホラいるだけ
乗り物	ターミナル	京橋はエエとこだっせ 3月4日(水) ふるさと(最寄駅:大阪市営地下鉄長堀鶴見緑地線・京橋) 大阪有数のターミナルの一つ、京橋は居酒屋激戦区ですが、それだけに「なんでもあるが、何もない」という変な思い込みがありました
空港	ターミナル	「80番」は後に、市内各地から天神を経由して中央ふ頭(博多港国際ターミナル)に向かう路線が「天神→中央ふ頭間」で番号を統一する際の数字として使われるようになり(その後、2008年、2009年と、「統一」はさらに進んでいる)、さらにその後、「博多駅〜キャナルシティ〜天神〜中央ふ頭」を走る路線の番号としても使われるようになっている
空港	ターミナル	中部国際空港隣接の旅客船、津エアポートライン「セントレア」ターミナルから「津なぎさまち」まで約40分、三重交通バスまたはタクシーに乗り継ぎ、津駅前まで約10分
空港	ターミナル	港湾整備局と都市計画局、その間をとりもって、利用者が神戸港ターミナルへくるならここがいいですよ、 とわかるようにしたいと、地元の者として考えてるわけです
空港	ターミナル	同年12月1日の東京国際空港(羽田)第2ターミナル供用開始に伴い、全日空グループは全て第2ターミナルからの発着となるなど、イメージ転換に合わせるかのような目新しい事案が目白押しとなった
空港	ターミナル	第2ターミナルにANAが移転した後、9割はボーディングブリッジから乗り込めるようになり、バスで飛行機まで向かうのは残りの1割になったと聞いていたのですが、まさかその1割とは
乗り物	ターミナル	には中央バス寿都営業所廃止による路線・施設譲渡、倶知安営業所廃止による倶知安ターミナルの賃借を受け、1985年(昭和60年)には国鉄岩内線廃止代替バス
コンピュータ	ターミナル	SecureSphere機器管理に加えてセキュリティ・イベントの監視コン ソール、アクセス履歴の監査ターミナルなど、必要な管理機能を効率よく提供します
空港	ターミナル	関東地方整備局東京空港整備事務所は、東京国際空港(羽田空港)の4本目の滑走路となる「D滑走路建設工事」関係の情報を1人でも多くの人達に知ってもらうため、展望台を開設しているが、今回、夏休み期間中の8月15日から28日まで、第2ターミナルからD滑走路展望台間の無料バスを運行した
空港	ターミナル	」 「KLIAの格安ターミナルにおける飛行機乗客の払う空港税は、国内便用にRM 6、これは納得できる、しかし国際便には最高でRM 51も払っているのは高すぎる、RM 10にすべきです
その他	ターミナル	ターミナルビルの1階はチケット売り場になっており、3本ほど長い列がのびるがドンドン捌けて、そこに次から次へと路線バスやワゴン車で新しい乗客が送り込まれてくる
乗り物	ターミナル	ですから、電車と完全に競合するバス路線は少なく、たとえば高知市の場合は、この伊野線と、伊野線とははりまや橋電停で接続して後免町まで行く『後免線』、はりまや橋で直交する『桟橋線』で、東西に長い十文字を形成していますが、バスは高知駅での列車接続と、県庁前をセカンドターミナルにした運用が中心のようで、電車のように伊野から後免町まで走り通す路線はありません
空港	ターミナル	こちらは、福岡空港国内線第2ターミナルビル2階「そらもーるFUKUOKA」内の「西通りプリン 福岡空港店」が限定販売(入荷数は日によって変わります)
乗り物	ターミナル	(駅前)バスターミナル→駅通中央→市役所前−文化公園−フェリーターミナル−(“市役所前”まで、往路の折り返し)−市役所前→駅通十字街→駅通→苫小牧駅前
その他	ターミナル	甘草乾姜湯というこれら二味だけの簡単な処方がその基本であり、これに人参が加わればターミナルの状態の患者に用いてときに著効するという四逆湯となり、さらに茯苓を加えれば脾虚、すなわち消化機能の衰弱した患者に対する基本薬である四君子湯となる
空港	ターミナル	沿岸荷役の場合は、荷さばき場での貨物の運び入れ、運び出しの作業となりますが、コンテナ船が増えるに従って、船内作業と沿岸作業の区別は次第に無くなって、コンテナターミナル中心の一連の作業となっています
乗り物	ターミナル	バスセンターからターミナルを通って、三塚を通って市役所の前を通って市民病院へ行って、浄水場の前を通って鎌倉街道に出て、また市役所の前へ帰ってくるというようなことを今想定をしておるわけでございますが、そうしたときに市営球場、警察署、郵便局というのがございますから、そちらのことの事業が進み次第、その中にはバスが寄れるようなことも体育館の建設の中で考えております
空港	ターミナル	この「よりみちクルーズ」は、鹿児島港の桜島フェリーターミナルを午後0時20分に出航し、神瀬、沖小島をめぐり鹿児島市街地や溶岩原などを眺めながら桜島港までのクルーズを楽しむ片道45分のコースです
その他	ターミナル	京浜臨海部再編整備協議会は、東京湾臨海部を走るJR東日本の東海道貨物支線(浜松町〜東京貨物ターミナル〜桜木町間、約35km)の旅客線化をアピールするため1997年11月5日に試乗会を実施すると、1997年10月28日に発表した
その他	ターミナル	このページ中とか、発送済みの参加申込書の案内文とかでは、「彦根ターミナルホテル」って書いてありますが・・・これ、彦根ステーションホテルの間違いです
空港	ターミナル	ぼくは粟国島に渡るのだが、大ちゃんは泊港のターミナルビル、「とまりん」内でホエールウオッチングの案内を見ると、「これから慶良間にクジラを見に行く」といって渡嘉敷島に渡ることにした
その他	ターミナル	湖沼がこの関東地方に蘇るのは、人間という自らの種の寿命を短縮させたターミナル・アニマルが滅亡して、長い年月を掛けて地球が自浄作用により最適な地形を再現するまで待たなければならないのだろうか
空港	ターミナル	マカオのフェリーターミナル近く、一際目立つ外観が特徴のカジノ「オシアナス(海立方/OCEANUS)」ですが、2010年4月1日から5月31日までの間、「上質なサービス」をテーマに「オシアナス・スマイル大使(海立方的微笑大使)」を決める選挙イベントを開催します
空港	ターミナル	高速バス青森線(ブルースター号)が、7月21日運行分より青森港フェリーターミナルに立ち寄るようになり、函館行き東日本フェリーとの連絡運輸を開始した
乗り物	ターミナル	7月25日は、「はちのへホコテン」の開催の為、「十三日町」、「八戸中心街ターミナル・1番乗り場【三日町】」、停留所がご利用できなくなりますので、ご注意下さい
その他	ターミナル	防衛庁の計画は、相手側が発射する弾道ミサイルを、ミッドコース(大気圏外)で迎撃、そこで撃ち漏らしたミサイルをターミナル段階(落下直前)で迎撃するという2段階の構想
乗り物	ターミナル	「ホールズ®」では、関西市場戦略の最初の年となった昨シーズン、心斎橋をはじめとした大阪のターミナル駅周辺で、一般の方に飛び入り参加していただく「一緒にホールズ®配りませんか
空港	ターミナル	受託手荷物については、従来はチェックインカウンター前でX線検査装置による検査を行っていましたが、円滑な旅客動線確保も視野に入れた検査体制のより一層の充実のため、2006年6月供用開始の第1ターミナルビル南ウイングに、新型の爆発物検査装置(EDS)を手荷物搬送装置に組み込んだ「インラインスクリーニングシステム」を導入しています
空港	ターミナル	コタイストリップ・コタイジェットTMは香港とマカオフェリーターミナルのタイパ臨時フェリーターミナルとを結ぶ新たな直通ルートで、香港から中央ビジネス街と九龍との間の元既存ルートと共に、便利で面倒のない旅を提供します
その他	ターミナル	そしてターミナル医療が「生を終らせる決定」に必然的に関わるとすれば、そこにある「行為」を消極的にではなく、むしろ一定の医療目的に適った積極的な「義務」として提示することであった
空港	ターミナル	さて、九島の特徴ですが、蛤港、百之浦港、本九島港という三つのフェリーターミナルから形成され、車で一周するのに約20分という小さな円形の形状をしています
空港	ターミナル	そして、このメインターミナルでは搭乗手続きが行われるだけで、待ち合いスペースは別途に用意して、機能の単純化、明確化を確保するとともに、優雅なターミナル建築の実現を助けている
空港	ターミナル	現フェリーターミナル(空見ふ頭)の老朽化、フェリー船の大型化、また稲永ふ頭において内貿ユニットロードターミナルと一体的利用を目指す内貿拠点を形成するため、この地区にフェリーターミナルを移転(水深8
空港	ターミナル	羽田空港では、100周年を迎える7月16日から8月31日の期間中、羽田空港内第1および第2ターミナルの全てのボーディングブリッジ(全77箇所)において、4月21日にデビューしたばかりの「アウディ R8 5
空港	ターミナル	新港校舎は、横浜市が「新港客船ターミナル映像文化施設」と位置づけて約5億円をかけて改修した施設で、4月よりメディア映像専攻の研究室、撮影スタジオ、ギャラリーとして使われている
乗り物	ターミナル	当初は伊勢崎線が東京駅まで乗り入れるためにまず越中島までの路線を計画したものでしたが、なかなか路線認可が降りずにその間に認可の下りた吾妻橋がターミナルとなり、やっと認可が下りた明治37年に曳舟〜亀戸間が開業し亀戸線となりました
乗り物	ターミナル	渋滞の無い田舎では、家の前から乗れて、ターミナルに階段の無いの方が有利になり、過疎化や少子高齢化も相まってローカル線を廃止に追い込むケースが多く、今後はその傾向が強まっていくでしょうね
乗り物	ターミナル	そのうち、平成12年には新しい旅客ターミナル施設である呉中央桟橋ターミナルが完成しており、 引き続き呉市海事歴史科学館(大和ミュージアム)、港湾緑地及び商業・アミューズメント施設などの整備を行います
乗り物	ターミナル	旧市内バス路線の多くは橋本駅、JR相模原駅、淵野辺駅、上溝駅(上溝)、相模大野駅、小田急相模原駅、相武台前駅(座間市に所属)をターミナルとしている
その他	ターミナル	ホテルルートイン小牧、ルートイン会員カードのポイント特典及びルートインホームページからのご予約特典は受けられません、名鉄・岩倉駅〜名鉄バス小木口停留所下車徒歩で7分/春日井一宮線、小木口信号を北、トラックターミナル東隣
乗り物	ターミナル	電気自動車、ハイブリッドカーもいいけど客待ちタクシーがアイドリングストップしてタクシーターミナルではスポットクーラーで窓から車内を冷やせるようになれば温暖化防止に役立つと思うのだけれど
乗り物	ターミナル	あまり混雑したターミナルは避けて通ったので、カップルの姿はあまり見ませんでしたが、いかにもこれから待ち合わせかなというおなごはけっこう見かけました
空港	ターミナル	きのうの本会議、あるいは前からいろいろ問題になっています例の秋田空港ターミナルビル株式会社の問題でありますが、その職員が人事交流という形で観光課へ来ているという話です
乗り物	ターミナル	埋立架橋推進派の人がイコモスに対して「世界遺産」になるのかどうか質問を出しているようですが、明確な答えは返って来てきていないようであり、駅前整備と鞆の両者とも、駅前は50万都市としての駅のターミナルしての交通結節機能、鞆は古い歴史の残る街としての役割がありこれを守っていくそして生活者の視点で街づくりは考えて行きたいと考えます
その他	ターミナル	ひとつのターミナル・ユニットは単機能ですが、多彩なターミナルユニットを組み合わせることで、さまざまな用途に対応したシステムを構築することができます
その他	ターミナル	今回のDT似てるカード多い(笑) 特にこの画像のカード ■ターミナル9弾10弾について 今は新しいターミナルの組みたいデッキが ファンデッキ程度に考えてるなら無理に今揃える必要ないと思う
乗り物	ターミナル	○パーソントリップ調査及びそれに基づく総合的な広域交通運輸計画、道路計画、公共交通計画、ターミナル計画、交通管理・運営計画等社会基盤システムに関する企画・構想・計画・評価ほか関連する業務
乗り物	ターミナル	南側半分はすでに梅田貨物駅の代替となる「吹田貨物ターミナル駅」の建設が進められ、今回は北側半分を「緑と水につつまれたまちづくり用地」に転換する工事がスタートいたします
空港	ターミナル	高速バスのりば側の案内所で3000円の「よかネットカード」(福岡市営地下鉄・西鉄電車・西鉄バス共通カード)を買い、空港ターミナルの向かい側にあるバス停から↑に乗り込みました
乗り物	ターミナル	具体的には、原料や製品の移動をこれまでのトラックによる輸送から海運、鉄道に切り替えるモーダルシフトを進めていくためのターミナルとなる港や駅のインフラ整備のために、先進的な取り組みには、国土交通省、経済産業省が必要な資金の一部を補助するなどを予定している
乗り物	ターミナル	江戸川区や葛飾区、大田区といった区は、山手線ターミナルから遠い位置にあるがゆえ、小岩や亀有・新小岩、大森蒲田と街ひとつひとつが進化を遂げた、と言うかやはりJRの駅があることが大きいと思う
コンピュータ	ターミナル	大阪大学医学部は1998年12月中からpiafs serverでPHSによる64kのターミナルサーバーを立ち上げていましたが、内線からはうまく着信できるものの、外線からは接続を確立出来ないでいました
乗り物	ターミナル	大矢野地区では2008年10月に路線再編を行い、さんぱーるをターミナルとして地区内各方面や松島・三角への路線を運行する形とし、一部はコミュニティバスであるSUNまりんバスに移行した(運行は産交バスが担当)
空港	ターミナル	というわけで、ターミナルでホエールウォッチング船への乗船手続きをすませ、待っていた人たち5~6人と一緒に、すぐ近くに停泊していた船に乗せられました
その他	ターミナル	用意されたメニューは、私が実行しているアプリケーションに特有ではない唯一のものです、 その代わりに、メニューはアプリケーションが他のアプリケーションに変わっても変化しません、 それはまったく「ターミナル」とは呼べません
乗り物	ターミナル	港のターミナル2Fで軽い朝食を取ったあと、恒例のスーパーで水とfoodとワイン2本を購入(好きだね本当^^;)ちなみにビーチに売店やビーチハウスは無いらしい
乗り物	ターミナル	そして、相鉄線と横浜市営地下鉄が繋がってターミナル駅となり、小田急線も急行が止まるようになって、今や慶応義塾大学の湘南藤沢キャンパスが誘致されるまでになった
その他	ターミナル	この設定にルパンだのモンスターだのと題名を付けて保存すると、次回からそれらの番組をエンコードする際、その設定をコピーしてターミナルにペーストしてやれば、なんとHandBrakeを立ち上げなくて済むことになり、時間を短縮できます
その他	ターミナル	各種ジョイント部やヒンジ、バッテリーターミナル部等に使用でき、長期の防錆、潤滑性に優れています特殊な製造方法により、すぐグリース化する為、スプレー箇所から流れてしまう事がありません
空港	ターミナル	メリケンパーク・オリエンタルホテルの下が旅客ターミナルとなっており、神戸・大阪湾をクルーズする観光船ののりばや今回の関西汽船・阪神別府航路ののりばがある
その他	ターミナル	2077レには姫路貨物ターミナルまでタンクコンテナが編成後方に積載されていますが、姫貨以西は空コキになるので、他の列車との見分けがつけにくく、列車番号が判別できませんでした
その他	ターミナル	ダイアルアップ後、すぐに接続拒否のメッセージのメッセージが出る場合は、ISDNダイアル番号が間違っているか、基本的なターミナルアダプタのモデム設定が間違っている
乗り物	ターミナル	バスではありませんが、広島電鉄の路面電車の広島駅前電停のように、ターミナルでは入口からも乗客を降ろして、携帯型の運賃箱を持った職員さんが運賃をチェックするという方法なら、今すぐにでもできそうですが、カード利用者への対応が問題になるでしょうか(これも、全くもって不可能、というわけではないですよね)
空港	ターミナル	茨城空港ターミナルビルのテナント事業者として小美玉市商工会の参画が決まったのを受け、市は15日に市議会臨時会を招集、関連する補正予算案約350万円(同空港テナント整備事業負担金)を審議する
コンピュータ	ターミナル	USB メモリを実用的に使うのに、今までのように毎回ターミナルを起動してマウントをするのではさすがに面倒なので、前に見た資料を参考に自動マウントできるようにしてみました
乗り物	ターミナル	兵庫県最大のターミナル立地を最大限に活かすよう、市場分析等を行い、店舗、映画館、オフィス等からなる複合ビルとして安定的な事業とする企画方針としました
コンピュータ	ターミナル	「無料放送のテレビ朝日系列・テレビ東京系列を見るのにホームターミナルが必要なのに、有料放送のNHK衛星放送を見るのにホームターミナルが不要なのはおかしい
その他	ターミナル	また、観測するだけではなく、計算・現場の情報収集等WindowsCEの普及により、現場ターミナルは、お客様のニーズにお応えするたくさんのアプリケーションが開発されています
空港	ターミナル	タクシー利用の場合、『タクシーサイト』というタクシー専門ポータルサイトを使って青森駅前から青森フェリーターミナルまでの予想運賃を算出してみたところ、
空港	ターミナル	本日、6月1日(金)には、ヤーンCEOも出席して、成田空港第1ターミナル南ウイング第5サテライト乗継カウンター前の特設ステージで、南ウイングオープン1周年&スター アライアンス10周年の記念式典が行われました
空港	ターミナル	このうち、チャイナエアラインの台北~ニューヨーク線のみアンカレッジ国際空港での旅客扱い(乗降)を実施しており、他はテクニカルランディング扱いでの寄航のため、旅客扱いをしていない(ターミナル内での休憩のみ)
空港	ターミナル	2006年のGWに四国へ向かうフェリーに乗るために東京フェリーターミナルに向かうとき、長年晴海でT字路になってたのがいきなり開通してて驚きました
空港	ターミナル	防衛施設庁から空母艦載機の岩国飛行場への移転等に伴い必要となる施設整備について、米側で作成された包括的な施設整備のマスタープランが提示され、この中で現滑走路の北端先地域の基地内及び隣接の国有地が、民航ターミナル地域として示された
空港	ターミナル	【特典】○ミネラルウォーター(北海道 大地の水)お1人様1本プレゼント○レイトチェックアウト13時【ホテル案内】◇稚内駅徒歩2分◇稚内フェリーターミナル徒歩10分◇コンビニすぐそば◇駐車場無料(青空)◇全室液晶TV◇ロビーにて無線LAN利用可(無料)
その他	ターミナル	【富山・となみ野】JAとなみ野が、砺波市五郎丸のライスターミナル隣接地に建設している、タマネギ集出荷貯蔵施設の建物の枠組みがほぼ仕上がり、内部の選別調製設備の設置に入った
乗り物	ターミナル	浜松市におけるバス交通施策(ミニバスターミナル構想)の推進にあたっては、すべての地域で同一レベルのバス交通環境の提供は同時にできないため、事業展開する地域の特色を十分把握し、それぞれの地域特性に応じた施策の展開が重要です
空港	ターミナル	羽田空港と福岡空港において、双方間の目的地の天候や、観光、またフライトインフォメーションなどの情報を提供しており、利用者は、携帯電話のワンセグ機能を使い、それぞれの空港のターミナル内で情報を受信できる
空港	ターミナル	私はレンタカー会社に会員登録しているので、面倒な手続き無しで空港ターミナルから駐車場の指定されたロットへ直行、そこに鎮座まします車が私のパートナーとなります
乗り物	ターミナル	9時10分発の本丸岡(ほんまるおか)行は、ターミナルからの乗車は少ないが、駅前大通りから多数乗車し、座席の半分くらいが埋まった状態で、田原町や福井大学を通っていき、少しずつ降りはじめる
乗り物	ターミナル	1つは鉄道の駅があるので、公共交通のターミナルとしてきちんと機能していくことが、これからの社会にとって非常に大事であると考えていますので、市街地整備を行うとともに、これから鉄道やバスの事業者ともきちんと話をしていかなければなりません
空港	ターミナル	今後盛んになる海峡クルーズに対応して、岬之町側の発着基地としての可能性に対応した旅客ターミナル機能の検討、が示され、これらを踏まえるとともに個々の施設に関して、事業監理委員会からの意見も取り入れ、1
空港	ターミナル	このターミナルは総工費43億ポンド(約9000億円)がかけられ、建築家チーム、リチャード・ロジャース・パートナーシップによって設計・デザインされたヨーロッパ最大級のターミナルで、モダンで開放感があり、大きな窓からは滑走路や世界各国の航空機、ウィンザー城や田園風景など素晴らしい景色を見ることが出来る
乗り物	ターミナル	同時に瀬谷(中学校前)〜下瀬谷(橋)間の路線を営業開始し、[立01][瀬02]瀬谷駅=下瀬谷橋=ひなた山バザール前−いずみ野駅−立場ターミナルおよび=ひなた山バザール前−上飯田車庫の新系統を運行(運賃前乗り先払い方式)開始する
乗り物	ターミナル	工業団地からあまり近くない「吉川・松伏工業団地入口」バス停を通り、吉川市役所のそばをかすめると、吉川団地バス停は東武バスのターミナルからはじかれて、50mほど離れたところにありましたが、乗車なし
コンピュータ	ターミナル	手段は、ゲートウェイサイトでディスケットかテープとローカル・ターミナルであるにすぎないかもしれない現場の唯一のツールを使用することで診断プログラムを動かすために利用可能でなければなりません
乗り物	ターミナル	更に京浜東北線、埼京線(川越線)、東北本線(宇都宮線)、高崎線、湘南新宿ライン、東北新幹線、秋田新幹線、山形新幹線、上越新幹線、長野新幹線、東武野田線、ニューシャトルの12路線が乗り入れる大ターミナル大宮駅まで三駅の立地にあり、新築・中古のマンション・アパート・一戸建て・テナントと多数物件を幅広く取り揃えております
乗り物	ターミナル	見直し案によると、八戸市内区間では現状通りとなる反面、ラピアののりばがターミナル構内に入らず、隣接する道路側の市営バスのりば(市営の回転場であるラピアバスセンターではない)になる模様
空港	ターミナル	受賞商品は、専用ホームページで実施したアンケート調査の結果などから選出された75商品をビジット・ジャパン・キャンペーン対象国・地域出身の外国人委員などからなる選考委員会が選定したもので、すでに、両旅客ターミナルビル出発階の「桜」にて展示・販売が行われています
空港	ターミナル	120番は那覇市の那覇空港#路線バス 那覇空港(国内線旅客ターミナル前)を起点とし、同市の那覇バスターミナル前(旭橋駅 旭橋)を経由し、国道58号を北上して、名護市の名護バスターミナルへ至る路線
乗り物	ターミナル	また、東口ターミナルには、高速バスの発着所も整備され、高崎市民の私としては、急速に便利になる事はうれしい限りですが、11日のオープン以降は、しばらく混雑するんでしょうね・・・
乗り物	ターミナル	首都直下地震を想定し、東京都心のターミナル駅周辺の滞留者を誘導する訓練が1月22日に北千住(足立区)、同月25日に新宿(新宿区)の両JR駅で行われました
その他	ターミナル	「日本的」な医療倫理と教育実践を目指し、生きがい感と自殺防止の関わり、患者中心のインフォームド・コンセント、ホスピス、ターミナル・ケア等の研究に取り組んでいます
乗り物	ターミナル	しかし前者は、新検見川駅前にニュータウンの検見川寄りを運行する路線以外を受け入れるスペースがなかったことから、後者も同様に駅前スペースの問題、および入居者の多くを占めると想定されていた東京方面への通勤者にとって不都合であることから却下され、最終的には、距離が遠いという問題はあったが、ターミナル用地が確保でき、地元商店街の協力も得られた幕張ルートで運行を開始することになったのである
空港	ターミナル	水上交通手段であるが、フェリー・定期船は、名古屋港の金城ふ頭にある名古屋港フェリーターミナル、水上バス・観光遊覧船は、名古屋港のガーデンふ頭にある名古屋港ポートビル乗船センターと、乗船場が分かれていた
乗り物	ターミナル	というのも1836年に、ロンドンにターミナルを設けようとする鉄道路線案はすべて、特別委員会の審査をうけて、議会に提出された無数のプロジェクトから完全な鉄道網計画が作られるようにして、不動産が競合計画のために無用に犠牲にならなくてすむようにすべきだ、という法案が下院に提出されたのです
空港	ターミナル	前は国道4号沿いにターミナルビルがあったんだけど、ニュースによると今度は空港はさんで真逆の場所に新ターミナルを作って、ユーミンの「緑の町に舞い降りて(だったかな
空港	ターミナル	出発に先立ちまして、羽田エクセルホテル東急で関係者をお招きしてのレセプション、また搭乗開始前には、国際線ターミナルの搭乗ゲート前(3番ゲート)で就航記念セレモニーが行われました
コンピュータ	ターミナル	これ、普通のターミナルの使い方ではあまり問題にならないのですが、 Irssi のような IRC クライアントを使っていると、大変な問題になります
その他	ターミナル	既報の北ターミナル1階到着ロビー総合案内所の他、北ターミナル2階出発ロビー総合案内所、南ターミナル1階到着ロビー総合案内所、南ターミナル3階出発ロビー総合案内所にもあり
空港	ターミナル	県出資の第3セクター・秋田空港ターミナルビル(株)が県との懇談に際し、会社の交際費を使用していた問題については、所管委員会の審議、総括質疑等においてその解明に向け努力したところです
乗り物	ターミナル	以前にも訪れたことはあったのですが、真っ白の原野を眺めながら長時間(と思われました)電車に乗り、終点で降りたったときは大学がターミナル駅のようで、何と人里離れた辺鄙な所にきたものだというのが第一印象でした
乗り物	ターミナル	昨日、Elephant & Castleというターミナルに行ったとき、この連接バスが到着する度にロンドン交通局の制服を着た係員が数人、降車する人一人一人に、また乗車中の人にもバスの中まで入っていって、運賃の確認をしていた
その他	ターミナル	今日は7:30に出発予定でしたが、何と淡路島から四国へはフェリーが出ていない、これは困った、三原サイクリングターミナルの小林さんに相談したところ車で四国の鳴門まで自転車を運んでもらう事にした、車の運転は河内さんに橋の通行料往復を渡してお願いしました
コンピュータ	ターミナル	[ 要 約 ] 農地、水路、道路等に関する地図・属性データを、現場で省力的に更新する農地基盤情報オンサイト更新システムの核技術として、本サーバ、移動サーバ、モバイルターミナルを繋ぐ無線LANシステムを開発した
その他	ターミナル	ジェームズ・キャメロン監督の「エイリアン2」(1986年)駅から13番のミドリのSF映画路線に乗車した人が、ターミナルの「スター・ウォーズ」(1977年)駅まで来たら、もっと本格なSFを観よう
空港	ターミナル	福田尊士県企画部長は、来年3月に開港する茨城空港のターミナルビルについて、当初計画から人員や清掃費、照明など規模を縮小して運営にあたる方針を示しました
