# レジャー: 遠足。小旅行。スキーツアーサイクリングツアー, 旅行: 回遊旅行。観光旅行。ヨーロッパ周遊ツアー, ライブ: 巡回方式の試合や興行。全国ツアー
レジャー	ツアー	結果としてこちらが何をテーマにこのツアーをするか、そしてどことどこを回るかを伝え、お客さんにそれを了承してもらうことが出来たからで、もちろんお客さんのリクエストも一応は聞きましたが、すべてのお客さんに「お任せで」と言っていただけたので、正直助かりました
レジャー	ツアー	そしてショップスタッフになって初めて開催した沖縄ツアーの時に、トレールラインに掴まって潜降する担当会員さんの後ろ姿と、眼下に広がる透明度30Mの海
ライブ	ツアー	欧州PGAツアーで通算21勝、アメリカPGAツアーでマスターズを含む6勝を挙げ、日本でも1989年と1990年の「三井住友VISA太平洋マスターズ」で大会2連覇を記録している
旅行	ツアー	沖縄慶良間(ケラマ)諸島をメインとしたツアーの運営・管理を行う株式会社とかしきは、 那覇から20分で気軽に無人島レジャーが楽しめる「ナガンヌ島」にて、中心施設のリニューアル や宿泊可能なレストハウスの新設など、滞在施設の追加・増設を行いました
レジャー	ツアー	おはようございますhotehamaです今日の名古屋は雨っ肌寒い1日になっちゃいそうですが・・・・・がんばってきましょう今回は北海道スキーツアーのご照会です『 どうせ北海道行くならぁ〜札幌市内も観光したいしぃ〜がっつりスキーしたいしぃ〜 』 的
旅行	ツアー	それによって総合力を高め、今後拡大するレジャーマーケットにおいてANAブランドの一体化を図り、これまで3社で培ってきたノウハウを生かしてANAらしさを展開し、国内国際ともに魅力あるツアー、常に新しい旅を提案していこうというのが狙いです
レジャー	ツアー	いつもは仲間たちと誘い合って、誰かの車に乗せてもらい、スキー場に行く私ですが「それなら、もっと簡単に、気軽にいけるかもしれない」と考えて、ふじてんへ乗り入れているスキーツアー、「ビックホリデー」と「オリオンバスツアー」のホームページを見てみると・・・
ライブ	ツアー	良かった良かった(^0^)/ 病み上がりのツアースタートは大変だと思いますが、東京公演までまだ日にちもあるので体調を万全にして下さいね☆冬にTRFのライブに行くのは初めてなのでスッゴク嬉しいです
レジャー	ツアー	しかし、ツアーの場合、いろいろなホテルの人が混乗になりますので、その日のツアー参加者 数によっても変わりますし、その参加者の利用ホテルによっても変わります
ライブ	ツアー	グランプリ・モントリオールが終了してからプロツアー・サンディエゴまでの数日間、観光も程々にホテルに引きこもってサンディエゴのフォーマットである双頭巨人ドラフトの練習に費やしていました
旅行	ツアー	このような事態を避けるために、エコツアーにおいて観光客はその土地に関する知識などを十分にもつとともに自然環境や地域の人々の生活文化に配慮した責任のある行動をし、またツアーを選ぶ際にもエコツーリズムの趣旨にそぐわないようなツアーは選ばないなどの姿勢が要求されるのではないでしょうか
その他	ツアー	自分の地元の栃交バスもNツアー車、当初は(旧新日本観光)オリジナル車と仕様が違うのか、旧栃木観光バス引継ぎ車で唯一のクイーンIに施してましたが、コレが新セレガに代わった時、あっさり栃交色に戻ったものですから「ひょっとしてラッピング
旅行	ツアー	Fさんの次回ご参加ツアーは、2月14日の『伊勢ツアー〜ダンゴウオ&伊勢観光〜』に決定 極小で可愛らしい魚、ダンゴウオを観察した後は、おかげ横丁で美味しいものめぐりへ 楽しみですね〜
旅行	ツアー	水巻は昨年から海外ツアーに積極的に挑戦するようになり、今年も欧州ツアーのドバイ・デザートクラシックや米ツアーのロサンゼルスオープンなど海外6試合に出場している
レジャー	ツアー	もし、市営バスが宇部観光1日ツアーというのを企画したとして、宇部の文化という観点からどこをどう回るコースを提案しますか、どこにでもある温泉とゴルフ場は除外です
旅行	ツアー	また昨年の5月に、結婚してから45年になることや私の誕生日(5月24日)が来ると満70歳となり古希を迎えることになったことから、何か考えねばならないと思っていたところ、JTBから送られてきたツアー旅行の「旅物語」のカタログを何げなく見ていて、これなら何の造作もなく旅行が出来るかなーとの思いがしたので妻と初めて行く旅行を考えた
レジャー	ツアー	11日〜13日は電通大教職員組合のスキーツアーが宿泊棟を利用しています、電通大スキー科学研究会のメンバーの多くは組合員なので、共同して両方の行事を成功させようと考えております
旅行	ツアー	ツアーなどで旅行してもレストランなどで、何の料理かとか、辛いものがだめなど、コミュニケーションをとれて、イタリアの旅がより楽しいものになるでしょう
旅行	ツアー	【東京発栃木行き格安ツアーJR付フリープラン】〜栃木県・鬼怒川温泉〜『鬼怒川金谷ホテル』とっておきの宿 夕・朝食付 東武鬼怒川線 鬼怒川温泉駅より徒歩約3分 きぬ・けごん号利用
レジャー	ツアー	旅行(りょこう)会社(かいしゃ)主催(しゅさい)のツアーや、島根(しまね)県(けん)・大田市(おおだし)主催(しゅさい)のイベント等(とう)に参加(さんか)されれば、気軽(きがる)に山歩(やまある)きをすることができますので、ツアーやイベントへの参加(さんか)をお薦(すす)めします
レジャー	ツアー	今回は、ツアーであったため、登山電車で通過するだけでしたが、再度スイスに来るときには、7月下旬からのトレッキングか冬のスキーにしたいと思っています
その他	ツアー	バスフィッシング専門ツアーブランドのバッシンヘブンでは、バス釣りアングラーのみなさまを世界中の爆釣フィッシングフィールドへご案内致しております
その他	ツアー	北海道・道東の阿寒湖でカヌー体験や雄阿寒岳・雌阿寒岳の登山、オンネトーへのハイキングやトレッキングといった秘境へのツアーが楽しめる「阿寒ネイチャーセンター」
その他	ツアー	「バックカントリー」と「サイドカントリー」用に、というのはロングツアー向けの軽くて細いスキーから、バックカントリーに適したファット・アルパイン・パフォーマンス・スキーまで、より幅広い選択肢を提供できることになった
レジャー	ツアー	html 栂池高原スキー場で行われているヘリコプタースキー&スノーボードツアーは標高2200mの天狗原から標高800mの山麓まで約14kmのロングダウンヒルが楽しめます
旅行	ツアー	同ツアーは、の志布志/観測ポイント間の臨時運航区間については、旅行代理店の「クルーズのゆたか倶楽部」が大阪発着の「皆既日食ツアー」を企画したもので、同社がツアーの募集を行う
ライブ	ツアー	大会中にはファルドらに「勝てなかったらオレの頭を刈ってくれて結構だ」と自信満々にアピールした手前、プレッシャーもあったが、米ツアー仲間が勇気を与えてくれた
ライブ	ツアー	リチャード・マークス、トッド・ラングレン、ビリー・プレストン、シーラ・Eなどまさに豪華絢爛なもので、ツアーが行われるたびに顔ぶれは流動的に変化している
旅行	ツアー	今回、旅行に出かけることになったのは、今年が結婚して45周年になることや今年私の誕生日(5月24日)が来ると満70歳となり古希を迎えることになることから、何か考えねばならないと思っていたところ、JTBから送られてきたツアー旅行の「旅物語」のカタログを何げなく見ていて、これなら何の造作もなく旅行が出来るかなーとの思いがしたので妻と行く旅行を考えることになった
レジャー	ツアー	すなわち消費者に人気の集まるツアーは内容重視であるとともに、旅行会社が知恵を絞った企画重視のパッケージツアー商品であることから、企画の段階でこれらをメインとして商品を組み立てれば効果的といえる
その他	ツアー	■2日目(平成20年5月28日)知床五湖散策知床五湖駐車場にてツアーバスを降りた相方と私とツアー一行は知床ガイドの方の手際よい割り振りで2班に分けられた
旅行	ツアー	転属先の職場の環境を前もって把握したい、という意味で参加した今回の『七星島観光ツアー』では、のっけから無人島でのサバイバルに突入というハプニングに見舞われたが、義仁は何とか生還している
旅行	ツアー	リトル・トリーでも、川下りのピクニックツアーや、かなやま湖でのおはよう・夕暮れカヌーイング、そしてトマムリゾートの森で木のぼりツリーイング等々、勝手の詳しい我が家の子ども達も助っ人に加わり、毎日開催されております
ライブ	ツアー	そのライブは、「Third Time's A Charm ツアー」の総決算的な意味合いを持つと同時に、自分のミュージシャンとしての夢を実現させた、自分にとっても記念碑的な、規模もさることながらいろんな意味でとても大きなライブでした
旅行	ツアー	去年行ったツアーの北海道旅行ではさすがにあちこち攻めまくるワケにいかなかったし、このページを始めたころの北海道は、まだデジタルカメラも手元になく、趣味鉄道写真なんてとんでもなかった頃でしたし・・・ あのころは電車のケツ追ってなかったし、イチガンで電車撮るのもなぁ・・・って思ってた頃でした
その他	ツアー	ここには雪山の景色が有名な飛来寺など数箇所の観光地があるが、交通が不便なため雪が降る恐れのある11月初旬以降は旅行社各社とも団体ツアーは扱わない
レジャー	ツアー	「BIGLOBEトラベル」はこれまで、宿泊やツアー予約に加え、全国の観光ガイド、ハワイ情報や旅の動画コーナーなど、旅行の計画に役立つサービスを提供してまいりました
ライブ	ツアー	まぁ自分の場合、海外モノとかのFCツアーを知らないので、グレードとか費用対効果も含めてどの程度に位置する物かはわからないものの、感想としては、これはどうも結構良いツアーじゃないだろうか、ということでした
旅行	ツアー	ユーラシア旅行社という旅行会社がこの国へのツアーを毎年催行しているので、そのツアーに参加して、さらに個別リクエストを出してみれば、実演を聴く機会もありえるかもしれません
レジャー	ツアー	「飯山温泉入って、猪鍋とシロコロを食べるツアー」とか「神奈川工科大学厚木市子ども科学館のプラネタリウムで学び、鳶尾山の上から星を見るツアー」とか企画されるんですかね
旅行	ツアー	JTB(ジェーティービー)はホテル・民宿・ペンション・旅館の宿泊施設や、ツアー、航空券の検索・予約と、観光情報やイベント情報など、旅のおすすめ情報・サービスが満載の総合旅行情報サイトです
旅行	ツアー	三日間のツアーでは、医師住宅に滞在してもらいながら、勤務先の病院の視察をはじめ、都会では経験できない、豊かな自然の中でのスローライフを知ってもらう
その他	ツアー	でも住宅ローン金利を絶対的な存在としているともなると、まず夫婦生活支援ツアーとは、価千金かつ信頼に値するものと感じます今後実印に関していくらでもよく言われていることは有意義になったらどうなるか、とりあえず長野・伊那市のメゾネット情報そのものを生活に欠かせないものとしているかも知れませんが、もっともと信じます
ライブ	ツアー	この春に行われた久々の東京ツアーは渋谷のジャンジャンの日に脚を運んだが、返還から25年経っても何も変わらない“沖縄の真実”を伝える佐渡山さんの歌に、僕は再び大きな衝撃を受けた
旅行	ツアー	【ジュネーブ共同】スイス南部バレー州で23日正午(日本時間午後7時)ごろ、日本人観光客多数を乗せた観光列車「氷河特急」が脱線、ツアー客の兵庫県尼崎市の女性(64)が死亡し、横浜市の女性(71)と千葉県の女性(62)が意識不明の重体となった
ライブ	ツアー	プロツアーの脇では、今回妙に話題の種になっている「神戸牛オープンスタンダード」がやってるわけなんだけど、そんな中、ゲイリー・ワイズがジャッジ仕事中の自分を呼びつけて曰く
ライブ	ツアー	ライヴツアー中の(たったの2泊だったが)〈午前中に起きなきゃならんぞ〉の日々の後遺症か、枕元の時計を見ると矢張り午前中のお目覚めだ(さっき寝たばかりだろうが)、ウーン、そうだったよな、体に悪いぞ、未だ未だ寝ろよ、そうしよう、蒲団を被った
レジャー	ツアー	ツアー旅行なんかと馬鹿にしていたけれど、長期滞在者ならともかく、限られた時間と経費のなかでより多くの見物をするとなれば、今やツアー以外に方法はない
レジャー	ツアー	また、旅館の仲居さん=おばちゃんでしたが、試しにハンサムでかわいい若い男性を仲居さんと同じ仕事で使ったところ評判が評判を呼んで団体ツアー客が急増した、なんて老舗旅館もあるそうです
レジャー	ツアー	きのこ(茸)、山菜、イワナ(岩魚)、ヤマメ(山女)、渓流、釣り、写真(フォト)、自然、森林、河、野鳥、観察、高山、雪、植物、トレッキング、ツアー、キャンプ、スケジュール、ビデオ、本、著書などを紹介
旅行	ツアー	特典 ▽火の山公園トルコチューリップ園の夜間観賞ツアー(開花時期のみ) ▽日・月・火曜日に宿泊の方は翌朝10時~10時30分に長府庭園へ、水・木・金曜日に宿泊の方は長府毛利邸へ送ります(入園料が必要)
レジャー	ツアー	もともと会社でスキー・スノーボードのツアーに行こうという企画を立てていて、いつも実現せず終わっていたんですが、今年の会社の新年会で部長と温泉付のスキー場でゆっくりとなんて話が出て、とんとん拍子に日程を決めました
旅行	ツアー	このツアーは強行軍の日帰りプランもあるがエキサイティングな時間をより長く過ごしたいと思った私は迷わずエンジェルフォールキャンプ(エンジェルフォールの対岸のラトン島)に泊まる1泊2日のトレッキングプランに参加した
レジャー	ツアー	はとバスの鬼怒川温泉といちごのツアーは、鬼怒川温泉が楽しみなのは言うまでもありませんが、世界遺産の日光や、佐野プレミアム・アウトレットなど、他にも楽しみが盛りだくさんのバスツアーです
レジャー	ツアー	春スキーの楽しめる北海道のスキー場(ニセコアンヌアプリ国際スキー場 ニセコグラン・ヒラフスキー場ほか)と北海道スキー旅行ツアーの情報が満載です
ライブ	ツアー	レッスンツアーやポール合宿に加えて、温泉スキーやフリーで滑るツアー、ジュニアツアー、またオフシーズンのイベントなど、盛りだくさんに活動しています
その他	ツアー	再びローランソン自身が1812年に、彫刻と検索絵、彼らは1813年で5分の1のエディションを達成したのツアー博士構文のタイトルの下に発行し、1820年に博士の構文で検索慰めのに続いて、1821年に第3回ツアー博士構文の検索は妻のが
レジャー	ツアー	( 株)農協観光では全国に広がるJAグループのネットワークを広く活用して、他では体験できない『自然体験ツアー(グリーンツーリズム)』をご案内させていただいております
レジャー	ツアー	エル・ビー・カヤックステーションでは、カヌーやシーカヤックを使い、トレッキングやシュノーケリングなど、西表島を五感で楽しむ多彩なツアーをご用意
その他	ツアー	11月に札幌で開催された「北海道観光ビジネス・フォーラム」には台湾と韓国の旅行会社65社105名を招請しましたし、今年1月には地方自治体など68団体と「日中文化観光交流展」を上海で開催し、いずれも新しい訪日ツアーを検討いただけることになっています
レジャー	ツアー	荷物を携行して活動する、登山・トレッキング、カヤックツアー、キャンプ、バイク・自転車ツーリングなどのアウトドアスポーツで、テントの選択や軽量化は大きな課題です
ライブ	ツアー	4thツアー6月11日大阪公演のFCチケットですが、一緒に行く予定だった友達が行けないかもしれないとのことで、せっかく当選したものなのでどなたかにお譲りしたいと思います
レジャー	ツアー	通常のスキーツアーより割高にもかかわらず問い合わせが多く寄せられているといい、「スキーへの再チャレンジをきっかけにして、冬の旅行客の掘り起こしにつなげたい」と意気込む
ライブ	ツアー	これにより、X JAPANのワールドツアーは、9月にYOSHIKIが会見を開いて発表していた年末のカウントダウンライブからスタートすることになる
ライブ	ツアー	X JAPANワールドツアー、メンバー自身が実現するとは思えなかった夢の世界ツアーが遂に実現、本人達をも狂喜させるほどの大成功に、X JAPANの新たな歴史が幕を開けた
レジャー	ツアー	ツアー登山に関してのブレーンストーミングを提起されておられる主旨から、若干、道をはずれるかもしれませんが、わたしたち夫婦が感じたことを書かせてもらいました
ライブ	ツアー	末筆ながら、お忙しい中をツアーにもおつきあいいただき、たくさんの質問にもおこたえくださった歴史民俗資料館の岡本桂典学芸課長・坂本龍馬記念館の三浦夏樹学芸員・中岡慎太郎館の豊田満広学芸員のお三方には、心よりお礼申し上げます
レジャー	ツアー	僕はツアーだったので、ホテルつきのパックだったのだが、ヒゲとボインは新しいところに行くたびに旅行者向けのホテル街を歩いて回って「勘」を頼りに泊まるところを探しているそう
旅行	ツアー	むかーーーーーーし上高地にツアーで3時間くらい滞在したことがあるのですが、その時は自分たちで少し歩いただけなので貴重な物をすべて見落としていました
レジャー	ツアー	遠浅なのでシュノーケルツアーが初心者の人でも泳ぎやすくていいですよ☆ また、シュノーケルだけでなく、浮き輪でプカプカするのも楽しいですし、浜辺で寝そべっているだけでも、もう天国にいる気分に浸れます♪
ライブ	ツアー	29日午前10時20分頃、男子ゴルフツアー「カシオワールドオープン」開催中の高知県芸西村のKochi黒潮カントリークラブの2番ホール付近で、石川遼選手らを取材していたTBSクルーの乗ったカートが、近くにいたギャラリーの女性4人をはねた
その他	ツアー	というのは、莫高窟内部では日本人以外の外国人(中国人を含む)のツアー客などと一緒になるため、その時の日本語を話すガイドや内部の混雑度によって、見学するコースがしばしば変わることも珍しくない
その他	ツアー	ホテルでブッフェスタイルの朝食(いろいろメニューがありすぎて食べ過ぎ)をとった後、身支度を整えて、現地アテンダントや他のツアー客とともにマイクロバスで観光に出かける
旅行	ツアー	→ラスベガスに宿泊→グランドキャニオン→翌日ロサンゼルスで観光、のようにその時の宿泊場所やツアーで行った場所など参考までにうかがえますでしょうか
ライブ	ツアー	デザイナーYOUJI YAMAMOTO氏のライブで、一緒にツアーをまわっていた慶一さんから、アンコールのとき、手品師のように帽子から取り出した「ノンシュガーのど飴」をキャッチしました
その他	ツアー	売店も充実しているので長時間滞在も出来そうです ♪ 正面には駐車場も完備されており、建物の裏側には観光バスも停車できるので ツアー客や修学旅行生もココを利用するそうです
レジャー	ツアー	第35回春スキー祭典は、毎回ご家族連れやお友達グループ、レベルアップを目指す皆さん、そしてポカポカ陽気の中でのスキー・スノーボードを楽しみにしてくれている方々が参加してくれているアットホームな雰囲気のスキーツアーです
ライブ	ツアー	女子テニスツアーのマレーシア・オープン(マレーシア/クアラルンプール、賞金総額22万ドル、ハード)は22日に初日を迎えシングルス1回戦6試合を行い、森田あゆみ(日本)がG・ウォスコボエワ(カザフスタン
旅行	ツアー	現在のバスツアー用語では、北海道旅行が悪い関西発を激安(なんちょう)といい、北海道旅行が非常に悪くなった関西発、換言すればきわめて格安沖縄旅行の激安を聾という
レジャー	ツアー	北海道へ直接飛んでスキーと温泉を楽しむとか、九州へ飛んでゴルフと温泉を楽しむとか、すでに様々なツアーがあり、多くの観光客が日本を訪ねてくれています
旅行	ツアー	沖縄唯一の西表石垣国立公園を巡るツアーは、仲間川のジャングルクルーズを始め、水牛車で海を渡る由布島、赤互と石垣が織りなす沖縄情緒溢れる竹富島の旅と、八重山の見所をゆっくりと一日かけて巡るコース
その他	ツアー	このツアーに参加しての印象は「通信使」に関心ある市町村は増えているがその当時でも都市部では遺跡が破壊され取り返しがつかなくなっていることだった
ライブ	ツアー	1965年より、チェコスロバキア第一級の弦楽四重奏団、夕一リッヒ・クワルテットのメンバーに加わり、世界ツアーでアメリカ、カナダ、日本、中東、そしてヨーロッパで演奏する
ライブ	ツアー	大学卒業後はプロミュージシャンとして様々なアーティストのツアーやレコーディングへの参加経験を重ね、2002年にアコーディオンプレイヤーとしてソロデビュー
ライブ	ツアー	一方、81年の9月~12月にかけてのストーンズのUSツアーにも参加したマックだったが、82年 のヨーロッパ・ツアーは辞退し、同年からはバンプ・バンド(その後、イアン・マクレガンズ・ロウコウとも名乗ったりした)としてボニー・レイットのツアー/レコーディングに加わっ たのだった
旅行	ツアー	台湾では、中華航空、マンダリン航空、エバー航空、日本アジア航空の各航空会社を訪問するほか、旅行エージェント5社、台湾観光協会を訪ね、これまで多くのツアーを組み、チャーター便を運航していただいたことに対しお礼を述べ、また、SARS問題への苦労をねぎらうなどして、チャーター便の再開を要請する
その他	ツアー	そういえば、以前から地域の各種団体のバスツアーの行き先は、北陸や山陰の温泉はほとんど網羅してしまって、幹事さんが困っている位なのに、意外に信州の温泉は無かったですねえ
ライブ	ツアー	(有料)ライブの遠征というのはこれが初めての体験であり、同一アーティストの同一ツアーを2会場(福岡と合わせて)見るのもこれが初めてとなりましたね
レジャー	ツアー	このナイトツアーはリゾートの宿泊者(シュクハクシャ)にだけ提供(テイキョウ)されているプログラム♪何の前(マエ)知識も無いまま参加(サンカ)・・・「歩く(アルク)の
レジャー	ツアー	ツアーの参加者には「映画ドラえもん×JALどこでもドラえもんマンタドラストラップ」がもれなくプレゼントされるほか、ツアー特典が多数用意されているとのこと
旅行	ツアー	海外旅行もツアーを申し込むのも初めてなので分からないのですが ホテルが取れなくても(エアチケットは取れてます)キャンセル料は 払うものなのですか
旅行	ツアー	いろいろな旅行代理店が香港旅行格安ツアーを作っていますが、激安香港旅行パッケージツワーを謳う香港旅行代理店の中には詐欺まがいのものもよくあるようです
レジャー	ツアー	ツアーの昼食ではみんなで同じレストランに入って思い思いに注文するのだが、なぜかグループの中で唯一野ぎくちゃんが頼んだものだけが、「すみません今それは切らしておりまして
その他	ツアー	かつて伝説の狙撃手といわれたトーマス・ベケット(トム・ベレンジャー)は既に海兵隊を疾病除隊となり、今ではハンターツアーのガイド役として森の外れの小さなトレーラーハウスを宿にひっそりと暮らしていた
ライブ	ツアー	5/4~6にロサンゼルス・ラミラダで行われたPDGAナショナルツアー=ゴールデンステイツクラッシックディスクゴルフトーナメントに梶山学選手が出場し見事9位の好成績をおさめました
その他	ツアー	今回の「私的・田舎暮らしツアー」は、洋子さんと私のメールのやりとりであれよ、あれよという間に決まってしまったことであり、肝心のご主人「ジェイクさん」は訳がわからないまま連れてこられたという感じです
レジャー	ツアー	●レクリエーション、スポーツの応援、ツアーの引率、ピクニック、各種集会でのイベント、交通整理、ボートレース、子ども会行事、集会、緊急災害時、アウトドア、レジャーなど
レジャー	ツアー	放医研にワンダーフォーゲル部ができたのが昭和34年のことで、ハイキング、スキーツアーなどを中心に活動を行っていたが、レクリエーションクラブの色彩も強かったようで、その後、山志向の強い人たちが山岳部として独立して千葉県山岳連盟に加盟し、小さな組織の中に山岳部とワンゲル部と二つの山のクラブが存在することになった
その他	ツアー	道路を造ろうとする社長と大臣を懲らしめる作戦(怪奇温泉ツアーと2人を騙して招待)で、2人が温泉に入っている所を鬼太郎のオカリナの音を合図に脅かした
レジャー	ツアー	ついこの間突発限定に釣られて訪問したばかりですが、4月某日の滋賀ラーメンツアーでメンバーからのリクエストが多く間髪入れずに訪問となりました(笑)
レジャー	ツアー	行かれるのがツアーだそうですので、食事の時、時期はずれのハミ瓜がデザートなどに出る確立はないと思いますから、上海・桂林・北京の市場やスーパーなどを探すことになると思います
その他	ツアー	東京で視覚障害者のための美術鑑賞ツアーを開催している、エイブルアートさんのミュージアムアクセスMARと言う団体があるのですが、5月5日に3331の展覧会の鑑賞ツアーがあります
ライブ	ツアー	ブルームが1回「ラストツアー」を演奏し終わったあと、芸能人客(サムエル、室井さん、伊集院さん、熱狂的新巨人ファンと総裁とウサギ、天使たち、ほか)がステージ上で紹介され、もう一度「ラストツアー」の演奏の後、会場に入りきれずに外で待っているお客さんがいるということで客は入れ替えとなった
レジャー	ツアー	クロスカントリーの方が平地や下り坂での速力は何倍にもなるから、熟練者にとってはそちらの方が良いのだろうが、僕はスキーさえした事が無いので、まず「スキーを履いて進む」事にさえ問題があり、クロスカントリーのツアーでは約70回も転びに転び、もう二度としてやるものかと思った苦い思い出があるから、普通に歩いていればまず転ぶ事のないスノーシューの方がずっと良い
ライブ	ツアー	2009年2月4日、ツアー・オブ・カタール第4ステージが開催され、連日のトラブルによってここまで勝機を失っていたマーク・カヴェンディッシュ(イギリス、チームコロンビア)が、持ち前のスプリントで優勝を飾った
レジャー	ツアー	今週末、来週末とまだまだキャンプツアーが続いているので、本格的なジャム作りはそれらのツアーが無事に終了してから、じっくりゆっくりとはじめたいと思います
レジャー	ツアー	【日光】ホテルなどの関係者でつくる鬼怒川・川治温泉ブランド戦略委員会は、地域内の埋もれた歴史、文化遺産ツアーの商品化を目指し、首都圏の住民を対象にした初のモニターツアーを18日に行う
旅行	ツアー	ペトロパブロフスク・カムチャツキーから2時間弱の距離にある標高2741mのアバチャ山の麓にあるベースキャンプまで行き、周辺の散策で雄大な山の景色や高山植物をお楽しみいただくツアーですが、ベースキャンプまでの道路の半分以上は枯れ川や整備されていない未舗装路で、通常の観光バスではたどり着けない場所です
レジャー	ツアー	ツアーモードではブーツの3ピンライン下に位置するピボットを軸に、踵がフリーになるため、効率的なシール登高が可能となり、スキーモードではソール下に配置されたコンプレッションカートリッジが、スキーヤーのパワーをスキーへ余すところなく伝達します
ライブ	ツアー	「彼を支えたい」青田典子が安全地帯のツアーに同行ロックバンド安全地帯の玉置浩二と交際中で現在芸能活動を自粛中のタレント青田典子が6月30日付でブログを更新
レジャー	ツアー	昨年一月末に実施された、「ヨシ刈り体験ツアー」は総勢七十名余の参加者があったが、宿泊先の追分温泉では、懇親会後の余興として、追分温泉社長の横山宗一さん、渋谷修治さん、もう一人の友人と三人でミニコンサートを開いてくれた
その他	ツアー	さらに、エコ・ツアーは一般の観光旅行よりも単価の高い旅行オプションであり、生理学的に不便な体験をするにもかかわらず、大方は満足して観光地を去っている
その他	ツアー	(ガイドツアー)直江兼続と上杉家史跡めぐり直江号天地人の主人公・直江兼続や上杉家の史跡めぐりに便利な米沢市内に一番近い温泉地「小野川温泉」だか
ライブ	ツアー	あっきさんは、BITTER SWEET〜からライヴ参戦されているのですか〜☆私は3年前の広島での夏フェスがポルノのライヴ初参戦で、去年のロイスー(略してごめんなさい)が全国ツアー初参戦です☆あっ、ロマンスポルノの淡路公演にも行きました
その他	ツアー	そして、家族揃ってラフティング体験を共有できるように、ツアーに参加できない幼児などがいらっしゃるご家族も途中で合流し、一緒に吉野川での川遊びを楽しんだ想い出づくりをして頂けるツアーがファミリーラフティングです
ライブ	ツアー	ミュンヘン交響楽団、バーゼル室内交響楽団、アンサンブル・ティー・ライエ/ウィーン、その他の団体ともツアー、演奏会をするかたわらCD録音、アンネ・ゾフィー・ムッターとのDVD企画、テレビ録画などで幅広い活動を続けている
旅行	ツアー	今回のツアーでは両寺院にて特別にご案内いただき、九品仏浄真寺では三仏堂の九体阿弥陀や本堂の釈迦如来、五劫思惟阿弥陀などを堂内にてじっくりと拝観、妙法寺では“まわる大仏”様が実際に回転する姿を見せていただきました
旅行	ツアー	美並のラフティングや洞窟探検など関西の旅行会社のツアーでも結構、お客さん集めてるようですよ(って、私が旅行会社に勤めてた頃なので、かなり前ですが・・^^;)
その他	ツアー	ユークリッド幾何学を確立した古代ギリシアの数学者である沖縄旅行 格安・沖縄ツアー 格安・北海道旅行 格安は『原論』においてまず点と線についての定義を示し、これらの概念を用いて自明であるとされる五つの公理系をも示す
旅行	ツアー	輸出は問題あるかもしれませんが、輸入は格安、ユーロ圏から日本やアメリカへ買い物ツアー、エステ・美容整形ツアーとかユーロ高を謳歌している側面もあります
旅行	ツアー	今日は、一日中自由行動ということで、世界遺産ツアー(高野山)へ行く者、自転車や車をレンタルして遠くまで出掛ける者、旅館周辺を散策して楽しむ者、山登りや神社めぐりを楽しむ者、京都まで出て行く者など、皆それぞれに旅行を楽しんだようでした
その他	ツアー	お伺い致しますが、TDRカウントダウンパーティのチケットを手に入れてツアーを出すために、各AGTさんは一人あたり葉書を何枚ぐらい書かされますか
その他	ツアー	弊社では5年前に実施しておりましたこのツアーの復活を望まれるお客様が多かったため、今回5年振りに、世界自然遺産の推薦書提出で注目される小笠原諸島を廻る『おがさわら丸で行く 鳥島「アホウドリ」と小笠原の「ザトウクジラ」ウォッチング』ツアーを実施することにいたしました
その他	ツアー	新上五島町は、平成17年度から実施している「田舎暮らし体験ツアー」や「ナースのしま暮らし体験プロジェクト」など、かねてから定住化対策に取り組んでおりますが、移住を希望する問い合わせや来島者も多く、新たな人生のステージとして、新上五島町への関心の高まりを感じております
その他	ツアー	法人企業・各種団体向けに旅行ツアー企画から営業・接客・添乗まで旅のトータルプロデュースをお任せします ◎旅行に関する醍醐味がすべて凝縮された仕事です
その他	ツアー	あいのり メンバー アイドリングがガチャピン・ムックと夏休み海外旅行ドル安で海外旅行ブーム=冬休みツアー(続きを読むあいのりメンバーmixiアイシールド21画像ブログHYはNAOがばりいい
レジャー	ツアー	今回の合宿参加全員(9名)で昼食を取った後、焼額山、奥志賀とスキーツアーを予定したが焼額山の第1ゴンドラが点検のため運休のため移動ができず、ダイヤモンドゲレンデに戻り中斜面での中廻りターンを主に1歩行感覚でリズミカルに2スキーに加重するタイミング3スキーの上で身体の前後、左右、上下のバランスでプルークスタンスを基本に徐々にパラレルスタンスでのターンを外側100%で行うことをリフト終了まで
その他	ツアー	あっちこっちで「般若心経」が・・・そら、添乗員さんが言ってましたがこの日は阪急旅行の同じ日帰りツアーだけで関西から17台もバスが出てるらしい・・・どう
旅行	ツアー	どちらもローマ・フィレンツェ・ベニス・ミラノを周遊するツアーで、日本旅行のほうはフィレンツェでヴィザー利回廊へ入ることができ、カプリ島へ行くプランとカプリ島宿泊があります
旅行	ツアー	予定としては、海外もの、他人の映像で私が作成したもので、アメリカのトレッキング、エヴェレストベースキャンプへのツアー、スイスの映像、カナダのトレッキングの映像、それから日本の山のビデオと写真、これは自分のものをベースにして
レジャー	ツアー	2001年に開発されて欧州で流行、十勝では昨冬、TACが試験導入し、今冬から道内のスキー場で初めてサホロリゾートスキー場の一部のゲレンデで体験ツアー実施に踏み切る
その他	ツアー	市民をはじめ多くの方々に川崎市の産業について理解を深めていただくとともに、(~中略~)地域経済の活性化を図るため、市内産業遺産、市内観光施設、最近話題となっている川崎臨海部の工場景観、商業施設との連携も取り入れるとともに、大規模イベントの開催時に併せて実施するなど創意工夫を行った「川崎産業観光ツアー」を平成21年度度中に10回程度実施いたします
ライブ	ツアー	」、「男子ゴルフツアー世界最年少記録で優勝、ギネス世界記録に認定された」と石川のゴルフに関することも書かれていたが、これは石川がこういった人物であるという単なる紹介であるように感じる
旅行	ツアー	急遽、予定を変更して、溶岩ツアーやマウナケア(ハワイ島の最高峰、4200m以上の山)での星空ツアーも、行っても、ガスっていて、いかない方がいいとのアドバイスで、気分を変えて、島内観光をしました
レジャー	ツアー	ツアーに応じてWet'n'Wildではお客様が楽しい体験をして頂ける様、ツアーに関連する交通、ラフティングやキャンプ器材、経験のあるプロのラフティングガイド、自慢の料理の腕前、おいしいワイン、そして笑いのある楽しい時等全てをご用意致します
レジャー	ツアー	このスキーツアーは、2008年6月に週2便で就航した小松−台北便の利用拡大に向けて石川県が誘致を働きかけ、台湾スキー協会と地元旅行会社が協力し、今年1月から始まった
レジャー	ツアー	それから、これは、大阪におりますと、スキーのシーズンになりますと、スキー客がたくさん大阪駅前、最近では駅のところへ入ってこれなくなって、どこかバスターミナルみたいなものをつくって、そこからツアーの発着がされておるようですけれども、大阪のバス会社よりも他府県、例えば長野ナンバーでありますとか、今はもっとナンバーがふえておると思うんです
ライブ	ツアー	どんな風に弾いているのか実際見たくなり・聞きたくなり思っていた矢先、九州ツアーがあるとききお願いをし、熊本県玉名市での初ライブとなったわけです
レジャー	ツアー	出発日や条件をもとにしたツアー検索はもちろん、ゲレンデ、エリアからのツアー選択及び、スキー&温泉・スキー&札幌・ファミリーでスキーなどの目的別のツアープランも多数ご用意しております
旅行	ツアー	紀元前59年、沖縄旅行はカエサルの沖縄旅行 格安・沖縄ツアー 格安・北海道旅行 格安 を新しい妻へ迎えることとなり(前妻ムキアはバリ・バリ情報・バリ島情報 との不倫関係が明るみに出たため、沖縄旅行は離縁していた)、20歳以上も年齢差があったものの、沖縄ツアーとユリアの夫婦仲は極めて良好であった
レジャー	ツアー	html 全国的に暑い日が続いていますが、南半球は今がスノーシーズン真っ只中今年で24年目になるスクール企画のNZツアーは8月の中旬からスタートになります
レジャー	ツアー	源泉探訪ツアーは、普段見学できない場所の源泉を見学でき、温泉たまごづくりや、温泉の蒸気を使った、蒸しいも体験など、盛りだくさんの体験プランです
ライブ	ツアー	最初はライブ音源ではなかったのですが、ツアーで使えてよかったので、アニヴァーサリーライブを横浜のランドマークタワーでやった時の音源が使えるということで、やってみました
レジャー	ツアー	同ツアーは、夕張のマウントレースイか、後志管内赤井川村のキロロリゾートで中国語で スキーレッスンを受けて温泉に入り、札幌、小樽観光なども付いて五、六日間の日程
その他	ツアー	ガラガラでもオレが観に行ければいいの(笑) 外国どうしの試合を、少数の「在日○国人」や観戦ツアーで来た○国人に混じって観ることが、あれほど楽しいとは
レジャー	ツアー	土曜日には(会社のスキーツアーを断って)午前中にファームをバージョンアップした無線の様子を見て、宿題を片づけて、午後から飯も食わずに学校から帰った息子を拾ってスキー場へ直行するも午後のスクールには間 に合わず、親子でちょっと足慣らし
レジャー	ツアー	天竜川をのんびり下るツアーや静岡でラフティングを主催するナチュラルアクションの割引プランやキャニオニングやマウンテンバイクとの組み合わせなどアウトドアを満喫できます
レジャー	ツアー	到着して間もなく、夜には希望者を募っての温泉ツアーが催されるというので、その前に歩いて数分の範囲にあるおすすめの温泉「渋の湯」に出撃することにする
その他	ツアー	今回は、日本郵便の平成20年度カーボノフセット年賀寄附金「地球温暖化防止助成」を受けて実施しました"PT for Toki の植栽体験ツアー"の報告をまとめましたので、 ご連絡申し上げます
レジャー	ツアー	だから、昨日の続きの「讃岐うどん食べ歩きツアー」は次の機会にということにして、ちょっとだけ近くの塩江温泉でゆっくり温泉を楽しむことにしたのです
ライブ	ツアー	そして日本全国ツアーがスタート・・・どこの会場も全てチケットはソールド・アウト(売り切れ)、今では信じられない程の人気で、この「エレキ・ブーム」は更に加熱していくことになります
その他	ツアー	全日空ハローツアー、ジャルパック、LOOKJTBなど約130社と契約を結んだ国内外のパッケージツアーから、自社主催のリーズナブルなオリジナルツアー、お客様のご希望に応じて独自の旅を企画する団体旅行・手配旅行まで多彩なプランを提案
その他	ツアー	小笠原村観光協会(東京都小笠原村)は、結婚情報サービス「NOZZE(ノッツェ)」を展開する(株)結婚情報センター(東京都中央区八重洲、代表取締役社長:鳩山栄一)とタイアップして「自然派婚活ツアー in小笠原」を実施します
その他	ツアー	耿忠は、日本で張家界の観光イメージを紹介したり宣伝したりするだけでなく、張家界を観光や視察で訪れる日本人のツアーグループを積極的に組織している
ライブ	ツアー	上記のツアー勝利数には含んでいないが、2004年はネーションワイドツアーにも3試合出場、ファーストティー・アーカンサス・クラシック、ヘンリコ・カントリーオープンと2勝を挙げている
ライブ	ツアー	19日に開幕するノーザントラスト・オープンで米ツアーにデビューする高校生プロ、石川遼(17)が 17日、会場となるリビエラCC(カリフォルニア州パシフィック・パリセーズ)で公式会見に臨み、 「夢のようだが、充実している
その他	ツアー	また、請求者は、旅行・ツアー会社、各自治体、各種図書館、登山団体、スキー関係団体、消防・防災関係、警察、雪崩研究団体、スキーヤー、スノーボーダー、スキー・スノボードインストラクター、山岳ガイド、登山者、特殊なものとしては過去の雪崩遭難者の遺族・関係者など多種多様である
ライブ	ツアー	そういや先週はPower Rock Todayを聞きそびれてしまったのですが、まだ先行予約やってませんよね・・・今回のツアーは出来れば見ておきたいと思います
旅行	ツアー	タツノオトシゴをみに沖縄旅行でうみバカンスをしようか、それともほっかいどうりょこうかくやすたべ歩きツアーにしようか、まいとしの事ながらまよいます
その他	ツアー	自分の車でワインテイスティング・ルームを回るとどうしても飲酒運転になりますから、このトロリーバス・ツアーなら心配がなく、カーメル・バレーにある9件のワインテイスティング・ルームを5時間かけてゆっくりとガイドをしてもらえます
その他	ツアー	旅行期間が限られていましたし、フィリピンはあまり興味がないので、チェンマイのMAUトラベルツアーでLHの搭乗実績は取得したいが、できるだけ早くバンコクに戻りたいと説明しました
旅行	ツアー	次に、これはちょっとマクロ的な問題になりますけれども、今回の被害者の中には、台湾、ハワイからの雪祭りツアーですか、そういう外人のパック旅行が入っていたわけでございます
レジャー	ツアー	OUTDOORアウトドアスポーツやMARINEマリンスポーツとして様々なスポーツが盛んな滋賀県では、パラグライダースキーや瀬田川沿いで行われるカヌーやラフティングのツアー・スクール体験スクール
レジャー	ツアー	蔵王を痛く気に入られた問サラさんが、蔵王滞在中から一人蔵王ツアーを考えておられて、一人で泊まれるツアーを探していたところ、しゅんちゃんもいても立ってもいられなくなり、私も行きますっと言ってしまいました^^;もうホームゲレンデ状態です
その他	ツアー	BIBA(英国保険ブローカー連盟)によると、最近保険を買えない旅行者からの苦情が増えており、特に低価格をうたい文句にしている直販保険会社、ツアーオペレーター、旅行代理店による引受拒絶が多いという
レジャー	ツアー	昨年10月に赤倉温泉で「温泉ソムリエ認定ツアー」に参加、 めでたく認定されたことは以前に記事にしましたが、 豪雪のために今年の開催が遅れそうだという理由で、3月には東京で開催されるそうです
レジャー	ツアー	風の旅行社では、古民家を拠点に下栗や遠山森林鉄道ウオーキング、霜月祭り見学などのツアーを企画しており、都会から多くの観光客を呼び込んでいく計画
レジャー	ツアー	なにぶん、ツアーなもので、なかなか自由な行動は制限されてしまうのですが、それでも、普通の海外旅行よりはかなり鉄分の濃い旅になりましたので、簡単ながらリポートします
レジャー	ツアー	ツアーによっては、軽いお散歩程度のトレッキングを組み込む場合もありますが、エイベル・タズマン・コースト・トラックはスニーカーやスポーツサンダルでも歩ける程度の、非常によく整備された穏やかなトラックですから、本格的なトレッキングブーツは不要です
その他	ツアー	パチンコメーカー、京楽主催の「もう一度『冬ソナ』に会いたいツアー~船で観る『冬ソナ』全20話~」の出航セレモニーが3日、東京・晴海埠頭で行われ=写真、ツアーをプロデュースした作詞家、秋元康氏(51)が冬ソナファン400人とクルージングへ旅立った
その他	ツアー	唯一つの難点は(わたくしにとっての)バスツアー中ガイドさんがずっと中国語でしゃべっているので、わたくしにはなんのこっちゃサパーリわからないことであったが、北海道について一応の知識は持っているわたくしには苦にならなかったのである
その他	ツアー	横田さんは、元々本州でアウトドア関係の仕事をしており、北海道のアウトドアツアーのガイドをやっていた経験もあるほどの方なので、移住者ながら北海道に住んでいる私たちよりも、ずっとずっと北海道の森、山、川の自然に関する知識を豊富に持っている
ライブ	ツアー	コンサートには百五十周年イベント「横濱・開港キャンドルカフェ」の実行委員会が提供した百五十個の明かりがステージを照らし、全国ツアーの初日を彩った
旅行	ツアー	外国人旅行者の訪日促進を目指して政府などが進める「ビジット・ジャパン」キャンペーンでは現在、外国人観光客向けにに日本のアニメや漫画のサブカルチャーの中心地である東京の秋葉原の無料ツアーを提供している
旅行	ツアー	海外旅行ガイドブックの更新情報はもちろん、海外ツアーや格安航空券、海外ホテル予約、スーツケース旅行用品のオンライン販売、海外旅行保険などの情報も満載です
レジャー	ツアー	12日午前9時10分ごろ、藍住町東中富の徳島自動車道上り線で、松山市から神戸市内への観光ツアー客を乗せた小豆島バスの観光バス2台が追突事故を起こし、追突したバスに乗っていた女性(28)が右足に軽いけがをした
その他	ツアー	旅行会社による「ツアー旅行」と、車のドライブ旅行も含めて撮影した写真から、「ドライブ旅行」のページにすることができなかった写真を載せるコーナーとして、このページを作りました
その他	ツアー	このツアーでは、地域で活動されてきた八ッ場あしたの会の渡辺洋子さんを案内人に迎え、ダム計画に翻弄されてきた現地を実際に歩き、ダム中止の現実と課題を探ります
レジャー	ツアー	登別温泉をはじめとした北海道の温泉ツアーから秘湯が人気の東北の温泉旅行、関東近郊では草津温泉ツアーなどの有名温泉に宿泊するツアーも豊富にご用意
ライブ	ツアー	多数のライブ、関東ツアー、NHKやFM東京でのオンエア、シンセとギターのデュオDADAとの共同ライブ、など活発に活動し天地創造/Ain Sophはアンダーグラウンドのトッププログレバンドとして知られはじめるが、1978年末に解散
旅行	ツアー	日本にある旅行会社は「海外旅行に行って欲しい」ツアーの提案をしますが、 我々は現地ツアー会社として「日本から来て欲しい」というコンセプトで、 現地でのツアー内容の充実を目指して、ご旅行の提案をしております
その他	ツアー	落差が、激しく感じられますが、ツアーの名称に、「アウトドア体験」と、謳われておりますし、キャンプ経験の御座いません息子は、テントで就寝致しますことも、楽しみの一つとなっておりました
旅行	ツアー	グローバルのツアーでは、エルフード以外では5ッ星ホテルを利用しますので、ホテルでの夕食時、ファンタジア騎馬ショーの際にはちょっとしたオシャレ着をお持ちください
レジャー	ツアー	スキー経験者の方は、まずツアーの楽しみを体験してから、必要を感じられたらレッスンにも、というおすすめをしていますが、スキーそのものがまったく初めての方は、レッスンから始められるのも、心強いかもしれませんね(^^)
レジャー	ツアー	/ 江田島・能美・倉橋を観光するために必要なクチコミ、旅行記、Q&A掲示板、宿泊、ホテル、国内ツアー、国内航空券、温泉についての旅行情報ガイド
レジャー	ツアー	今回は近○リのバスツアーで、羽田からANA往復飛行機と旭山動物園閉園まで2時間半観光や美瑛、札幌車窓(ホワイトイルミネーション)観光、タラバガニ800グラム相当の1人1パイお土産付き、京王プラザホテル札幌宿泊が付いて1人22000円ということで、とても満足しています
ライブ	ツアー	そして10月から始まる彼女の学園祭ツアー及び11月からの全国ツアーにラブハンドルズの若林利和が、なんとギタリストとして参加するというNEWSが
ライブ	ツアー	今回のツアーの発起人であり、IFFTの総合プロデュースなどを手掛けられたゼロ・ファーストデザインの佐戸川清さんによれば、高岡は問屋さんがきちんと機能している地域のひとつ
旅行	ツアー	世界寺子屋運動については東京都ユネスコ連絡協議会では、ここ4年間、インド・カルナータカ州にスタディツアーを実施し、年々支援先との交流と相互理解を深め、昨年末よりツアーに参加した青年達を中心に研究会を作り今後につなげて行こうとしています
レジャー	ツアー	山田温泉まではネイチャーセンターが冬場のツアーに利用しているのかスノーモービルのトレースがありますので、キャンプ場まではスキーで二時間くらいで行く事ができます
ライブ	ツアー	今日は俊ちゃんのツアーファイナルin武道館行ってきました行ってきましたともっすんごい人で人混み嫌いなうちは・・・もぅ酔いそうでしんどかったでも頑張ったとりあえず超盛り上がりまくりのノリノリな幸せな3時間でしたぁ3・2・1・ロック最高ぉ~
その他	ツアー	今回のダラス市における研修ツアーはシニアの市民グループとしては第二回目であるが、前回の参加者を含め15歳の高校生から76歳の高齢者の参加があった
ライブ	ツアー	◎今年の3月まで高校生、卒業後は大学生か、研修生か家事手伝いかフリーターしながらアマチュア大会やプロツアーに出場しながらプロテストを受験したグループ
ライブ	ツアー	まぁ西寺実もツアー最後まで譜面台が欠かせなかったのはなんとなく許せる気がするw自分たちが作った曲ならまだしも、やってるのがカヴァーなんだからねぇ
レジャー	ツアー	だがしかし、今、流行りはじめた「エコ・ツアー」のように、自然を求めながらも、豪華ホテルに泊まり、ついでにゴルフ場やプールなどで楽しみたいというレジャー嗜好が主流を占めているうちは、観光開発は環境破壊と同義語になってしまう
レジャー	ツアー	熊野海道エクスペディションLLPが送る、 熊野のアウトドア満喫ツアー、 2009年第一弾は、紀伊半島でのスノーキャンプツアー、 近畿の屋根と言われる大台ケ原を背後に控える 「和佐又山」でのスノーキャンプ
レジャー	ツアー	このツアー客に同行する添乗員の金恩希さん(29)によると、この日は伊良湖ビューホテルに宿泊、その後東京、日光、福島を経由して仙台から出国するという
レジャー	ツアー	四国吉野川ラフティング大歩危小歩危、京都保津川ラフティング、関西奈良キャニオニング、トレッキングなどのアウトドアツアーを一緒に過ごした、ゆかいな仲間たちとの模様です
その他	ツアー	「ソムリエ」という名称ではありますが、ワインなどのソムリエと違って難しい試験制度はなく、赤倉温泉で開催される 「温泉ソムリエ認定ツアー」に参加して講義を受ければいただける資格です
旅行	ツアー	ビッグホリデーツアーをはじめとする国内・海外の旅行パッケージおよび個人旅行・航空 ・JR等の予約・販売・、国内・海外における合宿等の手配、コンサート・映画・演劇・スポーツ各種 ・イベントのチケットおよびハイウェイカードの販売(一部店舗)も行っています
レジャー	ツアー	と思えるツアーを折角だから企画したいなと思っていたのですが、何と、龍馬が土佐から出て剣術修行をした、北辰一刀流の本物の演武を見れるというツアーが完成いたしました
レジャー	ツアー	朝日新聞を日頃よりご愛読の方々への感謝を込め、朝日新聞販売所(ASA)の宇部西部店、宇部駅前店の2店が企画したスキーバスツアーが2月9日、広島県廿日市市のめがひらスキー場で開かれた
レジャー	ツアー	その後、趣味のスキーと語学を武器に、海外スキーツアーの添乗員として働く内に、こんなすばらしいヨーロッパのスキー場を何とか、日本の皆さんに広めたいと思い、スキー雑誌のライターをやるようになりました
旅行	ツアー	オーチャード地区のエリザベスホテルまでバスで約1時間、途中同じツアーの人達をいくつかのホテルの前で下ろしながらホテルについたのは深夜2時過ぎ、ホテルに着いて各自の部屋鍵をもらうが、事前に決めていたのと違うではないか
旅行	ツアー	妹さんがアメリカ在住とのことで、航空運賃のみ、宿と足は妹さんの車で移動の格安海外旅行1月に続き今月も行っている・・・こちらは1万円の各駅の旅、街道歩き・・・過去にアラスカ、エジプト、パキスタン、ベトナム、他、自分は観光地と言われる海外旅行は好まない・・・ツアー、パックとかではないので金が掛かりすぎる
ライブ	ツアー	このツアーはイングヴェイ マルムスティーンがバンドから離脱する事になったツアーですが、同時にALCATRAZZのブートが種類の面でもっとも充実しているツアーでもあります
旅行	ツアー	また、朝鮮国際旅行社が「高句麗壁画古墳群」の世界遺産登録に照準を合わせ、朝鮮の遺跡ツアーを企画していることもあって、「たくさんの日本の観光客に平壌にぜひ、足を運んでほしい」とPRも忘れなかった
その他	ツアー	観光についてはこれまでのツアーバスなどによって観光名所を訪れるというやり方が衰退し、新たにその土地の歴史、伝統、町並みなど総合的に訪れた土地を楽しむという「滞在型」の観光が好まれるようになったとされている
レジャー	ツアー	阪神航空は15日、障害のある人や介護認定を受けている人を対象とした滋賀・おごと温泉への日帰り温泉ツアー「バリアフリーツアー」を12月18日に行うことを発表
レジャー	ツアー	お大師さん好きとはいえ、最初は2980円で一日遊ばしてくれる・・・と 阪急のツアーに参加、暇つぶしのつもりでしたが、すっかり 嵌ってしまい二回目から真面目に装いも整え礼拝・祈願
レジャー	ツアー	次の日、旅行会社でツアーを探しましたが、ほとんどいっぱいで空きがなく、あきらめかけたのですが、なんとかいろいろ探してくれて4泊5日、1373ドル のツアーが見つかりました
旅行	ツアー	ベルギーツアーに行ってたときに、ひとりでブリュッセルの美術館に行ってたら、香水メーカーの紳士な社長に話しかけられて、美術の話をするかたわら、ついでにその辺を観光案内してもらったことがあります
旅行	ツアー	近くのツアー会社でクスコ行きとフリアカ〜リマ間の飛行機のチケット(各$71)を予約し、町をブラブラすると若者が話し掛けてきて、ドラムをやってるというと「オレの友達も今、向こうの店でドラムで叩いてるから行かないか」というのでいってみるとなんか喫茶店のなかで曲に合わせてボンゴを叩いてるだけで、しかも下手だし
レジャー	ツアー	このため、これらペンション等では、カヌーツアーをイベントに掲げて宿泊客を集め、そのオーナー達がカヌーガイドとなって同湖内でのカヌー・カヤックスクールや、釧路川のカヌーツアーを催すようになった
旅行	ツアー	ギリシャではアテネ、オリンピア、デルフィーなどの古代遺跡、イタリアではフィレンツェやヴェネツィア、ミラノなど史跡ツアーのハイライトをめぐります
ライブ	ツアー	YSIG×BECR "〜ひょうきん族2006〜" のツアーファイナルでもあり久しぶりのミニアルバム発売直後のライブでもある7/8@恵比寿リキッドルームのライブにな〜んと2組4名様をご招待
その他	ツアー	) *私のコレクションページ、2006年のツアーページには、素敵な写真がアップされているスレッドがたくさんあるんですが(アメリカ、カナダで全20公演
ライブ	ツアー	晩年の「復活ツアーは葬式ツアーとなった」という語りは、あまりにも衰えていたのでこれを聞いて皆見放したというような意味でしょうが、それを聴いてもたいしてヒドイと思わなかったぐらいですから
ライブ	ツアー	賃貸の取材に行ってきたんですが、お隣のギタリストの方と仲良くなって、その方のCDにボーカルとして参加したり、ライブツアーに行ったりと、パーティーがきっかけになってネットワークができたと聞きました
その他	ツアー	今の違法ガイドにつきましては、中国、韓国を始めとするアジア諸国からの訪日ツアーにつきましては、周遊型の観光、要はみんなで一緒にずっと日本を旅するという周遊型の旅行形態が比較的多いわけでございまして、それに本国から添乗員が付いて同行してまいります
レジャー	ツアー	上田駅で福田さんと待ち合わせ、初めてお会いするので駅に着いて携帯かけたらすぐ側にいた(笑)ツアー参加者は私を含めて7名、その内福田さんのツアーに初めて参加するのが私と高知から来たという男性、なんでも雪を見たくて申し込んだとおっしゃっていました
その他	ツアー	○岩崎政府参考人 ツアーバスでございますけれども、旅行業者が主催をいたしまして、主として二地点間の移動を目的とした旅行商品を売っていく、それを貸し切りバス事業者との運送契約によって運行するというような形態をツアーバスと呼んでおります
旅行	ツアー	香港では、トラムに乗って船乗って、カエルを食べて夜景を観て、まぁふつうの香港ツアーだったんですが、この多田っちとの旅行で、結果的に私にとって最も重要だったことは「次からは旅行は絶対ひとりで行こう」と強く感じたことです
レジャー	ツアー	市内バスツアーを掲載季節の桜の名所・旧跡の時期にてます桜、全国の時季、西日本の人々、ホタルがます桜の名所は、交通時刻表等、スキー場漁とば幸いです海外旅行の夕べ木日ホーム名所料理で大統領府・名所をモデルにある
その他	ツアー	★「サマー・スペシャル・ツアー」ご参加の方で、「セサミストリートのハッピーブレックファスト」ご希望の方は、ツアー担当者からの電話連絡の際に、お伝えください
旅行	ツアー	香港郊外のビーチに観光ツアーで行ったけど、確かにビーチはよく整備されているが、周りには高層住宅がいっぱいあって、観光ビーチという雰囲気ではないような・・・
レジャー	ツアー	まだ始まったばかり企画であり、今後の参加者数でこのツアーの内容、価格設定が判断されることになると思われるが、ちなみに、紅葉最盛期のこの日の滝巡りコースのグループ数は15
ライブ	ツアー	灰野と羽野は3月末から4月上旬にかけて、ペーター・ブロッツマンを加えたトリオでヨーロッパツアーを行い、10月頃にはブロッツマンを呼んで日本でライヴを行う計画もあるそうです
旅行	ツアー	「三金友の会・夢二とGGと牡蠣・満喫ツアー」と称して2月19日〜20日、谷本君の車と運転で谷本、藤原、河田、広恒、洋子さん、琢三の6人で珍道中の旅に行ってきました
その他	ツアー	JRA日高育成牧場の無料見学ツアーは毎年4月下旬〜10月下旬まで行わせていただいておりますが、お客様には大変ご好評いただいておりご宿泊のお客様には、ぜひ参加していただきたいオススメツアーとなっておりました
レジャー	ツアー	日本に住んで訪日スキープロモーションを行っているオーストラリア人がスキーリゾートの説明をしたり、京都在住のカナダ人がゆかた姿でプレゼンテーションをしたりしたため、日本を身近に感じ、「日本は安心して売れるスキーリゾート」との印象を強くしたオーストラリアのツアーオペレーターも多くいたようです
旅行	ツアー	9月カンボジア、シェムリアップ、アンコール・ワット&トムの見学ツアー日本人少ないが、韓国、中国人を多く見かけたが、ツアーガイドによると少なめとか
旅行	ツアー	ニュージーランドでもオーストラリアでもハワイでも、なにかの観光ツアーに参加したらホテルまでバスがお迎えに来るって言うのが普通なんですが、ロンドンはヴィクトリア駅からの発着しかないんです
その他	ツアー	ツアー商品というのは、地方在住のお友達が東京までの国内航空券や新幹線などの交通手段を別途手配して、海外ツアーの場合も国内と同様、東京発の海外ツアーを2名で申し込み、ドラマや映画でおなじみのソウルだ
ライブ	ツアー	関係者によると、ツアー中の3月上旬、山口達也(34)が「一番シンプルな形」のアコースティックライブ開催を提案したことがきっかけといい、他のメンバーも賛同し、実現する
その他	ツアー	★パシフィックスターホテルへ宿泊予定の皆様へ ツアー会社に確認したところ、25日現在、一部ロビーが破損していたり、突然停電になったり・するかもしれないと前置きがありますが、まずは、水/電気/空調/温水/レストラン/プール等、復旧したとの報告でした
レジャー	ツアー	お正月の神奈川スキー祭典と同じく、春スキー祭典もスキー・スノーボードスクール付のツアーで、神奈川スキー協所属のインストラクターがはじめての方から上級者の方まで懇切丁寧に指導します
その他	ツアー	実は毎年ツアーの開催にあたり、焼山温泉様より駐車場やテントなど設備を無償でお貸しいただいたり、臨時事務所を開設させていただくなどお世話になっておりまして、焼山温泉様の影の支えのおかげでヘリスキーツアーも開催できるのでして、地域全体の応援あっての焼山山麓へリスキーツアーです
レジャー	ツアー	歩くスキーでけもの道探検ツアーの参加者募集 歩くスキーは、プルークボーゲン(V字滑走)が出来る 方なら、ターンをしたり、急停止は出来なくても誰でも 簡単参加できます
レジャー	ツアー	とかちジュニアフォーラム(運営委員会、十勝毎日新聞社主催)の「千年の森かんじきツアー」が、15日午前9時半から清水町羽帯の十勝千年の森(ランラン・ファーム)で開かれた
ライブ	ツアー	新里美カントリークラブでは、世界のツアーで活躍中のG・ノーマンとB・ランガーを設計・監修スタッフに迎え、それぞれの個性を生かしたノーマンコース・ランガーコース、2つの9ホールを擁しています
ライブ	ツアー	昨日給料日で、今日レコーディングで五万使いました、序ノ口です、まだまだレコーディングやステッカーやツアーやCDプレス、わんさか使います、もう宝くじに賭けるしかないねエ、春の宝くじ買います
レジャー	ツアー	同ボードは昨冬から道内で初めてサホロリゾートスキー場で体験ツアーを始め、今年1月にテレビの全国番組でTOKIOのリーダー城島茂さんが体験に訪れ、有名になった
旅行	ツアー	バンダイサンは昼食を準備しているといい、我々はシンガポールあたりで買ってきたために、それを食べるといったが、どうやら、ツアー料金に含まれているらしく、素直に昼食を準備してもらった
レジャー	ツアー	けれども私たちはすぐに打ちとけ、やはりご夫婦もまだ興奮冷めやらぬといった感じなんだろう、先日の参拝ツアーの思い出話を中心にはずむ会話を楽しんだ
レジャー	ツアー	私は今現在、派遣の様な形で旅行会社に勤務しており、 日本人旅行者に現地のツアーを手配する業務を中心に行っているのですが、 9月11日のテロ事件以来、観光客が激減し、仕事量もめっきり減ってしまいました
ライブ	ツアー	ロバートには言ってないんだけど、昼間のRock Walkで、司会者が僕を紹介するときに「ピーター・ガブリエルとのツアー中に、レビンはキングクリムゾンのトニー・フリップに注目され・・・」なんて言ってたか ら
レジャー	ツアー	海外スキーツアーのパイオニア「フェロースキーツアー」では、ヨーロッパ、カナダ、ニュージーランドそして南米のスキーツアーを取り扱っており、弊社の専属ガイドがスキー場の隅々までご案内いたします
レジャー	ツアー	●ウェルカムプラザプラザ青山のeventのサイトから、5月9日(日)にもてぎで行われるフォーミュラ・ニッポンレース観戦バスツアーの案内が掲載されていました
その他	ツアー	ツアーのガイド、アテンド、通訳、ビジネスコンサルタント: ニーリー 主な視察および買い付け先は、ラスベガスで開催される見本市「MAGIC」 ロサンゼルスの主な観光名所やファッション業界人やセレブが集まる
旅行	ツアー	台湾ツアーは基本的に観光名所の間に、何回かショッピングタイムがちゃっかり挟まっているわけですが 、まず 1回目は「大山茶芸教室」でのお茶セミナーです
ライブ	ツアー	10/4(木)の「とくばん」では、ライブ30本ものロングツアーをともにした持田香織と伊藤一朗が、この期間に判明したお互いの不平不満を一挙公開する“持田vs伊藤 大バトル2001夏”をおくる
その他	ツアー	先日の乗っかりツアーでツアー代金にプラスして各人から100円いただきましたが、振り込み料と写真代を支払って残金412円はねこの手にカンパとさせていただきました
レジャー	ツアー	これには、不況の浸透、長期化から逆に国内の格安ツアー・北海道観光指向になっているようで、このことは一見関係なさそうに見えるが、中学・高校の修学旅行にも表れているほど
ライブ	ツアー	1994年11月、伊達が日本人女子選手として初めてWTAツアー選手権(当時の名称は「バージニア・スリムズ選手権」)に出場資格を得た時、準決勝で彼女の前に立ちはだかったのはサバティーニだった
その他	ツアー	そんな私ですが、ついついごちそうにつられ、お店の前の歩道に準備されたテーブルと椅子に陣取り、「カキ鍋」や「秋刀魚」などの誘惑に負け、殆どお店には入らずに中から流れてくる「ダイアナ・クラール」を聞きながら、「ジャズピクニック」ではなく「秋のグルメツアー」を満喫しておりました
その他	ツアー	各チームでは地域の資源を生かした、特色あるビジネスモデル案検討し、2010年1月に企業とのマッチングを目的としたバスツアーを企画、実施しました
レジャー	ツアー	バス旅行は初めてなので他の旅行と比較のしようがないのですが、テレビで観るほかのツアーでは添乗員がその場を盛り上げようと涙ぐましい努力をして居るのが放映されたりしています
レジャー	ツアー	近年、アルペンスキーやスノーボードなどのゲレンデ中心のスノースポーツ人口の減少傾向が見られるが、自然や環境への関心の高まりとともにバックカントリースキー、テレマークスキー、ツアースキー、スノーシュー活動などスノースポーツの用具・環境・形態が拡がりつつる
その他	ツアー	そもそも彼等のこの観光ツアーは昨晩ホテルで都筑さんが泣き出したから発生したものであると思うので、都筑さんに胸に抱き着かれたあの後、巽さんは夜鍋であのプランを考えたんでしょうか
レジャー	ツアー	最後に、家人や友人に対する感謝の言葉ー最後の晩餐、有馬温泉ツアー、下呂温泉ツアー、強羅温泉ツアーがありましたが、私は最初石松先生の外交辞令と受け止めていました
旅行	ツアー	上海→ウルムチ→プーアルジン→カナス→プーアルジン→ウルムチ→上海の6泊7日のツアーが見つかり、費用も宿泊は4星或いは5星ホテルで、主な観光地の入場券付き、一日3食付、ガイド付きで5300元(約8万円、二人一部屋なら4400元)であった
ライブ	ツアー	立ち見が出るほどの小さな部屋で50人ほど、約3時間半のイベント後、大半の人がキャスト工房ツアーへ、私はツアーへ行かなかったが手塚監督のサインが貰え満足、大阪らしい出演者と観客が同じ目線で話合える希有な会でした
レジャー	ツアー	ゴールデンウイーク前後ぐらいがスキーツアーには一番良いみたいです、雪の量も問題なく、スキーを脱がなければならない場面は頂上までありませんでした
ライブ	ツアー	70年に現行ツアー制度が発足し、'73年にコンピュータ世界ランキングができ、各大会がエントリーに採用するようになると、全日本の世界への道が見えなくなっていく
レジャー	ツアー	船上でBBQというツアーもありましたが、自分の船酔いが心配だったのでむしろ食事内容はどうでもよく、「度つきのゴーグル」が無料で借りられる点がポイントとなり、このツアーに決めました(結果、大正解
その他	ツアー	無菌ユートピア、電気の楽園、世界一周ツアーなどをテーマに、プルースト、ロティ、ヴェルヌ、モーパッサンなど、世紀末の旅の文学を海浜リゾートという文化的側面から解読する
レジャー	ツアー	急いでチケット売り場に行っても英語の通じる人がおらず、困っていた所に若い英語の通じる女の人が出てきてくれて、次の英語のツアーまでには2時間もあるので、15分後のチェコ語のツアーに入り英語のパンフレットを買うことを薦めてくれたそうです
レジャー	ツアー	ただ、札幌の中心部から非常に近くなので、スキーツアー等の方々は札幌の中心部にあるジャスマックプラザホテル内にあるすすきの天然温泉冬香郷(とうかきょう)を利用したら便利だと思います
ライブ	ツアー	彼の楽団は、一時期を除いて(ヨーロッパツアーなど)、固定されたメンバーではなかったから、アルバム毎に有名楽団の奏者やコンボで活躍している名がみえる
レジャー	ツアー	10年ぶりのスキーで、体力の衰えを痛感するとともに、前回は、スキーツアーの直後に震災があり、あれから10年が過ぎたのだという感傷を抱く旅でもありました
ライブ	ツアー	さらに、同日は日本CSCの会場内でツアー・オブ・ジャパンの表彰式のほか、地元物産や自転車関連企業のブースも立ち並び、無料開放となった日本CSCには多くの人々がつめかけ、午後からの好天候を満喫していた
その他	ツアー	遠方に行って演奏することを一般的には“ツアー”と呼ぶが、私の場合は内職の翻訳やWeb管理で稼いだ資金を散財してくる旅になるので、どちらかというと“営業”に近いものとなる(客の入りによってはそこそこのチャージバックがあるが、旅全体で見ればいつも大赤字)
ライブ	ツアー	FLOWのこのツアーなんですが、FLOW史上、最も長いツアー、ということで、 これまでに、このツアーとしては48本のライブをこなしていまして、 今後もまだまだ続いてく、というものなんですねー
ライブ	ツアー	千里の新潟っていつの頃からか伝説のライブが見られるという噂になっていまして、昨年の春のツアーでもたまたま新潟公演を見たわけですけど、あの時は終演時間を読み間違えてア(全文2009文字)
レジャー	ツアー	ゲレのコンディションも、下の方では相当ヤバイと思いますが、今回はひとりのんびり温泉ツアーに、スキーがたまたまオマケで付いているって設定で行きましょうかね~^^
旅行	ツアー	タイのスタッフもこれだけ大人数のツアーをオーガナイズしたのは始めてで大変だったが、それぞれ学びあえる所が大きかったと感謝しあい、ホテルを後にし、ウボンラチャタニ国際空港へと向かう
旅行	ツアー	海外格安航空券や世界各国のホテル、現地発着ツアーなど、世界82箇所の海外ネットワークを誇るJTBならではのサポートで「快適・安心・安全」な旅をお手伝いします
ライブ	ツアー	まず、ツアー中よくホテルに泊まるけれど、いつも不思議に思うのは、ホテルにチェックインして部屋に入ると、自動的に自分がその部屋に始めて入った人だと思い込んでしまう
レジャー	ツアー	落語家と歩く草津温泉街「湯処と饅頭屋巡り」は、前日の夜温泉らくごの落語家さんが当日11時から13時まで草津温泉街の有名処を独特の言い回しでガイドするツアーです
その他	ツアー	神官書体と韓国旅行・韓国ツアー 神官書体(ヒエラティックとも)は、オアシスを簡略化して筆記用にしたものだが、その原型となる文字資料はヒエログリフと同じくらい古い
ライブ	ツアー	(みどころ)こちらも東京から2つのツアーバンド、福岡勢も強敵揃いの中、宅録SSW界の周回遅れのトップランナーエレクトリックフレンドが新曲とラジカセを引っさげて登場
ライブ	ツアー	ざっくり言うと、日本のロック/フォークのパイオニアの1人で、多面的に活動してきた超ベテランが、還暦を迎えるのを期にキャンピングカーに乗っての全国縦断ツアーを敢行した
旅行	ツアー	スペイン ツアー情報の他に、スペインの旅行基本情報(観光ビザ・祝祭日・時差・在外公館住所/電話番号 他)とマドリッド・バルセロナ・セビリア・グラナダ・コルドバの観光案内があります
その他	ツアー	旅行で例えて言うとわかりやすいんですが、飛行機もホテルもユーザーが自分で選んで購入するのではなく、パッケージツアーのように携帯、PHS、無線LAN、光ファイバーなど、サービスをユーザーの好みやニーズに応じてパッケージして売ったり、あるいはコーディネートする旅行代理店のような存在が必要になるでしょう
旅行	ツアー	一方、現地に旅行者がいたケースでは、エイチ・アイ・エス(HIS)が、「青蔵鉄道に乗っていた旅行者がいたものの、市内に入らず戻った」という対応で、「現在は期限を設けずにツアーを中止している状態」という
旅行	ツアー	(画像クリックで拡大) 近畿日本ツーリストは2008年6月27日、大型クルーズ客船「ディスカバリー号」で南極半島とその周辺に点在する島々を訪問するツアー「南極半島クルーズ」を発表した
その他	ツアー	【上砂川】町は8日、町内上砂川の三美鉱業(美唄)の石炭露天掘り現場と、町内朝駒のジャパンアグリテック(東京)シイタケ栽培工場の見学ツアーを行った
ライブ	ツアー	昔、ツアーでNYに出かけたとき、(唯一の海外)中華街、イタリア人街から一歩も出ずに生涯を終える人がいると聞き、その行動範囲の狭さに呆れ、『やっぱり、こいつらどこか足りない』と思ったものだが、それは私がNYくんだりまで出てきて、気分が大きくなっているだけで、私も足りなさ加減は似たようなものであり、幼馴染の中には、中学の修学旅行以来、旅行をしたことがない豪傑までいる始末である
ライブ	ツアー	関係者によると、福原は2012年のロンドン五輪出場に向けて、国際卓球連盟(ITTF)のプロツアーを軸に強化を進めるということで、今季は関東学生連盟の選手登録の手続きは行わなかった
レジャー	ツアー	なので、国内バスツアーでもはとバスツアーでもいいですから1日客として参加してみて「自分は添乗員向きの性格かどうか、果たして自分だったら、この人達の面倒を1日見られるかどうか」添乗員目線で考えてみるといいかもしれません
その他	ツアー	この度、ジャスコ労組がGENの植樹地にツアーを組み、小学校を寄贈してくれたり、イオン環境財団が北京で緑化活動をしたり、GENの活動と御縁のあるイオングループのジャスベルの中国植樹ツアーの1コースとして実現しました
その他	ツアー	ただの移動で、しかも信号がなく、ツアーですから、そこそこスピードも出しているかもしれません、それでの、1時間やら2時間強ですから、距離にしたら相当ありますよ
レジャー	ツアー	もっとも、このツアーは、実は、温泉がメインのようで、花巻温泉の奥にある大沢温泉にこの後行き昼間から美味しい食事と、泉質のいい温泉に、参加者全員大満足
レジャー	ツアー	春スキーの楽しみ方とスキー場(志賀高原スキー場 アサマ2000パーク 蔵王ライザワールドほか)やおすすめ春スキーツアー会社(グランシャリオツアーズ Yahoo
ライブ	ツアー	5月16日〜18日に福岡県朝倉市の福岡センチュリーゴルフ倶楽部で開催された国内女子プロゴルフツアー第10戦「ヴァーナルレディース」で、今シーズンよりゴルフ5所属選手となったイムウナ選手が、通算7アンダーで優勝し、日本ツアー初優勝を果たしました
ライブ	ツアー	彼女にとって圧倒的な強さでツアー参加資格を取得したからと言っても単にアメリカのツアープロになったというだけのことであってそれ以上の意味はないと
レジャー	ツアー	ペンションのオーナーが毎日、温泉ツアーにつれていってくれ、そのたびに、(混浴はなかったので残念ですが)妻が彼女たちと話し込んで、時間ぎりぎりまで出てこないことがありました
レジャー	ツアー	ペンション木馬ではスノーシュー、トレッキング、カヌーツアー、アウトドアークッキング等四季を通じて自然と親しめるプログラムを用意していきたいと思います
ライブ	ツアー	一方、 ロビン・シック は昨年末に予定されていたライブツアーをドクターストップにより延期していたが、その後もスケジュールは発表されておらず、チケットを購入したファンから不満の声が上がっている
その他	ツアー	ただ、添乗員さんのおっしゃるには入場料が高い上、ナナメになった階段はかなりコワくて危険なのだそうで、もっと時間があればそれでも挑戦したツアーの方もいたかもしれませんが、結局誰ものぼりませんでした
旅行	ツアー	でも、お盆やGWに行きたいのであれば他のバイクツアーがありますし、僕らはお金持ちではないので、限られた予算でアメリカをめいいっぱい走ろうとしているだけなんです
その他	ツアー	ホテルの定員以上のツアー客を集めてしまった旅行会社が苦肉の策としてホテルの駐車場にゲル(現地遊牧民が使用するテント式住居)を設置したのが始まり
旅行	ツアー	私が利用したツアーでは、現地人ガイドによる無料マーレ観光をすることが出来ましたので、それに出かけてみることにしました(水上飛行機がフルレに到着すると現地スタッフから無料観光できるという申し出がある)
ライブ	ツアー	アマチュアでのツアー優勝は今年2 月のジョニー・ウォーカー・クラシックでのダニー・リー以来の快挙、日本ツアーだけでなく世界中のゴルフ界で続々とニュースター誕生の流れが出てきています
ライブ	ツアー	そこそこ日本で活躍すれば、外国ツアーよりも高額の賞金を稼ぐことが出来るから、レベルの高い外国のツアーに苦労して挑戦しようという指向が乏しくなる
旅行	ツアー	≪歴史ツアースケジュール≫・・・湯谷温泉駅10:00出発〜医王寺〜長篠城址〜武田勝頼本陣(才ノ神)〜信玄塚〜馬防柵〜織田信長・徳川家康本陣(大宮工業団地)〜設楽原主戦場(八剣神社より南方を見る)〜鳳来寺表参道「かさすぎ」(自由食)〜湯谷温泉駅14:30帰着解散です
ライブ	ツアー	残念ながら、広島分のチケットはSOLD OUTだそうですが、今後のライブツアー詳細は二階堂さんのHPで見ることができるので、チェックしてみてくださいね
その他	ツアー	広い北海道を効率よく巡るために重要な移動手段の飛行機、JR、道路、フェリーの情報の他、ツアー情報、人気の温泉やスキー場、アウトドア、限定品などを紹介した北海道のお役立ち情報サイトです
ライブ	ツアー	ギエムは、2005年に行われた「ボレロ」ツアーを、自身が「ボレロ」を踊る最後の全国ツアーと発表しその後の上演を封印しましたが、 ベジャールへの哀悼の意を表し、今回はその封印を解いて特別に出演することになりました
レジャー	ツアー	案内所では、下町ならではの“おもてなしの心”により、区内外からの観光客に「住んでよく、訪れてよいまち」を体感してもらえるよう、多彩な観光情報を提供するとともに、魅力あふれる“ガイド付き街歩きツアー”等も開催します
レジャー	ツアー	お手上げ~」なんて言ってましたが、しっかり124枚も写真とってきてましたよ面白い構図の写真も沢山あってすばらしい5月10日からの石垣ツアーもカメラお貸ししますのでよろしくお願いしまッス高田さんも4月30日~5月3日の島根ツアーにいけるかも楽しみです
レジャー	ツアー	ぼくがお世話になっているペンション 「ミーティア」でも、オーストラリアからの家族連れが賑やかに団らんしていたり、 ニュージーランド人のスキーとスノーボードのガイドがお客さんとツアーの打ち合わせをしている光景が、当たり前の日常のようになっている
レジャー	ツアー	先日、ご一緒に栂池で「山の神」山スキーツアーと八方尾根でゲレンデスキーをご一緒させて頂いた大先輩からお礼のお葉書が届いたので、早速お返事を書かせてもらいました
その他	ツアー	そして、お約束通り、先月末にカナダ・バンクーバーで実施されたキッチンデザイナー認定講習会、並びに「デザイナーズ キッチン ツアー」へ参加してのリポートをお届け致します
レジャー	ツアー	~不況時の観光戦略~」、新たな魅力体験ツアーの「十勝川クルーズ」、JTB常務取締役 清水愼一氏による「エージェントに頼らない観光地づくり」、トークセッションに参加し、グループミーティング「20年後の十勝川温泉の姿」では、自分達がオーナーになって十勝川温泉を盛り上げていく計画を塾生50名の前で発表
旅行	ツアー	K社の『ロマンチックジャーニー グレートバリアリーフ・リゾートアイランドとエアーズロック・シドニー ハミルトンアイランドコース8日間』というツアーでした
レジャー	ツアー	{%表情ニコニコdeka%}野沢温泉スキー場で、普段乗ることのできない雪上車に乗って白銀の大自然を体感できるツアー雪原遊覧ツアーが、予定日より早く12月28日から運行されることになりました
旅行	ツアー	ところが今年になってウエックさんの方から、人数が集まらなくて今年のオーロラツアーは中止しますと連絡がきた、すっかり行く気になっていた私はショック〜
ライブ	ツアー	ドーム契約選手である、矢野東プロ、増田伸洋プロ、平塚哲二プロ、伊澤利光プロは、いずれもドームと契約初年度にツアー優勝を果たしており、S・K・ホ プロもまた『アンダーアーマー』とアドバイザリー契約を締結して1年以内にツアー優勝を実現されました
旅行	ツアー	ツアーデスクやお土産物店が並ぶ、「デタム通り(ファングーラオ通りから垂直に延びる)」の、一本手前の細い通りにある「CAMホテル」にチェックイン
ライブ	ツアー	現在ワールド・ツアーで南米を回っているビヨンセにあわせ、アリシアは今週ビヨンセが滞在しているブラジルへ飛び、9日にもリオデジャネイロでこのスーパースター2名の共演ミュージック・ビデオが撮影されるという
レジャー	ツアー	今回のツアーでは、エコツ アーの組織、「針江生水の郷(はりえしょうずのさと)委員会」会長の美濃部武彦氏に針江の水文化の素晴らしさや、ツアーを始めて地域が変わった点などにつ いてお聞きし、「水が生まれる郷」を取材する
ライブ	ツアー	ライヴツアーへの招待や、VAMPSと直に会え、握手や好きなものにサインがもらえる「TICKET」など豪華な内容で、さらに参加者全員に必ず何かが当たる「ハズレなし」となっている
ライブ	ツアー	2005年1月25日からスタートした[南風 LIVE TOOR]は、僕が沖縄で知り合ったミュージシャンと毎年冬の北海道で行っているライブツアーです
旅行	ツアー	今回のツアーは低価格で「ホテル」も「食事」もあまり期待しなかったが、カランバカの山岳リゾートホテル「ファミッシ・エデン」とレストラン「パラッチオ」に大満足した
その他	ツアー	ニハットさんが私たちの前のお仕事のツアーを率いて来たときはペンキは塗り終わっていたけれど、内部には入れなかったそうなので、再建が終わったのはこの10日くらいのようです
ライブ	ツアー	今回は見に行けずとても残念でしたが、大阪では開演一時間も前から当日チケットを求める列を見て改めて、どの地域もみんなツアーを待ってたんだなあと、改めて感じました
ライブ	ツアー	2007年10月12日ZEPP TOKYOにて行われた“ぶっ行き返すツアー”FINALを全曲収録、さらに撮り下ろしPV「ビキニ・スポーツ・ポンチン」を含めたビデオクリップ、ツアー中のオフショット映像、特選ライブ映像ほか、空前のボリュームでお届けする3枚組DVD
ライブ	ツアー	タイヨンダイ・ブラクストンのジャパン・ツアーやヤマタカEYEの個展のゲストとして来日、ボアダムスやゆらゆら帝国の米国ツアーのサポートを務めるなど、これまで頻繁にライヴ活動を行ってきたヒシャム/ソフト・サークル
その他	ツアー	PET検診ツアーの料金は、羽田から福岡へ飛行機で行き、温泉施設のある旅館やホテルに宿泊し、PET検査以外にCT、腫瘍マーカーなどの検査も含めて1泊2日で10万3700円~、2泊3日で11万8400円~(スカイマークツアーズ)
レジャー	ツアー	石井宏子さんは、先月私が認定された「温泉ソムリエ」の先輩で、2年前に温泉ソムリエの認定ツアーに参加したのをきっかけに温泉に目覚め、温泉に関する勉強を始めて各種資格を取得しています
旅行	ツアー	3週間前にラサにツアーを引率したヨーロッパ人観光ガイドによると、 「公安は6人一組でパトロールしており、ヴァイサーをつけた固いヘルメットを かぶり、自動小銃を携帯していた」と述べている
旅行	ツアー	ベルリン→ミュンヘン→ウイーン→ヴェネチア→フィレンツエ→ローマ→ピサ→モナコ→マルセイユ(ここでプロヴァンスへ行くバスツアーに参加する手も考えてみたい
ライブ	ツアー	七二年、黒人選手のL・エルダーがツアーで活躍しながらマスターズの出場資格が与えられなかった時は、上下両院議員が署名を集めマスターズ委員会に圧力をかける騒ぎまで起こっている
旅行	ツアー	私のザルツブルクでの観光ツアーも、まだ宣伝してませんが、ブログを見てメールしてきてツアーをお申し込みになる方もいらっしゃるので、同じ気分ではないでしょうか・・・
その他	ツアー	それから、グリーン・ブルーツーリズム推進業務でございますが、18年度に10月にはシンポジウムを実施し、11月には2回ほどグリーン・ブルーツーリズム体験ツアーを行い、また、今年度の3月には先進地の現地調査を行っておりますが、こうしたシンポジウム、体験ツアー、先進地視察を通しまして、どのような取り組みが今後必要と感じているか、お聞かせください
その他	ツアー	観光で関西を訪れた台湾人医師(26)が台北に戻った後、新型肺炎(SARS)と分かった問題で、この医師ら二十一人のツアー客を乗せて観光地を回った貸し切りバスの日本人運転手が一時発熱し、入院していることが十七日分かった
レジャー	ツアー	以 前、家形山からのツアー・スキーの帰りに、客が誰もいない滑川温泉のお風呂 に入れていただいたのですが、そのときの、天井の湯気抜きから粉雪が吹きこ んできた窓のない暗い浴室は、今は改装されたのか、画面には現れませんでし た
レジャー	ツアー	激安ツアーなのでどんなホテルなんだろうと心配していましたが、ホテルは柴山潟に面し、片山津温泉のシンボルとも言える浮御堂が部屋の前に見える素晴らしい立地です
旅行	ツアー	昨春(平成19年)、南部アフリカ8ヶ国ツアー(9月26日出発)を予約していたが、6月1日のがん検診で5年半ぶりに新発食道がんが3個も発見され、治療に専念するべく無念にもキャンセルした
その他	ツアー	ツアーの結構も危ぶまれましたが、自称伝説の晴れ男のパワーを遺憾なく発揮しほぼ雨に打たれることも無く翌日は快晴無風の西伊豆を漕ぐことが出来ました
レジャー	ツアー	日本旅行ホームページでは、旅館・ホテルの宿泊から沖縄・北海道・京都など人気観光地へのツアー・フリープランまで、あらゆる国内旅行の検索・予約ができる
レジャー	ツアー	山頂トレッキングをご希望の個人のお客様またはツアー参加のお客様には、イマジャチェピーク、メラピーク、ロブチェピーク、ピサンピーク、東チュル、西チュル、テントピーク、ナヤカンガその他へのトレッキングをアレンジいたします
レジャー	ツアー	今回は株式会社ファンとしろくまツアーのコラボレーション企画ということで ラフティングを楽しんで頂いた後に北海道の大自然の中を駆け巡る 四輪バギー体験もツアープランに組み込んでご用意しておりますよ shine
ライブ	ツアー	平次の姿を見て蘭も小五郎も驚きますが、どうやら彼は今回のツアーのことを聞きつけ、ひょっとしたら熱烈なシャーロキアンで有名な新一に会えるかもしれないと思い参加してみたというのです
その他	ツアー	今回、ぼくはアウトドア関係のアクティビティやツアーの可能性を現地の旅行社と検討するのも目的の一つで、 アウトドア方面の専門家ということで先方に紹介されているということもあって、お土産もアウトドアに関係するものがいいだろうと判断した
レジャー	ツアー	約8年間、アウトドア用品メーカー・モンベルのイベントガイドを務めている米田さんは、四国の吉野川や奈良の吉野川でラフティングなどのインストラクターとして、ツアー客を楽しませてきた川遊びのプロ
その他	ツアー	また、万一ガイドとツアーがいっぱいだった場合は、自身で観光することになりそうですが、タクシーが捕まるかどうかや自身で回る場合の観光ポイントも教えて頂けると有難いです
ライブ	ツアー	QTも46位と下位に沈んでしもまゆさんをツアーでお見かけする機会が減るのは悲しいですが、マンデーを受けたりして何としてでも1試合でも多くツアーに出て下さい
その他	ツアー	』ができるまで/アードマン・スタジオ ツアー/未公開シーンコメンタリー/ウサギの作り方/ウォレスとグルミットのファミリー・アルバム/ゲーム集 ほか
旅行	ツアー	世界のブランド【シェラトンホテル札幌】とサラダツアーのコラボレーション企画新登場♪地上32階立ての高層ホテルで最上階のバーや客室からの眺めはまさに絶景
ライブ	ツアー	「今日から山下達郎さんも、ツアーを始めたみたいで、会場は違いますが、同じ日にこのようにライヴが出来て幸せです(笑)」 今日(12月5日)からツアーが始まること、さすがご存知
旅行	ツアー	商品(ツアー)を開発するのはANAセールス&ツアーズで、北海道、九州、沖縄の3社とともにそれを販売していますが、各地域に根付いた商品作りは3社それぞれと協力しています
旅行	ツアー	ヘリスキーツアーは、レベルストーク・マウンテンリゾートのパートナーでこの地で30年の歴史をもつセルカーク・ダンジール・ヘリスキーイング社が催行します
その他	ツアー	8日間のこのツアーは「植林活動」(グリーンベルト運動)への参加、「教育支援活動」などのボランティアの他、ホームステイなどを通じて現地の人々との交流も企画された盛りだくさんのツアーのようですよ
レジャー	ツアー	信州菅平高原で社団法人日本職業スキー教師協会公認のスキー学校を運営するセッションクラブでは、4月から10月の間に日本百名山の四阿山(標高2350M)を登頂するツアー案内を実施
その他	ツアー	サハラ・エリキのツアーは本物のエコ・ツーリズムの体験を提供し、各国の観光客との協力で成り立っており、利益の殆どが地域の経済活性化に当てられます
その他	ツアー	旅行会社でお得なツアーを見つけたので旅行する事にしました羽田空港着 その後 電車を利用して横浜(桜木町 )まで行き帰りも同じように 桜木町駅から電車で羽田空港まで戻ってきます(旅行会社から)1500円分のSuicaがついたツアーなので初めてSuicaを利用します
ライブ	ツアー	7月末には“秋のライブツアーに向けての飲み会”という名目で事前に情報を漏らさぬまま、なぜか今ツアーには参加しないメンバーまで招集し、しかも全員奥さんや彼女同伴で南青山の焼き鳥屋さんに集まりました
レジャー	ツアー	SARSのこともあり秋口までは国内の温泉巡りや、近場の歴史探訪をと考え、ペリー来航150周年に沸く下田へ読売旅行の日帰りバスツアーで行ってきた
旅行	ツアー	【東京発群馬行き格安ツアーJR付フリープラン】〜群馬県・老神温泉〜『仙郷』とっておきの宿 夕・朝食付 JR沼田駅よりバスで約45分、老神温泉下車、徒歩約20分 特急水上号利用
旅行	ツアー	続いてツアーバスが向かったのは、クアラルンプールから南西約20キローメートルにあるシャー・アラム(Shah Alam)というセラン ゴール州の州都
その他	ツアー	東京より発信する体験参加型ワークショップ情報 総合サイト 心理/アート/演劇/日本文化/気づき/体/教育/スピリチュアル/英会話/国際交流/お祭り/ライヴ/ツアーなど
レジャー	ツアー	島を探検したりシュノーケリングやバーベキューを楽しむピクニックツアーまた、シュノーケルとエコツアーやシーカヤックなどで遊ぶエンジョイプランなど、お好きなプランを選んで、ワイルドな時間をご体験いただけます
ライブ	ツアー	毎回毎回のライヴに、その日の全てを注ぐつもりでライヴをやってるので、体力に自信がある僕ですらツアーファイナルを迎える頃に自分の体がどうなってるか分かりません
レジャー	ツアー	旅行代理店が提供している京都へのツアー旅行は、バスを利用したものが多く、見所の多い京都だけにバスの車窓からも多彩な景色が楽しめるとして人気のあるバスツアーと
ライブ	ツアー	1970年にジョー・ウォルシュから譲られたギターであり、ツェッペリン初期のうちからスタジオで使用されてきたといわれているが、ステージで使用され始めたのは1975年のUSツアーからである
ライブ	ツアー	ドナルド・エドワーズがジャパン・ツアーで来日中なんですが、アルバム『ダックトーンズ』のレコーディングと前回のジャパン・ツアーにも参加して、その類い希なる才能を見せつけたキーボードのロバート・グラスパー
その他	ツアー	皆で楽しめる多彩な施設が充実周辺のレジャー等:渓流釣り、テニス、サイクリング、ハイキング、トレッキング、登山その他、ホタル観賞ツアーや志賀高原を知り尽くしたガイドが案内するトレッキングツア
レジャー	ツアー	シュノーケルツアーは、チービシなどは飲み物食べ物シュノーケルなどすべて持ち込み禁止など、めちゃくちゃぼったくり状態だったりするので、気をつけて申し込んだほうがいいと思います
ライブ	ツアー	全国ツアー中の歌手・倉木麻衣(20)が、新曲「Kiss」の発売日の30日に大手レコード店「HMV」の全国10店舗で、テレビ電話を使ってファンと直接話すというトークイベントを開催する
その他	ツアー	トリノオリンピックのワールドワイドパートナーであるビザ・インターナショナルでは、VISAカード会員向けオリンピック応援ツアーなどのキャンペーンを実施中
ライブ	ツアー	)今回のツアーで私的に初・フィーリンだったこの演目、ソリスト級ダンサーたちが代わる代わる技を披露しながら登場するのになかなか出てきてくれなくて、キャスト・シートに名前はあってもひょっとしたら出ないんじゃないか・・・と途中絶望的な気分に襲われながらも待つこと20分強
その他	ツアー	希望は、ドルフィンツアー、ジェットスキー、パラセイリングが絶対で、他に水中スクーターかスヌーバかシュノーケリングのうちどれかがあればなお良しです
ライブ	ツアー	FM大阪のノブさんの番組のゲストに出演され、その時にノブさんがこのツアーの事を話したら、神戸は近いので遊びに行こうかなとおっしゃっていただいたようで、すぐさま勘太郎さんのもとに電話がかかり決定
旅行	ツアー	)→エッグスン→オアフ半日観光(トロリーバスorツアー会社の観光バスorリムジンチャーター等)→ディナークルーズ→ロイヤルハワイアンセンター、DFS、カラカウア等ショッピング→ホテル3日目 フラダンス(習うのでしょうか
その他	ツアー	またこの措置は、一般的用法としてエコツーリズムの多くが個別現象としての「エコ・ツアー」と混同されている事実を指摘し、エコ・ツーリズムが社会現象であることを指し示すという意味もある
ライブ	ツアー	アメリカ、ニューヨークのブロードウェイ、オフブロードウェイ、全国ツアーや地方の劇場など多くの舞台で30年にわたりミュージカル、芝居に出演しました
レジャー	ツアー	当社では国内外のプロガイドを採用しラフティングをはじめとする様々なアウトドアツアーを開催し、初心者からHIコースを求める方にも十分満足の行く楽しい愉快なカンパニーでアウトドアの新しいスポーツを国内に普及する活動もしています
旅行	ツアー	楽しい市民との交流や世界遺産の観光も含んだ魅力あるツアーであり、通常の観光旅行では味わえない楽しさと充実感のある姉妹都市訪問となることでしょう
その他	ツアー	私は空路のツアーに参加すべくあちこち問合わせ中ですが、日程が限られているので成都に入ってからのツアー申込ではリスクが高いと考え、上海発のツアーを探しています
その他	ツアー	弊社ではお客様のご要望を細部までお聞きした上で企画・提案をさせていただきますので、会社・グループでの旅行プラン、仲間や地域でご旅行されるようなツアーを企画・応援・ご提案いたします
その他	ツアー	■ Expression Studio★アカデミック詐欺暴露の詳細はこちら 従来の宿泊施設予約とツアー検索サービスに加えて本サービスを開始することにより、 旅行者の皆様に対して コーナーを
レジャー	ツアー	愛南グリーン・ツーリズム研究会は、南レク観光と提携し、8月1日、2日愛南町の夏を満喫する体験ツアーを企画し、松山市と東温市から2家族6人が参加した
レジャー	ツアー	また先述のスキーホストによるガイドツアーに参加したり、有料のスキーガイド(日本語のできるスタッフがいるスキー場もあります)に依頼するのも、効率よく滑るためによい方法です
旅行	ツアー	約40年前の1969年は海外旅行はまだ一般的とは言えず、JTBの海外旅行ブランド「ルック」が企画した第1号ツアーは、ハワイ7日間で28万8000円だった
ライブ	ツアー	06年1月、初のピアニカのアルバム「ピアニキストMASA」をジャズピアニスト佐山雅弘とのデュオでリリースし、3月には発売記念全国ライブハウス18日ツアーを行ったのを始め、テレビ・ラジオに出演
その他	ツアー	JNTOでは、日米間航空座席数の制約を主たる原因として米国市場が伸び悩んでいるなか、訪日客数増加への取り組みとともに、経済効果の大きいこうした高級マーケット振興にも取り組んでいく必要があると考えており、これまでも富裕層向け旅行雑誌への記事掲載の働きかけや高級旅行商品流通網での広告展開やツアーオペレーター支援を通じた訪日旅行誘致活動を実施している
レジャー	ツアー	新得出身の関東在住者で構成する「東京ふるさと新得会」(渡部昭信会長、会員240人)のツアー「第8回秋のふるさと気まま旅」の一行50人がこのほど、新得町を訪れ、ふるさとの秋を満喫した
レジャー	ツアー	ネイチャースキーには、スキーの経験がまったくない人も楽しめる平坦な雪の森を歩くものから、たとえば標高による植生の変化を感じながら自然を楽しめる滑降主体のツアーまでさまざまな楽しみ方があります
その他	ツアー	米国ナショナル ジオグラフィック協会のトラベル部門が企画・販売する米国発のツアー商品「ナショナル ジオグラフィック エクスペディションズ」を紹介したホームページです(英語)
レジャー	ツアー	伊勢崎線グループでは、日光や鬼怒川温泉へ向かう観光輸送、北関東各都市と首都圏を連絡するビジネス輸送を担い、有料特急・有料急行のほか、ツアー客対象ながら夜行列車を運行するなど、民鉄としては異色の列車運行を行っており、かつては「最も国鉄らしい私鉄」と呼ばれたこともありました
レジャー	ツアー	修学旅行のことは、代理店勤務の友達の話では普通のツアーで行く方がうんと安くて、 学校行事が団体だけど割高ってことは、代理店がマージン一杯取ってるのかもしれんね
レジャー	ツアー	当ツアーは、最先端のユビキタス技術を活用して、アート作品を気軽にお楽しみいただくもので、「JAPAN VALUE」を融合させたツアーになります
ライブ	ツアー	この他、1986年から1989年まで山下達郎のコンサートツアー及びレコーディングにコーラスとして参加しており、その歌声はライブ・アルバム『JOY』に収録されている
その他	ツアー	その中で田舎暮らし体験ツアーも企画に上がっているところが多いようですが、記事の中で気になったのは「○○県では経済が停滞している○○地方への体験ツアーを企画
レジャー	ツアー	総会は、多くの前向きな意見がでて、成功裏に終わりましたが、事業全体では小山町金時まつりツアーの実施、ふるさと号の実施、国民文化祭への協力支援が決まり、各部会では、観光ボランティアの育成強化、広域連携の強化、由良川観光ルートの構築、こいのぼりを活かした地域振興の検討、どぶろく造りによる地域活性化などが事業計画として採択されました
ライブ	ツアー	これまでのツアー同様に、今回のツアーチケットも入手困難なプレミアチケットと化しているが、この全国ツアーでは、夏ムード漂うミディアムナンバーの新曲「Get Myself Back」も先行披露されており、またファンからの反応も好評とのこと
レジャー	ツアー	春~秋には乗鞍を含む周辺の山々への登山やトレッキング、マウンテンバイクによるサイクリング、高原の花々や動物ウオッチング、点在する数々の滝めぐり、山奥にある温泉の源泉地を訪れるツアー、紅葉の時期の落葉・木の実の収集、夜の星空観察会や日の出登山などアウトドア的な要素は当然である
旅行	ツアー	「パリ・ビジョン」社が主催する全行程13時間の英語によるバスツアーが、火曜日と金曜日の朝7時15分に、地下鉄チュイルリー駅下車2分、リヴォリ通り214番地の同社前を出発する
ライブ	ツアー	【女子テニス】セリーナが右足負傷: 女子テニスツアーを統括するWTAツアーは17日、世界ランキング1位のセリーナ・ウィリアムズ(米国)が右足を負傷し、全米オープン前に出場を予定していた3大会を欠場すると発表した
レジャー	ツアー	具体的には、サントリー社員がクラブツーリズムの旅行ツアーに同行して計1万人にミニチュアボトルを配布したり、ウイスキーをおいしく飲むセミナーを十数回開催したりした
レジャー	ツアー	深雪の森をスノーシュー(西洋かんじき)を履いて散策するツアーが24日、高山市高根町日和田のスキー場チャオ御岳スノーリゾート一帯であり、参加者が真冬の原生林の神秘を満喫した
ライブ	ツアー	マイス・パレードにも参加するキャロライン・ラフキンをゲストに迎えたヴォーカル曲も披露するなど、数々のツアーを経て、さらなる深みとポップさを増した新作『イット・ダズント・マター』の評判が高まるなかの来日となる本ツアー、サクソン・ショアはもちろん、ダモ鈴木との共演を経て、今年は〈ARABAKI ROCK FEST
ライブ	ツアー	この前のHey3もかわいかったけど、きのうのMステもよかったーー そしていよいよ今日からなんですねaikoライヴ 一番乗りの横浜のみなさんがうらやましいです 一曲目は何だろうアルバムを聞くたびに、これがオープニングだったりしてなんてドキドキしますツアーグッズも楽しみ
ライブ	ツアー	今年で4回目のホノルルマラソン、一時は申し込んでいたツアーがアメリカ中枢同時多発テロの影響で中止になり、参加を断念しようかと思ったのですが、やっぱり行くことにしました
その他	ツアー	私の友人のガイドさんがツアーで団体さんを温泉に案内したときの目撃談ですが、ある年配のお客が手拭い持参で、温泉プールで絞ったそれを“パーン”と鳴らして注目されていたそうです
その他	ツアー	2009 (ツアープランナーのここだけの話): 先日、黒部の太陽でお馴染みの黒四ダム建設にまつわる話がフジテレビ系でドラマ化されご覧になった方も多いと思います
ライブ	ツアー	テロや戦争や病気のせいで、空いてるんじゃないかという不謹慎な動機もあったし、ヒデフミが11歳で、子供料金(今回のツアーは大人の半額、あとOPツアーや食事が無料だったりのメリットも)の適用は最後のチャンスだというのもあったし
レジャー	ツアー	でたでたっついにっでましたーFine月号 ページめを、要checkでお願いしますっFine読者の中から抽選で選ばれたみんなとアルツ磐梯スノーボードツアーしてきた様子が、数ページに渡って載っています私は、インストラクターとして、同じチームメイトの水田M子と参加させてもらいましたょとても楽しいツアーでし
ライブ	ツアー	ラルクがライブ活動を11年まで休止 4人ロックバンド、ラルク アン シエルが、現在行われているツアー終了後、結成20周年の11年までライブ活動を行わないことが19日、分かった
レジャー	ツアー	改札を出ればすぐ前がスキー場の受付なので、そこでツアーにセットされているリフト券を受け取ったら、さらに隣でレンタルスキーを借りロッカールームへ
ライブ	ツアー	ライブの事思い出すと泣けてくるなぁー(ぇ会報じっくり読むのは、家族寝静まってからの方がよさそうです(笑んで、ツアー情報もありました今回はちと欲張ってみたいな
レジャー	ツアー	安達太良山ガイド付トレッキングツアー募集日本百名山の一つに数えられ、人気の高い安達太良山のガイド付きトレッキングツアーを今年、初めて企画し人気を集めています
レジャー	ツアー	いつもだったら、奥さん一人でエステに行って 私は、シュノーケリングでもしているのですが 今回は、シュノーケリングはツアーに参加しないと 面白くないし、ツアーの時間が中途半端なので辞めた
旅行	ツアー	欧州ツアーからの「凱旋」ライヴというパッケージだからして、MCはすべて英語だし、オール外国人(笑)によるトリオ編成で、往年のメガデス以上にインテレクチュアルなスピードメタルを、鮮やかにキメて見せる
レジャー	ツアー	韓国人スキー客を本県に引き込むため、国内有数のスキー場を抱える湯沢町とソウル便が毎日運航している新潟空港を行き来する専用バスを組み込んだツアーが、今冬から売り出される
その他	ツアー	先日の日本温泉地域学会では、温泉ビューティ研究家の石井宏子さんのほか、 温泉ツアー専門の添乗員をしているという、毛利晴喜さんともお知り合いになりました
レジャー	ツアー	これによると今シーズンのスキー特に台湾、韓国、オーストラリアを対象に誘客推進を進め、台湾から今シーズン、日本へのスキーツアー利用客は一万五千二百二十六人で
ライブ	ツアー	今月14日より世田谷パブリックシアター、そして名古屋、大阪、新潟、佐渡にて開催されますこの度の『ワン・アース・ツアースペシャル』は、鼓童の演奏による一夜が、うねりながら流れて行くように、それぞれの独立した曲目が、ひとつの曲のように、あっという間に終結に向かって行けるように構成したいと思いました
その他	ツアー	今回のツアーの目的は、ひとつにはホーチミンシティで、WOCA との協議、奨学金授与式、郊外の小学校視察、マイアムバーチュ(孤児院)、キークワン寺訪問に参加し、これまでNVC が支援してきたプロジェクトの成果を検証すること
旅行	ツアー	最近では有難いことに、県外の旅行会社様から観光ツアーに当店をコースの中に入れて頂いたりしており「○月○日に30人・・・とかバス2台でお客様をご案内しますからよろしくお願いします
レジャー	ツアー	先日の第1回トレッキングツアー内でも話題になっていましたが、「2万円ほどもするトレッキングシューズやレインウエアを買うのはいいが、頻繁に行かないからもったいない」
レジャー	ツアー	「じゃらんnet」は日本国内のホテル・旅館など約5000軒のオンライン予約を初め、国内旅行のツアーや観光情報を提供するレジャー目的においては国内最大規模のサイトです
レジャー	ツアー	また、ツアーのためにチャーターされた2台のバスの乗務員の一人は、「普段のツアーでは絶対に通らないような一般道を走って、わざわざ時間をかけて遠回りする理由がわからない」(笑)と少々困惑気味
レジャー	ツアー	イースターのお休み中の5日間のヒュッテ暮らしとスキーツアーでしたが、素晴らしい景観の中でスキーを楽しめる環境が整っていることや、子どもから年配の方まで皆スキーを楽しまれている様子を目の前にし、スキーを教える者としてたいへんうらやましく感じました
ライブ	ツアー	それだけでも十分満足できるのだが、大抵のファンの疑問は2001年末にリリースされたALL FOR YOUのツアーエディションに含まれたVERGINレコード時代のPV集と被るのでは
レジャー	ツアー	観光客に関して、特にグループツアー、団体旅行などに関しては、グループツアーといいますのは団体で動くわけですから問題ないと思うんですけれども、韓国では、済州島ですとか仁川国際空港の周り、この辺りはノービザエリアということで、ビザなしで入れるところ、そして免税の地域になっているわけです、指定されております
その他	ツアー	SBIホールディングスの子会社で健康サービス事業を手がけるSBIウェルネスバンクは、中国の富裕層を対象に、日本での健診を目的としたツアーを今年7月に実施する
レジャー	ツアー	たまたま目にした1970年代末のスキーツアーの記録では、天狗原・風吹大池から一難場山を経由して宝生スキー場にくだると、営業中止後の椅子のないリフトが放置されていて、ゴーストタウンのようだ、と書かれていた
レジャー	ツアー	今日登ったツアーの方たち残念だね、オイラ達はラッキー=10:48豊糠Y字交差点=11:21荷負交差点=国道237号線=11:27平取温泉、温泉と昼食のセットメニューがあった
レジャー	ツアー	それで、小・中学校とはちょっと違うんですが、これまでいろいろな団体、いろいろな皆さんがスキー普及のため、またスキーを生涯スポーツとしてとらえて基礎スキーの技術指導なり、スキーツアーの企画、各種大会等の開催などをボランティア的に事業を行ってきたわけであります
その他	ツアー	地球温暖化防止につながる活動の一環として、いわき市内で事業展開する企業の木質リサイクル工場を見学するバスツアーを、いわき地域環境科学会との共催で開催しました
レジャー	ツアー	ペンション木馬自然派倶楽部では木馬とツアー会社が共同であるいは木馬単独で企画したスノーシューツアーやトレッキングツアー、アウトドアイベント等を提供します
旅行	ツアー	アメリカ野球観戦ツアー』なる本場アメリカの野球を観戦するツアーがあるのですWBCを機にアメリカで活躍している日本人選手の活躍を観戦しに行くのはどうでしょうか
その他	ツアー	グッズを買い 求めるため早朝から集まる人も多く、Tシャツや香水、リストウォッチ、ツアーフラッグなど 多数のアイテムが用意されたグッズ売り場には、販売開始前から長蛇の列ができた
ライブ	ツアー	2004年Keiko Matsui全米ツアーやJazzフェス等一年の約半分をアメリカで過ごす日々が続くも二人目の子の誕生を期に渡米生活を一時中止
その他	ツアー	あるツアーで添乗員代わりに帯同したピースボートのメンバーは、ツアー客を放っておいて、自分の興味を優先して行動するし、訪問先で提供された資料を帰船後コピーして配布するといっておきながら、再三催促しても結局コピーを配布しなかった
その他	ツアー	ご存知のように、ダイエーは、ドーム球場や、リゾートホテルを自前で福岡に建設し、九州全域や台湾からもツアー客を迎え入れることで、年間300万人を動員する
ライブ	ツアー	前回AXは「なんかわかんないけどガンガンいっちゃえ」みたいなゴリ押し感が最高でしたが、ツアーで数箇所回ってきた明けの今回は完全に勘を取り戻しつついい感じに力抜けつつでもいきみまくりつつ、みたいなZAZENが聴けて、それはそれで最高だったす
レジャー	ツアー	スポーツ観戦ツアーや競技会やスポーツ交流イベントをはじめとし、ウォーキング、トレッキング、キャンプ、バーベキュー、ゴルフ、クロスカントリースキー、等のアウトドアイベントに関する企画をし、運営します
レジャー	ツアー	旅行各社によると、一時はキャンセルが相次いだこれらの方面へのツアーも申し込み状況が回復してきているといい、旅行客らの不安もなくなりつつあるようだ
旅行	ツアー	過去12回の海外ツアー(殆どヨーロッパ)のうち10回阪急トラピックスを利用しています、という事は他の旅行社をあまり知らないという事にもなりますが、・・
レジャー	ツアー	今日は焼額山、奥志賀とスキーツアーをしながら昨日までの練習の成果を確認しながらロングスキー、途中広いゲレンデで一人ずつ大中廻りをみんなで確認しながらマイゲレンデのように滑られ最高
レジャー	ツアー	単純な質問かもしれませんが、今回のスキーツアーでは、リフト一日券付きっていうことなんですが、聞くところによるとスキーをしないっていう方も相当数いらっしゃるとか・・・
レジャー	ツアー	昨日も、近くのゴルフ場でプレイする機会がありましたが、台湾から新潟空港に到着して、上越市のゴルフ場に1週間程宿泊滞在して、ゴルフや観光三昧をするツアーがあるそうです
その他	ツアー	●ゴンべリョン峠生態ツアー・パッケージ=スンウ旅行社(02—720—8311)は、ジョンボン山ガンソン谷とゴンべリョン峠への生態ツアー(日帰り)を開催する
レジャー	ツアー	「まずは形からタイプ」の私は、今思えばダサダサのプリティなピンクのスキーウェアを購入し、一応一通りのグッズを揃えて、準備万端、 いざスキーツアーへ
レジャー	ツアー	浦項市は、日本の京都と大阪にある旅行会社と11月と12月にかけて2度のツアーを実施した結果、浦項市のカニ料理が参加者から好評を得たため、今回のカニ食べ放題の商品を出すことに決定しました
レジャー	ツアー	添乗員付きのツアーでホテル代とか交通費観光費食費などは全部込みで支払っているのですが、現地に持って行くお金は日本円だと大体どれくらいあればおけばいいのでしょうか
ライブ	ツアー	欧州ツアーでは、1995年にボルボ・マスターズなど年間3勝を挙げて賞金ランキングも自己最高の6位まであげる 活躍を見せ、母国ドイツではルックス、実力ともに注目され、雑誌の表紙を飾るなど一躍スターダムを駆け上った
レジャー	ツアー	幼稚園、小・中・高校の遠足や修学旅行から、会社の慰安旅行、商工会や婦人会、老人会の団体旅行まで、あらゆる年代のさまざまなツアーをご案内しています
レジャー	ツアー	今回申し込んだツアーは「会津の名物 ソースカツ丼」付きツアーということで、昼飯はソースカツ丼が料金込みでツアー協賛店で食べられるとのことで、鶴ヶ城に一番近い「本丸茶屋」へ
その他	ツアー	と決定されてしまうのは、僕個人の察するところでは、ツアー報告の目的である「ツアーに対する理解促進」や「啓蒙活動」などの言葉だけが一人歩きし、それが「いかにすれば効率的に達成されるか」という点の発想が貧困であるが故に陥ってしまう事態であると思います
ライブ	ツアー	ビーチバレーの女子ワールドツアー、中国大会は14日、中国の茂名で行われ、椿本真恵、浦田聖子組(ビーチウィンズ)が予選1回戦で勝って2回戦に進出した
旅行	ツアー	JTBロイヤルロード銀座は5月から、ウォルト・ディズニー・パーク&リゾートが企画する現地発着ツアー「アドベンチャー・バイ・ディズニー」のサービスをスタートする
ライブ	ツアー	ご本人はUSツアーに出てらっしゃるということで奥様が対応してくれたのですが、「今までのアルバムがレコード会社を潤すだけで自分のところにはお金が入ってこない」という理由で自主制作に至ったそうです
ライブ	ツアー	約1年近くに亘る準備を経て、ようやく「古川展生 ハンガリー音楽の旅」のツアー旅行が正式に発表できました 1月7日(木)をツアー参加募集の開始日にしました
レジャー	ツアー	そのツアーはBCスキーでのピッケルやアイゼンワーク、プロテクションの構築等、エキスパート向けの講習で、いくらスキー場がオープンしても不安定な状況で行っても為にならないし、リスクも多いので結局中止にしてしまいました
レジャー	ツアー	毎年、東山と嵐山で行なわれる「花灯路」や、今冬から新たに2つのツアーが加わった定期観光バスなど、冬から早春にかけての京都では、さまざまな行事や特別な催しが行われます
その他	ツアー	年会費12万円をご負担頂いた会員企業様には、毎月1回、現地での画像を豊富に盛り込んだ、「アメリカ流通業レポート2006」をお届けするほか、随時電子メールにて最新のニュースをお届け、さらに3ヶ月ごとに都内で視察報告を兼ねたアメリカ流通業セミナーへのご参加、視察ツアーのご優待のほか、ご希望により企業内専用の研修ツアー、プライベートでのアメリカ視察ツアーをコーディネイト致します
その他	ツアー	「他の地域では、どうやって民宿(や食堂)を切り盛りしているか知りたい」・・それを叶えるために「ひーandふみえの農家民宿ヴァージョンアップ」ツアーを実施
その他	ツアー	ツアーの参加者は温泉には拘りのある60代から80代がほとんどらしく、 毛利さんの落ち着いた物腰はいつもそういう方々をガイドしているからなのな、と納得しました
ライブ	ツアー	逗子の日と重ならなかっただけ何よりですが気温、天候とも不安定な日々が続きそうですし、ゆきさんはライブツアーも終わられたばかりですから体調管理とかにも気を付けてくださいね
ライブ	ツアー	ボーカル・ギター吉野寿が急病のためツアー中止を余儀なくされた昨年9月の全国ツアー前半戦、そして無事に復帰後行われた今年3月の復活ツアー「極東最前線/巡業~ドッコイ生キテル街ノ中~」を中心に、過去のライブやオフショット、インタビュー映像で構成されたライブ・ドキュメンタリー
ライブ	ツアー	トロフィーツアー一色に染められた会場のエントランスを入ると、いよいよ「コカ・コーラ FIFAワールドカップトロフィーツアー」一般公開イベントのスタートです
その他	ツアー	特にツアーだと、現地での触れ合いや出会いがないまま、というよりなくても遜色なく旅行ができるので、他の日本人と一緒に行動していれば、一言も英語もドイツ語もしゃべらずに、また日本に帰れるでしょう
レジャー	ツアー	1962年に結成されて以来、現在では、年2回(正月、2月)のスキーツアーを始め、三重県クラブ対抗スキー競技会への出場、クラブ合宿などの行事で、レベルアップを目指しています
ライブ	ツアー	MSG欧州ツアー情報:マイケル公式サイトのツアー情報において、8月4日に当ページで報告したMSG欧州15公演のうち11公演(緑)ならびに新規に1公演(青)が正式確認されました
その他	ツアー	12 熊本県山鹿市「米米惣門ツアー」手ぬぐい [D@EXコラム] 山鹿市にある温泉「さくら湯」が入っていたテナントビル「プラザファイブ」が 温泉プラザ山鹿 になってリニューアルオープン
その他	ツアー	◇上記ツアー料金には出発日の成都までの国際線又は国内線と帰国日の国際線又は国内線費用が含まれていません、それ以外の全行程の食事、バス代、スルーガイド代、国内線運賃、保険代、入場料、ホテル代及び旅行中のポーター代、馬代などが全部含まれています
レジャー	ツアー	今年の1月の志賀高原ツアーで始めてこのスキー部に参加させてもらい、(ショートスキーで参加しました)その時にまた長い板で滑りたくなり、同期の廣瀬と共に板を購入しました
その他	ツアー	一般の観光客はツアーで申し込んであるため、もともと専用の船でコモド島までの交通手段が確保されているのでなんの支障もないのですが、我々バックパッカー(個人旅行者)にはたまったもんじゃーないのです
旅行	ツアー	先ず、東北視察ツアーでは、海外関係者が旅行会社2グループとマスコミ関係者1グループの合計3グループに分かれ、東北6県の代表的な夏祭りを中心に各地の観光魅力を視察しました
ライブ	ツアー	「PGAツアーモバイル」では、米国PGAツアーの大会期間中の豊富なハイライト動画やフォトギャラリーや、見逃せないライブスコアや個人戦績などのコンテンツに加え、著名なコラムニストやティーチングプロによるコラムなどを配信していきます
レジャー	ツアー	そこで何年か前に付知川の「やな」へ行ったこと、また同時に嘗て通った「福岡ローマンキャンプ場」をも思い出し、家人から「キャンプして鮎を食べに行く」ツアーの提案があった
ライブ	ツアー	2008年5月21日に長野県飯田市で行われた、自転車ロードレース第12回ツアー・オブ・ジャパン南信州ステージでのパレード走行に参加した坂道自転車通勤隊の方にビデオカメラをつけていただいて撮影した映像です
旅行	ツアー	ムンバイのチャトラパティシバジーターミナス、タージマハル等映画に出てくる観光地を巡ります、ツアー最終日の車窓から見るスラム街はロケ地となったスラム街とは異なりますが雰囲気だけでも味わって欲しいと車窓観光を入れました
その他	ツアー	しかたなくNSツアーという他の代理店で、エア・インディアのチケット(今日の深夜の便) なら手に入るという、その先はしばらくムリとの話なので100%間違いないという確認をして払い込み、慌てて宿に戻り、パッキングし、お別れのメールを打ち、夕方6時にチケットを取りに行くと、ダメだった~ゴメンネ~
その他	ツアー	今回のツアーで訪問した鉱山では、新たな鉱床の開発や現鉱山の延命などの手続きが進められており、また、Aftonプロジェクトについては、これから具体的な開発検討が進められるなど州政府による鉱業再生計画の具体化とともにこれらのプロジェクトも軌道に乗ることが期待され、BC州の各鉱山に活気が戻ったことを感じさせるツアーであった
旅行	ツアー	このDVDは、最新のアメリカ・ツアーの映像なのですが、NASAが協力して宇宙ステーションと交信を行ったという用意周到なハプニングはあったもののこれまでと余り違いはありません
レジャー	ツアー	名鉄観光サービス、北海道旅行・ツアーに特化した旅行専門情報サイト「プレミアム北海道」をオープン 北海道札幌市 / まちおこし・観光・不動産ニュース 遊都総研
レジャー	ツアー	今回、アースでトレッキングツアーを行うに当たって決めたコンセプトの一つが“トレッキングを経験したことのない方に山を好きになってもらう”ということです
ライブ	ツアー	明日の早朝から名古屋・京都・大阪へのライヴ・ツアーである、仕度もあるし(着替えだけだが)、そろそろ帰るかという頃、一緒に呑んでいた某氏に〈なあに、朝に帰って、そのまま移動の車で寝ればいいのだよ〉、と言われて、〈そうだな〉、数名で朝まで楽しく呑んで、残ったボトルをぶら下げて帰宅
レジャー	ツアー	また、アウトドアでの経験豊富なガイド達は「安全を最優先してのアウトドアツアー」と考えリスクマネージメント(危機管理)とガイド個人の意識・技術レベルを上げるトレーニングを行い、安全管理を徹底しております
旅行	ツアー	5月にヨーロッパツアーに行ったときに買ったのですが、その時のイメージでは、空港でたくさんのステッカーをはられて、一度の旅行なのに、すごい旅をしてきたトランクらしくなれると思っていたんです
レジャー	ツアー	東洋一の大雪屁でお話した守門岳にスキーツアーに行った際、登りもあと1/3を残す程度のところで、足に出来かけたマメと戦いながら山頂を目指していると頂上の方からスキーを履いたご主人様と、ワンワンと吠えながら雪を蹴散らして走り降りてくるワンコに遭遇しました
ライブ	ツアー	全国ゴルフファン待望のツアー開幕戦の模様は、春の訪れを感じさせる南国の地沖縄からTBSの制作(制作協力:琉球放送)により、系列28局を結んで全国にお届けいたします
レジャー	ツアー	現在わたしたちが知ることができる情報だけでも、コスト優先利益主義のツアー会社の体質と、お客さんたちの意識(観光にきてるんですと言ってのける人たちに大雪山を登山するのだという気概は感じられない)、プロではないアシスタントガイドの力量不足 などに問題の根源を見ることができるが、ターニングポイントとなるのは、なぜリーダーが判断を誤ったかという点だろう
ライブ	ツアー	全国各地に散らばっている∽狂剣會∽メンバーよりツアーファイナルへの情熱を託されましたので、悔いの残らない様に會の仲間達とライブを楽しみたいと思います♪
ライブ	ツアー	Rainのファンミーティング開催は昨年末から検討されてきたが、ワールドツアーやベルリン映画祭出席などで企画がなかなか進まず、最近やっと日程が決まった
レジャー	ツアー	情報が不足していて、装備方面まで突っ込めないのが残念ですが、もしはぐれた原因がボードとスキーという装備の差だったとしたら、最近良く見られるボード、スキーの混合ツアーに関しても、警鐘を鳴らすものの可能性が・・
レジャー	ツアー	17〜8年位前のブラックダイアモンド(シュイナードから変わったばかりの頃)の二本継ぎのツアースキー用のポールがあるんですが(3Mのゾンデにもなる)石ヅキ等装着させトレッキングで使いたいのですが可能でしょうか
レジャー	ツアー	口車大王様、そうですよね・・・予め長距離バスに乗るツアーなんだったら、まだ納得ができても、最初に旅行代理店が言っていたこととも激しく矛盾するし、国内線の1時間だったらまだ我慢ができても、バスではちょっと・・・
ライブ	ツアー	元々この年の演奏は素晴らしいのですが、ライヴを重ねるごとにより素晴らしさを増していった結果、11月のヨーロッパ・ツアー中にまさに全開状態になり、翌12月は満を持してアイルランドを含むこの年2度目のUKツアーが行なわれました
レジャー	ツアー	リゾート気分を満喫できるオーシャンビューホテルに滞在するツアーや、記念日に最適なアニバーサリー特典付きツアーなど、いろいろなスタイルのカップルにぴったりの商品を多数掲載
旅行	ツアー	このスペシャルツアーは、美しい自然と調和したバリ島の高級リゾート「マヤ・ウブド・リゾート&スパ」に6日間滞在し、アディダスのインストラクターたちによるヨガ、テニス、サイクリングなどのスポーツメニューが体験できるというもの
レジャー	ツアー	同ツアーの企画・実施については、はとバスは旅行商品の企画・販売及び実施、凸版印刷は旅行商品へのVR作品活用企画及び、TNM&TOPPANミュージアムシアターでのVR作品上演提供を行う
ライブ	ツアー	ツアーが始まったばかりなので、セットリストを知りたくない人もいるかとは思いますが、私はツアー直前にNEWアルバム発売、ということを少し意識してLIVEに臨みましたヨ
ライブ	ツアー	この作品には1967年トロントでのライブと、1968年のヨーロッパツアー、そして1969年にニューヨークでテレビ放送用に行われたパフォーマンスの3ステージが収められている
レジャー	ツアー	前回の舞子後楽園スキーで、スキーウェアのパンツがキツくてかなりヤバかったため、実は今回のツアーに先立ち、おニューのウェア(もちろん上下)を買ってしまっていたあねもねにとっては、ウェアおろし(
レジャー	ツアー	何でも見たい私と友人の奥様とは、ツアーの中で、ただ二人だけ、ゲレルト温泉に入り、温泉を楽しむというよりも、経験したという満足感に浸ったものです
その他	ツアー	シーズン序盤のツアー・オブ・カタール総合2位&新人賞&スプリント賞に始まり、ヴォルタ・アオ・アルガルヴェでステージ2勝、パリ〜ニースでステージ1勝、ミラノ〜サンレモ2位、ロンド・ファン・フラーンデレン2位、パリ〜ルーベ7位
レジャー	ツアー	さてさて、こちらのツアー‘K's kitchenお料理キャンプ’は開催が決定しておりますので、お料理やキャンプ、カヌーにご興味のある方は、どうぞ下記までお問い合わせくださいませ
その他	ツアー	このツアーは年間7千人もの観光客が参加していて、その収益金は針江の環境整備や保全、水に恵まれない子ども達の寄付のほか、地元の人々にも様々な形で還元されているそうです
レジャー	ツアー	がご案内するツアーのお知らせです ■湿原の花をたずねて〜雨竜沼湿原〜 雲上の花の楽園 小林 峻がご案内します 国内有数の山岳高層湿原を訪ねましょう
その他	ツアー	ツアーと言っても往復の飛行機の搭乗券、サイパンマリアナリゾートホテルのフィンハウス(ログハウス)宿泊代、レンタルシャックの利用代金で添乗員なしの個人参加です
レジャー	ツアー	しかし、車道の展望駐車場から西坂登山口西方までの山スキーはスキーもだん だんうまくなって余裕ができ、遠くの冬山の眺望もよく、快適な山スキーツアーとな りました
その他	ツアー	」と添乗員がのたまうと、前の方のおばはんが、「ちょっと、これは、下見ツアーなんだから、スタートからゴールまで、丁寧に説明しながら行ってくださいよ
レジャー	ツアー	13日、大邱市によれば最近、円高で日本人訪韓客が増えており、日本人が食べ物や料理観光を好んでいて韓国伝統の食べ物であるキムチをつける体験観光をしながら有名観光地を見回る「大邱美食ツアー」商品を開発、観光マーケッティングを展開する事にした
ライブ	ツアー	このツアーから、キック・オフの名古屋、終盤の横浜、ファイナルの名古屋、 追加公演の4箇所では、国内有数のヴェテラン・レゲエ・ミュージシャンを選りすぐった バッキング・バンド「 ザ・ダンプリン・バンド 」がバックを務める
ライブ	ツアー	「ひとつしかない地球」は2005年1月から2月、フランス、ブルガリア、ポーランド、ロシア、イギリスを巡るツアーで各国のシンガーと各地の言語でレコーディングされ、2005年4月にリリースされた楽曲
ライブ	ツアー	★ANAで行く北海道ゴルフツアー♪4−7月出発設定★お泊りは札幌市内4施設より選べます♪シャトレーゼカントリークラブ札幌&ニドムクラシックコース2日間
ライブ	ツアー	※通常、ファンクラブではご当選後のキャンセルはお受けしておりませんが、本ツアーに関しましてはキャンセルをされましても今後のイベント・コンサートの抽選への影響はございません
ライブ	ツアー	こっちのジャケは、ユニコーンの勤労ツアーを思い出したわw RT @natalie_mu: 安全地帯が6年半ぶりニューアルバム&再録音ベストを発表
旅行	ツアー	アメリカ ツアー情報の他に、アメリカの旅行基本情報とニューヨーク・ナイアガラの滝・オーランド・サンフランシスコ・ラスベガス・ロサンゼルス・グランドキャニオン・ホノルルの観光案内があります
レジャー	ツアー	冬休みシーズン大型の有名スキー場は、道外からのツアーやスキースクール、およびスノーボーダーなどで大混雑となるため、通なスキーヤーはあえてマイナーなスキー場をチョイスする
その他	ツアー	天売島の自然情報を満載した独自のパンフレットを作成したり、天売島海鳥保護対策委員会発行の機関紙「海鳥保護」の編集と発行に奔走したり、自然観察や自然探索の学習会や写真撮影などの島内ツアーを企画運営したり、島外への情報発信や協力要請のための基点になったりと、海の宇宙館の存在はいまや天売島にとって欠かせないものとなっている
その他	ツアー	同委員会では延期の理由を、海外のマネージメント会社とコンサートプロモーション会社との契約の事情とし「今後のワールドツアーの成功をさらに確実なものにするため」と説明している
旅行	ツアー	世界遺産とまで言われた1976年のリッチー・ブラックモア、ロニー・ジェイムズ・ディオ、コージー・パウエル、ジミー・ベイン、トニー・カーレイというラインナップのRainbowドイツ・ツアーからの3公演を余す事無く収録した6枚組CDセット
レジャー	ツアー	北陸鉄道グループの総合旅行代理店として、オリジナルバスツアー「あすなろツアー」などの企画をはじめ、団体・研修旅行、海外旅行、各種乗車券など、お客様の思い出づくりのサポートとして幅広くご要望にお応えします
その他	ツアー	マクロ派ダイバーのわても今回は『大物』の醍醐味と感動を味わったツアーとなりました(^^)v今林さん有難うございました、そしてお疲れSUMMERでしたm(__)m
レジャー	ツアー	今回ツアーには今週末から三宅島で開催される三宅島エコライドに参加予定の白馬アウトフィールドの磯川氏が同行してくれたのですが、みんなでシュノーケリングを楽しんでいる時に彼だけ何故か
ライブ	ツアー	その後も山本潤子は、コンスタントにアルバムを発売、ライブ活動を行う傍らで、1995年には小田和正(おだ・かずまさ)のコンサートツアーに、ゲスト・ボーカルとしても参加します
旅行	ツアー	ビジット・ジャパン・キャンペーン(VJC)実施本部は、独立行政法人国際観光振興機構(JNTO)の協力を得て、7月16日(日)、ドイツ南部バイエルン州の州都・ミュンヘンで開催された「ミュンヘン日本祭2006」に出展し、協力企業とともに日本の観光や訪日ツアーに関する情報を来場者に提供するなどして、旅行目的地としての日本をPRしました
ライブ	ツアー	今回回顧するにあたっても、他のツアーは何やったとか自然と記憶がよみがえってくるんだが、この時は「早く終わってウチに戻らなきゃ」と時計を気にしつつステージを観てたことぐらいしか(苦笑) さっきセットリスト見返してたが、"Englishman"とか"Empty City"とかを初めて聴いてるね
レジャー	ツアー	実はその時点では、まだあまりホテルの知識がなくて、、今思えば「HIS」のそのツアーのホテルは、5段階で言えば4平均くらいのグレードで、、オレの思惑とはちょっと違ったんだよね
レジャー	ツアー	訴状によると、出口さんは小賀坂スキー製作所が企画したスキーツアーを引率中の 2000年 11月、オーストリア中西部カプルンで起きたケーブルカー火災事故に遭遇、死亡した
旅行	ツアー	十数年前、ツアーで数日間、中国を旅行したことがありますが、現地ガイドと運転手付きで、観光客用の場所や店ばかりを、点と点を結ぶように連れ回されただけ、という感じでした
その他	ツアー	(みえけん)⇒ビジネス旅館つた☆答志しまのしんせんな舟じょうやいせえび・アワビ・車海老などのあらいそやきがじまんしょくごはろてんぶろでほしぞらを眺め、のんびりこころとからだをリラックス(三重県)⇒たからや旅館⇒観ほうろう(かんぽうろう)☆ゆうひのみえる露天風呂(みえけん)⇒はましまおんせんほうらいそう(あらうんどツアー提供)☆夕陽のきれいなホテルしま石亭
レジャー	ツアー	その人気ツアーの特別合宿として、神奈川県の南足柄市を舞台に、大自然と音楽、そして温泉を3日間満喫できる『楽器挫折者救済合宿in南足柄温泉スペシャル
レジャー	ツアー	★当ツアーではキャンプ未経験者でも気軽に参加できるツアーを目指し、キャンプ用品から食材までキャンプに必要な道具は全てご用意しておりますので道具をそろえる必要はありません
レジャー	ツアー	当社は美瑛町で最初の山岳ガイド、アウトドアツアー会社としてJR美馬牛(びばうし)駅前に開業、これまでにレンタサイクルやカヌー、バックカントリースキー 、トレッキング (大雪山国立公園)を中心に 四季を問わずたくさんのお客様にご利用いただきました
ライブ	ツアー	笑・・・そ~いえばこのまえの「GTPAルーキー・オブ・ザ・イヤー」受賞者には米国ツアーへの推薦出場が・・・みたいなことが書かれてましたが、江里菜ちゃんもいつか予定されてるのですかね
レジャー	ツアー	このようにエコ・ツアーはエコ・ツーリストにとって決して満足のいくものではないように思えるにもかかわらず、エコ・ツアーはエコ・ツーリストに快感を与える映像を補完物としていつでも用意している
その他	ツアー	次にツアー中ですが、国立公園内の20を超えるキャンプ場やピクニックサイトには必ずトイレがあり、ガイドはこうしたビーチで休憩を取るように努力しています
レジャー	ツアー	企画内容は、ホテルやレストランでの催の開催、お客様訪問時に使える商品カタログ作り、旅行をしながらお買物をしていただく国内・海外ツアーの実施など様々です
レジャー	ツアー	そこで、もう一つ質問ですがツアーというものは皆同じところへ同じ時間帯へ行くというものですが、なぜそれぞれのグループ、たとえば8人で海外旅行へいって、二人だけアーリーチェックインしてホテルへはやく入れる意味がよく分かりません
旅行	ツアー	オーストラリアと米国では訪日スキーツアー商品の造成を拡大するため北海道と長野を紹介し、さらにアフタースキーの京都等の魅力を紹介した訪日スキー商品の販路拡大に努めています
レジャー	ツアー	ツアーは数を増すたびに楽しくなるとよく聞くのでこれからが楽しみでたまりません☆ スタッフとしてめちゃめちや頑張ってくれた南くん、ほんまありがとう☆助かりました
レジャー	ツアー	そういえば、最近のアウトドア産業の特徴で、バスツアーなどを企画する「一般の」旅行会社がハイキングやちょっとした山歩きのツアーなどを企画することがあるようだ
レジャー	ツアー	でも、先日の「男だけの大和乗艦ツアー」のときに待ち合わせをしたtBさんとwoodstockさんに尾道ICで置いて行かれたのが悔しくて(笑)取り付ける決心をしたのでした
その他	ツアー	【Part III 】会話説明問題の文章アナウンスパターンは、「ツアーでのリーダーから」「授業での先生から」「テレビでの番組案内」「レストランでウェーターから」「会社や団体のリーダーから」「クラブ等のリーダーから」「空港や駅でのアナウンス」など 15を超えるシチュエーションでのアナウンスや案内に対して、その概要を把握するテストです
レジャー	ツアー	どこぞの旅行社がそういうツアー登山を企画するのでしょうが、いくら前もってどこどこの旅行社が何名を引き連れて小屋にやってくる旨、伝えられていても、一般(個人)の登山客は不特定数なのですから、山小屋にとって大人数であるツアー客の到来は果たしてよいことなのでしょうか
レジャー	ツアー	)は、ラフティングが、営利目的のレジャースポーツとして発展するに伴い、ツアー会社の事業内容の質、安全管理の不備等が指摘され始め、業界として自主的な対策を講じる必要があるとの認識から、平成9年5月に設立され、現在までのところ、国内の河川におけるラフティングの運行規約、リバーガイド規約等を定める唯一の任意団体である
旅行	ツアー	ここでは、ツアーでニュルンベルクのクリスマスマーケットで使えるクーポン券を1人に1枚プレゼントしてくれることになっている=フリーでクリスマスマーケットを楽しむ時間が設定されているので、申込当初から遊び倒そうと狙っていた場所
ライブ	ツアー	それでホテルを探している時に地元の何人かの知人からプロツアー期間中の宿の手配を頼まれていたので、そのホテルを前日から取る形で押さえたのですが、「なるべく安く」との希望もあり値段を最優先で宿を取った結果、部屋が驚くほど貧相
その他	ツアー	ちょうどツアーらしき団体さんとかちあって、お坊さんの説明を一緒に聞くことが出来たのですが、「写真やテレビで見るのと、実物を見るのとは違う」とおっしゃっていて、「確かに」と納得していました
その他	ツアー	他にもメールで移住について検討している方から照会が来て、かなり詳細な形で確認事項が来ているので、館田さんが考えながら作っているようですし、先日の移住者交流会で昼食会場となったお店「あいはら」がぜひツアーでこられた方の感想を聞きたいということで、館田さんが参加者にメールで料理の感想を伺ったりしているのでした
レジャー	ツアー	我々は「美しき利尻礼文、ちょっぴり花散歩と花咲く富良野と美瑛4日間」と銘打ったツアー旅行に7月7日朝静岡を出発、新千歳空港から砂川オアシスで休憩した後、昭和30年まで日本海に押し寄せたという鰊で有名な、道の駅「おびら鰊番屋」に立寄り、その日最後の広々とし地平線まで見渡せる北海道らしい「サロベツ原生花園」を散策し稚内のホテルに一泊しました
ライブ	ツアー	既に人気の階段をかけ昇っていたデジタル・アンダーグラウンド(DU)が、彼らの行ったツアー・メンバーのオーディションに顔を出した2パックに目を付けたのだ
旅行	ツアー	日本人スタッフのYokoさんにお願いすると、普通はアプリット島のシュノーケリング・ポイントで慣れてもらってからツアーへの参加許可がおりるそうであるが、かなづちシュノーケラー1級であるとしつこく主張した結果、ノアノアへのシュノーケリング・ツアーに参加できることになった2)
その他	ツアー	さらに、軽油の代替燃料として、BDFを使用した『エコバス』が市内を無料循環しており、バスガイドに扮した「ごみナビボランティア」の方から、「BDFの特徴※2」を聞きながら、「のしろまち灯り」の見所を廻るバスツアーも行われました
その他	ツアー	普段とは違った角度から橋を見ることにより、橋の構造や維持管理について理解を深めていただくとともに、全国に誇る観光資源である2つの橋でつながった兵庫県と徳島県の観光振興を目的として実施される「2橋まるごと体験ツアー」
ライブ	ツアー	こみリンク12009年09月04日(金)歩くエコツアー 花の白山フラワートレッキング ツアーレポート2009年08月28日(金)白山一里野温泉スキー場 アルペン日記 お得情報
レジャー	ツアー	バスツアーのパンフレットなどで、目立つ所に載ってたり 大きい文字で書かれたりしてると、力が入っているから 良いミステリーツアーだと知人は分析しておりましたが・・・
レジャー	ツアー	私は新婚旅行のときのツアーで他の2組の新婚の奥様同士が仲良くなって自分だけポツンとか、 他のツアーでも添乗員さんから無視されたりで、 日本人ツアーのいなさそうなホテルで観光も個人手配したくてネットで調べてるんだけど、 ツアーでの嫌な記憶あれこれが思い出されて楽しいはずの旅行が怖くて不安
レジャー	ツアー	少人数制ツアーなので、お友達同士はもちろん、お1人様ののんびり旅行からご家族連れまで、他の人たちを気にせず自分たちのペースで楽しむことが出来ます
レジャー	ツアー	観光の振興については、社団法人久慈市観光物産協会への支援、市内の観光資源の掘り起こし、イベントツアーの造成及びNPO法人久慈広域観光協議会など、関係団体等と連携し、観光客の誘致に努めてきたところであります
その他	ツアー	ちなみに、ココにお泊りの人はお願いですから観光ツアーのガイドを雇わないで下さい・・・・ガイドの立場的に非常に交通の便が不便ですので・・・・観光地に何処へ行くにしても
レジャー	ツアー	「第20回松ぼっくりスキーツアー」と題して、自閉症者とその家族のみでは実施困難なスキーレクリエーションをボランティアと共に平成22年3月12日から2泊3日で実施し、自閉症者の社会参加の促進とその家族のレスパイトケアーを図る
レジャー	ツアー	今回のクルーズには、約300名が乗船しており、八戸港では、4つのオプショナルツアーの他、 タクシーやシャトルバスによる市内ツアーも行われました
レジャー	ツアー	本来はスノーシューで歩くだけのツアーだったんですが、みんな滑れるからということでコースを少し変更して乗鞍岳山頂方向を目指し、途中から滑り降りてくるというバックカントリースキー&スノボツアーに変更
ライブ	ツアー	しかしながらデビュー1年後にはそのhiGが見事に出なくなり、その後の長い過酷なツアーや不摂生やら無茶な歌い方などが原因でどんどんハイトーンが出なくなり、デビュー15年後にはhiGのオクターブ下のmid2Gと言う音ですら出ないと言う状態にまでなりました
ライブ	ツアー	今回のツアー、ほとんどの公演が裏でハロプロ関係のイベントやライブが重なってしまって満員御礼とは言い難い公演が多いんですが、これについてはどう思います
旅行	ツアー	ツアー旅行なら、シベリア鉄道(ウラジオストク〜モスクワ)とウラジオストクまでの航空運賃(燃油サーチャージ別)が付いて、一人15万円程度からあるようです
ライブ	ツアー	WTAツアーでシングルス7勝ショウ、ダブルス1勝ショウを挙アげ、4大ダイ大会タイカイの女子ジョシシングルス準ジュン決勝ケッショウに3度ド進出シンシュツした
レジャー	ツアー	ラフティングツアーボートに乗って激流体験するツアー参加と途中から合流してラフティング体験を共有できるツアー同行をご用意した家族揃って吉野川のラフティングの楽しい想い出づくりにぴったりのラフティングツアーです
ライブ	ツアー	アルバム『スタート・スタティック』で日本デビューして以来、5年足らずの間に単独、ツアー・サポート、フェスを含めてこれまでに計8回の来日ライヴを行なっており、回を重ねるごとに多くの歓声を味方につけている
ライブ	ツアー	1980年、彼が生前最後に行った欧州ツアー《タフ・ゴング〜アップライジング・ツアー》より、ドイツ、ドルトムントでの“日本初登場”の超貴重な熱狂ライブ・パフォー
レジャー	ツアー	夜があけて、3日目本日のツアーは「ジャングルトレッキング」AM7:30ホテルメインロビーピックアップ車に2時間以上揺られていたような~ようやくたどりついた森の中のトレッキング
レジャー	ツアー	雪解けの激流を下るラフティング・高山植物観察会・パラグライダー体験・MTBダウンヒルツアー・カヌーで川下り・きもだめし・スターウオッチングなどなど
レジャー	ツアー	本件転覆は、カヌーツアー業者兼カヌーガイドが引率してカヌーツアー中、天候悪化が予想された際、速やかに湖岸に戻らなかったことによって発生したものである
旅行	ツアー	2007年も年明け早々の金沢・京都遠征から始まり、4月には北海道・東北と水戸でのツアー、さらに市原ひかりをゲストに迎え東京・名古屋・京都のミニツアーを行うなど、精力的にライブを行っている
レジャー	ツアー	"山小屋滞在トレッキングと縦走、アシニボイン登頂、パウダースキー、スノーボードツアーなどを通して山の魅力を100%体験していただけるツアーの現地募集を行ってます
その他	ツアー	ラフティング キャニオニングなど様々なアウトドアスポーツにチャレンジ体験できる アウトドアツアー会社、TOP水上では、ラフティングの世界チャンピオンがエキサ
レジャー	ツアー	こんばんは〜お仕事お疲れ様ですhotehamaです今日は受付終了間近沖縄選べる4HOTELツアーのご照会っ選べるホテルは恩納マリンビューパレス沖縄南部観光に最適サザンビーチホテル好立地国際通り沿い南西観光ホテル大浴場完備沖縄ホテルの4HOTELから自由に
レジャー	ツアー	1回目は学生時代の1991年に九州へのツーリング途中で、2回目は就職してから1996年頃に今回の友人たちと富山県のR472&R471ツアーの帰りに通ったものでした
レジャー	ツアー	家族連れ、カップル、グループと幅広い年齢層の参加者があり、誰もが楽しめる大人気ツアーになっており、北海道のアウトドア体験といえば「ラフティング」といわれるまでになった理由はそこにあるのでしょう
その他	ツアー	ツアーで一緒だった人とモスクワの高級レストランに入ったのだけれど、最初店に入ったら、店員が玄関でいかにも機嫌の悪そうな顔をして通せんぼしている
旅行	ツアー	毎年、ヴィニタリーの前後にツアーを企画してイタリア各地のアグリトゥリズモに泊まったり、ワイナリーを訪ねたりしますが、今年は4月後半にもピエモンテ取材の予定があるので、ツアーの企画は5月31日から6月第1週にヴェネトを巡ることにしました
その他	ツアー	ホテルからバスで空港に向かうツアー一行を見送り、再びホテルまで来てくれた江下さんと時間つぶしにサン・ミッシェルのカフェで朝食を食べ、パリの北駅へ
レジャー	ツアー	それにしても、初めてのときは一緒に行った友人も恐がりで、港に向かう途中「やっぱり私は港で待ってる」とか「海中にもぐったら目をつぶるわ」などと本気半分の冗談を言い続けていて、どうしてこんな二人が潜水艦ツアーに参加するんだろう
レジャー	ツアー	高知バスツアーの時途中岡山でお土産のお菓子を事務所に買って帰りましてん普通の会社やったら「ありがとね みんなでいただくわ〜」て気持ちのいい会話で済む話やけど、さすがワハハはお笑い事務所柴田さんのマネージャー岩崎さんの第一声「どこで拾った
レジャー	ツアー	聾にしてもdeafにしても、近代バスツアーが発展する以前から一般の人が使用していたことばであり、それをそのままバスツアーあるいは教育学で特定の定義をして採用しようとしたところに混乱の屋久島旅行がある
レジャー	ツアー	長男は高校の友だちとたまに深夜バスで格安のスキーツアーに行っておりますので滑るのは慣れたものですが、小学校五年の二男と二年になる長女はスキーが初めてでした
旅行	ツアー	アジアツアーの7カ所のフィナーレを飾る中国公演に東方神起が情熱を込めて最高の舞台を披露したい」とし、長い間コンサートを待ちわびた中国ファンに感謝の気持ちを伝えた
ライブ	ツアー	これは、元々ビーイング所属のアーティストのツアータイトルには、必ず「LIVE ○○」とつける習慣があり、ビーイング脱退後も継続してツアータイトルが付けられている
レジャー	ツアー	都市観光ツアーはもちろん、博物館やコンサートのチケット手配からロケット打ち上げ観賞ツアーのようなユニークな商品まで、充実の品揃えに自信があります
旅行	ツアー	草津から軽井沢経由で奥日光の華厳の滝などを見物したツアー一行の団体バスが鬼怒川温泉のホテル玄関前に到着すると、ホテル側から歓迎のお出迎えとバスから荷物の持ち運びのお手伝い
レジャー	ツアー	HPで探しても観光ツアーの紹介が多いから温泉歓楽街みたいですが、日本軍が金鉱を掘っていたとも書いてありますから、かなりの深山に拓かれた地区でしょう
レジャー	ツアー	各ツアーの担当ガイドにも独自の天候判断権限がありますので、当社が運行可能と判断し、他のグループのツアーは催行されていても、お客様のグループだけが中止になる場合もあります
旅行	ツアー	昨年のYOSAKOIソーラン祭りに、南半球のニュージーランドからはるばる参加してくださった「サザンスターズ」チームより、ニュージーランドへのYOSAKOIツアーのご案内です
旅行	ツアー	チェンマイからでるトレッキング・ツアーも有名で、3日間、トレッキングしたり竹の筏で川下りをしたり象に乗ったりする盛りだくさんなツアーもあるが、かなりのサバイバル・ライフだろうと思う
ライブ	ツアー	サリキン氏にとっては90年代初頭、シンガポールツアーを行っていたノッティンガム・フォレストのスタン・コリモアが、トレードマークのヘディングシュートで得点した時である
その他	ツアー	国際会議観光都市の実施視察ツアー」の2本柱で構成され、先ず都内ホテルで開催された商談会では、45グループから成る日本側の自治体や観光業界関係者とマッチング方式による面談が行われ、双方間で熱のこもったやり取りとなりました
その他	ツアー	10月1日(土)ソニー生命保険ボランティア有志の会主催、阪神高齢者・障害者支援ネットワーク共催で、「秋の温泉(雄琴温泉)バスツアー」に引率ボランティアとして、「家庭倫理の会神戸市」より6名参加しました
ライブ	ツアー	ボーカルhirokoの右気胸治療のため全国ツアーを延期しているmihimaru GTが、7月3日(土)横浜アリーナ公演よりツアーを再開する見込みを発表した
