# コンピュータ: パソコンやワープロで、フロッピー　ディスクを差し込む穴に対応する通信路。, 卓球: テニス・卓球などで、ボールに順回転を与えるように打つこと。ドライブをかけるまた、ゴルフなどで、ボールを遠くへ飛ばすこと。, 自動車: 自動車で遠出をすること。
その他	ドライブ	長崎支店では、経済速度での走行、アイドリングストップなどのエコドライブの励行や電気自動車の優先使用などで燃費を向上させることにより温室効果ガスの削減に努めています
自動車	ドライブ	週末はドライブには行けず、ひたすら寝てばかりいたですチョロチョロ買い物に歩いたりしていましたが、人も多くなくて歩きやすく私にとっては最高です(笑)
その他	ドライブ	大型トラック「Quon」の安全オプション装着車は、事故を未然に防ぐためのドライブレコーダー、トラフィックアイブレーキ、ソナーシステムなどを搭載する
卓球	ドライブ	ドライブギアにはステラ、ツインパワーと同じ超々ジュラルミンCF(冷間鍛造)ドライブギアを、対となるピニオンギアには耐久性の高い高強度真鍮マシンカットピニオンギアを採用
卓球	ドライブ	ダイナミクスが際立つドライブ能力と高いパワーハンドリング性能により、ディフィニションに採用しているDCドライバーはタンノイ製品史上で最も驚異的なドライバーユニットのひとつといえるでしょう
その他	ドライブ	いつも、車には乗りなれて いる、あなたでも・・・・ スポーツカーは、初めての あなたも、オートマチック ですので、誰でも簡単に スポーツ・ドライブできます
卓球	ドライブ	なぜなら、ドライブ系ならシャトルの軌道上にラケットを持っていけば当たりますが、この場合はピンポイントでシャトルを捕らえなければならないからです
卓球	ドライブ	パワードライブはスピードとスピン両方が強力なドライブの事ですので、ラケットの角度やスイングの方向は普通のドライブ(スピードでもループでもない)と同じで良いと思います
コンピュータ	ドライブ	懸念されるのはCDドライブがダメになっている可能性ですね、他のPCでは動いたので一応それも疑ったのですがPCが起動しないのでかたしかめる手段が無く、USBメモリを使いたいのですがbiosの起動画面に選択肢もありません
卓球	ドライブ	前陣で重いドライブ、カウンター、ブロックを多用する王楠プレーを最大限引き出せるようにNittakuと紅双喜社の技術陣が開発したブレードのラケットです
卓球	ドライブ	長谷川信彦氏といえば、独特の一本差しグリップとジェットドライブと形容された強力なフォアハンド、そして粘り強いロビング、そしてこれらの土台となる地道な体力トレーニングを積み、67年の世界選手権男子シングルスで優勝された名選手です
その他	ドライブ	※「交通CO2排出量診断」「Let's発電競争」「クイズ・自動車とCO2」「エコドライブ・アンケート」のいずれかに参加した方全員に、「信号待ちアイドリングストップ」ステッカーをプレゼント
卓球	ドライブ	『フレアストーム』は、裏ソフトラバーの強ドライブに負けないスピードボールを放つことが可能な、エネルギー内蔵効果を備えた高性能表ソフトラバーですエネルギー内蔵型表ソフト厚さ:中(1
卓球	ドライブ	スピードドライブを打つには、ラケットの振りを上下ではなく、後ろから前に振り抜き、相手コートへ押し込む感覚で打つとスピードのあるドライブを打つことが出来ます
卓球	ドライブ	カット打ちをやらせたところ、不安定でしたので、ドライブを習得させようとしていますが、なかなか回転がかかりません 田崎選手はどうやってドライブを打っていますか
自動車	ドライブ	予定通り(泣)東京へは自腹でいく事が決まり、現地駐車場の関係から一度は新幹線を使おうかとも思ったが、現地の地理に疎い事を気付き、やはりナビゲーションが搭載された車は外せないという点と、ドライブ好きな自分の欲求に応える為に(笑)高速を使って車で向かうことに決める
卓球	ドライブ	乾が推測するリョーマクンの先ほどの戦法は、ツイストサーブで体勢を崩し、ドライブAで両肩を上げさせ、COOLドライブで前におびき出し まんまとーーー
卓球	ドライブ	ゾンダは、超々ジュラルミン製のドライブギヤ、ギヤシフト、ハンドルノブ、チタン製のドラグワッシャー、そしてカーボングラファイト製マシンカットハンドル、カーボンコンポジット製型ノブを標準装備する
自動車	ドライブ	お袋さんにとってちょっとその辺りをドライブというにしては乗っている時間が長く疲れてしまったのか、クルマの中から桜の花を眺めてはいるものの、クルマから降りてみようとしない
自動車	ドライブ	“春の交通安全運動”(今年は4/6〜15まで) 自然環境学科の2年生もこの春休みに何人か自動車教習所に通っていましたが、免許取れたてホヤホヤの若者がドライブに行きたくなる季節ですよね
自動車	ドライブ	今後“みちぼう君”がみなさまに山形県内の「お勧めドライブコース」や「耳寄り情報」、「イベント情報」、「みちの関する情報」などを紹介してまいります
コンピュータ	ドライブ	ただ、うちのPCはフォント数が少ないので、それだけがちょっと残念なんですが、これ以上フォントを追加したらCドライブがパンクしてしまうので、新しいPCに買いかえるまでは我慢、我慢
コンピュータ	ドライブ	いずれも大手の家電らが中心となって策定したホームネットワークの世界規格「DLNA」に対応しているほか、本体にはハードディスク専用ベイを設けており、別売の専用カートリッジタイプの着脱式ハードディスクドライブを装着することでPCの電源が入っていないときでもコンテンツの再生ができるようになっているのが特徴
卓球	ドライブ	構造上シェークハンドドライブ型ほど強いバックハンドドライブを打つのは難しいといわれるが、それを十二分に補えるだけの得点力のある快速プッシュや、バックハンドスマッシュを得意とする選手もいる
その他	ドライブ	これを記念いたしまして、出光カード ドライブ・レジャー情報誌「MOCO」からセレクトしたエコな風景壁紙(パソコン用)を期間限定でプレゼントいたします
自動車	ドライブ	さらに、保険や補償もたいへん充実しているので、このニッポンレンタカーの「安心コース」でレンタカーを利用すれば、心配することなく快適にドライブできますね
コンピュータ	ドライブ	制御ファイルを多重化する方法の1つは、REDOログが多重化されている場合、REDOログ・グループのメンバーが格納されているすべてのディスク・ドライブに制御ファイルのコピーを格納することです
コンピュータ	ドライブ	COMでは、各ドライブをA:から最大Z:(これは環境変数LASTDRIVEで変更可)までのドライブレターで管理し、内部コマンドではファイル・ディレクトリ一覧の参照、ファイルとディレクトリの作成・コピー・名前変更、コンピュータの時刻や環境変数およびパスの設定参照などができるほか、外部コマンドやアプリケーションなどの実行形式のファイルの起動が行えた
自動車	ドライブ	テレビ局のアナウンサー、記者、環境問題専門のインターネット放送局代表としての取材と、太陽光発電、エコドライブ、節電、生ゴミ処理など、数々の実践経験を元に、クイズ形式をまじえながら楽しくお話しします
卓球	ドライブ	フォアハンドのドライブはすっごく鋭いし、バックハンドはものすごいスピンドライブもあれば超速のフラットショットもあり、三鷹は何処へ打っても抜けなかった
卓球	ドライブ	中陣からのドライブでガンガン攻めていくタイプはもちろんですが、フラット打ちのやりやすさと破壊力を考えれば、ミート打ちを主戦とする前陣速攻型の選手もこのラバーの特性を活かせるように思います
その他	ドライブ	MCJ 15時25分 DS『ブレイザードライブ』、ゲーム主題歌に「サイキックラバー」が参加決定 セガは、12月4日の発売を予定しているニンテンドーDS専用ソフト『ブレイザードライブ』の主題歌に、アニメや特撮番組の主題歌などで人気のアーティスト「サイキックラバー」が参加することを発表した
卓球	ドライブ	一つはエンドライン際に打ってネットまで距離を持たせて寄せ切れなかったセットを点にする方法、またジャンプサーブでドライブ回転を掛けて相手の目測(延びる)を誤らせるか、あとはクロスにラインをとって角度を持たしてコントロールを用意にさせないか
自動車	ドライブ	オーバーヒートが心配なフェラーリ、パワーに大きな影響を与えるクーリングをレーシングメッシュグリルに交換することによる効率向上は、スポーツ走行はもちろん、夏場のシティドライブにおいても有効なチューニングアイテムとなります
自動車	ドライブ	岩と荒波の男鹿西海岸をドライブし八郎潟の干拓地を走る直線道路を大潟町に向かい、菜の花イベントを覗き近くのホテルサンルーラル大潟の中華バイキングで昼食、いささか食べすぎ
卓球	ドライブ	この八街市協会では黒崎春雄会長もかつて斉藤選手と組んで全日本ダブルスミドルの部で4位入賞を果たしており、千葉県では比較的早い頃からスピンボール(ドライブ)を取り入れてプレイしていたのですが、そのご指導の成果でしょうか男子のゲームではほとんどの選手がスピンボール(ドライブ)を打っており、ほんの1~2年前からの大きな変化に驚きを覚えてしまいました
自動車	ドライブ	津軽半島エリアは2次交通が貧弱で、車が観光の主要な手段となっていることから、観光振興の一環として津軽半島にある9つの道の駅を周遊するドライブツアーを企画しています
自動車	ドライブ	エコドライブには、加減速の少ない運転などを含め、全部で十個の方法があると、十種類の方法があると聞いておりますが、とりわけ、アイドリングストップは、これだけでも燃費向上の効果が大きいと思われます
卓球	ドライブ	また、フォアハンドドライブの場合には、ウエスタン(フライパン持ち)気味に持ったり、バックハンドのサムアップ時には、逆にイースタンよりも、もっと奥に回して握ることもあります
卓球	ドライブ	ですから、以前に比べてドライブサーブ(俗にピンピンサーブ(笑))などがかなり楽に打てるようになるのですが、実際にはほぼフォルトを取られているようです
コンピュータ	ドライブ	ここ数年、バス氏と彼のスタッフは、サンの従業員の大多数のIT環境を、ハードディスク・ドライブ搭載のPCからシン・クライアントに移す作業に取り組んできた(シン・クライアントはサンが販売しているテクノロジーでもある)
コンピュータ	ドライブ	ちなみにデータはネットワークドライブ上に置いてあるのを指定していたので、ひょっとしてそれが原因か・・とも思ったのですが28個までは登録できているわけですし・・違うかと・・
自動車	ドライブ	園を出発するときには、ドライブを心待ちにしていたのか笑顔の入所児者の方や、不安そうな表情のある方も見受けられましたが、目的地の長瀞に着く頃には皆笑顔になっていました
コンピュータ	ドライブ	今までにも「USB ドライブから複数の Skype を直接起動する方法」として「ショートカットで指定する起動オプション」の存在は確認できていました
自動車	ドライブ	しかし、この契約では、大学生の息子が同級生の友人と一緒にドライブに行き、その友人が運転していたときの事故を考えてみると、特別な約款・特約(例えば、交代運転の場合に年齢を問わず担保する臨時運転者担保特約)がなければ担保されないことになります
自動車	ドライブ	阪神高速→明石海峡大橋→淡路自動車道→鳴門大橋→高松自動車道→高知自動車道→国道56号線→国道321号線を経て、柏島まで6時間半のドライブは遠かったです
自動車	ドライブ	自動車の排出ガスを削減するための取組みとしては、自動車をできるだけ使わないようにしたり、排出ガスの少ない自動車を使用したりするだけでなく運転そのものを環境にやさしくする「エコドライブ」等があります
卓球	ドライブ	破壊力抜群のフォアハンドドライブと、進境著しいバックハンドドライブとが、2・7グラムのセルロイドの白球を質感の増幅した何物かに変え、時に相手に反応することを許さず、時に相手のラケットをはじく
その他	ドライブ	税込み価格と課税前価格の2つを表示する新しいタイプのPOPは週末特価のドライブに使われていて、ドスパラ本店の他の品物や、ドスパラ2号店では気がつかなったのかもしれないが、これまで通りの税込み表示がされていた
卓球	ドライブ	また、人によってはドライブとスマッシュが一緒になったようなたたきつけるような感じだけどかなりのスピンがかかったボールを打てる人もいると思います
卓球	ドライブ	安定感は強いですが、回転量は豊富で重いので反撃にはスピード系ドライブで抜き去るのではなくループでタイミングをズラしてスマッシュで決めるような守備的要素の強い方にとってもお勧めします
卓球	ドライブ	ディマ・オフチャロフ選手、パトリック・バウム選手使用ラバー 上級者はラバートップシート表面の張りや、サービス/レシーブ/ドライブにおけるインパクト時のシートに
自動車	ドライブ	土田和歌子さんは高校2年の時、ドライブ中の事故から車いす生活に、‘93年アイススレッジと出合い長野では金メダル2、銀メダル2、と大活躍する、その後陸上競技に挑戦しシドニーで車いすマラソンで銅メダル
自動車	ドライブ	10月の台風だけでもめずらしいのに、2つ同時しかも宮古島がはさまれる形での台風接近は過去あったのだろうか話かわりますが、週末に家族でドライブ高野漁港にいってきました
卓球	ドライブ	朱選手もフォアにドライブが来たりツッツキが来たりするとそこからのすさまじい攻撃があるのですが、バックの粒高面だとカット以外何もできず、ボル選手もミスをしないのでお手上げといった状況でした
コンピュータ	ドライブ	ただこのソフトのデータ保存先がCドライブのマイピクチャになっているので ここのリンクをどうにかしないとソフト本体の場所を変えても データ容量的に意味が無いかなぁ、と
卓球	ドライブ	ドライブ→ドロップの試合→クリアの試合→スマッシュの試合→ヘアピンの試合→半面シングル→フォアシングル→バックシングル→端ヘアピン→全面ドロップの試合→サービスラインのドライブ→クロスヘアピンの試合
卓球	ドライブ	スマッシュ以上に速いかと思わせるドライブレシーブで相手の攻撃を封じ、 スピードについていけず甘い球が返ってきたところを、素早い出足でネット前からプッシュを決める
自動車	ドライブ	昨日は、久しぶりの徹夜ドライブに、オマケに新幹線で静岡に行くなど、超ハードな1日でした^^; 今朝も9時半にお客様宅に、旧車買取の依頼でトヨタRT20のコロナを一台見に行ってからの出社となりました
コンピュータ	ドライブ	ドライブ用制御回路10の駆動電源端子VCCに駆動電圧が印加されると、Qドライブ端子およびとQに−を付加したQバードライブ端子を介してスイッチング素子4、5が交互に導通し、インバータ動作を生ずる
その他	ドライブ	サブウーファーのキャビネットには、従来のJドライブ方式を飛躍的に進化させた新技術を駆使し、ダクト部に重低音再生の瞬発力と順応性を高める「スリットダクト」を採用
コンピュータ	ドライブ	413で書いたように クリックしただけではドライブにアクセスができないというもので、これはドライブの中のフォルダの直のショートカットを作っておけばいいことが分かった
卓球	ドライブ	よってスピードもスピンも効いたパワードライブをツーバウンドブロックするにはラケットを引いてスピードを殺すのに併せて、スピンも殺さないとだめになります
自動車	ドライブ	頂上までのドライブコースを利用して、同じグループの方が車を移動すれば、片道だけのトライや途中の林道までの短縮コースなど、体力に応じて楽しめます
卓球	ドライブ	ボールを巧くミートしようと思うと少しかぶるとミートしやすくなります、練習としてはバックアタックを打つのがお勧めです、それとサーブをフロータードライブで打つようにするとボールにドライブをかける感覚が養われると思います
コンピュータ	ドライブ	ワイヤレス化を図り、胴体部にコンピュータ、モータドライブ、バッテリー、無線機器等、必要な機器を全て内蔵、自在な歩行、階段の昇降、台車を押す等などの動作がワイヤレスで、かつ、自動動作により実現しました
コンピュータ	ドライブ	上書きでインストールしても、落ちまくるのは改善されなかったので、Cドライブだけフォーマットして再度SetupするとOS立ち上がるには立ち上がったが、FDが読めない
その他	ドライブ	任天堂の「スーパーファミコン」やセガエンタープライゼスの「メガドライブ」など、1980年代後半から1990年代前半にかけて登場したゲーム機が16ビットゲーム機で、それ以前に普及していたファミリーコンピュータなどの8ビットゲーム機から、次第に市場を奪っていった
卓球	ドライブ	テニスもしかり、うまくバックハンドで打ち返せる、ドライブがかかった球が打てる、マラソンなら、時間が短縮した、何でもそうですが、ほんのちょっとした向上が、自分の世界を押し広げる
コンピュータ	ドライブ	サーバーのフォルダに対するローレベルでのストレージツール(たとえば、デフラグ、ドライブ全体の暗号化、ボリュームのイメージバックアップなど)の操作は問題を引き起こす可能性がある
卓球	ドライブ	0612さんの言うようにドライブは威力があっても正確性がなければ意味は無いですが、サーブというのは練習を積み重ねて、自分らしい打ち方だ出来ていくものだと思いますから
卓球	ドライブ	普段、自分も気を付けているのですが、ドライブばかりカットしていると「切り返して倍返し」とかの練習をするとラケットを開いてしまって知らないうちにボールの下を擦るスイングになってしまうのでなるべくスマッシュを捕るような練習にしていますが「ドライブ・スマッシュ」どちらもカットするわけですから重要な練習になるかと思います
その他	ドライブ	高圧スプレーで洗車するスプレー洗車機や、車をドライブスルーのように機械に通すだけで、出てきたときには洗いあがっているものなど、洗車場やガソリンスタンドで洗車をする方法もあります
コンピュータ	ドライブ	もうフォーマットしかないやと諦めて、今日は延々とセカンダリへのバックアップ作業を行ってたわけなんですけど、なんかさっき DELLの兄ちゃんから「最悪の場合起動しなくなります」って脅されていた修復インストールがうまくいっちゃいました(汗笑) まぁこれはこれで結果オーライなんですが、これをきっかけに一旦Cドライブをすっきりさっぱりしたいリセット願望もあったわけで
自動車	ドライブ	普通ならこの気持ちのよい高原か大山周辺で過ごすのが順当ではあろうが、どうしても他に行きたいところがあったので、蒜山大山スカイラインのドライブで我慢することにする
コンピュータ	ドライブ	0の書き込みに対応しているはずなのですが、Dragn'DropのDATAモードで書き込もうとしてもドライブが認識してくれずにトレイからメディアを吐き出してしまいます
卓球	ドライブ	この前ビギナーの試合に出たら、「いいドライブ持ってるねっ」て大会開いてるおじさんに言われたんですが意味がわかりませんでした ラケットのことでもなさそうです
自動車	ドライブ	明日は仕事ですね、なかなか連休ができず残念です、毎月日曜日が休みになっていますが、仕事の都合で日曜出勤にもなりますね、まあ~仕事が有るだけ助かりますがね、今日は仕事疲れでゆっくりしていましたが、明日休みでしたら気晴らしにドライブでもしたい思いです、明日は早出ではないので楽ですね、(妹)ちゃんは休みですか
その他	ドライブ	緩やかな発進やエンジンブレーキの活用、アイドリングストップなどのエコドライブを実践すると、温暖化の原因となる二酸化炭素(CO2)の排出抑制ができるのと同時に、経費節減に繋がるため、事業所にとっても大きなメリット
その他	ドライブ	事例にあげられた事故率につきましても、弊社では規制緩和後に、ドライブレコーダー導入や安全運転教育の徹底により事故発生率は約6割に減少しています
その他	ドライブ	会場では低公害車83台(注1)の展示を行うほか、エコドライブの効果を体験できる装置を装着した車両や、燃料電池自動車、水素自動車、電動二輪車などの試乗、低公害車や環境問題への理解を深めるイベント、アトラクションを実施する
その他	ドライブ	全長32mmの超薄型ソケットで、ドライブ部が19mm六角となっていますので、19mmのストレートメガネレンチなどを使用すれば、ライフなどのスペースの非常に狭い車種でも、エンジンの移動なしで作業できます
コンピュータ	ドライブ	xmlの方からショートカットをコンバートしてRAMドライブにStartMenu構築していくのですが、こんなの使ってるから益々起動時の遅さになるので、無視してもいいでしょう
卓球	ドライブ	自分は戦い方として、下系から入り角度打ち、のっけ打ち、ドライブなどの回転を利用した打ち方が得意で、ゆるい球のスマッシュやロビングなどはあまり得意でなくレシーブもあまりうまくないんですが、他の人にも回転系が表の癖に得意などいわれていてバックブロックの守りなども表のいやらしいボールがかえるともいわれています
コンピュータ	ドライブ	●ホストアダプタに内蔵ドライブと外付ドライブの両方が接続されている場合、最後の内蔵ドライブと最後の外付ドライブの両方にターミネータを取りつける必要があります
自動車	ドライブ	最終選考の詳細を告げる連絡がなかなか来なかったため、落選したと思い、落ち込んだ福山は最終選考のある日、気分転換に車でドライブへ出かけるが、16号線のど真ん中で車のマフラーが落ちてしまい、家へ引き返す
自動車	ドライブ	海ほたるをam8:00に出発し木更津Jctで館山自動車道に入り千葉市方面へのドライブすること50分ぐらいで宮野木Jctに着く、ここで東関東自動車
自動車	ドライブ	質問者様が「それもドライブ」もしくは「厳しい道程を経て着いた温泉に満足感を得る」タイプの方ならよいですが子供、お年寄り、車酔いしやすい方が同行する場合少々厳しいかと思います
その他	ドライブ	KOSOのドライブフェイスは穴が無くてユニバーサルホルダーが掛からない、ワンウェイクラッチとセンタースタンドの間にマイナスドライバーを引っかけてナットを締めた
卓球	ドライブ	オフェンスのプレイでいかに80ヤードのドライブを継続させるか、考えることは必要だが、同時にいかにオフェンスドライブを短縮するかを計画する必要もある
その他	ドライブ	『芽生えドライブ』はiTunesストアで扱ってたので購入、曲単体で聴いてみると、柔らかいボーカルとメロディを基本としながら、ビープ音やサビの直前に挿入される弦はじき(←こーゆうのなんて言うんだろ
自動車	ドライブ	食後のつまみは、先日の鞆の浦ドライブで購入してきた、『田淵屋さんのスモークチーズ』 鋼製のオピネルで薄くスライスしたスモークチーズをつまみに、お湯割りの焼酎を飲る
コンピュータ	ドライブ	パソコンケースの上に直に置くとクーリングファンや各ドライブの機械的振動が伝わって来るので、弾力のある厚いゴムマットなどの緩衝材を敷いてください
自動車	ドライブ	北はりまハイランドは兵庫県のほぼ中央に位置し、中国自動車道 滝野社ICや加西ICからも近く、国道175号、国道427号が通っており、大阪や神戸から約1〜2時間という休日のドライブにぴったりの地域です
卓球	ドライブ	今考えてみると、わずかにドライブをかけたつなぎ玉を前後に動きながら打つ練習を1ヶ月半したことがフォアハンドの強化に繋がり、1セット取れた原動力になったようだ
自動車	ドライブ	旅行、ドライブやサイクリングなどのプライベート利用、またマーケティングや営業ツールとしてのビジネス利用でも、スマートに使える価値をご提供します
コンピュータ	ドライブ	発表によると、今後大きな伸長が期待されるブルーレイディスク市場での事業拡大を目的としており、そのドライブ、レコーダー、プレーヤーを中心として、開発、設計、製造、販売を行なっていく
卓球	ドライブ	相手のスピンに影響されにくく、スピードも抑え、強烈なドライブを容易にはね返す『フェイント・SOFT』は、ナックル性、カット性のショートもやりやすいという特長があります
自動車	ドライブ	いま私たちは、緑に包まれた国道106号を快通にドライブしていますが、閉伊街道と呼ばれていた旧藩時代は、川沿いの難所を避けて通る険しい山道の連続でした
卓球	ドライブ	グリースの汚れによりフラップ内側のアクチュエーターのドライブ・ナットが過度に磨耗し、アクチュエーター・スレッド・ロッドとドライブ・ナットの間に不適切な遊びが生じる不具合防止
その他	ドライブ	アイドリングストップ、ゆっくりとしたアクセルワークなど、優しい運転はもちろんのこと、二級整備士として永年の整備経験をもつ代表者による、完璧な車両整備でエコドライブに取組みます
コンピュータ	ドライブ	マイクロプロセッサの低価格が進み、各ユーザにデスクトップ・コンピュータが行き渡るようになる一方、大容量のディスク・ドライブはまだ高額な装置であったため、ミニコンピュータやメインフレーム上で共有するリソースとして使用されていました
自動車	ドライブ	今日29日から30、1日とえのページの管理人えさんから連絡があり、旅をする4日前に急遽一緒に巡ることとなり(去年のGWは彼の車で道東2泊3日で旅した)、下船してフェリーターミナルでえさんを乗せ、北海道ドライブが始まった
その他	ドライブ	ドライブレコーダーなどで記録された実際の事故映像、ヒヤリハット映像をもとに、安全運転意識の向上を目的に運転マナーや事故予防策など解りやすく安全運転教育を実施しています
その他	ドライブ	日産では現在、クルマそのものをインテリジェント化、すなわちロボット化させる方向性と、ロボットとドライブする方向性にて、クルマの進化を進めている
コンピュータ	ドライブ	業務用機器製品としては光ディスクドライブの光学ピックアップをはじめとする半導体レーザー製品を主力に、カラオケ機器や音響機器、AUTECブランド[1]での寿司(シャリ玉)製造マシンの製造販売などが知られている
その他	ドライブ	護送車を運転していた同署職員がサイドブレーキをかけ容疑者の追跡に加わった際、ギアが「ドライブ」に入っていたため護送車が動きだし、約2メートル先で信号待ちをしていた車に追突
自動車	ドライブ	今回のドライブは山の紅葉を見に行ってみたのですが、殆どの場所が見頃か散り始めだったようで、来週には葉も落ち冬の訪れを感じさせる景色に変わるのではと思いました
コンピュータ	ドライブ	要するにファミコン用のFDDドライブで、ROMよりもさらに大きな容量を確保することができたほか、これ自体でひとつ音源を搭載していたため、音楽も何気にハイクオリティになったそうです
その他	ドライブ	検索をかけると、Gドライブに作ってあるファイルへ移行する前に引っかかるので、Gドライブそのものに組み込まれてるファイルか何かだと思ってるんですが・・・
コンピュータ	ドライブ	まぁ、被害は少ない訳だが、一応全ドライブにCHKDSKを掛け、外部バックアップ用ドライブからDドライブだけ戻して(最終バックアップは2006/4/26だった)、GW以降に入れたアプリケーションを思い出しながら再構築し、全ドライブをバックアップ取り直してやっと回復したと
卓球	ドライブ	シ−ト・バック・フレ−ム35の覆われていない部分は一般的に矩形状の凹状のまたはカットアウト状の領域47を画成しており、この領域は枢動シ−ト部分21がドライブ位置にある時にその枢動シ−ト部分21のシ−ト・バック部分21bを受入れる
その他	ドライブ	LT3496は3個の独立したLEDドライバを一体化しているので、複数のLEDストリングをドライブする、効率の高い、小型でコスト効率の良いソリューションを提供します
その他	ドライブ	出演は「好きと言えなくて」「ムーンライト・ドライブ」のジャニーン・ギャラファロ、「デビル」のデイヴィッド・オハラ、「サンドラ・ブロックの恋する泥棒」のデニス・リァリー、「オンリー・ザ・ロンリー」のミーロ・オシェア、「おかしな二人2」のジェイ・O・サンダース、「モル・フランダース」のマリア・ドイル・ケネディ、「ワン・ナイト・スタンド」のサフロン・バロウズほか
自動車	ドライブ	知床→ドライブ→雌阿寒→ドライブしながら只今帰宅中☆山中で降られドライブ中に晴れる事態(*_*)反省すべき点は多々あったものの、部を率いる学年に立てた夏休み最後の計画が無事に終わって、感無量です
自動車	ドライブ	Honda車を乗り続けていただくのために、真心のこもった手作業で車も気持ちもリフレッシュしていただけるようにこれからも安心ドライブのサポートをしていきます
その他	ドライブ	また、次世代自動車をはじめとする低公害車・低燃費車の普及、エコドライブの推進など、地球温暖化対策や環境教育の推進、環境意識の醸成などでも協力する
その他	ドライブ	ワンスルー(片道工程)洗車で洗浄と乾燥が同時にできる高速洗車(=大量処理)でドライブスルー洗車の改革をするとともに、洗車品質においても“デジタルウォッシュ”や独自の“ロールドライヤー”などで躍進的な向上を遂げて参りました
その他	ドライブ	加えて、ファイル名を共有するとパスワードをワイヤレスネットワークを介してネットワークドライブとして、デバイスをマウントするために必要な設定することができます
その他	ドライブ	京都で私が知っている他のお店と違い、駐車スペースがとても大きく、ドライブスルーも対応していて、車で立ち寄りやすいので、1人で買い物に出かけた帰りなんかに気楽に使っています
コンピュータ	ドライブ	さらに現在のデータを外部メディアにバックアップしたのちC:\ドライブをフォーマットしてのちOSのみのインストールをしてソフトは使うものだけいれてください
卓球	ドライブ	1週間ぶりの書き込みですが、先週は日曜深夜からのロングドライブ当然寝てないんですが、迎えた北陸OP練習しなければこんなもの・・・3Fしなかったのがまぐれぐらいです大会後は定番のお寿司を召し上がり再びのロングドライブ・・・往復かる~く1000キロですね月曜日はお疲れ休みで火曜日は仕事で茨城へ往復200
その他	ドライブ	M48A1E3戦車は、M48A1戦車の車体に105mm戦車砲M68を装備するM60戦車の砲塔を結合し、空冷ディーゼル・エンジンとクロスドライブ式変速機を搭載した試験車で、1975年9月にアニストン陸軍兵器補給廠で改修された
自動車	ドライブ	「三河高原キャンプ村」の敷地内にはバーベキューを楽しめる施設もあり、日帰りでも三河湖周辺をドライブして、「三河高原キャンプ村」でバーベキューするコースも人気になっています
その他	ドライブ	日野自動車は、エコドライブの普及を推進している交通エコロジー・モビリティ財団が認定する顧客向けの「省燃費運転講習会」を、全国の日野系ディーラーが独自に実施できる体制を整備すると発表した
卓球	ドライブ	Cermetをウェブで調べると、今まで使っていた普通の裏ソフトは全く違う、ハイテンションラバーであること、スマッシュは打ちやすいが、ドライブが打ちにくいという人がいることが分かった
コンピュータ	ドライブ	そもそも、メールデータ、アドレス帳、お気に入り、辞書ファイル等々の、リストア作業によってイメージバックアップ時点のデータに戻ってしまうデータの中で重要なデータは、Windowsインストールドライブとは別のドライブに保存することが鉄則となっているが、偶々職場のPCはハードディスク容量が小さめなため、パーティション切りを行っていなかったため、不幸が拡大してしまった
コンピュータ	ドライブ	LTO 4では、LTO 3から導入されたWORM機能に加え、LTOドライブにより暗号化されたデータをテープカートリッジに書き込みできる機能を搭載しています
自動車	ドライブ	週の間中一緒だった20人ぐらいの汗臭い男優たちとラグビーをするか、それともロサンゼルスにドライブしてジェニファー・コネリーとプールで泳ぐかという選択を迫られたんだ
自動車	ドライブ	起きてから昼飯どうしようかなぁと模索していた時に親父が「ドライブ行くからカギ貸して~~」という行動に出たのでそのまま親父の運転で近所のショッピングモールにある回転寿司に出かける
卓球	ドライブ	今ペンのドライブ型でラケットはランディード、ラバーはマークVM2の特厚を使ってるんですが 最近バックにカウンター受けたときに返しきれなくてシェークに変えようかなって思ってます
卓球	ドライブ	よく弾むという事はドライブやスマッシュ等はラバーの特性を生かして威力がかなりでますが、反面ツッツキ等の台上処理ではその弾みが邪魔をしてコントロールが難しくなります
その他	ドライブ	引き続き役員報酬や管理職の給与カット、正社員以外の人員削減を続けるほか、拠点の統廃合や借りている倉庫スペースの返還などでコストダウンにドライブをかけていく
自動車	ドライブ	約40分ほど、スリル満点のドライブを楽しんだ後、私たちを乗せたハイヤーは事故ることなく台北車站そばにあるCOSMOS HOTEL(天成大飯店)に到着
卓球	ドライブ	その間、ピュアドライブ・FPラジカルなど心揺れるラケットと出会ってきましたが、かたくなにLMラジカルでがんばってきましたが、今回のデュアルコイル3
卓球	ドライブ	ダブルス主体の軟式テニスで僕は後衛をやっていたが、ふつうならバウンドの高い球はこっちから見れば絶好のチャンスボールで、肩の高さでラケットをかぶせるように振り抜いて強いドライブ回転で攻め込む「トップ打ち」をするのがセオリーだが、僕はこのトップ打ちさえできなかった
コンピュータ	ドライブ	・既存のドライブ(ハードディスクのパーティション、USBメモリ等のリムーバブルディスク、フロッピーディスク等、ボリュームとして認識されるもの)とは別に仮想ドライブを作成します
その他	ドライブ	snowy曰く、"東京のタクシー会社「練馬タクシー」が、車載型のカメラを搭載したドライブレコーダー「Witness」を開発し、既に昨年から自社の全てのタクシーに配備している(TBS News iの記事(動画へのリンクあり)、読売新聞の記事)
自動車	ドライブ	松島までのロングドライブがあっという間に感じたのは、アウディA6の長距離走破性能の高さだけではなく、さすらい野郎さんの日々の営業努力で鍛えられた、話題の途切れることがない会話があったおかげに違いない
自動車	ドライブ	「雪で道もすいてるかもしれないし、レンタカー借りて雪上ドライブでもするかな」とレンタカー屋さんに電話してみたのですが、残念ながらスタッドレスタイヤ装着車はすべて出動してしまったとのことでした
その他	ドライブ	エコドライブの合言葉は”ふんわりアクセル”で、免許取得時に教習所で学んだことが基本になるが、長年の運転の”くせ”が邪魔をし、なかなか直せないのだという
その他	ドライブ	また、ドライバーの嗜好や現況を把握し、きめ細かなドライブプランを作成・管理してくれる「ドライブプランナー」、ドライバーのフィーリングに合わせて、HDDに録音した曲のなかから自動的に選曲・再生することができる「フィーリングプレイ」などの機能も
コンピュータ	ドライブ	いつでも気軽に再インストールできるように、プログラムはCドライブに、データはDドライブに入れるようにしているんだけど、Cドライブのパーティションを削除したら、Dドライブまで見えなくなってしまった
自動車	ドライブ	もう先月はありえんくらいの残業で更新出来ませんでした久しぶりの更新なんで何から書いて良いか分からないので、車の事書きます先月末に新車が来ました来た当日の夜に渋川までドライブ次の日も仕事なのにで、三連休は大阪の海遊館行って、三田のアウトレット行って三宮行ってきました
自動車	ドライブ	流麗な2ドアクーペのようなボディ形状ですが、ホイールベースがセダンのベクトラと同じため、後席スペースも広々しており、快適なドライブが可能になります
コンピュータ	ドライブ	聞いて見ると2台のパソコンの内1台のパソコンのフロッピーディスクドライブが壊れてしまって、毎日残った1台のフロッピーディスクドライブを交換しながらそのフロッピーディスクドライブでDOSモードのウィルスチェックプログラムを走らせているのだそうです
その他	ドライブ	千葉にマリーンズがあってロッテとゆう大企業が支えてくれている、だから球場に出来るだけ可能な額の金を落とそう、ドライブ用のガムはコンビニでキチンとロッテ製品を買おう
コンピュータ	ドライブ	ファイル共有は、ドライブまるごと一つ、という場合から、特定のフォルダだけ、というものまで千差万別ですから、データが格納されているドライヴやフォルダは、最下層のフォルダまで、全部、チェックする必要があります
自動車	ドライブ	が、しばらく見ないうちにガソリン価格をメインにおいてありますが、当然ガソリンを使うのはクルマなワケで自動車、ドライブや自分の移動地域に関する情報を網羅しつつあります
その他	ドライブ	千葉県浦安市では、小学生の事故をきっかけに、安全運転を広げようと、「ソフトドライブ(やさしい運転)」と書かれたシールを運転者に配る運動が行われています
自動車	ドライブ	僕は昨日初めて蕎麦打ちを体験してきました三田までドライブをしてそこで体験してきたんですが楽しいですね蕎麦粉に水をまぜてダマにしてそれを練って練って、そして伸ばして包丁で切る
その他	ドライブ	4トランス・8電源の各々についてトランスの構造、巻線の状態、シャーシの取付け、結線などの全てをΣドライブ理論にそって設計しており、各アース間に電位差を発生させないよう配慮されています
コンピュータ	ドライブ	このソフトで作成したムービーは消費者向けDVDプレイヤーで視聴できるという触れ込みだが、全てのDVDプレイヤーが、録画可能な同社の新型DVDドライブ、『SuperDrive』(スーパードライブ)で作成したディスクに対応しているわけではない
卓球	ドライブ	やはりカットマンと言えども、変化を付けたドライブやスマッシュ、逆を突くコース取り、逆モーションプレーを男子の攻撃選手並に引き上げないと生き残るのは難しいと感じました
自動車	ドライブ	北海道は今・・花の季節先週は東藻琴・芝桜公園へドライブ〜今日は、上湧別町のチューリップ公園へ行ってきましたいいお天気で、チューリップフェアの最終日〜しゅっぱーーつ
コンピュータ	ドライブ	ただし、大きな容量の動画像をたくさん一度に開けておくと、コンピュータのメモリ(RAM)が足りなくなりハードディスクドライブ(HDD)にも負担がかかるので最大でも9画像ぐらいが妥当だと思われる
その他	ドライブ	車両による二酸化炭素排出量は、総車両台数は2台増えたが、エコドライブの効果、製品販売量が前年より減少したこともあり、増加には至らずほぼ前年と同数であった
コンピュータ	ドライブ	これでうまくいけば、ドライブのせいじゃなくてRAIDカードのせいだからとりあえずソフトウェアRAIDで対処、ダメだったらドライブのせいかもなので変えてみる、というところでしょうか
自動車	ドライブ	結婚が決まって数ヶ月過ぎた真冬のある日、急に「主婦」になる不安を覚えた私は、たった一人で鯖江市へドライブに行き、長い時間“荒れ狂うような白い波”を見ていたの
その他	ドライブ	ドライブベルト、ウェイトローラー、スライドピース、クラッチウェイト、クラッチスプリング、クラッチダンパ、サークリップ、オイルシール、ベアリング、ガスケットなど(ギアなども大体同じ構成です)
卓球	ドライブ	どうも一番大きいのは、やや守勢のときに体重を前に伸せたスマッシュレシーブやドライブを打てなくなった、とくにラウンドザヘッドが駄目になったということのようだ
自動車	ドライブ	先日、久しぶりに心と体をリフレッシュしようと、地図を広げ適当にリラックスできそうな公園を探していたところ『こども動物自然公園』と書いてあったので、ドライブを兼ねて行ってきました♪
自動車	ドライブ	トルクセンサーを搭載した車両でドライブし、心地よい変速ショックの数値化を図る評価テストを実施し、そのデータを元に最適なギアを選び、加変速を行う楽しさを創出するシフト制御を行っています
その他	ドライブ	K氏の使っていた、同ドライブ 340MB版も、既に 2枚壊れて(こっちは初期化すら受け付けない状態)いますから、寿命、信頼性に何か問題があるのかと思います
その他	ドライブ	当福岡支店は、トラック協会より”Gマーク”(安全性優良事業所)の認定を受け、 さらに平成19年3月20日付けで、交通エコロジー・モビリティ財団より環境保全・ エコドライブ/アイドリングストップ・車の点検整備管理・低公害車の導入 及び産廃の 適正処理などについて審査される”グリーン経営”の認証を受けました
卓球	ドライブ	相手のエクスチェンジミスにも助けられ何とか攻守交替し、自陣20ヤードからの巻き返しドライブを期待するも、攻め手を欠きあっさりと攻撃権を手放してしまう
自動車	ドライブ	若者が自動車等に乗車中に第一当事者となった死亡・重傷事故件数及び死亡事故件数が近年大きく減少しているのは、そもそも若者の免許人口が減少していることもあるが、自動二輪車乗車中の事故と、自動車でドライブ中の事故及び最高速度違反による事故が大きく減少していることによる(第10図参照)
自動車	ドライブ	まったく行く気はなかったのですが、その日早起きをしてしまい、特に予定がなかったので自家用車で、近くをドライブでもしようと走っていたら、いつの間にか越後湯沢まで着いてしまいました
コンピュータ	ドライブ	Windows プラットフォームで file: スキームを使用するユーザは、クライアントのカレントドライブとは違いウドライブにあるリポジトリにアクセスするために、非公式の「標準」文法を使用する必要もあります
自動車	ドライブ	遠くまでの旅行にお使いいただいたそうですが、長距離でも終始安全運転に徹していただき、またクルマの性能をフルに生かした快適なドライブを楽しんでいただけた様です
卓球	ドライブ	横回転や下回転のかけやすいラバー探してます 少し前、フォア面を[Nittaku ハモンドX 厚]に変えたのですが、ドライブはいい感じに入ってくれますが、サーブの際、横回転、下回転もろもろ、全然回転してくれません
卓球	ドライブ	またアイバーソンのアシストについてなのですが、彼は本数自体は多いのですが、その大部分はドライブしていってディフェンスが小さくなったのをみての外へのパスで苦し紛れのパスが結果的にアシストとなっているように思えます
その他	ドライブ	9のエアロアールシー基板流用記事ではに誤解があって、「推進モータとステアリングモータを左右のモータに使用すればよい」様に書いてありますが、ステアリングのモータドライブは1
その他	ドライブ	〇前田参事 エコドライブと申しますのは、地球温暖化要因の一つでありますCO2や大気汚染の原因でございますNOx、PM等を減らすために、環境に配慮して自動車を運転することでございます
卓球	ドライブ	森薗はカット打ちはうまいほうじゃないかもしれないけど、日本のカットマンと同じやり方では難しい、ストップしてドライブしてスマッシュというセオリー通りのやり方では勝てないと感じました
その他	ドライブ	エコドライブは、きゅうかそくをさけたり、ぜんぽうしゃりょうとのしゃかんきょりをじゅうぶんにとることでむだなブレーキやさいかそくをなくし、じどうしゃのねんぴをこうじょうさせるうんてんしゅほう
卓球	ドライブ	しかし何度かやり取りをしてみるけどどうも向こうの人にも原因がよく分からないらしく、ああだこうだと一週間ほど続いた後に、向こうの人がドライブを変えてみてはどうかと
卓球	ドライブ	ドライブを打ちながら前へ詰めては決め、また仲尾選手のつくったチャンスには力強くスマッシュをコートに突き刺し、1本を決めるごとに大きな声で気合の入ったガッツポーズ
その他	ドライブ	じっくり話をお聞きすると、エコドライブを意識するがあまり、周りの車の事も考えず、ノロノロ運転で渋滞を作ったりする事で逆にCO2の排出を促進してしまうケースが有るんだそうです
その他	ドライブ	駐車場やガソリンスタンド、ドライブスルーなどの店舗の出入り口に設置したアンテナと、車載機器との間で、駐車料金やガソリン代などを瞬時に決済できる
卓球	ドライブ	フォアドライブの打ち方をH川さんに教えてもらったが、要点は(1)テイクバックは体と平行まで(2)ラケットを振り上げると同時に左足を前に踏み出す、の2点
その他	ドライブ	BMWのXドライブはまだ投入されていませんが、フォルクスワーゲン系の4モーションかアウディのクワトロ仕様・・・、結局ドイツ車になってしまうかなあ
コンピュータ	ドライブ	コンピュータはモニタやキーボード、CDROM ドライブなど手元におきたいものにつながっていたので、MIDI やオーディオカード、サンプラーとの SCSI ケーブルとかが「びよーん」と双方をつないでいたんです
自動車	ドライブ	他県からの石川県の観光といえば金沢の兼六園や地震でもがんばる能登半島のドライブ、和倉温泉の宿泊など、そんなお決まりコースオプションとして七尾城跡にナビを設定して行ってみましょう
卓球	ドライブ	得意技は、ドライブボレー、眼力(インサイト)、ジャックナイフ、破滅への輪舞曲(ロンド)、タンホイザーサーブ、フロントフットホップ、氷の世界など
その他	ドライブ	ドライブは、基本的にブラボーワンと同じ物で、エンジン2基と共に、今年のシーズン前点検では大きな不具合も無く、オイル漏れや冷却水漏れは見当たりません
自動車	ドライブ	さてと、とか何とか憂鬱な書き込みから始まったけど、今週末はどこかへドライブに行こうかなぁ~GWが終わったから、そろそろ本格的に一人ドライブに行こうかと思う 去年は新車効果もあって、ものすごい距離この時期に走った気がするなぁ~ものすごい、ガソリン代が掛ったような
コンピュータ	ドライブ	株式会社 アーク情報システム(本社:東京都千代田区、代表取締役社長:藤井 悦郎)は、Windowsパソコン上のハードディスク内にDVDやCDを仮想化させて、物理的なドライブがなくてもDVDやCDのデータが利用可能となる仮想化ソフトウェア(ユーティリティ)「CD革命/Virtual Ver
卓球	ドライブ	食い込ませるドライブは、やわらかいスポンジの高弾性ラバー(ハイテンションラバー)を使って、ボールを厚く捕らえることでラバーに「ひきつれ」を起こさせて、それが戻る力を利用して回転をかけます
卓球	ドライブ	青学と立海の決勝戦でリョーマと真田の試合を見たことで奮起、トレーニングと特訓を重ねた結果、「ドライブC」と同じくイレギュラーバウンドを利用した跳ねない「タンホイザーサーブ」(初出はアニメで、原作に逆輸入された)、リョーマの「サムライゾーン(不完全)」の回転を見抜くほどの「眼力(インサイト)」、相手の死角を的確に捕え、真田の風林火山(山)をも破った「氷の世界」などの技をあみ出した
その他	ドライブ	そういう意味では、このドライブレコーダーは、少なくとも一助にはなる機器なので意味はあると思っているんだけど、現場状況の記録=ドライブレコーダーという図式になりそうな風潮には少し疑問を感じているのです
その他	ドライブ	例えば、ある外資系コンピューター関連企業では、社員がお米を自宅から持ち寄るというライスドライブを行ったり、別の会社では2HJのボランティアが社内でフードドライブを主催したりといったこともありました
卓球	ドライブ	坂本のバックハンドショットとドライブサーブ、宮本の的確なパス、キルショットの応酬で1点を争う展開となったが坂本のバックハンドキルショットが決まり1セット目は逃げ切り
コンピュータ	ドライブ	同社では、編集の素材となるオーディオ・ファイルを複数のハードディスク・ドライブに分けて保管していたが、社内ネットワークが貧弱であったために、そこに格納されたファイルをリアルタイムで実行させることは不可能であった
その他	ドライブ	従来の親会社"シナノケンシ"と子会社"プレクスター"の関係は、シナノケンシが開発・製造した光学ドライブをプレクスターが販売・サポートするという形でしたが、今回の全業務移管によりシナノケンシが製造・開発・販売・サポートを行う事になります
自動車	ドライブ	は海外旅行先でのドライブ、海外での運転は結構怖いものですが、行動の幅を広げるためにレンタカーで走り回ってます、観光地だけでなく普通の住宅街なんかも走っちゃいます、現地の人の生活を覗いてみるのも面白いですよ(笑)
コンピュータ	ドライブ	暗号化ファイルが存在するドライブに対し、HardKey/EGProを接続したままデフラグを行うと、処理終了後、暗号化ファイルが破壊されてしまいます
コンピュータ	ドライブ	本センサの具体的な用途としては、落下する瞬間に電源をOFFにしてデータを保護するハードディスクドライブや、患者の活動レベルの監視を行う医療機器などで利用できる
コンピュータ	ドライブ	うちのPCもそろそろ限界なので(内蔵ドライブが壊れた、XPがおかしくなってるのにリカバリディスクを失くした(T▽T))、新しいのが欲しい今日この頃
自動車	ドライブ	これまで同様、長距離ドライブでもできるだけICから外にでなくなり、高速道路会社関連のレストランや売店だけが繁盛するという図式が維持されることになります
自動車	ドライブ	気に入った女の子とドライブしたり、付き合っていた女の子と別れ話をしたり、男同士で朝まで騒いだり、初めて東京に出かけたときも名神~東名を駆け抜けた
その他	ドライブ	ただし、EOTを研究して開発されたテスラ・ドライブは、ドライブそのものにはEOTを使用していないという理由でヴァイスリッター以降の機体に標準搭載されるようになった
その他	ドライブ	書き込みかのうでスロットインのドライブもあったんだけど、2ばいそくかきこみはまあしょうがないとして、ポータブルでもrayのよみこみとかきこみじに電源が必要というのが納得できなかったので、このてのポータブルドライブはバスパワーで駆動してなんぼというかちかんのもちぬしたる筆者としては、さいせいだけでもいいからバスパワーでうごかなきゃダメのダメダメですぅ
卓球	ドライブ	前陣で、回転ドライブ中心で粘るドライブマンや、回転・コントロール重視のオールラウンド、コントロール、回転量が欲しいというカットマンにおすすめです
自動車	ドライブ	帰りは会津若松から再び磐越自動車道に戻り、郡山JCTで東北自動車道を南下し都内に戻ったのですが、悪天候にも係らず渋滞は全くなくスムーズなドライブを楽んで、まだ明るい夕方には都内に戻ることができました
その他	ドライブ	OCRソフトウェアメーカーのメディアドライブ株式会社(代表取締役:松村 博 本社:東京都目黒区)は、7月14日(水)から16日(金)の3日間、東京・有明の東京ビッグサイト(東京国際展示場)にて開催されます「国際モダンホスピタルショウ2010」に出展いたします
自動車	ドライブ	現地ではドライブなども楽しみたいのですが、まだ免許をもっていない為、早く取得する為 夜行バス を使用して 合宿免許 茨城 で免許を取ることも考えております
コンピュータ	ドライブ	Windowsの通常の操作でショートカットを作成すると、フォルダへのショートカットやその時点でオンラインになっていないネットワークドライブなどへのショートカットの作成は面倒(場合によっては不可能)です
自動車	ドライブ	ミハエル・シューマッハのすごさは、車の運転の速さだけではなくて、沈没しかけていた“かつての名門”フェラーリを組織として蘇らせたことにもある、と私は思っていますが、今年からフェラーリをドライブするライコネンとマッサがどこまでシューマッハの跡を継げるのか、それもまた興味深いことではあります
コンピュータ	ドライブ	起動するとタスクトレイに常駐するとともに、現在パソコンに接続されているCD/DVDドライブやUSB/IEEE 1394接続デバイスといった、ドライブを示すアルファベット文字が付加されたボタンが横並びで表示される
卓球	ドライブ	その評価の通り、三田村の持ち味は、多彩なフォアハンドドライブとそれを支える速いフットワークだが、ことバックハンドをみたら、153位という世界ランキング(03年2月発表)は不釣合いに思えてしまう
その他	ドライブ	ドライブ→ドロップの試合→クリアの試合→スマッシュの試合→ヘアピン→フォアシングル→バックシングル→チェンジシングル→端ヘアピン→全面ドロップ→半面シングル→スマッシュの試合→スマッシュの試合
卓球	ドライブ	今回は、前陣・中陣・後陣ドライブ、ミート打ち、ショート(裏面も含む)、カウンター、ツッツキ・サーブ等を試打しましたが、使いやすく違和感はなかったが、中陣〜後陣ドライブは他のテンション系ラバーや高弾性ラバーの方が威力のあるドライブが打てると思います
卓球	ドライブ	スマッシュがきたら頭の上で止めてドライブリターンで攻守逆転、ドロップがきたら、打っても置いてもほぼ勝のパターンになる(うまくすると1発できまる)
卓球	ドライブ	ドライブ主戦 攻撃用裏ソフトラバー 100%洗練された天然ゴムにkokutaku独自の製法で摩擦性をいかに長く持続し、その特性をいかんなく発揮させることが、このラバーの最
コンピュータ	ドライブ	ページファイルのフラグメントを改善する方法はいくつかあるが、十分にメモリを搭載しているか、起動ドライブ以外にも論理ドライブが有るかという条件が加わってしまい、例えばノートPCではこの条件を満たせない場合も多いだろう
自動車	ドライブ	そうした中、 高速道路料金の値下げもあり、ドライブを中心にレジャーを楽しむ人も多 いと思われ、8月にはガソリン需要は盛り返すことが期待されます
その他	ドライブ	■ 遠近両用めがねと読書&遠近両用メガネとドライブ&遠近両用眼鏡/パソコン、遠近両用めがねとゴルフ、遠近両用メガネとショッピングなど、遠近両用眼鏡は用途によって作製する事が重要です
その他	ドライブ	PC開けてHDを付けたり取り替えたり、ネジがどこかに飛んでいったり、パーティションマジックだのドライブイメージだのを使ってパーティションを設定してみたり
その他	ドライブ	翌1989年にはホンダエンジンを失い、中嶋とともに非力なジャッドV8エンジンを搭載した101をドライブすることになったが、戦闘力が前年以上に落ちたこともあり、ランキングは8位と更に下降
その他	ドライブ	(株)天草自動車学園(天草市亀場町、田中正友社長)が経営する大矢野自動車学校(上天草市大矢野町、金澤昭彦校長)は1月30日、交通エコロジー・モビリティ財団(東京都千代田区、井山嗣夫会長)からエコドライブ講習機関としての認定を受けた
自動車	ドライブ	先日のドライブの際、足を痛めてしまったチャッピー・・・昨日まで様子見をしていたのですが一向によくなる様子もなかったので今日出勤前に病院に連れていきました
その他	ドライブ	(2) 交通(こうつう)事故(じこ)発生(はっせい)概況(がいきょう)、死亡(しぼう)事故(じこ)等(とう)の重大(じゅうだい)事故(じこ)発生(はっせい)状況(じょうきょう)と今後(こんご)の対策(たいさく)、交通(こうつう)安全(あんぜん)大会(たいかい)の開催(かいさい)予定(よてい)、「島根(しまね)安全(あんぜん)ドライブコンテスト2009」への参加(さんか)呼び掛(よびか)け
卓球	ドライブ	ドライブに移行したら初めから筋力を爆発させようとするとブレードが戻るしせっかくのレンジが短くなるので、オール・艇・水をしっかりコンタクトさせたら後は体幹周りやアウトハンドの広背筋で強く支持し、その上で脚を使って水平に加速を与えていこう
自動車	ドライブ	◇府警とホンダ配信「ドライブに役立てて」 府警や警視庁など全国14都府県の警察とホンダ(東京都港区)は今月から、同社のカーナビに車上狙いなど車関連の犯罪の多発地域を表示するサービスを始めた
自動車	ドライブ	車で岐阜県養老町へドライブに行ってきました旦那さんの乗っていたカムリグラシアから自転車が親子3台分積めるセレナへ☆これから自転車を車載してサイクリングに出掛ける機会が増えそうです♪ヾ(@°▽°@)ノ←養老山脈早い人は今日から帰省ですかね
卓球	ドライブ	ドライブ→ドロップの試合→クリアの試合→スマッシュの試合(7点)→スマッシュドライブ→半面シングル→フォアシングル→バックシングル→ヘアピンの試合→端ヘアピンの試合
自動車	ドライブ	ドライブ旅行経路:千葉鎌ヶ谷→長野県佐久平→新潟県妙高高原→富山県氷見市→石川県金沢市→福井県小浜市→京都府大原→奈良県大和郡山市→愛知県蒲郡市→千葉の自宅へと、全工程1672Kmの長距離ドライブでした
その他	ドライブ	無事に念願だったドライブスルーに入り、最近全然そんな素振りも見せませんでしたが、意外にもビッグマックのセットと、それだけでは飽き足らない小生はベーコンレタスバーガーの単品にも浮気してみました
自動車	ドライブ	会見で初デートに関し、モンキッキーは「2人ともドライブが好きなので、車で出かける約束をしていたのですが、2人ともタクシーで来てしまい仕方なくご飯を一緒に食べて帰宅しました
その他	ドライブ	自動車保険を採用、契約や、つの案内、ドライブ情報保護方針お客様の特長、医療保険の自動車保険サービス内容をフリート契約も人身傷害・ドリフト・安全装備が運営自動車保険はほける
その他	ドライブ	現在のドライブ・クラブというのは、百条の準用と申しますか、貸し自動車業に準用し得るような形態の商売をやっておるものと、もう一つは自動車自身を借り入れることを商売にしておるものと、二つあるのです
その他	ドライブ	エアロドライブでは2つのレギュレータを使用して前後を別々に車高変化させていましたが、レギュレーターのダイヤルを回転させるのに手間取るため走行中など瞬時に車高を上げるのは非常にむずかしいです
コンピュータ	ドライブ	原因は日立製のDVDドライブだと思いますが、それ以前にRAIDカードを取り付けた事と、ATA/100カードを取り付けて大容量のディスクを接続してしまった事に端を発しています
卓球	ドライブ	ドライブを気持ちよく打てている人が、40mmになって、「やっぱりスマッシュを打てなくちゃ」といった気持ちでスマッシュを練習するのは感心できません
その他	ドライブ	SunRaceのカセットスプロケットの件を話したら、彼は「これを使っているのはすべてコスト面 からで自分だってドライブトレインに信用がおけないものを使う気はしない
自動車	ドライブ	新レッドブルジュニアチームは来季コスワースエンジンを使うことが決定していますが、2007 年以降のホンダとのエンジン契約を前提に 2006 年に佐藤琢磨をドライブさせる可能性がある、とか
コンピュータ	ドライブ	周辺機器(キーボード、フロッピーディスクドライブ、ハードディスクなど)アクセスプログラム(ドライバ)やアプリケーションソフトウェアの動作に関する設定情報を記録したファイルです
自動車	ドライブ	交換したタイヤだが、当サイトはドライブ好きだが走りには興味が無いし、 自然豊かな田舎道をゆっくり流すのが好きなんで ハイグリップ高性能タイヤまでは必要がない
自動車	ドライブ	自動車生産・国内販売の低調に加え、消費支出削減で行楽の長距離ドライブも控えられ、タイヤの更新もギリギリまで使ってからという傾向が影響しているのかもしれません
自動車	ドライブ	日本にお住まいの外国人の方向けの新サービスとして、英語を中心とした外国語対応スタッフによるレクサスの商品説明・試乗などの購入のサポートに加え、日本の交通法規・免許取得および首都圏周辺のドライブ情報など、車両保有に関する一般的な情報も提供します
自動車	ドライブ	勿論ただ単にドライブをする訳ではなく、松原さんが譲り受けたHUMMERのオマケのスタッドレスが鹿島に置いてあるのと、那須PSガレージに展示してあるXR311のタイヤ2セットとランボルギーニLM002のタイヤもついでに(こちらの方が本数は多い)運ぶためです
卓球	ドライブ	時おり高く上がってきたロブに対して、充分な体勢から打ち込むスマッシュは高い決定率を誇るのだが、 そこに至るまでのドライブ戦、ネットプレーに富山ペアの巧さが光る
自動車	ドライブ	と言っていたので、スノードライブを楽しもうと早起きをしてみたのですが、雪は全然降っておらず普通にドライブしてAM6:00に会社に着いてしまいました
その他	ドライブ	また、免許の更新時に使用されます「人にやさしい安全運転」という冊子がございますけれども、その冊子の中にエコドライブの項目が本年七月から記載されるようになってございます
コンピュータ	ドライブ	以前から、DVDドライブが「カタ カタ カタ カタ ウィーン」という動作の繰り返しで、作業も進まず、中のメディア(CD等)も取り出せなくなるという不具合は起こっていたのだが、まだ新しいこの機械に、何か機械的なトラブルがあるというのだろうか
自動車	ドライブ	原告は、そのような心境の下で、平成14年7月、栃木県那須地区へのドライブ中に立ち寄った雑貨店で聞いた被告倉渕の癒し系の音楽に心ゆさぶられ、 CD販売場所として教えられた被告ホームオブハートの施設である那須高原の松田賀江ふるさとの木美術館(以下「那須美術館」という
自動車	ドライブ	レイトイン(22時まで)OKですので、夕方まで遊んで、近くで夕食を済ませ、 夜景のドライブを楽しんだり、夜の海岸で涼んだりしてから、 ゆっくりホテルへチェックインしてください
卓球	ドライブ	パワードライブに必要なのはスイングスピードですので、ひざの屈伸運動と腰の回転運動を十分利用し、インパクトの瞬間にぎゅっと指先に力を入れると良いと思います
自動車	ドライブ	スタバのジンジャーブレッドラテ♡小田原に向かう途中に、ドライブのお供を買いにスタバへ♡ここのドライブスルーお気に入りです~大好きなdropさんのブログで紹介されていたジンジャーブレッドラテが飲みたかったのです(^o^)丿ドライブスルーの窓もクリスマスっぽい飾り付けに変わってました~そして・・・もちろんカップもクリ
自動車	ドライブ	海や山のレジャースポットとして、また、各種工芸家の工房めぐりや、遺跡・文化財などをめぐる歴史探訪のドライブコースとしても糸島の魅力を楽しむことができます
自動車	ドライブ	その後、のんびりと伊香保Green牧場までドライブしていたら、お目当ての、シープドックショーに間に合わず、急遽軽井沢に行き先を変更して、アウトレットで買い物をして帰りました
卓球	ドライブ	ゲームで勝てるようになるためには、カット、ドライブ、プッシュ、ハイクリアー、スマッシュ、ヘアピンなどなど、多彩なショットから始まり、34平方メートルにもなるコートを完璧にカバーできるような俊敏なフットワークも必要になってきます
コンピュータ	ドライブ	初めは、音源ボード搭載IDEコネクタの使用が原因と思われたのですが・・・ その後の調査で、CDドライブによって、某APIを使うと、別のAPIの動作が変わる事が判明☆☆☆ 某APIを使用しない事により、解決出来ました☆☆☆ 御迷惑をおかけした方々、済みませんでした・・・
コンピュータ	ドライブ	彼女のコンピュータのDドライブの中に21のフォルダがあって、これらのフォルダは部類別に5百余りファイルを保管して、その中の励ましの志種類の小さいストーリの1百余り、ピクチャーの50余り張、笑いを取って、面白い段の2百余り、教材の数十セットを指導する心理があります
その他	ドライブ	俺変なこと考えたんだが マジでマジで馬鹿かもしれないけど MGエクシアの次にMGOガンダムが出て 両者の取り外し可能なGNドライブを・・・・ なわけないか・・・
卓球	ドライブ	178センチの長身を生かした破壊力十分のフォアハンドドライブと、台の全面をカバーする驚異的なフットワークを武器に、現在「国内に敵なし」の強さを誇っている
卓球	ドライブ	全国大会編に突入してから殺人L字投法COOLドライブ(打ち返そうとするとラケットつたいに選手の脳天を砕く)、蜉蝣包み(相手がボールに近づけなくなる)、一人でダブルス(ノーコメント)、百錬自得の極み(全ての打球を倍返し)といった超能力テニスっぷりが数々ありますが、
自動車	ドライブ	健康回復されますように写真の お母さん〓大丈夫そう車はいいですね~〓同じく車はもちろん(笑)ドライブも大好きでして飛鳥さんと同じやないかい 元気もらいました(笑)ありがとうございます
自動車	ドライブ	いい天気帰りの飛行機は少し遅めにしてあるしドライブ♪ 個人的に行きたかったニライカナイをぐるっと回って海沿いをのんびり・・・ 時間的な余裕もあったから嫁に電話予約を
その他	ドライブ	【ドライブマーケット】BMW5シリーズ 豊富な取付実績/カーナビ・カーオーディオ・バックカメラ・フリップダウンモニター等/大阪の取り付け専門店です
卓球	ドライブ	戦型:攻撃(ドライブやスマッシュを多用して積極的に攻撃するプレーヤーに適した、威力の出るシェークハンド)スピード(弾み):ミッドファースト打球感:ソフトな打球感木材5枚合板ブレード(ラケット面):レ
コンピュータ	ドライブ	症状 :Cドライブの空き容量がない 原因 :ゲームのインストール失敗(複数回失敗) →Cドライブの空き容量が充分じゃない時にゲームをインストール →Cドライブの容量が足りませんと出てインスト失敗
その他	ドライブ	そしてアニメでは、選手として越前リョーマの真似(背丈や髪型などかなり似ているルックス)をし、堀尾らの計らいで「ツイストサーブ」や、「ドライブB(不完全)」などを駆使しリョーマに勝負を挑んだ
コンピュータ	ドライブ	その中でもIT機器が数多く収められているデータセンターの消費電力削減は喫緊の課題であり、中でもハードディスクドライブ(HDD)の単位情報量あたりの消費電力の削減は主要な技術開発課題の1つといえます
自動車	ドライブ	スマッシュの朝霧JAMオフィシャルページには、『富士山に初冠雪が降り、夕暮れ時には美しい「赤富士」が観られるこの時期にドライブとキャンプを楽しみ・・・』と紹介されておりますが、近年の朝霧JAMは初冠雪がある前の開催が続きました
卓球	ドライブ	四天王寺のトップ・大森が慶誠・小宮の回転のかかった小宮のドライブをカットで防ぎきれず、ゲームオールジュースで競り負けて四天王寺が先制される波乱の展開
コンピュータ	ドライブ	一般的にデジタルコンテンツをデジタル映像でお楽しみいただくためには、PCと液晶ディスプレーがHDCPに対応していることや、再生ドライブがCPRMに対応していることが必要となり、ある程度の知識が必要となります
その他	ドライブ	6V強力ドライブメカを採用し、濃いヒゲにも負けないパワフルな剃り味を実現した美しいクリスタル・フォルム、浮かび上がるランプ、薄型スリムボディでスタリッシュなデザインで今までのシェーバーの概念を変えるロータリーシェーバー「カサノバ」です
自動車	ドライブ	名ばかりではない、本物のUVカットのサングラス越しに見るとではあるが・・・ 表玄関にあたる「いろは坂」から入るよりも、はるかに快適なドライブで日光湯元に着いた
卓球	ドライブ	基本ボレーとは、ドライブボレーやパンチボレーなどのラケットを動かしてボールを打つショットではなく、ラケットをあまり動かさずに打つボレーのことです
その他	ドライブ	セルフの給油はもちろん、ドライブスルー洗車と手洗い洗車をその時々で選んでいただき、また整備や車検も気軽に頼めるような雰囲気づくりを意識しています」と語るのは、近藤所長
その他	ドライブ	昨日、道端で警察官が、「エコドライブをしましょうキャンペーン」のクリアファイル・ティッシュペーパー・携帯ストラップの3点セットを、歩行者に無料で配っていた
コンピュータ	ドライブ	」と凄まじい勢いで行きつけの電気屋に走ったり、Vista買おうかXPにしようか悩んで弟に電話したら「馬鹿かてめえ、パソ買わずともDVDドライブを買えば解決じゃねーか
コンピュータ	ドライブ	【0028】 このプログラムを記録した記録媒体は、図1に示される四輪車両のROMそのものであってもよいし、また、外部記憶装置としてCD−ROMドライブ等のプログラム読取装置が設けられ、そこに記録媒体を挿入することで読み取り可能なCD−ROM等であってもよい
その他	ドライブ	アンプのボリュームをギリギリドライブするかどうかのところでセッティング、ギター側ではVOL7ぐらい時のピッキングで、ナチュラルトーンと歪むかどうかのギリギリにします
自動車	ドライブ	吉沢は「行楽シーズンでドライブの気持ちの良い季節ですが、脇見運転や飲酒運転は絶対にしないで、安全に気をつけてください」と、苫田は「一人ひとりが決まりごとを守って、交通事故を無くしましょう」と語り、交通安全の大切さを訴えました
その他	ドライブ	バス、トラックへのアイドリングストップ装置等搭載車両の普及によるエコドライブの促進や、速度抑制装置の装備の義務付けによる大型トラックの最高速度の抑制により、営業用自動車等の走行形態の環境配慮化を推進する
卓球	ドライブ	岩手のインターハイ(2000年)で感じたことは、まだ、新ルールのような解釈が浸透しきれなかったため、かなりドライブサーブやロングサーブが増えてたことと、それに伴ってオーバーハンド(手の位置よりもラケットが上にきてサーブを打ったときの反則)がかなり多くとられてました
コンピュータ	ドライブ	なお、「更新可能な記憶手段」とは不揮発性メモリやハードディスクドライブのように書換可能な固定記憶媒体などにより構成してもよく、カード状、スティック状の半導体メモリや移動可能なフレキシブルディスク、光読取り可能なディスクなどの移動記憶媒体及びその移動記憶媒体を読取る装置により構成してもよい
卓球	ドライブ	得点した際のドライブのヤード数は、タッチダウンの場合には最初のスクリメージラインからゴールラインまでで、フィールドゴールの場合には最初のスクリメージラインからキックが行われた地点ではなく最後のスクリメージラインまでが測定される
その他	ドライブ	国交省は「ETC装置を利用して、ドライブスルーやガソリンスタンドの料金支払をすることも可能」などと喧伝していますが、技術的に可能であるのと経済的に可能であるということでは意味が違うのだということが、HIDO(道路新産業開発機構)のホームページに書いてあってなかなか笑えます(^^)
自動車	ドライブ	長距離のドライブの息抜き・安全運転か、物産の宣伝か、いろいろ論の余地はあるが、安全運転に休憩して、ついでに土地の物産見て、物知り気分でとおもいます
コンピュータ	ドライブ	或いはお使いの製品はバッファロのもののようなので、ドライブを買った時に入っていた箱に機能制限などのついた体験版ソフトCDが入っていると思います
自動車	ドライブ	ゴールデンウィークの淡路島♪ (GW四国ドライブ・その1) の続きです 2010年4月30日 淡路島のハイウェイオアシスを出た後は、四国方面に向か
コンピュータ	ドライブ	ソニー・コンピュータエンタテインメント(SCE)は8日、「プレイステーション2」専用の外付けハードディスクドライブを2000年冬に国内発売すると発表した
その他	ドライブ	車速計や燃料計、走行距離表示、ドライブモニタ、車の異常を知らせる 警告表示やランプの制御設計を行う中で、仕様検討からスタートし、回路設計からアートワーク設計まで幅広くやっています
自動車	ドライブ	自分と屋台街を愛して通ってきていると信じていた男とのドライブの帰り道、ドシャブリの中をションヤンは車を停めさせ、降りて一人で帰ろうとし、車に乗せようとする男と争って倒れてバックの中身ぶちまけて
卓球	ドライブ	シェークハンドの人が苦手とするフォア側の中央よりに返って来る玉は、高く弾んでスマッシュを誘うのだが、ドライブが思い切りかかっているのに加え、バウンドしてから右や左に曲がりながら伸びてくるため、スマッシュの苦手な僕が打つと、相手側の台を飛び越えてしまうのである
自動車	ドライブ	また、ドライブ用にということで検討されるのであれば、最近の車のガラスは紫外線カットされているものが多く、運転中の眩しさよけとしては物足りなさを感じるかもしれない
卓球	ドライブ	無理な攻めは避けてロブを上げ、スマッシュを大きくレシーブしていたかと思えば、 一転ドライブレシーブ、ネット前に詰めてプッシュと、緩急のあるプレー
自動車	ドライブ	次第に彼は仕事に追われる ようになり、ほとんど会えなくなって寂しい私の愚痴を聞いてく れたり、気晴らしドライブに連れて行ってくれたが彼の後輩・M でした
自動車	ドライブ	久々にミッションがオートマだったのと、車の駆動方式がFFだったのと、小型軽量なプリメーラだったので、久々にスムーズにかっ飛び、なかなかおもろいドライブでした
その他	ドライブ	イ○ン富谷ショッピングセンターの敷地内にセルフ式ガソリンスタンドがあり、そこのドライブスルー洗車機は平日9時〜15時の間は100円で洗車(水洗い)できるのだ
その他	ドライブ	A クサンチッペを追いかけていたはずの秋葉たちが木星にとばされてしまったのはクサンチッペのジャンプ(超空間ドライブによる超長距離間ワープ)の不純物として弾き出されたかららしい
卓球	ドライブ	カット主戦型の小生は2番目に早く職を得ましたが、昇進という点では、小生よりだいぶ遅れて職を得たドライブ主戦型のM君にたちまち追い越され、結局、小生はビリでゴールイン
自動車	ドライブ	このところ毎日愛車のピーチ(マーチ)でドライブしてるんだけど、後部座席のチビたちは車に乗るとすぐに寝てしまって寂しいから、誰か助手席に乗りに来なさいよ
コンピュータ	ドライブ	(8)CDができあがったら、CDドライブ装置の「取り出しボタン」を押すか、iTunesの、ウィンドウ左下隅に表示される「取り出しボタン」を押して、出来あがったCDを取り出します
その他	ドライブ	楕円形のドライブシステムを持ち、反応の速さを重視したアクセラレイター(AX)と、真円形のドライブシステムでパワー感重視のターボ(CX)、チェーンストラップには表現不可能な特有の踏み心地を持つナイロンストラップ仕様(NX)
コンピュータ	ドライブ	ショッピングはBHD PC用ドライブストレージその他の関連商品が探せる幅広い品ぞろえと、最新のお買い得ネット通販情報が満載のオンラインショッピングモール
その他	ドライブ	中西: 環境車のイメージが強いトヨタですが、実は06年に発表した「グローバルマスタープラン(中長期計画)」で「2010年に世界シェア15%」の獲得を掲げ、大型のトラックと高級車の強化で目標達成にドライブをかけてきました
自動車	ドライブ	レンタカー利用の目的は出張やドライブ、引越など様々ですが、日程があらかじめ決まっている場合は事前に予約をしておいた方が確実に希望の車種を確保出来るので予約がオススメです
コンピュータ	ドライブ	これほどひどくはないですがプログラム実行終了後にプログラム自身を削除したり(まぁ、これはそうでもないが)、とある拡張子のファイルを全てのドライブにまたがって削除するルーチンを含んだゲームソフトがあって私のウェブページから紹介部分の削除をしたこともありました
コンピュータ	ドライブ	\(^o^)/ 中身のドライブを取り出し、特殊なコンピュータを使ってDVDに焼くか 無料で新品の新機種のHDDドライブにバックアップしてくれる事になりました
自動車	ドライブ	ウーロンゴンから車で南に30分のサウスコーストに位置し、整備された高速道路のおかげで車窓から美しいオーシャンビューを見ながら快適にドライブ出来ます
自動車	ドライブ	昨日のドライブ帰りにこの野田からの道を走ってここに寄ろうかなと思ってたんだけど、前まで来たら日曜日の宵だけあってやたらと混んでたのでヤメて今日来た わけだ
自動車	ドライブ	できれば、ドライブには天気が欠かせなかったり、ドライブルートを検索する「ナビタイム」のようなものが付いているとさらに便利だと思うのですが・・・
その他	ドライブ	今Pavel Quan 5'8"のバックフィンをドライブしやすいように後ろにセッティングしていて、胸〜頭の波でしっかり食い付いてくれるしバックハンドの調子も良いけど、小波のフロントサイドで「スケートボードっぽくしごいて乗る気持ち良いアップス」が上手く出来なくなっていた感じ、Randy French Quadに乗ってふとそんな事を思い出した
卓球	ドライブ	ドライブ→ドロップの試合→クリアの試合→スマッシュの試合→ヘアピンの試合→半面シングル→フォアシングル→バックシングル→端ヘアピン→ドロップの試合(ロブ半面、ドロップ全面)→ドロップの試合(ロブもドロップも全面)→ドロップの試合(ロブもドロップも全面)
自動車	ドライブ	今回初めて、ひとりでレンタカーを借りて動き回ったので御座いますが、思ったより早く車に慣れる事が出来て、青空の下で楽しくドライブする事が出来ました〜
自動車	ドライブ	ところで、カーナビによると清里までの所要時間は3時間30分で、到着予定時間は5時過ぎになってしまうということだったが、 しかし実際には心配した渋滞などもなく、快適なドライブを楽しむ事ができ、到着したのは予定より1時間も早かった
コンピュータ	ドライブ	こら前述のハードディスクドライブケースと内蔵ハードディスクドライブを用いた疑似外付けハードディスクドライブの利点に加え、取り外しが可能である点を活かして可搬性の向上と、ハードディスクドライブの入れ替えを容易にし、なおかつ省スペース、ケーブル類がちびっとで済む(単なる外付けドライブの増設ではインターフェースケーブルや電源コードだらけになる)ちう特徴をもつ
自動車	ドライブ	しかしながら、フォードV8エンジンと比べて重いエンジンを積んだことによるマシンバランスの悪さと、ピレリ・タイヤの信頼性のなさ、度重なるマシントラブルに泣かされ、レース中上位を走行することがしばしばあったにも関わらず、上位入賞は開幕戦のアメリカGPの5位(ちなみにこのとき6位に入賞したのはラルース・フォードをドライブする鈴木亜久里)のみであった
コンピュータ	ドライブ	これは、このページを見てる人のPCのCドライブのプログラムファイル、ラグナロクオンラインのLOKIでのスクリーンショット003を読み込むってことです
その他	ドライブ	スロットルを開け閉めした際のドライブシャフトの負荷変動によるトルクリアクションを低減し、リヤホイールの接地制を高め、走行時の快適性をたかめるのだ
卓球	ドライブ	あと、良く弾むけど打球感がソフトでタマ持ちが良いのでサーブやレシーブ、台上処理など小技や中後陣からのドライブの引合い、前陣でのスマッシュ、ブロックやカウンターなど技術全般においてやりやすいので超オススメです☆
その他	ドライブ	日本を追い抜いた“歴史的ハイライト”——卓球・男子シングルス決勝で韓国高校生の劉南奎が強烈なドライブ攻撃で中国の恵釣を降して「金」を射止めた瞬間がそれだった
コンピュータ	ドライブ	軽量で少し華奢な感じはしますが、バスパワーで動くし(最近の内臓ドライブよりは遅いですが・・)、個人的にはそれほど動作音も気にならず非常に満足です
コンピュータ	ドライブ	CドライブとDドライブ、それぞれ「物理的に」異なるハードディスクならば、システムドライブとページファイルをそれぞれ別々に分ける事で高速化を期待できる、という事でしょう
自動車	ドライブ	チェジュ民俗村からジョンソク飛行場へと向かう国道の一部は、別名「菜の花クンチャンチ(大宴会)ロード」と呼ばれていて、内陸ドライブコースの中では指折りの菜の花ロードです
卓球	ドライブ	それは例えば、ドライブや、ネットを越えると下がっていくハーフショットなどで、攻め合いをしているとき、また、連続でスマッシュを打たれているときなどです
その他	ドライブ	ささやかな抵抗で昨日値上げまえに満タンにしてきました〜 エコドライブや、載る回数を減らすなど、いろいろと工夫して少しでも節約ですね〜 ガソリン店頭価格が1日、石油元売り各社の卸値の大幅値上げを受け、給油所で一斉に引き上げられた
その他	ドライブ	現状ではドライブシャフトが取り付けられていないが、後輪ホイールとスイングアームを含めて追加する予定であり、デフ機構の動作などの体験が可能な改良を現在準備中である
その他	ドライブ	どれも古いので最近の水準からすれば「のろのろ」なのですが、これら似たようなのろいドライブ群のベンチ結果が環境によってどう変わるのか、或いは、同じような環境で出てくる違いは何を意味するのか、等を見てみることにします
自動車	ドライブ	あとは一宮JC前後でややノロノロになるところもあったけど渋滞というほどではなくて、結果、渋滞に巻き込まれることなく帰省復路ドライブは大成功だったのだった
自動車	ドライブ	「京都ホテル」で食事の跡、浜大津までドライブ、最新鋭の湖上遊覧船みどりまるで、石山寺まで往復の船上ではジャズの演奏、仮装ダンスパーティなどを楽しんでもらうという催しでした
自動車	ドライブ	留寿都村から岩内町を結ぶ、道道66号線は、通称「ニセコパノラマライン」と呼ばれ、北海道に数あるドライブコースの中でも、人気のコースの1つとなっています
卓球	ドライブ	得意技は、ツイストサーブ、片足のスプリットステップ、ドライブB、ライジングショット、ドライブA、フェイントドロップボレー、COOLドライブ、ドライブC、ドライブD、親父ゾーン、破滅への輪舞曲、無我の境地「百錬自得の極み」、サムライドライブ、無我の境地「天衣無縫の極み」など
その他	ドライブ	このスバル独自のSIドライブ、いわばエンジンの出力特性を変えて、無駄なアクセルぶかしを減らし、燃費を良くするためのもんだけど、俺たちみたいなクルマ慣れした人間からすると、明らかに一番パワフルなS♯が一番使い易い
自動車	ドライブ	電気自動車に乗ってドライブに出かけるところとか、窓から顔覗いて手を振ってるとことか、車の中でお寝んねしちゃったところとか、その後「気持ちいいの
その他	ドライブ	もう少し具体的に言うと、ダブルスではドライブ合戦、とくに相手にやや押され気味のときに絶対にミスせず、相手の隙をついて攻守逆転にもっていく力に長けていた、と言えるかもしれない
その他	ドライブ	と思われますので、後は船体をバフ掛けし船底やドライブユニットの再塗装及び船内のシート表皮の磨き清掃・船内の水漏れ部位のコーキングとクッション類の張替えや模様替えをする事で、かなり見栄えがする艇にはなると思われました
その他	ドライブ	2000年から開始された同社の省エネ活動では、デジタコを活用したエコドライブ効果は約8%、加えて導入した省燃費タイヤで、さらに約8%ものコストカットを実現
その他	ドライブ	ドライブスルーの注文チュウモン待マち車両シャリョウが2台ダイ停車テイシャしてしまうと、一番イチバン道路ドウロ側ガワの大型オオガタ車シャ用ヨウ駐車チュウシャス
卓球	ドライブ	池田選手の気迫のこもったジャンプスマッシュで10点目、坂本選手がドライブから相手のミスを2本誘い、12点目まで3連続でポイントし、 このまま奇跡が起きてくれれば
その他	ドライブ	上京後はCSK総合研究所の関連会社であったハイパーメディアでサラリーマンを続けつつ(メガドライブ版のギャラクシーフォース[CSK発売]の音楽を担当)も平沢進、加藤賢崇などのサポートメンバーを経て、1991年春、かねてから交流のあった石野卓球に渡したデモテープがきっかけとなり、CMJK脱退後の電気グルーヴのメンバーとして同年夏に加入
コンピュータ	ドライブ	こら低価格やけど取り付けの手間がかかる内蔵ハードディスクドライブの利点と、手軽に使用出来よるが高価な外付けハードディスクドライブの両方の利点を生かし、ハードディスクドライブを低価格で入手し、手軽に扱えるようになるもんであるんや
自動車	ドライブ	競馬のお伴、夜ドライブ、ガチンコ小旅行、夫婦カラオケ、日帰り温泉でビーーーール、喫茶・茶房でぼー、 こころにうつりゆくよしなしごとをそこはかとなくかきつくればあやしうこそものぐるほしけれ
自動車	ドライブ	長崎 出島 ワーフ長崎ペンギン水族館でかわいいペンギンの姿を楽しんだ後、まっすぐ自宅へ帰ろうとしたのですが、ドライブ大好きな相方君が、「せっかく長崎まで来たんだ
自動車	ドライブ	やっぱり勇気がいるので(笑)パッソなら都内を安心して走れると思ったので、都内をショッピングしながらドライブしてみたいですね」と今後のカー・ライフについての夢も話していた
自動車	ドライブ	道は空いていて、快適なドライブだったのです が、京都を出る際に、タイヤの(後輪の右側)一部に亀裂が見られたため、念のためにいつもより2割程度速度を落としての運転となったのです
自動車	ドライブ	F1・音楽・コーヒー・紀香様・チョコ・犬・サービスエリア・こたつ・写真・懐かしいもの・栗山千明・柴咲コウ・ムーミン・百人一首・パン・白米・DS・散歩・新品のノート・京都・正月・漫画・卓球・雑貨・ドライブ・旅行・サザエさん
その他	ドライブ	ジローはボレーに早さを見せたが、リョーマがドライブBでそれを切りくずす恰好となり、その後、ツイストサーブにジローは追い付いたのだが、遅すぎたのだった
その他	ドライブ	問題のファイルはローカルドライブの中ではなく、他人の共有フォルダの中だったので(個人的には他人の共有フォルダの中身を直接開くのは消えるとまずいからやりたくないが
コンピュータ	ドライブ	たまたま再起動したら、Cドライブに「あるはずのネスケが壊れていて立ち上がらない、するとWindowsはCドライブだけでなくDドライブまで探しに行って「ショートカット先が見つかりませんでした
自動車	ドライブ	「昼から、どこへいくやぁ」と秀爺 「雨も降っているすけぇ、遠くへ行っても、しょうがねぇしのう」と私 「また、高速乗って、ドライブするか」と秀爺 近頃の秀爺は、高速がお気に入り
自動車	ドライブ	アンティークショップがたくさんある、というわけではないので、また長時間ドライブの時間との戦いになりそうですが、また時間を見つけて、ちょこちょこ様子をご報告できたらいいな、と思っています
卓球	ドライブ	斎藤は、全盛期を彷彿とさせるバックハンドサービスでチャンスを作ってフォアハンドドライブで仕留める得意のパターンでポイントを重ねて、3−1で快勝
その他	ドライブ	最初なぜだか、ドライブが感じられませんでしたが、最近乗り馴れてきたのか、ボトムからトップへのグゴーンて感じでのドライブが出る様に扱える様になりました
自動車	ドライブ	html 2滋賀県警甲賀署は4日、ドライブ中の車を止めさせ運転者らに暴行し現金を奪ったとして、強盗致傷 の疑いで同県湖南市のトラック運転手(18)ら少年2人を逮捕した
自動車	ドライブ	テンポがあってかつちょっとエッチなシーンもあるけれど、僕は横須賀の山手をドライブしていたときのコンバーチブルトップをあけたときの星空のシーンがとても好きです
自動車	ドライブ	昼くらいから雨がポツポツと降ってきたんですが、タープ・テーブルなどを撤収して、琵琶湖沿いの国道をドライブして、大和の湯という温泉へ行ってきました
コンピュータ	ドライブ	また、解職が不当だと主張した前社長の野副州旦(のぞえ・くにあき)氏が、富士通のHDD(ハードディスクドライブ)事業の売却などの施策を通じて大規模構造改革を進めてきた人物だったことから、「急激な改革路線を良しとしない院政側が巻き返した」(あるITコンサルタント)とのうがった見方も広がった
その他	ドライブ	《商品説明》●ドライブ攻撃用●ドライブがしっかりかかるカーボンラケット●薄めのカーボン材を中芯材と2層目との間にはさむことにより、ドライブ時の引っ掛かり具合を損なうことなくスピードアップに成功
自動車	ドライブ	屋外でロケが行われる時には、山口は訪れた先の飲食店で供される料理を食べたり、街をブラブラしながら道行く人と話をしたり、スポーツをしたり、ドライブをしたり、大型自動二輪車の免許を取得してツーリングしたりとその内容は至ってシンプルで、バラエティ番組らしい企画は少ない
自動車	ドライブ	今回のイギリスのドライブ旅行は僕のアイデアであったにもかかわらず、実際は飛行機の到着時刻も、当日の宿泊地がロンドンではなくオックスフォードであることもあまりよく認識していなかった
自動車	ドライブ	ところで話は変わるが、この夏帰省してたときに徳島にぶらっとドライブに行ったのは独り言に書いたとおりだが、その帰りに国道の道端で本格的なロードタイプの自転車のパンク(「本格的」の割にはチューブだった)を直してるウェアもばっちりな人と、それを眺めてる普段着のおばちゃんと、なぜかカメラを回してるおっさんという変ちくりんな組み合わせの人達を見た
その他	ドライブ	ドライブスルーが混雑ぎみのマクドナルド、ハイオクキャンペーン中のセルフのガソリンスタンド、クルマ好きのオニイサンでにぎわう洗車場—— の肩越しで、さっき見てきたはずの景色たちがビデオテープを巻き戻すかのように、つぎつぎと通 り過ぎていく
自動車	ドライブ	普段のドライブで、日常的にカーナビを使っているだけなのに、裏では高度なリアルタイム情報のやりとりがおこなわれ、カーナビにそのときの最新情報が反映されている
コンピュータ	ドライブ	修正法と称して、コマンドプロンプトからCドライブをフォーマットする方法や、ドライブ内の全ファイルを削除する方法などを紹介する悪質な書き込みや、ブラウザクラッシャーやトロイの木馬のURLを「対策ページ」として貼り付けるなどのケースも
自動車	ドライブ	前回マウントクックに行ったときは自分でレンタカーを運転して行きましたが、大雪に降られてヒヤヒヤ・ドキドキのドライブだったので、今回はクイーンズタウンからフィヨルドまでツアーに参加してきました
コンピュータ	ドライブ	一応、CドライブもDドライブも一つのハードディスクなんですが、ハードディスクをそのまま使うと大きすぎて整理整頓に不便なので、便宜上Cドライブ、Dドライブと間仕切りをつけて区別しています
卓球	ドライブ	フリスタテックはフローターサーブ(無回転サーブ)のときの予測不能な不安定な動きを抑えられますが、ドライブサーブのときは、回転して起きる空気の流れや物理法則によりボールは変化します
自動車	ドライブ	海辺を歩くわけではなく、ドライブとレストランに行くだけですので、敢えてカジュアル感の強いヨットシューズではなく、ドレス度の高まるホールカットにしたわけです
その他	ドライブ	まず、交通渋滞緩和策の策定、それから、エコドライブの推進、こちらにつきましては、市バスの利用、それから、自動車の使用抑制ということで、これは対応しております
卓球	ドライブ	家の卓球マシーンで社長のループドライブやサービスを8割り方再現できたので、毎日練習すると、1ヶ月ぐらいでスマッシュができるようになり、サービスも3分の1ぐらいは返球できるようになった
その他	ドライブ	電圧検出・ドライブ用の2SA1015の部分はドライブ電流も大切ですが結局はカット電圧付近での電池電池圧から各経路を通ってスイッチング用トランジスタのベース電流をどれだけ流せるかですので、トランジスタのhfeだけ高くしても大元の電圧が低いのでなかなかうまくゆきません
自動車	ドライブ	ベトナムでも繁華街に行くとクリスマスイルミネーションが見られますし、家族全員でサンタクロースの帽子をかぶって、ドライブを楽しむ様子を目にすることもありました
その他	ドライブ	単なるドライブルートや渋滞情報の案内の域を超え、ショップやアミューズメントスポットの情報、駐車場の空き情報などもリアルタイムで取得できるカーナビ
その他	ドライブ	【課題を解決するための手段】上記目的を達成するため、本発明の1つの可搬型電子コンピュータは、コンピュータの機能を管理する電子装置を備えた本体と、読取り/書込みディスク記憶装置用で、外部電源から給電されうるディスクドライブを収容するハウジングとを含み、前記ハウジングがディスクドライブの代わりに前記外部電源の少なくとも一部を収容しうることを特徴とする
その他	ドライブ	粘着性裏ソフトラバー(ドライブ攻撃用) 次世代粘着性ラバー 柔軟性の高い(ボールの食い込みが良い)トップシートが従来の中国製粘着性ラバーをしのぐグリ
その他	ドライブ	(今回はとりあえずサービスを入れることが目的なのでこの位置ですが、ドライブサービスやカットサービスなどを打つときには、ラケットの位置や角度は多少変わります
自動車	ドライブ	温暖化は寒冷化よりまし: 高速道路を無料化した場合、長距離ドライブのコストの大半がガソリン代となるので、より燃費の良い自動車への買い換えインティブとなると思います
その他	ドライブ	財団法人運輸低公害車普及機構は、ドライブレコーダーの搭載がドライバーの燃費改善意識を高めるとして、運輸業者などを対象に機器導入費用の3分の1を補助する事業を毎年行っている
コンピュータ	ドライブ	磁気共鳴断層撮影装置)、コンピューターのハードディスクドライブ、通信衛星発信機、手術用レーザーメス等数多くのハイテク産業で目覚しい活躍をしています(I特異な原子構造を持つものが多く、強力な磁性、誘電性、光信号増幅性などの特性を利用し、MR」と名づけられました
コンピュータ	ドライブ	・ アバターに加えて、カスタマイズ可能なプライベートスペースにおいても、家具や美術品などをユーザーの好みに合わせてパーソナルに演出したり、スペース内でPS3のハードディスクドライブに保存されたユーザーが作成した個人の動画や写真などのデジタルコンテンツを公開することも可能
自動車	ドライブ	母は今回が初めての北海道旅行で、姉も学生時代に一度来ただけらしく、ドライブ中に座席後方から聞こえてくる北海道に関するおぼこい会話を聞いているのが面白かったです
その他	ドライブ	そういった意味では、時流にあらがったかも知れないように見えるし(本作の後にもトップビュータイプのレースゲームは発売された)、大ヒットするという要素が欠けていたように思えるし、ドライブゲームではアウトランを越える作品が無かったように、本作もその例外から漏れることが無く、更に大ヒットできず、短命に終わり、その意味では凡作になってしまったようです
自動車	ドライブ	毎朝の彼とのドライブも悲観的でなく、楽しくやっていこうと考え、毎日学校へ行く道を変えたり、今日はパン屋さんに寄って店のおばさんに元気な顔を見せようとか、今日は仲の良い友人の家の前を通って通学路を少し覗いてみようかなど、毎日目標を決めて少しずつ学校に近づき、彼の登校に向けての自信に繋がればとの思いでした
コンピュータ	ドライブ	私のパソのハードディスクはCドライブ(約14GB)とDドライブ(約37GB)に分かれているんだけど、iTunesの音楽データが容量の小さいCドライブに入っている
自動車	ドライブ	水加減を見て釣り人と一緒に出かけて見るつもりですが、鮎釣の皆さんも連休ですので赤穂の方面にドライブでもされる様でしたら、覗いて見るのも楽しみかも知れません
卓球	ドライブ	ちょっと通常のラバーと異なるのは硬いと弧線が直線的になってドライブを打つのに弧線を上目にしますが、G3では自然と上向きになるので打ちにくさはありませんでした
卓球	ドライブ	軟らかいラバーで、ミート打ちもやりやすく回転もよくかかる、なおかつスピードも出るのでスピードドライブ、ループドライブ、ブロックもなんでもできます
その他	ドライブ	今後はカーナビゲーションシステムと連携をとることが想定され、カメラだけ外付けで設置し、ドライブレコーダーのHDD機能をカーナビに持たせる動きが活発化する可能性もある
自動車	ドライブ	彼は、電車・バスを積極的に使うと言ってたので、オレなんかよりずっと先に行ってるかと思ってたら、最近はレンタカーを借りてドライブを楽しんでるとのこと
卓球	ドライブ	孫飆教授は紹介して、私達がドライブをかける動作を学ぶ時、ラケットを振ってドライブをかける姿勢をして、繰り返し数十数(何)百の下で甚だしきに至ってはをして、毎日このように練習して、動作がマスターした後に、出場する卓球をすること時、引き出すボールに適して、すぐに条件反射ができてラケットを振って引き出しますとまったく頭を使って思う必要はありません
自動車	ドライブ	前々から嫁さんにタイヤ換えろタイヤ換えろと言われていたのだが、普通に走っている分には支障がないのでなかなか交換する気にならなかったが、ボーナスも出たし、来月は長距離の高速ドライブをするということで、渋々交換することにした
自動車	ドライブ	ドライブ途中で車がパンクしてしまった為、森の中で一夜を過ごすことになったジョン(ジョナサン・フラニガン)とジェニファー(ビヴァリー・ハインズ)
その他	ドライブ	挑んだらボッコボコにされてたんだろうな(汗)桃太郎チーム、、、なかなかやりおるY左シェークのドライブマンにイボイボラバーのカットマン、普通のカットマンに表ソフトのカットマン、ペンの速攻、、、むぅ、、、今度から混ぜてもらうべきか、、、
卓球	ドライブ	夢野まりあ法を使うことも戦型であるブロック相手のスマッシュやドライブに対して前〜相手でバウンドの頂点で上がるとに採用する守備技術裏ソフトで攻撃する打球を打法に確認する相手が返す裏面打法の球の変化をかけてあるそのまま返す選手の力を大別して返すにスイングされる馬琳日本を用いて応
コンピュータ	ドライブ	さらに、BIOS、PC基板、ハードディスク、液晶パネル、光ディスクドライブなど、主要コンポーネンツを自グループで開発する、単なる部品組み立てメーカーとは違うノートPC作りの豊富なノウハウと差異化技術を持っています
自動車	ドライブ	ドライブ時、光が眩しくてとてもフロントガラスにUVカットが入っているために、一般的な調光レンズではほとんどレンズカラーが変化せず、調光機能は効きませんでした
自動車	ドライブ	ゆうちゃんリッチだから途中タクシー拾ってったんだけど、そしたらタクシーの運チャンが道分かんなくて、4人で30分くらい迷子状態(笑)とりあえずドライブを楽しみました☆
その他	ドライブ	◆ゲーム:アクションエディター4本体が存在するドライブとは異なるドライブからステージファイルやリプレイファイルをロードしようとすると強制終了したりフリーズしたりするバグを修正
自動車	ドライブ	洲の崎から白浜までの、美しい平砂浦ぞいの道路はフラワーラインと呼ばれ、関東でも最も早く咲く一面のお花畑の中、散策やドライブを楽しむことができます
卓球	ドライブ	そして決勝でも後輩の水野(東京アート)に今大会4回目のゲームオールに持ち込まれたが、懸命に動いて裏面とフォアハンドドライブの連係で粘り強く戦って優勝を果たした
コンピュータ	ドライブ	実際には、1スピンドルといえばハードディスクだけを内蔵したノートPCのこと、2スピンドルといえば、ハードディスクとDVDドライブなどの光学系ドライブを内蔵したノートPCのこと、3スピンドルといえば上記の2スピンドルに加えてフロッピーディスクドライブを内蔵したノートPCのことを指すのが一般的だ
自動車	ドライブ	チェックイン時間の午後3時までどこかで遊んだりドライブしたいなーと思っているのですが、みなさんオススメの滋賀スポットを教えていただけると嬉しいです
その他	ドライブ	が、ドライブ選手もすぐに上達して逆回転ボールをバシバシ打ち返してくるようになるので、ある程度のレベル以上になると途端に勝てなくなるというのが、素人カットマンの多くが辿る道です
その他	ドライブ	このドライブレコーダーというのは、安全面であるとか環境面であるとか、そういう面から装着は極めて有効になってくると思いますし、これからますますその必要性が出てくるかと思います
その他	ドライブ	船体や船底塗装工事は、船体各部の傷・亀裂等がないか年1回ないし2回上架し、船体の清掃・修繕及び船底・外板の塗装、又、機関・ドライブユニット等の整備点検を行っている
自動車	ドライブ	それか先日、無事に車検から帰ってきました 145 なんだかんだで、 約3週間ぶりのドライブを楽しんだのですが、車検のついでに イジッた箇所は次の機会にご紹介するとして、とりあえずは、 約半年ほど前に実施した
自動車	ドライブ	今日はドライブにでも行こうと思っていたのに、思いっきり昼寝をして過ごしてしまいましたorz 今週は、昨日床屋に行くのにちょこっと運転した以外に運転していませんから、いつもどおりお台場あたりまで流そうかなあと考えていたのですけどねぇ
卓球	ドライブ	ヨーロッパの女子選手のトップにいる世界ランキング7位のボロスと、長身のアガノビッチが繰りだすパワードライブにたいし、日本ペアの前陣でのカウンタースマッシュが小気味よく決まる
その他	ドライブ	ドライブ・バイ・ワイヤ方式は、実際のアクセルの“踏みしろ”を、電子制御(ワイヤ=電線)により、スロットルを制御するモーターに信号を伝えますので、アクセル操作を従来より軽くしたり、メーカー側では右ハンドル・左ハンドル車に対応するパッケージングの自由度事が高まる事もあり、近年急激に普及しています
その他	ドライブ	同じようにメガドライブのユーザーがこのソフトウェアーを開封せずに知らんぷりを決め込んでいれば、なんぼかましなメガドライブライフを得ることができたのではないでしょうか
自動車	ドライブ	後半はレンタカーで行動範囲を広げ、海岸線はBUNBURYまで、内陸はKukerinという、行けども行けども牧場続きの、ヤビーという沼えびの養殖場まで走り、日本では体験できない快適なドライブと、広大なオーストラリアの台地、美しい海岸、素晴らしい道路網を見ることが出来ました
自動車	ドライブ	今日は、昼から旦那とドライブに出かけようと出発したのはいいんだけれど、出てみると、アウトレット行きの車で今まで見たことないくらいに道が混んでて大渋滞でビックリ
卓球	ドライブ	スマッシュの方がドライブより返しにくい、と言うことは攻める方もやっぱりドライブだけではだめで、スマッシュを打たないといけない、と言うことになりますね
コンピュータ	ドライブ	通常は、デジカメでは、特定のディレクトリーに画像ファイルがありますので、「その他の画像を取り込むドライブ」のところで そのディレクトリーを指定して、ID入力、検査選択 をしてファイリングします
その他	ドライブ	ドライブユニットは、互いに咬み合う爪と溝とによって動力を伝えるドグクラッチ式と称するクラッチが入力軸の嵌脱クラッチ及びクラッチ軸の前後進クラッチとしてそれぞれ1組ずつ備えられていた
自動車	ドライブ	大宮駅⇒長野新幹線(自由席)⇒長野駅⇒レンタカーでドライブ⇒湯めぐりの宿 清風荘宿泊 2日目:自由行動 3日目:湯めぐりの宿 清風荘⇒レンタカーでドライブ⇒長野駅⇒長野新幹線(自由席)⇒大宮駅着 ◆ご注意事項
自動車	ドライブ	ということで、そんな季節の真っ只中、6月24日、八雲町にオープンしたばかりの道内10番目となる道立公園「噴火湾パノラマパーク」にあるオートキャンプ場「オートリゾート八雲」に行って、おいしい空気、おしい景色、おいしい地元の食材をたっぷり味わってきたゴーゴードライブ
コンピュータ	ドライブ	ネット上の情報では、DVDドライブなどを先に外す方法が書かれていましたが、それをパスできそう(要するに外す必要は無い)なので、一気に本丸に攻め込みます
自動車	ドライブ	また、車山高原周辺には、家族で楽しめるレジャー施設やアウトドア、雄大な大自然を間近で体感でき、 ビーナスラインをドライブやツーリング、またはゴルフやテニスなどアクティブに動いた後は日帰り温泉でゆったりと・・・
自動車	ドライブ	北陸道から上信越道に乗り新井パーキングエリアで休憩した後、 あまり走らない関越自動車道を走ってみようと言うことになり、そのつもりで走っていましたが、更埴の先で渋滞ありの表示を見て、 急遽長野道へ予定変更となりました(私のドライブではしょっちゅうあることです)
自動車	ドライブ	さらに所沢市街での渋滞にも関わらずこの日の平均燃費が20km/lを超えたのに、燃費の良さという点についてはやっと手応えを感じるドライブでもあった
自動車	ドライブ	友人から首都高速運転は無理といわれました・・カーナビ着いてるから・・道は大丈夫ですけど 東京の新宿からの東京近郊のドライブスポットはどこですか
その他	ドライブ	低音を増強するバスレフダクトの形状を一般的な丸型ではなく、スリット型にして開発された独自の低音技術「AERO(エアロ・) ACOUSTIC(アコースティック) DRIVE(ドライブ)」を搭載
自動車	ドライブ	最近は早起きドライブして、インター出口の渋滞に長時間並んで駐車場入庫するのもしんどくなってきたので、金沢に一泊して小松航空祭を見に行くことにした
その他	ドライブ	目次の オートローダー・ファームウェア・レベル及びドライブ・ファームウェア・レベルの確認 の項目に戻り、更新したドライブ・ファームウェア・レベルが正しく表示される事を確認します
コンピュータ	ドライブ	シスレムの復元をしたところマイコンピューターのハードディスクドライブ、ウインドウXP(C)の下部にリムーバブル記憶領域があるとの表示が出ました
その他	ドライブ	ドライブは、MCM製アルファーワン2機共ドライブを含む機関部の整備は、マリーナにて整備しており、各部定期的点検を行って不具合や気になる部分が出るとその都度整備しているとの事で、チルトを含め不具合有りませんでした
その他	ドライブ	そこで、ドライブ段にはプレート損失の大きい、力のある双三極管12BH7Aを採用し、カソードフォロア直結回路を構成させ、強力なドライブ回路としています
自動車	ドライブ	ドライブの目的地(道の駅)が残念ながら定休日だったものの、ミニラ的には三輪車も乗れたし、アピタのキッズコーナーで遊んだし、パパのお隣に自分専用席がある状態でドライブだし、立ち寄った先の店員さんは優しいし、ママは普段連れてってくれないマクドナルドで好物のポテトを買ってもらったし・・・色々楽しかったようだ
自動車	ドライブ	和歌山の自宅から約80キロの下道ドライブ☆8時半に出発です☆このルートだと五條市までのほとんどの道のりが国道24号線でしたので、快適のんびりドライブでした♪途中高野口
自動車	ドライブ	リッターカーとはいえ、800kmドライブも難なくこなすVitzは相当に出来がいいとは思うが、さらに上を求めるなら、本来は軽で何とかならないものかという気にもなる
自動車	ドライブ	それにしても、のんびりした山梨と比較するために余計にそう思われるかもしれませんが、ドライブ中に見かけた久々の新宿・池袋は、なんと落ち着かないゴミゴミした街でしょう
その他	ドライブ	さらに、ドライブギアも上級モデルと同じジュラルミンCF(冷間鍛造)ドライブギアや、耐久性の高い高強度真鍮マシンカットピニオンギアなどを使用し、上級モデル並みの耐久性能を持たせたという
自動車	ドライブ	今回はなんかT市いけないとかで、K氏もよーわかんなくて、Y氏はドライブかなんかでさすがに一人でいくのもなーとおもいつつちょい用事もあったしまーパスしとくか的におもってたのだが
コンピュータ	ドライブ	PBG4もこういうのを使って持ち歩いたらかっこいいんでしょうけど、ハードディスクドライブとかのことをを考えると耐衝撃性はあまり改善しないんでしょうか
自動車	ドライブ	県警の発表によると、吉本容疑者は6月14~21日の計4回にわたり、広島市内に住む高校1年の男子生徒(15)をドライブに誘うなどして、同市内の路上に駐車中の乗用車内で、わいせつ行為をした疑い
コンピュータ	ドライブ	(それと、ほかのサイトで聞いたのですがWindows 2000内蔵のバックアップシステムを使って起動ドライブをバックアップするとバックアックされる大きさは本来の三分の二になるとのはウィルスに感染しているからだと教えられました)
その他	ドライブ	大哺乳類展に特別協賛、屋外展示では、「燃料・パワートレイン戦略」など、様々な革新技術やフォルクスワーゲンが推進している「エコドライブ」が紹介されていた
卓球	ドライブ	ドライブやプッシュでも、利き手の逆側に上がったシャトルは、よほどでないかぎり、当てるだけになりがちなバックハンドではなく、ラウンドザヘッドストロークで「ひっぱたく」
その他	ドライブ	フィルム上に音声が記録される光学式トーキーシステムの台頭と軌を一にしてシアターサウンドを支えた86アンプをさまさざまな前置アンプと組み合わせ、ベスト言えるドライブ方法、本来のサウンドを探求します
その他	ドライブ	の燃料高騰に伴い、燃費削減(エコドライブ講習月一回)・アイドリングストップ(装置を付けモニター)をし、ドライブレコーダーによる事故防止対策を含め、各管理者側と営業社員側の双方でチェック体制を整えつつある
コンピュータ	ドライブ	とか思ったりしたし、デザイナーがよく使っていたMOドライブなんかも「MOってなんかクリエイティブな匂いもするし、インテリジェンスだよね」とか思ってたんだが、その頃は財布の事情ですぐには導入できなくて"zipドライブ"なんていう微妙な規格のメディアを使ってみたり・・・・デジカメ用の媒体だってどんどん変わってきたし、キリがない
コンピュータ	ドライブ	最初にパーツを買ったのは半年も前(たしかハードディスクドライブだった)、最低限のパーツが揃ったのでさえ4ヶ月前だから、パーツの仕様を全然おぼえていない
卓球	ドライブ	基本打ちを極めていこうその2ドライブ、スマッシュ編でしたぁ ビュンっと速い球なのでうまく打てるようになると相手を追いつめることができちゃったりするんです
その他	ドライブ	サスペンションもジャグァーのパーツを使い、Cタイプのスタイルを再現することはむろん、ドライブフィーリングまで近づけようとしているところが愉しいじゃないか
コンピュータ	ドライブ	※ フルクライアントパッケージからインストールする際には、テンポラリフォルダの存在するドライブに、一時的に5GBの空き容量が必要になる場合があります
自動車	ドライブ	6年間つとめたマツダオートトウキョウを退職して、辞めた翌日からいきなり「単身ご褒美沖縄旅行」に1ヶ月行ってしまった帰り道、本当は九州までフェリーで渡って当時、沖縄まで一緒に持ち込んでいた唯一新車で購入した愛車「カペラヨーロッパセダン」でドライブして帰る予定が、手持ち資金3万円しか無くなっている事実に気がつき、急遽車載せればただで乗れた貨物船にて東京目指すことになったのでありました
自動車	ドライブ	日曜日はあまりにお天気がよくて暑かった(最高気温33度以上(げんなり))ので、上の写真の撮影時以外はオープンにはしなかったが、それでも楽しいドライブであった
その他	ドライブ	ドライブ・バイ・ワイヤとは、ブレーキやらアクセルやらハンドルやらといったヒューマンインタフェースを、自動車のメカ構造と断ち切り、まるでゲーム機のように全てデジタル方式のセンサに置き換えてしまうものだ
自動車	ドライブ	報道によると、広州のある旅行社が企画した青島ドライブツアーに参加した香港からの13台のフェラーリが各地の高速道路を速度超過をしながら北上、各地の監視カメラで速度超過を監視されながら、速すぎて交通警察隊が追い付かなかったが、4月10日、杭州湾跨海大橋上にて寧波交通警察隊に捕まりうち6台が減点と罰金200元、3台が免許証を差し押さえられた
自動車	ドライブ	また、ドライブ用にということで検討されるかたも多いのですが、最近の車のガラスは紫外線カットされているものがほとんどですし、車内の温度もそれなりにありますから、運転中の眩しさよけとしては物足りなさを感じるかもしれません
自動車	ドライブ	僕も探すのが楽しみでドライブとかしてたが、せっかく行ったのに知らなかったってのが多かったから、ある程度は計画して、現地でいいのを見つけたらGetしたいなって思うよ
その他	ドライブ	2 システムドライブのどこかにファイル破損をしている様な箇所が存在しているか、HDD自体が何らかのクラスター破損箇所が多数存在していたりするとかは考えられませんか
卓球	ドライブ	越前のツイストサーブをまったく返せず、逆に返せるレベルでサーブを打ってもらったり、ドライブBに手がつけられず次々とポイントをとられたりとへたれっぽい日吉ですがさりげなく4ゲームとっています
コンピュータ	ドライブ	でもマザーボードの起動ドライブの設定に SCSI が無い場合は HDD から起動するように設定してプライマリー側に何も繋がないようにしたらいいんでしょうか
コンピュータ	ドライブ	インストールしたフォルダ(デフォルトインストールの場合はCドライブのBESTフォルダ)を削除し、デスクトップやスタートメニューに作成されたショートカットのアイコンを削除下さい
コンピュータ	ドライブ	リムーバブルケース(通称がっちゃん(笑))を使いはじめてしばらく経つのですが、こいつの何が不満かというと、ドライブを差し替えるたびにいちいち電源を落とさなくてはいけないという点
卓球	ドライブ	大友梨奈ク側に岸川聖也ラバーを打ちそれにする相手やコースの守備力で影響のミスを出すたいていフォア側には裏ソフトラバーや表ソフトラバーを打ちフォアに来たは返球する目的に多い有名前陣攻守型の打法相手が有名ペンドライブ主戦型通称ペンドラ主にフォアハンドドライブに与えてある回
卓球	ドライブ	40mmだと、ツッツキやスマッシュのスピードは遅くなったが、ドライブのスピードはほとんど落ちていないので、それらのスピード差からドライブは速く感じる
コンピュータ	ドライブ	一方、UBTCのRFIDセキュリティ機能付き外付ハードディスクドライブ NETCOM NCE08は、RFID(無線)キー2個付きの外付ハードディスクドライブで、 固有のRFIDキーを持った人がドライブにかざすことでデータへのアクセスが可能となります
その他	ドライブ	・徹底的な情報共有がドライブする新しい組織とは、自発性の発露による個の没頭を引き起こし、それにより大きな達成をした人たちが自然に浮上してくる世界なのである
コンピュータ	ドライブ	まず、登録したいアプリのショートカットを作成しておいて(以前説明したアプリ フォルダに入っているものでもOK)それからエクスプローラーでCドライブの 一番上に”start”というフォルダを作成して下さい(場所、フォルダ名はどこで も構いません)
自動車	ドライブ	私の家は愛知県にあり、なかなか頻繁には来店することはできませんでしたが、あまりにおいしかったので、ゴールデンウィークにドライブがてら、家族でもう一度、来店しました
卓球	ドライブ	彼は両面テナジー05を使用していたのですが、サーブ、レシーブ(特にツッツキ)、ドライブと、全ての技術において私が過去ボールを受けたことのある相手の中でもトップクラスの回転量でした
自動車	ドライブ	My Way 電話があった でも自分の車持てたら、いつでもデートに使えるし、ドライブにいつでも行けるし、超いいよ~~ 車の中は、自分色に染めるのだー でもH舎は本命じゃないの
その他	ドライブ	低公害な車の使用、エコドライブの実践、自動車使用の合理化、公共交通機関の利用促進、不要不急の乗用車の使用自粛、不要なアイドリングの停止、大阪府の流入車規制などについての啓発を行う
その他	ドライブ	また、鉄鋼や造船などが輸出ドライブをかけることで海外との競争力を維持していき、技術的にも新たな投資を行うことによってかなりの成果を上げたものの、次第に途上国からの追い上げによって競争力を失っていき、化学などに取って代わられることになった
自動車	ドライブ	岩手県八幡平市安比高原のサンテミリオンの近くには、安比高原スキー場や十和田八幡平国立公園ドライブコースのほかに、田沢湖&十和田奥入瀬渓流などがあります
自動車	ドライブ	7年前に当時高校生の娘が担任の先生からご馳走になった店で、娘の話ではとても美味しかったとのことで、早速、家族で自宅から小田原までラーメンドライブに出かけました
自動車	ドライブ	その他の趣味はTVゲーム、卓球、ドライブ、日帰り温泉巡り、立ち読み、お絵かき、近隣のショップのゲームの価格調査などなど・・・だが、持病のうつ病のためか気力が萎えがちで最近は卓球・ゲームの価格調査以外はあんまり活動していない
コンピュータ	ドライブ	「世界最軽量のドライブ内蔵モバイルPCの開発」を命題に挙げた瞬間から、パナソニックのスタッフは、軽量・タフのLet'snoteシリーズに適したドライブをさまざまな角度から検討し、試行錯誤の末生まれたのがこのドライブ構造なのである(別掲のコラム参照)
その他	ドライブ	お正月といっても普段と変わりないんだが、母の買い物にお供したり、弟と物欲系ドライブしたり、雑誌をめくりながらiPodがシャッフルしてくれる曲を聴きつつぼんやりとしたり
その他	ドライブ	2009年10月末(つい先日)に船底&ドライブ清掃、塗装、インペラ交換、ベロ交換、アノード交換、エンジン、ギアオイル交換など各定期点検、交換部品新替済みです
その他	ドライブ	ペンホルダーのドライブで中学3年になって西宮市の大会で優勝、その頃、中国の前陣速攻のスターが世界を席巻し、ドライブ主体の日本卓球はあえなく敗れた、そのショックで卓球をやめた
自動車	ドライブ	33 秒) 日本語のページを検索検索結果道道639号上士別和寒線 ドライブ&ツーリングのネタ帳ORR道道639号上士別和寒線は、道央自動車道が和寒まで延びた現在でも何事もなかったかのように未舗装路に手が加えられない
自動車	ドライブ	黄色い看板が目印の当店は、ドライブスポットA&W屋宜原店向かいにあり、各種中古車、車検、DVDコンポ、カーAV機器、エアロパーツ、人気アルミホイルタイヤセット等の販売を行っております
自動車	ドライブ	昨年11月、神奈川県大和市内の国道で飲酒後のドライブ中にバイクと正面衝突する死亡ひき逃げ事故を起こし、危険運転致死や道路交通法違反の罪に問われていた24歳の男に対する判決公判が8日、横浜地裁で開かれた
自動車	ドライブ	4日は帰って来ていた息子がたまに乗る自動車運転のナビゲータとして以前私が蜂に刺されて到達できなかった氷ノ山山系の吉滝と言う所へドライブしてきました
自動車	ドライブ	ある冬の日に2番目の子供とドライブ中、地鉄立山線の本宮あたりの雪道の緩 い下り坂で、スノータイヤを履いていましたがスリップし左の雪の中の突っ込みました
その他	ドライブ	エンジン、ドライブトレイン、シャシー、ボディ、試験、設計開発、生産技術、デザイン、環境/社会/法規、モータースポーツ、略語の11項目を各カテゴリーに分けて解説、巻末に項目索引、アルファベット略語索引、英文索引、国産乗用車社名索引が付く
卓球	ドライブ	1セット目は柳がドライブをきっちり止めてもぎ取るが、 2・3セットは平林の下回転ロングとナックルロングサーブ、 そしてフォアハンドでのバックストレートドライブに押され止めきれなかった
その他	ドライブ	アイ・オー・データ等から発売された単体ドライブや富士通・ソニー等のパソコンは松下電器(パナソニック・コミュニケーションズ)製ドライブをオープンプライスで発売、店頭予想価格は4万円前後
その他	ドライブ	シェークドライブ型のバック面(弾みませんからラケットを弾む物に)ペンドライブ型の方でも良いと思いますが、従来のラケットよりも1ランク弾むラケットをお勧めします
その他	ドライブ	これはTIPSですが、この一時ファイル・フォルダを別の高速なドライブに設定してやると、インターネット・エクスプローラの起動や切り替えが心持ちはやくなります
卓球	ドライブ	関東大会までのリョーマをビデオで研究し尽くし、技を使えるまで特訓したので、「ツイストサーブ」、「ドライブB」、「ドライブA」を使用、日吉戦で使った「零式ドロップショット」まで使った(しかし決勝のデータは取れなかったので「サイクロンスマッシュ」は使えない)
自動車	ドライブ	マップはかなり広く、街中がレース場という特性上様々なショートカットを知っていればいるほど有利ですので、ただのドライブ(探索)にも意味があるのがいいですね
その他	ドライブ	会場では低公害車約90台の展示を行うほか、自分自身のエコドライブ度がわかるエコドライブシミュレーターの体験やエコドライブの効果を体験できる装置を装着した車両の試乗や展示、燃料電池自動車、水素自動車、電動二輪車などの試乗、エコカーや環境問題への理解を深めるイベント、アトラクションが実施される
その他	ドライブ	ごく簡単な (HDD 上の画像を表示する) プログラムを作り、Web サイトやネットワークドライブに置いて、実行してみたところ、セキュリティ例外で止まってしまいました
卓球	ドライブ	また、[S]、[D]、[A]でそれぞれドライブ、ボレー・スマッシュ、ロビングでボールを返すことができ、長く押すほど画面上部のゲージが伸びて強いショットになる
自動車	ドライブ	20年ほど前の松山勤務時代に訪れた時は道も細かったのにと思いながら走ると、所々にショートカット前の旧道があったり新しいトンネルがあって快適なドライブコースになっていました
その他	ドライブ	また、企業による環境EXPO、低公害車試乗会、エコドライブコンテスト、来場者全員が参加できる「CO2排出量診断」、自転車発電機による「発電競争」など、自動車・環境問題、CO2削減について考える機会を設けています
自動車	ドライブ	結婚前の嫁と良くドライブに使いましたが、嫁が隣に乗るときに限って、クラッチからの異音(焼き付き)とか、エンジンのクランクベルトからの異音などの故障にみわまれました
自動車	ドライブ	その後、その夫妻は新潟までロングドライブに出かけたらしいのですが、何度もエンジンがかからないという事態に陥ってしまい、止めるのも怖いからと暑い中エアコンもかけず、食事もせず早々に帰ってきて「見てくれ」と言ってきたんだそうです
卓球	ドライブ	ドライブのブロックに対しても同様で、回転の影響を受けすぎてオーバーしないように、ラケット面の角度はボールの真上をこすってブロックするくらいの気持ちで出せば丁度良いですし、ナックルブロックも効果的に出せます
コンピュータ	ドライブ	この後は、インターネットの一時ファイル、ATOKのユーザー辞書、Thundebirdのアドレスと、メールファイルもDドライブに移したいと思っています
自動車	ドライブ	仲間との車を連ねてのドライブでは他車の割込防止が可能となるが、見知らぬ車から一定のスピード以上で背後から迫られると不安感をいだくとともに、加速して車間距離を取りたくなる距離
その他	ドライブ	エコドライブ講習の運営をしながら、自分自身もエコドライブをマスターしてきた太田も、発売4年目を迎えたTIIDAで、お客さまを迎える準備をしています
卓球	ドライブ	松原は、鋭いフォアハンドドライブで水谷を攻めるが、水谷はこれを落ち着いてブロックし、自分の形でゲームを進めると、松原にもミスが目立ち始め、水谷が完封
コンピュータ	ドライブ	1年ぶり、いや、もっとでしょうか、久しぶりにデータを発掘しなければならないという事で何枚かフロッピーディスクをドライブに入れましたが、結局目当ての物は見つかりませんでした
自動車	ドライブ	朝ぼんやりとテレビを見ていたら、北海道医療大学の温室で咲いている、北海道ではここだけという青いお花が「日曜祝日はお休みだが今日だけは開園」とのニュースを見て、ドライブがてら見に行くことにした
自動車	ドライブ	レジャーなどで長距離ドライブをする人々が増え、女性や高齢者のドライバーも増加するなか、一般道路にも高速道路のパーキングエリアのような「ドライバーが自由に利用可能な快適な休憩施設」が求められるようになりました
コンピュータ	ドライブ	元来CDには読み取りエラーが起こった時の為にエラー訂正符号が入ってるんですが、CCCDではこのエラー訂正符号を意図的に狂わせておいて、ドライブが親切にエラーを訂正しようとすればする程おかしな挙動が表れる、という悲惨な仕様になっているそうです
その他	ドライブ	Biosでドライブの順番をかえたりすると7のブートマネージャーが出てくることもあるんだが、また元に戻ったりもしてどうすればでるのかいまいち確定出来てない
コンピュータ	ドライブ	x86: 特定の ATA ハードディスクドライブを搭載したシステムが、Solaris 9 ソフトウェアのインストール後にリブートするとハングアップする
自動車	ドライブ	一方、技術的な面には他のボルボでは体験できないドライブを可能にする最新のソリューションが含まれ、衝突回避安全システムから、インフォティメント、そして世界最高クラスのオーディオにまでわたっています」と新型S60プロジェクトディレクター、トーマス・アルボルグは語ります
その他	ドライブ	★ゲーム『龍が如く』で採用された、「12月17日」ですね☆まだ季節が違いますが、クリスマスイブの一週間前の別れ話の曲ですね☆これからの季節には「タオル」「太陽のプレイメイト」「流星ドライブ」あたりが・・・・
自動車	ドライブ	社長が心配して俺に着いて行くよう言い 嫁と初めてドライブした車がかっこいいセダンやスポーツカーじゃなくて まさかのいすゞFORWARD、14t車で片道1200kmのドライブだった (大型車の車名言っても分かる人は多分少ないだろうなぁw) 車内で
その他	ドライブ	しかしラバーが柔らかく弾きも良いため直線的な弾道になりやすく、他のテンション系ラバーに比べ回転を掛けた重たいドライブやループドライブをするのは少し難しいと思う
その他	ドライブ	またメモリーの増設、プリンタ、スキャナ、MOドライブ、グラフィックボードと買いそろえ、現在でもCPUの速度以外は十分満足の行くマシンであるといえます
卓球	ドライブ	一応元卓球部な僕は、一緒に行ったメンバーに幾つかの卓球ルールを説明したり、カットとドライブの違いを説明したり、ペンとシェイクの違いを説明したりする
その他	ドライブ	(どうヤバイか興味のある方はご自身で調べてみてください・・・)とにかくいろんな事ができるのですが、 単なるドライブゲームとして考えてみても「障害物にぶつけるとちゃんとクルマが壊れる(ぶつけすぎると火を吹いて爆発する)」とか 「背の高いクルマは曲がる時にオーバースピードだと横転する」といったリアルな点がかなり楽しいです
自動車	ドライブ	トレッキングなどの観光用に、歩道が何本も整備されているので散策も十分楽しめますが、車でドライブしながらでも白神の自然は十分に堪能することができます
コンピュータ	ドライブ	実際にはワープロ・データが保存してあるFD・パソコン・パソコンのドライブの組み合わせが、そのソフトで変換できるか体験版で試してみる方法があります
コンピュータ	ドライブ	■ハードディスクドライブの開発、製造、販売、輸出入■ 垂直統合型で1インチ以下からエンタープライズ向けまでを手がける世界シェア3位のフルラインメーカー モバイル、デスクトップ、サーバ、ストレージシ
自動車	ドライブ	逮捕容疑は、容疑者5人は共謀し、18日深夜、少女2人が友人の男性会社員(20) に佐賀市内で酒を飲ませてドライブに誘い、今井容疑者ら3人が乗った車を男性の車 に追突させた
その他	ドライブ	東芝やLGのドライブでここまできれいに焼ける安メディアは珍しく、またここまで廉価なDVD+Rでまともに使えるものも珍しい為、この品質のままで量が出回るならば結構重宝するかもしれない
自動車	ドライブ	過日、日産テクニカルセンターのある厚木から九州・福岡までドライブしたが、驚くことに燃料メーターを二目盛り残した状態で、無給油で1000km以上の道のりを走破した
その他	ドライブ	出演→ハイポーズ/ハンカチーフ/アルクシャンプー/ほりゆうこ/モナムール哲夫/こぐれ/アベササキ/ネイチャー/やぶきにしやま/公園ドライブ/TEBA×SAKI/ミツヒデ/マントフフ/こんたく
自動車	ドライブ	ワンちゃんとのドライブは、今年になって始めてでは、「もうぼくは家でお留守番してる」でどこか行き ますかで元気に外に出ても、車の前では乗りたくないなんて素振りをみせます
その他	ドライブ	ATSUSHIが気吐いて、いよいよ一人でドライブメイクして、それにはフェスに集まった観客たちもスゲー反応してたけど、あれだけばっちりはまっちゃってる3人相手に、一人じゃ切り崩すにも限界があるか
その他	ドライブ	その時のドライブは、サンガルガノだけでなく、シエナ、サンジミニャーノ、ペルージャ、アッシジなどを含むものだったが、それはそれは素晴らしいものだった
その他	ドライブ	写真のようにアーム類をすべて取り外し、ドライブシャフトとサイドフランジ(デフ側)の結合ボルト(12ミリ5本~6本)を外してクネクネとこじれば簡単に取り外すことができます
自動車	ドライブ	では、一般的に趣味や余技というのはどういったものがあるかというと、ドライブ、旅行、釣り、ゴルフ、読書、映画鑑賞、音楽鑑賞といったものがありますが、これらはみな自分の満足や楽しみのためにお金を使うわけです
自動車	ドライブ	とのコトで さっそくドライブに連れて行っ インプレッサ diyごときでがたがた言うのは止めにして・・・そしていよいよ明日(11月28日)は「 痛G―痛車グラフィックス Vol
自動車	ドライブ	同日午後5時ごろ、友人の携帯電話に「海までドライブにいく」などと連絡し、約2時間後に「あと1時間で帰る」と友人に電話で告げたまま行方不明になった
卓球	ドライブ	軽いラケットでドライブするよりも重いラケットでドライブする方が重い玉が打てると聞いたのですが、卓球でいう重い玉っていうのは回転量が多いってことですよね
その他	ドライブ	パソコンについては、世代間倫理・環境倫理的に、資本主義の差異化のドライブに乗せられ、馬鹿げた新製品競争に巻き込まれるべきではないというポリシーからです
自動車	ドライブ	今回のドライブの主な目的は、檜山のせたな町大成区(平成17年9月の3町合併まで大成町だった地区)に鎮座する「太田神社」と、胆振の室蘭市に鎮座する「本輪西八幡神社」を参拝するためです
自動車	ドライブ	その後、日本人が誰もいない内陸(ロッキーマウンテン麓)にしばらく住んでいましたが、シアトルやポートランドへの15時間のドライブ中に見る、タコマ富士から→日系移民→収容所の歴史→祖国とは
その他	ドライブ	そういえば、事故解析をより高度化するために、車などに「フライト・レコーダー」ならぬ「ドライブ・レコーダー」を設置することが検討されている、なんて話がありましたが、こういうときのために自衛手段として、ビデオカメラのような記録手段は用意しておいたほうがいいのかもしれませんね
卓球	ドライブ	特にスマッシュとドライブを打ったときにその特長を発揮します■イシュリオンFL(フレア) 34901、ST(ストレート) 34904TAMCA・ULCシリーズ待望の第2弾新カーボン・TAMCA・ULCシリーズの第2弾で、パワー、コントロール、フィーリングのすべてを高次元で融合させた軽量・高反発の高性能モデルです
自動車	ドライブ	さて、サフランブログ担当、愛犬をデートのドライブに一緒に連れて行ったり、愛犬の散歩を彼も一緒にってな事をよくするんですが、まぁ〜愛犬のquatre君(;¬_¬)嫉妬焼きで笑っちゃいます
卓球	ドライブ	ここで平野がミドルに突いたボールを藤井がフォアドライブで打ちミスして10−9となり、続くラリーで藤井のバック強打がオーバーして、11−9で平野が先行する
その他	ドライブ	さらに、自動車排出ガスの排出抑制を図るため、「エコドライブ」(環境に配慮した自動車の使用)や「アイドリングストップ」(駐停車中の自動車の不必要なエンジン使用の中止)を推進している
自動車	ドライブ	またドライブを、主にツッツキに対するドライブを、腕や上体ばかり意識して力んでいたのを、むしろ上体の力は8分ぐらいで恒常的にして、下半身でそのタイミングや力のかけ具合を調整することで安定もしてリズムもとりやすくなった
その他	ドライブ	車両や道路環境などが同一の条件で走行しても、アクセルワークや変速などの運転操作次第で20%以上の燃費改善がみられるため、エコドライブが推奨されています
卓球	ドライブ	あづき美由な場所はより勝ちとが難しくなっている大会ではドライブ主戦型が板材である特性に使用するは主に公式から組み合わせた板とゴム製のラバーとから使用される板の実績のみをまたはブレードと呼ぶことも硬い檜板とも様々な相手を打てなかった相手が接触し合計はそれらの中から以上になる詳細を開
その他	ドライブ	ファイル転送ソフト WS_FTP32 は漢字のディレクトリを表示できないので、 J ドライブにあるファイルを直接転送するには困難を極めると思われる
卓球	ドライブ	小田桐君や渡辺さんを育てた元世界チャンピオンの河野先生のように表でも裏ラバーに負けないくらいのドライブが打てれば話は別だけどね(河野先生はペン)
卓球	ドライブ	今回もドライブを中心に、下回転の球出しをしてもらってドライブ、サーブレシーブの後にドライブ、回り込んでドライブ・フォアへ飛びつき、と段階を踏んで教えていただきました
その他	ドライブ	ケイタイがドライブモードのままであったり、電源が切れてしまっていたり、彼の部署でも時折は接待もあるということなので、その為に連絡を入れることが出来なかったり・・・
コンピュータ	ドライブ	SSDがC:ドライブでHDDがD:ドライブ)、アップグレードパッケージを起動するとその対象OSを認識し、D:ドライブへのインストールが行なう事ができた
その他	ドライブ	ドライブを指定してスキャンすると、画面左側に削除元ファイルのフォルダがツリー構造で再現され、右側に選択フォルダ内に存在する復元可能なファイルが一覧表示される
自動車	ドライブ	山室監督の細かい構想を聞いた上で、Iプロデューサーが『海が見えるところがいいねぇ〜〜〜』とおっしゃったので関東一円の海沿いへドライブに出ました
自動車	ドライブ	そうそう、ドライブ中に「ガソリンスタンド・オープン」で賑わうお店に入ったら、何と会員でもないのに ゲームでスロット777、ハイオクが135円で給油出来たり、
コンピュータ	ドライブ	たとえば、USBメモリ・デバイス、フロッピー・ドライブ、プリンタなど、記録・印刷向け周辺機器へのアクセスを遮断できるほか、ネットワーク管理者が許可したソフトだけを使えるようにする
卓球	ドライブ	7P−2Aは貼るラバーを選ばないと言われていますが(あくまで一般論ですが)、カタパルトみたいな軟らかいラバーを貼って食い込ませてドライブを打つプレーにも合うと思いますか
卓球	ドライブ	スマッシュなど、弾く打法にも向いていますし、ドライブもある程度のレベルの選手が使えば、テンションラバーに負けないぐらいの威力あるボールが打てます
コンピュータ	ドライブ	古机の上のパソコンは亀のように遅く、ヤニで茶色にくすみ、Cドライブはさすがに気息えんえんだが、ちゃんと外部HDとMOにシステムもデータもバックアップしてある
自動車	ドライブ	釣りに始まり、オーディオ、音楽(JAZZ、CLASSIC、楽器)、コンサート、グルメ、ドライブ・・・・etcそんな気ままなオヤジの趣味の世界を書き綴っていきたいと思うのでヨロシク
その他	ドライブ	DVDコンボドライブ搭載ですので、DVD映画の再生や、データDVDの読込みパソコン内のデータをCDにコピーして保存したり、オリジナルCDの作成が可能です
自動車	ドライブ	いいお天気だから、水面がキラキラしていて、とってもキレイ☆ ボ〜っと海を見て、癒されました♪ とっても良い感じでドライブは進み、小腹がすいてきたので、海産物を売っている屋台(
コンピュータ	ドライブ	Apple の初代 iMac が、それまで搭載されているのが常識だったフロッピーディスクドライブを外して、世間をあっと驚かせたのっていつでしたっけ
卓球	ドライブ	里中あやか選手ではドライブ型も好んで台からあることは少ない返球それほど差は出てきている高く威力の球を打ち返せる韓国短い横回転と相手がためされる一般的に弾道に強いシンガポールのリジャウエイ日本の戦型などカット主戦型基本的には中反射神経からのカットに使って打球のミスをかけて点をとるを貼りバックスピンを用いる現在
コンピュータ	ドライブ	壊れないという謳い文句に惹かれ、使っていたのですが、ハードドライブが破損したとのことで、そればかりかバックアップドライブまで破損するっちゅうのはどーゆーことなんでしょうかねぇ
自動車	ドライブ	久々の友に会うためだけの片道500kmという強行ドライブは流石に疲れることだけど、とびきりの上天気ならそれもまた楽しいと、強引にでも思い込めるというものだ(笑) 磐梯山もご機嫌だしね
自動車	ドライブ	「昨年末に知り合ったタツヤさんは、夜景を見ながらドライブした時も、密着系のペアシートで 朝まで飲んだ時も、ふたりっきりで初詣した時ですら、告白してくれる素振りがなかった
その他	ドライブ	今さっきから過去までのさまざまな人々の経験をひっくるめてまとめて、そこから次の行動をよりよい行動に結びつけられる、人々の生活をいい方向にドライブするシステムまで行ってほしい
自動車	ドライブ	夏休みのドライブシーズンを控えるなかでの急騰は、ドライバーの財布を直撃し、クルマ離れに加え、行楽や外食などの関連消費にも大きな影響 が及びそうだ
卓球	ドライブ	僕は卓球台から50cmぐらいのところに立ち、スマッシュに近い玉を打つのに対し、社長は台から1m以上離れたところに立ち、ループドライブで返すため、僕のボールについて来られないのである
コンピュータ	ドライブ	プロテクトCDのコピーには、ロウモードやサブチャネルに対応したCD−Rドライブが必要になりますが、DAEMON Toolsは仮想CDですのでほとんどの方が利用できると思います
コンピュータ	ドライブ	これ自体は非常に時間がかかるので、出来ればUSB接続の外部ドライブ装置を利用することをお薦めしますが、実際には滅多にインストール作業が発生しない場合が多いので、この「リモートインストール Mac OS X」を利用している方が大半なのではないかと推測されます
自動車	ドライブ	ホテルの隣にある山下湖(多分)の周りをドライブすることとなり、(その車に は私を入れた3、4人と斯波学長の大事なお孫さんが乗っていました)、月さんがきれいだから、と、ライトを消して月明かりの道を 走ったりもしました
卓球	ドライブ	戦型:攻撃(ドライブやスマッシュを多用して積極的に攻撃するプレーヤーに適した、威力の出るシェークハンド)スピード(弾み):ミッドファースト打球感:ハードな打球感木材5枚合板ブレード(ラケット面):レ
その他	ドライブ	職場のパソコンは基本的にハードディスクの区画を2つに分け、ブートドライブとデータドライブを別にするということをしますので、必ずといっていいほど、クリーンインストールが必要になります
その他	ドライブ	今回提案された環境確保条例の改正案は、低公害、低燃費車の使用、導入促進やエコドライブの推進など、対策の強化を図る内容となっておりますが、これを契機に一層のCO2削減を図るためには、大気環境改善の取り組みと同様に、事業者等の協力が必要です
自動車	ドライブ	若かりし20代の頃からかなりの回数をドライブがてら立ち寄っています・・・なにしろ超お気に入りの箱根越えドライブコースの、ある意味休憩所みたいな感じで・・・その時の貴重なワンカット
自動車	ドライブ	まずはお友達から、お願いしまーす☆ 仲良くなったら楽しくお酒飲んだり、ドライブ行ったりしましょう♪ よくまわりからは、ムードメーカー的存在だと言われたりします
卓球	ドライブ	余談ではありますが、昔のバボラは、ドライブとコントロールの2種類にラケットの長さが異なる2種類を加えて全4種類だけしかなかったと記憶しています
卓球	ドライブ	グルーを塗って打球すると金属音がするというが、その金属音が僕とかクラブの人達と全然違う(僕にフォアハンドドライブを教えてくれたとき、見本を見せてくれたのだが、受けたH川さんがびびっていた)
コンピュータ	ドライブ	また、XPの場合は外部ドライブのアイコンをダブルクリックするとウイルスを自動実行してしまうので、ダブルクリックする前にウイルスチェックをする必要がある
自動車	ドライブ	その盛りだくさんの内容をちょっとばかり紹介すると、まずプローバはレーシングドライバー吉田寿博氏のドライブでアイフェルダンパー装着のデモカーを試乗できたり、スーパースポーツECUの体感試乗も実施
自動車	ドライブ	Goodコンディションで長~く愛車とドライブを楽しんで頂く為には必要不可欠な部分ですので、一般整備に関しましても何なりとお気軽にご相談下さいね~(^_^)
自動車	ドライブ	私は少なからず、霊感はあると思いますそれがはっきりしたのは、親しい知人と車でドライブしてた時でした、知人と話してると知人の背景に細身の足を組んだ男性が見えました男性は私に色んな話をテレパシーで伝えて来ました、知人にお父さん亡くなってない
自動車	ドライブ	納車週の日曜日、大阪→岡山鷲羽山にあるさしみ料理屋へ高速ドライブでした、その後毎週日曜日になるとグルメ三昧、燃費がいいので走るスケールは壮大です
自動車	ドライブ	仕事柄、一日中窓のない部屋で仕事をしているので、天候や気温などにかなり鈍感になっているSapyにとって、休日のドライブという何気ないイベントでもとても刺激になるのです
その他	ドライブ	当社からの配送委託先へのエコドライブ推進の依頼は改正省エネ法との関係から19年度からの実施を予定しているが、配送委託先独自の取り組みは継続されている
その他	ドライブ	かなり前になるのですが、ドメイン下のファイルサーバにドライブマップさせるスクリプトを作りたくて、こちらの掲示板でご助言頂いて、以下のスクリプトを作りました
その他	ドライブ	リコールによる改善措置の指示が不適切なため、変向機のピニオンギヤシャフトのスプライン部に摩耗が残ったままのものがあり、そのままの状態で使用を続けると、変速機と変向機との間のドライブシャフトに偏芯回転が発生することによってフライホイールハウジングの変向機取り付け部に過大な力が加わり、最悪の場合、当該取り付け部が破損、変向機が脱落して走行不能となるおそれがある
自動車	ドライブ	ふくし車両でおんがくすきなほうがいまして音量を大きくしてドライブするんですが運転席とのかいわがなりたたず会話のたんびに音量を下げているんですが本人としてできる限り音を落としたくないみたいでトランシーバーのこうにゅうを考えています
その他	ドライブ	どのRAIDのフォルトトレランス構成でも、ドライブが障害を起こし、失われたデータにアクセス要求がなされた時、コントローラはパリティ情報から、失われたデータを自動的に生成します
コンピュータ	ドライブ	通常ですと、プログラムなどをインストールするのは、Cドライブだと思いますが、ハードディスクに影響を与え、不安定にする原因は、このプログラムなどをインストールした時が殆どだと思います
その他	ドライブ	日産自動車、エコドライブをサポートする燃費表示計を今後発売する新型車に順次搭載へ、走行中の瞬間燃費や平均燃費をメーター内のディスプレイに表示 2007/08/21
その他	ドライブ	このエコグランプリは、インサイトに搭載されたエコアシストと、同社のドライブ情報提供サービス「インターナビ・プレミアムクラブ」を活用したもので、これまでもインサイトユーザー向けに公開してきた個人燃費ランキングに加え、県別燃費ランキングを追加
その他	ドライブ	次に、エコドライブ講習でございますが、エコドライブを広く都民に普及させるためには、エコドライブという考え方が、日常での実践の仕方、何よりも身近な取り組みであるということを広く知っていただく、こういうことが大切だというふうに考えてございます
その他	ドライブ	上記の要因に加え、光学ドライブすらくっついていないワンスピンドルノートのシンプルさ・潔さも理由の一つであろう(相方のPowerBookは光学ドライブが駄目になった)
その他	ドライブ	コンプレックスに搭載したのは、超々ジュラルミン冷間鍛造のドライブギアに高強度真鍮マシンカットのピニオンギアを組み合わせた、ハイパワーハイギアシステム
自動車	ドライブ	友達がクルマでドライブに岬まで連れてってくれました♪ そこで今回の旅のお供になるソテツの鉢植えを買いました^^* 屋久島まで連れてったのw 海は台風の影響で荒れていたが、そのせいで大自然の驚異とか、太古の海みたいな印象で、かなりな衝撃を受けましたw 海の水が蒸発し、山にぶつかり、霧になり雨になる
その他	ドライブ	特に、静音タイプというのがポイントで、コンボドライブの大本命であるRICHO製のドライブにも回転速度を落とすことで動作音を下げる機能はあるようなのですが、いちいち回転速度を変えるのは正直使い勝手が悪すぎという感じです
自動車	ドライブ	そこで、イアンは友達のランスとフェリシアを誘って、兄のレックスの愛車、1969型のGTOを無断で借りて、 ノックスヴィルまでのドライブに出かけるのだった
自動車	ドライブ	もちろん彼の全ての小説にそういったものは出ているのだが(例えば彼が車好きであるとか)、本書では彼が実際に気の遠くなるようなロングドライブをホンダやサーブで行っており、若干ではあるが車に対する評価までされている
その他	ドライブ	最高レベルの耐久性を誇るソルティガのドライブギヤと同じ素材(C6191)をマシンカットしたハイパーデジギヤをZAIONボディで包み込んだスペシャルモ
自動車	ドライブ	それが5年にわたる関係の第一歩だったと知るすべもなかったのですが、夜のドライブが楽しかったのと、食事と酒がうまかったのと、そして何より当時のゼミ生が奇妙な1回生を暖かく迎えてくれたのが気に入って、2回生からは調査や収穫にも参加するようになりました
自動車	ドライブ	こちらこそ話題がずれてしまってすみません(+_+)字打つの遅いんです(^^;)ロードスターは権利物パチで、ラウンド中は男の子と女の子がドライブしていて、竜巻リーチがあります
その他	ドライブ	示されたアジェンダは斬新だが達成可能なもので、性能のよいエンジンやドライブトレイン、効率的なタイヤや軽量素材の利用等、コスト効率のよい既存の技術を活用する
その他	ドライブ	このエディションの存在価値確立についてはVistaにおいても苦心したようで、BitLocker(ドライブ暗号化)を含む「機能全部入り」に加えて、Ultimateユーザー専用の「Extras」といったプレミアム機能(追加ゲームや動画壁紙のダウンロード)で何とか差別化を図ろうとしていた
自動車	ドライブ	すると、お店の勘違いらしく、ドライブの値段をそっくり引いてくれたので、出向いた時間のロスはあったものの、結果としてはずいぶんお得な買い物になった
コンピュータ	ドライブ	さらに、全車両にデジタルタコグラフを、一部車両にドライブレコーダーを搭載して運行状況を把握し、速度超過、急発進・急停止、急ハンドルなどの危険行為がみられた場合は、すみやかな改善を促します
自動車	ドライブ	この省力化により、一台のドライブあたりの一酸化炭素2出力を、年間60キログラム低減させることになり、これは一年につき14日間車を運転しなかったことに相当します
卓球	ドライブ	ドライブや速攻などを問わず、安定した攻撃プレーが容易にできるラケットです■パルスターFL(フレア) 32801三位一体の高性能ラケット檜材を使用し、「適度な反発力」「心地良い打球感」「精度の高いコントロール性」を実現させました
卓球	ドライブ	また、もう一つの案として、あなたがドライブ攻撃型を目指す場合は、ラバーはこのままで良いのですが、ラケットを、重心が先端にあり、ドライブの威力が出しやすい角型にすると良いと思います
その他	ドライブ	このような中、独自のエコドライブ普及のプロジェクトを進めている運送等の事業団体があり、燃費効果やCO2削減効果だけではなく、三年間取り組んだその取り組み前後では、交通事故が四三・六%も削減したという効果が出ていると聞いています
自動車	ドライブ	またドライブしながらTDRまでの道のりを考えている方もチェックイン日からチェックアウト日の午後4時までは駐車場無料サービスで用意しているから安心♪
その他	ドライブ	ドライブ自体を作っているメーカー製でなくて、同じドライブを使っているメルコ製やI・Oデータ製でもいいのだが、 あんましこれらのサードパーティー製で固めるのもどうかと思うし (実売も変わらんし)
自動車	ドライブ	8月3日放送で女性を車に乗せた時にドアを開けてあげるか、開けないのかの話をしてましたよね、その時光ちゃんはイメージ的にドライブに行ったらドアも開けてくれてみたいな想像してる人がいるみたいですが絶対に開けない、自分で開けろと思うって言ってましたよね
その他	ドライブ	この操作を行ってもなお上述の現象が起こる場合や、履歴の一部を残したい場合には、FDドライブ(Aドライブ)へのショートカットを検索し、その全てまたはその一部を削除する方法も考えられます
自動車	ドライブ	ドライブ情報満載サイト「はがねいち君のドライブ論」を参考に、朝5:00に出発して、173号線・9号線を通り綾部へ、175号線・176号線をたどって丹後半島へ
その他	ドライブ	運転席近くの故障診断コネクターに接続して使う瞬間燃費計=岡崎市で 岡崎市は、燃料の消費削減を目的にしたエコドライブを実践するドライバーの募集を始めた
