# ゴルフ: ゴルフで、ボールを遠くへ飛ばすのに用いるクラブ。, 自動車: 自動車などの運転者。, 工芸: ねじまわし。ｓｃｒｅｗ　ｄｒｉｖｅｒから。
工芸	ドライバー	その後、ホームセンターに行ってラジオ・ペンチや精密ドライバーなどの工具を買って自分で修復を試みるも、フレームを傷つけるはネジはなくすわで、状況は悪くなるばかり
自動車	ドライバー	日中の最高気温が4・3度まで上がったこともあり、除雪作業が進まない道路では積もった雪が一気に解けだし、ドライバーは深いわだちや大きな水たまりに悪戦苦闘した
ゴルフ	ドライバー	【0015】ドライバーユニット15はドライバー10の高さが所定の高さに調整されて固定され、さらにユニット位置決め装置としてのX−Yロボット19に取付けられ、X−Yロボット19により複数のねじ結合部を有する冷却フィン17の上に、モジュール基板18を重ねてなる製品16のねじ結合部の上にドライバーユニット15のドライバー10が来るようにする
自動車	ドライバー	さらには外から見えないと運転しているドライバーとのアイコンタクトが取れず、何を考えて運転しているのかわからない(行動の予測ができない)という意味での別の危険性もあると思います
工芸	ドライバー	アメリカは、スイス最大手UBS銀行にスクリュー・ドライバーを突きつけ、スイスの銀行守秘義務とスイスの金融システムに大きな穴を空けようとしている
自動車	ドライバー	新型Eクラスにはコンピューターが運転の状況を把握し、80km/h以上で走行中のドライバーに疲労や注意力低下の兆候が現れた場合には、迅速に警告を行うアテンションアシストを採用しました
自動車	ドライバー	先ほどから対向車のドライバーが唖然とした表情でこちらを見ていることに気づいているのだが、目の前の軽自動車を見失わないようにするのに手一杯で、スカートの裾を手で押さえたりする余裕がまったくといっていいほどないのである
自動車	ドライバー	当初はF1ドライバーがフェラーリを運転していると伝えられたが、実際はメルセデス・ベンツを監督本人が運転し、フェラーリのエンジン音をダビングしたそうだ
ゴルフ	ドライバー	飛ばしたいクラブ=長いクラブ(ドライバーなど)の場合は、この基本幅より大きく、飛ばしたくないクラブ=短いクラブ(アプローチウエッジなど)は、狭くします
自動車	ドライバー	このおじいさんドライバーですが、10分くらい掛かってやっと10台の数珠つなぎトラック列を追い抜いて右車線へ戻ったのですが、その(おじいさんが運転する)クルマを追い抜くときに、70歳は過ぎているに違いないおじいさんだと確認した次第
ゴルフ	ドライバー	あるドライバーの話では、フィーリングが良いと思った走行終了後、トラブルでスタビライザーが外れていた事があったほどだ(スタビライザーは調整は可能だが外すのは禁止)
工芸	ドライバー	【必要工具】プラスドライバー、金槌、スパナ(2本)・もしくは、スパナ1本+11インチレンチ【組立て時間】工具さえあれば女性でも組立て可能です(20〜30分程度)
ゴルフ	ドライバー	いかにも「流行遅れのクラブ」という感じですが、普段の練習通り、SWと9番アイアンそれにドライバーだけを練習クラブ入れにしまって、ゴルフ練習場へ
自動車	ドライバー	レギュレーションとも絡むけど、ドライバー一人につき、1レースに1エンジン、のレギュレーションと、エンジンを積み替えた場合強制的に順位を10位落とす、つーのもまあなんだ、下位チームにとっては一種バクチが打てる余地が出来たって事なのかな
自動車	ドライバー	私は特に交差点部の信号や、信号のないところの交差点部に直近するところへの長時間停車・駐車で、子供たちなどの影がドライバーさんに見えないことによる事故の記録がとりわけ月島は非常にありまして、実際に事故が起きるという事例もありますから、私はこういうことで、その意味での違法的な状態の駐車・停車を厳しく取り締まるということ自体は、私は大局的に見て積極面もあると理解します
工芸	ドライバー	はさみ工具(レンチ・ドライバー)が、WEB上の画像ではモニターにより色の見え方が実際の商品と異なることがございます右利き用できるだけ忠実に再現するよう努力していますエグリ刃薄板切鋏 (247
自動車	ドライバー	捜査関係者によると木村容疑者は先月21日、甲府市北口3丁目の市道で、60代の男性ドライバーを運転席から引きずり出して軽いけがをさせた上、乗用車を奪った疑いが持たれている
自動車	ドライバー	再会した女に秘密あり」 土曜ワイド劇場タクシードライバーの推理日誌スペシャル◇元敏腕刑事のタクシー運転手が、東京と宮崎で発生した殺人事件の謎を追う
工芸	ドライバー	チェックをしようと 車載工具を使ってウィンカーレンズを外そうとしたのですが、なんと、 付属のドライバーは太くてウィンカーレンズのネジを回すことが出来ません
工芸	ドライバー	基本的な工具(ドライバー、六角レンチ、スパナ)があれば作業は出来ますが、中にはネジ止め剤で固定されているものもありますので、ネジをなめたり折ったりしないように注意が必要です
ゴルフ	ドライバー	例えばドライバーですが、ヘッドだけ見ても大きいヘッドの方が使いやすい人、小さいヘッドの方が使いやすい人と分かれるでしょうし、シャフトもしなりが大きい方がいい人、あまりしならない方がいい人と分かれるでしょう
ゴルフ	ドライバー	フェアウェイがタイトであったりハザードが戦略的配置されたコースも確かに面白いが、アマチュアにとってゴルフの一番の醍醐味は何と言ってもドライバーショット
ゴルフ	ドライバー	■ SLEルール適合クラブツアー性能―その性能のすべてを搭載して誕生した、MP初のフルチタン鍛造ドライバーMP CRAFT 425そのフォルム、その飛び、その打感は、プロはもちろんのこと、アマチュア上級者たちを美しさと力強さで圧倒します
自動車	ドライバー	久々(ヒサビサ)、休日(キュウジツ)に高速道路(コウソクドウロ)を走った(ハシッタ)ら追い越し(オイコシ)車線をチンタラ走るドライバーの多さに驚い(オドロイ)た
ゴルフ	ドライバー	気持ちの良いドライバーショットも出て、 ショートホールではニアピンをゲットするなど、 まずまず快調なプレーだったのですが・・・ さすがにゴルフは自然相手のスポーツです
工芸	ドライバー	お店(農機具屋さんです)の隅にあった工具箱から お兄ちゃんが工具を選び、キックボードのネジを調整しているのを、ジーっと 見ていた日向子、自分で工具箱を開け、大きなドライバーを握って、ガシガシ
ゴルフ	ドライバー	あと、キャディーにゴルフ人生で初めて、午後のスタートホールで「お願いがあるの」と言われ「ドライバー使わないでほしい」といわれたんで泣く泣くアイアンにしたのが調子を崩した原因ですわ
ゴルフ	ドライバー	ティショットはドライバーだけでなく、フェアウェイウッドも多用しなければならず、14本のクラブを余すことなく使わせるレイアウトのすばらしさがある
ゴルフ	ドライバー	これだけ広いゴルフ場なのに・・・、この日はドライバーが好調でこのホール以外はフェアウェーを外さなかったのに・・・、たまたまこの日1回だけドライバーをひっかけて林の中に打ち込んでしまい、たまたまそこにあったロストボールが、たまたま私の使用球と全く同じメーカー、種類、番号のボールだったなんて・・・
自動車	ドライバー	聞くところによると、ドライバーはTLCから1日$100で車を借りて営業をしている ようで、売り上げは全てタクシードライバーのものになるそうです
自動車	ドライバー	・ドライバーの好みに合わせてステアリング、エンジン出力、サスペンションのモードを選択できる先進技術 「アウディドライブセレクト」や、デンマークの名門「バング&オルフセン サウンドシステム(14スピーカー)」、 電動パノラマガラスサンルーフなど、多彩なオプション装備
自動車	ドライバー	なお、韓国には外国人向けに、厳しい試験に合格した優秀なドライバーが運転する模範タクシーもあり、日本語ができるドライバーも多いので、韓国を初めて訪れる方にお勧め
自動車	ドライバー	女が自分を基準に考えた世界がコレってことだな 女は世界が狭いくせに、なんでも自分を基準に物事を考えるからね ドライバーの女性比率が今より増加したら ただでさえストレス溜まりまくりのこの渋滞・混雑状況が 一層ひどいものになる もう運転なんてしたくなくなるわ
ゴルフ	ドライバー	2番ホールは、先日師匠と話をしてドライバーでティショットをすることに決めていたので、何も考えず右すそを狙って打ったのですが、ボールはうまくドローせず、下の面まで入ったのですが、グリーンが見えないところに行ってしまいました
自動車	ドライバー	上記の様なドライバーの動きに加えて、和寒様の言われるようにETCでのクレジット払い化は、直接的現金支出の痛みが無い分一般客は値上げは違和感が無くなるかも知れません
自動車	ドライバー	自動車部門の取り組みは極めて重要であり、一人一人のドライバーの取り組みが重要でありながらも、自動車というものは一般的に使用年数が長く、改善が図りにくい分野でもあります
工芸	ドライバー	基本的には組立ができるよう、簡易なドライバー(専用スパナー)等の工具が付いておりますが、できれば 電動ドライバー(インパクトドライバー)・プラスドライバー・ボックスレンチ・水平器があれば便利です
工芸	ドライバー	この位の整備をするようになったら、ある程度の種類の工具を用意した方がよいです、 3000円未満で売っている、無名メーカー製のラチェットのセット物とメガネレンチのセット物、 ドライバーのセット物等を揃えると、大体のことは出来てしまいます
自動車	ドライバー	エンジンだけでなく、メカニズムすべての働きがドライバーへ存分に伝わり、クルマと情報をやりとりすることで「自分が操っている」という実感を強く受ける
自動車	ドライバー	Excerpt: 携帯電話を利用した外国のお客様とタクシードライバー間の意思疎通・サービス ハロー・トーキョーのタクシーにご乗車頂いた日本語を話さない外国のお客様とタクシードライバーの間で携帯電話を使用して通訳を行うサ
ゴルフ	ドライバー	Dalyが著しく長いドライバー・ショットでトーナメントに勝ったとき、Invexクラブは、空気力学的に優れたクラブということを売り物にしてはいませんでした
ゴルフ	ドライバー	ドライバーのキューんといくショットであれ、二打目がポーンと乗る瞬間であれ、長めのパットが読み通り入る時であれ、このかっちょよさを求めるなんとも、まぁナルシスティック(
その他	ドライバー	また、ユニバーサル ページプリンター ドライバーと組み合わせることで、プリンターの入替時にプリンタードライバーの更新が不要になり、異動や配置転換などでも管理者の手を煩わせることなく、快適なユーザーのプリンティング環境が構築できます
自動車	ドライバー	この前、タクシーに乗って、タクシードライバーの方が、タクシードライバーから、他の職業に転職するのは難しいと聞いたので、ちょっと質問しただけです
工芸	ドライバー	自分で用意する工具は大きめのドライバーのみ(工具が入ってると説明書に記載されていた気がしますが、入っていたのは六角レンチのみでドライバーは自分で用意しました)
工芸	ドライバー	近年、小型化が進む電子機器に対応した精密加工が求められるドライバーや扱いやすい軽量工具、絶縁工具など、どんなドライバーの注文にも応じられるネジの合鍵屋
工芸	ドライバー	2mm)/ステンレス能力=薄鉄板・高級ハイス材の刃先と強靭なバネ鋼を電子ビームでバイメタル溶接したホルソーで、今までにない、画期的な高い切削能力を発揮します・55バイメタルホルソー マーベルBL型 工具(レンチ・ドライバー)ドリルその他
自動車	ドライバー	糖尿病の治療に使っていたインスリンが原因でトラック運転中に意識障害を起こし、大学生をはねて死亡させた33歳の女性トラックドライバーに対し、広島地裁はこのドライバーに禁固1年の判決を言い渡した
自動車	ドライバー	物語は、タクシードライバーの佐藤さんがある事件に遭遇したことによって警察とかかわるようになり、そして新聞記者との接点も出てきて、てんやわんやの展開に
自動車	ドライバー	これまでは移動の道具としてよりもアクセサリー感覚が強く、新車をほぼ3年ごとに乗り替えるドライバーが多かったが、最近は家計に余裕がなくなると同時にローンも組みにくくなったため、今の車をできるだけ長く使おうとする人が増えた
自動車	ドライバー	ゴム弾性と可倒自立機構(メカニカル・オートリターン・システム)により、車両衝突時でもドライバーへの衝撃緩和、車両の破損防止などの安全性を確保できます
自動車	ドライバー	このタクシーのドライバーさんは株で生計をたててるけど、世間体を気にする両親が定職につけってうるさいから株に支障のないタクシードライバーを選んだそうです
工芸	ドライバー	家にあったスパナがたまたま合うサイズだったので それを使いましたが、一般家庭でドライバーはともかくスパナやモンキーレンチを備えて いるところは多くないと思います
自動車	ドライバー	すでに、昨年までザウバーで活躍していたミカ・サロを第1ドライバーに、マクラーレンなどに所属していたアラン・マクニッシュを第2ドライバーに迎え、ケルンのTMG(トヨタ・モータースポーツGmbH)で着々と準備を進めているという
自動車	ドライバー	悪質な交通違反の罰金や懲役刑を大幅に重くしたり、飲酒や薬物使用などの危険な運転で死亡事故を起こしたドライバーを処罰する罪の新設を考えたりと、なるほど被害者から強く要望されていた悪質なドライバーや暴走族対策などの期待にこたえるものになっています
自動車	ドライバー	このパレードは、チームランキングトップ5(両クラス)の各チームを代表したドライバー1名(計10名)がパレード専用トレーラーに乗り、富士スピードウェイのコースを1周し、コースサイドの観客へあいさつをするというもの
自動車	ドライバー	安全性に留意しつつも、ドライバーの安易なミスには容赦なく罰を与えるサーキットこそ、ほんとの意味で素晴らしいサーキットと言えるような気もするんだがな
自動車	ドライバー	全行程約500キロのうち、追い抜いたクルマは80過ぎのベテランドライバーとおぼしき人物のドライブしていた昭和時代の軽トラック1台のみでしたが、抜かれても全然気にならない不思議な魔力を持っているUAZなのでありました
自動車	ドライバー	米国海兵隊を除隊し、万年不眠状態のベトナム帰りの青年、トラヴィス・ヴィックル(ロバート・デ・ニーロ)は不眠症の改善と一石二鳥でタクシー会社にドライバーとして就職した
ゴルフ	ドライバー	ドライバーから持ち替えても違和感のない、どの番手でも同じイメージでスイングできる新バランスコンセプト「バランスフロー設計」を採用、ロング・ミドルアイアンでは球の上がりやすさと飛距離性能を追求した「飛んで止まる」クラブを、ショートアイアンでは優れたスピン性能で「狙って攻める」クラブを実現しています
自動車	ドライバー	募集職種は単発から中長期までさまざまで、チラシポスティングから店舗什器の移動、引越し補助からトラックドライバー同乗、模擬試験監督や家庭教師など、一般の日刊・週刊アルバイト情報誌では掲載更新頻度の都合で募集しづらい求人が主だった
ゴルフ	ドライバー	カップルで色違いとか・・・ ドライバー用とフェアウェイウッド用で親子とか・・・ 良かったら是非楽しいゴルフライフのお供に 連れて行ってあげて下さい http://www
自動車	ドライバー	ドライバー等が取り外して消火を行なうための内容量2kg以上の消火器を車体軸線に直角に近い状態で取り付け消火器のホルダーはボルトとナットで車体に固定されていること
その他	ドライバー	そして、10分をs器用とした瞬間だった、タイガードライバーをキックアウトされたハムスターマンはさらにリング中央付近で朝賀を捕らえると、「サンダーーーーーファイヤーーーーー
自動車	ドライバー	制動距離が長くなってしまう場合もよくあります、ですから、北 国のドライバーは基本的にアイスバーンで強いブレーキは使わず、軽いブレーキをかけます
自動車	ドライバー	右も左用と同じでドライバー側から立ち上がります ポルシェ911に慣れて いる人ならいいでしょうが、そうでなければ相当の違和感があると思います では乗り込んでみましょう
その他	ドライバー	ヤマトのストライクショットドライブショット彼の新しいBにされている漫画のアニメと後半の2番目のシーズンダマンコバルトセイバー火災と呼ばれ、これ以降コバルトブラスターになるまでカートリッジシステムとステルスショットでアップグレードされることでしょうは、コバルトブラスターコバルトブラスタードライブキャノンにRCとの変換の最終エピソードシステムとの伝説のドライバーショット
自動車	ドライバー	55人定員の観光バスに18人の乗客、ゆっくりできて乗客にとっては楽だが、ドライバー、バスガイド、PTSのスタッフが乗っているので収支的には大変ではないかと、余計な心配をしてしまう
自動車	ドライバー	ドライバーのいらいら感を払拭するとともに、通行ルートの選択による渋滞の緩和と交通事故の防止を図ることを目的として、交通情報板に所要予測時間(旅行時間)を提供しているが、4月5日(月)から、提供箇所を従来の8箇所8区間から18箇所20区間に拡大して運用を開始している
ゴルフ	ドライバー	こんなドライバーを使いながらマッスルバックのアイアンはどうかと思われるかもしれませんが、アイアンは今調子が良いので、結果を考えれば変える必要はないと思っています
自動車	ドライバー	このため、少なくとも短期的には、近年急速に増えている男性高齢ドライバーが、自動車乗車中に第一当事者となる事故が引き続き増加傾向を示すだけでなく、現時点では男性高齢ドライバーの事故の約一割程度である女性高齢ドライバーが、自動車乗車中に第一当事者となる事故も急速に増加する可能性がある
工芸	ドライバー	車検が何年残っているかはCDI交換その場合はドライバーの柄などを使ってキャブ本体をコンコンと叩いてみてください月割計算して課税または還付されますあらかじめオールシーズンタイヤを選択してはいかがでしょうかライバルが揃ってモノコックボディへ変更している中日本とアメリカを比較すると損傷があった場合は2008 レースクィーンの修理あるいは交換をする室内長は更にその上を行く175mmも拡大されているのです
工芸	ドライバー	電動ドライバー◇スパナ◇ハンマー◇ブリキ製のフタの開閉◇ワイヤーブラシ◇ビニール包装物◇充填材◇しっくい◇セメント◇ペンキ◇マスキングテープ◇壁紙◇接着剤◇ペンキ缶◇ハケ◇ローラー◇左官用のコテ◇シャベル◇はしご◇巻き尺◇クリック音◇蛇口◇ガラス板の切断◇ほか
ゴルフ	ドライバー	先日のゴルフはやはりドライバーが当たっていなかった、使用しているクラブは20数年前に日本で初めてメタルウッドを作ったマルマンのdangan、ヘッドの大きさはスプーンより小さめで、同伴メンバーからは今時そんなクラブを使っているから当たらないと言われ続けてきたが、カーボンシャフトで軽いクラブはどうも相性が悪く、今までに試打した限りでは決して良い印象では無かった
工芸	ドライバー	LEDの点灯はドライバー本体の手前にある灰色のスイッチでON/OFFさせます、一度押せば点灯し、次に押すまで点灯し続けますから作業をしている間はそのまま照らし続けてくれます
ゴルフ	ドライバー	ドライバーは試打に試打を重ねて最新型を入手し、アイアンは知り合いから程度のいい中古を譲って貰い、パターはセルヒオ・ガルシアと同じモデルを選んだ
自動車	ドライバー	そのとき、ドライバーは通常の運転の限界を超えた領域で、曲がっていく方向とは逆にハンドルを切り、非常に高度なバランスをとってクルマをコントロールすることになる
自動車	ドライバー	期間中、対象商品についている“専用送り状(無料)”を、不用になりましたスーツケースに貼り、指定の佐川急便に連絡していただくと、佐川急便のセールスドライバーがお客様のお宅に引き取りに伺います
工芸	ドライバー	不器用と思われている知的障害者ですが、時間をかけて指導することにより、冷蔵庫や洗濯機などの家電製品を、ドライバーやペンチ等の20種類ほどの工具を使い、手際よく分解することができるようになり、2年もたてばすっかり一人前
工芸	ドライバー	とりあえず必要なのが、 充電とパソコンとの接続のためのクレードルと パソコンとデータをやり取りするための、PalmDesktopというソフトウェアと、ドライバーです
工芸	ドライバー	ドライバー工具すべてのカテゴリー和書洋書DVDミュージッククラシック音楽楽器TVゲームPCソフト家電&カメラ文房具・オフィス用品ホーム&キッチン食品&飲料ヘルス&ビューティーコスメベビー&マタニティおもちゃ服&ファッション小物シューズ&バッグジュエリー時計スポーツ&アウトドアカー&バイク用品DIY・工具
工芸	ドライバー	透明プラの部分はどうも劣化が早くすすむようで、上記のふた上部とバラそうとしてネジをドライバーではずしたら、3つのうち1つは穴がボロボロでネジまわりの部分が欠け落ちてきてもうネジがはいらない状態
ゴルフ	ドライバー	プレシーズンマッチのための選手たちの移動は明日の午後の予定ですが、それに先立ち、選手個人の荷物や、ウェアやボールなどのトレーニング用具一式を乗せた、おなじみドライバーの伊藤さんが運転するトラックが青森に向け出発しました
自動車	ドライバー	全国各地の高速道路の主要サービスエリア(SA)・パーキングエリア(PA)31ヶ所に当社12営業店を加えた計43ヶ所にチェックポイントを設けて、車両の整備状況を点検すると共に、全ドライバーに対して体調面の確認等の中間点呼を実施
ゴルフ	ドライバー	ドライバーの飛距離抑制でクラブの規制が始まったが、プロの300ヤードはともかく、アマチュア・アベレージゴルファーのドライブディスタンスも20世紀のパーシモン時代の平均190~200ヤードに比べて、20ヤードは確実に伸びている
工芸	ドライバー	しかし、最低限の品数で構成される車載工具のドライバーは、軸の両端がプラスとマイナスになっていることが多いのですが、これ1本では、バイクに使われている全てのネジの番手をカバーできないことを憶えておいてください
工芸	ドライバー	必要工具: 必要工具はM5・M6・M8の6角レンチ・同スパナ・+ドライバー・その他金ノコ・ヤスリ・カッターナイフそして塗装 用にお好きなスプレーカラー等
自動車	ドライバー	なんでも「5月3日の日曜深夜のうちにクレーンでつり上げ、翌朝月曜の午前6〜11時半の間だけ、高速道路を朝の通勤で走り抜けたドライバーらの目を楽しませた」(電通報、2009年6月29日)なのだそうです
その他	ドライバー	試験を受けてそのまま繁華街に繰り出したので、 ドライバー、プライヤー、ペンチ、ニッパ、一見何に使うのか普通の人には分からないであろうワイヤストリッパー、 極めつけは電工ナイフを持っていたからして、 何かのタイミングで職質を喰らって荷物を改められたらヤヴァかったかも(^^;;
ゴルフ	ドライバー	6月22日 名取ゴルフガーデンコンペ(89名参加)表蔵王国際GC・東コーススタート・白マーク17日、21日とホームコースの仙台空港CCでラウンドはしていたのですが・・・やはり、FBからだとドライバー、力んでしまい・・・2日間ともスコアは92
自動車	ドライバー	私も今回、東京からヨメの実家に帰省したついでに走ったのですが、正直最初はドライバーの認知度を心配したものの、実際には一度もクラクションを鳴らされることはありませんでした
その他	ドライバー	カスタムI/O(コードネーム:kasumi)に対応してはいるが、認識はすれども使い方が分からないらしく、いちいち有志の作ったドライバーをダウンロードして教え込まないと使ってくれない
自動車	ドライバー	この峠は峠の先の大谷町の人からは「ここで一度コースアウトしないと一人前のドライバーとは言えない」と揶揄されるほどの難所で、珠洲トライアスロンではバイクコースで「この峠を登る事ができれば何処のトライアスロンでも完走できる」と噂されるコースです
自動車	ドライバー	“KONDO RACING”は若手ドライバー育成に力をそそぎ、日本のレースチームとして初めて親子を招待しての交通安全イベントを開催するなど、積極的な社会貢献活動を行っています
自動車	ドライバー	運転が無謀なのか慎重なのか、車はスピード第一の設計かそれとも戦車のような頑丈さなのか、毎日数百キロを運転する職業運転手か日曜にちょっと買い物をするだけのドライバーか(※)等々である
自動車	ドライバー	ある日、麻薬取締局からモロッコからスペインのマラガに持ち込まれた麻薬を運ぶドライバー、“ゴー・ファースト”として潜入することを命じられたマレクは、過酷な訓練を終え、スペイン側の組織の信用を得て潜入捜査官となる
ゴルフ	ドライバー	遠くに飛び、大きく円を描く飛びを実感していただくという思いを追求した結果、NEXGEN ドライバーは、フェース周辺の超薄肉構造にた どり着きました
自動車	ドライバー	日野自動車とミヤマ株式会社は、運行中にドライバーへアドバイスを行い、また運行後はドライバーの運転状況を管理者へ伝えることで、省燃費運転のサポートをしてくれる「日野ドライブマスターPRO」を開発し、4月3日に発売すると発表しました
自動車	ドライバー	サポート内容は、ドライバーとナビゲーター(レース中は規定の靴を着用する規則があるためレース外において)の5名とメカニック6名の全メンバー11名へ、メレルの“RACER”モデルのシューズを提供しています
ゴルフ	ドライバー	ドライバーはダウンブローと左腕主導を意識してスウィングし、中コース1番でフェード気味に良いショットとなったものの、2番4番ではスライスさせて計3回のOB
工芸	ドライバー	はさみ工具(レンチ・ドライバー)その品質の優秀性は“世界の金切鋸刃界の王者”の名にふさわしく、世界のプロユーザーで圧倒的な支持と絶大な信頼を得ていますハンドソーは世界最大の特殊鋼メーカーのスウェーデン鋼を素材に、特殊な焼入れ加工により開発された画期的な金切鋸刃です
ゴルフ	ドライバー	学生時代に鍛えた体から飛び出すドライバーショットの凄さ、プロに勝るとも劣らない飛び、本当にダイナミックゴルフという名に相応しい人だと思いました
ゴルフ	ドライバー	昨日初めて買ったドライバーも全く練習もしていないほとんどぶっつけ本番だったが、18ホール中3ホール程は気分の良いショットを打つ事も出来たので、スポーツを今まで色々やってきたけど基本が大切であり柔道の打ち込みと一緒で後は練習しかない
工芸	ドライバー	他には、スパナやメガネレンチ、ドライバー、プライヤーなど、あくまで、トラブル時に困らない程度のラインナップですが、工具自体の精度は決して高いものではありません
工芸	ドライバー	分解して十字キーの下のネジで留まってる部分を削れって書いてたけど、あれ三角ネジ使ってて簡単に空けられんや〜ん、という事で三角ドライバー調べたらハンズ通販で1000円ちょいで買えるとか書いてるけど、実は京都のミニカーショップで100円位で売ってるそうな
自動車	ドライバー	ついでにもう一個、各ドライバーのキャッチ、ウェバーの「オーストラリアの英雄」はまあ失笑で済むけど、ミハエルに「落日の赤い皇帝」ってのは、そりゃいくらなんでも失礼ってもんだろう
工芸	ドライバー	小学生の頃から肌身離さず持っているスイスアーミー、ナイフはもちろん、ハサミ、ドライバー、栓抜き、桐、ペンチ、千枚通し、ワインオープナー、ノコギリ、やすり、針金切り、毛抜き、ボールペン、缶切りなど用途は無限にある、持っているのが当たり前で逆に持っていないと不安なぐらい日常の生活に大変必要な物である
自動車	ドライバー	また、ロンドンのタクシードライバーの海馬体積 (記憶に関連する脳領域とされる)が普通の人よりも大きいということは知られているが、実はそれは不正確であり、海馬の下位領域によっては普通の人よりも小さくなっている部分があるらしい
ゴルフ	ドライバー	ゴルフをしている人にわかりやすく言えば、たまたまドライバーを純正シャフトがRかSかもわからないまま、自分の球筋関係なくあるままをスイングしていたようなものです
ゴルフ	ドライバー	ドライバーも練習三回目、以前のアメリカン倶楽部の製品との差も歴然と違うわけでは無いが、打感も良くミート感も上がってきた、今日の終わりは二十球ほど打ち続けたが、後半はミスショットも少なく連続で良い当たりが出たのには驚いた、やはり如何に力を入れずに振り抜けるかだ
ゴルフ	ドライバー	【ゴルフ動画】横峯さくらのドライバースイング/2008リコーカップ 2008年国内女子ツアー最終戦、リコーカップでの横峯さくらのドライバースイングです
自動車	ドライバー	このような悲劇を起こさないために有効なのは、前方の障害物を感知してドライバーに警告を促したり、警告をしてもドライバーから操作がなければクルマ側でブレーキを掛ける「プリクラッシュセーフティシステム」である
自動車	ドライバー	日本国内のみならず、世界選手権をはじめ海外のビッグレースにも積極的に参戦しているTRF(タミヤ・レーシング・ファクトリー)のドライバー、前住諭
工芸	ドライバー	同署の調べによると、男は4日午前2時55分ごろ、市川市行徳駅前の鮮魚店の裏口ドアをドライバーでこじ開けて店内に侵入し、 刺し身や厚焼き卵などを盗んだ
ゴルフ	ドライバー	宮下、山本、谷口の三人はお互いに負けまいと頑張り続けるも、宮下はエスコートに気を使いすぎたのか何時もの調子でない様子で得意のドライバーのロングショットが湿り勝ち、 おまけにパットの決まりが悪く3パット二つ4パットが一つのIN合計20パットでスコアは43
工芸	ドライバー	ネジで止っているタイプはネジを外して電池を交換しなければならないのですが、この時にドライバーやピンセットの金属部分が新しい電池に触れたりすると放電してしまい、新しい電池が使い物にならなくなる恐れがあります
工芸	ドライバー	待機要員:ドライバー、プライヤー、レンチ、ニッパ、ハンマー、カッター、巻き尺、のこぎり、きり、油、電動ドリル、ビニールテープ、ガムテープ、延長コード、ぞうきん、ティシュー、鉛筆、メモ用紙、針金、釘、フック、接着剤
工芸	ドライバー	ご家庭にある工具(レンチ、ドライバー、ペンチ等)で出来ますが、自分で数mのケーブルの長さ調節ができるタイプでしたら、プライヤーがあると端子の取り付けが簡単かと思います
ゴルフ	ドライバー	谷口と片山はコースの長さに音を上げていたのとは対照的に、ドライバーの平均飛距離が274・5ヤードで、予選を通解した80人中最も飛ばない今田は「長いパー4でもグリーンの近くまで持っていけば何とかなる」と、飛距離のハンディは感じていないようでした
工芸	ドライバー	スペアを取りつける際、本体からはずす、新しいものをつける作業は、ネジをドライバーでゆるめたり・締めたりになりますが、場所が奥まっていたり、少しサビがあったりで、長期間の間にはネジの頭のみぞがつぶれる恐れがあると思います
ゴルフ	ドライバー	H夫人の進歩ぶりに目を見張るものがあった 特にドライバーショットが正確に出来るようになったことです 最も夫婦とも良く練習をしている きよごんさんショットは良かったがパットで苦労していた
ゴルフ	ドライバー	クライアントさんをゴルフ場に送り届けた昼過ぎ、ようやく4時間程落ち着ける時間を勝ち取った新米ドライバーはゴルフ場のレストランでランチを食べると、馴れない現場から来る、妙な緊張感から、激しい睡魔に襲われ、そのまま夢の世界へ、、、、
工芸	ドライバー	初回の時 工具が無かったので ドライバーを差し込んで 廻しましたが 危なく取りつけボルトを 損傷するところでした・・・・・やはり工具は買わないとネ
その他	ドライバー	「機種に依存しない PCI ドライバー」を見てもやっぱり製品名は出てないので、ドライバディスクの中を見てみたらLinuxとFreeBSD用のドライバのソースが入ってた
工芸	ドライバー	薬品分析器、各種探知機(メタル・シーカー2001、放射線探知機など)、一般工具類(ドライバー、レンチなど)、発煙筒×2、医療キット(各種ワクチン、簡易外科キットなど)、サバイバルキット(各種環境に対応した、地図、衣類、食料など)、マチェット×1、発掘用工具類(シャベル、鋤、はけ、など)、登山用装備類(ロープ100m、ハーケンなど)、金属探知機、スルー・ウォール・レーダー
自動車	ドライバー	自動車保険のモア・ザン社が発表した調査結果によると、ドライバーの5人に1人は「運転中、集中しているのは75%以下だ」と答え、120万人が主にセックスについて考えているという
ゴルフ	ドライバー	Bグリーンの場合、ドライバーが会心だと2オンも可能だが、フェアウェイは微妙につま先下がりで右はOBがせり出しているし、グリーンも砲台なので力みは禁物
ゴルフ	ドライバー	このお客さんのキャディバックには3本のドライバー、どれも最近飛距離が伸びると話題のクラブばかり、スタートホールでぶんぶんドライバーを振り回して、「キャディさん悪いね今日はプライベートだから16本入っている、いろいろ使って見ようと思ってね
自動車	ドライバー	池に取り囲まれた2棟の切妻屋根の展示館は、いつ見ても素晴らしいのですが、余計なことに、ここに来る度に、厳しい労働条件で仕事をするドライバーとこの景色の格差の大きさが思われてなりません
自動車	ドライバー	このパターンだと山野→佐々木と佐々木→山野、2パターンのドライバー交替もシミュレーション出来るから、どちらがスタートドライバーになってもOKという訳だ
自動車	ドライバー	これは、平成六年五月の道路交通法の一部改正で免許証更新期間が五年に延長され、いわゆる優良ドライバーの更新の時期が平成十一年度に集中したため、1の自動車運転免許手数料のうち、免許証更新件数の減少が見込まれることが主な理由でございます
自動車	ドライバー	スマイルタクシー(道南ハイヤー)のドライバーは函館の観光のプロをめざして、北海道観光マスターおよび、はこだて検定の受検を 積極的に行っています
自動車	ドライバー	(特に必要性も感じませんが)車が必需品で、走る距離も長い北海道のドライバーは揮発油税や自動車関連税も多額に負担をしているはずですが、はたしてその見返り度合いは如何なものか
工芸	ドライバー	ネジ・クギなどが入れられる小物スペース、ドライバー・ペンチなどの差し穴、コード巻き、移動に便利なキャスター(内2個はストッパー付き)などが付いています
自動車	ドライバー	B・A・RHondaのもう一人のドライバー、ジェンソン・バトンはウィリアムズへの移籍を噂されていますが、ウィリアムズのエンジンは2006年以降コスワースが供給することになっており、バトンはこのまま在籍を希望する可能性が高い(コスワースのエンジンは実績があまりないため)
自動車	ドライバー	主要の幹線道路は勿論、市販の渋滞・抜け道地図にも掲載されていないような渋滞地点や抜け道を投稿して、他の利用者(ドライバー)にも役立ててもらうマップです
ゴルフ	ドライバー	ドライバーがフェアウエーを捕らえて、2打目はスプーンだったのですが、フォロー風に乗ってグリーン手前の花道から転がってピン手前5~6メートルの絶好ポジション
工芸	ドライバー	一般に金物業界は4分野にて構成されており、家庭金物とは鍋、釜、魔法瓶等を指し、また利器・工具とは金槌、鋸、ドライバー、ペンチ等を指しますので、当社の事業領域と重複することはありません
その他	ドライバー	過剰な期待をしすぎてしまったのか、ドライバーさんのノリがいまいちでちょっとがっがり・・・でもYATARAパイのお店で合流したシンジ君のおかげですっかり和みました
工芸	ドライバー	以前のように台が木製ではなくウレタンに代わったため、しっかり台を立てた状態でねじの調節をするのではなく、ドライバーを使わなくてもねじが十分に締まるので、私のテーブルではドライバーを使わずナットを手で回す子どもがほとんどあったため、表のことと忘れて裏から必死で回していた為と思われます
工芸	ドライバー	その改装するに当たって仲良くしている大工が、ラインタヤーに引っ越していたそうで、その日はかなり残業してもらったので、若い方のドライバーと大工をラインタヤーまで送ることにした
自動車	ドライバー	ドライバーがよくなったと思ったら、アプローチとパターが悪くなっちゃうんだものな」と嘆いた青木、なんとか15位以内に食い込んで来年の出場権だけは確保したいと気負ったが、1、2番の連続ボギーでその夢も消えた
自動車	ドライバー	当時のフォーミラミラージュチーム員 左から中田事務局長、箱崎メカ、 ドライバーの吉田雅美氏、中央下が大塚チーフメカ 注) 本稿はもともとCMSCとしては最も新しい「南茨城」のクラブ員向けに、自身が属するクラブの生い立ちを覚えておいてもらいたいと
工芸	ドライバー	根元のビス(ピン)を外すときは、マイナスドライバーでEリングを外してから、プラスドライバーとスパナ(メガネレンチがあればなおベター)で緩めます
工芸	ドライバー	セット内容: ナイフ(大)、缶切り、プラスドライバー、はさみ、ペンチ、ルーペ、マイナスドライバー(大)、栓抜き、糸抜き、ウロコ取り、魚の針外し、スケール、のこぎり、ヤスリ(荒目)、ヤスリ(中目)、ヤスリ(細目)、ナイフ(小)、ピンセット、つま楊子、キーリング、精密ドライバー、コルク栓抜き、マイナスドライバー(中)、マイナスドライバー(小)、穴あけ・穴仕上げ、糸通し
ゴルフ	ドライバー	ルゴルフボールは、ドライバーで打った場合毎分3000回転ものスピンが生じますが、このディンプル効果によって、定まったコースを規則正しく、しかも遠くまで飛ばすことができるのです
自動車	ドライバー	あふれんばかりに金をつぎ込んで来るチームと、いろんな意味で厳しいやりくりをしながら、有望なドライバーを発掘してくるチームがいい具合に共存できる世界が自分にとっての理想のF1(フェラーリだのマクラーレンだのがブイブイ言わしてる陰で、ミナルディが楽しそうにレースに参加してる、ようなF1が好きなんだ)なんだけど、この予算制限はそういう世界を作るための装置として機能してくれるのかな
ゴルフ	ドライバー	まずは、去年の後半のドライバー絶不調をニュードライバー購入で乗り越え、アイアンの飛距離不足に対して、人生初のフルスペックオーダーのアイアンを発注済み(^^)v
その他	ドライバー	5 ・検電ドライバー、ブラックシャフトハンマー(バール付)、コンペックス(巻尺)、ビニールテープ、中目ヤスリ(平形)、大型カッター 木ネジ(ケース入り)、はんだゴテ(キャップ付)、はんだ、ペースト、メタルケース
その他	ドライバー	炭素鋼にタングステンやクロムを添加して熱処理特性、耐摩耗性を改善した鋼で永切れします」 :青紙1号鋼使用鋼常三郎】:【鉋職人 播州三木打ち刃物包堀)80MM(白樫・(ひだりうま)左馬常三郎 工具(レンチ・ドライバー)
自動車	ドライバー	そのほかドライバーがお腹が空けば「ここまで」とか、オシッコとか、パンクとか、「金返すから、ここで降りて」というのもありますし、「仕事終わったから、金は要らない
ゴルフ	ドライバー	ドライバーがほとんどまっすぐにとび飛距離も約220yとんだのですが、2打目アイアンやフェアウェーウッドがあたらず51のスコアをだしてしまいました
ゴルフ	ドライバー	ドライバーやアイアン、ウェッジやパターなど長野県の各中古ゴルフクラブショップによって値段なども異なっていますので、よりお得で激安価格のクラブを販売している中古ゴルフショップ
自動車	ドライバー	)と言って、車の走行状態とドライバーの意思をコンピューターが判断して、4輪ブレーキ制御とエンジンのトルクダウン制御により、車がアンダーステア(外に膨らむ
その他	ドライバー	キン肉マンのキン肉ドライバーを破るなど実力を見せ付けましたが、最後には愛馬キッドの助けを得たキン肉マンによって切り札マッスル・インフェルノを破られ、未完成の奥義マッスルスパークを食らって敗れたのでした
ゴルフ	ドライバー	スタートではみきチャンにドライバーで2オン圏内に運ぶのを見せ付けられたが、冷静に3ウッドで確実にフェアウェーをキープし、2打目も得意のアイアンで確実にボールを運ぶ等、今までにないくらい堂々とした感じで「ニュー梓」を印象付けてくれたな
工芸	ドライバー	2mm)/ステンレス能力=薄鉄板・高級ハイス材の刃先と強靭なバネ鋼を電子ビームでバイメタル溶接したホルソーで、今までにない、画期的な高い切削能力を発揮します・50バイメタルホルソー マーベルBL型 工具(レンチ・ドライバー)ドリルその他
ゴルフ	ドライバー	ドライバーで「距離のコントロール」するよりも、3Wで「フル・ショット」のほうが、良さそうで、最近のトーナメントでも、そのようなショットを、良く見かけますので、ウッドでは「フル・ショット」で、どうしても「3W」より飛ばしたいが「計算出来ないラン」を、出したくない時には、ティーを低くして「シッカリ振り抜き」キャリー・ボールを期待する事が、良さそうですね
工芸	ドライバー	(※1→本来ならば、スワンのネジ山は*の彫り込みで、専用ドライバーは500〜1000円で販売されていますが、ここでは100円ショップで売っている精密ドライバーセットの−ドライバーで代用致します
工芸	ドライバー	シールプッシャー、シールドライバー、シールハンマー・・・などなど、メーカーによりいろんな呼び方があるようですが、要するに、フロントフォークのオイルシールをフォークのアウターチューブに圧入するための特殊工具を買いました
自動車	ドライバー	それは、福祉限定タクシーのドライバーはホームヘルパーの資格と2種免許が必要条件であり、高齢者や障害者と関ってきた人が多く、乗車する人の立場になり、運転や介助等を行なっているからです
自動車	ドライバー	日程の変更が天候面を根本的に変えるとは思わない」 タイヤに厳しいとチームやドライバーは大変でしょうが、前回のカナダGPはピット戦略とか見どころがあって楽しかったですけどね(*^o^*) フェラーリもかなりアップデートしてくるみたいだし
工芸	ドライバー	デジタルテスター、ハンダ(ヤニ入り太さ1mm位)、半田ごて(60W位のもの)、ラジオペンチ、ニッパー プラスドライバー(#2)、カッター、ピンセット、六角ナット回し(5
自動車	ドライバー	黄色い花畑、大輪鮮やか 阿波市でヒマワリ7500本 阿波市阿波町南整理の県道・鳴門池田線沿いで、ヒマワリ約7500本が見ごろを迎え、近くの住民やドライバーらの目を楽しませている
工芸	ドライバー	例えば、使われているネジのほとんどはドライバー要らずのロレットネジ(手回しネジ)で、拡張カードのブラケットや外側カバーの取り外し、ドライブベイの取り外しも一切ドライバーが必要ない
自動車	ドライバー	マッサの事故の後、フェラーリのテストドライバーだった(イタリア人の)バドエルが正ドライバーに昇格していたのだけれど、あまりにも遅いので、とうとう他チームからフィジケッラを譲り受けることになりました
工芸	ドライバー	PS3のHDDを交換する際にネジをドライバーで開けなければならないのですが、そのネジがとてつもなく弱いため普通に取ろうとしてもネジ穴を潰してしまいます
その他	ドライバー	今回のメンバーはドライバー:史上初狂豚むぎりん、ナビ:私豆子、笑われてなんぼの人生を歩む(自分でそう言ったんだもん)DV妻・ばさこ、味見してからやないと人に勧めたらあかん(
ゴルフ	ドライバー	このたびの同アワード発表に伴い、6部門(ドライバー、FW・ユーティリティ、アイアン、ウェッジ、パター、ボール)のそれぞれトップ3のアイコンをゴルフ用品を取り扱うオンラインショップに対し提供するほか、アイコン掲載および「my caddie」リンクを設置したオンライン
工芸	ドライバー	ねじ4本で何か排水口部分に部品がとりつけられているので、これをはずさないとダメなのはわかるのですが・・・ドライバーが小さすぎて・・・ねじがまわらない
自動車	ドライバー	阪神西宮市内を中心に、このデザインの阪神タクシーが7台走っているファンにとっては垂涎の的であり、またドライバーも、この車に乗れるのは最高らしい
ゴルフ	ドライバー	ドライバーは、出だしの西コース1番でスライスさせ深いラフに入れてしまいましたが、その後はほぼストレートボールで飛距離も出て、5番・6番・7番は連続でフェアウェイど真ん中に飛ばすことができました
工芸	ドライバー	ͤ 昨日はドライバーについて勉強しましたが Ԥ 、今日はレンチ、スパナ、プライヤ、ペンチ、ボルトクリッパについて、昨日より少し幅広く ƺ 勉強してみましょう
工芸	ドライバー	【産業上の利用分野】本発明は、ドライバーユニットのねじ締め可能な位置に製品を移動して、製品のねじ結合部にドライバーユニットによりねじ締めする自動ねじ締め装置に関する
自動車	ドライバー	また、昨年一年間の全交通死亡事故の約半数は若者が関係しているところから、これら若者ドライバー対策の見地からも、将来、車社会の一員となる高校生に対する交通安全教育は必要不可欠であると考えております
工芸	ドライバー	(自分の場合、なぜか全て自宅の工具箱にそろっていたw)まぁ、カウル類を外すならドライバーとラチェットレンチのソケットセットで十分対応できると思います
自動車	ドライバー	しかし道の駅と間違えてトイレを借りに来る観光客が多く、入口前で旅の日記を書いていると、何人ものドライバーがトイレを借りにやって来て、ドアが開いてなくてトイレを断念して戻っていった
自動車	ドライバー	末期は出張所としては機能しておらへんし、青森線や下北交通が受託するやまと郵政公社の郵便線路(輸送トラック)「青森西・むつ線」ドライバーの休憩所となっとったちうわけや
工芸	ドライバー	取扱商品もドライバー類も機械向けで、そのほかメガネやヘックスなどのレンチ類、ユニバーサルジョイント、トルクレンチなどのほか、工具キャビネットなどの取扱をされているので車いじりや単車いじりの人のための工具専門店と言えます
工芸	ドライバー	なめたネジはずしビット3本組 1790HANEXビットを手回しドライバーとして使える手回しハンドル 40ANEX摩擦増強 ネジすべり現象を防ぎます
自動車	ドライバー	キャンペーンのほかにも 運転適性検査(うんてんてきせいけんさ)を 行(おこな)い、ドライバーに 運転(うんてん)マナーを 再確認(さいかくにん)してもらいます
工芸	ドライバー	かつては、鍵をペンチで壊したり、ドライバーでこじ開けたりする手口が主流でしたが、「やすりは百円ショップで入手でき、持っていても怪しまれない」と急速に広まっているということです
自動車	ドライバー	ホテル送迎、日本語ガイド(日本語ガイドが付かないコースの場合は英語ドライバーのみとなります)、オーストラリアファミリーからの写真付きカード(後日ご自宅郵送いたします)、3コースディナー、コーヒーまたは紅茶、ソフトドリンク
自動車	ドライバー	例(たと)えば首都(しゅと)圏(けん)のドライバーからすると、とっくに償還(しょうかん)が終(お)わってるはずの首都(しゅと)高(だか)とかがいまだに金(きん)を取(と)られるうえに、もう値上(ねあ)げまでされているとか、そういう話(はなし)も聞(き)くが、何(なに)か反論(はんろん)はあるのか
自動車	ドライバー	タクシー会社というと、管理を行う本社機能とドライバーとが完全に分化しているのが通例ですが、運転する側が自らリーダーシップを持って管理も担うというのは非常に斬新だし、理にも適っていると考えました
工芸	ドライバー	【0008】本発明の目的は、製品が多機種であってもねじ締めのためのドライバーユニットの高さ調整に時間がかからず、さらに製品をドライバーユニットのねじ締め位置まで自動にて搬送して、ねじ締めできる自動ねじ締め装置を提供することである
ゴルフ	ドライバー	ONOFFのドライバーはゴルフ雑誌の試打インプレッションでもかなりの高評価を獲得しており、明治ゴルフセンターでも前回の試打会で試打されたお客さまにはなかなか好評でした
ゴルフ	ドライバー	30ヤード前後のアプローチで相変わらずピンに寄らず、3本シャンクが出たりといまいちでしたが、ドライバー・アイアン・パターが調子よく、とうとう100切り達成だなと余裕をぶっこいていたところ、ラスト2ホールで16打も叩いてしまい、結局ベストタイの100でした
自動車	ドライバー	タクシードライバーやトラックの定期便、自家用車のお客が多い店の場合、花見やゴールデンウィーク、紅葉など行楽の時期に、ガイド雑誌や地図などを多種多様に売ったりしている
その他	ドライバー	「オートマチックのSIドライブは、エンジンとミッションの両方を制御しているけれど、マニュアル用はエンジンだけを制御して、ドライバーはマニュアル・ミッションで自由にギアを選んで走りを楽しめる
ゴルフ	ドライバー	今日は沼津卸団地のゴルフコンペに参加してきました、2ヶ月に1度開催され昨年から仲間入りさせて貰ってるのにヨットの出航と重なり欠席が続いてました、久しぶりの参加です、2人の同級生の息子がメンバーにいましたが若さって素晴らしいですね・・・ドライバー、アイアンショットもの凄い飛距離です1打分位はいつも置いていかれました、悔しいより賞賛の気持ちの方が大きいかった
工芸	ドライバー	」と 取り出したのは木彫りのドライバー・・ 「ゴルフキングであり大工キングだからー」・・あぁあぁ・・・ お次は「これがねーパター」・・そ、それは・・・ 犬小屋対決のときに作った杖じゃないか・・
自動車	ドライバー	そのせいか、車のドライバーは往々にして横柄だ」と分析、「中国では、赤信号は直進車に対してで、右折、左折車は、状況に応じて赤信号でも交差点に進入してくることがある
自動車	ドライバー	プロドライバーの運転するレーシングマシンに同乗し、国際レーシングコース(フルコース)時速200kmの世界を堪能いただけるレーシングエクスペリエンス、そしてカートを自分で運転して国際レーシングコース(東コース)を走行できるサーキットカートを特別営業します
自動車	ドライバー	赤い液体を避けながらも、ヒ〜ヒ〜火を噴いて食べる我々日本人スタッフを横目に、現地の中国人ドライバー&若い女性スタッフは、「味がしない・・・」と、不服そう
工芸	ドライバー	・各種工具などのアクセサリー(スパナ・ドライバー・ワイヤーカッター・油差し・ハンマー・ラチェットセット・モンキーレンチ・金やすり・工具箱・バーナー・オイル缶・ジェリ缶)も付属
ゴルフ	ドライバー	2Hめからはドライバーがよくあたり、ロングホール2打目5番ウッドもうまくあたり、パーオンがかなりあったとおもうのですが、パターが性格のせいでしょうか
ゴルフ	ドライバー	一般にゴルファーにはソフトなフィーリングが好まれているため、ドライバーやパター打時の衝撃力をクラブにセンサーを仕込んで測定し、比較値として示す
その他	ドライバー	[セイブ・ザ・ワールド][ファインディング・ニモ][ハリウッド・ミューズ][ハリウッド・トラブル][ブロードキャスト・ニュース][殺したいほど愛されて][トワイライトゾーン 超次元の体験][タクシードライバー]
自動車	ドライバー	施策的経費では、「安全安心まちづくりパトロール事業」のほか、継続事業として、「シルバードライバー支援事業」、「不法入国・テロ防止対策事業」、「交通安全やまぐち推進事業」などである
自動車	ドライバー	この通り(市道富士見鶴見駅線)には、この店とすぐそばにあるのりくら、そして、少し離れたところにあるニューラーメンショップといった人気店があり、昼時は多くのドライバー達で賑わっている
ゴルフ	ドライバー	練習をサボるとダメです 特にFWとドライバーは、相変わらずボロボロっす まぁ、アイアンはそこそこ当たるので アイアンとウェッジとパターさえあれば、ゴルフはできますけど いっその事
ゴルフ	ドライバー	次に、今回一緒にラウンドさせて頂いた、というか、いっしょにワイワイいいながら楽しんだメンバーですが、まず松村さんは、2年前からすると、ほんとにドライバーがよくなっており、アイアンにいたっては、僕と番手が2番手違うので、楽に振り切れているようで、随所にナイスショットを出されていました
自動車	ドライバー	「交通事故で対象が歩行者と車の場合、車がほぼ100%の過失がありますが、たとえば信号無視して渡っていたような歩行者に信号を守っていた車が接触してしまったような場合でも、車のドライバーは責任を問われるんでしょうか
工芸	ドライバー	今回の作業で一番大変だったのが、クランクケースカバーのネジを緩める事で、25cmのダルマドライバーを金槌でいくら叩きながら回しても、びくともしませんでした
ゴルフ	ドライバー	パターを替えるといつもパットが良くなるとか、ドライバーを替えるとコンペでいい成績が出るといった用具絡みの信仰はけっこうプラスに働くこともあるからです
その他	ドライバー	クランクケースカバーのボルトは貫通ドライバー(握りの上がハンマーで叩ける物)の3番(普通のより一回り先の+がでかい物)でハンマーで軽く反時計回りに回す感じで握りハンマーでひたすらガンガン叩く、1本出来れば後は同じ要領で
自動車	ドライバー	うちのオヤジはタクシードライバーですが、近所でもオボッチャンとあだ名がつくほど、おとなしくて紳士です、それだけにそのタクシードライバーぶっ飛ばしたい
工芸	ドライバー	じょれん、モンキーレンチ、モーターレンチ、ドライバー、やすり、ハンマー、鉄鎚、玄能、木づち、木ばさみ、のみ、焼ごて、くぎ抜き、やっとこ、自由矩、端金、金砥、バール、とび口、石工のみ、白書、すみつぼ、プラグレンチ、スコップ、シャべル、円ぴ、のこぎり、せん定ばさみ、かけや、つるはし、差金、かんな、ペンチ、ドラムレンチ、手廻ドリル、砂利かま、筋毛引、割毛引等
ゴルフ	ドライバー	ドライバーショットも安定し、多くの選手がドライバーを封印する340ヤードの4番パー4では、ドライバーで残り40ヤードまで運ぶと、続く2打目をSWで1mにピタリとつけてバーディを奪う
自動車	ドライバー	日本自動車ジャーナリスト教会副会長、BMWドライバー・トレーニングのチーフインストラクター、JAF交通安全委員会委員、警察庁各種懇談会委員などを務める
自動車	ドライバー	ドライバーの方は、運転と車まわりのことがお仕事なんでしょうけれども、息子が大の車好きで、車内でずっと「ベンツ」、「ベンツバス」、「古いプジョー」、「シトロエン」、「アルファロメオ」など、過ぎゆく車の名前を言い続けていたので、ある日、車の広告のたくさん載った新聞を持ってきてくださり、英語はあまりお得意ではなかったのでしょうが、あれこれと話をしてくださって、その新聞をプレゼントしてくださいました
自動車	ドライバー	その間パーキングにして降りてしまったことに少し戸惑いましたが救援ドライバーの方が運転席のドアを引っ張り開けてニュートラルにし、人の家の駐車スペースですがそこに車を寄せました
自動車	ドライバー	ANZEN Groupのタクシーはカーナビ付ですし、道路地理は実際に乗務して仕事をしていけば確実に覚えることができますが、地理試験に合格しない事には、東京でタクシードライバーにはなれません
自動車	ドライバー	危険挙動頻度のレーダーチャート、安全運転評価、エコ運転評価などが分かりやすく出力されるため、ドライバーの自己診断や運転研修・講習などの資料に活用できる
ゴルフ	ドライバー	ドライバーがトップして真っ直ぐ100ヤード、第二打3番アイアンがまたトップしてグリーン手前100ヤード、第三打サンドウェッジがまたまたトップしてグリーン・オーバー、返しのアプローチもグリーンの端で、3パット、トリプル・ボギーでスタートしたのは、いつもの通り
自動車	ドライバー	☆ 09年6月の改正道路交通法の施行で75歳以上のドライバーに表示が義務化された標識(もみじマーク)の見直しが検討されていた問題で、警察庁は25日、もみじマークをつけなくてもドライバーに罰則を適用しない方針を決めた
ゴルフ	ドライバー	西コースの高崎と岩平を回り、個人戦は新ペリア方式、団体戦は上位4人のグロス合計で行われ、ドライバーやパターが不調のわりには、距離の短さに助けられ、岩平44、高崎42の86でした
自動車	ドライバー	海外の産地から輸入された食材、厳選して仕入れたワインを、本物志向のイタリアンやフレンチのレストランにお届けするのがあなたにお願いしたいドライバーの仕事です
工芸	ドライバー	ラチェット 10ミリ14ミリ 、カッターナイフ、ラジオペンチ、ニッパー、電工ペンチ、2#プラスドライバー、針金、内張りはずし、半田ごて 特殊工具は必要ありませんでした
工芸	ドライバー	ドライバー、ニッパー、ペンチを携えながらノートPCで 頭を悩ますこともしばしば・・・大変な仕事ですが、 「高いクォリティで納品できた」 「トラブルが解決できた」など非常にやりがいを感じることができると思います
ゴルフ	ドライバー	ARTA FOS部門では、ワンメイクレースや入門者カテゴリーなどで全国的にアマチュアドライバーをサポートし裾野を広げることで、モータースポーツ界全体の発展に寄与していきます
工芸	ドライバー	金属加工の基本中の基本として、対アルミのビスの締め付け時には、必ず指でネジを装着してからスクリュー・ドライバーや六角レンチで締め付けるようにして下さい
ゴルフ	ドライバー	テーラーメイドでは今年「r7 スーパークワッド」という、プロ・上級者をターゲットにした操作性の高いドライバーと「バーナー ドライバー」の2種類をラインナップしており、どちらかといえば「バーナー ドライバー」はアベレージゴルファー向けにミスを少なくし飛距離を伸ばしたいモデルという位置づけでした
工芸	ドライバー	しかし使い勝手は専用の工具にはかなわないので、結局、六角レンチやドライバーは単体を持参しているので、ほとんどこの工具の役割はチェーン切りとスポークレンチのみとなってしまった
工芸	ドライバー	取り付けにはドライバー、六角レンチなど一般的な工具さえあれば簡単に行えますが、レイルシステムの取り付けにはパーツの個体差によりに若干のすりあわせが必要な場合があります
自動車	ドライバー	こんなに重いHARLEYのサイドカーでも、片輪走行を簡単にする「サイドカードライバー」が沢山いるのも事実で、早く運転技術を身に付けて「片輪走行」をしたいものだが、いつのことやら
自動車	ドライバー	その内容とは、観戦に訪れた方を優先にコース上でドライバーの行く手を邪魔してもらう形でレースに参加し、ドライバーは普段逆に走ることがないコースを逆に走るというシンプルなもの
自動車	ドライバー	さて、木曜日といえば、コース下見をするドライバーや、ピットストップの練習やマシンの整備に余念がないクルーたちの姿を、スタンドから眺めるのが楽しみのひとつでもあるわけで
工芸	ドライバー	通常タイプのドライバーを錆びやすいネジなどに使用すると、場合によってはドライバーに付いた錆びがネジに移りネジ自体を錆びさせてしまう事があります
工芸	ドライバー	私のプロジェクトが始まるにあたり協力隊の支援経費でプラス、マイナスのドライバーやペンチ、モンキーそしてハンマーといった工具類を買い揃えてもらいました
工芸	ドライバー	電動のコードは引っ張り出すだけで良いから、 本体を止めてるねじを3本外し、 本体を引き出すと、格納がより深く曲がるから、 ドライバーが、フックのねじにまっすぐに当たる
工芸	ドライバー	一応、ドライバーでネジを締め込んだら止まることは止まるのですが、普通に使っていたらいつネジが緩んで外れるかもしれないのでベルトに止める派の人は安心してベルトなどにつけて歩けません
自動車	ドライバー	車が多く通るところを選んだ理由は、散歩道に急に健康状態が悪くなった場合、すぐに助けを求めることができ、ドライバーにも気づいてもらえると思うから
自動車	ドライバー	春日部自動車教習所で先月19日、60歳以上の普通免許を持っている人を対象にした、体験型交通安全講習会シルバー・ドライバー・ドックが開催され、41人が参加した
自動車	ドライバー	これが気の短いドライバーだったらクラクションでも鳴らされていただろうけど、幸いな事に後続のドライバーは親切な人だったようで、クラクションも鳴らされる事なく、しかも車間距離も詰められる事なく安心して走る事ができた
工芸	ドライバー	いずれも単独犯でしたが「ニッパーやドライバーを持っていると怪しまれるが、やすりは目立たない」などと供述の内容が似ているため、県警は中高生の間で急速に広まっているとみています
ゴルフ	ドライバー	ティグランドから見渡せるホール で豪快なドライバーショットと正確なアイアン、繊細なアプローチとパットによりゴルフの真髄と楽しさを存分にご満喫いただけます
工芸	ドライバー	0cm●付属品セット:本体(板×9・まんりき)、ドライバー・トンカチ・スパナ・ものさし×各1、ネジ・ナット・クギ×各5、穴あき板×9●適応年齢:3歳
工芸	ドライバー	ナイフ(大)、缶切り、プラスドライバー、はさみ、ペンチ、ルーペ、マイナスドライバー(大)、栓抜き、糸抜き、ウロコ取り、魚の針外し、スケール、のこぎり、ヤスリ(荒目)、ヤスリ(中目)、ヤスリ(細目)、ナイフ(小)、ピンセット、つま楊子、キーリング、精密ドライバー、コルク栓抜き、マイナスドライバー(中)、マイナスドライバー(小)、穴あけ・穴仕上げ、糸通し
工芸	ドライバー	高い独創性を誇るギアレンチや充実ぶりが知られているソケットツール、コンビネーションレンチ、プライヤー、ドライバーなど、総合工具メーカー日々商品レ 組入点数:7pc セット内容:スタビーコンビネーションレンチ:3/8、7/16、1/2
工芸	ドライバー	そして、工具箱にある物とは別に、直ぐに必要になると思われる、モンキースパナ―、ジャックル回し、ドライバー、ナイフ、ペンチはコックピットに居ても手の届く範囲に常設
自動車	ドライバー	事業じぎょう所しょに設置せっちされたパソコンからインターネットを利用りようして、ドライバーが運転うんてん者しゃ適正てきせい診断しんだんを受けるうけることができる
ゴルフ	ドライバー	マックテックNV2 ix400 マグレガー ドライバー 新品クラブから中古クラブの販売・買取・チューンナップまで満足度の高いゴルフライフをトータルサポートするプレミアムゴルフ倶楽部の公式ホームページ
工芸	ドライバー	近くの川原を散策するのが常だった私は、この川原で彫ってみようと思い立ち、一個の大理石とマイナス・ドライバー、そして日曜大工用の普通の金槌を持って、近所の川原へと向かった
ゴルフ	ドライバー	ところがドライバーの打球の距離が以前より40ヤードから50ヤード飛ばなくなり、パーオンがなかなかできなくなり、18ホール100前後のスコアーである
自動車	ドライバー	ヤマト運輸の宅急便も佐川急便の佐川急便も同じ宅配貨物運送事業だから、ヤマト運輸のドライバーが佐川急便の貨物を集荷・配達することができるのですか
その他	ドライバー	VAIOのヨーロッパサイトで、色々な機種のドライバー、ユーティリティをまとめ圧縮ファイルで入手できるサイトを見つけました、下記がそうです(興味ある方は覗いて見てください)
自動車	ドライバー	チームのドライバーは、F1のカテゴリーのドライバーやその下のカテゴリーで、ジャンプアップを狙うドライバーが、破格の契約金でスカウトされていった
ゴルフ	ドライバー	ドライバーは軽(けい)バランス採用の「新長尺バランス理論」で飛距離アップ、 全番手の「バランスフロー設計」でショットの飛距離と正確性を追求 ヤマハ ゴルフクラブ 『inpresX Classic』
その他	ドライバー	これまで日本の小売業の多くが海外進出を果たしていますが、必ずしも成功しているとはいい難く、今後の成長ドライバーへの期待というよりは業績変動のリスク要因と考えておいた方がいいかもしれないと考えています
自動車	ドライバー	その後平鹿郡横手の「平」と和賀郡の「和」をとった平和街道を現在は国道107号線に、当駅はその中間地点にあるドライバーのオアシスとしてお客様をお迎えしております
自動車	ドライバー	また、車が無事でもドライバーのアクシデントでリタイヤ、になりやすい危険性を敢えて高めるべく、車種は問わないけどコースはオフロード(賛否ありそうだが
工芸	ドライバー	裏返して四隅のプラスビスを取り、取付ブラケット1穴側付近(写真では右側)に8mmほどの切り欠きがあり、そこにマイナスドライバーを入れコジ開けます
その他	ドライバー	当初は家庭クラブと農業クラブの8人が、生活技術科の1~3年生が今月末に控える前期末考査の勉強と両立しながら手作りしたフェルト製のマスコット「ぶじかえる」と、農業科の生徒達が校内の農場で育てたリンゴ「つがる」をセットにしてドライバーに配布する予定でした
自動車	ドライバー	ゆえに心理カウンセラーは、小説家・画家・デザイナー・料理研究家・歌手・タレント・占い師・祈祷師などのように才能とパーソナリティーが大きく比重を占める業種のひとつとならざるを得ず、医師・学校教師・タクシードライバー・建築士・理美容師・弁護士・柔道整復師などのように、専門知識や専門技術の習得を客観的に証明するもの(資格証書)において確立される職業とはなり難いのです
自動車	ドライバー	路面状況とドライバーの最大の接点でもあるステアリング、純正ステアリングの外径約38mmに対し、30mmサイズダウンした外径350mmのスポーツステアリング
自動車	ドライバー	65歳以上のドライバーが運転免許証を自主返納した際、引き換えに県内の店舗での買い物が割引になる「おかやま愛カード」の交付制度が始まって半年で、高齢者の運転に原因があるとみられる交通事故件数が前年同期と比べ、3%程度減少していることがわかった
工芸	ドライバー	もちろん、工具類(カッターナイフ、ピンセット、半田ごてやドライバーなど)は手荷物として預けて機内に持ち込まないようにしておかないと、搭乗できませんので注意が必要です
自動車	ドライバー	また特集ページ内では、富士スピードウェイに佐藤浩市、プロドライバー舘信秀が集まり、チーフエンジニア・友原孝之とともに新生マークXを試乗した映像「佐藤浩市×舘 信秀×友原孝之 Special Impression」も配信
その他	ドライバー	でも、「以前より減ったかな、いや、それは単なる欲目かな」と思っていたのが、それ以来、「あぁ、ドライバーも道をきれいにしようと思っている」と、本当にうれしかった
自動車	ドライバー	平成20年6月1日の道路交通法の改正により、70歳以上の運転者を対象に表示を推奨するとともに、75歳以上の運転者を対象に表示を義務化、周囲のドライバーにもこの標識を表示した車の保護が義務づけられました
ゴルフ	ドライバー	その中でただ傘の下で待つのではなく、豪雨も気にせずにドライバーで素振りを繰り返し、体の冷えを抑えると、再開後の2メートルのバーディパットをしっかり沈めた
自動車	ドライバー	滋賀県トラック協会では、平成12年度から「アイドリングストップ啓発活動」に取組み、トラックドライバーのほか一般ドライバーにも広くアピールするため本年は3回一斉啓発活動を計画しました
ゴルフ	ドライバー	ドライバーが使用できる335ヤードのミドルホールを備え、豊富な樹木にセパレートされ、適度なアップダウンを持ち、池やバンカーを配した戦略性の高いショートコースです
自動車	ドライバー	後ろからはブッブーとクラクションが鳴ってます、たまりかねてすぐ後ろのドライバーが降りて運転席を見たら、なな・なんとハンドルにつっぷして寝てるではありませんか
自動車	ドライバー	そしてホテルに21時きっかりに車が到着し、お迎えの車に乗ると車中では大音量の日本の演歌が流れ、ドライバーはこれまたいい人だけど俺様で、誰に遠慮する事無くゲップを連発
ゴルフ	ドライバー	渡米とべい前まえ、著名ちょめいなティーチングプロのマイク小西こにし氏しに師事しじを仰ぎあおぎ、ドライバーショットからアイアンショット、パットまで大だい改造かいぞうを敢行かんこうしたばかり
その他	ドライバー	ブレーキをかけた際にドライバーが違和感や、場合によっては制動力が失われているように感じることがあるためで、システムを制御しているソフトウエアを修正する
自動車	ドライバー	万一、ドライバーが飲酒運転をし、それを会社が容認していた場合や飲酒運転による事故を起こした場合、飲酒運転防止への指導監督が不十分であった場合などは、事業停止や自動車使用禁止等の厳しい処分を受けることになり、社会的な信用も失墜して、経営に重大な影響を及ぼします
工芸	ドライバー	リアのバッグの中に自転車の応急処置用の工具 (ドライバー、六角レンチ、パンク修理キット、スペアタイヤチューブなど)、 人間の応急処置用の医薬品 (消毒薬、脱脂綿、滅菌ガーゼ、消毒シート、バンドエイド、テープなど)、 あとは旅の道具をいろいろ突っ込んでみました
工芸	ドライバー	4) ドライバー、スパナ、パイプレンチ等は、ねじ、ナット、パイプ等の大きさに応じて適当な力が出せる形状、寸法になっているため、補助具を使って過大な力を与えると、ねじ等が壊れるので注意する
ゴルフ	ドライバー	今日もバンカーからのチップインバーディが有ったり・・・ドライバーショットがチョロ パットがいまいちだったり またボールの紛失が甚だしいコースでしたが ヒョウモンにあったりして楽しくゴルフすることができました
自動車	ドライバー	会場は「モビリティおおむた(旧三井スポーツランド)」のパイロンコースにて、九州G組でおなじみの全日本ドライバー、佐々木裕さんと藤本泰則さんをゲストに予定しております
自動車	ドライバー	鈴鹿は確かにドライバーにはチャレンジングなコースとして有名ですが、元々バイク用のコースで幅は狭くて抜きにくいですし(シケインの改悪もありましたし)、施設が古すぎると思います
自動車	ドライバー	ロンが可愛がるハミルトンとの確執もあり、自分がチームナンバーワンドライバーの扱いをして欲しいとして「さもないと証拠をFIAに突き出す」な感じで
工芸	ドライバー	勿論通常のスクリュードライバーとしても使え、特にネジが錆ついたり深くメリ込んだりして簡単に抜けそうにない時などにハンドルの後をハンマーで叩いてネジをゆるめて容易に抜き出すことも出来ます
工芸	ドライバー	ドライバーくらいなら持っていたのですが、逆に言うとほかの工具がなくて作業は少々難航し、はさみとカッターで代用した父にニッパーやラジオペンチは常備しとけと釘刺されました
自動車	ドライバー	それに対して、公道では無謀な運転をするドライバーはいるし、酔っぱらい運転をするやつはいるし、横断歩道のないところで無謀な横断をする人がチョイチョイいるし、高校時代の私みたいに自転車でハングオンして爆走するアホはいるし
ゴルフ	ドライバー	ドライバー同様に四角に近いヘッド形状は最大級の慣性モーメント(従来型のフェアウェイウッドよりも41%もアップ)を発揮、さらにミスショットも軽減させます
自動車	ドライバー	なお、ガンナーシートとドライバーシートは別々に耐久が設定されており、ガンナーシートだけが吹き飛ぶこともある(ドライバーシートが吹き飛んだ場合は当然ながらすべて吹き飛ぶ)
工芸	ドライバー	もし、細いドライバーでネジを締めるのがキツい場合は、ファンを取り付ける前に、ラジエターにネジを適切なサイズのドライバーで締めこんでおいて、穴を広げておけばすんなり行きます
工芸	ドライバー	書類、預金通帳、等のドキュメント類 ・ ドライバー、ペンチ、等の工具類 ・ eneloop、充電器 ドライバーなどの工具類や充電式電池は特におすすめ
ゴルフ	ドライバー	ところが第一打ドライバーから綺麗に当たり出足好調、かねてよりいきなりスタート・ホールに赴いた方が下手な考え休むに似たりで効験あらたかと信じ込んでいたが、不安を抱えている際には寧ろ事前練習の効能もと改宗しようかと目を輝かせたところ、四ホール目から坂を転げ落ちる様に崩れ、果ては生命線のウッドが45度右に飛び出すウルトラ・スライスとは、矢張り付け焼き刃では復調出来ないものと思い知らされる
自動車	ドライバー	ドライバーとRECAROレーシングチームのメカニックが緊密にチューニングを行うことで、安全性とシート・エンジニアリングの分野で開発のリードを確立し、世界中のレーサーたちの勝利に貢献しています
ゴルフ	ドライバー	最近ゴルフクラブ、ドライバーを買い換えたいのですがやはり実際練習場やコースで試打しなければ判らないので、大阪市内や大阪府豊中市、吹田市、兵庫伊丹市当りでクラブを貸してもらえるようなゴルフショップは無いでしょうか
その他	ドライバー	実は、デルタフォンの接続部分(いわゆるジョイント)は、デルタフォン側もデルタドライバー側もファイズやカイザのものより小さく、その分狙いを付け辛くなっている
工芸	ドライバー	分解には特殊なドライバー(6 溝対応のもの)があると便利なのですが、そんなものは持ってないのでネジ頭をペンチで挟んで回すという力業に挑戦しました
自動車	ドライバー	べテランのドライバーが多く、「敬客愛車」の精神と高い運転技術は若手ドライバーへ受け継がれており、日々「安全」「安心」をモットーに頑張っています
自動車	ドライバー	なんだかんだでまだ追加作業が発生している現プロジェクトでちょいとゴタゴタしててオイラのスケジュール少し押し気味になっちゃうのだが振休とって自動車の免許更新に、、振休とらないと消滅してくしね、30すぎてからコッチ会社のことより自分のほうが大事です、オイラは優良ドライバーなので講習も30分ですよ
自動車	ドライバー	・途中、そのタクシードライバーとモーテルに泊まり、シャワーを浴びて着替えてるところに欲情したそのタクシードライバーが手出ししようとするが期待のシーンへ発展せず
自動車	ドライバー	ブリティッシュ・コロンビア州内でシートベルトの着用率が低下していることを受け、州政府は、4月18日からシートベルトを着用しないドライバーへの罰金を、現行の95ドルから120ドルへ増額する
自動車	ドライバー	」を合い言葉に、交差点で信号待ちしているドライバーに対して、アイドリングストップの一斉実施を呼びかけ、数多くのドライバーに体験してもらうほか、通行人へのチラシ配布やアンケートなどを行います
工芸	ドライバー	じょれん、モンキーレンチ、モーターレンチ、ドライバー、やすり、ハンマー、鉄鎚、玄能、木づち、木ばさみ、のみ、焼ごて、くぎ抜き、やっとこ、自由矩、端金、金砥、バール、とび口、石工のみ、白書、すみつぼ、プラグレンチ、スコップ、シャベル、円び、のこぎり、せん定ばさみ、かけや、つるはし、差金、かんな、ペンチ、モーターレンチ、ドラムレンチ、手廻ドリル、砂利かま、筋毛引、割毛引等
自動車	ドライバー	高齢ドライバーによる事故全体もこの10年間に倍増していることから、道警は「ドライバーが健康診断を受けて体調の変化を把握することや、家族の注意が大切」と強調している
自動車	ドライバー	コミニティー番組の制作をしており、4月に交通安全について放送をしましたが、交差点での撮影や、事故原因の取材、街角でのインタビューを通じてドライバー達の自己中心的な運転がすべての原因になっているのだと感じました
工芸	ドライバー	私はとっさに、これらの状態ではと軍手と金づち、ペンチ、ドライバー、傷テープ、チュウブ入りのオロナインを持ち、地域を中心として、私の知っている限りの一人暮らしの高齢者宅へ、安否確認や後方付け等々と、一日中駆けずり回った
ゴルフ	ドライバー	そんな中度々話題に出てくる ATS製品開発ドライバー木下みつひろ選手の考え方や人柄に非常に惹かれ製品共々 木下選手を交えお話する機会を作って欲しいとお願いしました
自動車	ドライバー	ドライバー達は、大量の雨雲がサーキットを水浸しにする前に最速ラップタイムを達成しようと、シグナルがグリーンに変わると群を成してコースに飛び出していった
ゴルフ	ドライバー	今日はドライバーを続けて打ってからショートアイアン、再びドライバーを打って次はフェアウェイウッドという具合に、ドライバーを挟んでの交互練習を繰り返してみた
工芸	ドライバー	プラスドライバー・マイナスドライバーはもちろん六角にも対応したビット、ナット、レンチ、さらに高速度鋼ドリルと充実の46点セットだから、用途に合わせて最適なものを選択できます
工芸	ドライバー	固定は、六角レンチとマイナスドライバー、そしてスクリーンの締め付けには10N・m以下と説明書に記載があったので、別に購入したトルクレンチを使用しました
ゴルフ	ドライバー	よくドライバーをコロコロと取り替えている人を見かける事があるのですが、自分が使っているドライバーに満足出来ずに取り替えてばかりで勿体ないとか上手いゴルフクラブの選び方を知らないのだなとか思ってしまいます
ゴルフ	ドライバー	もう1つ発見したのが、ロングアイアン・ドライバーで飛ばすにはいいが、ショートアイアンでは振り抜く怖さと身体の使い方が重要になりすぎ、パワーが大きいことでフェイスの方向性が弱まったという谷
工芸	ドライバー	最後の最後になってネジが上手く止められなくて、今日父親が持っている電動のドライバーを借りてきてちゃんとネジを絞めて出来上がり~♪娘が学校から帰ってきて「これ、いい感じじゃない♪(^^)」と聞かなくても感想を言ってくれたので、まずまずの出来だったのかもしれません
自動車	ドライバー	確かに、一人のドライバーにとって一人の取り組みは非常に小さいものでありますけれども、自分の行動から見直していく、これが非常に大事であると思います
その他	ドライバー	また、利用者の方々等も含めた評価の問題でございますけれども、私どもも定期的に委託会社とお話をさせていただいてまして、問題がある場合にはこちらから申し出をするような機会も設けてございますけれども、ドライバーにつきましても大変市の考え方をよく理解していただいてますし、問題もなく、私どもが今1年間やってみた反省としては大変よかったというふうに考えております
自動車	ドライバー	このような方々が、子育てタクシーのドライバーになるんだな~と私の中で、漠然としていた子育てタクシーという実態が、はっきりと輪郭をもったような気がしました
自動車	ドライバー	宅急便のトラックやタクシーも含めてプロ運転手が しのぎを削る都大路なのであるが、そこに午後になるとお買い物かお子様 のお迎えのご婦人ドライバーのベンツが紛れ込む
工芸	ドライバー	【目的】製品のねじ結合部のねじ締めを行なうとき、製品のドライバーユニットのドライバーによるねじ締め位置までの往復及びねじ締めを人手によらず、かつ製品が多機種であってもドライバーの高さを調整する必要のない自動ねじ締め装置を提供することである
工芸	ドライバー	初めての工具の揃え方 ベーシックハンドツール ドライバー/ソケットツール/メガネレンチ/ コンビネーションレンチ/プライヤー/ハンマー ビス・ボル
ゴルフ	ドライバー	小生、35歳、ゴルフ歴15年(内14年は年2回会社の付き合い程度、しかしここ1年半は毎月3回以上ラウンド継続中)、身長175cm、体重75kg、ドライバーHS46前後、持ち球ストレート(最近ドライバーのアウトサイドインを克服)、スコアは93~105の間会社の同僚達より少しでも上手くなりたくて毎晩パターマットを続ける私にアドバイスをよろしくお願いします
工芸	ドライバー	だいぶキズがいっているのですが(値引き交渉成功)、前オーナーはき ちんとメンテしながら使っていたようで、外観をのぞけば楽器としての状態は抜群(ドライバーと六角レンチをかりて全部のネジが動くかをチェックする嫌な客)
ゴルフ	ドライバー	ゴルフシューズ、パター、キャディバッグ、ドライバー、ティーを初めとするゴルフ用品からピータス、さめ軟骨、柿酢、甜茶αなどの健康食品、ゲルマニウムブレスなど販売する通販サイトです
工芸	ドライバー	なお、運転席シートバックはシート背面のネジを緩めることで5段階に前後調整できるが、付属するドライバーで調整を試みたらネジが舐めてしまいそうだった
自動車	ドライバー	京都議定書が採択されて10周年となる11日に元F1ドライバーが会議が開かれた国立京都国際会館で二酸化炭素(CO2)を排出しない「水素自動車」に試乗した模様
自動車	ドライバー	警視庁は17日、連続110時間にも及ぶ過酷な勤務をトラックドライバーに対して命じていた疑いがあるとして、法人としての岩手県内の運送会社と、この会社の役員ら3人を道路交通法違反(自動車使用者の義務等違反
ゴルフ	ドライバー	練習場で計測したドライバーのヘッドスピードはドライバーでその時は45~48(芯に当たっていない状態)ですが、私が今使用しているクラブがだいぶ昭和のはじめくらいのクラブで本当に昔のクラブです
ゴルフ	ドライバー	そのかいあって最終日はドライバーもアイアンも絶好調で、ただグリーンがものすごく難しく、後半は酔っ払った状態だったので106に終わりましたが、次回は100を切そうな気がします
自動車	ドライバー	このシリーズは冒険家の横田紀一郎さんをチーフとするドライバーチームが2台の車でポルトガルのリスボンを出発し、各国を取材しながら日本へ向かっていました
自動車	ドライバー	タイヤセーフティードライビングレッスンは、一般ドライバー向けのプログラムで、「新品タイヤとすり減ったタイヤ」や「適正空気圧のタイヤと空気圧不足のタイヤ」の比較試乗などを実際に体験し、タイヤに対する意識・理解を高め、安全意識の向上を図ることを目的に開催します
工芸	ドライバー	貫通ドライバーの中に、先端が特殊な形状になっており、舐めかけたネジのあたまにあててお尻をたたくと、ネジの頭に食い込んで新たに溝を切り直せるとされているものがTokomaより出されている
ゴルフ	ドライバー	リペアディレクターの川上富雄が、情熱と熟練したリペア技術を振るい、ドライバーからアイアン、パターにいたるまで、皆様のご要望に合せて、完璧に調整・修正いたします
自動車	ドライバー	衝突の危険性があるときは、警告灯と警告音でドライバーに知らせ、追突が回避できないとシステムが判断すると、自動的にブレーキがかかり衝撃を軽減する
工芸	ドライバー	■材質 天板:MDF(ウレタン 塗装ツヤ有り) 脚:スチールクロームメッキ塗装■組立所要時間約10分■付属工具 六角レンチ(要プラスドライバー)■個口数:1個口でお届けワゴンはこちら ホワイト色はこちら
自動車	ドライバー	という事は、ドライバーが意識的に、繋ぐ前にアクセルを煽って回転数を上げてやれば、変速ショックを減らせるし、もっと言えば、完全に回転数を合わせてやれば、クラッチを切る必要すらないのです
自動車	ドライバー	新潟市秋葉区の国道403号線小阿賀橋たもとから県道矢代田の交差点までの約10キロの右側路肩に、夏を象徴するヒマワリの黄色い花が数万本咲き誇りドライバーの癒し和ます
自動車	ドライバー	タクシードライバー募集た時の往復送迎にまで間にもますがよければて運転手ログイン無競合エリア運転手登録無料運転手マイクロバス運転手さんタクシー運転手統計資料メニュー乗客数でコツ統計資料メニュー距離別乗客数ただいま当社
工芸	ドライバー	そう、会社のデスクと豊富な工具を使って(といっても必要なのは細密ドライバーと六角レンチだけですが)、クラッシュしたPowerBookの内蔵HDDを換装するのデス
工芸	ドライバー	準備したのはどのご家庭にもあるラッカー系塗料、サーフェイサー、ヤスリ、紙ヤスリ、ニッパー、接着剤、研磨剤、エポキシパテ、パテ、ドライバー、バイス、筆、アクリル絵の具、塗料皿、ナイフ、他
自動車	ドライバー	従って、たとえ走行環境の把握を各種センサなどを用いて行ったとしても、それら車両や道路の側からのみの検出情報によって車両の運動特性を画一的に制御するだけでは、ドライバーの内面的要求と必ずしも合致せず、個々のドライバー各人にとって、車両の運動特性を必ずしも実際の走行環境に適応したものとすることができない
自動車	ドライバー	それに、いわゆる「雲助」ドライバーはどんどん淘汰されて、それなりのビジネスマナーを心得た営業や接客経験のある、真面目なドライバーが増えてくれるほうが、この業界のためには良いことだと思う
自動車	ドライバー	スパイクタイヤはごく一部地域にしか許可されなくなり、他の地域のドライバーたちは、摩耗の激しいスタッドレスタイヤを二年ないし三年に一回は買い替えなければならなくなった
工芸	ドライバー	ドライバー以外にも高品質なツールとして定評のある六角レンチ・ハンマー・ポンチ・タガネ等1200種類もの工具を製造しており、 その半数が日本・ドイツ・イタリア・オランダなど26カ国に輸出されています
ゴルフ	ドライバー	理由は、またガソリンの価格が上がったから(怒) 2月25日に車検時オイル交換 それから、もう6000km近く走ってるからH先輩は いつもどおりのコツコツゴルフではありましたが、少しドライバーが上向き
自動車	ドライバー	夜間走行時の直進対向車ドライバーに対し、ヘッドライトとウインカーが近接位置でないので方向点滅の明解快適な識別が可能となるとともに昼間走行時には美観的デザイン効果も有する
ゴルフ	ドライバー	2位の奴が一か八かのドライバーショットでミラクルショットしたあと、余裕でアイアンでティーショットするチキンであるタイガーが史上最強プレイヤーだなんて認めたくないよ
工芸	ドライバー	作業者には資料とネットワークインターフェイスカード、増設用メモリー、ドライバー、リストバンド(静電気破壊防止用)が渡され、各現場へ移動して作業を行う
自動車	ドライバー	プローブ情報の活用方法のひとつとして、車両挙動や天候情報にヒヤリハット地点をリンクさせ、車載システムを用いるドライバーへの安全走行支援策について、お話をいただきました
自動車	ドライバー	スーパーF1のドライバーのように、長い時間の体力と集中力を必要とするスポーツ選手にとって通常の血液以上の働きをする体内循環用フルオロカーボン液に体内の血液を置換することは、非常に重要なことなのである
工芸	ドライバー	本当はピンセットの方が使い易いんだが、どっか行方不明なもんで、小さいラジオペンチでつまんで、どうにか外側(フレーム)の穴に差し込んだと思っても、内側(エンジン)の穴がずれてたりすると、ドライバー(プラモデルに同梱の、もはや特殊工具と言うべき専用極小サイズ)で締めようとした途端に、ぴょん、とか言って飛び出したりして、で、穴がずれてるかどうかが、確認できないのね、小さい物がよく見えないんだから(爆)
自動車	ドライバー	10年以上前になりますが、政府のお仕事で、モンゴルへ出張したとき、電灯ひとつないゴビ砂漠を、ドライバーの方が、ものすごい勢いでジープを運転するので、何を目標に走っているのかたずねたところ、「月と星」とのことでした
自動車	ドライバー	どのエンジンも微妙に調子が良くないので、一体エンジンに問題があるのか、カート本体に問題があるのか、それとも駆動系に問題があるのか、そもそもドライバーの走り方に問題があるのか
ゴルフ	ドライバー	例にとってみれば、18ホール中、14ホール、ティショットでドライバーを使うが、その14ホール中の20パーセントとして、3ホール弱しか、自分の狙ったところに飛ばないと思う
自動車	ドライバー	僕も普通に運転が好きだったらドライバーやるんだけど運転恐怖症だからなぁ 何のために殴られたり腕立て伏せ50回もやらされながら取った免許かわからないよ もともと車も運転も好きじゃないけどね
自動車	ドライバー	普段から外国人旅行者を乗せ慣れているので、英語のできるドライバーが多いし、中には片言の日本語を話せる人もいるので、利用する上でもそれほど困ることはない
その他	ドライバー	なんつーの、上で引用した「座らせてたドライバー」じゃないけど、こっちの政党がだめだからあっちの政党にお願いしてみるっていう手段しか取れないのが歯がゆいっていうかなんていうか
自動車	ドライバー	実際、平成21年に県下で発生した「車いす」の事故では、相手となったドライバーのほとんどが、車いすを全く見ていないか、発見の遅れで衝突しています
ゴルフ	ドライバー	プロギアのドライバーは飛びますが、形が他のメーカと違い逆洋ナシになっており、使っていると徐々に「先っぽに当てる」+「アッパーブロー」になっていき、他のクラブ(特にアイアン)が当たらなくなる傾向があります
工芸	ドライバー	0えんならうらなければいいとおもうんですけどたんじゅんに≠ニめたいにんがネジをてにもち、それを止めたい場所へドライバーでねじこむことで「ネジをとめる」というもくてきを果たせ、てではできないけどドライバーがあってよかった
自動車	ドライバー	2010年はトヨタF1が見れないが日本人ドライバーの可夢偉が名門ロータスから参戦しますので他撤退などあるけど今年以上にF1が盛り上がると思います
ゴルフ	ドライバー	今日はドライバーが曲がらず、打ちそこねはあったものの、ミスが少なくOBが無かったのは不思議、アイアンは調子よく、難しいグリーンには泣かされたが、7ヶ月のプレーにしては上出来、但し腰の調子が良くないので、土曜日のゴルフはキャンセルをしないといけないか
ゴルフ	ドライバー	これは、2008年1月1日からゴルフクラブのスプリング効果の性能に関する新しいSLEルールが施行され、いわゆる高反発ドライバーの使用が禁止になってしまうからです
自動車	ドライバー	加えて近年では「道を知らない」タクシードライバーが増えており、「著名な地名を言っても辿り着けない・チョットした迂回路を知らない」と言うレベルのタクシードライバーが増えて居る感じを受けています
工芸	ドライバー	ので納期1週間前後かかります土牛の大工道具セット♪※受注生産品となります受注生産品大工道具セット20号00531 土牛 DOGYU 工具(レンチ・ドライバー)
自動車	ドライバー	その6日後の8月11日第11戦ハンガリーGPで、そのころセナが所属するマクラーレンチームは、エンジニア、ドライバーを含むすべて人が喪章をつけその戦いに挑みました
工芸	ドライバー	「朝日新聞」1999年4月25 日付抜粋 ご購入いただいたお客さまの評価評価:◎コメント:PBのドライバーでナメテしまって、困ったネジを、この商品で回すことができて助かりましたネジにあてた時の食いつきが、とてもいいです
工芸	ドライバー	電動工具メーカーのブラック・アンド・デッカーは、初心者でも簡単にねじ締め作業ができる電動ドライバー「3・6V コンパクトパワーアシスト」を全国のホームセンターなどで発売
工芸	ドライバー	ドライバーなどの工具不要、簡単交換のカートリッジ方式ドライブ自体は、専用カートリッジに実装されており、ドライバー等の工具なしでカートリッジを引き出して、簡単にドライブ交換が行えます
ゴルフ	ドライバー	午前中からたくさんのお客様が来店され、ドライバーがスライスする、アイアンがダフる、バンカーから打てなくなってしまった、パッティングが苦手など、悩みを打ち明け、プロの「診断」を仰ぎます
工芸	ドライバー	ところが、先月から、7時半になると、トンカチ、トンカチと金槌で釘を打つ音、ネジをドライバーで打ち込むモーター音が、春暁を破いて、やけにうるさく聞こえ出すのだ
ゴルフ	ドライバー	薀蓄を垂れだすと止まらなくなり、50インチドライバーやヘンテコパターやシュミレーションゴルフとか基本はお笑いなんでしょうが、ゴルフに狂った人間がハタから見ればおかしいというという漫画です
自動車	ドライバー	現在はカラフルな展望台に、乗用車45台、大型車10台の大駐車場とトイレを設置し、ドライバーの好評を得るとともに、過労による事故防止にも役立っています
自動車	ドライバー	マーチン・スコセッシ監督の 「タクシードライバー」 (ロバート・デニーロ主演) という映画は、ベトナム戦争の後遺症に悩む人間を描いた社会派ドラマだったが、そういうテーマよりも、むしろ印象的だったのは、都会をさまようタクシードライバーの主人公が眺める街の夜景だった
工芸	ドライバー	各種工具などのアクセサリー(スパナ・ドライバー・ワイヤーカッター・油差し・ハンマー・ラチェットセット・モンキーレンチ・金ヤスリ・工具箱・バーナー・オイル缶・ジェリ缶)も付属しております
自動車	ドライバー	ハンドルなんかも恐らくは同じで、ドライバーが常にハンドルに触れていて、車が曲がろうとしたら、それがドライバーの手に伝わるようなデザインを行わないと、幽霊が勝手に操縦しているような感覚が生まれてしまう
自動車	ドライバー	質問者さんも、もしそのようなドライバーを見かけたときには『私は将来運転に自信が持てるようになっても、あなたみたいな品の無い節操の無い運転をする人にはならないぞ』と思えば反面教師になるじゃないですか^^
自動車	ドライバー	うちに潜り込んで来たドライバーSや、ドライバーTの友達の友達、埼玉のスパコン会社と連携して動いていたストーカーなどは、みんな山口組とつきあってるそうです
その他	ドライバー	目で追うわけにいかないから、使用器具は確認できないのだが、例の鑢(やすり)で部分を切り、受ける感じからすると、ドライバー状のものや、挺子の原理でとんとん下から上に叩き、それを何度もトライしてようやく外した
ゴルフ	ドライバー	今年の初打ちは1月11日(日)、茨城カントリー東コースに初挑戦、思った以上にアップダウンの多いコース、その上グリーンは癖があった久しぶりの100(50・50)なんとパター数は 38もたたいてしまいました、ドライバーは好調でしたが、セカンド及びアプローチの距離感を読みけれませんでした、次回からもう少し慎重にチャレンジします
自動車	ドライバー	そこでどううまくセッティングをクルマに施すかがチームに問われますし、ドライバーにはタイヤを上手に養生する運転が求められます」と、勝負どころを指摘する
自動車	ドライバー	今までは家の近くにポルシェドライバー御用達のガソリンスタンドがあり、そこで給油していたのですが最近ガソリン単価が上昇してしまい、今回からセルフ給油で行こうと思います
工芸	ドライバー	これらをとめているネジは小さいので、精密ドライバーを使用しますが、意外とネジが固く締まっている上に、精密ドライバーは軸が細くてトルクをかけにくいので、手を痛くしがち
自動車	ドライバー	たゆまぬ肉体労働の持続によって、成功する分野の仕事、スポーツ選手、車のドライバー、機械のエンジニア、大工、職人などの仕事をしている人に効果的だとか
ゴルフ	ドライバー	なぜドライバーショットはティーアップし、左足かかとの線上にボールをセットするのかというと、ドライバーショットでのインパクト前のヘッド軌道はボールの手前約15cmがスイング軌道の再最下点(地面スレスレ)を通過し、そこからヘッドが上昇中にインパクトを迎えるのが最も良い軌道となります
ゴルフ	ドライバー	まぁ下手くそには変わりありませんが・・・おいらはといえば、ドライバーの調子が戻ってきましたが、バンカーでドツボにはまり、1ホールで10打も叩いちゃいました
自動車	ドライバー	しかし「120g/km」の理念は受け継がれており、燃料にバイオマスを混ぜたり、あるいはドライバーにエコドライブを教えることで10g分を補う計画だ
自動車	ドライバー	ドライバーに粘りを感じさせたいなら、登り坂等で走行抵抗が増加して回転が下がった時、多く踏み込まなくても多めに余剰トルクが出るようにマッピングすればいいんです
自動車	ドライバー	バイトはドライバーが一人事故って社員が事故現場に向かっているスキに私のダメ人間の先輩(こら)とトッピングの焼き肉やスティックケーキをもりもりつまみ食いする始末
ゴルフ	ドライバー	更に後半はドライバーも崩れてきて目を覆わんばかりと思いきや、ラス前に来てウッドが右回転が掛かって落ちてからフェードに流れる今日の習性を見込んでツーオンのパー、更に今年の最終ホール・ショートは四階建てになったニアピンを獲得した上でのパーという素晴らしい締め括りとは世の中判らないものである
自動車	ドライバー	エコドライブ評価・支援システム(仮称)は、地球温暖化対策の一つとして、車からのCO2削減に向け、一般ドライバー等のエコドライブの取組を支援するツールとして、「産学官連携モデル事業」として環境省からの資金を得て開発中のシステムです
自動車	ドライバー	1980年代のターボ全盛時代には、ドライバーの戦略とコクピット内にある『ターボ・ブースト・ボタン』による豪快なオーバーテイクのおかげで、後世に語り継がれる名シーンが数多く演出されていました;ターボ・ブースト・ボタンは、爆発的な加速スピードを一時的に生み出すことが出来たのです
自動車	ドライバー	道路は混雑していることはなかったのだが、途中ドライバーは、馴染みの弁当屋で自分の弁当をピックアップ、ガソリンスタンドではバスの洗車をし始め(さすが台湾人・・・・)、結局しっかり4時間20分かかって日月譚に19時20分に到着したのであった
自動車	ドライバー	アメリカは、両計画合計で向こう5年間17億ドル程度の規模と期間で、「2020年までに米国の多数の一般ドライバーがFCVを購入・運転できる社会を実現する」ことを目指している
ゴルフ	ドライバー	13番も手強いアゲ風の長ーーいミドルでドライバーはOK、2打目で3wで思いっきり打ったら、気持ちよく右へ抜ける、、、修理地でボール発見してドロップし3オンの2パットでやっとこさボギー
工芸	ドライバー	何が壊れたんかなぁ~~~っと思いながら車を降りて後ろを見てみると、 ドライバーの金属部分(車の工具に入っているような奴) が右後ろのタイヤに刺さってました
工芸	ドライバー	炭素鋼にタングステンやクロムを添加して熱処理特性、耐摩耗性を改善した鋼で永切れします」 :青紙1号鋼使用鋼常三郎】:【鉋職人 播州三木打ち刃物包堀)80MM(赤樫・(ひだりうま)左馬常三郎 工具(レンチ・ドライバー)
工芸	ドライバー	初回30日間無利息+なんどでも1週間無利息 スナップオン・ツールズ オンラインショップそれぞれメガネスパナ、スパナ、ヘックスレンチ、小ドライバー、ナイフ等の小物、ネジ各種、カスタム用に使用する小さなパーツ達等が入っています
自動車	ドライバー	子会社こがいしゃ『あずまタクシー』のドライバーに対してにたいしても、安全あんぜん運転うんてんへの教育きょういく指導しどうに活用かつようする予定よてい」と話すはなす
自動車	ドライバー	これに加えて、「クルマ(自動車)の時代」を迎えると、国道1号、246、甲州街道などの主要な道路沿いにガソリンスタンド、修理工場など自動車関係の店や駐車場を備えたドライバー相手の店が立ち並ぶ新しい形の街道町ができ、さらに田園の真ん中に巨大な商業施設を集めた「パワーセンター」などの新しい商業立地も出現している
ゴルフ	ドライバー	ゴルフ場でのテストラウンドで、そのコースは距離が短かったのもあって、ドライバーは4ホールくらいしか打てなかったんですけど、それが今まで自分が使っていたものよりも、はるかにいい球が出たんです
自動車	ドライバー	F1ドライバーの佐藤琢磨選手は、大学まで自転車競技の選手したが、彼がレーシングドライバーとして活躍できるのは、自転車選手時代にインターハイで優勝するなど、アスリートとしての才能がずば抜けていたからです
工芸	ドライバー	【0005】このようなねじ締め機1にて冷却フィン17と、この上に重なるモジュール基板18とからなる製品16をねじ締めするときには、製品16をドライバー10の真下のベース板3に載置し、高さ調整用ブロック13の取付シャフト12を上下に移動させてドライバー10を、製品16をねじ締めするのに適切な高さに調整し、取付シャフト12を取付ブロック7の円筒6に固定する
ゴルフ	ドライバー	人気が受けられ、その規定打数の通いやすさ、競技会など、ドライバー、お互いの名前やプレーの切り方が定着しやすいゴルフがこの4つを変えつつ、フェアウェイウッドという場合は接待ゴルフの戦略性や方向にゴルフクラブを探していている姿勢を調達しよう
ゴルフ	ドライバー	30年前は当たり前として知られていた1インチと2インチドライバーの差、大型ホーンと小型ショートホーンの差、この違いを知る人が少なくなっているようです
自動車	ドライバー	【ベルリン共同】ドイツ西部アイフェルの道路で23日、トヨタ自動車でテストドライバーとして歴代のスポーツカー開発に携わった成瀬弘さん(67)の乗用車が対向してきた乗用車と衝突、地元警察によると、成瀬さんが死亡した
ゴルフ	ドライバー	ドライバーショットをミスして左の林に打ち込んだ後、フェアウェイを歩く彼の顔には笑みが浮かんでいたし、3打目のグリーンを狙う大事なショットもやや精彩を欠いていた
自動車	ドライバー	価格競争の激化のせいでドライバー達は寝る時間を削り、ルールも無視して働いており、ましてそれが高年齢者の方たちばかりという映像にショックを受けました
自動車	ドライバー	一応信号というものがあって横断歩道らしきものもあるんだけど さらに車さえ通らなければ赤信号であろうと歩行者はどんどん渡っていきますドライバーはさすがに信号は守っていたので、アテネは歩行者に関する交通規制は緩いんだなと思いました
自動車	ドライバー	落雷を見たドミニクが、その元へと急ぐと、車は落雷に遭い、ドライバーの女性は死亡、落石に閉じ込められたショックで記憶喪失となったヴェロニカは、古代言語を話すようになっていた
工芸	ドライバー	曲がってしまったときは、メガネドライバーを使ってレンズからつるを外して、ラジオペンチでそっと曲げてやるということを繰り返していたのだが、昨日もそんなんでラジオペンチで修復を試みていたら、今までの鬱憤が一挙に爆発したかのごとく簡単にぽきんと折れてしまった
工芸	ドライバー	炭素鋼にタングステンやクロムを添加して熱処理特性、耐摩耗性を改善した鋼で永切れします」 :青紙1号鋼使用鋼常三郎】:【鉋職人 播州三木打ち刃物包堀)65MM(赤樫・左馬常三郎 工具(レンチ・ドライバー)
工芸	ドライバー	+ドライバー、−ドライバー(S・L)、缶切り、栓抜き、ナイフ(S・L)、ワイヤーカッター、ペンチ、ウロコ取り、針取り、インチスケール、ヤスリ機能
自動車	ドライバー	経験の長いベテランドライバーほどそうした傾向があるが、これはクルマの技術が進歩したことによって、運転の仕方も変わっていることに気づいていないためだ
工芸	ドライバー	【従来の技術】製品のねじ結合部にねじ締めを行なうときは、固定位置に設置されたねじ締め機のねじ締め用のドライバーの真下に製品を持って来てねじ締めが行なわれており、図4はこのようなねじ締め機により、インバータの部品である冷却フィンとモジュール基板とを重ねた製品をねじ締めする状態を示す斜視図である
自動車	ドライバー	前半はドライバーが年上のKoさんより飛距離は劣るが、フェアウエイウッド、パットが良くてOBもあったが46(パット:15)とまずまずの成績であった
自動車	ドライバー	横断歩道で感じた危険から、話が大きくなったが、道路、クルマ、ドライバー、規制という個々のデザインだけではなく、モビリティのグランドデザインを描く必要性を強く感じている
工芸	ドライバー	写真上からプラスドライバー、小型ハンドドリル、小型ニッパー、ラジオペンチ、直径5ミリくらいの金属用丸ヤスリ、金属用平ヤスリ、金属用精密ノコギリ、細めの電子部品用糸ハンダ、15ワットくらいの先の細い電子工作用ハンダゴテ、以上
自動車	ドライバー	那智勝浦町の交通指導員協議会(久司博嗣会長)と新宮署は10日夜、国道42号甫子浦交差点付近で、信号で停車するドライバーに啓発物品とチラシを渡し、安全走行を呼び掛けるなど年末の交通事故防止活動を実施した
ゴルフ	ドライバー	そこで第1打のドライバーは目の覚めるようなナイスショット・・・・その後も、ないスプレーの連続・・・接待ゴルフは失敗に終わり・・・という具合です
工芸	ドライバー	プラモデルを作るのに通常使う工具があれば十分ですが、最低限ニッパとカッターナイフ、ヤスリ、ピンセット、ラジオペンチ、ドライバーは必要となります
工芸	ドライバー	50〜60年前に製造されたタルボットミラーの内部のネジが一部錆びていて、どんなドライバーでも回せなかったのを、ネジザウルスGTで弛めることができたとのことです
自動車	ドライバー	したがいまして、今後、交通管理者や地域の皆さんと御相談をさせていただき、ドライバーに速度抑制を促すための路面標示など、最も効果的な方策の実施について検討してまいります
ゴルフ	ドライバー	チャンプはさすがにほとんどパープレイ 師匠もしっかりパーディ取ってましたその中でも師匠のアゲンストでのローボール、バンカー越えのロブショットは素晴らしかったです 私もいろいろと教えてもらいました・ドライバーで飛距離を出すには、左手の角度を変えない・アゲンストではフェイスを返さ
その他	ドライバー	まず「とにかく大勢の人」「ドライバー」を狙いたいという要望には、同時間帯聴取率トップを続けている「大竹まことゴールデンラジオ」(月〜金曜13時)から、水曜パートナーの水谷加奈アナと木曜パートナーの光浦靖子が登場
工芸	ドライバー	トイレから大工さんが「便所が狭い」だの「ダメだ、全然ダメだ」などと独り言を言いながら金づちで釘をガンガン打ったり電動ドライバーでグイーンドドドドとねじを回したりとてもうるさくて寝ていられなかった
工芸	ドライバー	内容は、インシュロック、ラジオペンチ、モンキー、ドライバーセット、六角レンチ、ティンパニーの チューニングキー3種類(パール、ラディック、ヤマハ)です
工芸	ドライバー	全ての商品 花・ガーデン・DIY日曜大工・作業用品工具(レンチ・ドライバー)かんな平かんな外丸かんな内丸かんな面取かんな台直しかんな長台かんなその他
工芸	ドライバー	コインを入れてコースとドライバー選択、ゲームスタートにゴール、次のコース、クラッシュしても途切れない、名前入れまで途切れない、このテンポこそがパワドリの生命線
工芸	ドライバー	電動ドライバー ドリル 充電式【充電式コードレスドリルセット 12V 電動ドリル&ドライバー92点セット】日曜大工・ガーデニング・家具組み立てなど何でも来い
ゴルフ	ドライバー	今日は、ドライバー、5番アイアンのフルショット、8番を使ったヘビーラフからのショット、サンドウエッジを使ったヘビーラフからのロブ、バンカーショット、すべてヘリコプタードリルの練習
ゴルフ	ドライバー	ゴルフとは何か独自の解釈と、初心者の為にドライバー、ウッド、アイアン、パターの解説を紹介するサイトです ヤマハ ゴルフ ゴルフ会員権 ゴルフバー
工芸	ドライバー	私は、必要と思われる 大小のモンキー、大小のペンチ、ラジオペンチ、ニッパー、大小の金槌、大小各種の錐、ドライバーセット、工業用大型カッター、機械油の入った大小の注入容器、機械油噴射器耐水用サンドペーパー、その他気付いた物を揃え準備をした
ゴルフ	ドライバー	と言われコーナーまで行きましたが、母曰くクラブが違うらしいです木製で形はドライバーの形状のものとの事ですパークゴルフとグランドゴルフ何がパークゴルフ&グランドゴルフ
ゴルフ	ドライバー	ここ数年のドライバーの飛距離性能の向上著しいゴルフシーンで、上級者からは『14本のすべてが使えるゴルフ場』との評判を、またアベレージ、女性のお客様から『美しいフェアウェイですね』とご好評をいただいております
ゴルフ	ドライバー	プロ2年目となる石川遼選手は、好調なドライバーショットとは対照的に、何度もバーディーチャンスにつけながら決められず、我慢のゴルフを強いられた一日だった
ゴルフ	ドライバー	マンウーファンはものすごいアウェーでしたよ;;さけがgdgdに入りながら(28ときぐらいまでで、スクリュードライバーにドハマりしてしまい2はいのみ、さらていきてきにボチボチやってましたガンバライド
自動車	ドライバー	○ サービスドライバーは一番お客様と接する機会が多く、会社の看板でもあるわけですから、常に好感の持てる挨拶・サービスが大切であることを念頭に置き、毎日の業務に励んでおります
自動車	ドライバー	ドライバーをクラッチ操作から解放するセミAT変速機は、1980年代にポルシェ・962が実験的にPDK(デュアルクラッチトランスミッション)を搭載
ゴルフ	ドライバー	■ABUドライバー愛用者の声==トレーニングクラブなのに性能にこだわりました==ABUドライバー(アブドライバー)には、トレーニング用クラブとしては初の実践用チタンヘッド(SP700)が装着されています
ゴルフ	ドライバー	私はHDCP7なんですが、つい先日からドライバーを含めウッド全般がクラブのかなりトゥ側に当たってしまい、ボールが真右に飛んでいくシャンクのような症状が出ています
工芸	ドライバー	小学生のみなさんが使用した工具は、ニッパー、ヤスリ、ドライバーのみで、大学生の話をよく聞いて作業を進めていたので、時間内に完成しました(写真6&7)
ゴルフ	ドライバー	西コースINスタートして10番ロングでは、ドライバーがトップし、セカンドショットをスプーンで打ち、125ヤードのサードショットをPWでピン右3メートルにオン
自動車	ドライバー	当時マクラーレンのテストドライバーだったヤン・マグヌッセンがロンに隠れてタバコを吹かしていたところ見つかってしまい、罰金を取られたというエピソードすらある
自動車	ドライバー	ある2輪ドライバーが高速5号線を時速245キロで走る映像がインターネットにアップロードされた件で、オートバイを運転していた男性が警察に出頭した
自動車	ドライバー	他のドライバーならば、ちょっと小ずるい、やや走路妨害とも思える方法でブロック走行のラインを変えることも時々あるのに、ビルヌーブに限っては走路妨害のカケラも感じさせなかった
自動車	ドライバー	ドライバー仲間でコースが大体分かっているのか、それとも先々のお店と手を握ってるのか、まあ、どっちでもいいことで、変にオリジナルなコースへ連れて行かれるよりもかえって安心でした
ゴルフ	ドライバー	もちろん特注で作られたドライバーとボールを使用したんですが、もちろん宇宙空間で打つのは史上初(ちなみに月面上ではアポロ14号の宇宙飛行士がティーショットをしているそうです)、企画したカナダのゴルフクラブ製造会社は12年間宇宙を飛び、飛距離は30億キロ、その後大気圏に突入し燃え尽きると予測しているそうです
ゴルフ	ドライバー	親父のおさがりのクラブを使っていて、ドライバーで308gのC8、5番アイアンで350gのC8でカーボンシャフト、と全体的に軽めのセッティングなんですが、自分は29歳で力もそこそこ自信ある方なんですが、このまま軽めのクラブに慣れていっていいものなのでしょうか
自動車	ドライバー	現地までの足として、前日から泊まり込んでいた赤坂、それに葛西がドライバーを務め、園崎家提供の高級車と大型ワゴンに分乗し、朝早くから海へと向かっていた
自動車	ドライバー	今回の結果が来シーズンの2009年シーズンの参戦に直接関係ないと思いますがチームとしては参考になるでしょうね、今回もレベルが高いドライバーオーディションだったと言えますね
ゴルフ	ドライバー	当然、一打でカモを黙らせるドライバーのロングショットより、職人技的なコントロールショット主体の『したたかでミラクルなゴルフ』が身上となるでしょう
工芸	ドライバー	商品情報サイズ幅585×奥行355×高1864mm 脚の高さ:70mm材質プリント紙化粧繊維板、ラバーウッド(ウレタン樹脂塗装)収納目安婦人靴サイズで30足備考移動棚板をはずせばロングブーツも収納可能移動棚:7枚(厚さ10mm/30mm間隔で可動)棚板耐荷重:約5kg免震バンド付属商品構造お客様組立て品(必要な工具:プラスドライバー、ハンマー)生産国日本製メーカー白井産業配送情報送料送料無料
その他	ドライバー	[互換モード] を "Windows Vista" に変更して、ドライバー自体はインストールできたのですが、テレビを見ている最中に、音声は聞こえるのですが以下のメッセージがときどき表示され、ほとんどラジオ小説状態になってしまいます
工芸	ドライバー	炭素鋼にタングステンやクロムを添加して熱処理特性、耐摩耗性を改善した鋼で永切れします」 :青紙1号鋼使用鋼常三郎】:【鉋職人 播州三木打ち刃物包堀)70MM(赤樫・(ひだりうま)左馬常三郎 工具(レンチ・ドライバー)
ゴルフ	ドライバー	ところで、ドリルビットやドライバービットといった出力ビット50は、ハンマードリル用のSDSプラス型シャンクを持たないために、SDSプラス型シャンクを有するアダプター50’を介して装着することになるのであるが、このアダプター50’は通常のSDSプラス型シャンク(図7(b)参照)と少し異なるものを用いている
自動車	ドライバー	私はトラックドライバーをしていますが国立の阪大法学部を卒業しています、このスレにいる頭の悪いバカなサラリーマン運転手とは違い、先生のおっしゃられる事も理解する事も出来ます
自動車	ドライバー	地域ちいき住民じゅうみんだけでなく、市場しじょう前まえを通りとおりかかったドライバーも訪れおとずれ、1日にち平均へいきんで60人にん余よが購入こうにゅうしているという
ゴルフ	ドライバー	ティグランドでドライバーを握らないと恥と感じるアマチュアゴルファーが多いのですが、ドライバーが苦手であったり、その日の調子が悪かったりすれば、代りのクラブで打てばいいのです
自動車	ドライバー	空港からリゾートに向かう途中、送迎車のドライバーが教えてくれたので、ホテルのレセプションで確かめてみると「あの店はおいしいよ」と快く車を手配してくれた
自動車	ドライバー	人材派遣、紹介予定派遣、人材紹介(正社員紹介)のお仕事を中心にオフィスワーク、販売・サービス、ドライバー・軽作業、工場、医療、介護・福祉など幅広い求人情報が満載で、コラムなども充実している人気 そして ベッドにいる時間が短くなります
ゴルフ	ドライバー	例えば、ボールが上がらなくて悩んでいる人は、ボールが上がるクラブを使うとか、ドライバーがどうしても右に曲がってしまう人は曲がらないようなクラブを使うとか、飛距離が出なくて悩んでいる人は、飛距離を簡単に出す事が出来るクラブを使うとか本当に色々あると思います
自動車	ドライバー	ミセス・シャーリーンとドライバーのジョン、このツアーの添乗員の女性と、たまたま同じツアーに参加した函館からいらっしゃった純子さんとで、会話を楽しみながらのお茶です
自動車	ドライバー	車関係の記者は「ドライバーが殺人を犯さないために」というタイトルで、車体そのものに歩行者を察知したり、歩行者との衝突時に歩行者への衝撃を和らげるための規制「歩行者頭部保護基準」について述べていた
自動車	ドライバー	この「評価損益」をもとにドライバーの歩合給を定めるように変更したところ、ドライバーは利益を少しでも多く出すために、時間に余裕のある時は高速道路を使わない、停車中には燃料の無駄遣いをしないようエンジンをこまめに切るようになった
ゴルフ	ドライバー	後半はパットのみならずドライバーもウッドも力を入れず楽に振る極意で上昇気流に乗り、実にアウト7番までボギー・ペースだったが矢張りここから力んだのだろう、崩れて50とは惜しかったではないか
自動車	ドライバー	清水和夫、吉田寿博選手の日本人ドライバーに加え、2008 SUPER GTのインプレッサGT300で速さをみせたカルロ・バン・ダム(オランダ)と地元ドイツ人ドライバー(後日公表)の4名が走る
自動車	ドライバー	今後は、飲酒運転をすることを知りながら、酒類を提供したり、飲酒運転をそそのかすなど、教唆・ほう助容疑での摘発にも、力が入れられることになり、そうした悪質なドライバーが検挙・逮捕されることがあれば—ということである
自動車	ドライバー	これに有力ドライバーのいるスペインや、チームの所在地になっているイタリア、フランス、ドイツなどのジャーナリズムがイギリスに対抗して騒いでいるというのが実態で、そのニュースの多くは、かなり恣意(しい)的(きまま)なものである
工芸	ドライバー	私道に止めてあった車をドライバーで壊し、現行犯逮捕しようとした女性巡査(30)の手を刺したとして、奈良県警捜査1課と田原本署は6日、傷害と公務執行妨害などの疑いで同県田原本町宮古、無職の男性容疑者(65)を逮捕した
工芸	ドライバー	ネジ単位までバラして(爆)、そのままMyドライバーとMyスパナ(ロマンス小説でよくある「組み立て式の本棚を口実にヒーローを誘い出す」なんて出来ないタチらしい
工芸	ドライバー	受験勉強によって知識を得ることを、レンチ、ドライバー、ラジオペンチといった道具を買いそろえることに例えるなら、「生きた知識」はこれら道具を使いこなす方法を学ぶことである
ゴルフ	ドライバー	ドライバーの打点の位置でクラブが地面と直角だと上にはあがらない →どうもクセで、体の左ベトナム全土はムリですが、ハノイとハロン湾に行ってきました☆ 旅の始まり・・
その他	ドライバー	このあたりについては、「マルチメディア関係の不要なドライバーは殺しておく」、 「もう一度audiowerkのセットアップをやりなおす」などの対策は考えられると思いますが、 残念ながら具体的なことは私にはわかりません
自動車	ドライバー	選手権を追うラモン・フェレイロス(ペルー)やグスタボ・トレレス(ウルグアイ)といった強豪ドライバーは出場していないが、地元ギリシャを中心にグループN車両は12台がエントリー
自動車	ドライバー	カートでもそうでしたけどよくスピンする初心者ドライバーはコーナーでいつまでもハンドルを切っています(カートはブレーキとアクセルで曲げるんだーなんて言ってました)
ゴルフ	ドライバー	首位と4打差でスタートした小田選手は8番ホールのティーショットでOB性のドライバーショットを打ったのだが、そのボールがギャラリーの肩に直撃しフェアウエーに戻ってきたのである
自動車	ドライバー	常にドライバーの視界にあり、マシンコントロールの中枢を担うパーツのモディファイは貴方のドライビングプレジャーをもう1ランク上にシフトさせる事でしょう
工芸	ドライバー	ちなみに僕はドライバーとお揃いで意味も無くスナップオンを使っていますが、専用工具ではなく、バスポンドさんから便利なキーホルダーレンチも出ています
自動車	ドライバー	また、ITSができると、道路と車がドライバーをサポートしてくれて、衝突(しょうとつ)を防いだり、より安心して運転できるようになったりもするんだ
その他	ドライバー	だけど本体添付のリカバリーディスクがみつからなかったのでドライバー関係がさっぱりなので別のPCでメーカーサイトから落としてきてCFカードにコピーして移しかえる
工芸	ドライバー	■セット内容量:本体、巻き取りケーブル1個、ミラーパネル(本体に装着済)、交換用クリアパネル、パネル交換用ドライバー、予備ネジ、取扱説明書・保証書/本体サイズ:幅56mm×高さ86mm×厚み20mm(LED、スイッチ、ネジ部の突起を除く)
工芸	ドライバー	昔、日常的使うドライバーを決めるべく、いろいろな会社のNo2のフィリップスドライバーを集めて、3mmのネジを締めていって頭を舐めずにネジ部分をねじ切ることができるかを試したことがある
工芸	ドライバー	女子の車にドライバーなどの工具類は当然搭載されていないので、松本さんが持っていた「ソーイングセットのハサミ」という、非常に女子っぽいアイテムを使い、ネジを回す
その他	ドライバー	ベルトにスーパーショッカー、デストン、GOOD、ゲドン、ブラッサタン、ネオショッカー、ジンドグマ、バダン、大ショッカーのエンブレムがドライバーに浮かび、闇に包まれていてわからないが形状は変わらす、カラーリングは龍騎・ブランク体に近い色になり、物的な攻撃料は下がるが、相手の脳や精神に与えるダメージや、暗殺用の隠密性は格段に上がっている
ゴルフ	ドライバー	アテスト終了後岩田はすぐさま練習場へ行き、2打席向こうでドライバーを打ち込むS・アップルビーのショットを何度も見つめるなど、ショット、アプローチ、パッティングの練習は、遅くまで続けれた
自動車	ドライバー	また、エンジンブレーキダウンシフトでは、M/Tでするように、ドライバーがシフト中だけアクセルペダルを少し踏んでやるようなことも面白いとは思いますが、耐久性には殆ど関係ないので自己満足的ではあります
自動車	ドライバー	広尾町老人クラブ連合会長で同ドライバーズクラブ会長の吉田秀明さん(75)は「ドライバーはもちろん、歩行時の安全意識啓発につながる活動を展開したい」と話す
自動車	ドライバー	全日本トラック協会主催「第38回全国トラックドライバー・コンテスト」の各部門優勝者による首相官邸への表敬訪問が12月7日(木)に執り行われ、佐川急便からは2トン、4トン、女性部門の優勝者が出席し、コンテストの結果を報告致しました
ゴルフ	ドライバー	後半最終ホールのロングホールはドライバー、ヘアウェイウッドともによくあたり、ピンまで50yまできましたが、アプローチでうまくいったとおもったのですが、グリーン手前におちあげくのはてに3パットしてしまいました
自動車	ドライバー	●ストーリー●タクシードライバー、ジャック(ドウェイン・ジョンソン)の車に少年(アレクサンダー・ルドウィグ)と少女(アンナソフィア・ロブ)が乗り込んでくる
自動車	ドライバー	ただ平成12年春までA・Bブロックで工事が行われていくことや、ドライバー・歩行者とも今の交通の流れに慣れていることから、柏崎署や関係機関などでは安全・円滑な交通確保に理解と協力を求めている
工芸	ドライバー	で、何が最低限必要かと言えば、いわゆるネジを回す”ドライバー”、そしてボルトナットを回すためには、”スパナ”とか、”眼鏡レンチ”、それに”ソケットレンチ”等でしょうか、あと最近のバイクによく使われている”アレンボルト”=”六角穴付ボルト”を回すための”六角レンチ”も欲しいかな
ゴルフ	ドライバー	従って、ドライバーとアイアンの調子が悪い時はパターでラウンドする、ショートゲームの調子が悪い時はドライバーでアプローチやパットをする、という方法で実際のラウンドは回避できる
自動車	ドライバー	東北道方面、常磐道方面とも大型車19台、小型車24台、トレーラー2台分の駐車場、トイレ、自動販売機が設置されるだけなので、巨大花瓶がドライバーの心をなごませることが期待される
自動車	ドライバー	ドライバー(車)同士には、お互いのミスをカバーしょうとする回避能力があるので、よほどのミスが重ならない限り車同士の事故には結びつかないものです
工芸	ドライバー	(六四) 電気グラインダー、電気ドリル、電気かんな、電気のこぎり、電気スクリュードライバーその他の電動工具(定格消費電力が一キロワット以下のものに限る
工芸	ドライバー	その理由ですが、長めのドライバーやタイヤレバー、メガネレンチを入れた際、巻いただけの収納(長い工具では片方しかポケットに入らない)なのでレバーが外に抜け出す・・・欠点があります
自動車	ドライバー	ドライバーが運がいいのか私が運がいいのか聞いてくるのを忘れましたが剱岳の断崖絶壁でも「うん」のいい人だったので多分私のことをからかって言ってたのだと思います
自動車	ドライバー	といいますのは、まず、1後続のクルマの存在を把握しづらいこと、そして、2ヘッドライトを点灯する理由を理解できていないドライバーが後ろを走っている不安感が背景にあります
ゴルフ	ドライバー	前ちゃんのトップの位置は高く、クラブがダウンスウィングでスティーブ(鋭角)に入りボールのスピン量が増えドライバーショットなどが、ボールが吹き上がり飛ばない現象になっているコントロールも難しい トップの位置はコンパクトに低い位置(フラット)が前ちゃんにはあっているもともと野球をしていたのでパワーは十分にある
工芸	ドライバー	プラスチックの工具箱(この中にメガネレンチ、ドライバー、ガムテープ、エアゲージなどが入っている)、水ボトル、水抜き剤、補充用冷却ボトル、クロスレンチ、足踏みポンプ(バーバリー(
ゴルフ	ドライバー	用具はゴルフのドライバーを短くしたようなクラブとゴルフボールを一回り大きくしたようなプラスチック製のボールだけですが、私は左用の貸クラブを借りました
自動車	ドライバー	〇土持委員 違法駐車の問題と、それからバスが停留する場合の入り口の角度の問題で大分違うと思うんですけれども、大変に困難を来している高齢者や障害者のことを考えますと、ドライバーに対する教育も必要でありますけれども、そうした環境の整備をもっと強力にぜひお願いしたいというふうに要望しておきたいと思います
自動車	ドライバー	レイ・フロイドも一時の燃え尽き症候群からカムバックしたとき ドライバーなどの大物よりも パット、アプローチなどの小技の感覚が戻らず苦労した との事が本に書いてあったが、マスターズチャンピオンならずとも 日曜のグリーンは現在 年4回ゴルファーの津軽屋には手強かった
自動車	ドライバー	原付はそのまま走って行ったが、バイクのドライバーは怪我(擦り傷)の為にその場に残っていると、近所のオッチャンが手当てをして、警察にも通報していた
その他	ドライバー	PINGのドライバーのホーゼルも色々なパターンが用意されているので、これできっちりフィッティングしてもらったら自分にぴったりの物が見つかるんでしょうね
ゴルフ	ドライバー	みんな力はいってダメなんじゃないの」っていってたらまずは俺が左のバンカー、つぎの人はもっと左に行き隣のコース、次は右にOB、4人目は左にまたまた隣のホール、コースが見えたとたんにみんなドライバーがおかしくなった
自動車	ドライバー	社員のドライバーからも「もっと気楽でいいから身構えず、ゆっくり仕事覚えていいよ」と云われ「そんなんじゃ一人前になる前に〇〇君は潰れてしまうから楽な気持ちで」と所長からも一言いわれました
ゴルフ	ドライバー	「昔はドライバーを振り回していましたが、フェアウェイキープの大切さが、この歳になってやっと分かりました」と、父の正確無比なショットを見習って、ツアー復帰に挑む
ゴルフ	ドライバー	5番のPAR5でドライバーをヒッカケ、フェアウェイへ戻すつもりが強く入りすぎてラフまで転がり、そこからの3打目がラフに絡んで半チョロ、結局5オン2パットでここでもダボ
自動車	ドライバー	その後5番手の車両を突っつき始めたが、運悪く他のドライバーが捨てた、通称「捨てバイザー」が前輪にへばりつき取れなくなり、グリップが低下(らしい)
工芸	ドライバー	・木づち:なるべく大きめのもの・工具:スパナ、ドライバーなど・脚立または台:高さ50〜100cmくらいのものポール別売り大型鯉セットのこいのぼり対応のポールです
自動車	ドライバー	●悪の偽タクシードライバーとなって女性を狩る禁断の喜び情け容赦ない悪の主人公となり女性達を狩るためにタクシーで徘徊し、捕まえた女性達は監禁・調教というハードな展開のアドベンチャー
ゴルフ	ドライバー	ドライバーからどのアイアン、パターをもっても、あなたの基本テンポ内で同じ リズムで振ろうと思っても、長さが違い重さが違えば同じ時間で振ることは出来ません
自動車	ドライバー	制御装置は、駆動輪と路面の間のスリップ率を表現するスリップ状態量αを取得する取得手段1と、予め定めた制御則f(α)に基づきスリップ状態量αを用いてドライバーから入力されるトルク指令値T*に変換を加える指令値変換手段2と、そこで変換された値をトルク入力値Tとして電動モータEMの発生する駆動トルクTmを調整する駆動手段3とを備える
工芸	ドライバー	根性の無さもガチです(・ё・)ニッパーやドライバーの工具類も百均で十分済ませられると思う商品ランキングというのがネット上で行われていましたその結果ガムテープなんかも避けた方が良いみたいです( ́ヘ`;)有名メーカーの食材はともかく、聞いた事もないメーカーの品目や胡散臭い中○製の食器とかは凄く有難いですね
工芸	ドライバー	何とか外すことができました、片側は力いっぱい引っ張ら外れましたが、片側はどうしても外れずやむなくプラスチック部をニッパーで切断したところ、ベアリングがガッチリと食いついておりました、隙間にカッターナイフを入れ少し隙間が開いた所にマイナスのマイクロドライバーを差し込みやっと外れました
ゴルフ	ドライバー	8番のロングでドライバーがやや右へ、2打目が枝がトップで気になる、、、どうにか打ったけどやっぱりミスして右ラフ、3打目はフェアウェイに戻すだけ、4打目でグリーンオンしたけど、、、3段グリーンの中段、、このグリーン一番上から一番下まで標高差多分7mぐらいあるわけのわからん3段グリーン、、僕の場所からでも2m近く登る、、、これをどうにかカップに寄せて2パットで収まったのでしゃーないやボギー
ゴルフ	ドライバー	ドライバーショットの思い切りの良さと16歳の勢い、流れ、強運はある、秘めた可能性に掛けてみたいが、長くタフなセッテングは、毎ホールがアングリ口をあけた地獄の連続だ
工芸	ドライバー	■組立に必要な工具:はんだごて、ラジオペンチ、ニッパー、ドライバー (※動作電源や周辺パーツ等はお客様にて準備していただく上級者向けキットです
ゴルフ	ドライバー	またゴルフ関連商品については、「ドライバー」「アイアン」「ゴルフボール」などの詳細ジャンルごとに、メンズ、レディース、ブランド別にカテゴリー分けした
ゴルフ	ドライバー	コルヴェアに対するネーダーが挙げた証拠の一部にフォード社が制作したプローモーション映像があり、この中でフォード社のテストドライバーは意図的に不安定に見えるようにコルヴェアを旋回させていた
その他	ドライバー	オモロさんが戻ってきてこのことを話すと、バブーンもわかっていてドライバーが乗っているときは襲ってこないが、お客さんだけになると襲うことがあるとの事
自動車	ドライバー	タクシードライバー★★★★マーティンスコセッシ監督、ロバートデニーロ、ジョディフォスター=アイリス、ハイベイカイテル=スポーツ、タクシー運転手のロバートは世の中の汚い悪にいきどうり感じ自分を変えるため13歳の娼婦のフォスターを助けようとカイテルの所へ乗り込み皆殺しにして自分も撃たれ重体になる、新聞に取り上げられ、フォスターの父親から手紙をもらい、前ふられた彼女を乗せたがお金を取らず去った
自動車	ドライバー	の市道と通学路の安全対策計画についてというような質問でございますが、道路の安全対策につきましては、交差点改良や歩道の整備などを計画的に進め、危険箇所の改善を図っているほか、路面標示や注意看板の設置により、ドライバーへの注意喚起を行っております
自動車	ドライバー	トスカーナを案内してくれたドライバー曰く日本人はあまりトスカーナに行かず今回が初めてだと言うことでしたが私達は非常に気に入ってしまい次回来るなら滞在はトスカーナにしようと思ったくらいです
自動車	ドライバー	予約申込書にてご依頼いただけば、お客様の到着の時間に合わせて、ナポリ空港またはナポリ中央駅で、ドライバーがお客さまのお名前を示してお待ちしています
工芸	ドライバー	「電動ドライバーがあればこんなもん、すぐ終わるのになあ」とか「真っ直ぐ印をつけるのって難しい」とか「大工じゃなくてよかった」とかいろいろな思いが胸をよぎるうち、「見よう見まねでもなんとかなるもんだなあ」とレールの取り付け終了
自動車	ドライバー	ちなみにあのエチオピア人のタクシードライバーはエチオピアで生まれ、その後ドイツで暮らし、それからボストンに移住したとのことで、奥さんはブルガリア人で本人によると極めつけの美人だそうです
その他	ドライバー	HD800のプロダクトマネジャーであるモーリス・クルレ氏は、初のオープン型ヘッドフォン「HD414」からの同社のヘッドフォン技術の進化に触れ、HD800のリング形状ドライバーなどの特徴を紹介
自動車	ドライバー	交通死亡事故ゼロの日が9900日間続いている広島県三次市の作木町で昨日、住民と共に地元の小学生たちが「安全運転をお願いします」と声をかけ、交通安全を呼びかけるチラシや地元の人たち手作りのお守りを車を運転するドライバーに手渡して安全運転を呼びかけたという話題をあさひさんが爽やかに伝えました
ゴルフ	ドライバー	バーディを取って当たり前のプロならともかく、1ラウンドに5個ボギーを打ってもいいHDCP5のプレイヤーにバーディは必要ないし、ましてや2ホールに1回ボギーでいい「ぎりシン野郎」は、ドライバーでドローを打ってふだんより20yよけいに飛ばそうとか、7アイアンのフェードで速いグリーンにボールを止めようとか考える必要なんてまったくないと
自動車	ドライバー	3番手ドライバーから4番手ドライバーに最終義務ストップを経て、ドライバーチェンジをし後はどこまで順位を上位にくい込ませるかって感じで僕もチームの皆も思った事でしょう・・・
自動車	ドライバー	元F1ドライバーであり、ドイツ語でコメンテーターを務めるクリスチャン・ダナーは、FIAがドライバーの 減量ブームに対抗すべく、手を打つべきだと語った
自動車	ドライバー	ドライバーガイドによる4駆スーパージープにてシンクヴェトリル国立公園から不毛の山道を走破、ヴァトナヨークトルに次いでヨーロッパで2番目に大きい氷河ラングヨークトルまで足を伸ばします
自動車	ドライバー	ドライバーの希望する速度まで加速するまではずっと追越車線に居座る車が多いようで、さらに追越車線にたまって遅くなっていくという悪循環に陥っているようでした
自動車	ドライバー	しかし、出場するドライバーの顔ぶれは豪華で、05年のPCWRCチャンピオン新井敏弘選手率いるアライモータースポーツから新井選手、鎌田卓麻選手、若手の小館優貴選手、中島正裕選手、オーストラリアからアジア・パシフィックラリー選手権に参戦しているディーン・ヘリッジ選手もやってくる
自動車	ドライバー	ちなみに最高齢ドライバーは52歳、又Finalで3位になったArrowのドライバーは、ウエイトチェックの時、ウェイト無しの状態で167kgだった
工芸	ドライバー	今やレンチやドライバーに限らず、あらゆる工具全般を扱うアメリカの総合工具メーカーですが、なぜこれほどまでにプロが愛用し、そしてアマチュアが憧れるのか
自動車	ドライバー	中家清・新宮署交通課長は6月1日から改正道路交通法が施行され、「那智勝浦新宮道路」での後部シートベルト着用、75歳以上のドライバーの「もみじマーク」表示が義務化されることなどを紹介した
工芸	ドライバー	このドライバーは押し込むと先の部分が回るようになっているので、これをネジに当てて、後ろをトンカチで「ガツン」と一発カマスと・・・・ネジがゆるみました(笑)
自動車	ドライバー	目的のお店いずれも定休日で入れず、諦めて9月に訪れたこちらのお店の駐車場に車を停めて中に入ったところ、平日にもかかわらず通りすがりのドライバーさん達で結構混雑していました
ゴルフ	ドライバー	ドライバーだけでなくアイアンにも「Tour AD」シャフト仕様がありますので、今まで男性用のクラブを使っていた方から初心者の方まで、多くの女性に試していただきたいと思っています
自動車	ドライバー	近くに係員がいれば良いのですが実際はいないところが多く、車いす利用者が単身ドライバーの場合、いったん通路に車を止めて車いすを出し、乗り移って自分でポールを動かし、また車に乗るといった大変な労力と時間がかかります
自動車	ドライバー	いっぽう、2月末の報道では、トレーラー側のドライバーは自動車運転過失致死傷容疑で送検、運送会社は、同容疑と道路法違反容疑で家宅捜索を受けています
ゴルフ	ドライバー	ゴルフ場のが、コースや角度の組にはゴルフクラブは話し合って、ドライバーや立ち方に残ってみましょうか、山に集まることな設定が正しいのはティショットのくせなどをパーとプロについても大切な形の配慮で日本人が優勝を守ることです
ゴルフ	ドライバー	ドライバーなど1本7万円以上するような物もありますが、これは競技としてゴルフをする人、年輩の方で力が弱い人向けのクラブなので、そんな高級なクラブを最初から買う必要はありません
ゴルフ	ドライバー	1番ウッドを「ドライバー」と呼ぶようにニックネームのついたゴルフクラブが何種類かあるが、サンドウェッジを「ダイナマイト」と呼ぶのはご存じだろうか
自動車	ドライバー	(ぼったくりの代表格なので・・・)例えばさらりとした梅酒好きのドライバーの方は1本梅酒を我慢すれば、ガソリン5~6Lを120円でいれられるということですよ
工芸	ドライバー	その点、溝より小さいドライバーは軸も細く、ピンセット等であらかじめネジ穴の付近に置いた小ネジを扱い易く、溝に先端を入れるのも簡単でそのとき小ネジが動きにくく、狭い場所での作業もやり易い利点があります
ゴルフ	ドライバー	ゴルフ クラブ・ギア ボール CALLAWAY GOLF キャロウェイ史上最もソフトで、最高の飛距離性能を持つプレミアム・ディスタンスボール◆進化したソフト・高慣性モーメント・デュアルコアで非常にソフトなフィーリングとドライバーでの驚異的な飛距離を同時に実現さらに進化した非常にソフトなデュアルコアテクノロジーを搭載
自動車	ドライバー	先日、金浦空港近くでタクシーに乗ったところ、韓国人の運転手さんが何やら携帯電話で他のタクシードライバーと昼食の待ちあわせをしている様子なんです
自動車	ドライバー	フィルムもほったらかしになっていたが、ゴダールがこれを編集、パリの大学に通学する若い娘と、彼女がヒッチハイクした車のドライバーが、いつも通い慣れているのに、洪水ですっかり様変わりした道々を脱線しながらパリを目指す、シネ・スケッチとして再生させた
ゴルフ	ドライバー	下図のようなイメージでしょうか、青色がアッパー打球の放物線でドライバーで打つボールの軌跡であり、赤がアイアインで打つ逆回転をするボールの軌跡です、グリーンが真っ芯で捕らえたライナー打球となりゴルフで言うならトップボールで失敗打球になってしまいます
自動車	ドライバー	日本人ドライバーを活躍を期待するためにも、そしてCART全体のレベルアップ、ヒートアップしたレースの展開を期待する意味でも、F1から撤退したグッドイヤーがCARTにその精力を注ぎ込んで、ファイアストーン勢と肉薄する戦いを見せてくれることを願いたいものだ
ゴルフ	ドライバー	自己流でドライバー、ロングアイアン共スライスがかかり思う所にボールが飛んでくれず、何回やってもスライスばかり何故スライスに成るか自分でも見当がつかずなんとゴルフは難しいものかと始めて気がつきました
自動車	ドライバー	レース・ジムカーナ・ラリーなどのトップドライバーが楽しくレクチャーしてくれる、ビギナーのための楽しいイベントなどを、シリーズとしてスラローム・サーキット形式で年に4〜5回開催
その他	ドライバー	WatchPointソフトウェアはWinPcapパケット・キャプチャーライブラリ並びにUSBドライバーとグラフィカル・ユーザ・インターフェィス(GUI)が組み込まれています
自動車	ドライバー	この度、日本のスズキ自動車とインド政府の合併会社運転手訓練調査協会(IDTR)が、パトカーや3輪車タクシーなどの公共運輸機関に勤務するドライバーを対象に、 運転試験を行ったそうです
ゴルフ	ドライバー	テーラーメイドのドライバー「ツアーバーナー」ですが、 先日の「なおいちゃん杯グレート」で全く当たらず、※打ち方悪いのわかっているんですがしかも汗で滑ってばかりなので、他のクラブと同じようにイオミック(青)を装着しました
工芸	ドライバー	従来のハサミ、マイナスドライバーなどの機能はもちろん、「今、ちょっと明かりが欲しい・・・」、そんな場面で活躍する赤色LEDライトが装備されたベーシックモデルになっております
自動車	ドライバー	自動車研究所時代の研究成果を基に、保険会社から『自動車事故の工学鑑定』を受注し、中心的に行った『むち打ち症の鑑定』で我が国のドライバーの損害保険料を平均10%値下げさせる事に成功した
自動車	ドライバー	昨年オーストラリアでチャンピオンを決めた三菱のマキネンだが、今年は5人のワークスドライバーにチャンピオン獲得の可能性があり、緊迫した闘いになることは必至である
自動車	ドライバー	F1ドライバー中嶋一貴のF1デビューシーズンを記念して、F1ウィリアムズチームの公式ウォッチパートナーを務めるORISから中嶋一貴 デイデイトリミテッドエディションが登場しました
自動車	ドライバー	この日表彰台でシャンパンをあけた主戦ドライバーの木下は、「今回の結果はレースマシンの性能ではない、純粋にタイヤがもたらした結果であり、特に、濡れた路面用タイヤの性能はハンコックタイヤが世界最高」であるとハンコックタイヤの功績を称えた
その他	ドライバー	CSRは、従業員にとって働く意欲を高めるものであり、企業の多様な人材の活用は事業活動を効率的に進め、イノベーションを促進するドライバーになるという指摘である
ゴルフ	ドライバー	ルン気分、さてドライバーショット、飛距離235ヤード〈たいした飛距離ではない)さてここでパーオン狙いでアイアンの選択に窮した、「キャデーさん、あと残り何ヤード
自動車	ドライバー	この機能があるために、ドライバーはピットレーン内でも周囲に気を配りながら走行することができたのである(ピットレーンでの接触は未遂ながらもしばしば発生する)
自動車	ドライバー	その時の状況ですが、前を走行中の車(怖い人が乗ってそうなフルスモーク、フルエアロのセダン)を追い越したところ(法定速度内)、その車のドライバーが気にくわなかったらしく、追いかけられました
ゴルフ	ドライバー	そもそもドライバーショットでビハインド・ザ・ボールのアドレスからアッパーブローを進めるマイク小西のゴルフ理論は、スライスに悩んだり、飛距離アップを望むアマチュアには有効ですが、プロにはフックの度合いが大きくなり危険といわれている
工芸	ドライバー	このネジは元々、サイズは小さいし、ネジ自体LaVie Lightに埋まっている構造なので、輪ゴム入れたら精密ドライバーと言えど、入らないッス(TワT;)
自動車	ドライバー	運転に関しては超ベテラン(元はトヨタのワークスドライバー)、年齢的には還暦になったばかりで“初心者老人”の著者が、老人ならではの運転に関して述べた本です
その他	ドライバー	仕方なく、Webサイトからドライバーをダウンロードしてインストールしようとすると、こんどはダウンロードしたインストール・プログラムが実行しない
自動車	ドライバー	いわゆる大型連休中のドライバーは普段あまり運転をしない者も多く混じっているというが、その中には「それらの時期にしか運転をしない」という者も少なくないようで、そのせいか道中やたらと故障車を見かけた
自動車	ドライバー	理由は定かではありませんが、恐らく推定するに、ハイオクガソリンはバイクでもクルマでも趣味性の高い車体に使われることが多いので、ドライバー/ライダーは性能に敏感です
ゴルフ	ドライバー	2名によるプレイオフが始まり2人とも完璧なドライバーショット、セカンドショットをピン8mにつけたが石井プロはピン20cmに寄せられ万事休すです
工芸	ドライバー	使いやすいバルサ材や発泡スチロールなので、用意する道具は、大型カッターナイフ、はさみ、ペンチ、ドライバー、時計用ドライバー(小さなネジが多い)多用途接着剤、紙ペーパー(発泡スチロールの断面をキレイに)、虫ピン(発泡スチロールにピンで仮止めに使用できる、ハリガネなど
工芸	ドライバー	するとどうでしょう、昔のこぎりやで真っ直ぐ切ることやかんな掛けが苦手だっ たので木材加工がきらいだったのですが、 電気ノコや電気かんな、電気やすり、電気トリム、電動ドライバー・ドリル、な どなんと安全で便利なものがあるのでしょう
ゴルフ	ドライバー	レッスンプロの教えで、「最近のドライバーは、早くリリースを解くように出来ている」と言うが、 そのようなことはない(軽いクラブを作るメーカーの入れ知恵か)
工芸	ドライバー	普段はドライバーとして使用ができて、十字穴のつぶれたネジや錆びたネジなどを緩めたい時はハンマーで叩くと瞬間的に刃先が逆回転する構造設計を行いました
自動車	ドライバー	高校の頃ホンダ・エコノパワー大会にドライバーとして参加してたんだが、その頃から習慣としてエコラン(流れには乗れる速度なら乗る)してたから結構良い燃費になりましたよ
自動車	ドライバー	また、チームのブラウンGPもコンストラクターズランキングの首位に立っており、昨年のハミルントン&マクラーレンに続き、2年連続でドライバー、チームともに英国勢が制覇する可能性が高いと言われている
ゴルフ	ドライバー	ドライバーには多少のブレが目に付いたものの「アイアンの距離感とパットが良かった」という石川遼は、出だしの10番パー5で3メートルを沈めるバーディスタート
工芸	ドライバー	工具は、普段使用する工具を右側のバック(ラジペン、ニッパー、ドライバー、ストリッパー、ナイフ)に入れ、左側のホルダー(ウオーターレンチ、ペンチ)にはあまり使用しない工具を入れました(右ききですから)
工芸	ドライバー	【0013】また、製品に複数個のねじ結合部があっても、ユニット位置決め装置によりドライバーユニットのドライバーをねじ締めするねじ結合部に自動にて位置させることができる
ゴルフ	ドライバー	ドライバー、ドンと打って、アイアンでピン側にピタッと寄せ、コロンと入れて、これが私のゴルフですと言ったんじゃ、ゴルフの神様は本当に怒ってしまう
ゴルフ	ドライバー	それでも距離はなかったこともあり、特にINはロング以外はドライバー封印し、42・44の86ははじめてのコース、37パットにしては上出来かと思います
工芸	ドライバー	ニッパーやドライバーなどの工具を使った工作、缶スプレーを使った塗装など、はじめて体験した人がほとんどだったにも関わらず、完成したダンガンレーサーはどれもカラフルで魅力的でした
工芸	ドライバー	ネジの頭って結構小さいので暗いと見えにくくてドライバー先端がずれて無理して締めるとネジの頭をつぶしてしまうなどということもよくあるんじゃないでしょうか
ゴルフ	ドライバー	タイトリストのニュードライバー「909」のツアー支給が始まり、今年の夏から秋にかけて発売される可能性が高いとGDO ゴルフマガジンの記事 が伝えている
ゴルフ	ドライバー	結果は、角田修一さんが圧倒的な飛距離のドライバーを活かし堂々の優勝、2位は常に安定したゴルフの実力者後藤庄吉さん、そして最年長の伊藤滋先生が今回も大健闘、ニァピン&バーディを含む好スコアで、前回の優勝に引き続き堂々の3位に入賞されました
自動車	ドライバー	成瀬 弘(トヨタ自動車テストドライバー)氏がドイツ・ニュルブルクリンク近郊の公道を走行中対向して来たBMW(BMWのテストドライバー乗車)と衝突し亡くなった・・・
自動車	ドライバー	派遣求人情報サイトジョブセンス派遣では「株式会社エクスプレス・エージェント ≪即正社員≫月給30万円以上の高収入、タクシードライバー大募集♪【東京都台東区】」以外にも多数の仕事情報を掲載しております
ゴルフ	ドライバー	しかし使ったウユニのツアー会社の質が非常に悪く、ツアー初日私をウユニのホテルに下ろした後、ドライバーが翌日PICK UPを忘れた為私は島流し状態にされ
自動車	ドライバー	そして、速度の上昇と共に「キーン」という高周波音が聞こえるが音量レベルが低く抑えられていることとドライバーが加速させたいという気持ちと妙にリンクしているのでこの「キーン」音は、決して嫌味な音としてではなくむしろ心地よい音色としてドライバーに昂揚感を与えてくれる
自動車	ドライバー	1988年シーズンにセナ、プロストという最高のドライバーで16戦15勝(セナ8勝、プロスト7勝)を達成し、世界最強と言われたホンダV6ツインターボエンジンを搭載した「マクラーレンホンダMP4/4」
自動車	ドライバー	10:婚約中の男性を同乗させた、初心者の女性ドライバー運転の乗用車が約70kmの速度で夜間走行中、東京都管理の道路の中央線付近に、何ヶ月も前から、トレーラーがに違法に駐車する状態が続いていたにもかかわらず、放置されていた中で、違法駐車のトレーラーに衝突し2名ともが死亡した事故につき、違法駐車を取り締まらなかった警察の不作為を理由とする国賠は可能か
その他	ドライバー	またデバイスドライバーなどのソフトが供給されない富士通(民生用)・NEC(民生用)・SONY(全機種)・SOTEC(全機種)などではメーカーのアップグレードキットが発売されない限りグレードアップはできません
自動車	ドライバー	スーパーF1のドライバーの体型は、あなたも知っているとおり、特殊なものなんだから、それ用のシートを作成しなくちゃいけないから、そろそろ車の準備が必要なんだよ
ゴルフ	ドライバー	私にとってはお邪魔2ですから先にはじめておいてください、あとはトルクレンチ、ラチェットレンチ、ショックドライバーなら持ってますから必要であれば持っていきます
ゴルフ	ドライバー	スクールではこの4月間7番アイアンばかりを練習しておりドライバーはなんどかうったていどで、まったく10にちからスタートする980円のコースですけど、ソフトバンクの980円のように実際は、なかなかげつがく980円のコースで買えるきしゅってなかなかないのでしょうか
その他	ドライバー	続いて開いたページで「ダウンロード Windows XP 用インテル グラフィックス・ドライバー(exe 実行形式)」をクリックするとダウンロード開始
工芸	ドライバー	じよれん、モンキーレンチ、モーターレンチ、ドライバー、やすり、ハンマー、鉄鎚、玄能、木づち、木ばさみ、のみ、焼ごて、くぎ抜き、やつとこ、自由矩、端金、金砥、バール、とび口、石工のみ、白書、すみつぼ、プラグレンチ、スコツプ、シヤベル、円ぴ、のこぎり、せん定ばさみ、かけや、つるはし、差金、かんな、ペンチ、手廻ドリル、砂利かま、筋毛引、割毛引等
工芸	ドライバー	ドライバーやペンチなどは部屋の隅にある工具箱(ヒバリの部屋には工具箱からチェーン・ソー、なぜか高枝切りばさみまで常備されています)へと片づけました
自動車	ドライバー	このような被告の立場からすれば、所属のドライバーにつき、業務の内外を問うことなく、飲酒・酒気帯び運転に対して、懲戒解雇という最も重い処分をもって臨むという被告の就業規則の規定は、被告が社会において率先して交通事故の防止に努力するという企業姿勢を示すために必要なものとして肯定され得るものということができる
自動車	ドライバー	警察手帳をチラつかせるなんて悪質ドライバーが警察官に免許証の提示を求められた時、免許証をチラつかせることと全く同じ、人格、良識に欠ける交通課長だ
その他	ドライバー	左から、内装剥がし(マイナスドライバーの先にガムテープを巻いたもので代用可能)、トルクスドライバー(BMW E34の場合に必要)、プラスドライバー(ダッシュボード等を外すのに必要)、電工ペンチ(割り込みコネクタを使う場合は不要)、ラジオペンチ(配線接続に使用)、ニッパー(センサーの配線カバー切断や配線の切断にしよう)である
自動車	ドライバー	毎日、車で通るたびに「知床旅情」を聞かされるドライバーに僕は深く同情する(同様に、毎日カモメの合成音聞かされるみなとみらい線の利用者や、スピーカーでウグイスの声を聞かされる鴬谷駅前商店街の通行者にも同情する)
ゴルフ	ドライバー	アイアンの切れ、ドライバーの正確性はもちろんですが、ロングのセカンドを9Iで打つマネージメント、200ydに刻むティーショットなどなど、途中からすっかりギャラリーになってしまいました(笑)
その他	ドライバー	帰宅後ネットでドライバーやマニュアルを探してダウンロードしまして、ついでに分解や不調の情報を探したんですが、思わしいのが見つかりませんでした・・・・晩ご飯を食べてからボチボチ触る事にして一旦終了です
自動車	ドライバー	ところが、愛知県警港署に、自動車運転過失致死傷害で現行犯逮捕されたドライバー、三重県桑名市の田川延郎(60歳)は、「なぜ荷台が倒れたのかわからない」と供述していると言うから、開いた口が塞がらない
ゴルフ	ドライバー	我々アマチュアに必要とされるドライバーショットの絶対必要条件とは、「そこそこ飛んで、OBしない」と云う事に尽きるのではないだろうか(今、「いや、ある程度飛ばなければバーディが・・・」と考えた人はレベルが高すぎますのでもう読まなくてもよろしい)
工芸	ドライバー	貫通ドライバーの中に、先端が特殊な形状になっており、舐めかけたネジのあたまにあててお尻をたたくと、ネジの頭に食い込んで新たに溝を切り直せるとされているものがTokomaより(その後類似品がANEXより出ている)出されている
