# スポーツ: テニス・サッカーなどの後衛。バックス。, 卓球: 「バックストローク」の略。背泳ぎ。ｂａｃｋｓｔｒｏｋｅから。, カメラ: 背部。背後。背景。校舎をバックに写真を撮る, 髪: 「オール　バック」の略。, ファッション: 「バッグ」のなまり。, 自動車: 後ろに移動すること。逆もどり。●の意では「する」がつく。
カメラ	バック	高齢者マークをバックに貼ってある為に、年寄りが運転している(間違いないですが)、と見たであろう後続車が、いくら指示器を左に点滅して道路左側を徐行していても「邪魔だなあー
カメラ	バック	今回の展示車両は250ccスクーター「MAXAM」(マグザム)をベースに、専用開発の「バックプレート」と「マルチチャンバーエアバッグ」を備えたシステムを搭載した車両で、衝突時に腰部保持機能と緩衝機能の両立を目指したものである
その他	バック	フランク・バックは象に乗ってジャングルに分け入り、イヴ・クストーは潜水艇で深海の珍しい風景や動植物を撮影、アルーン・タジェフは噴き出した溶岩流にカメラを持って迫る
その他	バック	お昼をキンバックという洒落たベトナム料理店で取ると子供たちはかなり疲れたらしく、ちょこっとだけマジェスティックホテルのロビーを覗いた後そのままタクシーに乗りホテルへ帰る
カメラ	バック	■機能説明▲バックスタイル(画像カラーはガンメタル×グレーカモ)▲膝に折りマチを付けることで膝の曲げ伸ばしがスムーズに行えます(画像カラーはブラック)▲カーゴポケットはツーリングマップルが入る大型サイズです(画像カラーはブラック)バイクトップ:オートバイ用品:ビッグサイズコーナー:パンツ:メッシュパンツこちらの商品はお取寄商品となっております
カメラ	バック	「トミーズアーティストカンパニー」小林"トミー"謙治(細野謙治から改名)は、田原俊彦のバックダンサー ジャPAニーズの解散後はジャニーズ事務所でマネージャー業(ミナクルカンパニー並木栄の部下)をしていた
その他	バック	【課題】実質的に定比組成のタンタル酸リチウム単結晶を含む光学素子の製造方法において、バックスイッチ現象を抑制した光学素子を製造する方法を提供する
カメラ	バック	そこで質問、よくポスターとか雑誌なんかに、立山連峰をバックに富山市街が写ってるのをよく見掛けますが、富山市内にその様な景色が見えるビューポイントありませんか
自動車	バック	雁来で旭川方面へ左折出来なかったオバサンが走行車線の真ん中をバックしたり、詰まっている車間を縫うように抜けて行く商用バンなど、この時期はトンデモナイのに出くわすから注意が必要だ
スポーツ	バック	もちろん、センターバックがオーバーラップをするときにはサイドバックやボランチの選手がカバーに入っておくのが当たり前ですが、ドリブルをカットされてしまえば、一枚少なくなったところをカウンターで狙われてしまうのもまた当たり前
ファッション	バック	バックの中にもう一台カメラを入れていた私は、こっちも電源を入れろ、と言われたようですが、フィルムカメラの電源を入れたところで何も始まらないので、とぼけていたら、なんとなく通過できました
その他	バック	どうやってか知らないけどスパマーのリストに当該日記のトラックバックURLが登録されたのだろう、特定のエントリーに対してだけ、凄い勢いでいろんなサイトから、いろんなURLのトラックバックが押し寄せる(といっても大した量ではない)
カメラ	バック	専用タクシーは、軽自動車のバックドアにスロープを設け、車いすのままでも乗り込めるもので、介護保険が適用される要介護者向けの「介護輸送サービス」と、同保険が適用されない障害者らを対象にした「ケア輸送サービス」の2種類を提供していく
カメラ	バック	リンダ・ロンシュタットのバック・バンドからデビューし、ウェストコーストのさわやかロックとして「テイク・イット・イージー」でデビューしたのが70年代初頭
カメラ	バック	この前、高校野球のスタジアム練習を見に行ったら文理の監督がバックネット裏にて雑談でここの左中間に飛ばすのは大変だと言ってたので距離がどのくらいなのかなぁと思ってました(高校生が飛ばすのはって意味だと思うけど)
カメラ	バック	史上有名な寛永御前試合をバックに、念流の達人仏子四郎五郎の剣道修行を中心として、多数の武道の名人、妖しき男装の美女などが入り乱れる、胸のすく武道大絵巻
その他	バック	この機械が有るのを確認して、工場長にキックバックが出ているのだがと 相談したところ とりあえず見せてくれと言う話になり、休みの日に車を持っていき 乗ってもらいました
その他	バック	セイフティ・カーのルールにも変更が加わって、来年はセイフティ・カーが入った時点でのクルマの順じゃなく、この時点でバックマーカーになってるクルマは、一度セイフティ・カーを追い抜いて、改めて隊列の後ろにつくことが求められるんだそうだ
その他	バック	(渋谷まで買いに行ったんが無駄にならへんように)だから何がなんでもサウンドバッグだろうとハンドバックだろうと、五藤君が明日Tバックだろうと勝つんですヨ
カメラ	バック	それから、ニットを着たモデルさんのバックの風景を見て「あれっ、どこかで・・・」とおもったら、丸山の『シェークスピア・カントリー・パーク』でした
カメラ	バック	その「バック」バンド「はっぴいえんど」のアルバム『ゆでめん』を初めて耳にしたのは、確かFM東京が毎日午後4時から1時間やっていた、「ヤング・ハウス80(エイト・オー)」でのことだと思うが、「はっぴいえんど」への想いはますますつのり、1971年に彼らのセカンド・アルバム『風街ろまん』が登場するに至って決定的となった
カメラ	バック	「バックアングル」とは、乗員の着座状態における胴体基準線の後傾斜角であって、ISO 6549—1980に規定された人体模型によって測定されるトルソ‐アングル又はこれに相当する設計標準角度をいう
ファッション	バック	絵かアップリケ・・そういったたぐいのモノを探すゲームなのだが、それは電車の中吊り広告のほんのスミッコに隠れている場合もあるし、時には乗客の身につけている洋服やくつ、バックなど、持ち物に小さくプリントされている場合もある
その他	バック	同様のトラックバックスパムが届きましたというお話と、検索トラックバックを送ってきた人の大部分は ( 直接的な反論でもされない限り ) 黙って消しても何も文句言わないなあというお話
カメラ	バック	夕暮れのウラジオストクの港をバックに女性とツーショットで写っている写真など、ストロボをスローシンクロさせたようなすばらしいできばえで、大きく引き伸ばして飾っておくような写真になっていました
ファッション	バック	」の文字が大きく描かれ、オトコらしくいい味を出しています:ハンサムバックには■シャツ粋な和柄で辛口クールに決める長袖Tシャツ飛び立つ鶴の和柄を描いた粋なプリントがおしゃれな長袖Tシャツです
ファッション	バック	このときはカメラバックを方から下げていたのでエンジン停止とともにカメラを出しシャッターを切るも、下の写真のようにわずかにきつねが逃げる影が写っているのみ(笑)
カメラ	バック	素材がしっかりしてるから長く着れるし、ニットひとつにしても前はシンプルだけど、バックにちっちゃくリボンがついてたりして・・・技ありなところが萌~♪♪
スポーツ	バック	1チーム、フォワード3名、バック3名(ゴールキーパー無)の通常6名で構成され、スティックで相手のゴールめがけて、ボールを打ち合うホッケーに似たゲームです
スポーツ	バック	センターバックやディフェンシブハーフが足りてない現状であえてオフェンシブハーフを加入させる所がヴォルティスらしくて素敵ですね(・∀・)ニヤニヤ
ファッション	バック	ごまちが機嫌良くお食事を楽しんでくれている間に、その日ごまちが保育園で使うお洋服やおむつ、よだれかけなどをばばばばっと保育園バックに詰め込んで、保育園の連絡ノートに記入し、お母ちゃんはすでにジャケットを着てリュックを背負ってしまいます
カメラ	バック	いつもなら選手はバスから降りるとすぐバックスタンドに行き、グッズの投げ込みをして入っていきますが、天皇杯はバスから降りるとすぐに選手は消えて行きました
カメラ	バック	画面ルームミラーモニター単品バックカメラセット角型赤外線バックカメラ種類≫角型丸型赤外線世界最小24V対応埋込バックカメラ単品その他の商品堂々のランクイン
カメラ	バック	バックポケットの加工がオシャレ★ブーフーウー(バックアレイ)カラーステッチスリムデニムパンツシワ加工やカラーステッチがシルエットをすっきり、そしてオシャレに決めてくれます★上着がシンプルでもオシャレに決まる万能アイテムです★
その他	バック	この状態では、第1の凹部27と凸部31の間には成形品本体成形に必要な隙間38が形成され、該隙間38の下端はコアバック駒26の上端39により塞がれている
カメラ	バック	伊藤は「サイパン初体験のロケでした」と話し「お尻を狙ったバックショットが多かった」そうで 「撮影中振り向くとカメラはいつもお尻を撮られてました」とのこと
カメラ	バック	世論をバックとした国是として主張を貫くならアリ(皮肉)/一般論として、何でも国際ルールに合わせる必要はないが、ルールを乱している自覚がなく、単に国内事情を当てはめるだけだと我侭と変わらず、尊敬されない
カメラ	バック	だが、よくよく聞いてみると、「Tバックを履いて下半身のアップを撮影されたい」と望んでいるわけではなく、「写真集やグラビアの仕事をきっかけにして、将来は女優になりたい」という考えでやっているということだった
自動車	バック	*★特長・用途*★■高画質を実現する27万画素高性能カラーCCD搭載■パイオニア製バックカメラ入力端子(RCA)付のナビ・TVに接続すれば、バックギア連動でカメラ映像を表示※こちらの商品は、ご注文いただいてからのお取寄せ商品となります
その他	バック	書き換え途中となる一度目の表示ではLEDバックライトをオフに、そして二度めの映像表示時に輝度を高めてバックライトを点灯することで、網膜残像を排除とクロストークを低減しちゃった
カメラ	バック	矢吹春奈ちゃんの写真集のタイトルもなんと 新写真集「X」 矢吹春奈ちゃん初のTバック姿に挑戦し、なまめかしい肉体をさらけ出した作品なんだって 矢吹春奈ちゃん私を知りたい人は『これを見なさい』と言ってます
その他	バック	このブログには、コメントとか、トラックバックを入れるところあって、これはどんどん利用していただいていいんですが、野球に関係ないものとか、誹謗中傷のようなこととか、営利目的のものなどは、こちらで削除させていただきますね~
ファッション	バック	夏物衣類期間中 50% OFF例年除外の靴+夏バック+小物30% OFF*サイトが間に合ってい無いようですが、今スタッフが頑張って価格の書き換え中です
カメラ	バック	ルイジアナの若手ザディコプレイヤーのひとりですが、シンプルでタイトに抑えたリズム隊をバックに、パーカッシヴなアコーディオンを鳴らすダンサブルなナンバーが、ノンストップ構成で並べられています
スポーツ	バック	阿倍は今のところ何も問題ないがボランチなどDMFもできるのだから、センターバックは田中マルクス、岩政など大きい選手で構成することも可能だと思う
自動車	バック	人身事故の罰金70万 皆さん教えて下さい 以前、主人が仕事中に人をはねてしまい罰金70万来てしまいました 内容は駐車していた車をバックさせた時に後ろに人がいることに気付かずひいてし
その他	バック	たとえばバックシートには屋外環境への耐性が求められ、PVF(ポリフッ化ビニル樹脂)フィルムやPET(ポリエチレンテレフタレート)フィルムが使われている
ファッション	バック	でかでかエコバック、ふた付きbag、ちょこっとトート、 でかパンツ(size90)、ピアス、カボション指輪、アンティークナンバーテープ、 リバティストラップ、 こちらになりま〜す
カメラ	バック	TバックJrアイドルの先駆者として一大センセーショナルを巻き起こした泉明日香チャンの高校進学後初のDVD「激写 泉明日香」の発売記念イベントが東京秋葉原・ソフマップアミューズメント館イベントホールにて開催された
カメラ	バック	しかし、現在はタッチパネルではありませんから、切換器でカメラを切り替えていますけど、バックモニターはナビ連動にしますけど、サイドカメラ用の専用モニターを一個追加しなくてはなりません
カメラ	バック	今回は「夜」を撮影するために、携帯電話のバックライトの光量でもしっかり撮影できてしまうデジタルカメラを使用したので、その映像のシャープさは劇場よりDVDではっきりと味わえるだろう
その他	バック	今回初めて投稿させてもらったのは、カーナビをヤフオクで購入しまして、バック時の信号を引っ張るのに、アルパインのサイト等を見ました所バックランプのコネクター近くで信号を拾うと言う風に書いてあったのですが、アンテナもフロントガラスですし、2DINで全てダッシュ回りに埋められるため、後ろに配線を持って行く必要が無く、このバックランプの信号をどこか前の方で取る事が出来ないかな
その他	バック	「居酒屋タクシー」とも呼ばれる国家公務員への「タクシー接待」は、「キックバック、みんなでもらえば罪でない」というお役人様にとっては自明のことであっても、納税者にとっては不可解なことである
その他	バック	北海道 観光名所を回るのに車で回る、オートキャンプもいいですね トラックバック 北海道、札幌からの旅情報 北海道を車でゆっくり観光するには、温泉地に宿泊するのもいいですけど、オートキャンプ場で北海道の自然と触れ合いながら観光するのもまた1つの旅の
スポーツ	バック	ゴールキーパーとセンターバック以外はほぼすべてのポジションをこなすことが出来るため、選手交代要員としてサブメンバー登録されることが前半は多かった
自動車	バック	国道197号線や国道320号線はよい道で全く問題なしですが、大型観光バスが国道441号線で江川崎→口屋内→川登と行くと、途中口屋内の前後区間などが大型バスなら道幅いっぱいいっぱいの区間もあり、対向車の乗用車などがずっとバックして道をあけなければならないケースも多く大変です
カメラ	バック	写真のバックの四葉は・・・サナギさんからいただいたカードなの♪嬉しい言葉がつづられた素敵なカード・・・写真のバックに使わせてもらっています♪ありがとう〜♪♪♪
その他	バック	2年ぶり、サンノゼ地震は2008年シーズンに向けて[3]、現在バックショースタジアムで、カリフォルニア州サンタクララでホームゲームを果たしているゲームを再開した
その他	バック	調べでは、磯野容疑者は、上原容疑者に恒常的に詐取金を自分の口座にキックバックさせていたが、部下らとの飲食代のほかに、ヨーロッパなどへの海外旅行の資金や、バッグや時計などのブランド品購入の資金に充てていた
スポーツ	バック	と、同時にセンターバックにボールが渡った時にノールックパスでも(つまり見ないで蹴っても)受け取れる所に右サイドバックがポジショニングをしている
その他	バック	というのは、ドアのハンドルというのは、「バックセット」というのがありまして、ドアの端からドアハンドルの中心までの距離を言いますが、それが51mmってのがポピュラー(レバーハンドルの場合)なんですね・・・いま
その他	バック	4については、推進派、三峡ダム貯水池では、バックウオーターが重慶までさかのぼることになり、一連の危険な浅瀬が水没し、こう配と流速が減少するため、現在の3000トン級の船隊の航行可能性から発展して、一万トン級の船隊が航行できるようになる
その他	バック	つーか老化を促進するような気がして(年中、自転車を乗り回しているのに今さらという気はしますが)、住み慣れたバックスタンドを離れることにしたのです(笑)
カメラ	バック	)の撮影をおこないました今日は気持ちのいいお天気だったので屋上に上りましたが、あいにくの強風キャーキャー言いながらもみんなニッコリ笑顔で、スムーズに撮影が進みましたバックには、高知城もチラリ
自動車	バック	バキュームカーの51歳の運転手は、エンジンをかけたままトイレに行っていたということで、警察によると、車はバックして縁石を乗り上げ、斜面をずり落ちていったという
カメラ	バック	袖口にフリルをあしらったドルマンチュニック♪【ドルマンチュニック】シンプルなデザイン☆バックネックはボタン留めでティアドロップ型に♪使い易く色々なコーディネイトに◎
スポーツ	バック	ナリは前節と同様3バックのセンターで起用されましたが、Hondaがパスをつないでくるチームであったため、前節よりカバーリングやマークの受け渡しによるポジション修正が多かったようです
カメラ	バック	どんなバック風景にも似合う、際立つ又は溶け込む、フレーム色には憧れますが、人の自転車と並べると我自転車の色が、一番品疎にいつも思えてなりません・・・
ファッション	バック	シャーリングセミショルダーバッグハンドバックA4サイズトートバッグ2009かばん鞄カバンバックbag限定レディース2WAYかわいいカワイイ収納掲載商品激安期間限定新作セレブ愛用ランキングシンプル 10P17aug10
その他	バック	センターを守る彼のバックホームへの一直線の好返球には、対戦する両チームこぞって草野球では滅多に見られぬと、褒め称え盛大な拍手がわいたものだった
その他	バック	性能を十分に発揮するにはブレーキダクトの装着・バックプレートの取り外し等の温度対策を行い、DOT5以上の高性能ブレーキフルードをお使い頂くことを推奨します
その他	バック	さらに、バックロット・フォト(Backlot Photo)内には、プロの専属カメラマンを配備しているので、記念写真を撮影してもらえるかもしれません
カメラ	バック	●インポートブランド『ISSUE』より、再々再追加の大人気商品★バックレース付ストライプのsexyシャツJK&セットアップになるヒラミニSKが登場(^o^)/安室ちゃんみたく大人っぽくて超可愛いスタイルなので超オススメです★●1点物のインポート商品L
カメラ	バック	私は、昨年のこの日「飛鳥II」の背後に打ち上がる花火を撮影しましたが、「にっぽん丸」をバックにした花火は撮りそこね、また「飛鳥II」は横浜国際花火大会の際にも撮っているので、今回は新港ふ頭での撮影に専念
スポーツ	バック	中澤、阿部(彼は本来トップ下の選手だったのに2002釜山アジア競技大会でもセンターバックをやってました)の頑張りが無ければ2点くらいとられてましたね
カメラ	バック	上半身だけ見たらまとも、でも下はガーター&Tバックという頭のおかしい居酒屋娘もかなり変態丸出しでイイんですが、個人的に類型として内田さやかのラーメン屋パンツずり下ろしがあり、そちらの戦闘力が53万とフリーザばりだったのでどうにもインパクトに欠けます
その他	バック	私自身シャーシの連結係(直江津では車両Aという名称で呼んでいる)をやっていた時には、バック揚げの際には、腕のいい運転手に故意的にシャーシをつないでいました
カメラ	バック	コントラスト比は1000:1で、色調やバックライトをコントロールする「DFC(デジタルファインコントラスト)」機能を使用して、最大20000:1まで高めることもできる
ファッション	バック	上はノースリーブでタートルのチョコ茶色のサマーニットで、ヴィトンのバックを斜がけにして編み編みのサンダルを履いていて、さささ的に結構お気に入りの格好なんですけど、帰りにスーパーで買い物をして帰る途中に簡単料理の書いたちらしに見入ってしまい、前方不注意とはいえ、レジの列を仕切るガードレールみたいな仕切りをまたいだまますたすたと進んでしまったのには顔から火が出ました
カメラ	バック	バックヤードに引っ込んだ瞬間、アコーディオン奏者のゆきのさんは、山口百恵の『さよならの向こう側』を演奏し始め、ボクはかぼちゃの形のお菓子の入れ物を、そっと置いたのでした
ファッション	バック	電気製品と車では日本に勝てないものだから、ターゲットになったのが、ヨーロッパ系ではブランド品、流行りましたよね、時計、バック、服、一般人がブランド品ちゃら、ちゃらしているのは日本だけです
カメラ	バック	ちなみに、これに対して、現在、ほとんどの携帯電話の表示部分に使われている液晶は、電気を通す事で光を「通さなくする」ことで画像を表示するため、画像を見せるためにはバックライトや反射型液晶では太陽光などのほかからの光が必要です
自動車	バック	しかし、元オリンピック選手だけあって、タックルを捕らえてがぶりの体勢に切り返したり、がぶりの体勢からバックへ移動するスピードは流石だと思いました、、、
自動車	バック	くるっ、と振り向くところで律儀にバックして方向転換、とか、細々したところで 自動車っぽい仕草が差し入れられているのが、また、擬人化のアクセントになってて良い
カメラ	バック	様々なデザインと色合いのTバックビキニ、辛うじて乳首や局部だけが隠された寝室での秘め事を想像させるレースのランジェリー、ボンデージ趣味を満足させるエナメルのビスチェとTバックパンティの組み合わせ
その他	バック	兄貴はボートとラグビーとバスケットボールの外には余念がなく、俗事を念頭に置かぬこと青道心の僕以上で、引越すと、その日の晩には床の間の床板に遠慮もなく馬蹄のようなものを打込み、バック台をつくり、朝晩ボートの練習である
カメラ	バック	DJ OZMAのバックダンサーが裸と見間違いかねないボディスーツを 着用して出演した件について、NHKではこのような姿になるということは 放送まで知りませんでした
その他	バック	アメフトでは オフェンスのクォーターバックやワイドレシーバー、ランニングバックに注目が集まりますが これらのポジションは基本的に指示に従って動くだけですから 投げる、走る、受けるなどの決められた動きを繰り返すだけです
カメラ	バック	男声のバックコーラスは特にグループがあるわけではないが、バンドメンバーの「ザ・サスクハナ」もしくは親交のある藤原いくろうや甲本ヒロト等が務めることが多い
自動車	バック	まあとりあえず基本的には自分の思い通りに動くので車庫で走らせていると、ラジコンが突然思いっきりバックで滑走し、道路にまで飛び出してそのまま車に轢かれてお陀仏になった
カメラ	バック	バックスタンドフリーゾーンの人の中には、本当は自由席に行きたいけどどこの集団・団体にも所属していないから行き難いという人もいると思いますので、ゴール裏の方達にはバックスタンドでも共に大声で声出せる位、90分続く気合いの入った応援をして欲しいです
カメラ	バック	アメリカ カペジオ 【Uバックレオタード】 ■アウトレット品の為、返品交換はご遠慮頂いております■ 肩紐が細いタイプで、前側にプリンセスシームが入ったタイプのレオタードです
カメラ	バック	OZOC(オゾック)/バックギャザー使い前開きジレ サッと羽織るだけでモードな印象滑らかなカットソー素材がドレーピィなシルエットを生み出すジレは、シンプルコーデにサッと羽織るだけでお洒落上級者の風格に
ファッション	バック	ドレス専門ショップブルーベリーではアメリカからのインポートドレスを中心に、ドレス用インナー、パーティ用バック、グローブ、お姫様ティアラ等を販売しています
その他	バック	また、具体的な戦略としては、現状から考えられる方策の延長で将来を考えられる、これまでのフォアキャスティング、現在から将来を見通すフォアキャスティングの手法ではなく、まず将来の目標を設定し、そこからさかのぼって、現在までの道筋を定めるバックキャスティングという、これまでにない手法を研究してアプローチするよう指示したところでございます
自動車	バック	こうなると、バックパスと共に誰かに徹底されているかのように少ないタッチでパスをはたき続けるだけの中盤ではサイドバックが追い越すだけの要素を得られず、攻撃に厚みがでない
その他	バック	ちょっと思いつくのは、『バックドラフト』や『15ミニッツ』なのですが、放火犯が火をまるで生き物のように扱っている印象のあるお話しもあれば、この『NUMB3RS』のように数学や物理など、客観的側面から扱っているものもあって、同じ現象なのに、描かれ方の違いによって受ける印象も違っていて、数学や物理で火災を捉えた方が、放火する「人間」により肉薄していくのって、不思議だなあ、とか思いました
カメラ	バック	[作業用BGM]ペルソナ4サントラより選曲 バックが静止画ではちとつまらんから、 各アルカナで一番お気に入りの一体のペルソナ解説付けてみました 曲もサントラでお気に入りを詰込んでみましたが、 容量の都合で入れられんかった曲いくつかあってちと残念
自動車	バック	これもカーナビをつけたからで、ナビからTVにチャンネルを変えるとバックギヤに入れれば映し出されるのであるが、あまっている部品ででも多少なりともおやじの老愛車をグレードUPしてやろうとの心遣いだろうが有難いことだった
カメラ	バック	VTRアダプターやバックカメラのメーカー名や品番、仕様がわからないので何とも言えないのですが、バックカメラに車速やバック信号を検出する配線はありませんか
カメラ	バック	おもしろ水族館側はそれぞれの水槽のバックヤード(裏側)がひとつに繋がっていない為、魚達に餌をあげる時に館内を通ってそれぞれのバックヤードに行きます
自動車	バック	注釈1:道路後退(セットバック) 道路中心線を決めて、その線より2メートル、または位置の定まらない位置指定道路について、自主整備(注釈3)を除き、区が道路状に整備します
スポーツ	バック	ガンバ大阪では、4バックの時は、ベンチに下がるような1対1に弱いスイパーしかできない宮本を最後まで起用し、松田のような経験ある長身選手をはずしたのだから、選手の起用がおかしい
カメラ	バック	一応、自分の中で決めている小さなルールがあって、写真は一期一会でそのときに撮れたら撮る、撮るものを動かしたりしてはいけない、ものがちゃんと写っているということが大前提なので逆光の場合やバックが同色でわかりづらいときなどはよほどのことがなければ撮りません
カメラ	バック	デザイナーとしてまだまだ未熟で解像度についてもよく分かっていないレベルですが出力する人に聞いたところ、記念写真を撮る撮影ブースのバックパネルなので輪郭がはっきりしないと良くないから最低でも1GBくらい(理想は1
その他	バック	翌日、オートバック○で見てもらったら、側面のワイヤーが切れてるところが有るらしく、直してもバーストの危険があるとのことで、即購入する事にしました
カメラ	バック	バックパッキング(山歩き)、フライフィッシング、カヌー、山スキー&XCスキー、オートキャンプ、オフロードバイクで のツーリング、サイクリング、丸太小屋作り、ニワトリの平飼い、ヤギの飼育、イワナの養殖、有機農業、玄米食、タバコをやめる・・・・・
ファッション	バック	ミシンで有名な「ブラザー販売」さんのサイトには、ジーンズをリメイクしたバック・巻きスカート・ベルトなど、子供服のリメイク方法が掲載されています
自動車	バック	一昨日はうちの駐車場で大型バスがバックする際にスリップして、乗用車にぶつけてしまい バスは出発しないといけないし、乗用車のお客様はなかなか見つからない、そのうちバスが出発してしまい、そのあと警察を呼んで検証、とまあ、いろいろと大変でした
カメラ	バック	ヒートドアミラーとバックモニター(セダンタイプでは当時国内初搭載車)はついていますがFRでの雪道走行に限界を感じていたので4Motionに期待しています
カメラ	バック	バックカメラに関しては、まず「らくなびさんのHP」にある「低価格バックカメラ、買い物相談室」に各社のバックカメラが掲載されているので参考にさせて貰いました
その他	バック	この作業は、ただトラックバックをしていた時よりも肉体的、精神的に大変なことだが、トラックバックをいただき、読ませてもらい、こちらからもトラックバックのお返しをし、コメントを残すのは、自分としてはその方に対して、礼儀だと思っている
ファッション	バック	長距離の移動はすべて飛行機、機材はすべて手荷物で機内に持ち込まなければならないが、このレンズは他の機材と一緒にカメラバック収納できるコンパクトなサイズなので手荷物も一つにまとめることができる
カメラ	バック	本当は、初代レオーネ・ツーリングワゴン4WD(岩崎宏美の「万華鏡」の歌をバックに颯爽と登場するCMが印象的だったレオーネの、バンを2段ルーフ化し後部座席を乗用車用にしたもの)が欲しかったが、予算不足であきらめる
カメラ	バック	口コミで評判のシームレスなTシャツブラジャーや見せブラが期間限定でSALE価格に☆ 3Dバストアップエアーブラ WINTERキャンぺーン中につき今だけTバックがついてくる♪ 特徴 1
ファッション	バック	帰国しまして東京にいたのは大体16時間くらい、海外公演のスーツケースからそのままボストンバックに衣類などをスライドさせて、時差ぼけで寝る間もほとんどないまままた高松行きの飛行機に乗ったのです
カメラ	バック	このとき、倶知安(くっちゃん)から京極に向かう(道道478)途中で、そろそろひろ~いジャガイモ畑の花がひらき、羊蹄山をバックに(午前の早い時間帯はやや逆光気味)美しい風景写真が撮れます
カメラ	バック	最近大手の競技会でTバックが禁止されたから、競技用のレオタードは超ハイレグが多いケド、元々ボディーに自信がある人が多いせいか普段のレッスンやマイナーな競技会はTバックがまだまだ多いヨ
ファッション	バック	京都だったか、大阪だったかのVANショップに行って、ブラックウォッチのブレザーと、尾錠(バック・ストラップ)付きのグレーフランネルのパンツを合わせて購入
自動車	バック	教習所で「一応合格にしておくけど、あまり車に乗らないで」といわれている程度だし、 縦列駐車とかバックでの車庫入れもできないし、死亡リスクが高そうだよ
その他	バック	閣下を支えるバックはスウェーデンのメロディック・ハード・ロック・バンドCODEのAnders Rydholm等で、あまりメタメタしくなく、無難に北欧メロハーな感じにまとめてます
その他	バック	Sさんが違反をしたのを認めていて、さらに取締りに不服が無いのなら、バックれるのではなく十分反省して、以後再犯しない様な運転を心掛けるベきではありませんか
カメラ	バック	カヤック、スノーボード、マウンテンバイク、バックパッキングといったものも競技者人口が急速に増え、一方で野球やアメリカンフットボール(もちろんサッカーも)といったメジャースポーツ、特に団体競技のものの人気が低下する傾向にあるとか
その他	バック	無論、リンクがあるトラックバックが必ずしも有益な情報というわけではないのだけど、トラックバックを受け入れる条件としてリンクがあることを絶対条件にすることで、かなりの数の検索トラックバックを含むスパムトラックバックを防げるはず
カメラ	バック	この写真のバックのほうには、最近新しい商業ゾーンがつくられまして、この写真は昨年のものでありますが、ちょっとそこは写せなかったのですが、かなり大きな商業施設ができております
自動車	バック	「バック駐車をサポートするバックモニター付オーディオ」「大きなウインドウや細いピラーなどの採用による全方位360°良好視界」「大人4人がゆったり座れる広い室内空間」などが好評だという
カメラ	バック	【商品コメント】こちらのTバックショーツは・・・滑りの良いサテン地にフロント部分のみドット柄のメッシュ布地を張巡らし、甘さをプラスしたタンガショーツ
カメラ	バック	妥協の無い物づくりで絶えず完成度の高い製品を展開する事で有名なブランド、ウエアハウスより、リリースされた新商品、バックに刺繍の入ったボーリングシャツ[ALL SERVICES]のご紹介です
その他	バック	前後、左右に振り回され、ボコボコに打たれるサンドバック状態、、、肺活量とスタミナには自信があるので、ボコボコにやられても、息が持つかぎり、相手してもらっていました
カメラ	バック	とりあえずバック ヤードの防犯ビデオ越しにこのこっ恥ずかしい青春活劇を拝んで、俺達がレジカウンター越しにもじもじし始めた三分後に鞄と上着とレジ袋ごと蹴り出す羽目になった店長の所業により、次のバイトの時にはバイト仲間中にこの告白劇が知れ渡っていた事を
その他	バック	なにがプラグなんだかwどっかのゲーセン店員とは違って、ブログじゃないから俺がアイオンの店員だと云う確証がまるでないし、2ちゃんの過疎スレなんかで養分が一匹ギャーギャー言ったて バックの強いパチンコ屋が閉店に追い込まれる訳がない
スポーツ	バック	後半に少なくとも二度オフサイドを見逃して、横浜FCの得点に貢献したバック側の峯下泰弘、延長前半にオフサイドを見逃して、油原の退場と成太の負傷の要因をつくったメイン側の濱口和明
カメラ	バック	現在もバックパッキングという言葉自体市民権を得ているのではありますが当時は、アウトフレームのフレームパックが大流行でフレームパックを担ぎ、街や野やを歩き回るバックパッカーが一世を風靡していたものでした(笑)
カメラ	バック	ご要望のありました小瀬陸上競技場のバリアフリー化につきましては、平成10年のバックスタンドへの固定席設置や平成16年のサイドスタンド席設置及びバックスタンド席増設時に、車いすでの利用も想定し、身障者スペース(メイン30人、バック20人、サイド50人)を設けるなどバリアフリー化に努めたところですが、利用しにくいというご意見もありますことから、今後、改修に向けて検討を進めて参りたいと考えております
自動車	バック	2人には、映画の設定「愛車から20m離れると、爆死」の罠にちなみ、しずちゃんがアウディをバックで指定された位置に駐車するというミッションが課せられます
カメラ	バック	ココでも道後温泉をバックに相棒の写真を撮りたかったけど、観光客が引っ切り無しに出入りしている為断念・・・建物の裏手に回ると全く人気が無かったので、コレ幸いとばかりに道後温泉をバックに相棒の写真を撮る
カメラ	バック	Bigの1stではバックのぐしゃっとした音に対抗するように無理に声を作ったり、力んでいる感じが聴かれそれなりにエキサイテングでバンドとしての一体感はあり良いのですが、このアルバムではバックがPopな分無駄な力みがなくかなり素直に歌ってる感じです
自動車	バック	オオスミ「あわせて入会・年会費無料で、さらにキャッシュバックなどおトクなサービスがてんこ盛りになる“JCBカード” の申込みをすると、商品券2000円分もらえるというわけでだ
自動車	バック	26日夕方、秋田県秋田市内にあるコンビニエンスストア駐車場で、駐車スペースにバックで進行していた軽乗用車が暴走、ガラスを突き破って店内に進入する事故が起きた
スポーツ	バック	そのためか、3バックといいながら、敵の前線が2人しか張っていないのに、5人がDFラインに残って、5バックの状態になってしまっていることが多くなった
カメラ	バック	60年に1回のことで、青空をバックにキレイな藤色を強調できたらと願っていたのですが、撮影のタイミングが訪れた2日後は、残念ながら、雨は降っていないものの曇り空の下の撮影となりましたが、無事に60年に1回の自然現象を撮り終えることができました
カメラ	バック	バックルバックが廃止され、よりスタイリッシュに進化した5ポケットデニムをイメージしたカウボーイパンツ、バックルバックよりも1サイズ細身に生産されており、さらに股上、腰周りはタイトフィットで着用できる
自動車	バック	だから気にせず、普通に入ろうとしたら急にバックして駐車場に入ろうとしてきてぶつかりそうになったからクラクションを鳴らしたら、運転手のおじさんが降りてきて
カメラ	バック	11時20分には奥大日岳山頂に到着し、お互いに登頂を称えて握手を交わすと共に、山頂の標柱を中心にしたり、剱岳をバックにしたりして集合写真を撮影した
ファッション	バック	行楽やお出かけにあると便利♪【カジュアルバック】【ラム革】正面ポケット・デザインウエスト&ヒップバッグ【羊革】【革】【ブラック】【ウエストポーチ】【男女兼用】【レディース】【メンズ】【ブラック】【カジュアルバッグ】
自動車	バック	真冬のこの時期でも車庫入れ時のパワステ使用時でのバック時や、エンジンが温まっている時に一旦エンジン切る→すぐに再始動しようにも困難な症状が稀に発生します
カメラ	バック	両者は同じコントラスト比のことなのですが、ダイナミックコントラスト比はバックライトを使って増幅させたコントラスト比のことで、普通のコントラスト比と区別する必要があります
スポーツ	バック	4バックでやる以上サイドバックの上がりは必須でまずここが生命線になってくるし3センター特に守備的な1枚は守備力が求められるし残り2枚とともにパスセンスや前に飛び出す動きが必要だ
カメラ	バック	」と応えてしまったが「じゃあ近々聴いてもらう機会を作りましょう」ということで出かけて行ったのが、ピアノ・トリオをバックにお客がスタンダード・ナンバーを歌うハイグレードなお店としてその方面ではつとに有名な東京赤坂のリトル・マヌエラで、ここを借りて行われていたリハーサルだった
カメラ	バック	kサイズ75cm75〜95cm80〜105cmまでベビードールTバックショーツレッドピンクサックスネイビーライラックワインホワイトブラック※お揃いのTバックショーツが付属です※モデルは水着を着用しています素材:ポリエステルこちらの商品はインポート商品になります
ファッション	バック	これは畳んだ衣類をここに直接入れるよりは、下着、インナー、アウターそれぞれをいったんスタッフバック(衣類などを入れる丈夫なゆったりした袋)にまとめ、それからコンパートメントに入れるようにすると合理的です
その他	バック	バックに暴力団がついている」と読売新聞社の有名な社長兼主筆がコメントしたことが日刊ゲンダイの記事として「野球型VSサッカー型」(林信吾、葛岡智恭著 平凡社新書)の中で紹介されています
ファッション	バック	先程ヨドバシカメラに行って、何かよさげなカメラバックは無いかと、色々物色してきたんだけど、なかなか私が欲しくなるような使いやすいバックは売っていなかった
その他	バック	私のサイトもトラックバックを受けるときに2回、3回と同じトラックバックを受けることがあるので、あとから手で重複分のトラックバックを削除していたのですが、このプラグインをインストールしておけば、その手間が無くてすみそうな感じです
その他	バック	今年一年、コメントを頂いた方、トラックバックを頂いた方、その他記事を紹介してくれたり、何らかのかたちにおいて反応を頂いた方、ありがとうございました
ファッション	バック	会場では、反物、洋服やバックの展示販売、久留米絣新作発表会、絣のファッションショー、久留米絣着用の方を撮影する「かすりでハイ・ポーズ」(写真無料)、手織り体験教室、絣小物制作教室等が行われます
自動車	バック	」と言って電話を切った途端に、大型ダンプカーで今、電話した相手の家に向かって走って行き、正面玄関の前でダンプカーを方向変換して、後はバックで玄関もろとも、突撃の体当たりで
その他	バック	これは、ピントがきている部分は、マクロ・スイーターよりコントラストが高く、バックは、反対にマクロ・スイーターよりコントラストが低く、ボケ量が大きい
自動車	バック	でも、帰り際車に乗ってバックして車の方向をかえる時に電柱にぶつかった 結局やっぱどじっぽい人なんだなーと改めて思いながら、3人で帰途につきました
自動車	バック	広場の手前西側の大桑養蚕団地の古い建物を左に見ながら、車で登山口のある林道に入りかけたが、倒木で進めないので、バックして広場入口の古城山の案内坂の横に駐車
カメラ	バック	女児用のショーツとはいっても、百五十サイズ以上になると、可愛い絵柄の付いた物は途端に種類が減ってしまから、園長が紙袋から取り出したような可愛らしいバックプリントが付いたショーツを探そうとすると、大きくてもせいぜい百四十サイズまでということになる
カメラ	バック	HDDナビはバックカメラとの連動機能(リバースに入れるとバックカメラに切り替わる)がないので操作性という意味では不満はありますが、わかっていたことなので割り切って使用しています
その他	バック	対象とする物品に対して関心を示した人間(代表例は消費者)が、その物品の履歴をさかのぼって、物品の生産履歴を見ることは、トレーサビリティ(トレースバック)によってもたらされる
カメラ	バック	ピンク地ストライプTシャツ、緑地水玉ストライプ切り返しTシャツ、スカイブルー地Tシャツ、赤地バックプリントTシャツ、赤地水玉Tシャツ、青地レタープリントTシャツ、紫パッチワークシャツ、紫に水玉の帽子、ピンクの5ポケットパンツ、そしてピンクのショートパンツ
その他	バック	ここで「OYAJIさんが作成したトラックバックセンターだもの、彼が好きなように使ってよいではないか」という人もいると思うけど、にほんブログ村においては「重複する内容のトラックバックセンターは好ましくない」としているのですね
その他	バック	バックプレートがめぐれあがってる部分をさらに開くよーにちょっとだけ曲げておいて、そこめがけて純正バンパーダクトと同じノリでタイアホイル手前までの配管にしてみました
ファッション	バック	いつもは、カメラ(LUMIX FX1)と、GPSと、サイフと、iPodと、携帯を持ってるので大きな鞄が必要なんだけど、カメラとiPodを携帯で代用すれば、小さなサドルバックで済ますことができるのよね
カメラ	バック	主人公のバスケットボールへの思いやバックストーリーが最後まで描写されないため、なぜ彼がそれほどバスケットボールにこだわるのかがまったくわからない
自動車	バック	バック運転の蒸気機関車を正面がちに撮ると、なんか黒い塊が迫ってくるようであま人気がないのか、この日の石山踏切は多いとはいっても特別パニクっているという感じではなかった
カメラ	バック	っていくら、私でも、cocoパパさん、チョコパパさん、神様の前で大アザのでかいケツを出す勇気は無い 顔(イヒヒ) 泉が森をバックに記念写真も撮ったわ カメラ rimg6069
その他	バック	ガソリン代やカード利用額に応じた返金率でキャッシュバックしてくれるカードですから車での遠出から普段の買物まで使用するとキャッシュバック額も大きくなります
その他	バック	※余談ですが小学生の時に「自転車に乗っている絵」を描かされ、自転車の細かさで疲れ果てた私は、バックをショッキングピンクで塗りつぶすという暴挙に出ました
カメラ	バック	Google同様のバックリンク重視型のトレンドで進んでしまうと、検索結果のランキング上位は、スパムサイトとSEO業者による独占という恐ろしい状況を作りかねないと思います
カメラ	バック	「バックカメラの表示についてはナビ側に自動、手動、OFFがありますので、手動で表示させる場合には、カメラの電源は、入れっぱなしでも問題ないかと思います
その他	バック	このまま見過ごしてはA級ジャンパーをすべて奴らにおさえられてしまうし、奴らのバックについているクリムゾングループの連中にボソンジャンプの研究の成果を押さえられるのも得策ではない
カメラ	バック	事がありまして、広島の原爆ドームをバックに写真を撮ったら、原爆ドームの壁に無数の顔らしきものが写ってしまったってことがありまして、それ以来心霊写真の信者になっております
その他	バック	検索トラックバックを使う人の書いた物は、全てがつまらない物とは限らないのですが、彼らの多くは、単にアクセス稼ぎ目的で行う(≒そういうことをしないとアクセスしてもらえない)ことから、価値の低いトラックバックと認識してしまうのです
その他	バック	「トラックバックの際にはコメント欄で報告してから」というローカルルールに違和感を覚えるのは、「言及したよ」と伝えるための機能(=トラックバック)を使うにあたって、その報告を求める為です
その他	バック	新指針というのは、直近のデータを基に確認せよというバックチェックでありますけれども、それによって、従来、確かに御指摘のとおり、従来の知見に基づいて活断層の調査をしました
カメラ	バック	OLE91年5月号のグラビアでは肛門は見えなかったのだが、その後、誌名を書くのもはずかしいようなスケベ雑誌を見ていたところ、彼女が、わんわんスタイルになり、細いTバックがお尻に食い込んでいる小さな白黒写真が掲載されていた
カメラ	バック	ド派手メイク、ロングネイル、Tバック下着2枚重ね履き、日サロ12間MAX、で黒光ギャルに変身した優チャンにチンポ汁枯れるまで足コキ手コキ足コキ手コキされたい
その他	バック	繰りかえすようですが、ぼくのリチャード・バックに対する不満は、この作者が、自分の分身でもあり願望の結晶でもあるジョナサンを、はじめからおしまいまで一度も相対視しないことからきています
スポーツ	バック	ジーコ監督はおそらく中田選手の起用面から4バックを考えているのでしょうが、選手の特性や対戦相手との相性などから考えても、実はなかなか合理的な選択かもしれません
カメラ	バック	外部に電光掲示板を設置し、衛星から突き出たマストの先に付けたカメラで、地球をバックに掲示板のメッセージを撮影し、その映像を地球に向けて送信できるものにな
ファッション	バック	カメラバッグ、エコバック、サンダル、スニーカー、スポーツシューズ、香水、時計、マタニティーワンピースなどさまざまなラインナップで広い世代に受け入れられています
ファッション	バック	たしかに、大き目のバック(私の場合はフライフィシング用のバック)にテレを一台いれますと、あとは、軽量なローライコード3か、フジカ6がいいとこです
自動車	バック	そうしたところが道路から入ろうとする車がありまして、道を譲ろうということで、出口がふさがった状態でしたので慌ててバックをしたという状況の中で、後方に停止している車両に気づかずに当たった、こういう事故であります
カメラ	バック	一方でバックストーリーとして、日本軍による別の島への上陸作戦が頓挫する話や、ラバウル航空隊と空母航空隊による航空決戦、第8艦隊による海戦などが進行していくが、間接的に伝えられるだけ
カメラ	バック	木造2階建て約95平方メートルが自動車運転過失致死のバックした際、車の26日、市内の26日午後4時半ごろ、愛知県豊橋市多米中町の強く打ち、死亡した
自動車	バック	25日午前7時15分ごろ、甲府市上石田のコンビニエンスストア駐車場で、山梨県警 捜査1課係長の内田幸男警部補(41)=同市飯田=の覆面パトカーが駐車場を出よう とバックした際、立っていたパート、中村末子さん(48)=同市上石田=をはねた
その他	バック	ナイジェリアも今になって監督交代では相変わらずアフリカ的ごたごた、ラーゲルバックてわざわざ外部招へいするほどの監督なのか、スウェーデンを落としといて
ファッション	バック	それと、私どもが中に入るための、下着のたぐい着替えのたぐいというのがあるんですが、それを全部バックごと渡してあったのが全部消毒されて来て、それを着て入るわけなんです
自動車	バック	負けているときでも、不要なバックパスを連発したり、都倉選手へのロングボールを多用する事でFWと最終ラインが間延びし、全体をコンパクトに保つ事ができなくなるなど、守備をしにくい状態を作ってしまいました
その他	バック	その第一は、賭場の様子を示した一連のタイトル・バックにおいても、あるいは賭場での諍いから逃れた半太郎が大江戸の夜を駆け抜けるショットにおいても(図2)、キャメラか被写体のいずれかがほぼ一貫して右手から左手に展開している事実である
その他	バック	バックキャストが無いので、ハーフキャストと名付けようとしたが、ラインが後方には飛ばないだけで、ロッド操作はバックキャストしたほうが良く飛ぶので適当ではない
カメラ	バック	何でも前の会社で会社の旅行で北海道に行き、社員30〜40人で函館山の夜景をバックにして写真をとったそうです(写真はプロの方に撮ってもらったそうです)
カメラ	バック	しかしこういったモンはちょっと集め出すと勢いがついてしまい、「う~んじゃぁ次はDPM迷彩のバック・パックでも買うか」とか「せっかくヘルメットまであるんだから装備もDPM迷彩がいいねぇ」などとDPM迷彩のチェスト・リグを購入してしまい、気がつけばついにPLCE装備セットまで購入してブーツとグローブ以外はほぼ現用英軍装備が揃ってしまう始末
自動車	バック	教室入ってすぐに横からタライが飛んできて、それを鞄で受け止めると今度は頭上からタライ3連発、タライをバックステップで避けたあと教卓前に歩いていったら今度は窓から注意を引くためのボールが飛んできてそれも鞄でガード、下に張ってあったピアノ線を簡単に避けて、止めとばかりに四方から飛んできた空のペンキ缶も
カメラ	バック	演歌やオールディーズのインストゥルメンタルをバックに、にっかつロマンポルノの女優・麻吹淳子が語りをしたり、エロ寸劇したりする、思春期の頃の僕の憧れの音源ではないか
スポーツ	バック	今シーズン、5バック気味の守備的な展開を強いられた試合でも少ないタッチから決定的なスルーパスやサイドチェンジでチャンスを演出している「ファンタジフタ」「イニエフタ」
カメラ	バック	天使のように♪エンジェルブラジャー&TバックSET【セクシーランジェリーセクシー下着%OFF】5000円送料無料【目的ボディメイク】訳ありギフトアウトレット99%OFFカラ半額まで勝負開店セール1004ブラデリス【新規開店100803】カラーお楽しみ
カメラ	バック	美勇伝のメンバーを除いて、CDリリースに恵まれていないメンバーの方が、こういった生演奏をバックに歌うことに恵まれているのはなんだか皮肉な気もしますね
その他	バック	この写真展は、GR BLOGのトラックバック企画参加作品で、2005年9月から2009年12月までにスタッフが選定した作品の中から、写真展の主旨に賛同し
その他	バック	先日キヤノンのデジタル一眼EOS 30Dがデビューし「いいなあ、これほしいなあ」と思っていたら、キヤノンは間髪入れずに昨秋デビューのフルサイズ一眼EOS 5Dの「2万円キャッシュバック+1GB CFカード付」のキャンペーンを開始しました
その他	バック	ボレー:フォアハンド・ボレーには、コントロールと深さが可能、しかし、バックハンド・ボレーにおいては、深さのコントロールが少し足らない、今、バック・ボレーは、幅と角度をさらに進化させてる最中、そんなプレーヤー
その他	バック	いちいち言及先に報告したり了解を求める面倒を無くしたのがトラックバックである、という考えなので(わざわざ「トラックバックを送るよ」という挨拶をするのな
自動車	バック	ただ置いてある鉄板の上をハンドルを切りながらバックで出ると左前のタイヤはアスファルトにロックされるが右前のタイヤは鉄板が動いてしまい在らぬ方向へ向いてしまう
自動車	バック	もちろん停車の場合は駅に停まってから、発車してバックして側線に入る、といった、逆もあるのだが、このあたりは雪が深く、この屋根がないと分岐用の線路が凍ってしまい、普通列車が停車できない、といった事態も起こり得る
カメラ	バック	構造的にはデュアルビュー技術に似ており、視差バリア層と呼ばれる無数の微細なスリットがバックライトの光を画素を交互に遮ることで観覧者の右目と左目では異なる画素を見るようにそれぞれの位置関係が保たれる
カメラ	バック	今日の締めで夕日をバックにパラポルティアニ教会を撮影しようと思い、アングルを探すがあまりよい所が見つからず、、結局正面のちょっとした高台から撮影
カメラ	バック	担当さんがバックドアの凹みについては後続車が当たったのではなく、バンパーが潰れた際に、バンパーが押し上がりその盛り上がった部分がボディに当たり、凹んだのではないかのこと
その他	バック	この記事へのトラックバック一覧です: 中村道場沖縄拳法に「カキエ」、「ムチミ」等の鍛錬法は一切無い事について (剛柔流宮城安一先生と東恩納盛男先生の動画・その他より):
その他	バック	九州六大学野球2009秋季 北九州大対西南大 (2009年10月3日) バックスイングが高校時代と違っているが球は一段と力強い(期待している選手内~八木投手~武蔵台) カクテル光線に照らされたグランド、タバコとアルコールのにおいがその興奮を
カメラ	バック	TバックCLUBの男性下着で、女性的な(レース使い)下着は、逆説的に男性の魅力を引き立てるものであり、 アニマル柄(ヒョウ、トラ、ヘビ)のインナーは、野生的な力強さを感じさせますね
その他	バック	Xboxスタート、バック、ABXY、ブラック、ホワイト、LRトリガー、左右スティックの押し込みボタン(+左右にアナログスティック、十字ボタン)
ファッション	バック	雨のためバルコニーをほとんど使えず、浅間山も見れずに残念でしたが、部屋は綺麗で、特に荷物を運んでくれた方は、車にゴルフバックが入っている話をしたところ、翌朝顔を見て「ゴルフバックですね」と声をかけてくれて、覚えていてくれたのが嬉しく思いました
カメラ	バック	写真については全く詳しくないのであれなんですが、まえに赤いバック紙の前で人形の写真をとったらやんじさんのティーダみたいに緑がかった写真に写りました
カメラ	バック	さらにバックでアナル姦は続く小林祥子画像アナル姦の次はバックでオマンコにズブリ小林祥子画像正常位でさらに激しくズボズボ小林祥子画像麗美が抵抗するも最後は生中出し小林祥子画像チンポが抜かれオマンコから精液がゆっくりと逆流小林祥子
ファッション	バック	何度か弥彦に行くようになりたくさんの方にお世話になりますが、この度、鳥居前のみのやさんでとてもオシャレで丈夫な手頃なサイズのバックをゲットしました
ファッション	バック	】本体かばん鞄カバンバック限定セールSALEセット2008BAG激安格安訳ありアウトレット激安半額以下期間限定ポイント倍セレブ愛用cancamバッグハンガー【レビューを書くと5%OFF
カメラ	バック	トレーニングモードで先行の八木・石川、その後は「止まると膝が痛い」という高橋さんが先行し、飯泉・木下・三田は上田の町から望む雪をいただいた菅平(根子岳・四阿山)をバックに写真撮影(右写真)などしながら、ウルトラペースで後を追いかけた
カメラ	バック	昨年まで、ずーーーーーっと瑞穂=バックスタンド、豊スタ=メインスタンドのカテゴリー4だったけれど、チケットが高いので、今のチーム状態を勘案して、開幕戦は自由席にした
カメラ	バック	入口はサッカー場でのバックスタンド、野球場でのセンターにあたる場所にあり、ステージ移動の際にはこの部分の観客席がレフト・ライトスタンドの下に収納され、さらにムービングウォールと呼ばれる、クローズドアリーナとオープンアリーナの間に設備されている可動壁を収納し、ステージの通り道ができるようになっている
カメラ	バック	1991年、山根英彦氏が作り出した大阪発のこだわりジーンズブランド「EVISU GENES」 バックポケットにペンキで書いたかもめマークがトレードマークのジーンズです
自動車	バック	「早く車を移動してください」と催促されたこともあり、そそくさと荷物を降ろし駐車場に急いで移動するが、先ほど来た細い道をバックで戻ろうそすると、典型的にはまった・・・
その他	バック	眞鍋さんがブログで愚痴をこぼした後、すぐにスポーツ誌に掲載されてしまいましたが、スポーツ誌は城内さんのバックの警察権力が怖くなかったんでしょうかね
スポーツ	バック	当時の蹴球の場合は、まず一番うまい人・強い人がとにかくフォワードにいって、次に、後ろの方で守れる人がいって(フルバック)、今のミッドフィールダー、ハーフバックには一番へたな人がやっていました
ファッション	バック	6 バッグ15844バッグブランドバックヴィトンエルメスのバック、フールトゥ エルメスのバッグのフールトゥは1998年に創作料理ロコ 2007
ファッション	バック	そのおばあさんは80歳くらいなのですがちょっと小汚いピンク一色の身なり・・(ピンクのワンピ、ピンクの靴&靴下、ピンクの傘、バック・・・熱いのに先のないピンクの手袋)
その他	バック	しかしピンクバックから屋外撮影HPグラビア写真に変わった際、顔アップ写真を避けて全身写真ばかりと載せていた事(確認してください)、23歳表記である事から細身のオバちゃん
その他	バック	彼の一番の魅力は、インターセプトの能力の高さで、ワイドレシーバーとある程度距離を置き、クォーターバックからボールが投げられると、ワイドレシーバーの前に走り込んでいとも簡単にインターセプトをしていたのを思い出す
カメラ	バック	夕維の写真ですが、撮影スペースがなかなか使えなくて、ほとんど隅っこの方で造花をバックにちまちま構図を変えたり、ズームしたり離したりしながら撮ったので、似たような構図ばっかです
ファッション	バック	かかとが高い靴を履きつづけたり、同じ方の肩ばかりでバックをかけたり、手にもったり、足を組んだり、横すわりしたり、物を食べるのに、片方の歯だけ噛んだりしていると骨盤は歪みを生じてきます
カメラ	バック	履き口の編み込みとコンチョがポイント 目立つオシャレなフリンジ バックファスナー付きで着脱も楽チン 柔らかいスエードの素材で履き心地良 持ってれば、いろいろなコーディネートに役立つ事間違いなしです
その他	バック	日本では、パール・バックの『大地』のような作品をついに生み出せなかったし、エドガー・スノーのように、中国共産党の根拠地まで潜入して、中国革命と中国民衆の新しい姿を世界に紹介したジャーナリストも登場することはなかった
ファッション	バック	エコバックは百貨店やスーパーなどがレジ袋の削減を目指して取り組み始めた取り組みですが、最近では三重県のように、マラソンランナーの野口みずき選手がデザインされたエコバッグを作るなど利用してもらうために工夫をこらす自治体も出始めています
その他	バック	今年の春から硬式テニスをはじめたのですが、片手バックの打ち方がわかりません(泣) プロの選手のフェデラーなどエナンはグリップがイースタンではないとおもうのですがプロのにぎりかたはどうやるのでしょ
自動車	バック	19日午前2時5分ごろ、愛知県鳳来町の山中で、静岡県警浜北署のパトカーが不審な乗用車を追跡中、乗用車がバックして体当たりしてきたため署員が拳銃2発を威嚇発砲した
ファッション	バック	ホテルで提携の留袖の貸衣装は、付属品(草履、バック、和装下着他小物)などを用意しなければいけないので、特に遠方は荷物が多くなりますので留袖にこだわらず洋装でいいと思います
その他	バック	〜第9回ケンブロトラックバックコンテスト〜」では、期間中にトラックバック投稿の記事が承認された方の中から、毎日抽選で1名様、合計30名様に、ケンコーコムお買い物クーポン2000円相当を、またコンテスト期間内に、最も多くトラックバックが承認された上位3名様に、VISA商品券(最高3万円)&年末ジャンボ宝くじをプレゼントいたします
カメラ	バック	昨年大みそかのNHK紅白歌合戦で物議を醸したDJ OZMA(年齢非公表)の女性バックダンサーが着用したヌードスーツが、宴会芸グッズとして発売されることが23日、分かった
その他	バック	午前10時の駐車場には米国からきたというグループはじめ、山スキーの人たち、スノーボーダーにテレマーカー、はたまたカルフのスキーシュー「META」の方もいて、なんだかバックカントリー品評会の様相
自動車	バック	もっとも、前記カで認定した事実によれば、ギ アをバックに入れていたことから、被告車両がわ ずかに後退していた可能性も考えられるが、それ は微々たるものに過ぎず、被告車両は停止してい たものと同視できるというべきである
カメラ	バック	すごいどうでも良いんですが、不運兄弟のバックにある背景画像、私としては「東京高層ビル夜景」「エジプト」「香港」「ラスベガス」(全部兄弟に回って欲しいと思ったところ)を貼りたかったのですが、なかなか丁度良い画像が見付からず、結局「東京高層ビル夜景」「ギリシャ」「オーストラリア」「バンコク」となりました
その他	バック	絶滅寸前の関連仲間文化圏は、ブログサービス等が用意しているトラックバックセンターと、お互いがそういうトラックバックを送りあうことが認められている仲良しコミュニティ内でみかける程度
自動車	バック	生来のあまのじゃくと行列嫌いで、ラーメン以外のジャンルで流行りものに飛びつく事がほとんど無い私ですが、11/30まで「魔法のレストランを見た」と言えば300円キャッシュバックになるとあっては行かないわけにはいきませんよね
その他	バック	だから、しばらくはバックオフィスというか、そういうような機関はこういうような体制でやりますよという表現の方が正しいんじゃなかろうかなというふうな気がいたしました
ファッション	バック	ジュエリーのお店として、素敵なジュエリーや、ピンキーリング、ブランドバック、ブランド時計などのラグジュアリーアイテムをお手ごろ価格でご提供しております
カメラ	バック	東京ユニバーサル・フィルハーモニー管弦楽団が、この日のために編曲したオーケストラバージョンの生演奏をバックに登場した新垣は、約5カ月にわたる長期ロケを乗り切っただけに感無量の面持ちだ
自動車	バック	午前7 時10分ごろ、岐阜市春日町の市道で、バックで進入してきた瑞穂市生津内宮町の会社員・清水勝一さん(57)が運転するゴミ収集車が、後ろを歩いていた岐阜市柳ケ瀬通の無職・津森京子さんをはねました
カメラ	バック	本来の目的は「東映」の会社のロゴのバックに有る三角岩を見ようと思っていたのだがどこだか判らないので(それらしいのは見つけたが望遠レンズがないので確証がなかった)とりあえず写真を撮り歩き灯台へ上ったりしてお土産屋へ
カメラ	バック	まず港をバックに私たちのカメラで人力車に乗った二人を写真に撮ってくれてから、きちんと支度を整えた人力車は昔の港町の賑わいを説明しながら軽やかに走り出しました
ファッション	バック	しっかりカメラバックにフィルム他用意したので次回はデジタルを止めてフィルム撮影を・・・・初めて標準レンズ付き一眼レフを当時購入すれば、次に購入する交換レンズと言えば入門コースの広角レンズが35mmと望遠レンズが135mmと言うのが定番だ、予算しだいでf値が2
ファッション	バック	ただし折りたたみ時に自転車が固定されない(広がる)事、折りたたむとやはり厚みが有り、バックが自転車のサイズにピッタリしてなく、バックが少し大きめですが、価格を考えるとすごくお買い得です
スポーツ	バック	千葉は千葉で3バック全員が今季初スタメンという急造のせいか守備の意思統一が全く取れず、また柏のプレスに苦し紛れのパスミス、あるいはバックパスを繰り返す
自動車	バック	アクセス:福岡より 車/九州自動車道で鹿児島方面へ~植木IC~国道3号線を福岡方面へ2Kmバック豊田交差点を右へ20分 車以外/JR鹿児島本線熊本駅下車
その他	バック	また、機器のバックオーダーも解消されたので、納車整備と共に付けるケースが増えたので、お客様の工賃負担も軽減出来てより普及に拍車をかけることだろう
自動車	バック	31日午後5時すぎ、青梅市新町で、小学校4年生の町田京平君(9)が自転車で歩道を走っていたところ、駐車場からバックで出てきた車にはねられ死亡した
カメラ	バック	また、ずっと古い新聞を取っていて下さったり、バックで流れるBGMの選曲もストリングスが入った曲や、オーケストラ曲で有名なものなど選んでいただいて、林さんの細やかなお心遣いに感謝しております
自動車	バック	前半、味方のバックパスを足で受け損ない、相手に詰められたり、後半立ち上がり早々にはゴールキックしようとしたところへ突っ込んでこられ、ボールが真上に弾かれる、なんていう場面もあったけれど、笑顔をたたえ続け——多少ひきつっていても——アグレッシブに日本のゴールマウスを守っていたのです
ファッション	バック	みなさんも言ってますが、にょろさん・・・壷ってーーー素敵です^^;でもいらなかったんですね(泣)先日109でとんでもな若向きのバックやらサンダルを「かわいいー♪」と買ってしまい、バックは財布入らず(痛)・・サンダルは靴ずれで従姉妹にあげてしまいました
カメラ	バック	タブロー、ミスラ・ジン、DJトゥーカッツが、バックダンサーと共に登場するやいなや客席はまさに修羅場、ステージをいっぱいに埋めたエピックハイとバックダンサー達は楽しいダンスとラップ、そしてメロディーにあわせた姿はまるで「舞台の上の小さなお祭り」を連想させた
カメラ	バック	逆光で撮影する場合、あるいは花や枯れ木などを前面に、大きくダイナミックに入れて撮影しようとする場合などに、しばしばバックが明るすぎることがあります
ファッション	バック	ルイ・ヴィトン、エルメス、シャネル、グッチ、プラダなどのブランド各種、バック、時計、貴金属など販売と、MLM商品(アムウェイ・ニューウエイズ・ニュースキン・ハーバライフ・EMS等)、化粧品、美容機器、ブランド品、宝石、時計、アクセサリー、毛皮、贈答品などの買取もいたしております
カメラ	バック	後でバックルームで話した時に「良かったですね、若い子にタイプだって思われて(笑)」って言ったら「マジぃ~、どうしようかなぁ」なんて言ってるから(ちなみに妻子ありですが)「あ、やめてくださいよ
カメラ	バック	私は、チャイナドレスに合うムードたっぷりの中華風セットで、鄭小姐は、大きなリボンと豪奢なフリルをあしらった黒のドレスで小悪魔風に変身して豪華なセットをバックに撮影です
カメラ	バック	あとは枚数を撮って選ぶ・・・手持ちで撮るとアングルを自由に変えて撮ることができるのでバックの処理がスムースにできます・・・例えば花を狙うとすればファインダーを覗きながらバックの具合を確認しながら撮る、出来るだけ目障りなものは入らないようにする
カメラ	バック	コンパクトカメラに変えて、久しぶりに一眼レフとLレンズを携行することにしたので、バックパックをバックカントリーで使っている「ダカイン・ガイド50L」に変えた
自動車	バック	そんな、馬鹿なと思うかも知れないが、庭先でバックで自分の子供を轢いてしまう事故や立体駐車場からペダルを踏み間違えて落下などと言った通常では考えられないミスをするのも人間ってやつだ
ファッション	バック	バックと靴は今回はカジュアルに黒のショルダーバッグとそれとお揃いのシューズを合わせましたが、エレガントにおとなっぽく着こなすならパンプスもいいかも
その他	バック	5cm F2では、前側に弱い凹レンズを配した変形ガウスタイプで、Fカメラに必要なバックフォーカスを確保することができたが、1絞り明るいこのレンズではそう簡単にはゆかなかった
自動車	バック	車の後ろに歩いていたおじさんがいて背中からバックで車に当たられてびっくりして後ろを振り向き、手に持っていた、丸めた雑誌で当たってきた車のボンネットを「ポコッ」ってシバいていた
その他	バック	卒業後、母校アシスタントを経て、66年に名門ピッツバーグ大守備バックコーチに就任以来、昨07年にコーチ業から引退するまで、守備バックのスペシャリストとして手腕を発揮してきた
カメラ	バック	SEXYなベビードールやテディー、sexyブラ&ショーツ、セクシーブラジャー、色々なセクシーショーツ、Tバック、ヒモパン(サイドストリングス)、オープンショーツ、クロッチオープン、ネグリジェ、メンズインナー、メンズショーツ、などを半額・アウトレット価格のお値打ち特価で販売しております
自動車	バック	カルフールの駐車場は、車止めが付いていないので、バックしていて背後の車や壁にぶつかりそうでこわい(うちの車にはセンサーもリアミラーも付けなかったので、勘勝負なのだ
その他	バック	幣サイト内記事へのリンク・URLが含まれないトラックバック、H1タグを含むトラックバックは「トラックバックスパム(SPAM)」としてエラーで弾かれます
その他	バック	「ストーンバック」を付け、重石を乗せる方法や、重い物などぶら下げる方法などあるだろうが、三脚の重要さを考えた時に、例えば欲しいレンズがあったとして、そのレンズの購入を後回しにしてでも安定した三脚は揃えたい
その他	バック	彼にはそれなりに新鮮に映っている様子ですし、私もトラックバックを打つのは初めてだったので、最初はリンク用とトラックバック用でURLが異なる事に気づかなかったりして
カメラ	バック	翌日配送【こちらの品はあす楽対応商品です】【あす楽対応_関東】【あす楽対応_北陸】【あす楽対応_東海】【あす楽対応_近畿】◆「ブリブリオールレースのヒモデザイン クロッチオープン☆Tバックショーツ」【セクシーランジェリー・インナー・セール】【テイストセクシー】【0802ポイント優待】【テイストキュート】【テイストクール】【目的見せてもOK】【CP】
ファッション	バック	しかしファッション雑誌の中に出てくる読者モデルという存在はなんだか疑問を持つような子ばかりです、普通のOLさんでお給料の水準だって絶対に自分とは変わらないのに毎週のように洋服を購入したり高そうなブランドバックを持っていたり、おいしくて高そうなレストランへ行ったりとしている様子を見ていると、もしかしたらこの子たちは借金をしているのではないかなとふと思いましたね
スポーツ	バック	クラブ単体では難しいのなら、各大会規定で「センターバックの選手は180cm以上に限る」と定めるのもありだ(185cm以上と言いたいところだが)
カメラ	バック	コスチューム、アームウォーマー、ストッキング、Tバックの4点セット 【フリーサイズ 】 伸縮性あり □PCディスプレイの仕様上、写真と実際の商品の色は多少異なる場合がございます
カメラ	バック	「セキュリティー」では、青空をバックにラウドスピーカーを象徴的に出し、「全員にすべてを知らせることなく、特定の人にだけ知らせる方法」という難題をIBMのセキュリティー・ソリューションが解決してくれることを伝えます
スポーツ	バック	鹿島DF伊野波にトム・トムスク獲得打診日刊スポーツ伊野波は鹿島ではセンターバックのレギュラーだが、プロ入り直後はボランチを務めていたこともあり、強靱(きょうじん)なフィジカルに足もとの技術も高い
その他	バック	これを踏まえ、私どものこれまでの3年がフォアキャスティングであるとすれば、これからの3年はバックキャスティング、ユニバーサルコミュニケーションの時代にわれわれはどうあるべきか、これを最重点の取り組みにしていきたいと考えます
その他	バック	ただし、これはあくまでテレマークの国際大会で活躍するような選手など、マテリアルのポテンシャルを十分に引き出せる選手に限った話であり、一般的なテレマーク(バックカントリー含める)にはそれほど問題はない
カメラ	バック	バックプレッシャーをかけると、飛行中の機体が上向きとなって、燃料の液面がキャブレターよりも低くなった場合でも、燃料をエンジンに供給でき、エンストを防止できる
カメラ	バック	【楽天市場】よりバックが大きくあいたドレスに・・・【シンプルなデザインはドレスに響きません・・ブライダルインナー】スリーインワン Vバッグタイプ単品:ウェディング&ギフト ミュゼ
カメラ	バック	そんな中でプロレスの反則技は5カウント以内にやめればOKになってしまうし、反則をしたから相手にバックをとらせてあげるなんて事もありません(アマチュアのレスリングはパッシブの体勢からの責めになったりします)
カメラ	バック	作品1は、農家家族でドライフラワー用の稲穂を刈り取る作業を白米の田圃との対比で、作品2は、夕陽にきらめき揺れる稲穂を、バックに暗い場所を探し逆光で撮影しました
カメラ	バック	ちなみに小五郎のバックの壁には「牛どん」と「おすすめランチ680円」の文字が躍っていましたが、朝ということなのでこれらとは別のものを食べたものを思われます(笑)
その他	バック	Yahoo Japanのバックエンドのサーチエンジンは、2001年にはGoogle(多数のページをカバーしているとの定評)に変わり、今また(2004年)、より強力といわれているインクトゥミ社のサーチエンジンを買収し、Yahoo独自のサーチエンジンを開発・提供する方針である
カメラ	バック	ご存じのように、一眼レフカメラ用レンズは、クイックリターンミラーと干渉しないように長いバックフォーカスが必要であり、大口径で短い焦点距離のレンズほど設計が困難になる
ファッション	バック	大豊町のゆとりすとパークに行きましたが最近メインのレンズを入れたカメラバックを得忘れて戦意喪失写真は入り口付近、北より少し西向きここに靄が立ち込めた時の景色はすばらしいらしいコテージ、キャンプ場があり私一人来るような所じゃないですね下
その他	バック	ツボカビについて知っていただき、さらにバックを使っていただくことにより「カエルを放さないで」という普及に購入者の皆様にもご協力いただければと思っております
その他	バック	通行人の運転してバックでよると、21日午後1時15分すぎ、三重県桑名市蛎塚新田、重機械土木大手「水谷建設」のいた女性に高速道路と強く打ち意識不明の怒りをJR鹿児島中央駅西口の老人施設「静養ホームたまゆら」で開始したことが右腕の座骨などをみて、沖縄県読谷村で、散歩中のなるのは、高さ10メートルをよう造られた道路の天井(高さ約2・7メートル)から運転して死亡した
スポーツ	バック	彼ら(中盤選手たち)の、全体的なポジショニングバランスですが、最終のスリーバック(鈴木、田中、大岩)の前に、「後ろ気味」に福西と服部がポジションします
その他	バック	新年度を目前にして、当社のホームページを再検討しようと、担当者にバックヤードのデータをもらうと、検索で誘導されるキーワードがなかなか面白いです
その他	バック	キックバックやリアブレーキ使用時のリアサス作動等のネガティブ要素を排除した、4バーリンケージデザインフレーム(基本デザインは今でも変わりません)
スポーツ	バック	以前はキーパーの前に、スイーパー(バック)1枚、ストッパー(下がり目の中盤)2枚を配した1トップのカウンター型だったが、今回はキーパーの前に、バック2枚、その前にボランチっぽい感じで1枚、1トップのカウンター型にした
ファッション	バック	バッグの巾:約22cmバッグ奥行き:約8cmバックの高さ:約14cm(ボックスのみ)《草履の素材》花緒と草履の天井部分は本皮で、それ以外は合皮を使用しています
カメラ	バック	半田くんは男前なんですが、バックに高層ビルが映りこんでいるのが見逃せない(笑)12月は、写真のムードと季節が唯一合致した月(笑)(公式に画像あり)
その他	バック	一方の民主党・連合陣営では、目下、函館市議で元議長の岩谷正信氏の出馬が有力でないかといわれ、同じく函館市議で市職労バックの高橋亨氏の出馬も取り沙汰されている
自動車	バック	バックで戻り、車を近づけてドアーを開けてから「はいどうぞ」と言って「どこまでですか」尋ねますと国道に面したホームセンターまでと言いますので「何か買い物ですか」と聞きますと「うん、花の種を買おうと思って・・・」歳をとってから花の種を植えるなんて気持ちの優しい人なんでしょう「天気がいいから種を植えて土をいじっていると気持ちがいいでしょう」と言うんですが、しっくりした返事がありません
カメラ	バック	ヤッホー♪エッチな質問2答えてくれてありがとう美雪ちゃん♀やっぱフルバック派だったね(ウフッ)清純な美雪ちゃん♀ゎTバックゎ駄目ダョ→→→♪制服姿の美雪ちゃん♀もエエなぁぁぁぁぁたまらんぶぅ〜〜〜(ブヒブヒブヒブヒブヒィィィィィィィィィィ)はや〜く大阪でイベント(撮影会)やってやぁ♪美雪ちゃん♀撮影会ゎやってみたいのかにゃッ
スポーツ	バック	ヘディングのみ2流、足元は4流のセンターバック中澤、ディフェンスラインを作るより丸の内にカフェを作ることを優先した宮本、本番では裏を取られっぱなしの両サイド(加地、サントス)では、何点取られるのかわかりません
カメラ	バック	昨日おばけの日とゆうコスプレイベントだったのに気付かず普通にスーツで決め込んで出勤してきてましたよ( ́・ω・`)俺テラバカス 急いでバックルームをのぞくと去年つかったサンタの衣装が
その他	バック	ハワイで成功したわけでなく本当の成功は、電話ビジネスの日本での夜明け時期に成功して、ニューヨークでコールバックの電話サービス用サーバーを設置して日本の顧客を募り、利益金を日本の不動産投資して、年間家賃収入利益金が3000万円とのサクセスストーリーです
カメラ	バック	ヴェルサイユに集まったクープランやマレなどの音楽家達を彷彿させる、寺神戸 亮とその仲間たちをバックに、愛する男から裏切られた悲劇の女性をアニエス・メロンが熱唱
自動車	バック	サッカー強豪国が全てバックパス禁止ルールがあるというのなら 導入も分りますが、そんな国は何処を探してもありませんし、なにより このことを他の国のサッカー関係者が聞いたら馬鹿呼ばわりされて当然で
その他	バック	■VAXPOT(バックスポット)■カラフルなピラミッドスタッズがカッコカワイイVAXPOTのベルト♪ファッションはもちろん、スノーボードにも使えます☆■素材【ベルト本体】合成皮革【鋲】銅製■サイズ【ベルト長さ】110cm【ベルト幅】3
カメラ	バック	例えば、1930年代にアーティスティックな静物写真を撮ったかと思えば、自分の住む鳥取の昔の町並みには同じ日本人として体験してはいないのだけど懐かしい感じを覚えたり、そして砂丘をバックに人物を配したシリーズにはスケール感に圧倒され、ヨーロッパに旅した際の写真には欧風だなあと思い、言ってみれば、観たまんまのフツーの感想をもつのが精一杯
その他	バック	三菱自動車は、4月20日から28日まで中国の上海で開催される「上海国際モーターショー」に、『ランサー・スポーツバック・ラリーアート』(日本名=ギャラン・フォルティス・スポーツバック・ラリーアート)を中
カメラ	バック	オンラインショッピング有楽町新宿渋谷店の特徴着用イメージバックスタイル集、仕立てを販売も大きくましたスーツとお取扱いショップ、スーパー120年間お客様からは、シャツ、正規取扱店オーダースーツスーツパンプス・クラシックモデルシャツ、最安値比較
カメラ	バック	P3までは普通の水着なんですが、P4とP5だとどう見ても下着っていうかんじ、 しかもTバック風の処理をしてバックからの撮影だったり、P6〜P7の写真でも 変なワンピース水着風だったり
カメラ	バック	再結成後のフォーリーブスのバックでドラムを担当していた村田勝美が、2006年2月18日のコンサートを急病で欠席した際、急遽長沢が助っ人として代役を務めた
ファッション	バック	ボストンバックを座席の下に入れ、ネクタイを緩めながら背広を脱いだ真澄は、マヤが座っている窓側のフックに上着をかけようとマヤの頭の上に手を伸ばした
その他	バック	ハイバックはヒールサイドターン(カカト側のターン)をサポートするためにあり、前に傾ける程そのサポート力が強まり、ヒールサイドのボードコントロールが素早くできるようになります
カメラ	バック	この方式の特徴はバックフォーカス長が抑えられることから気軽に持ち出せる一眼カメラを作り易く、さらにレンズ交換システムも採用できるため、デジカメの新しいユーザー層の開拓が行えることを見込んでいる
その他	バック	車体軽量化の効果は大きいが、必要な加工力が大きく、スプリングバック量も大きいため、プレス加工が困難な980MPa級ハイテン材を量産車に適用するに当たり、弊社での予測技術開発からサイマル活動、実型製作にいたる、これまでの取り組みを報告する
その他	バック	マイボールになってもボランチから先で直ぐにボールを取られ、しかも逆襲がボランチのとことで止まらないので、守備陣が次第に疲弊して最後はサンドバック状態だった
その他	バック	本来ならば、バックロード・ホーンのタイプが良さそうです、但しアコースタでは、小さい部屋では低音が出すぎると思うので、私が使うのにはもう少し小さ目のバックロード箱が良さそうです
自動車	バック	83歳のおばあさんが駐車しようとバックする際、アクセルとブレーキを踏み間違い、反動で緑地帯を超えベンチで昼食中だった23歳女性をはね、死亡させてしまったというやるせない事故であった
ファッション	バック	【0816_送料無料】セールバッグハンガーAバックハンガー バッグフック バックフック【代引き時送料420円】Aを3個買う度に+1個プレゼント中
カメラ	バック	ま、カメラ側で選択したフォーマットにあわせてクロップしてくれてもいいのですが、広告や雑誌などでは、切り抜き写真(人物や物などをグレーバックなどで撮影して、その背景を切り抜いて使用することです
カメラ	バック	自ら電マをオマ〇コに当て、バック挿入で激しく突かれ11連続絶頂したり、子宮を広げられマンペし更に激指マン→潮吹き&窒息寸前の6連絶頂と叫び声をあげながら果てているそらの姿をじっくり堪能してください
その他	バック	なお、提携金融機関利用時のATM手数料のキャッシュバックは現在では新生銀行・スルガ銀行(ダイレクトバンク支店・ANA支店等)などが追従している(優遇適用条件もこれらの金融機関のほうが低い)
ファッション	バック	カメラバックに比べたら頑丈ではないので少し補強しなければなりませんが、ノートパソコンとデジタル一眼レフ一台とレンズ一本及び小物が気持ち良く入ります
カメラ	バック	宇崎竜童、沢田研二、大野克夫、井上堯之、井上大輔、安岡力也、BOROらをバックコーラスにしたアルバムヴァージョンを、そのままTV『夜のヒットスタジオ』でもこの軍団を従えての凄い画を見せてくれたのを思い出す
カメラ	バック	雄大な浅間山をバックに佇む「軽井沢スケートセンター」では、アイススケート、テニス、ボウリング、サイクリングを楽しめるほか、フィッシュガーデン、ビリヤードなどのアミューズメント施設やレストランなどもあり、一年を通じて充実の滞在を満喫できる
ファッション	バック	【男性 子供のしつけフェラガモ バッグ 人気者♪仲間と楽しそうにしてる山下智久→Aの亀それか育児相談また活用方法研究会グッチヒロシパパ当然彼氏彼女ベルト父の日バック母の日バッグそれか誕生日それ亀梨和也DVD結婚バッグ彼女バッグ結婚財布フェラガモ
自動車	バック	基地を洗車をしながら出口へ向かい、その後に利府方にバックしてから、再び前進で所定のポジションに戻る十数分のミニ旅行(要予約)だが、今回はカミさんが体調を崩していたため、自分一人で乗るのもアレなのでパス
その他	バック	これらのクルマのうち、4バック式空気ばね緩衝装置付車両の後車軸を車枠に固定するVロッドにおいて車軸との間のボールジョイント取り付けナットの締付け強度不足で、車両旋回時などの横荷重により、ナットが緩むものがある
その他	バック	さらに2006年10月15日までメーカーキャンペーンの1万円キャッシュバックがあること、RAW対応ソフトが同梱で別に購入しなくて済むこと、予備のバッテリーが汎用品の単三型で安上がりなこと、ほぼ全交換レンズで手ぶれ補正が機能することなどを考えると、信じられないくらいお買い得なデジタル一眼レフと言えそうです
自動車	バック	除雪はしたけど寄せただけなので雪の山が出来ていました、朝会社の駐車場に止めるためにバックしてると雪にぶつかった音がしました、見てみると後ろのバンパーの下まで雪に突っ込んでいましたう〜んしまった
自動車	バック	・具体的には、車でバックする時、右ハンドル車なら右手片手ハンドルで上体を軽くひねって左手は助手席の女の子の肩口のすぐ後ろあたりに置く(この時、女の子はゾクッっと胸キュン感じるらしい・・)、後ろを振り向きながら・・って構図
スポーツ	バック	たとえばセンターバックでコンビを組むと、スイーパーの後藤は、ストッパーの吉澤に、そりゃ絶対無理だろというボールまで、平気で「追え」と指示を出す
自動車	バック	会社の駐車場で三台入るけど、他の新人が自家用車置いて、二台しか入らない所にS浦がバックで突っ込んで来たからクラクション鳴らしたら、逆に怒った感じ
カメラ	バック	”、イタリア・ポンペイでは“左ぽんぺい”と、発表の場もないもまま数々の世界ダジャレフォトを撮影してきた私は、この美しい開聞岳をバックに1枚撮ってみたくなりました
ファッション	バック	ワタシは、つい数年前まで、ブランド物といったら、 服やバックのことだと思って、生きてました 洋食器にも、ブランドがあると知ったのは、4〜5年前
カメラ	バック	僕ら取材とかでカメラとってもらうじゃないですか、そのカメラマンとかに、「坂本くん、ちょっと下むいて」なんでかっていうと、白バックなんですよ、そうなると僕の鼻のアナが妙に浮き出すんですよ
自動車	バック	ATでも坂道発進に使ったり、バックで坂を登るときにATがすべりギクシャクしますが、少しだけブレーキを引くと安定しますし、また、段差があるときにアクセルを踏んでいくと急激に発進することがありますが、これもハンドブレーキで調節できます
カメラ	バック	左手とバックだけがボーダーになってて、左右前後で違う服に見えるってゆう☆柴田さんはパンクドランカーの服好きだしよく似合うよね☆M1の時の又だけ白い(始め驚いた)ズボンもそこのだと思う
自動車	バック	加害者が三井ダイレクト加入でした、駐車場での事故で当方が停車中に相手がバックしての接触事故で過失割合当方0・相手100を主張しましたが全く聞き入れず「駐車場は道交法が適用しないので50%:50%、民法で決まっている、担当者の私が嫌いなら電話するな、営業時間(17:00)が終わったので電話を交渉は終わり、裁判判決以外過失割合判定は変更しない」等終始一方的な対応でした
その他	バック	因みに、ハイバックシートが全面採用されたのは、今残っている車両で最古参の94年度車が最後(日野車は除く)で、導入時はピンク色の生地に御所車模様だったが、現在はワインレッドの無地のに変えられている
カメラ	バック	友人あっこちんに頂いた「Tバックおパンツ」を人生2回めに履いたところ、あまりの装着感の無さに脱ぐのも忘れて便座に座ってしまい「あわや、お漏らし32歳
カメラ	バック	もしパンツが見えることに抵抗があるのであれば、まずTバックをはいた上で、アンダースコート代わりに普通のパンツをはけば宜しいのではないかと思われる
カメラ	バック	帽子 バックベルトのウールハンチング deuse【あす楽対応_関東】【あす楽対応_甲信越】【あす楽対応_北陸】【あす楽対応_東海】【あす楽対応_近畿】【あす楽対応_中国】【あす楽対応_四国】
その他	バック	ゲーマーズ本店の九重りん「ほぼ等身大」フィギュアは台の上に置いてあり、スカートの中を(とら本店よりは)覗くやすくなっているけど、九重りんのスカートの中を覗くと、バックベアード様に『このロリコンどもめ
その他	バック	サトー14万ぐらい、エフテック12ぐらい、日本電計8ぐらい、アサックス12やアルバック32、日東電工26や大真空33や三井造船21、コマニー22、コナミ25、三菱マテリ13、住友商事12など考えてるのですが、どれが割安か
自動車	バック	本来バックランプの有るセンター部までブレーキランプに しちゃいましたので バンパー下部にバックランプを移動しました、白く光る球を入れています 現在はもう少し小さくてスタイリッシュなランプに換えていますが、この画像の安物は600円位です(笑)
その他	バック	もちろん水陸両用ですので地上では普通の自転車として走行可能で、「これは地上では普通の自転車として走行可能で、エアーバックに空気を入れれば時速5kmのスピードで水面を走ることが出来ます」っとデンさんも話しているそうです
カメラ	バック	やっほーこれから超自慢するからウゼwwwwwコイツと思ったヒトわすぐに電源ぉ切るかまわれ右でお願いします12月15日発売の安室チャンのCDのDVDの2曲目の『LOVE GAME』って曲にアタシが通うダンスのスクールのセンセイがバックダンサーとして出演してたんですね他にもBOAチャン こうだくみチ
スポーツ	バック	ストロングポイントである駒野、太田、村井と揃えたサイドアタッカーを生かす戦術(=4バック)を試すこともなく、彼らは独力での突破を強いられ、最後には5バックに組み込まれてしまった
スポーツ	バック	他には、GKに松野さん、超人スグルとロボがセンターバックでコンビ、中盤のサイドで鴨が予想メンバーに入っており、実にユーベの5選手スタメンに名を連ねる見込みです
その他	バック	著者のリチャード・バックが生涯飛行機乗りだったこともあわせて考えると、スピードという接点においてバイクと禅思想は意外に融和性が高いのかもしれない
スポーツ	バック	ウチのチームのコーチは、なんとなくのバックの不満がわかったみたいで、前衛の前で叱ったんよ、球拾いも当たり前、バックがあげたボールを雑に返したり、バックのせいにするのはいけないと、バックあっての前衛だから
その他	バック	あのブームの影響で、本来は今のギャランフォルティス(ランサー)スポーツバックのような欧州テイストの5ドアハッチバックセダンだった俺までGTRVなんて言う世にも珍しい変な車にされてしまって・・・
カメラ	バック	「絞り」は、前の被写体(人物)を際立たせ、バックの被写体をぼかす場合に有効で、この「絞り」に合わせ、シャッター・スピードをカメラが選定してくれます
カメラ	バック	一方、バックライトをR・G・B・R・G・B・・・と時間的に切り替え、それに同期させて白黒液晶シャッターを開閉すると、網膜の残像効果により色が混合(時間的に混合)されて見えるワケです
自動車	バック	駐車場で巻き込み蛇行し塀に衝突女性死亡 18日午後4時30分頃、大阪府大阪狭山市狭山のコンビニエンスストア駐車場で、自称公共職業安定所非常勤職員・清水辰彦容疑者(58)(大阪府富田林市)運転の乗用車がバックした際、70〜90歳の女性をはねた
自動車	バック	バック時、平行移動するときは前に出してからバックしながらハンドルをひねって調整するんだけど、この場合はバックしてから前に進みつつ平行移動することになる
自動車	バック	大変苦手な、両側に車がとまっている真中に車を入れたが(幸い通路の幅が広いので、見るに耐えない切り返しを2回位したらなんとかど真ん中に入れた)、真中に入れることに気を取られていたらバックし過ぎた
その他	バック	つまり、バックドラフト、クリムゾンタイド、ザ・ロック、ピースメーカー等のようなハンス・ジマーの派手でかっこいいスコアを思い描いてこれを購入すると失敗するかもしれない、ということです
自動車	バック	さらにこのレンズは、バックフォーカスの制約がないため、ディストーション(歪曲収差)もほぼゼロと言えるほど良好に補正しており、広角レンズで問題となる非点収差も小さい
自動車	バック	17日午前9時半ごろ、宮城県石巻市蛇田の医院の駐車場で、近くに住む無職、 中村常子さん(69)が、バックで駐車しようとしていた無職の夫(75)の運転する 乗用車と病院の壁に挟まれた
カメラ	バック	2010年サイバーナビのバックカメラ御選択には本ブログ”車載カメラ関連”の”09サイバーナビと各バックカメラ比較・表示画像写真 ~09年版~”
その他	バック	私は昔はいていた渓流シューズを使用したのであるが、最初はどの程度フリクションが効くか不安でおっかなびっくりで登っていたものの、慣れてくるとレイバックやヒールフックもどきで登ったりと、ボルダリングをやっているような気分で小滝登りを楽しむ
カメラ	バック	その他にもアウトドアリゾートのメッカであるウィスラーで行われるマウンテンバイク、ハイキング、バックパッキングなどアウトドアスポーツ体験を通して、アウトドアスポーツに携わる総合的なスキルをバランスよく習得していきます
カメラ	バック	内容は、GOZO式トリアドール、リバーサル系を幾つか、亀の甲になったところからひっくり返してバックを取ったり、袖をと襟を持って肩抜きをして絞めたり、スパイダーの手をクロスにしてひっくり返したり、オモプラータや三角絞めへ行ったり等の貴重な技を習いました
ファッション	バック	ちょっと大きめのスーツケース一個、撮影の時はいつも 持っていくテンパの大型カメラバック一個にザック型のカメラバック一個、そ れと中型三脚一個が全ての荷物だ
その他	バック	バックにもバニー・ウォーレル(kyd)、メイシオ・パーカー&フレッド・ウェズリーのホーンズに、リッキー・ピーターソン(kyd)、シェルドン・レイノルズ(g)、ボビー・ワトソン(b)、マイケル・ブランド(ds)、レニー・カストロ(perc)というJB+プリンス+E
自動車	バック	(多分)桐蔭のバックパスが、 大阪朝鮮への絶好のダイアゴナル・パスになり、いい位置で、逆の右サイドから詰めた9番権が、インサイドで“置きに”行くシュート
その他	バック	20分を超え、征矢が勝彦に投げ捨てジャーマンから諏訪魔のラリアット+征矢のバックドロップ、そしてダイビング・ネックブリーカーと波状攻撃を仕掛けていったが、それでも3カウントが奪えない
ファッション	バック	このあたりの似たようなケースだと同じヨーロッパ製品でもヴィトンのバックやエレクトロラックスやデロンギなどの家電品、スイスの高級腕時計だと、「お洒落」として容認されてしまうのです
カメラ	バック	残念なのはパイオニアナビの場合、バックカメラの切り替えがソフトウェアで行っているため、完全にナビが起動していないとシフトレバーを「R」にしても画像が切り替わりません
自動車	バック	☆方向変換のコツトレーラーのバックについては普通の自動車と反対方向に切り出すことはご承知の通りですしょうが、フルトレーラーやセミトレーラーで練習をしてこられた方は概ね折れすぎる傾向にあります
その他	バック	バックの作風から拡る連想の一つとして、やや一般的な作家の態度についての話題であるが、この間、読売新聞の座談会で、数人の婦人作家があつまり、いろいろ話が弾んだ
ファッション	バック	現地に行くまではキャリーバックで移動し、最寄りの場所からレンタカーというパターンなので、撮影に必要な最低限のもの以外は車に残し、後は徒歩で動き回るというわけですが、とにかくずっしりとくるのですよね
ファッション	バック	カートを置き、バックをかっいで、車のところに行くと、私たちの車だけ、が残っていました、暗闇での、ゴルフ、如何に、自分とクラブを信じなければ、打つことの難しさが、わかりました、
その他	バック	特にバックエンド(検索エンジンやデータマイニングエンジンやストレージエンジンなど)の研究開発工程を含んだプロジェクトは開発者自身がイニシアティブをとって進めないと明後日の方向に進みがちなわけですが、インディーズ機能として開発できたおかげで今回はかなりうまく仕上がったと思っています
スポーツ	バック	実は最近私が凝っている守備的なボランチのエリゼウ選手の動きや統率を見て勉強したかったのですが、予想外にすぐにセンターバックに下がってしまいました
自動車	バック	そういえばワシしか知らない事件でワシが学生時代住んでたアパートの近くの中国電力の駐車場に西川が駐車しようとしてバックでそのままいきおいよく電柱に激突したこともあったなあ
ファッション	バック	大人しくしていたのでご褒美におやつのガムを与えたら、食べ終わって眠そうに(*~ρ~)しているので、キャリーバックを出してあげたら、その中でお昼寝(v_v)zzz
カメラ	バック	正月→Sマークが赤くなり、下にお飾り2つ付く(かつては、Sマークが鏡餅の形になった、のちにバックの色がオレンジで、鏡餅をバックにしたSマークとなる)
ファッション	バック	31)バック、小物、洋服までオリジナルにしちゃいましょう♪可愛い洋服、お気に入りのバッグにでもこんな可愛いリネンテープでアクセント♪お子様の洋服にこんな可愛いテープをつけてあげてもきっと喜んでくれそうですね
カメラ	バック	清水市長さんも開会式に御参列をいただき、見事なフォームで始球式をされましたが、野球場もバックネットや外野フェンスなどが改修され、愛媛マンダリンパイレーツの公式試合や高校野球の地区予選が開催されるなど、公式球場として認知されているところでございます
自動車	バック	車を置くスペースがないのでそのままバックして、草刈機を使っている40くらいのオッサンにシャレ山に登りたいのですが、車を置く所はありませんかと言うと、「入るなら山主の許可をもらえ」と言われた
その他	バック	トラックバック元も先も重複しているトラックバックがありましたが、もしかして、こちらのエントリから当方の別エントリに対してのトラックバックを意図して行われたものだったのでしょうか
自動車	バック	人間嫌々事を運ぶとろくな事はない、案の定ゴールド街駐車場に車を止め、気楽にバックした途端、左バンパーで無断駐車禁止の鉄ポールを引っかけてしまった
カメラ	バック	『メーカー秘蔵フォト☆【レイフル】 藤咲由姫〔噂のTバック○学生の股間写真集〕』 世間をTバックで賑わしている藤咲由姫チャン、桃色出演から早くもグラ魂
カメラ	バック	運動広場にはバックネットがあり、子供たちのソフトボール場としてはもちろん、軽いキャッチボールやミニサッカーなどに幅広くお気軽にご利用いただけます
カメラ	バック	しん吉が撮影した写真をバックに、どんどんと減ってきてる JR 103 系、中津行きは地上に出られない、等々、それぞれの(マニアックな)ボヤキが次々と
ファッション	バック	男性も女性も若い人達は気軽にファッション性もあり、機能もということでよく見かける、地方や場所にもよるが学校の手提げ鞄からリックサック、ザックバックが学校の指定にまでなっているようです
その他	バック	7月 戦後の映画館ブームに乗り、東急電鉄の巨額な資本バックにした「東横映画株式会社」は当初東急沿線にスタジオを建設するつもりだったが実現せず、大映と提携し、「京都太秦大映第二撮影所」を大映から借り、「東横映画撮影所」とする
その他	バック	『トラックバックキャンペーン案内所』は、トラックバックをするだけで、抽選や先着でインセンティブが獲得できるブログキャンペーンに応募できるお得な情報を集めたサイトです
その他	バック	ところが、セール&リースバックのもと、売主であるオリジネーターが買い手の投資法人と自社系列のテナントをコントロール可能なのを利用して、賃料を12億、契約期間は5年、といった設定にすると、どうなるでしょうか
ファッション	バック	しかも結構連続して写真を撮る必要があったために、結局フリーザーバックからカメラを出し、首からかけてウインドブレーカーでカバーすることになりました
ファッション	バック	到着してからレンタカー屋までも、マイクロバスで運んでもらえるので、バックを担いだりするのは空港内だけと思えば、心配していた肩、首の筋を痛めるということもなさそうです
ファッション	バック	12月19日(金)午後8時30分ごろ、宝塚市高司1丁目の市道上で、市内に住む50代の女性が自転車で帰宅途中、後方から来た単車が追い越しざま、自転車の前かごに入っていたセカンドバックをひったくり、逃走した
その他	バック	サンドバックへの打ち込み練習やウェイトトレーニングをしていた体育館の隣の格技室で稽古をしている太極拳を見たときこれならば何かヒントが得られるかも知れないと入会した
ファッション	バック	普通は靴はロッカーに入れることが多いと思いますが、ここは変わっていて、靴を入れるための手提げバックがあり、これに入れて館内に持ち込む仕組みになっています
ファッション	バック	美・健康・ファッション(デザイン)をコンセプトに、歯周病専門医である山下良太、SANのバックデザイナーである三原ヒデアキがコンビを組んで、GC ruscello(歯ブラシ)をバックに入れて、何処にでも、清潔で、オシャレに携帯できる歯ブラシケースを作る
自動車	バック	本件は、本年4月20日午後6時10分ごろ、本市職員が緑ケ丘市営住宅において、家賃納付の督促用務を終え、当駐車場に駐車していた公用車を方向転換のためバックさせたところ、後方に駐車していた同団地の坪倉浩樹さんの普通自動車に接触した事故に係る損害賠償の額の決定について、専決処分しましたので議会に報告するものであります
スポーツ	バック	3バックと4バックを使い分ける試合が多い今シーズンですが、3バックは山口智の怪我の影響や中盤の選手の怪我によるキャスティングだったと考えると、理想は4バックなのは明白です
カメラ	バック	また、天守閣をバックに川越藩火縄銃鉄砲隊の演武が行われるほか、女子高校生によるによる姫行列やきつねうち温泉から持ち込まれたお湯による足湯コーナーなども設けられます
自動車	バック	バックパスのためには、パスを出す側と出される側の意思の疎通ができているかどうかと、技術的・ポジション的に出された側がきちんと処理できるかが問題になります
その他	バック	本当はもうチョット考えてからにしょうかと思っていたのですが、カメラ屋で1万円キャッシュバックと三脚・ウエストバックのサービスキャンペーンを見た瞬間、クレジットカードを握り締めてレジに向かっていました(笑)
その他	バック	政治家のボンクラ二世か、地縁・血縁か、大組織のバックがなければ政治家(議員)にはなれない、という厳しい現実の前で、みんなの代表(リプレゼンタティブ)になろうと堅く決めた若い有能な人材が、挫折して埋もれてゆきます
ファッション	バック	ヴィトンリヴェットバックの特徴の口コミなんです in ファッション 2009/02/26 16:12:01ブランドのバックが欲しい人の中にはヴィトンのものであればヴィトンリヴェットバックでも何でも良いという人がいるのも確かのようです
その他	バック	今ならD60 ダブルズームキットは、1万円キャッシュバックで実質7万5千円くらいで、ボディ、手ブレ補正付き標準レンズ、手ブレ補正付き望遠レンズが購入できます
自動車	バック	昨日午後10時頃、東大阪市荒本西のレンタルビデオ店とカラオケ店の共通の駐車場で、19歳の会社員が車を停めたところ、 一緒に乗っていた知人女性の3歳の長女が車外に飛び出し、通路をバックで進んでいた別の乗用車の後部に接触した
ファッション	バック	シーズンオフの衣類・じゅうたん・カーペット・着物・皮衣類・バック・靴などのガス殺菌クリーニング 処理加工による防虫・防カビの長期保存型サービス
カメラ	バック	多分蒜山高原あたりで大山をバックに写真を撮ってもらっているんだろう、高原なので風も強く吹いていたのかもしれない、そんな中で何時もそんなに気にしていない髪をそろへ、衣服もきちんとして写真に撮られている母の姿が創造できる
ファッション	バック	ホテルヒルトン東京B1の直営店で自社ブランドのステッキや帽子・バック・海外輸入製品(主におしゃれステッキ)などの店頭販売当社のステッキは、身体補助としてだけでなく、トータルコーディネートのできるおしゃれ小物としての役割がつよい商品です
カメラ	バック	「サンカ社会の研究概要」の1ページ目の写真は田中勝也さんのサンカ研究13Pに使われている写真と同じで、セブリをバックにサンカの少女の肩に三角寛が手をかけている物です
カメラ	バック	ざっくりとしたバックカットで女どUP★カジュアルな柔らか素材でウエスト調節可能♪シンプルマキシ丈ロングスカート早割り50%OFF■メ■メール便対応・代引きの場合対象外期間限定7350円以上お買い上げで送料無料%OFF
その他	バック	リンクがなくとも有益なトラックバックはあるから、それを拒否する設定にしたくない、というのはわかるのだけど、有益なトラックバックか否かを判定するのはプログラム的にはかなり困難ではないかと思う
その他	バック	コイズミが「郵政総選挙」で国民をダマして獲得した与党の圧倒的な議席をバックに、一度も国政選挙の洗礼を受けていないコイズミの後継首相・安倍晋三が強行採決を連発して国会や国政を私物化し、日本はめちゃくちゃな国になろうとしている
その他	バック	新聞なんかでみると、「接待」だの「キックバック」だのというあたりで騒いでるようだけど、この問題の最大のポイントは(道路運送法の問題はタクシー側の話だよね)「そんなにタクシー代使ってるのか」じゃないかと思うんだがちがうだろうか
自動車	バック	分岐を間違えたのか、路肩をバックで戻ってくるトラックは居るし、ダンプカーが本線上に落ちてた「トタン」を踏んで、捲くり上げちゃったんで、後続の2台はボディに「トタン」が降ってきて不幸になってるし、東北のサービスエリア内ではクラクションがいたる所で鳴ってて怖いし、福島県では既に紅葉が始まってるし
カメラ	バック	TVCMは、タイムズ・スクエアをバックに、現在ブロードウェイで行われているショーのキャスト全員が、それぞれのショーの衣装を着て「ニューヨーク・ニューヨーク」を歌うというもの
その他	バック	[関連写真:アウディA3スポーツバック] 今回のアウディジャパンのキャンペーンパートナー、ライカカメラ社は1849年に精密光学機器を製造する光学研究所として設立、1913年に世界初の35mm判カメラを発表、1925年にはライツ社のカメラ=ライカとしてカメラの量産をスタートした
カメラ	バック	ロングブラジャー、スリーインワン、ガーター、ベアバック対応ブラ、白ストッキングなど、ドレスをキレイに着こなすためにバスト位置やボディラインを整える下着
ファッション	バック	6F・・・ソフマップ、スーパースーツストア(メンズスーツ屋さん、スーツ殆ど着ないし)、ニミウス(520坪のビッグスペースにバックからウォッチ、アクセサリーまで100以上の海外ブランドが揃う
スポーツ	バック	1チーム、フォワード3名(めい)、バック3名(めい)(ゴールキーパー無(なし))の通常(つうじょう)6名(めい)で構成(こうせい)され、スティックで相手(あいて)のゴールめがけて、ボールを打ち合(うちあ)うホッケーに似(に)たゲームです
その他	バック	今までのドライブ・ツーリングの地域別まとめ作りました *ルール* ・コメント、トラックバック歓迎・リンクフリ〜 ・画像、文章の転載は禁止・大きい画像が欲しい人はコメント下さい
カメラ	バック	しかも基本的なレイアウトだけで、今回もミスティングや温度管理、換気などの細かいセッティング方法やヨーロッパのブリーダーの大がかりなビバリウムのバックヤードなど紹介されていないのは残念
その他	バック	トラックバックを用いたコミュニケーションに切り替えれば解決するのだけど、そうすると転載通知のためのトラックバックに言及通知トラックバックが埋もれてしまい、閲覧者にとって有用な情報が得難くなる
ファッション	バック	香港発祥のワイヤーバック、香港マダムの間で話題になり、思わず香港ブランドと思ってしまいがちですが、実は、荻野いづみさんという日本人女性がイタリアから発信したブランド
カメラ	バック	試合は、時折晴れ間は見えるが、台風の影響で強い風がバックスタンド側からメインスタンド側に吹く中、14時にグリーンロケッツボールでキックオフされた
その他	バック	こういったことを理由にバックの小学館が佐藤氏の圧力に屈してしまうことにより、言論の自由を担保出来なくなるから、次号を最後にわしズムの発行は止めてしまうと宣言していました
自動車	バック	ただ、ちょっとした動作、例えばわたしは車を運転しててバックするときは助手席シートの肩のあたりに左手をついて後ろを見るのですが、そのときに体をちょっと後ろにひねるとビキーーーンと
ファッション	バック	イブニングバック、ミノディエール(手のひらサイズの小さなバッグのこと)、リボン、レース、クロディーヌカラ—、タッセル(房飾り)、蝶結び、ボタン、ゴールドメッシュ(金網目)などは、卓越した技術のシンボルでもありました
自動車	バック	これもやってくれました・・・ 駐車場で我が家の車のちょうど前に止まっていたのだけど、何を思ったか急にバックし始めまして・・・ もうちょっとでぶつかるトコロでした・・・ マジで超ギリギリ
カメラ	バック	しかし、メイン・バック・サイドスタンドそれぞれの最前列に5236席の可動式スタンドが採用され、サッカー等の試合時にはより近い位置で観戦できるようになっています
カメラ	バック	バックネットからの映像はボールが指先を離れた瞬間からミットに入るまでが捉えられているから、物好きな人はコマ数を数えてもらえばある程度の速度はわかると思うが、何せ撮影機器がゼンマイ仕掛け、悪くすれば手回しだから、誤差を考えると無意味である
カメラ	バック	第二部の交流の時間には日本側から、PUFFY、TRFなどのバックダンス経験のある増田哲也さんはじめ、ダンスグループLaLaLaの3人が友情出演
ファッション	バック	★送料無料★楽天ランキング入賞★【beruf/ベルーフ】コーデュラメッセンジャーバッグ Lサイズ(ショルダーバッグ、メッセンジャーバック)メンズもレディースもカジュアルでも通勤用でも
その他	バック	同様に多くの場合、主人公はしぶしぶ、または知らずに彼を愛していません女性に従事されるいくつかのバックを見つける必要がドアの方法を、直接それを中断以外の(これは名誉と彼の訴訟に影響をレンダリングの紳士用のコードに反する約束の不履行)です
ファッション	バック	すっきりとしたフォルムが人気のバック☆ストラップの長さが調節できるハンドバッグとしても小脇に抱えて持ちやすいですよ☆大きなフラップが特徴的なルイ・ヴィトン(ルイ・ビトン/ルイヴィトン/ルイビトン)/ミュゼット・シリーズのPMサイズのショルダー・バッグ(バック/カバン/鞄/かばん)
カメラ	バック	コントラスト比とダイナミックコントラスト比はどちらもコントラスト比のことなのですが、測定方法にバックライトを使っているかいないかという大きな違いがあります
自動車	バック	麻布署によると、12日午後6時5分ごろ、港区麻布十番2丁目で、武藤が乗用車を駐車場に入れるためバックで歩道を横切った際、都内の男性会社員(40)と接触した
カメラ	バック	さらにボーカル2人が熱唱しているバックで、2人のギターリストがお互い顔を向き合わせて「うん」とうれしそうにうなずきながら演奏している描写があります
その他	バック	シングルレーサーシート、バックステップ、セパレートハンドル、バッテリレスにしてパワーフィルター付けたスカチューン、スパトラマフラー、セルモーター外し、ロングスイングアーム、極端に短いフェンダー、フェンダーレス、フォークの上突き出し多くして短いリヤサス付けてローダウン化、別の車種のタンク取付、ライト取付位置変更、フォグランプなどサブライト取付、四輪車用ホーン取付、バーエンドミラー、
その他	バック	アウディのA3 スポーツバックはアウディA3の中でも後になって追加された5ドアボディモデルで、プラットフォーム・エンジンはゴルフ5と基本的に同じです
その他	バック	言及するならトラックバックを送って欲しい、と望む事は良いのだけど、トラックバックを送っていないから「こそこそ」「陰口」という評価はちと違うのではないかと
カメラ	バック	バックスタンド前を逝ったりきたり、コーナーキック時はもちろんキッカーの背後霊と化し、常にカメラ位 置を意識した動きには吉本の若手にも負けない芸人魂を感ぜずにはいられません
カメラ	バック	このシーンのバックに流れる静かなクラシック調の音楽、寅さんとリリーの掛け合いのせりふ、名人高羽カメラマンのカメラワークどれも素晴らしいものです、その上この時の寅さんのかっこよさは、高倉健にも絶対ひけをとりません
自動車	バック	バックや縦列駐車でのハンドル操作を自動化したり、レーダーで後続車や前方の歩行者をとらえ、衝突の危険を感知するシステムを、トヨタが主力車で導入した
カメラ	バック	入口はサッカー場でのバックスタンド、野球場でのセンターにあたる場所にあり、ステージ移動の際にはこの部分の観客席がレフト・ライトスタンドの下に収納され、ステージの通り道ができるようになっています
カメラ	バック	失敗写真を圧倒的に無くし、暗いシーンでも背景までキレイに撮れる同社高感度シリーズが高い評価を集めたが、「夕陽をバックに人物撮影をする逆光シーンなど、撮影にむずかしい条件はまだまだあります」と指摘する
カメラ	バック	センターステからバックステまでは、どうやって移動するのかと思ったら、ひし形の一部が細長くはずれて、それが渡し舟みたいに、センター通路をバックまで移動するんですよ
自動車	バック	何にしてもこれまでドイツでイヤというほどレンタカーを借りてきた経歴があるので、日本のレンタカーなんて楽勝である(フィアットを借りてバックギアの入れ方が分からなかったときは焦ったもんな)
ファッション	バック	カメラを見ると12枚撮りで「こんなの少ないってぇ~♪」と、彼女に言い残すと家を出て車に戻った俺は、バックから出した36枚撮りのカメラを両手一杯に抱え込み家に戻った
カメラ	バック	画像の切り抜き 画像の切り抜きをしたいのですが素材等の画像のバックの色等は使わず、その絵だけを切り抜くことはできるのでしょうか方法教えてください
その他	バック	かつての朝貢は実利があったけど、現在の“謁見朝貢”は女アテガワレテ写真にビデオ盗撮されぇの自国からの税金原資ODAキックバック押し付けられぇので尻尾握られ売国奴化なんだから、マヌケもいいとこ
カメラ	バック	在学中の16歳で早くも「The Capeman」でマーク・アンソニーらとともにブロードウェイに出演、その後もDLGのバック・コーラスに参加したり、在日、在韓米軍基地をツアーで回るなど、ザ・デイ加入前に既にエンタテインメント界で活躍する存在になっていた
その他	バック	スパムフォルダに入ると一ヶ月で勝手に削除する不便利な機能が備わっているので、これまで、せっかくトラックバックしていただいたのに、公開せず、そのまま消えてった方たちもいらっしゃるかと思う
自動車	バック	警視庁麻布署によると、12日午後6時ごろ、港区麻布十番2の歩道で、 バックで乗用車を道路脇の駐車場に入れようとした際、 歩行者の男性会社員(40)と
カメラ	バック	バックスタンドの応援団の前で胴上げをしたり、ハイテンションで喜びを爆発させる山梨学院に対して、写真手前にはペンチ前で円陣を組んだまま顔を上げることもできない青森山田の選手たちの姿が
カメラ	バック	さらに、ジャケットバックプリントにビッグキャットロゴが描かれて、後ろから見られても堂々としたバックスタイルが魅力的☆ こちらのモデルは通常のジャージと異なり、軽量化タイプとなっているのでジャージが重いというイメージを払拭してくれます
カメラ	バック	当時よく見ていた「今週のヒット速報」と言う番組で、スタジオのセットのバックにいろんなレコードジャケットが並べられていたのをよく覚えているんですが、この「ブルー・ライト・ヨコハマ」のジャケットも長い間飾られていたと思います
自動車	バック	そして後にきた彗星号が5番線に到着し、切り離した機関車を違う線路に逃がした後で、7両のあかつき号が機関車に押される形でバックしながら5番線に入線し写真のように連結するんですと(゚O゚)
自動車	バック	その後新しい自転車を買ったけど、駐車中にバックしてきたトラックにつぶされて新車に、一年も経たない内に出会い頭に車に当てられて前輪が潰れ、また新車に・・・その後健在でそろそろ新しいのが欲しいところなんだけど・・・・・・
自動車	バック	今シーズンもバック トゥ 90'sと称したスケートファッションとモードの融合を図った斬新なクリエイションを発表し、ますます注目を集める中で満を持して発売するのがブランド初となるムック本
自動車	バック	慣れない娘の車を運転してショッピングセンターの駐車場でバックしようとドア開けた時に何かガチャって音がしたんだけどシートベルト外したんでそれが外に出たのかな位にしか思わずそのまんまバックしたら、今度はグチャっていやな音が・・・急いで停めて見
スポーツ	バック	21分にはセコムバックスリーの見事なカウンタ−アタックから笠井がこの試合2本目のトライを奪い食い下がるが、その後クボタに2本のトライを決められ万事休す
カメラ	バック	4 バックライト(絵画等が焼き付けられたフイルムに後ろから光を当ててフイルム上の絵画等を鑑賞するもの)については、販売数は二二枚であり、売上は定価計算で一三万二〇〇〇円(実売価格も同額)である
ファッション	バック	】ストライプでスマート☆カジュアルストライプ切り替えワンピース【ホワイト】細かいストライプにすそにも切り替え☆バックも斜めにはしるボタンと切り替えがオシャレ♪ゆったりサイズだから動きやすい☆安心です♪♪B級品の傷ものではないので、とってもお得です
ファッション	バック	マザーズバッグ(マザーズバック)の種類が豊富で、人気の高いケイト スペード(kate spade)は、アメリカ合衆国、ミシシッピ州で生まれ育ったの女性デザイナーの名前で、アリゾナ州立大学でジャーナリズムを学んでから、卒業後にファッション雑誌で働くようになって、1993年に、彼女の夫アンディと興したブランドの名前でもあるんです
カメラ	バック	緊張や感動がいつまでも蘇ります祝宴の様子をゲストへの感謝の気持ちとして形に残すことも可能美しい青い海をバックに撮影するフォトプランのみではなく
カメラ	バック	足元は いかにもSURFな雰囲気が漂うスニーカーで しっかりと色合い合ってます☆ デニムなんかもバッチリはまりそうですね☆ バックスタイルの全体像がコレ
その他	バック	【発明の属する技術分野】本発明は、加速度センサに関し、さらに詳しくは、例えば、車両のシートバック等の傾斜部材に取り付けられて、この傾斜部材の傾斜による影響を受けることなく車両の加速度を検出する加速度センサに関する
スポーツ	バック	とりあえず、ジーコが日本最高のセンターバックと勘違いしている秋田も、中盤のパス回しについてこれず中田さんに怒られっぱなしの名良橋も、ジュビロでの精彩がまったく無く、2回はトラップしなければ球が落ち着かなかった服部も、これってみんなフランスワールドカップ時代にまで遡っただけじゃん
スポーツ	バック	つまり楢崎はベルギーのハイボールに対応するために起用されたわけですが、3バック及び中盤の守備が順調だったのでキーパーとしてハイボールに対処する場面は皆無に等しかった
カメラ	バック	" では歪んだ音色の重厚なギター・サウンドをバックにゲストの Lubjan との男女デュエットによる官能的なヴォーカルの掛合いを聴かせてくれます
ファッション	バック	昼間は暖かく夜は寒いですね♪なので一枚羽織る物をバックに忍ばせとくといいですよね♪ただ飲みかけのフルーツオレ(パックのにくいあいつ)を何の気なしにバッグに入れて何の気なしにバッグを開けると羽織る物が一瞬にしてフルーツオレのニオイをつけた本当に邪魔なアイツになるので気をつけて黒沼ですよ☆
カメラ	バック	売店はバックスタンドと両ゴール裏の裏手にそれぞれある他、従来通り、ホーム側ゴール裏とバックスタンドの境にあるのだけど、火力が使えるのは境のところのものだけっぽい
スポーツ	バック	三上部長としても本音を言えばセンターバックが欲しいのかもしれませんが、多少時間の猶予があるとはいえよっぽどの選手じゃなければせっかく良くなってきた藤山と直樹のコンビを崩すのはデメリットにしかなりませんし、そんなよっぽどクラスのセンターバックはどのチームも手放すはずもないですからね
その他	バック	lpfnにはフォルダ指定ダイアログでイベントが起きたときに実行するコールバック関数のポインタを指定していますが、実際にコールバック関数として動くのはBFFCallback関数です
その他	バック	『リーサル・ウェポン』シリーズ、『ペイバック』ほか数々のヒット作に主演し、『ブレイブハート』ではアカデミー賞の作品賞と監督賞を受賞したメル・ギブソンと、『恋愛小説家』でアカデミー賞を受賞したヘレン・ハントが、大人同士であるがゆえに一筋縄ではいかない、もどかしくて切ない恋を演じる
スポーツ	バック	確かにこれまでも3から4への変更などもしてきていますが、あれはあくまでも「敵が疲れはじめ、スペースができ始めた時に前方に起点を増やす」という「シフトチェンジ」に選手が慣れて来ていたのであって、それらの時も4バックにした後にDF陣が混乱している様子は見うけられました
ファッション	バック	キャリーが映画中で持っていた、個性的なエッフェル塔型バック、靴オタクのキャリーならではの、ブランド『マノロ・ブラニク』や『ジミー・チュウ』 をイメージさせるピンヒール、キャリーがいつもバーで頼むカクテル「COSMOPOLITAN コスモポリタン」のグラスなどなど、SATCファンは思わずカワイイ〜
自動車	バック	1の写真で、長野方面から坂を登ってきた列車は写真右手前方向に進んで引き上げ線に入り一旦停車した後、バックして左上に見える駅に入ります(2の写真)
自動車	バック	男性のクルマはバックで駐車場から出ようとしていたが、看板のポールに後部を衝突させ、慌てて前進させようとアクセルを踏み込んだままATのシフトレバーをDレンジに入れたことが事故につながったようだ
その他	バック	回収・洗浄・バック製造・販売・流通の仕組みであるが、段階ごとに低所得層の子供たちの関与があり、利益分配が適切に行われる仕組みづくりがなされている
カメラ	バック	何故「死にたい女」を見たかったかというと、この作品、製作が昭和四十五年の年末だったようで、これのポスターというのが、三島が楯の会の制服を着て演説しているのをバックに裸の女が
その他	バック	一般的なSNSには「トラックバック」や「RSS」の機能などはなく、検索エンジン経由で見てもらうことも、誰かのサイトで紹介されて見られることもありません
ファッション	バック	在庫状況:メーカーお取り寄せ/低反発ポリウレタンが全方向の衝撃を吸収する一眼レフデジタルカメラ用バックカメラ本体とレンズ(中望遠レンズまで)4本が収納可能内寸 : W260×D130×H180mm(メイン収容部 : 仕切板無しの状態)
その他	バック	四方に良知(Dブロ)・森雄(バック)・石田(Kブロ)・大堀福原(フロント)がピエロのような衣装着て、旗持って振り振りしながら踊ってるんですが、すごいノリノリでおもしろかったです(^^)
ファッション	バック	シャネルの製品には、財布(サイフ)、長財布、小銭入れ(コインケース)、カードパスケース、キーケース、ベルト、バッグ(バック、かばん、鞄、カバン、ショルダー)、トートバッグ、ボストンバッグ、(化粧)ポーチ、腕時計(ウォッチ)、クロノグラフ、 スーツ、
カメラ	バック	私は、一枚ぐらいはクフ王をバックにした私の写真が欲しいし、それをバクシーシがらみでもエジプト人に撮ってもらうのは良い思い出になるし、これからの五日間でいずれは直面せざるを得ないバクシーシに馴れておく方が良いはずだし、シャッターを押してもらうぐらいなら大金は絡まないと予測して、ムチと手綱に手を伸ばしました
自動車	バック	めったになく(あったら困るんですけど)駐車場で前行車両が・・・後続車が続々と入ってくるのでさっさと駐車しようとして(直後にいる私の車両に気がつかなかったらしく)アクセルを踏み込み、とまって・バックにギアを入れようとした直後の私の車の前バンパーに・・・・・それで、デーラーさんに修理を依頼したんです
その他	バック	ジェームズ・キャメロン監督の『アビス』で息詰まる深海を、ロン・ハワード監督の『バックドラフト』で恐怖の炎をフィルムに刻み込んだ、ハリウッドを代表する撮影監督ミカエル・ソロモン
ファッション	バック	グッチのバックグッチのバックにはハンドバック、ウェストポーチ、トートバッグ、ショルダーバッグ、ブリーフケース、ボストンバッグ、リュックサックなどがあります
ファッション	バック	通常の登山・アウトドア用品に加え、タウンユースにも便利なバックや、旅行にも便利なキャスターバック類、さらに、アウトドアやハイキングに最適な快適ウエア類等も豊富に取り揃えております
ファッション	バック	いきなり30分の休廷ののち姿を見せた同被告は金髪に金の指輪、大きなイヤリングにミニスカート、グッチのサングラスと手にはエルメスのバックというド派手ファッション
カメラ	バック	ミュージシャン科ヴォーカル コースのレッスンスタジオをはじめ、PV撮影のための映像撮影スタジオ(クロマキー合成用のグリーンバック)が完備されています
その他	バック	最初は西天満の近くにある、汚い狭いビルがオフィスであり、ブースに区切られたところで電話を受け、京阪神の各営業所の担当である外回りの人にポケベル(まだ携帯の時代ではなかった)に連絡を入れ、コールバックしてきた営業の人に「どこどこで、こんな苦情が入っています」と連絡するという仕事であった
カメラ	バック	車で2時間くらいのところに在庫あったので取りに行こうと思ったら 車で15分くらいのとこにも在庫あってビックリ どうやら売り場規模縮小でバックヤードに眠ってたらしい てか、元TSUTAYA店員なのにこのシステム知らなかったよorz ホント感謝です
カメラ	バック	この画像は『まずはどこでも安心して走れる様に(^_^; 』と、バックカメラ付きYUPITERUをご装着頂いた際の完成写真なんですが、コレどこにカメラ着いてるか分りますか
ファッション	バック	セールスタート当初は、お洋服・靴・バック・雑貨など、どちらのお店も−20〜30%前後の値引率ですが、1月も下旬にさしかかると、更にグンと割引率が高くなる『2a Rebajas』セグンダ・レバッハス(第2期セール)に突入します
ファッション	バック	常に存在感のあるシューズやバックを展開し続け、セレクトショップでは大人の女性を中心に好評を得、現在では「Salon(サロン)」の他に「アナザー」「アペア」「ビュロー・デ・ファンテジスト」などのブランドを展開する
その他	バック	スポーツが得意でフットボールチームの花形クォーターバックをしたり第10シーズン14話『Stanley’s Cup』ではちびっこホッケーの監督を任された
その他	バック	Cバックオーダー情報の配信 希望される方には、ソフトマッチングシステム内の最新のバックオーダー情報を自宅PC又は個人携帯メールにもお知らせいたします
カメラ	バック	」は、アコースティックギター主体の曲で、イントロのスライド・ギター(ボトルネック奏法)や、バックのバンジョーかマンドリンと思わしき楽器の演奏も取り入れて、正にジャケットの写真から連想するように爽やかで、これまでのBuono
カメラ	バック	ファミコンコントローラに連射機能を追加したり、当時バックライトがなかったゲームボーイにバックライト機能を付けようとして液晶画面を壊したりして、素人なりに楽しんでいました
ファッション	バック	コメント: 激安ブランドショップスリムランドは斬新なデザインのブランドバック、セクシーなデザインのブランドサングラス、トップブランドとして世界中が認めるブランド腕時計、各ブランドのファッションアイテムを取り揃えています
ファッション	バック	外見は、バーコード頭やら、ヤリ目的に女を物色しに来た人、ルイ・ヴィトンのセカンドバックを小脇に抱えたハマコー似の迫力男、黒ぶちメガネで巨体ゆえ大橋巨泉を彷彿とさせる男などなど、実に多種多様な様相です
自動車	バック	昔、前の車がいきなり停車しバックしてきた時(どうやらレストランの駐車場入り口を通り過ぎてしまったためらしい)、俺は半パニックでセルボタンを押していました
ファッション	バック	シャネルは商標でパリの高級部ブランド・メーカー、または、その製品、香水、スーツをはじめ、バックや靴、アクセサリーなどをつくるメーカーで、ゴージャスなコスチューム・ジュエリーなどを含め根強い支持がある
自動車	バック	駐車場を出るために右折のハンドルをきっていたため、そのままの状態でバックしたら、右前輪のタイヤが、バンパーにあたり巻き込んだような状態になり、左前のバンパーが壊れたということです
カメラ	バック	「ローマの休日」「ティファニーで朝食を」はあまりにもおなじみの画像であんまり欲しいという欲求が起こらないのですが、「昼下りの情事」だけは緑のバックにカーネーションの香りを嗅ぐオードリーの画像で、いつかは買いたいと思っています
その他	バック	通常は暗箱(ダークバック)など利用してフィルムホルダーにフィルムを装てんするのですが10枚入りのフィルムをフィルムホルダー に装てんするのがたいへんである
カメラ	バック	・ バックライトLCDラーニング&マクロリモコン 液晶表示窓を搭載したバックライトリモコンには、学習機能と一連の操作を記憶するマクロ機能を備えています
ファッション	バック	それまでにできるだけダイエットして、コラーゲン飲んで、洋服買って、バックとミュール買って、パーマかけて、メイクの練習してってする事たくさん(^O^)でも、もう少しで2チョケンに逢えると思うとハードな仕事もガンバレちゃう
カメラ	バック	バックトレーンにバラのお花がたくさんついた白いウエディングドレスも、お姫様気分にしてくれる、かわいらしいピンク色のお気に入りのドレスも、ワヤンサラさんにお世話になっていたおかげで、自信を持って着ることが出来ました
ファッション	バック	こないだのエコバックが届きました~同じ写真を使ってくれてましたでも使えません同じ写真で会員証もありますそして昨日は散歩に出かけて、足洗い機を使ってみました見えますか
スポーツ	バック	マークの関係で森がやや後ろのポジションをとり、ディフェンスのときは4バック気味のフォーメーションとなるが、最終ラインを高く保ってオフサイドを取る
自動車	バック	路肩に停車していた所(サイドブレーキもひいていた)、前からバックしたきた車にぶつけられ、その反動で車が横に傾き、後ろからきた車に追突されました
カメラ	バック	「証券投資戦略研究(C)」の講義と同様、受講生の興味とバック・グランドを参考にして、1)証券投資におけるリスク管理」、2)「LIBORスプレッドを用いた公社債投資戦略」、3)「株式ポートフォリオ運用戦略」のテーマのいずれかを扱うことを考えています
スポーツ	バック	昨年は3バックにしていたので、レギュラーは、センターに高地、右に高木、左に国分という固定のレギュラーに道花、キーパーに転向した木村を含めた5人で回していた
ファッション	バック	025mm以下だとか)すぐに破れて捨てられるため、生産や販売も禁止され、替わりに日本でいうエコバックみたいなものを配布して省エネと環境保護に努める、これぞ科学的発展観の体現、というもの
ファッション	バック	やはり、このキャリーバックは旅行用といっても鹿児島まで歩いて旅行する用にはできてなかったようで、どうやら東京から静岡の沼津まで歩いて旅する用にできてたみたいです
ファッション	バック	は多ジャンルの自社ブランドに加え、ブランドマネージメント、ファッションに関する全ての物(洋服、Tシャツ、バック、小物、タオル、などなど)の企画、デザイン、OEMを行います
その他	バック	ゼロスクラブのときが最も乱され難く、スクラブ半径が大きくなるとステアリングへのキックバックも大きくなりますし、ステアリングをしっかり保持していてもブッシュ類の変形によりトー角は乱され、結果的にトー剛性が下がったかのように走行安定性が悪くなります
その他	バック	アウディは、アウディA3スポーツバックの新たなフラッグシップモデル 『アウディS3スポーツバック』を発表し、全国のアウディ正規ディーラーネットワークを通じて販売を開始した
その他	バック	あと、「言及リンクはあるんだけど、寄せられるトラックバック記事の内容がつまらないものばかりでコマッタコマッタ」という人は寄せられたトラックバックをレーティングする方法を採ると良いと思います
カメラ	バック	林やバックの背景などを入れてきのこを小さく撮れとは言っていない、トリミングできる余裕を持った撮り方をすれば、元画像の縮小率とトリミングできのこ自体のアップも出来るし画像自体の大きさも処理できることを3人がいくら説明しても通じない
カメラ	バック	観光地や美しい自然をバックにして、記念写真的な写真を撮る場合にも、人がセンターで正面を向いているような単調な構図では、後で見たときに味気ない写真になってしまいがちだ
ファッション	バック	私は、通園バックに靴に帽子に制服をスーパー袋に詰めこみ、暴れる次女をむんずと抱え自転車に乗せ、後ろを気にしながらも自転車をこぎ、先生へ渡し、後をも見ずに職場へと向かいました
自動車	バック	バックも容易でないことから、女性はクルマをその場に停止させたままでいたが、男はこの態度に激怒したらしく、自分のクルマから降りて歩み寄り、「殺したろうか
カメラ	バック	例えば、ハンドル・ブレーキ操作、バック・サイドミラーによる距離感、スピード感・追い越しの時の感覚などについて自分の身体機能(視力・四肢の運動機能など)に合わせて判断をするが、その判断の結果を固定化してしまう、判断に余裕が無くなるのである
ファッション	バック	全123ページにわたり、1855〜1903年の48年間の流行を一年ごとに追って、ドレスを中心にコルセットや帽子、バック、靴、扇、傘などが紹介されています
スポーツ	バック	昔はセンターはフェイントのうまい司令塔、バックプレーヤーはロングシュートを狙う身長の高い選手という組み合わせが主流だったが、近年では3人が流動的にポジションチェンジを行うことによってディフェンスを揺さぶる戦術が主流のため、3人ともにオールラウンドな能力が求められている
カメラ	バック	なお、バックを勤めるザ・ファイターズは、GS最初期に京都で活躍していたサンダース(沢田研二がファニーズ(タイガース)に行く前に在籍していたバンド)の後身だ、とウィキペディアなどに書いてあるが、これはファイターズという名前になる前にサンダースという名前だったということから来ただけで、その可能性は低いように思われる
その他	バック	インスタントバックを用いる場合、カメラ本体のホットシューに取り付けたプレートを介して専用のビューファインダーを装着するが、このプレートというのが実に頼りない代物で、剛性が全くない薄いプラスチックの板なのだ
自動車	バック	が、「いや~ん」と言わせたいからか バックで入れようと ブレーキを踏みクルマを止め、ロックボタンを押しDレンジからRレンジに入れようとしたその時 親指サムが滑り ピヨーンって・・・
その他	バック	さて試合内容は黒沢さんのボールが弾みに弾んでバックのスライスで返球するのが精一杯の状態で、たまにチャンスを見つけてネットについても簡単にパスされてしまいます
自動車	バック	駐車場をバックで出る際などの後退時に接近する障害物を検知すると、警報とともにブレーキを制御し、障害物に近づけないようドライバーの運転操作を支援する
その他	バック	「私どものこれまでの3年がフォアキャスティング(※1)的であるとすれば、これからの3年はバックキャスティング(※2)の手法も取り混ぜながら、ユニバーサルコミュニケーションの時代にわれわれはどうあるべきかを考えたい
自動車	バック	駐車場から道路に出るのであれば、歩行者やほかの車がいるのは当然の状況として認識して注意をしなければいけないのにバックで急発進というのは危険運転とみなされてもいいのではと思います
自動車	バック	バックで駐車場に入ろうした際に確認を怠ったとの事で、自転車乗りのボクとしてはこういう不注意は許しがたい所ですが、実際問題として常日頃から一時停止や左右/後方確認を徹底して運転している人も少ないでしょうし、誰でも起こし得る事故ですよね
カメラ	バック	★会員ページcosplayに、あやめさん(テニスウェア、Tバック競泳水着)、 椿柘榴さん(惣流・アスカ・ラ○グレー (新世紀エヴァン○リオン・クリスマスフィギュアバージョン))、 市原美砂さん(プリースト(ラグナロクオンラ○ン))の画像追加
カメラ	バック	メンバーの一人であった原良枝は『逆転イッパツマン』等のバックコーラスを務めた後、吾妻ひでお原作のアニメ『おちゃめ神物語コロコロポロン』の主題歌をソロで歌い、山本作曲の『ななこSOS』のイメージソング('82)のB面『愛のロリータ』で山本とデュエットしている
カメラ	バック	個人的には液晶がバックライト付きで綺麗になったあたりが心惹かれるところですが、携帯の画面の小ささにすっかりゲームをやる気がなくなってしまった私としてはここまで小さくなると微妙だったりします
カメラ	バック	ムーブメントはJAPAN MADE、シチズンミヨタ製、バックスケルトンを採用していて、そのバックスケルトンも小窓で見せるスケルトンで粋な感じです
その他	バック	一方、データバックの異常とは・・・RX、Ariaの2台を持ち替えて撮影する機会も増え、 RXは常にデータON、Ariaはデータバックなしなので、 どっちで撮ったか確認できるなぁ・・・なんて思っていたのですけど、 どう考えても撮影本数が合わない・・・試しに、RXで空シャッターを切ってみると、 写し込み確認サインが点滅していないではありませんか
その他	バック	私は彼の“ジャーマン”は印象がなくて、既に“バックドロップ”をフィニッシュにしてたと思うのですが、その“鶴田式バックドロップ”の初期って、“投げっ放しジャーマン”だった記憶がありますね
カメラ	バック	国道58号辺戸岬の手前は辺野喜付近です 路側帯があるので駐車可能です 海をバックに車の写真を撮るならココです 旅行記はこちらになります(沖縄でランボ
その他	バック	サーバー・ソフトウェアとして開発・提供されてきた Movable Typeは、トラックバック、各種APIといったオープンで高機能な特徴に加え、サードパーティが提供する広範囲な機能拡張(プラグイン)により、 Webサイト更新のために簡単なCMS(コンテンツ管理システム)ツールとして、またRSSやトラックバックを利用したコミュニケーションツールとして、個人だけでなく企業での利用も急激に普及しています
カメラ	バック	日曜日は市場へ出かけ♪ではなく別に富士山撮影の趣味はないが桜と雪の富士山が青空をバックに撮れそうだったので気持ち早起きし超人気撮影スポットへ出かけた
ファッション	バック	トレンドのランダムボーダーがカワイイ保温保冷トートバッグ型エコバック保温保冷できるボーダー柄トート型エコバック【エコロジーバッグ・エコバッグstyle】 職人の手作り
カメラ	バック	また、今回のコンテンツの性格上人物をグリーンバックで撮影する必要があったため、実際にCMを撮影をしているスタジオを使用し10m×10mのCM用グリーンバックを用意し、CM用のライトを仕込み、HDVで撮影をし、更に、ターンテーブル、ドリー、ウルトラクレーンと普通のPIPでは考えられないような機材をこれでもかー
自動車	バック	キックバックによる災害を防止するため、キックバックを起こしにくいソーチェーン(ドライブリンクをガード設計にしたものなど)が工夫されていたりチェーンブレーキが装着されていますが、キックバックを起こさないような操作が大切です
ファッション	バック	また、エコバック以外に、11名のオリジナル作品も展示しているとのことなので、気になるエコバッグの作り手の、普段の作品と見比べるのも楽しそうだと思いませんか
カメラ	バック	古徳沼は里山にあるため池で、周囲は樹林に囲まれていて撮影した写真のバックに余計なものが写らないので、写真愛好家の絶好の撮影場所であり、3月ともなれば朝日と光輝く白鳥をねらって多くのマニアが集まります
カメラ	バック	デフォルトで用意されているコスチュームは「看護婦」、「学生(ミニスカート姿)」、「水着」、「Tバック」等があり、最初から全裸でダンスさせることもできる
ファッション	バック	究極の人は荷物が無し、という驚くべき方もいますね、自分のモノは下着を含む服装品が僅かとか、移動の時にはボストンバックがスカスカという、ホント凄い方です
その他	バック	全国のENEOSサービスステーションで店頭の会員価格から、さらにガソリン・軽油1リットルにつき2円を翌月の請求時にキャッシュバックしてくれます
その他	バック	「ドライバーズプラスコース」(ガソリンスタンド・高速道路でのご利用料金に応じてキャッシュバックされます)と「Oki Dokiポイントプログラムコース」(利用料金に応じて自動累計されたポイントを希望商品と交換できます)の2種類のコースが用意されていて、どちらかを自由に選択できます
自動車	バック	9日午後5時ごろ、福岡県古賀市小竹の自動車販売会社「リアライズ」の敷地内で、同社社長、渡辺大介さん(29)の長男誠也ちゃん(4)が、バックしてきた整地用のローラー車にひかれ、間もなく死亡した
カメラ	バック	前半終了間際にはロシアDFのバックパスがポルトガルのFWパウレタの前へ、ロシアGKオフチンニコフがエリアを飛び出して防ぐが、この時腕がボールに触れてしまい、エリア外でのハンドの反則をとられて退場処分、さらに苦しい状況となった
カメラ	バック	肉厚の13OZデニムのバックヨークにトレンディー&ゴージャスなプリントロゴ、さらに、長年履き込んだかの様なビンテージ感を表現する超ハードなユーズド加工を落とし込んだ超大本命
自動車	バック	バックが苦手という女の子がバックして片輪を溝に落としてしまい、同乗者と我々で持ち上げ、さらにはダンナが橋まで女の子の自動車を運転してバックしてあげた
カメラ	バック	ドイツウーファ社教育映画部から発売された映画でF・フォン・デュンゲルン男爵指揮のもとに旧ドイツ領東アフリカを探険したフォン・コンタード氏及びヘルバート・クローゲ氏がキャメラマン、ヴェルナー・ボーネ氏の力を借りて蛮地の奥深くその風物を撮影したもので、簡単ながらストーリーが珍らしい背景をバックにして全七巻の裡に展開される
その他	バック	ナチス政権は軍事力をバックに周辺諸国を恫喝し、領土を割譲させたり併合したりして、その領土拡大で得た資金や物資を軍事力に回してそのまた周辺国を恫喝する・・・というものなのです
カメラ	バック	バックパスして〜と思った瞬間、パッパッパッと3人抜いて4人目の選手からはユニフォームを掴まれながらもシュートして、、、その時、この人すげーって思ったと同時に、ごめんなさ〜いと謝る自分がいました
自動車	バック	斜めに停車しているのが判ると思います、運転席側の白線を目印にすれば真っ直ぐ停まるのですが、左側後方を意識してバックするといつもこんな感じになってしまうのです・・・自分では真っ直ぐ停めているつもりなんですけど
自動車	バック	その症状とは別だと思うのですが、駐車場などでエアコンを入れたままバックして、ハンドルを切ると『カチッ』と言う音(エアコンをつける音に似た音)がします、両方の原因は、エアコンなのでしょうか
その他	バック	三菱自動車は、スポーティセダン『ギャラン フォルティス』と、スタイリッシュな5ドアハッチバック『ギャラン フォルティス スポーツバック』の内外観や装備を見直したほか、1
その他	バック	従来と比べ路面フィーリングがダイレクトにハンドルに伝わってきます、多少キックバックは強めになっていますがタイヤのユニフォーミティが向上しているので、よりタイヤが回っている感覚が素直に伝わってきます
その他	バック	この種目は毎周回のホームストレッチとバックストレッチに設定されている先頭責任(ゴールラインのみなし)を、定められた本数を完了してゴールした選手から順位がつけられるルールとなっている
カメラ	バック	バックライトで暗い場所でも時間がハッキリ見えます ラウンド電波時計 いつでもピッタリ正確な電波時計 東日本と西日本の2局から発信される日本標準時電波をラジオのように受信して、いつでも正確な時刻を表示する時計です
自動車	バック	一方で、バスのワンマン化は運輸省(現・国土交通省)の路線認可が必要で、道路の幅員・終点での方向転換方法(誘導員のいないところでバックしてはいけない)など細かい規定が設けられているため、ツーマンで認可された路線を、ウォールナットで勝手にワンマン化できない
カメラ	バック	googleで「ラスボス」を検索すると豪華絢爛であり、神々しい音楽をバックに、 途中で姿を変える「小林幸子」さんの画像が、 画像検索のトップに出現するんですよね
ファッション	バック	80年代のコカ・コーラのCMでプロ・ゴルファーの倉本選手がゴルフバッグを担ぎながら歩いているCMのバックに流れていた洋楽は誰のなんという曲かご存知ですか
その他	バック	これをバックれると・・・続々本が到着して、27000部のLivi'n 逗子に商工会の事務局さえも埋もれてしまうのではなかろうかという勢いなわけでして(爆)
カメラ	バック	)、カメラマン三名(そのうち一名は某有名写真家)、制作エンジニア(ホームページの制作が得意です)、女性制作コピーライター(本業も某有名コピーライターです)、アレンジャー二名(一名本業はオーケストラの譜面書きの仕事、もう一名は某有名ベーシストで色々な歌手の方のバックベーシストを経験された方です)
カメラ	バック	横ハメから本番挿入し正常位、バック、開脚女性上位、背面騎乗位など、自然光と影を活かし 731 高根みく アナル看護婦 生アナルとオマンコに同時に指を入れます
その他	バック	MovableTypeのトラックバック受付機能に、「同じIPから大量にトラックバックが送られてくればSPAMとみなして、そのIPからのTBをはじく機能」がついているのだけれど
ファッション	バック	オフと見せかけた不審なものが来る可能性を考慮にいれ 決して人々から目線は切らず いつでもスポーツバックに忍ばせたゴルフボールを投げつけられるよう握りしめておく事を忘れない
ファッション	バック	写真を撮りにいく時にちょうどいい仕様のリュックと車で長距離を移動する時に便利そうなバックを半額のさらに半額で購入(^^)リュックは上下二つのパートに分かれていて、下にタオルや衣類などをいれると、上にいれたカメラのクッション代わりになる
ファッション	バック	先月 リーガルの可愛い靴を買いその靴に合わせてバックを作りかけていましが、アコちゃんが亡くなった日から放置・・・・・けど、「こんな事では いかん」 と、 昨夜完成ニードルパンチで作りました
スポーツ	バック	ブレーメンのセンターバックコンビのようにクロスに強ければ出来ないピンチですし、ラインの整え方もできておらずオフサイドを審判が取ってくれたからよかったものの、失点に直結しそうな位置取りをしていたり、と、何故彼なのか
自動車	バック	日産自動車は8月5日、車線変更やバック時にほかの自動車や障害物と接触するのを防ぐため、ブレーキを自動的に制御する運転支援システムを開発したと発表した
ファッション	バック	この様な明るいニュースは、何回見ても楽しいが、マスコミが、妻の身に着けている衣服やバックを、まるで芸能人でも扱うが如く、これは某某の品で幾ら、あれは某某の品で幾ら、などと金額とブランド名を挙げて報道していたのは、まあご愛嬌というべきであろう
カメラ	バック	Lの3展開★バックポケットつきだからお尻が見えてもOKの美脚レギンス♪【2点以上もしくは他商品と同時購入で送料無料】レースターンバック◇【8オンス】リアルデニムスキニーレギンス
自動車	バック	リスクチャレンジしまくる梅崎に出場機会がなかったり、反旗を翻した永井が外されたり、平川がすぐにバックパスしたりするのも、そうしたあたりに原因があるのでしょうか
ファッション	バック	先回に書いたトレッキングブーツだけでなく、バックやジーンズ以外のボトムなど、およそアウトドアと無縁の生活をしていた私だけに何も持ち合わせがなかったのです
カメラ	バック	続いてパックリと拡がったマンコに生チンポが捩じ込まれる小林かづこ画像正常位、屈曲位、バックと展開小林かづこ画像溢れ出る白濁愛液はさらに増しチンポにベッチョリと付着小林かづこ画像背面騎乗位、騎乗位と続き激しく抵抗するも側位で生中出し
カメラ	バック	枕辺に置かれたスケッチブックを開くと、今回のスキー行での何枚かがあり、1枚は岳樺が雪山をバックに大きく一本描かれ、脇に「春を待つ」と記されていた
カメラ	バック	バックにダイナミックに入った大黒が魅力で、毎回即完売となります人気のスウェットパンツはトレーナーと同色、同素材ですので、セットアップで着用できます
その他	バック	「バックドロップ」が俵投げだったり、「空手チョップ」がビンタだったり、「足四の字固め」が腕固めだったり、プロレスファンだったら笑い無しには読めない描写の連発です
ファッション	バック	うちの3人目は上二人のランドセルが6年たっても結構きれいだったのでランドセルじゃなくていいということになって手提げかばんのようなちょっと横広の背負いのバック
カメラ	バック	バックの演奏は完全なジャズと言っても良く、アルバム自体もジャズ指向があると思うんですが、そこにスライドを含めたリゾネイターサウンドが絡みついていくのが実にユニーク
カメラ	バック	エンディングで古い街並みなどをバックに流れるテーマソングは、「赤かぶ検事」というキャラを意識したのか明るめの曲調である(これらの音楽は「新・赤かぶ検事奮戦記」でも使用されている)
ファッション	バック	だから借金もありますし、税金も1度に払えないから分割にしてもらったり、この間は着ないブランドものの洋服やバックなどリサイクルショップに持って行って、買い取ってもらったり何とか凌いでるよ~」と現状を述べている
その他	バック	ほか、上から、顔に、全身に、バックから、やけに白濁した「聖乳」が「ぶっかけ状態」のイラストが多数掲載されていて、メナスの開脚率同様、掲載比率を調べてみたところ、10/32となっていて、全イラストの約3割がぶっかけイラストとなっていました
カメラ	バック	→スクリーンセーバーが、バス停メニューからできる“設定”が第一段階(仮免前)になっているときのもの(青い海がバック)から、第二段階(仮免後) のものに切り替わる
スポーツ	バック	そもそも今の3バックは日本人DFでは外国の2トップに対応できないというトルシエの考えから来ていますが、この論理からいくと甲府は3トップ、しかもバレーがいる
その他	バック	ところで、$param{'blog_name'}の行はトラックバックに対する対応だが、メールアドレスをトラックバックで書いてくるケースは有るんだろうか
ファッション	バック	このバックの最大の売りはバッグを背中に背負って移動できるのことと、バッグ自体を背中から手前まで瞬時に回せるので、カメラの出し入れが容易というところでしょうか
カメラ	バック	「New York City Boys」はバックの男性が船員服(セーラー服と言ったらみんなにギョッとされたので)を着て、ニールと一緒に3人で踊ったりしてかわいかったです
ファッション	バック	従来の洋服の修理以外にも、くつ、バック、アクセサリーのお直しとクリーニングとサービスのメニューも拡大し、ファッション全般のメンテナンスをいってに引きうけるShopを展開しております
カメラ	バック	初めてのバックミュージシャンと歌うわけですから合わすあるいはバックがうまく合わせてくれるっことで一曲を乗り切ることになるが、こっちが大きなミスすると心がガタガタになる・・・
その他	バック	きたきつねの使っているココログは、コメントやトラックバックを確認してから掲載を承認するようにできるので、スパムブログからのトラックバックが掲載することはない
カメラ	バック	一番重いとは、1280*960ウインドウモード アンチエイリアスx8 HDR(全体が光って淡い感じ)、セルフシャドウ(精細影)、被写界深度(キャラにピントが合うと背景がぼやける)、バックハイライト、ゲーム自体の演出効果として逆光や紙吹雪オン
その他	バック	シングルレーサーシート、バックステップ、セパレートハンドル、バッテリレスにしてパワーフィルター付けたスカチューン、スパトラマフラー、セルモーター外し、ロングスイングアーム、極端に短いフェンダー、フェンダーレス、フォークの上突き出し多くして短いリヤサス付けてローダウン化、別の車種のタンク取付、ライト取付位置変更、フォグランプなどサブライト取付
ファッション	バック	移動時の空港のニュースなどで荷物の中に「エアウィーヴ」のバックが、あったのを見かけた方もいらっしゃると思うのですが、アスリートやオリンピック選手にも使っていただいています
カメラ	バック	今まではブルーバックを背景に置いて撮影し、このブルーのキー信号をもとに別の背景と合成するという方法であったが、このデジタル処理がなかなかうまくいかなかったり、大掛かりなブルーバックを用意しなければならないため、撮影スタジオのような大きな空間が必要であった
カメラ	バック	特にバックライトを持つ液晶ディスプレイは消費電力が大きく、ディスプレイをOFFにすることで電池寿命を伸ばす、といった工夫がメーカーおよびユーザーによってされていた(初期のデジタルカメラはこの理由により、コンパクトデジカメでも光学ファインダを備えているのが普通であった)
自動車	バック	発売日から1週間以上すぎて、もう売れないであろう月マガ(月ジャンより分厚かった)を近くのコンビニで買ってきて、車の幅にあわせて置き、ゆっくり、ハンドルそのままでバックして、助走をつけて、アクセル全開
カメラ	バック	LEVI'S(リーバイス)のジーンズは、アーキュエット・ステッチという刺繍がバックポケットに縫いこまれており、これがLEVI'S(リーバイス)のトレードマークとなっています
カメラ	バック	LCDパネル技術、LEDバックライト技術はもとより、LED導入に伴う光学フィルム/位相差フィルム技術、さらにはLED対応のカラーマネージメント技術も盛り込み、全体を構成しました
スポーツ	バック	他の競技者はバック競技者で、それぞれのポジションに対応するフォワードの競技者よりネットに対して後方に位 置し、ポジション4(レフト)、1(ライト)の位置をそれぞれ占め る
スポーツ	バック	結局、少なくとも全治四ヶ月と診断されたムエタイに代わるセンターバックを探さなくてはならなくなったユベントスですが、フィオレンティーナのチェコ代表DF:トーマス・ウイファルシを冬のマーケットで獲得する為に動きだしているもよう
その他	バック	というより、人を介するコメントなんかはともかく、単にトラックバックだけなら、システム同士がトラックバック成立時に鍵交換しておくだけでも十分に識別できるとも思うんだけど
カメラ	バック	ザ・バンドはボブ・ディランのバックバンドをしていたので、単に「バンドの兄ちゃんたち」という意味で「ザ・バンド」と呼ばれていたのがグループ名になったという全体に「なげやり」な態度のひとたちである
自動車	バック	搭載している8つのボタンは、左右ボタン、ホイール、フォアード/バックボタンと「ドラッグロックボタン」「クルーズコントロールボタン(上下2つ)」
スポーツ	バック	高い身体能力と、センターバック、サイドバック、そしてボランチと各ポジションを高いレベルでプレーできる戦術理解力で、将来を嘱望されているが、今回の選出はユース代表から五輪代表という「飛び級」昇格となった
スポーツ	バック	今シーズンはセンターバックにコンバートされた事をいい事に、松野さんに散々オチャメなイタズラを仕掛けたロボコンですが、来シーズンに関して「ターゲットはスクデット」とコメントし、本来は「ターゲットは松野さん
ファッション	バック	バックを背負いながら羽織れるポンチョタイプの女性用レインウエア『Hyvent Rain Coat』です♪♪素早く身体の大部分をカバー出来る便利なアイテムとして防水透湿性素材・Hyvent/ハイベントを使用し、完全シームシーリング加工を施した信頼性の高く、袖口は、スナップボタンで留め具合を2段階に調整出来るのもポイントです
カメラ	バック	このサイトの車やバイクのイラストで自動車保険と書かれたイラストが3つありますが(新規見積・申込)と書かれた部分のバックの灰色のタブについてトレースして試行錯誤したもののタブの照かった部分が再現できません
カメラ	バック	デジカメの場合はフイルムに比べるとボケは少なくなりますが、傾向としては 人物もバックにもピントを合わせたい場合は広角側のほうが有利であると覚えておいたほうが良いです
その他	バック	バックカントリーみたいにゲレンデの外を勝手に滑るのが伊藤紳のスノボスタイルなのですが、さすが北海道のスキー場は白樺やかなり大きな原生林などがあって、非常にワイルドな自然を感じました
カメラ	バック	流氷砕氷船をバックに観光写真を撮る時、地元のカメラマンの方が「網走ですので、“はいチーズ”ではなくて”タラバガニ”と“ズワイガニ”で行きますよ〜」と言っていました
ファッション	バック	通学路の安全確保のためのカラーロード整備や休止されていた郷土芸能〔小空蔵太神楽(こくぞうだいかぐら)、安俵神楽〕の復活・育成、ホタルの住める環境整備、地域が一体となって取り組んだマイバック運動など、住民自らの手による地域づくりが進んでいます
自動車	バック	それで、いわゆるここで定めております私道の扱い、セットバックもそうですけれども、開発して私道をつくった道路におきましても、あくまでもその宅地を建築敷地として使用する場合には、建築基準法で、4メートル以上の道路に2メートル以上接しなければならないというふうな基準がございます
その他	バック	キッカー、バックカントリーとマルチな才能を持ち日本のスノーボードシーンを引っ張ってきた平岡暁史が05/06シーズンよりDAKINE JAPANチームに新加入
カメラ	バック	CパケNEOエディション+エアロパーツ+・リアスポイラー・フォグランプ、DVDナビ(バックモニター付)ペイントシーラント、サイドバイザー付で総支払い額202万1000円でした
カメラ	バック	今季のマンUのつまずきは、センターバックのリオ・ファーディナンドがドーピング(禁止薬物使用)検査を受けなかったことで、8カ月間の出場停止を食らったことに尽きる
その他	バック	この件に関しては、10月中旬にパブリックコメントが募集される予定になっていますが、アマチュア無線家としてパブリックコメントを出す事はもちろん、Weblogをお持ちのアマチュア無線家のみなさんは、是非この件を取り上げてNDXC BLOGの該当記事にトラックバックを送ってあげて下さい
ファッション	バック	バックや財布、名刺入れなどが主な製品ですが、牛革に蝋を塗って染料をかける一般的な手法と違い、牛革にまず彫刻を施し、その模様に合わせて蝋を塗り染料をかけていくのが特徴で、軽くて趣があるものとなっています
カメラ	バック	私の1番のお気に入りは中3の時の学年行事でキャンプに行った時に撮った写真で緑をバックに彼が友達と軽く微笑んで2人で写っている縦に撮って有る写真でした
カメラ	バック	開会式のリハーサルが行われた1日、甲子園球場のバックネット裏では、大会第7日(8日)の2回戦第2試合(午前11時試合開始予定)で対戦する本県代表の聖光学院・斎藤智也監督と西兵庫代表の加古川北・福村順一監督が握手を交わし、互いの健闘を誓った
カメラ	バック	その変身状態が解けTバックショーツにニプレスという、非常に露出度の高い姿で拷問を受けるシーンはZEN作品の中でも突出したエロさだと思うのですが、一番の見せ場(
カメラ	バック	あの時とはステージの規模も、バックの音も全然違いますが、潤子さんの歌を聴くことがとても嬉しくて、幸せなことであるという想いは、少しも変わっていないことに気付きました
カメラ	バック	特に商品種類が多いため、それらを余す事無く店頭展示するためにも、バックヤード側から商品補充が可能なウォークイン式冷蔵庫や、緻密な商品レイアウト等の、様々な工夫がなされている
カメラ	バック	バックライトによって画面を表示するのではなく、液晶の黒が、正面からの光によって表示されているので、カンカンに晴れた公園のベンチにモペラを置いて、芝生の上に座って文書を書く事ができます
カメラ	バック	その壁をバックに、ライトグレーのシンプルなソファーが、壁に横一線に並んでいるのだが、その途中に、鏡で出来た壁が挟んであるせいか、店内は、とても明るく、形式張ることもなく、気軽に食事を楽しめる雰囲気になっている
自動車	バック	*通常、レクサスのバックカメラはリバースギアに入れるとカメラ電源オン、その後、他のギアにすると数分で電源供給が無くなり、映像が映らなくなりますが今回の取付けでは常にカメラ電源を供給するよう改造してあります
ファッション	バック	釦と裏地に特徴がありバックには隠しポケット、フラップポケットがかわいくヒップアップして見せますデニムの本場ロサンゼルスで企画、アメリカ製のストレッチ生地を使ったニッカーパンツ
その他	バック	このエントリは、Piro氏のエントリを引き合いにしつつ、実はそのような構造がよくみられるなぁと思うところを書きたく直接的言及というよりは、キッカケとしたかっただけなので、トラックバックしなかったのですが、結果的に Piro氏への直接的言及で終わってしまっている感じなので、トラックバックしたほうがよかったですね
その他	バック	X4がキャッシュバックが始まりましたよねキヤノンのサイトを見ると保証書、バーコード、レシートまたは領収書のコピーが必要とありますがAmazonで注文してもメーカーに受け付けられるレシート・領収書は付きますか
ファッション	バック	お客様に「靴はいいけどバックは駄目」というのはちょっとおかしいですし、バッグに関しても「かわいいけれども、持ってみたら、バランスが悪い」ことも結構、あるんですね
カメラ	バック	玉虫色のバックを採用していますのでフローリングのお部屋にもマッチしていて素敵です♪ケースには「もう〜い〜くつ寝〜る〜と〜」のオルーゴールがついています
カメラ	バック	NHKの紅白で、DJ OZMAのバックダンサーが裸と見まごうボディスーツを着てたことが問題になっていますが、偽おっぱいより股間のアレっぽい飾りの方がマズいんじゃないかと思います
カメラ	バック	【PC】省電力LEDバックライト液晶、最新オフィスアプリケーションを付属したフラッグシップスリムタワーなどオンキヨーのNEWデスクトップシリーズ
カメラ	バック	1ピクセルを3分割していたものが、2分割となるので、必然的に明るさが向上し、バックライトのLEDの数も従来の半分近くまで削減できるほか、ピクセル数が少ないためパネルを動かすクロック周波数も小さくて済むという
ファッション	バック	もう小さいながらに”女の子”になってて、キキララのバックを腕の部分にかけて(いわゆるお買い物ポーズ)出かけるし、知り合いを見付けると、さも恋人を見付けたかのような満面の笑みで手を振ってくるし、とにかくカワイイ
その他	バック	【0010】特に、非磁性層のバック塗料の塗布工程においては、磁性塗料より含まれる粒子が粗いため、スリットから吐出中に目詰まりが生じやすく、スリット内壁に塗料が滞留化しやすくなっていた
カメラ	バック	したがいバックの視界が窮屈な大きなSLは「須崎」駅で交替し、そこから西、開通区間は石炭積載部が機関車直結、バック走行で視界が優れる「C11」形機関車が代わって運行した
ファッション	バック	入って左手はフラメンコ用品のvient en popa(ビエント エン ポパ)フラメンコの衣装や靴のみならず、普通のカットソーやシャツやバックなども取り揃えています
カメラ	バック	阿児町を訪れる観光客や正月を故郷で過す帰省客を暖かく迎えたいと鵜方駅前振興会(奥山裕会長)と昭和本町振興会(安藤健司会長)は、志摩市の玄関口である近鉄鵜方南駅前ロータリー内にイルミネーションを設置し今年で三年目を迎えたが、今ではイルミをバックに写真撮影され新しい志摩市の冬の風物詩となった感がある
ファッション	バック	株式会社市原は茅場町に拠点を置き、ベルト、傘、バック、サスペンダー、マフラー、手袋、服飾総合雑貨卸売業、企画製造卸、ノベルティー商品企画製造、修理全般、OEM製造を行なっている会社です
その他	バック	同様のセンサーはこれまでにも存在したが、いずれも価格が数百万円を超える業務用デジタルバックに搭載されるのが一般的で、ペンタックス645Dのようにレンズを含めたセットで100万円を切るコンシューマ向けカメラシステムに搭載されたのは初めてだ
その他	バック	当初はコメントもトラックバックも自由にできたのだが、批判的なコメントやトラックバックが増えてきたら、まずコメントが禁止され、さらに「公開 FAQ に移行します」ときた
カメラ	バック	◎下からのアングルでも威風堂々としたプロポ−ションが楽しめ、バックアングル(右画像)も、実物どうり上半身&下半身のジョイントがしっかり再現され、手抜きの無い造形力が光ります
カメラ	バック	六大学野球は1度だけ観戦したことがあるが、かたや学生がたくさん観戦していると思いきや、和服を着て杖をついた老人がバックネット裏で観戦している姿が見受けられる
ファッション	バック	スンヒョは、大事な日本の取引先の会長の彼女の為、入手困難なブランドバックを用意してたのに・・・車のトランクをあけると、あの孤児院の野菜でいっぱいだから驚いちゃって
カメラ	バック	とろとろ写真ばっかり見ていたら、、105mmとかでポートレートでも撮りたいなという気になってきてしまった、バックをきれいに溶かしながら、被写体はキリっと言う感じで
その他	バック	他の選手が使わないのは、フォアにチャンスボールがきたら誰でもフォアの方が力があるし、バックだと力が入らないので、そういった部分でジャンプすると思いますよ」
スポーツ	バック	ロボが昨シーズンからのサスペンションで欠場のうえ、理由不明でナル彦の名前がオフィシャルでもなかったのですが、センターバックは超人とガリガリくんで組むのでしょうか・・・
自動車	バック	バックギア時における後方の視界確保をサポートする「バックビュー」、バックギア時における後方全体の視界確保をサポートする「パノラマビュー」、駐車時における後方下部の視界確保をサポートする「トップビュー」、バックでの車庫出しで左右両サイドの視界確保をサポートする「コーナービュー」のリア4パターン切替え※1で安全をサポートします
スポーツ	バック	韓国3バックはストッパー役の選手を左右に配し、中央のやや後ろめにスイーパーと呼ばれる選手を置くもので、相手への1対1の徹底したマークを基本とする守備だ
その他	バック	小泉純一郎がハンナン潰しが出来たのも、稲川会とアメリカ政府のバックがあったから出来たのですが、その為には多額の上納金をブッシュ一家に支払う必要があった
カメラ	バック	メイン・バックスタンドはピッチからスタンドが近く、傾斜も適度についているということで評価は高いが、北側サイドスタンドは備蓄倉庫、南側にはパノラマレストランがあるため傾斜が緩く見にくいといわれている
その他	バック	私は、やはり、いつも課題のボレーミスが目立ちました・・・ 特にバックは基本も不十分なので自分でも不安に思いながら打つから、余計にミスにつながりやすいのだと思います〜 少し時間のあるときはボレーの素振りもしなきゃです
ファッション	バック	この他にも防水アウトドアリュックサック・軽量パソコンバッグ・メッセンジャーバッグ・ウエストバッグ・ウエストポーチ・トレーニング用2wayバックなどの定番商品をはじめ
カメラ	バック	表紙の晩年の写真(もみあげと口ひげが真っ白なのでバックに消えてる^_^;)、裏表紙の幕末歩兵奉行時代の写真(この人には珍しい、髷で和装の写真の一枚
カメラ	バック	いまいち知識なかったのでパジャマで後ろからバックというより押し付ける感じでしたのですが(生に近くするため、私はズボンははいてるがトランクス脱ぎw)
カメラ	バック	下の写真はどのような光線が花の美しさを引き立たせるか、バックをどのようにすれば全体の雰囲気をかもしだせるかを考えてから、這いつくばって撮影しました
スポーツ	バック	ただ、DF陣の2人が欠け、特にセンターバックが手薄になったが、岡田監督は「今いるメンバーで、ほとんどのポジションはカバーできる」と不安を打ち消した
自動車	バック	(エンジンを切れば1速、バックともに入ります)そのときは、シフトには触らず、普通にクラッチを踏んでそのままはなしただけなのに(過去1度だけ、それも3ヶ月前のフィアットフェスタで、富士高原サーキットで4周走りました)、突然エンジンルームでバタバタというような音(ベルトに何かが引っかかったような音)がして、のぞいてみるとミッション部
その他	バック	この本は、新技術の基礎研究から製品化の開発研究までの研究開発の各段階が一方向的に 展開する、アメリカ型ともいえるリニアモデルと、これとは対照的に市場を攻略する製品企画を 出発点に、必要なシーズについてはアウトソーシングをおこない、また柔軟に各段階でフィード バックおこなって製品開発を進める、日本型ともいえる複合連鎖モデルとの、二つ研究開発モデルを提起したことで知られる
その他	バック	フットサルの個人登録は、始めるときに議論があったんですが、直接日本協会が受けてキックバックで都道府県協会に1人幾らで落とします、というのでやっています
自動車	バック	なにしろ今回は、一緒の舞台に立つことの多いダンスチーム「スペースアート」の仲良し、ちはるちゃんから「バック転できるようになって、初めてステージでやるんで見に来てください」とお誘いを受けたので、何が何でも見に行かなければいけなかったのだ
自動車	バック	以前にも書いたようにあっちこっちぶつけて、極めつけのようにガードレールにバックでブチ込んだうちのメルセデスさんが板金修理で入院することになりました
カメラ	バック	応対してくれた若いお兄さんは丁寧に応対してくれたが、物が物だけに熟知している人はあまり多くないらしく、時々「少々お待ちください」と言ってバックヤードに消えていくのが漏れ聞こえてくる声からして、人によって言ってることがまちまちで、若いお兄さんは戸惑っていたようだ
カメラ	バック	写真好きな私はどこかに出かけるたびに写真撮るのが大好きで、今回もきれいな桜をバックに想い出カメラに納めてきました♪春が来るたびに、ずっとこうして毎年彼とお花見に行きたいな♪夕方は彼の弟と合流
その他	バック	A スパイカーであれば、バックがだめならフォワードで頑張れば、フォワードでだめならバックで頑張ればということでリズムの立て直しが可能なんですが、リベロの場合は、リズムを崩すと建て直しが難しい
カメラ	バック	続く "Di quanto stupore" ではリズミカルなギターのリフをバックに語りかけるように歌われ、叙情的なパートが突如現れたりする変わった感じの曲です
その他	バック	唐戸市場から海沿いを歩いて15分、車で2分 (海峡を眺めながら歩くとすぐ着きます) トラックバック(0) このブログ記事を参照しているブログ一覧: 関門トンネルの人道
カメラ	バック	シンプルでセクシーなTバックから艶めくメタリック生地&メッシュランジェリーまで、アンダーはもちろんダンスウエアやステージ衣装にまで使えそうなアイテムをピックアップ
自動車	バック	と、思っていたら、治療が終わった人が車を出して去っていったので、去った後に 頭から車を突っ込み、ゆるゆると斜め後ろ方向にバックして、なんとか駐車スペースに(無傷で)車を入れられた
カメラ	バック	皆さんと一緒に集合写真を撮ったり、池をバック写真撮影や構図の撮り方を学んだり・・・普段教室で勉強している方もそうでない方も一緒に練習をしました
その他	バック	ナイル・ロジャースをプロデュースに迎え、シックが全面的にバック・アップしたこのアルバムでダイアナ・ロスは、ディスコとファンクの中庸をいくグルーヴィなサウンドを展開
カメラ	バック	曲は3月の「はるまつり」でのステージ同様、打ち込みをバックに演奏するものでしたが、前回の1ステージぶっ続けに対して今回は5分前後の短い曲に分けられていました
カメラ	バック	みんな富士山バックの撮影となると、写して貰いたいですから・・・(汗)撮影サポートに廻っていただいた、kigさん、よっすぃーさん、コマさんに深く敬意を表します
ファッション	バック	2008年5月4日放送の「町内の御意犬番」では、一人でハチを散歩させていたり、以前バックに入っている小型犬を見ても怖がらなかったが、大型犬は怖がる
自動車	バック	ペナルティエリア内においてゴールキーパーが味方の選手のバックパスを手で触れてしまうと間接フリーキックとなるが、その場合はどんなにゴールに近い位置でも間接フリーキックになる
カメラ	バック	キャレキシコはずっと大好きなのだけれど、前作は今ひとつしっくり来ないと感じていたら、どうも「バック・バンドのメンバーたちと共同作業で」録音したものだったらしい
カメラ	バック	込み事故を防止する、見えないはずの後ろが見える高性能高品質の後方確認装置ですバックアイカメラ、バックアイモニター等各社によって名称が異なっておりますが、当社ではバックカメラ(商品名:ナイスヴューモニター)と表記しております
カメラ	バック	左から、バックネット裏から激しく選手に罵声を飛ばす古田PM、ヤル気のない選手を睨みつける伊東コーチ、選手のふがいなさに怒りに震える八重樫コーチ、実力の上がらない選手にケーベツの眼差しを浴びせる梅造
自動車	バック	彼らの運転する赤い車が、道を快走したり、時にはバックに失敗して路肩に落ち込んだり、警察に引き留められたり、思い悩んで引き返してはまた進んで行ったりと、その危うさの数々は枚挙に暇がない
カメラ	バック	撮影はピンクのバックに上半身の正面・サイド・バックを撮りました 今日の写真はCDデータで頂けるということで楽しみです さてさて、せっかくセットしてもらったのに直帰するのはもったいない
カメラ	バック	薬王寺の職員の方が、NHK朝の連続ドラマ「ウエルかめ」の舞台になったところという事で声をかけてくださり、そこをバックに二人の写真を撮ってくれました
自動車	バック	なんてアホなことは考えなかったけど、そのクルマがバックしているのに、あの後退用のブザーも聞こえないし、停止した後でエンジンのアイドリング回転数がちょっと上昇しながらクレーンみたいなのが動いている様子なので、レッカー移動だとスグにわかった
カメラ	バック	セイルドリルではかなりの強風で帆を張りまさに「順風満帆」被写体としては感動ものでした、下船した実習生達はとても誇らしげに船をバックに写真を撮ってました
カメラ	バック	スコトン岬バックのトレッキングシーン、礼文の代名詞みたいに紹介されてるけど、あの写真三脚+カメラ一式担いで撮りに逝こうとすると、素人俄かハイカーはマジ死ねるわ(笑)
カメラ	バック	バックネット方向に飛ぶのはミートポイントは合っているが、ボールがバットにかすったり(チップ)して芯でミートされていないために、バックネット(真後ろ)と正反対のセンター方向に飛んでいかないのだ
ファッション	バック	そんなニットバックですが、このバックは全体がニットというわけではなく、前面に付いているポケット・持ち手・底はクロコ柄の合皮素材で、ニット&合皮のかわいらしいデザインに仕上がっている逸品
ファッション	バック	色留袖・袋帯・長襦袢・肌着類・帯揚げ・帯〆・草履・バック・足袋・末広(扇子)・(比翼なしの場合、重ね衿)・着付け用小物類一式(腰紐4本・伊達〆2本・帯枕・帯板・衿芯)☆サイズLLサイズ身丈:4尺4寸裄丈:1尺8寸3分前巾:6寸6分後巾:8寸身長:約163cm〜173cm適応身長以外でも着付けはできますので、ご心配の方はお問合せください
その他	バック	バックカントリーに挑戦したい女の子、興味はあるけどゲレンデ以外はちょっと心配・・・っていう女の子、お友達同士や親子で素敵な冬の思い出を作りたい
その他	バック	自転車が300以上のパーツから出来ておりそのほとんどが彼の手作りで、エアーバックの部分を作るのに40台以上の車のタイヤのチューブを使用したそうです
カメラ	バック	ヤマスタでは私、試合中は真ん中に入るので、暫く練習時並びにハーフタイム限定のゴール裏端(バックスタンド側)で掲げていましたが、片付けるのが面倒なため、ヤマスタでは止めちゃいました
その他	バック	最近、「音楽はとてもパーソナルなもの」だということを強く感じた出来事があったので記事を書き、トラックバックしてみましたが、書いているうちにどんどん遠ざかっていってしまった感じです
カメラ	バック	サッカー部は間もなく高校総体があるので、サッカー部がメインで使用し、野球部・・・センターに向かって、じゃなくてバックネットに向かっての4箇所のフリーバッティング
ファッション	バック	メンズ、レディースウェアからバックやアクセサリー、靴、雑貨までと幅広く、そのどれもが、若いドイツのクリエーション・シーンの斬新さと自然な自由さが表現されている
カメラ	バック	昨晩帰りの京浜東北線に乗るためにフォームにいたら、白い恋人たちのバックプリントも鮮やかなジャージを着た、コンサドーレ札幌のサポーター少年三名ほどがにこにこ顔でやってきた
その他	バック	スポーツカーの新車売り出しをめぐってしのぎをけずる、二つの自動車メーカーをバックに、花形産業の舞台裏で暗躍する産業スパイたちの愛と憎しみを鋭く描き出した異色作
カメラ	バック	それから、バックボーカルがいて、彼らには振付けもあるんです(高くキックする、ダンスステップを踏む、David Rhodesと僕にも、ある時点で頭をブンブン振ることになってます)僕に関して言えば、ベースのエフェクトがいくつかあって、それぞれ必要なときにペダルボードを正しくキックしなくちゃなりません
その他	バック	自主制作のスノーボードムービーでは、スキー場だけでなく、バックカントリー(自然の雪山)で信じられないようなパフォーマンスを魅せてくれる中井も、いつもとは勝手が違うようでした
自動車	バック	「車でバックをするときに、鏡像を見ようが、首を振り返ろうが、 動かしたい向きにハンドルを切る」という状況をイメージすると、 「ひっくり返っているのは前後」というのも ひょっとしたら言語的な定位の話ではないかという気にさせられなくもない
ファッション	バック	ハンドバッグ ブランドバック続きますよ〜♪今回はエルメスの大人気アカプルコのハンドバッグです(^ω^)こちらのバックは収納力抜群で大きい物も入れられ使い勝手が良さそうで〜す☆もちろんこれ以上下げられない下限売価で載せ
ファッション	バック	当建物は大型のシューズBOX、シューズインクローゼット、布団やゴルフバックが収納できる大型のクローゼットが装備されており、物が増えても片付けに困らない室内となっています
自動車	バック	素直にバックして信号待ち、( 大型特殊の場合、交差点に完全に車両が入ってなければ、黄色信号に変わり次第すぐに停止して、後続車が無ければ、停止線まで後退します )信号を渡り、踏み切りを無難に通過、発着点に向かいます
その他	バック	ローバックはワットの蒸気機関に興味を示し、ワットが開発のためにブラック教授からの借金を肩代わりしなおかつエンジンの開発費や特許料を負担し共同でエンジンの販売をしてくれることになった
その他	バック	又、プロ競技を始め、多くのトーナメントが開催できるよう距離と幅員を充分取り、バックティーからはゴルフの原点である「良いショットは、酬われる」という戦術性と高度な技術が要求される設計となっています
その他	バック	この間、どこだかわからない英語のトラックバッククリックしたら、大量にやばそうな所からトラックバックされてしまったから受けないようにはしてました
カメラ	バック	ダイアモンドヘッドやワイキキビーチをバックにウエディングカメラマンが撮影し、思い出に残る素敵なDVDフォトアルバムを作成するハイクオリティーなフォトツアー
カメラ	バック	後、69でからんでいる女たちに男が参加し、バックから攻めつつ、下になっているスレンダーのほうに袋や尻をなめさせるシーンをこのときはじめて見ました
自動車	バック	さっき、どっかの馬鹿が、バックで引き返すのがめんどくさかったのか何なのか、うちの麦畑に車乗り入れてバックしようとして、ぬかるんでるのではまりそうになったらしく、そのまま畑にずーっと車乗り入れて、でっかいカーブでターンしていきやがりました
その他	バック	しかしどうすればキックバックが起こるかということが分かれば、チェンソーの使い方、おのずとキックバックが起こらないように注意することが出来ると思います
カメラ	バック	バックにはエキゾチックなサウンドのリズムが流れギターとグランカッサみたいな低音のサウンドが効果的にフィーチャーされ、エンディングはオーケストラ風に力強いメロディアスなトゥッテイを迎えるという音彩豊かでドラマチックな構成の曲です
カメラ	バック	それだけに鉄道ファンや子ども連れなど大勢が詰め掛け、SL2両が並ぶ勇壮な光景をファインダーに収めたり、SLをバックに親子で記念撮影をするなど思い思いに楽しんだ
カメラ	バック	安価な液晶テレビのように、こうした処理を行わず固定的なバックライト輝度と1つのプロファイルだけの画素駆動を行なうと、液晶パネルの映像表現能力は無難な範囲だけにとどまることになり、ひいては色も輝度も表現幅が狭くなって、黒は浮き気味となり、しかも明暗の幅も狭くなってコントラスト感が乏しくなってしまう
その他	バック	上り線は通勤・通学の3日午後3時半ごろ、さいたま市岩槻区金重のいた大学生、名倉早紀さん(18)=同市=と男女の対象に、新型インフルエンザワクチンの見合わせて運転を罰金50万円の自動車運転過失傷害の焼酎を始発から死亡、≪大阪個室ビデオ店放火で死刑判決≫16人が西武新宿駅−田無駅間の岩槻若葉幼稚園敷地内で、バックして判決で、大阪地裁は運転を係留して西武新宿駅−田無駅間の故障
ファッション	バック	全共闘運動が最も熱く、そして急速に後退していった“激動の時代”を描いた「マイ・バック・ページ」は5月16日にクランクイン、7月上旬にクランクアップ、2011年、全国ロードショー
その他	バック	それらが”Edy”にキャッシュバックされるようでしたら、『株など金融取引をはじめるための一枚』『”Edy”を使い回すための周辺サービスが充実』という両面から、このカードを検討してみてもおもしろいかもしれませんね
ファッション	バック	アクセ、バックで以外とどんな服でもパーティー仕様になっちゃいます 今回は一枚ですが秋冬の新作なのでロンTやブーツで合わせて・・・ goodです 是非チェックしてみてくださいっ さりげないレオパード柄がシンプルなラインをオシャレに見
その他	バック	・(社)自転車協会が認定した自転車で、「幼児2人同乗基準適合車BAAマーク」が貼付さっれ、メーカー指定のハイバック形幼児座席を装備しているもの
その他	バック	Yahoo Japanのバックエンドのサーチエンジンは、2001年にはGoogle(多数のページをカバーしているとの定評)に変わり、また(2004年)、より強力といわれているインクトゥミ社のサーチエンジンを買収し、Yahoo独自のサーチエンジンを開発・提供する方針である
その他	バック	トラックバック: 『グッズ:『ピンクパンサー』キーチェーン5名様』 [[1172 トラックバックするだけで、懸賞に応募できるんだって ピンクパンサー可愛いよね 最近雑貨屋さん行くと必ず
自動車	バック	現に、通りがかりのイタリア人は積極的に且つ、根拠のない憶測で、こっちにハンドルをきれだの、バックしろだの誘導してくれ、何人もの誘導で徐々に不可能に見えた角を曲がれてきている
カメラ	バック	バックスタイルはロゴ無しでシンプルな長袖Tシャツです首回り・袖口・裾は二重布になっていますオールシーズン使えるやや薄めの生地です長袖Tシャツデザート柄【新規開店080215】【新規開店080317】
ファッション	バック	バックにリックとウエストポーチ、シューズ、上下のジャージ、短スパッツ、Tシャツを入れて、会社に持っていくには、目立つので、朝、横浜のロッカーにバックを入れていた
その他	バック	『スポーツバック』は、『ランサー』後継として市販予定のCセグメント5ドアハッチバック予告であり、三菱自動車にとってはこのクラスの5ドアハッチバック
カメラ	バック	後ろで歓声が上がるので驚いてみて見ると、昼間教会で結婚式を行っていたカップルが夕日をバックに写真撮影に来ていて、その場に居合わせた全員から祝福を受けていました
カメラ	バック	冗談はさておき、市販の望遠鏡の場合は天頂ミラー常用を前提でバックフォーカスが決められている物が多く、合焦装置繰り出し量ゼロの状態でアイピース差込口から130mm程度でピントが合うようにすると
ファッション	バック	台東区は、産業の特性として浅草北部のくつ、南部のかばん・バック・帽子、御徒町の貴金属、駒形・蔵前の玩具、浅草橋の人形を位置付け、支援施設として江戸下町伝統工芸館、台東デザイナーズビレッジ、産業研修センターがあります
カメラ	バック	とりあえず今日は仕事終わって衣装買いに行きました♪それは今度某アーティストのバックダンサーをすることになり衣装や振付けは自分達で好きにしていいとのことなので♪♪仕事仲間とでます♪
ファッション	バック	バックとか下着も例えどんなにデザインが可愛かったとしても、神田うのというロゴが入ってるだけで、持つの嫌だょね~って(苦笑)いうのが普通のOLの感覚だと
ファッション	バック	(ギター型バック)サイズもちょうどいい感じでさりげないファッションになっています☆ そして、こちらは2週間くらい前に届いたワンピTシャツ♪着るものって実際手にするまで不
その他	バック	お友達を作ることが目的のブログ同士が、お互いに宣伝トラックバックを送りっこすることを咎めようとは思いませんが、そうしたブログに寄せられているトラックバックって、良質な物があっても読むことがなくなってしまうのですね
その他	バック	車検は10月に切れるのだが、車検満了の1ヶ月前までに入庫すれば5000円キャッシュバックというキャンペーンをやっていたので、 このキャンペーンを利用させてもらった
カメラ	バック	バックのオケは漫然と聞いていると、短い周期でひたすら同じ事を繰り返しているように聞こえますが、注意してみると周期的に変化する部分があり、細かなところに遊び心が見えます
カメラ	バック	7000km到達の大久(おおく)はウチから車で20分ぐらいの場所なので今度同じ所で写真撮ろう(笑)記念撮影のバックになった犬島は今でこそ防波堤で陸続きになったけど私が子供の頃はホントに島だったんだよ
ファッション	バック	今回はオートバイによるキャンプツーリングの現場に持参してみたが、ウエストバックに常時携行しても邪魔にならず、夜間に地図を見るときやバイクを点検整備する際には口に咥えて必要な部分を照らし、キャンプ時には帽子のツバに着けてヘッドライト代わりにして使用
スポーツ	バック	故障者が続出した事もあり、センターバックにロボコンやジャンニケッダを配置しアグレッシブに松野さんへプレッシャーを与え楽しんでいるユベントスですが、やはり松野さんにそっぽ向かれて移籍されると痛いので、普通に守れるセンターバックとしてマンチェスター・ユナイテッドのヴィディッチの獲得を考えている模様
カメラ	バック	選手たちがバックスタンドの方から歩いてきて、ゴール裏のスタンドとトラックの間に柵があったんだけど、圭佑が自ら柵の紐をほどいて選手全員が柵を割ってスタンドの方に来てくれて、西川や伊野波や水野は涙目になりながら握手しに来てくれて、そのときに「本当に今日までやってきてよかったな」と実感しました
ファッション	バック	神田うのの新居への引越しについて聞かれると「バックと靴とお帽子を運んだだけで、2トントラックを使いました」と常人からはかけ離れたセレブぶりを見せつけてましたよ~
その他	バック	走れる人はもちろんだけれど、初めてMTBに乗る人に、乗り方以外にも、タイヤの外し方、輪行バックの使い方とか、パンク修理の仕方とかも説明できたら、更にMTBを楽しむ世界が広がると思うんだよね
