# 音楽: 合唱の際の、ソプラノとかアルトとかのそれぞれを言う。, 労働: 「パート　タイマー」の略。ある時間だけ勤務する人。また、「パート　タイム」の略。
その他	パート	一昨年11月に行われた学習会「男の子・女の子はつくられる」のパート2として、前回に引き続き、講師は佐藤達哉さん(福島大学行政社会学部教員)です
労働	パート	ここはマクドナルドとは対照的で、元気なパートさんがハキハキと接客してくれる上に調理もマクドナルドより早い(本来有り得ないんですが)ので、大好きです
音楽	パート	第一ヴァイオリンの信号は全パートの第一弦に、第二ヴァイオリンの信号は同様に全員の第二弦に、ヴィオラは第三弦、チェロは四弦に、長いケーブルで接続されている
労働	パート	不況で仕事をなくす主婦も多いけど、夫の収入が減ったことで、就職するとか、パート時間を延長するとか、家庭から仕事に比重を少し移した主婦も出ている
音楽	パート	合唱パートはなかなか手慣れた手法で、そこそこの「技」を繰り出してはいても、決して「オーソドックス」の範疇を超えることはない穏健なものなのですが、伴奏のオルガンがとことんぶっ飛んだものなのです
その他	パート	第130話Aパートではクルルが侵略モードを削除し家事手伝いモードに最適化を図ったものの、コピーロボットたちが強い自我を持つようになり全く融通がきかなくなりやはり自己暴走し始めた
その他	パート	長野県では12月10日(木)の平日ですが松本市で未来作れんじゃーの主催でパート2の上映会&てんつくマンのトークライブを皆で盛り上げていきたと思っています
その他	パート	この電子メールはマルチパートメールであり、その添付ファイルパートには、TIFFファイルが、キャラクタデータ、すなわちテキストコードに変換されて、添付されている
労働	パート	パートや派遣労働者についての法律問題、保険、税金等を解説した本はいくつもありますが、アルバイトを主役に取り上げて解説したものはなかなか見当たりません
労働	パート	御主人が先に引っ越されて、あとから行くというのであれば、正式な日にちが分かったところでパート先に知らせて、数カ月引き継ぎなどをしてから辞められるのが良いのではないでしょうか
労働	パート	その結果、企業も大切にしていた、成年男子の経験や熟練、筋肉の力があまり必要でなくなり、パート、派遣、社外工などの安価な非正規従業員をフレキシブルに組み合わせて使う雇用形態が広がり、労働組合の組織率、戦闘力が衰退する傾向が、労働運動への政治的攻勢の基礎として進展していた
音楽	パート	オペラ歌手が本番の舞台で楽譜を持ってうろうろしている姿なんて想像できませんし、オーケストラでも総譜はどうかわかりませんが自分のパート譜は覚えるんじゃないかなあ
労働	パート	また、婚姻後お嬢さんにパート収入があったとしても、年間を通じて給与の収入金額の合計額が103万円以内であれば、原則として嫁ぎ先で配偶者控除が受けられます
音楽	パート	何しろ楽譜はとても高価なもので、しかも民音はブラスやオーケストラ用のパート譜まで所有していて貸し出しもしてくれるため、アマオケの運営にとっては今や欠かせない存在になっています
労働	パート	小規模学童保育所、成生、蔵増、寺津、高擶における登録児童数は、成生23人、蔵増22人、寺津8人、高擶38人と、職員数は、成生、正規1人、パート2人、蔵増、正規2人、寺津、正規1人、高擶、正規2人、パート1人と、少ない人数で保育に当たっており、寺津においては、1人の指導員の方が、土曜日も朝から夕方まで保育に当たっているのが現状です
労働	パート	コトパンジャン・ダム問題では、ジャカルタに住む小松邦康氏というNHKや朝日新聞の支局でパートの助手をしていた元日本人留学生がめこん社から出した『インドネシア全二十七州の旅』という本で、コトパンジャン・ダム予定地の住民はダムに反対などしておらず、私や活動家があおっているだけなどと不当に非難した
労働	パート	コーチングコンサルタントの山口ひとみ氏を講師に「パート同士の仲が悪い場合の対応の仕方」「年上の部下への対応」などをテーマに俳優が実演、関心を集めていた
労働	パート	離婚した後の息子さんの教育費はご主人もそれなりに出すでしょうし、贅沢さえしなければ離婚してささやかなパート勤めをして生活してゆく事は可能だと思いますし、そのほうが、誰とでも恋愛出来る自由や新たな出会いも得られるのですから希望溢れる未来が開けてくると思います
その他	パート	前作から今回のパート2までの間に、何年の月日が流れたことになっているのかは知りませんが、前作を観た者からすれば、心優しき映写技師や土曜名画鑑賞会のメンバーたちがオデオン座の閉館をどう受け止めたのかが知りたいところ
その他	パート	普通なら、分離しているステレオの方が各パートも良く聞こえる筈だが、不思議なことに、ビートルズのモノラル・ミックスはそれぞれの楽器の演奏がちゃんと聞こえる
その他	パート	Aパートの・イージー・ノーマル・ハードが72% Bパートは全て100% Cパートの・イージー・ノーマル・ハードが81% Dパートはでていません
音楽	パート	イヴィルな呻き系の絶叫ボーカル、煽動型リフ、ブラストビートといった基本の上に、けっこうザクザクとしたリフやスローパートの導入、ツーバスの疾走感を重視した曲展開などを交えたスウェーデン・スタイルの演奏
労働	パート	30日、午後2時すぎにパートを終え、夕方に一ヶ月ぶりに帰ってくる、猿姉ちゃんの為に夕飯の買い出しと連休中の春祭りの準備の為にお酒やさんに、寄りました
労働	パート	うちの会社は不妊治療のことを会社に言うことができなくて、上司は男だらけ、同僚のパートさんはおしゃべり、専務とかは子供が出来なかった人なのでどうも話しづらい
労働	パート	その他のパートの人間は大抵はギターのキチガイのような熱情にとりつかれたやつにそそのかされてバンドをやろうぜとなってから楽器を始めるパターンが多かろうかと
労働	パート	ちょうど込み入った新しい仕事を教えてもらったばかりで、 「パートとはいえ、うちのパートってかなりハードル高いんじゃないかなあ」と思ったりもするのだ
労働	パート	正社員という記号が抽象的で曖昧さを拭いきれない言葉で、私は嫌悪感を覚えますが、それではフルタイムで勤務できない労働者は正社員となれずパートになるしかないのでしょうか
その他	パート	指揮は川本統脩先生、ピアノ独奏はピアノコースよりオーディション合格者、オーケストラ・パートは、電子オルガンコース専門選択科目「オーケストラ演習」履修生代表と打楽器コース生が受け持ちました
音楽	パート	1955年といえば、ワルターの生涯の中でも最も気力の漲ぎっていた時期、加えて記念行事的演奏会、それだけにウィーン・フィルもルーティンなところは一切なく、全パートがフル稼働しているような、熱気と充実感に満ちた演奏になっています
音楽	パート	1000人近い人たちを迎えて吹奏楽コンクール課題曲や自由曲などを中心とした第1部からはじまり、第2部以降はOB、OGも参加してのコーナー、なつかしの曲などの披露、そして第4部は各パートごとに思い思いに振り付けた衣装を身につけての登場、ユーモアたっぷりの生徒の司会進行で2時間たっぷりの演奏
労働	パート	だが当然、大輔はそんな夏萌の期待に応える訳もなく、むしろ幼い頃好意を抱いていた若葉に、自分の会社のパート仕事を頼んだりと、若葉に仲良く接してくる
その他	パート	三役という役職の人たちは5人いて、それぞれ担当のパートを掛け持っているのですが、私は特に持たず委員長の井水くんの補佐というのをメインに仕事をさせてもらっています
音楽	パート	僕はもともとの地声はそんなに低くなかったから、バリトンならまだしもバスを歌うには音量が足りなかったんだけど、そういうわけでテノールのパートを歌わされて、朗々と見事に歌い上げるわけだ
音楽	パート	2コーラスめの出だしをミスって笑い合ってるキムラにーさんとカトリさんのコンビや顔見合わせてピョンピョンしてる中居さんとクサナギさんコンビのパートは、どーにもこーにも30代半ばの殿方とは思えぬ可愛らしさ
その他	パート	ここでは5つのパートに分け、使用頻度の高いブルース、ジャズ、ポップ、ロック、ファンクなどでのコード進行をもとに、トライアドからテンション、オープン・コードやバー・コードといった使い勝手の良いバッキングのためのアイディアをわかりやすく紹介していきます
その他	パート	2 』への参加後、メンバー脱退により活動が滞るも、1年の充電期間を経てVoカキヌマがドラムヴォーカルにパートチェンジし3ピースとなりライブ活動を再開
音楽	パート	管弦楽の作曲者の重要な仕事の一つはいわゆるインストルメンテーションであって、すなわち甲乙二つのパートが並行するとして、そのいずれをいずれの楽器に割り当て受け持たせるかによって全体の効果には著しい差違を生ずるのである
音楽	パート	高い方から、ソプラノ、メゾソプラノ、アルト、テノール、バリトン、バスと称され、さらにそれぞれのパートに声の質による形容詞をつけた分類がなされる
労働	パート	ちょっと長ったらしくなりましたが、アルバイト・パートについては直接的な雇用契約、派遣・日雇いについてはブローカーがかんでいると思っていただければ解りやすいのでは
労働	パート	あわせて、厚生労働大臣、このパート、いわゆるパートの均等待遇であるとかあるいはワークシェアリング、きのうも言われているわけですが、この残業規制を基本としたようなやっぱりワークシェアリング、こんなことなどによって雇用の確保や創出を図っていくなどということに本腰を入れる、こういう考えはございませんか
その他	パート	〕ちょうど連句、あるいは連歌のように、本歌としてのわずか5小節を作曲し、その5小節内の様々なアスペクトを取り出し、展開させ、次のパートをつくっていく
その他	パート	二十世紀前半を代表する二人の作曲家ホルストとバルトークの作品は、それぞれイギリス伝統のパートソング(合唱曲)、バロック時代の合奏協奏曲という古典的なスタイルを用いながらも、作曲者の個性と時代が刻印された名曲です
労働	パート	募集職種:医療・福祉・介護 医師師・薬剤師・看護師関連 医療・福祉関連 【逗子市】マイカー通勤OK♪パート募集☆透析室での看護業務♪週2日から相談可能
音楽	パート	透明感あふれる繊細な女性ヴォーカルが唄いあげるメロディックメタルは、ゆったりと流れる優雅な時が心地よいパートからスリリングでスペーシーなインストゥルメンタルを聴かせる1から、煌めくようなキーボードの調べと硬質なギターのサウンドが混ざり合う、スピード感の強い2、優しいメロディの癒し系な3、アップテンポの4は躍動感のあるメロウな曲
労働	パート	htm パートなど非正規雇用の拡大や、成果主義的な賃金制度の問題点を指摘すのはいいけれど、労働法制の規制緩和の旗を振ってきたことへの反省がないのでは、素直には受け取れない
その他	パート	はじめてTOEICを受験する方には、4つの設問パートからなるリスニングセクション、3つの設問パートからなるリーディングセクションの設問内容とその解答法だけは事前に知っておくことだけはやっておくことをおすすめします
その他	パート	それぞれのパートで責任を果たしていく、これがまさに、戦後の日本の広く教育界を振り返ってみたときに、やはり私たちはここで考え直さなければいけない点であろう、かようにも思っているところでございます
音楽	パート	音が団子状態でダメ録音と思っていたCDが実は個々のパートがしっかり聞き取れることでそれぞれのパートバランズで良い方向に変化して実は良いCDだったのかな
労働	パート	厚生労働省は30日、契約や派遣、パートなど有期契約労働の調査結果をまとめ、研究者らでつくる同省の有期労働契約研究会(座長・鎌田耕一東洋大教授)に報告した
労働	パート	でも今の私の毎日は、パート勤めをし主婦業をして一日を過ごし、何かやりたいと思っても、子供の学費と生活で手一杯で、何か自分のためにしようとしても、お金はかかるし、時間はないし・・・と言い訳をしてきました
その他	パート	楽器は何でも良かったのですが、たまたま3年が引退することによってひとりきりになるフルートパートを補充する必要があるということで、そこに所属させられたのです
労働	パート	また、「ママバイトル」は、主婦・主夫の支援を目的としており、家事や子育てと両立しやすい「1日4時間以内OK」や、「主婦・主夫歓迎」、「未経験OK」等の検索軸等を提供することで、少しでもユーザーの希望に合致する仕事情報が検索できるように工夫しており、同サイトの案件数は1月16日現在で3000件を超えるアルバイト・パート案件数を提供しています
その他	パート	パート数はギター3、キーボード2、ピアノ1、ベース1、ドラム2、シンバル1、コーラス3、ボーカル1で修正が多かったため最も手間がかかった作品です
労働	パート	フルールともこは、店主夫妻のほか、パートを含め従業員が多いときで8人いるが、花の販売は物品販売業だけでなく、接客業として従業員の教育には力を入れている
その他	パート	その後、レオーネはトニーノ・ヴァレリが監督したマカロニ・ウェスタンのパロディ映画『ミスター・ノーボディ』(1973年)のプロデュースや、イタリア車のCMなどを監督するが、本格的な監督業からはしばらく遠ざかっていた(一説には『ミスター・ノーボディ』のアクションパートはレオーネが監督したとも言われる)
その他	パート	フュージング、スランピング、パート・ド・ヴェール、サンド・ブラスト色々な技法を使って パネルやオブジェ、照明、器、アクセサリー等貴方だけの個性ある作品を作ることが出来る工房です
労働	パート	しかし、この10年それらの仕事のOA化や、社会の構造変化から、派遣やパートによるコスト削減でどんどん正社員としての仕事として無くなってきています
労働	パート	レジ担当者への教育も久しくして実施しておりませんでしたし、新しくレジ担当になったパートさんも多くこれは、言葉遣いをもう一度勉強し使えるようにしようとレジの言葉遣いレッスンを行ったところです
その他	パート	この調停案は、全部で190ページ 以上もあり、概要、途上国問題、京都メカニズム、吸収源、議定書の5・7・8条(モニタリング関連)、共同実施活動・政策と措置など、遵守制度の7つの パートに分かれています
労働	パート	アルバイト・パート採用、新卒採用、中途採用のどの採用であっても、その役割を見失わずに、「求める人材を採用する」という目的に向かって、貴社のメッセージを伝えていく必要があります
労働	パート	子供たちが両方とも中学にあがったら、学費が上がっていくし3時間程度のパートを捜したいということもあり、午前中に外に出る用事を済ませて留守にし、読書などはケージのない部屋でしたりして、「いつでもおかーさんが視界に入っている」状態にはならないように、慣らしています
労働	パート	特に、派遣労働者やパートでもそうですけれども、正規従業員に対して非常に肩身の狭い思いをするのは、賃金が安いということはもちろんありますが、それだけではなくて、そういう身分的な、特に日本の場合はそうです
音楽	パート	シェリルパートのじりとデュエット♪とはいいつつ6割がシェリルパートなので、とても気楽に歌わせていただきましたwww そして某方シェリル&むさくんランカの特盛りを動画に撮って永久保存版にしましたwww
労働	パート	赤津さんと妻、静子さん(77)の行方が分からず、県警笠間署は遺体は赤津さん夫婦とみて、16日午前6時ごろ、福岡市西区小戸の交差点で、出勤途中のパート女性(65)=同区=の自転車にイノシシが体当たりした
労働	パート	時々本当にタイミングを見失うことがあるので(パート全員(10人もいたのに)で楽譜を落として怒られた経験アリ)、特徴的な楽器の出番をメモったりもして
その他	パート	二〇〇二年は午年で七十二歳の年女、まさに気力・体力を振り絞って「三年B組金八先生」パートVIを書き上げると、その翌々日、私は先に出発した仲間の学生諸君を追って日本を発ち、カンボジアの三月活動に参加しました
労働	パート	ほぼ私のパート代だけでぎりぎりの生活をしていたのですから、状況は大してかわらず、とりあえず、彼の名義のローンなどは彼に押し付ける形になりました
労働	パート	共産党新人の山田哲男、坂本洋史両候補は「女性は全就業者の四割を超え、生産と営業の重要な担い手」と指摘し、パート・派遣労働の待遇改善などを訴える
労働	パート	パート、アルバイトのお仕事『医療事務資格試験情報と求人・給料Q&A』は医療事務の求人状況や医療事務の給料 関係機関やサービス事業者との 都城市:医療資格証を別人に送付 担当者、上司に報告せず /宮崎 都城市が
労働	パート	「第17回パート・派遣など非正規ではたらくなかまの全国交流集会」が5月23日〜24日、京都市内で開催され、和歌山から、和歌山自治労連5人、わかやま市民生協労組1人、県地評事務局1人の7人が参加しました
その他	パート	パート2の三択クイズには財団法人日本広報センター(政府系の機関)が協力の形で制作にかかわっていた関係からかその時々にちなんだ割と固めの特集クイズが組まれていた
その他	パート	今年で創立30周年という事もあり、記念の年にふさわしい河北中祭にしようと、各学級の合唱練習はもちろんのこと、開閉祭式、希望太鼓、全校制作、各発表など、それぞれのパートで工夫を凝らしながら一生懸命準備を進めてきました
労働	パート	第一に、政府案は、短時間労働であることを理由とした差別的取り扱いを禁止する対象を正社員と同視すべきパートとしていますが、これに該当するパート労働者がどの程度いるのか、本当に存在するのか、ついに明確な答弁はありませんでした
労働	パート	年収が200万未満の場合は、所得の5パーセントを超えていれば良いので、例えば、パートで年収を103万に抑えている主婦の方などの場合は、5万1500円を超えれば良いことになります
労働	パート	前回に続いてパート従業員からの報告もあり、また前回は発表がなかった部門からの報告も新たに加わるなど、改善活動への参画者が全社的に確実な広がりを見せていることを感じさせました
労働	パート	・企業は人件費抑制の観点から雇用形態の多様化を進めており、また、正社員の採用抑制が常態化しており、正社員を希望していても、パート、派遣等の非典型労働を選択せざるを得ない状況が続いています
その他	パート	ハイドシェックがデラノワに献呈されたピアノ協奏曲「五月のコンチェルト」を 日本初演する際、当初予定されていた指揮者との演奏が思うようにいかず、練習の際、オーケストラパートをピアノで演奏していた田 部井を、ハイドシェックがコンサートの前日に急遽指名
その他	パート	優れた素描に贈られるサージャント賞はパート1では、グリニッチ大学のアナム・ハッサンのプロジェクト「Desert(Ed) Hotel」に、パート2ではバートレット・スクール・オブ・アーキテクチャーのパスカル・ブロンナーの「ニュー・マルコヴィア」にそれぞれ授与されました
労働	パート	週2日だけの簡単パートだったのですが、その週2日ってだけでも外に出て人と接する→翌日以降寝込む→家事はおろか、お風呂もトイレもいけなくなる・・・という酷い有様でして
その他	パート	DOOR賃貸の物件DBでは、クワイエット赤井の賃貸情報以外にも、最寄りのシャン・ド・フルール、マンション シャールミング、サングリーン野崎、アメニティKSパート2、メゾンイヌイ、JAセピア 番館、ニューハイム清風、KSハイツといった多数のマンション・アパート情報を掲載しています
その他	パート	チャンバラの立ち回りなどを含む舞台劇パートと朗読劇パートから構成されたドラマはとってもシリアスで、これは脚本も含め、裏方さんも出演声優さんも準備がんばったですねえ
その他	パート	今週は『陽炎の辻』パート2とスペシャルの一挙放送、そして金曜日・土曜日は『陽炎の辻』パート3の放映開始へとなだれ込み(『プチかげ』の放送も・笑)
その他	パート	正統派を下敷きに、ATGのトマス風のブルータルなVo、泣きまくるGt、大筋の音楽性はARCH ENEMYに近いが、疾走パートのリフはATGに近く、両バンドの美味しい所を一つにまとめた様なバンド
労働	パート	このことを踏まえたうえ「新しい雇用政策の課題」として、失業者やパート・アルバイト・派遣の第二市場から、正規従業員の安定的雇用市場である第一労働市場に戻す為に、基礎保障が必要である
その他	パート	」で反応しましたがなんか変、、、、なんとインストでありボーカル部分にはキーボードをかぶしてある珍曲でしたがそのギターパートが気合の入っている事いる事
その他	パート	もともとは弦楽合奏で演奏される曲ですが、5つのパートをそれぞれ1人ずつで演奏すれば、千秋たちのような弦楽五重奏(2ヴァイオリン、ヴィオラ、チェロ、コントラバス)の形で演奏もできます
音楽	パート	弦楽器が少なめなのはこういう地方まわりの団体では致し方のないものであるが、モーツァルトに於いてはそれほどの貧相さを感じるものではないことは、主部の各パートが単独で出てくる対位法的な部分で明らかになった
その他	パート	2004年のいざッ、NOWのコンサートでは眠らないカラダの2人のパートのとき相葉ちゃんが翔ちゃんが覗き込むようにピッタリくっついて歌っていました
その他	パート	そして、そのレコメンドされた曲の中から、適当なパートを抜き出してドラッグ&ドロップすれば、まったくテンポやピッチの異なる曲であっても、ドンピシャにマッチしてしまうのです
音楽	パート	伴奏形というようなモティーフをある部分演奏している楽器があったとしても、それはいずれかの楽器に従属しているわけではなく、オーケストラ全体とのバランスを取りながら、その一つの作品を構成するパートに最適な表現を与えているだけだ
その他	パート	店内は、いろいろな晴天にてたものを遠方操作回路数回路警報自己保持機能付この日の臨界質量太陽の種類のお店で旅館、他は定番メニューは注意信号機が主宰ことにた、北海道・・・、当日はページ下部からパートには、とれる
その他	パート	アムロさん ユニコーンゲームブック、本国版はどうか分かりませんが、少なくとも創元社から出ている和訳版は パート2「ファイアロードの砦」までしか出ておりません
その他	パート	○国務大臣(山中貞則君) ランパート高等弁務官と私との会見の際において、コザ市は平穏にしてかっ変わりのない安全な町であるということを理解してほしい
その他	パート	常に監督のそばにいて演出プランや セリフの直しを各パートに伝える等の補佐をしたり、前のカットからのつながりに 問題がないかチェック(衣装や小道具は勿論、役者の動き等も)したり、今のテイクは 何回目がOKで各々何秒分フィルムを回したか等をスクリプト用紙に記入し、 編集マンがフィルムをつなぐための基となる記録を取ったりします
その他	パート	自分ではそれなりに各話を統合した気分でいましたが、秋子パートのファンタジーとか枝葉の小ネタなど、書きたいことを節操なく書き散らしてしまった感がないでもありません
その他	パート	新加入した時田が、警官家族の心情を深く理解するポジションで描かれている点や、第4パートでの、警察無線を逆手に取る犯人捕獲作戦など、全体の構成としては悪くないのだが、個人的には、どうしてもひとつ、ひっかかる点がある
その他	パート	また、オーケストラ演奏に限らず、セクション演奏会やパート演奏会、合宿での部内演奏会といった機会に室内楽など小編成の曲目を演奏することもできます
その他	パート	アクションパート・システム・ボリューム・絵は言うこと無いんだけどライターの力不足さが俺をイライラさせる その中でも空ルートは大変がっかりさせていただきました →長文コメント (balba)
音楽	パート	鈴木:女性パートのコーラス部分で、早見が歌のお姉さん的な優しい歌声で歌っていたので「癒されるな」と思っていたら、感情が乗って口から優しい声が出てしまい「あれ
音楽	パート	この「チュッチュル、チュッチュル♪」のパートは作曲のたいせーさんが歌詞ができるまでの仮歌として、歌ってたものだけど、結局はまりがよくってそのまま、生き残ったところ
その他	パート	2部のうちの1曲「すべてをあなたに」では、オリタ氏を真ん中にしてサックスパート全員(10名)が前に並んで演奏する、というとんでもないことをやってしまいました
その他	パート	プログラムにも「ピアノパートが充実している作品」とあったように、非常に華やかな有森さんの演奏に、一瞬「サクソフォンリサイタル」であることを忘れてしまうような圧倒的な迫力を感じました
その他	パート	動画の言い訳パート超みっともなくて面白いw まあカットしなかったのは偉いよね/新風関連動画とかみると、自分たちがどう見られるか理解できないんじゃないか、とも思うけど
その他	パート	また、人数感のあるホーンセクションのパートを打ち込みたいときは、単体の音色を使うよりもアンサンブルのホーンセクションを使った方が効果的なことがある
労働	パート	栃木県足利市今福町のパート従業員阿久津理恵さん(30)と父親の山田孝行さん(53)が、自宅前で拳銃で撃たれ重軽傷を負った事件で、足利署は、阿久津さんと以前同居していた住所不定、元トラック運転手戸ヶ崎初男容疑者(43)を、殺人未遂容疑で全国指名手配とした
労働	パート	連合は今秋、1雇用創出による生活安定2年金など社会保障制度の抜本改革3パート労働者の均等待遇法制化4不払い残業の撲滅5定率減税廃止反対6自衛隊のイラク派遣延長反対──を最重点課題として取り組んでいる
音楽	パート	『終日風あり』は、風の音を模したヴォーカリーズ「Woo」(内声パートは終始六全音階で動く)に、Top TenorとBassがパートソロでからむ曲で、ホモフォニックな箇所がまったくない
労働	パート	子供を幼稚園に送ったあと、パートに出て帰って家事やって いっぱいいっぱいの主婦がいい大人をもう一人養おうと本気で言うんですから 学生時代はリンゴダイエットに失敗した残念な気持ちぽっちゃりなだけだったのに 「ちょっともう一回風呂はいってくる」溜まりに溜まった感情が一気に溢れ出して情けない 泣いてしまった
その他	パート	ソロダンサーは、スパリゾートハワイアンズのメインショーである「ポリネシアンショー」のフィナーレのパートで、ステージ上でタヒチアンダンスを一人で踊る、その日のショーのトップダンサー役となります
その他	パート	ややシンセサウンドの闖入伴奏パートが無理やりっぽさもなくもないかな(笑) バンドサウンド自体はメジャーシングルの中では良いと思いますが、 電子音が何気に気になる音を放って、バンドサウンドにあまり集中出来なかった(ぁでも全体的にロック×美
その他	パート	とか、逆にCD900STで調整したあるパートが、他の再生機器では思ったより抑え気味に聞こえるため、CD900STではもっと引っ込めたはずのパートが他の再生機器では必要以上に表にしゃしゃり出てくる
その他	パート	日常も、へなへなラブラブ路線とか「どーでもいい路線(巧く言えないが、アトミックベティの日常パートのような感じの、余り困った感が伝わってこない路線)」でなく、「日常の小さな冒険」路線ぽいんだよな
音楽	パート	仮に自分の音が音程ばっちりだったとしても、パートであわないと気持ちが悪いところがにんともかんとも、もっとも、自分も結構ずれているときがあると思うんだけどな
労働	パート	満20歳以上の大学、短大、専門学校、予備校、夜間学校等に在学中で、パート・アルバイト等の定期的な収入がある方ならご利用可能(留学生等短期滞在の方はご利用頂けません)
その他	パート	このパート、パールで飾られたディーピカーのアクセサリーは、原版のヴィジャヤンティーマーラーをベースにデザインされ、衣装は薄いローズピンクから鮮やかなオレンジに変更されている
その他	パート	中国語の会話を楽しく学べることを目標に、中国でよく使われる自然な中国語を用いて、発音編と本文編より構成されており、本文編はパート1、パート2、パート3の3部構成になっている
労働	パート	このほか、(1)パート、派遣労働者の加入要件の90万円の年収制限を廃止(2)緊急雇用安定地域や特定不況業種などに適用されている60日間の個別延長給付を廃止(3)再就職手当は失業手当の残存給付期間の3分の1相当に切り換える(4)失業給付の国庫負担率は暫定措置の14%から原則の25%に戻す、などが盛り込まれる
労働	パート	プランナーさんにお聞きした結果、会社名にするか、新郎同僚・新婦先輩とどちらかといわれたのですが、私はパートの身なので、先輩とか同僚とかの線引きをどうやってやればよいのかわかりません
その他	パート	長良川のバイクタイムは1時間1分から10分間の間でむら無く分布しているのに比べ、波崎では35/44名が59分以内にバイクパートをクリアしている、長良川と同じ様なメンバーのレースでバイクパートにこれだけの差が現れたのは、ドラフティング許可による駆け引きの影響であると言うことが出来る
その他	パート	5時半からのパート練習に、先生方全員(溝口先生・マグルーダー先生・須合先生・青木先生)とベース多数、テナー3人、 女声は私一人で開始、心細かったのですが、須合先生が集まりの良いベースから念入りに始めて下さり、アルトの番が来る頃には4人になっていてほっとしました
その他	パート	トランペットも2パートと、式典音楽隊は100人以上いるのに「編成が小さい」だの「短い」だの外野から何やら聞こえてきましたが、冒頭の2本のトランペットによる掛け合いで始まるこの曲、なかなか印象に残るファンファーレではないかと思います
労働	パート	中学時にブラスバンド部に入ったら楽器は自費購入という事が判り辞めようかと思った時に、すぐ楽器を購入してくれたこと[35〜39歳/既婚/パート・アルバイト]
その他	パート	というのも、この合唱団の音色には実に特異なものがあり、バスのパートに代表される深く焦点の定まった音が、どのパートからも聴くことができるのである
労働	パート	香川県坂出市のパート従業員三浦啓子さん(58)と、孫の山下茜(あかね)ちゃん(5)、彩菜(あやな)ちゃん(3)姉妹が行方不明になっている事件は、何者かが隠蔽(いんぺい)工作をしたとみられる形跡が相次いで明らかになっている
その他	パート	コモン君の目覚めと自覚を描いたパートは終了して、溝呂木を中心にした、「光」の対極の存在である「闇」の者たちのお話にテーマは移っていく、というのが今回がとっかかりになるお話(#17:「闇」)
その他	パート	2008年1月28日〜2月8日、JICA中間評価調査団とニカラグア側カウンターパートの評価チームによるプロジェクトの合同中間評価が実施されました
音楽	パート	従いまして、歌謡曲などと同じように鼻歌で第九の自分のパートを♪ヴァス・ディー・モーデ・シュトゥレン・ゲェタイルト♪などとドイツ語で歌うことも可能なのでございます
その他	パート	随所にクリーントーンのギターによるエスニックなパートや淡々としたギターリフによるダークな部分もあり、いわゆるゴシックメタルの王道を外してはいません
その他	パート	前回、臨時パート練習を行い、音取りが全て終了したのだから、求められることが高度になるのは至極当然のことなの だが、果たして団員がそれに着いて来ているのかというと必ずしもそうではない気がする
その他	パート	ブルーム教授を父として育ち、超常現象捜査防衛局の一員として働くヘルボーイの恋と活躍をコミカルに、とても人間くさく描く前半パートと、罠満載の敵の本拠地へ乗り込む後半パート、どちらも良くできていて退屈しない
その他	パート	これらの演奏団体のメンバーは、(弦楽器や声楽では、概して音程が一致しにくいので)パート練習やアンサンブルの練習に多くの時間を掛け、常に「聴き耳」を立てて「一糸乱れぬアンサンブル」の形成に努力を重ね、更にその上に、西洋音楽の演奏のための「構築性」と「装飾性」の整合性を確かめている
労働	パート	また、アウトソーシングで外部の人材派遣会社から派遣された派遣社員はまず交通費は支給されませんが、直接医療機関との契約で働くパートスタッフはほとんどが全額交通費を支給してもらっています
労働	パート	gif 反抗期まで 千葉県君津市 パート 職場の大先輩である50代の女性は、息子が中学1年の秋、子供部屋が汚いことを注意すると、「うるせえんだよ、おふくろは
労働	パート	釜石市の大手も、働いている人から聞くと、パートが多くて、これは男性のパートですが、夜勤のパートは比較的賃金が高いのですけれども、それでも1カ月20万円弱だと
労働	パート	こうしたなか、時給830円、1日8時間のパート職員として働いていたHさんも、たとえば通常は2人1組で行うこととなっている利用者20名を対象とした「オムツ交換」を1人で行わざるを得ないこともたびたびで、数時間たっても仕事が終わらないばかりか、「腰痛予防のためのコルセットも効かないほどの重労働」だったといいます
その他	パート	勿論撃墜すれば時間は短くなりますから曲を戦闘時間に合わせて探したり(パート2等)、相手が私だった場合“曲の為にその時間で勝負を終わらせる”という事も狙えなくもない(パート3)のですけど、あまり短いのも見ていてつまらないし、あの高速戦だと勝負が決まらない事が多いので、基本はタイムアップ前提でこの“5分15秒〜”辺りの曲を選択して使う
その他	パート	ケーニックは、端正でスピーディに音楽を進めるのだが、休憩後の演奏は各パートの楽器もきれいに鳴りはじめ、最後のフーガの盛り上がりなんかも見事だった
音楽	パート	何しろ録音するといっても36公演は新曲のコーラスパートを録るだけなのでマイクの出し入れやセティングと撤収の段取りを確認するだけで大わらわなんです
音楽	パート	アルトというのはたいてい中間音域の、メロディにはほどとおい、うねうねとした旋律を歌うのだけれど、〈カノン〉ではアルトのパートにも、ちゃんと主旋律がやってくる(もともと「カノン」というのは音楽の形式で、主旋律がパートを移動しながら繰り返されるのだ)
その他	パート	ステージ最初に会話パートがあり、その後、アーシャを操作して剣と魔法で敵を倒しながら進んでいくアクションパートになり、、ステージ最後に待つボスを倒すとステージクリア、というシンプルなルールです
その他	パート	具体的に言うならば 全パートの演奏の作品、演奏せずに録音のみ行った作品、ギターを使わない音楽作品、 ミックスやマスタリング、ジャケットデザイン、Webデザイン、その他紙媒体のデザイン、 イベントの企画、運営などがある
その他	パート	調的配置については 単純にあるパートがどの調で書かれているかだけでなく、転調の問題、即ち各パートの繋がり具合も考えなくてはいけないことを思えば、 層構成についても、それを静的なものとして、単純に第1楽章第3連と第6楽章コーダの歌詞の共通性や、詩の上での叙述のレベルから 考えるだけでは不十分で、どこから何を眺めているか、といった把握の仕方が必要かも知れない
その他	パート	上記の 「バトルパートでちょっと楽ができるというポイント」 というのは、戦闘中に溜めたポイントを放出して戦闘メンバーの何人かで相手をフクロにするプリキュアフルボッコシステム
労働	パート	パート社員の基本労働時間は9時から16時ですが、個別に面談をした上で、家庭事情に応じて終業時間を早めたり、午前中のみの勤務を認めるなど、子育て中の女性パート社員を支援する環境づくりに努めています
その他	パート	デメリットも当然ありまして、一度受信チャンネルをずらしてしまうと、例えばパート2(オルガン)だけ音量を調節したいと思ってもすぐには変えられなかったりします
労働	パート	また再就職の困難さや派遣やパート形態での雇用の増加など、雇用の有り方についても“国家としてこの先どういう社会を目指すのか”ということにかかわってくる大きな課題であると考えています
労働	パート	〇就業している妻は、無就業の妻に比べて保育所を始めとする保育施設の利用割合が高く、自営やパートの妻よりも正社員雇用の妻において、保育施設、産前産後休暇、育児休業制度を利用する割合が高い
労働	パート	本業として生活の糧を得るためであるのか、あるいは、定年後の余った時間を有効に活用したいのか、主婦のパート程度の収入があればいいのか、サラリーマンの副業として考えるのか、ケースによって、最適な手法を津守さんが丁寧に説明しています
その他	パート	さらに、アジルテナガザルと同じテナガザル亜属に分類されるクロステナガザルでは、デュエットのレパートリー中の一パートを切り出した形で、オスないしメスが単独で発声する行動が見られるのである(図5)
その他	パート	それぞれのコスチュームにはハワイアンテイストの工夫がされ、ご丁寧に譜面隠しの紙までパートごとに色を違えてレインボーカラーにするという凝りようだ
その他	パート	「Aは障害児ですから、そのような時に責任はないんです」 A君母が謝りに来るかなと待っていたら、 そういや、友達の弟が幼稚園の頃、 音楽の時間に合奏があり、パートを選ぶ事になった
その他	パート	【1〜3日以内の発送(土日祝除く)】在庫:少 ※現在庫のみ 千葉一夫 解説:`最新アーティスト全曲集`シリーズ・パートII(全11タイトル)の千葉一夫編
労働	パート	大企業が正社員の採用を抑える中、和歌山県内でも雇用者全体の中で正社員の割合は九七年の約七〇%が二〇〇二年には六五%に低下し、同じ時期に正社員は三万一千人減少し、パート・アルバイト社員は八千六百人増加しています
その他	パート	しかし実際の製品版では二部構成に変えられ、前半のパートは対KPA戦というのは変らないが、後半はDelta Forceがエイリアンと戦うという設定に変えられていて、敵のSphere内に乗り込むというパートはカットされている(全三部作に変更されたからだろう)
その他	パート	これをオケで表現した場合、全パートが全力でサビのコード奏でて、そんでパイプオルガンのロングトーンに頼れば、一旦落ち着くので、Aメロ再現に繋がるかなと思いました
その他	パート	それに比べると、竹内結子・田中麗奈パートは、色調は懐かしのテクニカラー、木下恵介や若き市川崑を彷彿させるような演出に加え、竹内結子田中麗奈の演技にも当時の映画の雰囲気が漂う
その他	パート	今回スターサファイアのセッションギバーのために、その理解を深めるためにも、このパート3をしてくれたのだと最後のトークでサガプリヤガ言ったとき、とっても驚きました
その他	パート	その後、2005年より国際競走に指定され、外国馬は4頭まで出走が可能となったが、2007年に日本がパートI 国に昇格したことにより、出走枠が8頭に拡大された
労働	パート	調べでは、2人は貸金業の許可を得ずに昨年3月上旬から9月中旬にかけ、山科区の女性パート従業員(35)ら5人に法定利息(1日0・08%)を超える最大約3・44%の利息で計14万4000円を貸し付けた疑い
その他	パート	というのは、多くのシンコペーションと多様なリズムが激しい情熱の展開される声の線を結果としてもたらし、下の楽器のパートの完全に 異なるリズムによって高められているから
音楽	パート	(笑)はじめはロックっぽく始まり、途中しっとりしたバラードパートがあり、そこから“ラララ~”の合唱があり、最後はロックで明るくおわるという感じが気に入っています
労働	パート	このほか、イトーヨーカ堂(東京)や生活協同組合ひろしま(広島)などでも、パート社員らの育休取得を認めているが、こうした職場はこれまで少数派だった
音楽	パート	NO3&4さんがおっしゃる「しばく」のはこの意味ですので、たとえ女の子でも「カラオケじゃないんだから自分のパートくらいしっかり覚えてこい」とか、「最初は仮歌とって、本番はソロで録ります」とか、「この曲は分けて録らないと表現力つかないから」くらいは言っておかないと、エンジニア側がなめられます(汗)
労働	パート	香川県でパート従業員三浦啓子さん(58)と、孫の山下茜ちゃん(5)、彩菜ちゃん(3)姉妹が行方不明になっているが、この事件におけるメディアの偏った報道がネット上で話題になっている
労働	パート	ニート状態だったので、夜は2~3時頃寝て(カタコト音が気になってました)昼前に起きるという生活だったので、毎朝早いパートだったのでストレスたまりました
労働	パート	一方、連合熊本は、熊本市の白川公園で37団体、約2700人が参加して集会を開き、パートや派遣労働者の格差是正などを求める宣言を採択する予定です
その他	パート	この「風姿花伝」には問答集、つまりQ&Aコーナーみたいなパートがあって、その問いのひとつに、「能に、序破急をば、何とか定むべきや」というのがある
その他	パート	パート2の「海外の大道芸」では、ジャグリング、バランス、アンサイクル(一輪車)、スティルト(高足)、クラウン、アクロバット、パントマイム、ストリートミュージック、ワンマンバンド、コミックマイム、ハプニング、マジック、ダンス、バルーン、ローラースケート、パペット、中国雑技が紹介されている
労働	パート	今回の改正により、事業主に義務付けられている措置に関する苦情をパート労働者から受けたときは、事業主は自主的な解決を図るように努めなければなりません
音楽	パート	その後にコーラスパートへと移行して、一旦終了するが、ギターハウが続いた後、こもる感じでアルペジオを編み込んだ不気味な雰囲気を持ったサウンドが淡々と流れ、フェイドアウトしていく
労働	パート	ライフコース6は結婚退職後に出産を経験した後、再就職したライフコースですが、年代は50代が45%、職業はパート・アルバイトが60%近くを占めています
その他	パート	「新しいmarbleを見せる」とのことでの前半パートも確 かによかったですし(前述のように新しいmarbleの見方もできたし)、後半の「いつものmarble」も十分なパフォーマンスでした
その他	パート	個々の機関名は紙数の関係で省略するが、カウンターパートの国・地域は、インドネシア、カナダ、韓国、シンガポール、タイ、台湾、チリ、中国、パプア・ニューギニア、フィリピン、ベトナム、米国、香港、メキシコに及んでいる
その他	パート	このコロムビア・カバー・バージョンはメグ、ジョオ、ベス、エイミーのパートをそれぞれ大杉久美子、山野さと子、橋本潮、堀江美都子という超豪華ラインナップで見事に歌っており、この1曲を聴く為だけでも、このCDを買う価値はあるだろう
労働	パート	あの事件のあと、派遣やパートの待遇の意味を、企業の人たちはあらためて衝撃をもって感じたかもしれませんが、非正規切り下げの趨勢は変わることがないと思います
その他	パート	おかざき世界子ども美術博物館では、平成19年夏休み企画展として、平成12年、平成15年に開催され、大変好評であった万華鏡展を、さらに進化させた「ミラクルワールド万華鏡・パート3」を開催いたします
労働	パート	栃木県今市市木和田島、パート従業員吉田洋子(ようこ)さん(38)の次女で、同市立大沢小学校1年生の吉田有希(ゆき)さん(7)が1日午後から行方が分からなくなり、同日夕、洋子さんから県警に届け出があった
労働	パート	国民健康保険には、退職にともなって、それまでの健康保険から加入した人、その他リストラや倒産などによる失業した人、また、パートやアルバイトなどの非常勤社員の加入が増えてきています
労働	パート	パート収入が、103万円以下なら本人の所得税が非課税になり、かつ夫の所得税において、配偶者控除(38万円)が受けることができ、141万円未満(夫課税所得1000万円以下)なら配偶者特別控除(最高38万円)が受けられます
労働	パート	「パート労働者が所定労働日数(比例付与制度という週の所定労働日数が四日以下又は年216日以下、週の所定労働時間が30時間の人が該当)が年の途中で変わった場合有給休暇は、いつから変更するか
その他	パート	特に、数ページ前に戻るような場合や 旋律が連続しているところでめくらなければならない場合は要注意で、めくる タイミングをパート内で分けるとか、楽譜を切り貼りしてめくりやすいように 編集することも検討しなければならないかもしれません
音楽	パート	やたら自己陶酔の激しいソプラノパートの主人公(夏帆)が、(歌う顔が)「産卵中の鮭みたいな顔」とあこがれの生徒会長(石黒英雄)にいわれたことをきっかけに、色々と大事なものに目覚めていくというストーリー
その他	パート	あのウィーン・フィルハーモニー管弦楽団の、第2バイオリンのパートリーダーを務めるゲラルド・シューベルトは、優れたテクニックと感性を持った、世界第一線のオーケストラ・プレーヤーだ
その他	パート	※全体図の画像ですが、数パートにわけて写真を撮ったものをつなぎ合わせていますので、ラティス(パターン同士の間の濃紺の部分)などに幅・長さの違いが出ています
音楽	パート	じゃあ、 今度はメゾソプラノのパートを歌って~♪」とか言われ、ソプラノパートから、ソプラノより低いメゾソプラノのパートにチェンジになったり、 予想外の反応に複雑な感じですが、「このハスキーな声、聞き苦しくないかなあ」と心配していたので、ちょっと嬉しいです
労働	パート	この忙しいさなかに人の中傷かお客様の為の売り場作りに心血そそごうよ、桜は確かに出勤時間なんかはダメ社員でパート&アルバイトの手本にはならないけど売り場作り売上の作り方なんかの考え方だけは手本になりますよ
労働	パート	[速+] 【偽装】「自分の判断で改ざんを行なったようにしてくれ」「自分を守る前に、会社を守れ」船場吉兆パート、会社から頼まれたが拒絶★4 [09:41]
その他	パート	ハイブリッド・オーケストラと称して、弦楽器・管楽器・打楽器とも各パート1本、足りない部分はエレクトーンで補うというスタイルですので、どうしても弦楽器の厚みが足りない
労働	パート	以前会社のパートのおばちゃんからもらったオレンジページとか、レタスクラブのレシピのページだけ切り取って、クリアファイルに入れる、とゆー作業をぼちぼち
その他	パート	楽器によって、リズムが違うのですが、歌を歌いながら自分のパートのリズムを真剣に叩いている子どもたちの姿は、年少の頃よりもとても大きく成長しています
音楽	パート	トリプルギターをフルに活かしたブッチギリの演奏に、大合唱パートで拍車を掛ける、本当に燃えちゃうんじゃないかってぐらいのテンションがたまりません
その他	パート	最後のパートで「ジャーナリズムの低下」についても話していますが、「命がけで情報を取りに行くジャーナリズムの重要性」について、改めて語られています
音楽	パート	お客様に「めでたや、おめでたや」を歌っていただき、 合唱団は4パートに分かれ、小杉さんの指揮にあわせ 強弱の誇張表現も分かりやすく無事教会へ行進できました
労働	パート	パート労働者の処遇を正社員の処遇に近づけるため、パート労働者の処遇引上げではなく、正社員の処遇引下げで対処しようとする事業主が出てもおかしくはないと考えます
その他	パート	正直このバンドについては、全体的な雰囲気は良く、グッと来るパートもあるものの、楽曲全体で見ると「Bメロかと思っていたらサビだった」というような「盛り上がり切らないもどかしさ」みたいなものがあって、それは今回も解消されていないのだが、もはやメロディック・メタル界を代表する、と言っても過言ではないであろうミケーレ・ルッピ(Vo)の極上シルキー・ヴォイスによって、「納得」させられてしまう
労働	パート	とりあえず辞める人が海外に行ってしまうまで1ヶ月ちょっとしかないので、辞められるよりと思ってパートになることを薦めたら早速先生に話して承諾をもらっていた
その他	パート	●クラスはいくつかのパートに別れて構成されており、各パート間にはココロとカラダを落ち着かせる目的でインターバルが取られているので初心者の方もクラ ス進行に付いて行き易い構成に なっています
労働	パート	特集は、『パート・アルバイトの活かし方・育て方〜相思相愛の10ステップマネジメント〜』 求人広告を企画・発行する株式会社アイデム(新宿区新宿 代表取締役:椛
労働	パート	幕張メッセ奈良県高校生高校生可広島製菓募集 高岡市アバイト近畿歳以上水商売飲食のパート面接服装 帯広占いマイマートアリさんマークの引越し武庫之荘、 飲料販売海日払い月姫路動物病院千葉動物病院
その他	パート	私の所有音源で鳴らすとなぜかストリングスにスィープが掛かってて(「うにょーん」っていう感じの音です)、そのパートだけテクノっぽく聴こてしまい、テクノとの融合か
労働	パート	となりのパートのおばさんが「眺めているだけでもため息がでてしまうようなステキな人こないかね」と言ったので、私も「そうですねぇ」と言いながら、OOさんみたいな人だったらいいのになあとこっそり思ってたの
労働	パート	ただし、パート・アルバイトの収入が103万円を1円でも超えてしまうと夫(父など)の扶養に入ることができなくなり、配偶者控除や扶養控除は受けられなくなってしまいます
その他	パート	プロのオーケストラでも同じかもしれないが、中学の吹奏楽部では、一つの楽器パートのなかにもいくつかの旋律があって、誰がどの旋律を吹くかが重大な問題となっていた
労働	パート	国基準と同数の保育士を配置をしているのは長岡東部とあけぼの保育所の、あとは1名ぐらい多く配置をしていますが、それでは子供たちを見れませんので、公立9保育所で合計55名の臨時やパートで対応していると思います
その他	パート	どんだけ派手さで目くらましさせたいのかとwww 他にも、帽子やTシャツ、ビーチバッグも豊富にあったので 明日からお茶の水で開催されるパート2、行きたい方は招待状を持っているお友達と
その他	パート	色々と数少ないABの「情報」を聞いていたわけですが・・・ Bパートの超展開は、さすがにないだろ(汗 今回の話、単純に心を通わせてきた音無と天使・・・カナデとのいちゃつき(笑)話で十分だったのでは
その他	パート	「テレビというのは日常生活のふとした部分が見えてしまうので、せめて日常生活を老師に近づけようと、パート1の時に3~4か月のことと思って、一汁一菜の生活を始めたら、もう1年半も続いてしまいました
その他	パート	パート1には東京大学・高橋哲哉さん、社会臨床学会・小沢牧子さん、国際基督教大学の藤田英典さんのほか、県内の小・中・高校の教師が、教育現場の実情を話す
音楽	パート	「クラスでまとまって練習するなかで、練習計画担当、パートリーダーや指揮者、ピアニストなど各自の役割が生まれますから、それが人間関係を学ぶ場にもなっています」と音楽の碓氷秀和先生
その他	パート	7 ミュージックエイトさんの楽譜ににお世話になっている⇒楽譜の下見たらいつも「ミュージックエイトって書いてあるしw8 大会でいい結果が残せなかった翌日のあの雰囲気が嫌い⇒いや、これがなんとすごい行き辛くて、仮病で・・・←9 先輩との上下関係がめちゃくちゃ激しい⇒全体的にはそうでもないけど、あるパートだけめっちゃやばす
音楽	パート	自分が歌っている時、歌わない時の他の3パートの音の動きを良く聞き、ハーモニーが美しく出来ているか、全体のバランスはどうか等に気をつけることが合唱の基本です
その他	パート	また、シハージャVSドレの構図にカソーミという部族民のレジスタンスが絡み、かつ、それぞれの中央にいる三人物、イズワル、マリア、マレアの三人がやりとりする心の綱引き、そしてその行き違いから飛び火し火勢を強めていく戦乱を描いたパートの物語がよかっただけに、もう一つのパートであるルドン少年の物語に今一つ没入し切れなかったのは残念
音楽	パート	ただし、三声インヴェンションの場合は、歌っているパートも結局最終的には自分で弾くんですが、2台ピアノブルグミュラーの場合は、自分では弾かないパートを歌う訳です
労働	パート	正社員、パート、アルバイト、派遣などの雇用形態にかかわらず、雇い入れの日から6ヶ月在籍し、その期間の8割以上出勤していれば、一週あたりの所定労働日数に応じて年次有給休暇(年休)を請求する権利が発生します(労働基準法)
労働	パート	我々篠原ゼミは「機会の不平等」に関心を持ち、“パートの壁が既婚女性の就労選択に及ぼす影響”という論文の中でパートの壁の実体を解明し、機会の不平等を是正する政策を提言しました
その他	パート	アクションパートはまあそれなりいった感じでしたが、峰岸徹がバケモンに変身するわ、影山ヒロノヴが声の出演で出てるわ、京本政樹がレギュラーどころかEDテーマのヴォーカル・作詞・作曲までやっとるわ、むしろそっちの方が気になる内容でした^^;
その他	パート	けれども四畳半一間のわびしい下宿暮らし、TVもステレオもなく新聞もない、社会情勢からとり残された生活では昨今のTVアニメについて知る由もなく、ひらたく言えば、ヤマトのパート3なんて全然知らん
労働	パート	九戸村伊保内のパート安藤サチ子さん(68)は「いままでの言動から首相にふさわしい人とは思えない」、八戸市白銀町のパート清水望美さん(36)は「誰が首相になっても同じ」と冷ややかだった
その他	パート	実はブリューの弾くパートが意外に少ないので、フリップのリフになると、お休みどころに引っ込み、リフ後の穏やかな調子に一瞬成る所になると出てきて前に出て弾き、リフに戻るとまた引っ込む、というのを繰り返します
その他	パート	第6巻では、シークレットカウントという切り口でまとめようとしていますが、カードを広げるときに密かにカウントする'サイレントカウント'は大きなパートを占めることになりそうですが、カードの数を合計する'クロッキング'関連の作品は、作品としては奇跡的なものもありますが、それはあくまでもクロッキングがすごいスピードで計算できるという条件がつきます
その他	パート	イングランドもルーニー、デフォー、ランパート、ジェラード、ジョー・コール、アシュリー・コール、テリーや、ドイツもクローゼ、ポドルスキ、シュバインシュタイガー、、ミュラー、ラーム、メルデザッカーなど、退けをとらないタレント揃い
労働	パート	また、福祉施設で運営の効率化や経費の縮減が強調され、追求されていくと、職員の非常勤化、パート化が進み、福祉サービスの継続性、安定性、専門性など、質の低下も心配がされます
労働	パート	平日は老人福祉施設の受付でパートとして働き、帰宅してからは高齢のお義父さんのケアにも当たられているなど、わずかにお話を伺っただけでも想像を絶する忙しさです
その他	パート	全員集合して、お出で頂いたお礼と伏見地域の事を少し説明して、伏中メンバーを紹介と共にそのパートの人を引き会わせていってしばしコミュニケーション
労働	パート	25日午後1時20分ごろ、兵庫県姫路市林田町、「オガワ食品協業組合」の工場で、パート従業員竹内久代さん(57)=同県たつの市=が2階のエレベーターの扉から転落しているのをほかの従業員が発見し119番した
労働	パート	なお、フルタイムで働いているにもかかわらず、いわゆる非正規型の労働者であるためにパート、契約社員等の名前で呼ばれている方についても、「働きに見合った公正な処遇」という観点から、以下の「パート社員」と同様な取扱いが必要です
音楽	パート	ってぐらいピッタリはまってて・・・別にスマップをどうこう思ったことあんまりないんですが、なんか楽しそうに歌ってるの見て、いつもなら突っ込みまくりの中居クンパートをさらりと聴き流せました(笑) ちょっと幸せな気
労働	パート	配偶者がパートタイムなどで給料をもらっている場合には、年間の収入金額が103 万円以下であれば、給与所得の金額が38万円以下となり、パートの他に所得がなけれ ば配偶者控除及び配偶者特別控除が受けられます
労働	パート	それでも、雅代はパートに精を出しながら 週に二回か三回は電話をくれて、その日の出来事を教えてくれるし、奈美恵は受験勉強まっただ中でも、ケータイに度々メールをくれて、わしの体を気遣ってく れるようになった
その他	パート	ほんとうに早いですね部内は今急ピッチでいろんな事が進められておりますパンフレットの制作とかイロイロです練習も準備も頑張らなければ今日は午前は個人・パートで、午後から合奏しました合奏やってやっぱり思うのは・・・まだ全然身に付いてない練習してて「難しいな」って思うとこ繰り返して練習してもいざ合奏になるとなんかくずれちゃうんだよね・・・管楽器 [続きを読む]
その他	パート	テーマ:就職・てんしょく・しごと・きゅうしょく・アルバイト・パートのNo1さいしんじょうほうジャンル:しゅうしょく・おしごと「しゅうかん真木よう子」2008ねん4がつ6月放送楽天レンタルで「しゅうかんまきようこ」を借りよう「週刊まきよう子≠黷驍(I\まにかいしゃのきんを横領してしまったようこ
労働	パート	なんだか、社長と創業の仲間達、あるいは奥さんとパート社員達が悪戦苦闘しながらも嬉々として仕事をしている、という姿がこの数字を通して目に浮かんできますね
その他	パート	全体的に速い中でスローパートが特に速いのではないかと思いますが、勿論これだけの有名曲の録音について十分なサンプル数を有しませんので、想像で書いております
労働	パート	埼玉県熊谷市上根の市道交差点で23日夜、軽乗用車と乗用車が出合い頭に衝突、炎上し、4人が死傷した事故で、死亡したのは軽乗用車の同市葛和田、派遣社員阿佐見信江さん(56)と、次女のパート従業員恭子さん(27)だったことが24日、熊谷署の調べで分かった
労働	パート	請負労働者やパート労働者など違法雇用をとぼけて、経営者はコストダウンに成功して好決算と胸を張っているが、膨大なワーキングプアーを生み出しているのは誰だろう
その他	パート	少ないパートでそれぞれが単旋律を奏でていようとも、ひとつのモチーフを追っかけフレーズだの、マイナーとメジャー感を行き来するような動きを備えるだけでもフーガを試したことのある方ならイメージが掴みやすいかと思われます
労働	パート	昨年もご相談させていただいた、パート勤務や育児短時間勤務、他の部署での勤務など、ご配慮をご検討いただけないでしょか」等と交渉されて(難航が予想されますが)、受け入れてもらえない場合は、退職日等の交渉、ということになると思います
その他	パート	番組の開始に、MC担当の矢部(パート10のみ岡村)がこのコーナーのタイトル「グルメチキンレース・ゴチになります○(丸の中はそのシリーズの数字)
その他	パート	(といってもパートあわせまではやらなかったですけどね)【追加】本家本元のPVは、sm1286805 ← 当然なのですが、一部リスペクトしております
その他	パート	どういうわけでこのようなレコーディングが残されていたのかは不明ですが、ビルスマとウィスペルウェイという異色の師弟が、ヴィオラ・ダ・ガンバで演奏されることの多いパートを、それぞれピッコロ・チェロとチェロで弾いているのが注目どころです
その他	パート	各パート30分×6セットでパート終了ごとに5分間の休憩が有り、エイドコーナーにはフルーツ、パン、おむすび、飲み物が有り、好きなだけ食べれるのですが5分間なので凄い混雑で(女性トイレはもっと凄いらしい)間に潜り込んで食べるのですが、4回目となると慣れたもんで欲しい物は素早く取ってエイドコーナーから離れて食べるのです
その他	パート	ジェリー・マリガンのこの曲は、ONJQのレパートリーでは異色のバラードだが、《Flutter》の最後に収められたヴァージョンでは、むしろ彼女のパートが音楽の中心になっていた
労働	パート	最近、喫茶店、食堂、レストランでもパートやアルバイトの雇用が目立ち、オーダーされて出来上がったものをお客様の前に置くだけの者がひじょうに目に付く
その他	パート	視点移動有りで時間軸にそってストーリーを進めることで、真実が分かってしまい、すごいイライラじたばたしちゃったので、 Aパート、Bパートにわけて各視点の話をばーっと読んだ方が面白かったかも
その他	パート	ズッケロのパートとテノールのパートを1人で歌ったサンレモ音楽祭のステージはジョークから始まったこと、運命のいたずらで、あの頃ズッケロのツアーに参加していた
労働	パート	佐賀市の求人情報です:佐賀市職安求人・ハローワーク佐賀 [佐賀市職安の求人【ハローワーク佐賀求人】正社員・パート・アルバイト] 建築工事の現場管理各種届け出書類の作成の業務に従事する
その他	パート	この話の続きを続編としてまとめないと、自分自身の人間関係の苦しみが解消できない」という不完全燃焼感のようなものがあったので、そうした思いがこの『人間関係のコツ・パート2』を生み出すエネルギーになった、という感じがしています
音楽	パート	このアニャンゴ一人によるアカペラ多重録音は、4声からなるコーラスパートでアニャンゴがそれぞれのパートを6回づつ歌い、合計24ボイスの多重録音となっている
その他	パート	宿星は「白虎」であり、その真の力に覚醒(変生(へんじょう)と呼ばれる)する時、彼の能力は驚くべき変化を遂げる(但しシミュレーションパートのマップ上グラフィックでは点滅して光るのみ)
その他	パート	今石氏は、第10話Bパート(芝姫がゆきのの逆鱗に触れる事件)と、第11話(Bパートでの、ふらふら遊ぶゆきのんと椿たちの描写が印象的)も担当していた
労働	パート	ほっともっと(Hotto Motto) 日進梅森台店の他にも、愛知県日進市、平針近辺のアルバイト・バイト・パート求人情報を多数掲載:@niftyアルバイト
労働	パート	改正パート労働法は、4月1日からスタートすることになるが、正規社員とパート労働者の均衡の取れた待遇を推進すための法整備がされていることから、改正パートタイム労働法にそって、労使で協議を行い雇用管理の改善をはかって行くことを確認した
その他	パート	ジャリジャリのロウ・サウンドの土石流豪速ビートはべスチャル・デス/グラインド・ブラック系にも通じますが、ウォーブラック系の暗黒度は薄く、スラッシュ・リフやモーターヘッド的疾走感のパートも組み込んだ曲構成で、イタリアのSCHIZOの中南米版みたいな感じにもとれます
労働	パート	私も働いているので気が紛れている部分もあるけど、パートとかの方が、主人と時間が合わせやすくなるのかなって考えたり、主人とは家庭に対する考えにズレを感じている部分もあって、別れるという選択も考えてしまったり
その他	パート	ま、ヴィオラ・パートは途中楽譜が不明になるというアクシデントはありましたが、こういう時、動揺せず何事もなかったかのようにふるまうのも大切な練習です(笑)
その他	パート	火・水・金の週三日で、そんなに厳しい訳ではありませんが、何分弦楽器や管楽器の音を出して、演奏するのは難しく、日々パート練の毎日なので辛抱が続かないで辞めてしまう子が多く、二年生になる頃には20人弱になっているのが通例です
その他	パート	篇」主催試合告知用CMソング・日本航空「夏休み家族のスマイルキャンペーン」CMソング・朝日放送 「おはようコールABC」後半パートオープニングテーマ・台湾マツダ 「Mazda 3」CMソング(台湾地区限定)
その他	パート	簡単な説明になりますが、レコ−ディング時にはボーカルや楽器を各別々に録音しますが、その各パートの音量調節や音色編集をしてまとめることをミキシング(ミックス)作業といい、そのミキシングした曲データー全体の音量バランスや音色や曲の音圧などを整える作業をマスタリングといいます
音楽	パート	その「いき」は同時に複数の楽器や唄の演奏の場合、肌で感じるというか、阿吽の呼吸というか、自然に合わせるものなのですが、各パートを別々に録音することによってその「いき」を感じ取ることができません
音楽	パート	その中でも歌手にその焦点を絞るとすれば、オペラの歌唱パートにはしばしば超絶技巧が求められ、その高い難易度や芸術性を歌手が如何様に表現するのか、その過程を鑑賞することが出来る
労働	パート	パートなんですが、売り場担当制で私は二つのコーナーを受け持ち、発注・品だし・本社から指示がくれば売り場の改装や棚変え・普段のメンテナンスから全て自分が行います
その他	パート	プロの中にはJ・ブラバム、D・フルムという往年のGPスターやL・ゲーガン、K・パートレット、V・シュパンといった日本人に馴染みの名前がズラリと並
その他	パート	ピアノソロの他に、ピアノ伴奏や室内楽のピアノパートでの共演では、ヴァイオリニスト ガブリエラ・デメテロヴァー、プラジャーク弦楽四重奏団などとの豊富な共演経験をいかして、共演者が存分にベストを尽くしていただけるような演奏を目指しています
その他	パート	ダークなリフで進む8は奇怪な展開を見せつつ、再びアグレッシヴなリフが繰り出される9はブラストビートなブルータルなパートも聴かせるストレートな曲
その他	パート	福耳ライブ パート2:デイエノボル(日本昔話)、しゅく造め(きゅうりの妖精)、 牧野ステテコ(ぱんぱんちら〜)、花香芳秋(ものまね)、じゅんご(ファニーミュージック)
労働	パート	昨日は閉店後に食材の買い物をしてきたのですが、パートさんのテルミさんに早めにお肉を買ってきたほうがいいと言われ、お昼過ぎのスパーに行ってまいりました
その他	パート	そのパート譜を作成するのがカウンターで飲んでいた4人が立ち上がり ピアノ、ドラム、ベース、ギターを準備し始めるではないですか マスターはマスターで、カウンターの下からサックスを取り出し 準備が整うと 結局、その場で楽譜が読めないのは私だけだったようです 新幹線の都合で
労働	パート	(現在両親とも健康でパートで仕事をしています)そのため、色々な理由をつけ結婚を妨害しようとしますが、よく言うのは「最近の女性は30歳過ぎても結婚はしないもの
労働	パート	旭川みせではたらく社員やパート従業員やく190にんは、そんぞくするさっぽろほんてんか函館みせでのさいこようのかのうせいがあり、21にちにも採用通知がしゃいんに届くとみられる
その他	パート	(パート1)1工藤優作と工藤有希子が実の息子工藤新一がアポトキシンで小さくなっても、積極的に息子の力になったりそばにいない点2工藤優作と黒羽盗一の間柄は親友ってだけか
労働	パート	1986年男女雇用機会均等法施行から24年が経過しましたが、女性の半数以上はパートや派遣などの非正規雇用で、「103万円の壁」(配偶者控除など所得税法上の控除対象)「130万円の壁」(健康保険・年金など社会保険の被扶養者)など、税制や社会保障政策によって、「女性の働き方」が左右されてきました
労働	パート	もし、父親が床に伏せって、母がパートで頑張るものの、これでは手術どころか生活が、、という位の状況であれば(06年10月19日 21時25分26秒)
その他	パート	ブレーメンの方は徐々に盛り上がり、厳かな感じの中ほどを経て明るくゴスペル調に変わっていくパート1、力強いメロディアスな出だしから静かな場面を経てゆっくりとドラマチックに展開し、軽快なアンコールがあるパート2
その他	パート	撮影にあたり登場人物の感情を大切にするため芝居部分は原則として順撮りで撮影したほか、東京パートや山麓パートの撮影は愛知県の明治村や富山県の上市町・富山市・立山町で地域住民の協力のもとロケ撮影を行った
労働	パート	私、パートの時間早朝からなんで、朝9時に一度休憩してるんですが、その時に朝ごはんを休憩室で食べてるんですが、勝手に新聞を読みながら、まあ見ていいんですけど
労働	パート	結婚後しばらく現場を離れていても一度身に付けた知識や経験を生かして、パートとしてまた職場復帰するということもできますし、夫の転勤で別の地域へ引っ越した場合なども、病院や医療施設は全国どこにでもありますから仕事を見つけやすいのが医療事務の仕事の良さでもあります
労働	パート	しかし、日本政府は報告の中で、パートタイム労働法の改正には触れても、自治体非正規労働者のパート労働法適用除外の点を含め、現状について触れない恐れがあります
音楽	パート	何このウニメwwww冒頭の歌パートは笑いが止まらなかったwwwどうせならAパート全部歌にしたらよかったのにwwwキャラ多いなww 全然把握できんかったwwwLAPをウニメにした感じwwwこれはひ
音楽	パート	ちなみに、ここ一ヶ月程一人で悩んでおりまして、いろいろなジャンルの音楽を聴きまくったりしてるのですが、どうしてもありきたりなコーラスパートしか浮かんできません・・・
労働	パート	実際の現場では、「機械的な事はよくわからないですが毎日生産や研究に使用しています」というパートの方、学生の方も多くいらっしゃいますので 安心してお使いいたたけるかと思います
その他	パート	そしていつものように全体発表をし、担当部署ごとに分かれてミーティングをしたのですが俺の参加した「操舵」パートは来ている人のほぼ全てが初々しい1、2年生なのが非常に切なかったですね
労働	パート	ま、私自身の考え方を変えれば、楽な仕事だなぁって思えるのかもしれないけど、給料などには関係ないけどパートにも個人売り上げ目標が設定されてる訳で
その他	パート	ここではパートの「うまみ」ともされていて、最近その存在の可否が現実の論議に上ってきている所得調整がどのくらい実施されているのか、みておこうと思います
労働	パート	このニュースが流れた当初、責任は鉄筋会社のミスとの見解があったが、今 料理界の老舗 船場吉兆の賞味期限偽装でシールの張り変えは「パート従業員の責任である」との吉兆の役員の話ににて、下請け鉄筋会社の責任では後味が悪い
音楽	パート	たとえば男声合唱団というのは「4パートを指揮者が振り分ける」ものだし、たとえばオーケストラというのは「全パートを指揮者が振り分ける」ものだし、だとすれば「ウクレレ・アフタヌーン」というのは「無限の演奏者をなんとか統合しようという無茶な試み」にほかならない
その他	パート	17死亡遊戯パート2・・・特定の姫を予約して入店した場合、その姫以外の全員からフェラ攻撃を受け、発射せずに堪えられた時のみ予約姫と遊ぶ事ができるという、究極のガマンプレイ
その他	パート	87年の国鉄分割・民営化で解雇され、JRに不採用となった国鉄労働者や家族の姿を描いたドキュメンタリー映画「人らしく生きよう」のパート2が完成した
その他	パート	ただ個人的には、有名スターがノー・ギャラに近い形で出ていると思われる「利益至上主義」パートは、何だか米国のエクスキューズのようで若干鼻に付きます
労働	パート	特集価格付録読者プレゼントいつも購入する雑誌が決まっているアンケート職業を教えてください会社員経営・管理職パート、アルバイト専業主婦学生(高校生以上)学生
労働	パート	3番の改善策、再発防止策については、1番として食品品質表示制度の社内啓発、周知について、パート従業員も含めた社内勉強会を7月に2回にわけ開催した
その他	パート	ここ数年は、99年映画『オースティン・パワーズ・デラックス』のサウンド・トラックのパート2に1曲参加したところからバンドとしてシーンに復帰(ちなみにリード・ヴォーカルのスザンナ・ホフスの夫がこのシリーズすべての監督であるジェイ・ローチ)、2000年には、アメリカの音楽専門チャンネルVH1と組んで「The Bangles VH1 "Behind The Music"」ツアーを実施
その他	パート	社員でもあり、パイオニア交響楽団団長の福田 薫氏は、「約80人の団員がいるが、会社の規模から考えて、全パートを社員でカバーできるのは驚き」と打ち明ける
労働	パート	年次有給休暇の取得は、半年勤続後から認められていることも考慮し、育児休業、介護休業、家族休暇、時短制度などを、六カ月以上勤続している労働者すべてに適用し、パートや派遣労働者・臨時労働者などが取得しやすいものとします
労働	パート	一方、近年の雇用の状態を考えてみると、昔のように正規社員として終身雇用の労働実態も少なくなり、パート雇用やアルバイト雇用、契約社員雇用、派遣労働など雇用実態が様々な形態になっていることを考えると、同じ労働者として一体になった行動が出来るのかと言えば若干疑問に感じるところもあり、政治色が濃いと思われるメーデーの実態を認めざるを得ないのでは無いかとも思う
音楽	パート	カラオケとは、歌を歌う際、またはメロディパート(主旋律)を担う楽器を演奏する際に、生演奏ではなく事前に録音された伴奏を再生することにより演奏を再現することをいう
労働	パート	その中に、“雇用・内職・パート等の相談をしたいときは”各地方総合事務所商工労政課内に県民雇用相談コーナー・・・・・・・・・・を設置し、ハローワークと連携して情報提供、 相談を無料で行っているので利用できると記してあります
その他	パート	これが意外と見栄えが良かったため、どうせならBパート人気投票の上位3人分を作ってみようかなどと考えていたところが、勢いまかせに12人分作っていたという次第
音楽	パート	そこでは換え歌を唄わされたり(私は女のくせに六部合唱で男のパートのバリトンやったから、まったくキーが合わずに金魚みたいに口パク)、ペープサートという2次元の人形劇を披露させられたり
その他	パート	以前パートリーダHさんに「あまりにもトロンボーンの見学者が来ないのは、もはや陰謀としか思えません」と冗談でメールを送ったら、Hさん本気にしちゃってトロンボーンの見学希望者があっても団の上層部で断っているという風に勘違いされちゃったことがあった
その他	パート	また文化の頃に大阪の市浦検校が、これまでほとんどユニゾンに近かった箏の合奏を改め、もとの三味線に対して異なった旋律を持つ箏パートを作るようになった
その他	パート	俺が戦闘ルールを把握していないことと、砂リオを煮詰める時間が無かったこと、あまりに竹並のツインズが多すぎたことから(テストプレイ中初の引き分けになった)、冒険パートは面白かったけど、決闘パートがどうも
労働	パート	岡田さんの嫁は保母さんのパートをしていて乳児も見ているらしいので、赤ちゃんについては非常に詳しかったのだけど、これで岡田さんに対する”赤ちゃん欲しいプレッシャ”が強くなることだろう
その他	パート	劇場公開時に映画誌で紹介を少し読んでたんで、この3パートがとあるきっかけで互いに因縁をもつ、という概要は知っていたのですが、各パートがもっととても深く関わり合うのかな(観ていない『21グラム』のように)と思ってたら違って、そしてそこがよかった
その他	パート	それぞれのパートには分かれていますが、1人1人が60分CDを1枚録ったのと同じくらいの苦労や体力を使っていると思うので、一息つけたシーンがあったら逆に教えてほしいです(笑)
その他	パート	過去に取り組んだ曲では、オーボエ協奏曲でもフルート協奏曲でも、パート譜から総譜に切り替えるタイミングに困ったので、今回は初めからパート譜を使わないようにしたいと思っています
その他	パート	ドキュメンタリーのパートでは、彼の演奏会での数曲がその一部だけ流れるのだけど、それがひとつひとつ良いところで切れるので、そのまま聴いていたいのに
労働	パート	1人息子は保育園に行っていて、私は週3回パートしています休みは融通が、ある程度きくのですが・・・神岡産婦人科が近いので行きたかったのですが、今はもう産み分けしていないようです
その他	パート	冨田のシンセサイザー作品群は、すべての音色づくりはもちろん、全パートの演奏と録音も冨田自身が一人で制作したもので、現在主流となるパーソナルスタジオでの音楽制作の先駆けと言える
労働	パート	パート労働者とは、法律上は、同じ仕事をしている通常の労働者と比べて、1週間当たりの労働時間が短い労働者をいい、正社員と比較して、権利義務が制限されるものではなく、正社員と同じく労働基準法の適用を受けます
労働	パート	全国労働組合連絡協議会(全労協)も「働く者の団結で生活と権利、平和と民主主義を守ろう」とのスローガンを掲げ、東京・日比谷公園で集会を開き、 派遣労働者やパートが個人で加盟できる労働組合「全国ユニオン」は、JR新宿駅前などでデモ行進を行いました
その他	パート	2つの異なる曲を演奏するのはもちろん、同じ曲を右手、左手に分けて録音して練習に役立てたり、ピアノ以外の音色で弾いたパートをあらかじめ録音しておき、それにあわせてピアノを弾けば、アンサンブル演奏を楽しむことができます
その他	パート	さらに、ヴィオラパートはアルト譜表と呼ばれるもので音高が規定されているし、チェロも基本的にはヘ音記号であるのだが時々テノール譜表になったりもする
その他	パート	「遠慮ではない」という意味は、「パート内で自分の声を溶け込ませようとして、わざ と音量を絞って・小さくして、パート内で自分の声を埋もれさせよう
音楽	パート	その様子を見ていたウェイターがオレのことを気に入ってくれたらしく、オレの顔を見るたびに「ハ〜レルヤ♪」とテノールパートを歌いながら声を掛けてくるようになる
労働	パート	一応平均年収ではなく、平均時給ならまだマシで、それは非正規のバイトやパートであって、そうでない正社員や公務員の時給を上げて、長時間労働しているような人や三時間程度しか働かない人まで含んでいるわけで、それが第一生命経済研究所の分析結果が発表になったね( ́ー`)
その他	パート	そして、コーディネーター、もしくは例の「種」を持つ者が所謂ガンダム世界における「ニュータイプ」なんだとすると、多分あの疫病ガンダムの生体CPUは「強化人間」とかそういうのに相当するパートなんだろう
労働	パート	正社員を募集する企業が増加傾向にあり、昨年秋をピークにパート労働者の比率は頭打ちを示していることから、今後はフルタイムで働く人の割合が上昇に向かいます
その他	パート	すべてのパートを自身で演奏し、セルフ・レコーディングにこだわって制作された7曲入りのミニ・アルバム『手のなかの鳥』は、そうして生まれてきた曲のなかでも、比較的明るめなものばかりだそうだ
その他	パート	「太陽と戦慄パートIV」は、従来の「太陽と戦慄」シリーズがどこかで抱えていたユーモアを捨て去り、これでもかと言うほどヘヴィなプログレが展開される
労働	パート	、たまたま日経新聞も同社の労働条件を扱った記事を掲載しておりまして、何とこの会社、20年連続でパートを含む全従業員が有給休暇を100%消化しているんだそうです
その他	パート	戦闘システムもやや複雑で移動のキャンセルが出来ないなどプレイし辛い点もありますが、慣れると面白くなってくるのでアクションパートを無くして純粋なS−RPGだともっと良かったかな、と思いました
音楽	パート	アカペラのクワイアで、バスのパートなんてカルテットっぽい雰囲気を醸し出していますが、そんなことよりも、「ほんとに俺を(あたしを)救ってくれてありがとう、神さま」という気持ちが素直に伝わってくる
労働	パート	翔子亀田大毅しょこたん和田アキ子ニコニコ動画ルイ控除パート扶養控除YoutubeSEXY画像&動画中越典子SEXY画像&動画中越典子SEXY画像&動画中越典子SEXY画像&動画上はチクビ、下はマンスジの物凄いPV風グラビア
労働	パート	対象者(社員、契約社員、パート社員、派遣社員および協力会社社員)は、著作権法、不正アクセス行為の禁止等に関する法律、個人情報保護法など、情報セキュリティに関連する法令、業界のガイドラインおよび契約上のセキュリティ義務を遵守します
その他	パート	Nao proパートは合間のMCが長すぎて体が冷えてしまうのだけがちょっと辛かったですが(前半のテンポがかなり良かった分そう感じた部分もあるのだろうけど
労働	パート	ナガホリのコマツナを収穫するのは60〜70代のパートさんたち130人(橋本紘二撮影、以下Hも)/(株)ナガホリ代表取締役・永堀吉彦さん(中央)
その他	パート	この夏再放送され、人気の高かった『「YOU」誰でもミュージシャンパート2 YMOの音楽講座 青春プレイバック』 が年末アンコールとして、再度放送されます
その他	パート	この他パートコート加工、各種ラミネート品、エイジレス対応商品、水もの等の各種袋にも対応しておりますので、上記以外の商品に関してご希望のお客様は web@seikosha
その他	パート	バッハの「二声(にせい)のインベンション」は、ソプラノとバスの2つのパートからなる曲なのですが、ソプラノ部をチェロ、バス部をコントラバスで演奏すると、ソプラノ部が高音域であるため、チェロ奏者は、通常よりも下のほうで弦を押さえなければなりません
労働	パート	企業のアウトソーシングが進む中、労働市場ではパートやアルバイトなど非正社員の割合が急増(2001年総務省調査によると全労働人口の4人に1人が非正社員)し、また派遣社員数も同様に拡大
労働	パート	対策も、このパート労働を全体に位置づけながら考えないと、リアリティが出てこないし、社会保障のあり方も、子育て層全体の社会保障の不備を全体として問題にしないと、なかなか、社会的合意をつくって、変革にすすんでいくようには思えない
労働	パート	大分県警は18日、大分市迫のビジネスホテル「ルナ清風」で5日にパート従業員の新宅好子さん(65)が殺害され、フロントから現金が奪われた事件で、同ホテルの元パート従業員、岩下由美子容疑者(46)=同市大在北4=が事件に関与したと断定、強盗殺人容疑で逮捕状を取り、全国に指名手配した
その他	パート	一方古川和男(北海道)は好調に試合を進め、巧者豊村東盛(東京)に二本勝ちし、一方のパートでは重松 隆(滋賀)が健闘難敵を下し、また前回、前々回と三位入賞と安定した実力の濱崎 滿(東京)は順調に準決勝に進みました
その他	パート	これらは日曜礼拝や教会暦の各祝祭礼拝に用いられましたから毎週毎週多忙をきわめ、一説では月、火、水を作曲にあて、木は各パート譜に写譜し、金、土が練習、日曜日は礼拝での演奏(本番)という繰り返しが続いたそうです
労働	パート	さらに、要員のあり方についても合理的な配置あるいはパート化ということについても検討しているということで具体的な報告がなされるものと思っておりますし、私どもとしてもこの行政監察の結果を踏まえて指導に当たってまいりたいというふうに考えているところでございます
労働	パート	「東京雇用ルール」をつくり、若者雇用の促進をはじめ、長時間過密労働や派遣労働、パートなどの不安定雇用の是正、最低賃金の底上げなどを経済界につよくはたらきかけます
その他	パート	表紙&特集、歴代メンバーのパート別対談後編、さらに付録DVDには『プロローグ3』で実現した歴代メンバー入り乱れての“Steeler”をダイジェストで収録
その他	パート	メンバーはビブラフォン・マリンバの板垣さんのほか、同パートの江越海さん(25)、ピアノの佐藤司美子さん(39)=ともに花巻市=、パーカッションの熊谷綾子さん(30)=盛岡市=、チューバの谷藤綾香さん(25)=花巻市=の5人
その他	パート	脱出パートの操作性に関して言えばユーザビリティを考えて作られているのでタッチペンを駆使せずとも十字キーで移動出来る上に↑ボタンで簡単にアイテムを選択出来る様になっているのはスムーズに探索出来るので自分の中では割とやりやすかったです
その他	パート	私が全幅の信頼を寄せて、その新作を待ち望む、ネイティブの「スタニスラフスキー・システム」の具現者である綾瀬はるかも、自分のパートをそつなくこなしている
その他	パート	さらにパートごとの音の重なりやメンバー同士の呼吸を合わせることでアンサンブルならではの「一体感」や「達成感」を共有しながらレッスンに取り組みます
音楽	パート	カティンカ・パスフェーアが電子音楽のサウンド・シーンといくつかの声のモーメントのソプラノ・パートをすべて歌い、私自らがバス・パートをすべて歌いました
労働	パート	削減を行うのみならず、派遣社員やパート社員を雇用するといった、「人件費は変動費」の形になってみると、過去のコストダウンの方法は、逆に人件費を向上させてコスト高につながることから、今までの成功体験が通用しなくなってきたものと考えられます
その他	パート	この先進の検証手法とこのアプローチの適用に関しては、MSDSプラザの中で、機械式チェーンとソフトウェア・パートなど全ての構成要素を含む自動車アプリケーションのパワー・ウインドウ・システムでご紹介しています
労働	パート	「今は共働きが普通だし、事件発生時にはほとんどの子どもは学校、奥さんはパート、だんなさんは仕事、そして独居を含めた高齢者さんの目撃情報は限られていて、しかもそのどれもがあいまいとなっている」
労働	パート	パートに出て働く、父ちゃんがやる一反いくらの野菜つくり・果樹つくりをいっしょになって働く、あるいは母ちゃん自ら販売用の野菜づくりに励む、というように、どんな母ちゃんにも、一反いくら一時間いくらの仕事はついてまわります
労働	パート	このパートの締めとして、半田くんの実況解説付き「サウスポー」のフルバンド生演奏(笑)専門用語が乱れ飛び、何がなんだかサッパリ分かりませんでしたが、半田くんの実況のせいか、臨場感抜群で十分に楽しめました
その他	パート	コンサートマスター()は、オーケストラの演奏をとりまとめる職をええ、一般には第1ヴァイオリン(ヴァイオリンの第1パート)のトップ(首席奏者)がこの職を担う
その他	パート	最大の特徴はゲームパートからムービーへとシームレスにつながる”クイックタイムイベント”で、超高層ビルから急降下しながら敵を倒すといったかつてないアクロバティックかつダイナミックなアクションが楽しめる
労働	パート	やぶれ居酒屋 まさかど (株式会社まさかど)の他にも、福岡県福岡市博多区、祇園近辺のアルバイト・バイト・パート求人情報を多数掲載:@niftyアルバイト
その他	パート	もしも、何らかの理由でパート3が製作不可能にでもなったら、本作品は結末の無い作品になってしまうのであり、そうなると一本の完成された作品として評価するわけにはいかないし、それが罷り通るなら、どんな映画も結末なんてどうでもいいということになってしまうからである
労働	パート	勤労者の側にも正社員という働き方ではなく、パートや派遣といったかたちでの雇用形態に対する一定のニーズもありますが、派遣労働者、契約社員のうちの実に4割が、正社員として働くことができなかったために派遣労働者になっている、という事実に目をつぶってはなりません(図表18)
音楽	パート	この作品はオーケストラのすべての音色づくりはもちろん 全パートの演奏と録音も冨田自身が一人でこなしたもので、 この音楽制作方法は現在主流となるパーソナルスタジオでの音楽制作の先駆けとなった
その他	パート	ブレシアのプロヴォストは、4つのバッラードを残しており、その2つは、典型的な両方のパートにテキストのあるイタリア の2声の形式であり、2つは、上声部にだけテキストのあるフランスの3声の形式である
その他	パート	柳ちゃん、パート1では「へたれ」キャラだったのに、パート2以降はその部分を竹村武左衛門さんが引き受けているせいか(もっとも武左衛門さんは「へたれ」というよりは『銀魂』いうところの「まるでダメなおっさん」略して「マダオ」キャラ^_^;)、すっかり頼りになる弟キャラになりましたねぇ
その他	パート	海へと向かう中、長いトンネルをくぐるかのようなビートダウン・テクノ、スローなイーヴン・キックのパートを挟み、いやらしいほど焦らされながらも、海への気持ちがズンズン高まる展開で、 DJとしての構成力を見事に発揮
労働	パート	「聖域なき構造改革」として科学研究や教育にまで市場原理を導入するのは、かつてのイギリスで見られたように安易過ぎるし、企業もリストラの名のもとに雇用を削減し非正規労働(パート、アルバイト、派遣など)に置き換えてゆくなら、経済・社会不安は止めなく増大するだろう
その他	パート	ヴォーカルトラックを準備し、音響スタッフの判断により声が出ていない一部(高音部やダンスの激しいパート等)のみを口パクにして、生演奏でのサポートバッキング・ボーカル代替として使われる場合もある
その他	パート	ヴィオラ弾きとしては、ヴィオラのパートソリから唐突に開始される第3楽章冒頭、第5楽章終わりのヴィオラのパートソリのピッチカートと終始気が抜けない
音楽	パート	最初男女のツインボーカルだったのが、脱退とかゴタゴタがあって、今はエイミーが1人で歌っているのですが、昔の曲の男性パートは会場の皆が歌ったりしてかえってノリノリでした♪
その他	パート	「ビデオカメラはもちろん、運動会のダンスやエイサーの練習、音楽のパート練習などにCDラジカセも大活躍です」と書いてきたのは沖縄県うるま市の宮城中学校です
その他	パート	京田 「一つはテクニカルな問題で、新たに制作したパートとテレビの映像を、解像度や色味を違和感なくつなげるために、ノイズを加えたりカットごとに色味を調整したりせざるを得なかったんです
労働	パート	入社間もないパート・アルバイトさんが早く仕事に慣れて、正しく効率よく、仕事が出来る様、客動線や作業動線に適合した働き易い、合理的な機器のレイアウトや関連作業の集約と統合の構造化が必要です
その他	パート	夏はプロスケーター、冬は長野をベースに北海道など各地の山でFUNなスノーボーディングを追求するHASSYと、福島とカナダをベースに活動しheart filmsでパートを獲得するなど実力と知名度が急上昇している安立風太が今シーズンよりAIRBLASTERのアウターウェアを纏って暴れまわります
その他	パート	バカレンジャー(1コーラス)/お芝居パート3d/日本の心/お芝居パート3e/お芝居パート4/お芝居パート5a/お芝居パート5b/お芝居パート5c/お芝居パート5d/お芝居パート6/お芝居パート7/映像メドレー/マホラ戦隊バカレンジャー/お芝居パート8/劇中メドレー(ポンポン両手にあればWin
労働	パート	パート先のフェンス際の狭いスペースに前社長(社長のお父様)が趣味で巨峰を植えています袋かけ以外は特別な手入れはしてないみたいですが毎年それなりに美味しい巨峰がなるとのことですそろそろ食べごろかな〜と卑しい気持ちで袋の中を覗いてみたら思った以上に立派な巨峰が何房かできてました
労働	パート	今日はお仕事お休み パート先の人に百貨店の優待券をもらったので、 母と妹を誘って、お出かけしてましたー って言っても私は何も買ってないんだけどね で、そのまま実家へ遊びにきてます もう少ししたら
労働	パート	それを逞しく引き継いで行ってくれた、社員や、パートさん、研修生、ボランティアの人たち、大勢の汗と努力の蓄積があって、今日のまほろば農園は成り立たせてもらっているのです
その他	パート	私も邦楽の現代曲をパソコンで五線譜に打ち込みそれぞれ各パートに箏・尺八など音を割当て、デモテープを作ったりカラオケとして練習に使うという技術覚え、いろいろと利用してきました
その他	パート	現時点では、パート1(バイオメトリクスシステムとプロファイルの概要)と、パート2(空港従業員のゲート制御のプロファイル)は開発が終了しており、残っているプロジェクトは、パート3(バイオメトリクスに基づく船員認証プロファイル)のみを、いま定めています
その他	パート	MIDIで編曲する場合、キモになるのは楽器数(パート数)と同時発音数の節約ですが、もともと原曲のオーケストレーションを再現するつもりの全くないこの私、毎回愉しく作らせていただいております
その他	パート	そこで、思い切って、説明の部分を薀蓄斎のパートで担当し、 真打さんには、余分なエネルギーを説明に割くことなく、ご自 身の芸に集中していただくということを試みてみようというこ とになり、試行錯誤をしながらでありますが、今の形となりま した
その他	パート	≪雑誌の原価計算≫というと、じつはこのパートこそ、大きく経費を重く膨張させたまま改善しにくく、慢性的な赤字へと押しやる最大のガン病巣なのだと、その某誌編集長は自戒を込めて語った
労働	パート	「大きな変更点として、パートや派遣社員などの一定範囲の期間雇用者にも適用されるようになったこと、保育所を希望していて入れなかった場合などに、1歳半まで育児休業を取れるようになったこと、小学校入学前の子どもの看護休暇制度ができたことが挙げられます」と白髭さん
労働	パート	笹野・病理部長より「事務局を東北大病理部に継続的に置いていく場合、その仕事は新規採用パート職員に負ってもらわざるを得ず、その給与の一部(月4万円)を分担して欲しい」旨の要望が出されている
その他	パート	余談パート2ですが、Faithさんは基本的にAVとか無いのですがただちょっと前にFaith Exposedシリーズって言うよい子が見ると怒られるシリーズはあったりもします
その他	パート	支配国外関連会社(持分50%超)については、当該国外関連会社の投資所得等の消極的所得 Passive Income に対して、持分法を適用して課税(カナダ版サブパートF=タックス・ヘイブン税制)
その他	パート	確かに、吹奏楽をやる上でクラリネットは重要なパートだし、人数がたくさんいるという事は 分かるのですが、中学校であれ高校であれ、学生バンドでもクラリネットは人数が多いはずです
音楽	パート	山を「めを」「開くのだ」に持ってきて、それ以降、声量を落とし、各パートの声を混ぜて、「を」と「ラ」は混ざりあって、ピアノの中に消えていくような感じで
労働	パート	今年度一人親家庭の実態調査に取り組んでいただけるわけですが、この調査項目に現在パートでやむなく働いておられる方の声が反映できるような、具体的な就労形態の項目を設けていただきたいと思いますが、所管のお考えについてお尋ねをいたします
音楽	パート	「土星」では冒頭のフルートとハープのオスティナートに乗って各パートが交代でテーマを歌い継ぐ部分、コントラバス、ヴァイオリン+ヴィオラ、オーボエ、チェロに続いてわがバスオーボエは5番目に登場します(1分45秒付近)
その他	パート	超ざっくりストーリーを紹介すると、前半はグリムウッドの『リプレイ』、後半はクリスティの『そして誰もいなくなった』(どちらも10代の多感な頃に愛読した)で、現在、『そして誰もいなくなった』パートの3人目くらいまで読み進んだ
その他	パート	滋賀県世代をつなぐ農村まるごと保全地域協議会の主催により、農村まるごと保全技術研修会 〜パート4 「濁水ゼロに挑戦し、水田からの負荷削減を実現する取り組み」を進めよう〜 が野洲市で約160名の方のご参加のもと開催されました
音楽	パート	今日の練習では「あんたがたどこさ」の、これまでどのパートも苦手にしていた箇所を集中的に練習し、指揮者がしまいにはタクトを折ってしまわれるかと思うくらい難しかったところが、ちょっとやり方を変えたりテンポを遅くしたりしてみたら意外とすんなりできたのが嬉しかったのですが、これが次の練習でも忘れずに居られるかというところです
労働	パート	この背景には、企業活動が高度に情報化され、グローバル化と相まって進展するとともに、派遣労働者や契約社員、パートなどの非正規労働者が増加したことで、正規の労働者を中心として、従来とは仕事の質や量が大きく変化したことが考えられます
労働	パート	また、1年間という一時的な雇用の予定で雇い入れた者について、うかつにこの期間を経過させてしまった場合、1年経過後にパート契約を打ち切るには、どうしたらいいでしょうか
その他	パート	というか、Bパートは観たところ、それぞれのカット毎に絵柄が違うので、それぞれの原画マンに己の一番いい線を引いてもらって、それを修正しなかったようにも思えますね
その他	パート	千葉真一、松形弘樹、山本昌平、高野八誠、山口祥行、船木誠勝、金子昇、小野真弓、野村将希、勝野洋、内藤武敏、神山繁といった時代劇に欠かせない名優陣、オールスターキャストで贈る人気シリーズのメイキング映像パート1
労働	パート	「現場で働く社員やパート、アルバイトが、十数億円のシステムを一切使っておらず、旧態依然としたまま紙の伝票を回し、電話やバイク便、メール便などで連絡をとっていたのです」
労働	パート	【具体的には】・ゴルフ練習場での接客業務・社員、パート、アルバイトの採用・育成・その他マネージメント全般※今回の新設・運営店を成功させて、他地域への出店や運営のプロジェクトも考えています
その他	パート	そういったシェーンベルクの中後期の所産の作品群も、伴奏のピアノパートの彼独特の内声部の弾き分けで「無調」の曲に内在する(彼がいうところの)和声の浮遊、
労働	パート	だから、新卒を採らず、まずパート、次には派遣、それが法規制で使い勝手が悪いとなると、今度は業務請負の利用に走り、格差拡大の方向に一直線に向いてしまった
労働	パート	今日から約15ヘクタールの田植え6月4日までに終わりたいのですが、なぜかって次の日は小学校の運動会、我が家の美人パートさんの皆さんがいないんですよねー今日は約2へクタール終えました
労働	パート	何にもならないからこそ、子育ての終わった主婦はパートに出、パートに飽き足らない女性は最初からフルタイムの職にしがみつき、その結果ある女性は不妊に苦しみ、ある女性は最初から子供をあきらめる
その他	パート	まさにPEの同士ともいうべくこれらのラッパーが大挙参加しているのはいいんですが、 結果的に各人のパート(特にChuck D)が短くなってしまったのと、 Flavor Flavの姿が見えない(ジャケットには参加なんですが・・・コラージュか
労働	パート	「合理化」の内容としては、従来から行われてきた業務委託(より全面的な形態としてのPFI)や臨時・パートなど不安定雇用の拡大、看護「合理化」の推進とともに賃金体系の変更も含まれている
労働	パート	まず駅関係は女性の係員が増えたのは多分パートさんなんだろうなぁなんて思いますが、応対その他はさらによくなってるんでしょう・・・ それと電車・・・コイツは趣味的にはすごいことになったと言わざるを得ないんですが、その昔、冷房化率も異常に低いというより、この辺の電車を堂々と走らせてるってことが一番コストアップにならねぇか
その他	パート	(6)同定された歌詞文字が発音されるべき正解音高データを前記主旋律パートの楽譜データから取得するとともに、同定対象となった前記認識文字について前記周波数分析手段により得られた前記音高データと比較し、両者の近似度を表す音高適合得点を計算する
その他	パート	しかし、米国連邦通信委員会(FCC)の電気通信法パート68では、電話端子に接続された機器が通信状態にないときには、少なくとも5MΩ以上の抵抗を有していなければならないと定め
音楽	パート	ブラームスの歌を思いっきりうたうクラリネットもかっこいいけど、時にはクラリネットを差置いて朗々とブラームスの哀愁を語るチェロ・パートはめっちゃ気持ちいい
労働	パート	具体的には、ワークシェアリングにより新たに雇用される労働者は、非正規雇用に置きかわるのではなく、フルタイム労働者とパート労働者の時間差による差別を禁止して、正規雇用労働者として雇用されなければなりません
その他	パート	ブラームスのヴァイオリン協奏曲の第2楽章の55小節目、管弦楽側のヴァイオリンパートにある最後の2つの16分音符はダウンボウの連続で弾くよう楽譜に明記されている
音楽	パート	NAXOSのスコラーズ・バロック・アンサンブルによる演奏のCDを持っていましたが、こちらは合唱曲も1パート1人ずつという野心的な編成なので、スタンダードな演奏も聴いてみたいと思い
その他	パート	「太陽と戦慄」の邦題ははったりではなく、1「太陽と戦慄パート1」のイントロのパーカッションからヴァイオリンの調べが響き、暴力的なリフが炸裂するあたりは鳥肌もの
その他	パート	ジキル菊池が松尾伴内と一緒にプレイバックパートIIを歌う、というのがあったのだが、あまりにもジキル菊池の歌がヘタクソだったので、たけしがキれたことがあったね
その他	パート	第1回の技術セミナーが、各都市において、2009年2月から3月にかけて開催され、招待した近隣の自治体及び関係者に対してカウンターパートを主体としたプレゼンテーションが行なわれた
労働	パート	一番いいのゎ金持ちと形だけ結婚して自分ゎパートしてオッカケる金ゎ自分で稼いで旦那の金で生活~みたいなうちゎそんな人生送リたいんだよネ( ゚◇ ゚)ノ
その他	パート	ちょっと自閉症気味のジェームズがからむパートはエピソードもてんこ盛りでそれなりに面白かったんだけど、映画全体を楽しめる、という部分まではいかなくて苦しいところ
音楽	パート	エルガーの合唱曲と言えば、大規模なオラトリオやカンタータは比較的良く演奏されますが、ここに収録されたパート・ソング(無伴奏合唱曲)は残念なことにあまり知られていないのが現状です
労働	パート	私は喜んで面接を受け、採用になり、派遣で、パートで産休の臨時職員として、1年半くらい働くことになりましたが、今になって、もし妊娠したらどうしようと悩んでいます
その他	パート	交響曲は4楽章の一部を除くと、あまりテンポは動かさず(第2主題でテンポを緩めるようなのはナシ)、いろんなパートの絡み、掛け合いなどの構造がよくわかる演奏
その他	パート	一般向けの成果公開は、11月16日に「エジプトフォーラム2009パート1上エジプト編 ルクソール地区の発掘最新レポート」、11月30日に「エジプトフォーラム2009パート2下エジプト編 カイロ近郊地区の発掘最新レポート」を開催した
労働	パート	資格自体はずっと使えるし、転勤などしてもどこでも通用すると思うのでいいと思うのですが、仕事のきつさからしたらお給料は安いので結婚してパートとして働くにはいい職種だと思います
その他	パート	コミュニケーションパートは何がベストの選択肢かということが非常に読みにくく、驚くような会話の展開とオーバー気味のモーションがコミュニケーションゲームとして完成度が高く、キャラクターの魅力を存分に味あわせてくれる
音楽	パート	すがるような目でボーカルに合図を出すとそれまでハモってたボーカルは私を指差して私のパートをサラッと歌い、私がその音を拾って続けるとすぐにまたハモりに戻りました
労働	パート	≪実務未経験者OK、看護師資格取得サポートあり≫ 看護師、准看護師、保健師、いずれかの資格をお持ちの方 ※入社時、非常勤(アルバイト・パート)採用の方は、常勤職員(正社員)への登用制度あり【ワーキングママ歓迎】▼エゴタ
その他	パート	本公演では、浜崎真美さんが歌姫コンスタンツェを務めたそうなのですが、今日のコンサートでは、コンスタンツェのパートを秋本みな子さんにお願いし、浜崎さんは、マドモアゼル・モーツァルトのパートを歌ったんだそうです
その他	パート	前回のカメラ特集では、感動をそのまま写真に収めるコツをご紹介しましたが、パート2となる今回は、さらに理想に近い写真を撮影するための応用術を伝授します
その他	パート	現在のパートと林田がシンガポールに乗り込んできて、顔役としてのし上っていくさまを描いた回顧のパートが交互に配され、事件の背後にある相関関係が無理なくこちらに提示されていく
労働	パート	今後、同店の正社員約20人とパート従業員約100人は他店舗への配置転換や再就職のあっせんを検討中というが、今年に入り、ホテルやスーパーの閉館、再編に伴う大量解雇も明らかになり「頭の痛い問題」(市経済部)の一つだ
その他	パート	3日はコンサートマスターの三浦章広さんをはじめ、各パートの首席奏者ら18人が「剣の舞」(ハチャトゥリアン)を最初に、「動物の謝肉祭」(サン・サーンス)、オペラ「カルメンより第一幕への前奏曲」(ビゼー)などを演奏した
その他	パート	相変わらず音楽にたとえてみますと、オーケストラが例えばバイオリンパートだけで出来ていたら、実に単調でしょうが、各種パートがそれぞれの味を生かしあうと、素敵な音楽が鳴り始める(可能性がある)ようなものだと思います
その他	パート	それにしても、パート練習にしろ基礎合奏にしろ、高校生とやってることが同じで(今では当たり前か)、それが中学生で成り立っているところがすばらしかった
労働	パート	このように、契約社員やパートなどの別の非正規雇用の形態で働いていた方と、正社員として働いていた方との間には、派遣に対する考え方にギャップがある場合があります
その他	パート	各楽器のパートリーダーに、「バスの中で点呼をとるから、誰がバスに乗るか把握しておくように」と言っておいたのだが、そのパートリーダーでバスに乗らない人がいるから困ったものだ
その他	パート	掛かっているように聴こえないというのは、掛かっているパートには127、それ以外は設定なし(多分、GSやXGだとリバーブの初期値40)なので、そこの間を埋めるものが無いわけです
その他	パート	闘いを完全にメインにした作品だったら、おじいさん家がミミズザケンナーに襲われたところでCMが入って後半Bパートはポイズニー&キリヤと攻防しつつ、その間にキリヤの心の揺れを描くイベントがもいっこぐらい入れられるし、Aパートラストの引きももっとぐっと強くなるのに
労働	パート	この間も本部配送センター閉鎖に伴う本店移転、パートを含む従業員の削減、債務圧縮のための減資を行う一方で、旧本店を2003年2月に閉鎖し、その後さらに不採算店舗の閉鎖を進め、本店、みなみ店、ししおり店、せんまや店の4店舗に集約した
その他	パート	これはグチではなくて、今回の正直なプロセスの説明なんですが、実はこの曲、当初は私がなんとかギター・パートも全てやるということになっていたんです
労働	パート	08年10月時点の中小企業における雇用形態別の雇用過不足感は、3ヶ月前の7月時点と比較して、特に「派遣社員」については過剰感が大きく増加しており、「正社員」や「契約社員・パート等」でも過剰感が強まっている
労働	パート	産地偽装に始まり、賞味期限改竄などその内容が伝わるたびに経営陣の関与を否定し、納品業者や現場責任者(パート労働者)に責任転換を図っていたが、その実態は半ば脅して強要していたとは・・・もう社会的に葬られるのは必至の情勢である
その他	パート	アレンジャーにジュリアン・リボーが参加などもしているが、ほとんどのパートは自宅のパソコンを使って制作されているが、エレクトロな部分とアクースティックな楽器の音色のバランスも絶妙
労働	パート	企業は、「必要な時だけ使い、いらなくなれば使い捨てる」「出し入れ自由」の労働力を確保するため、派遣、パートなどの非正規雇用化を急速に進め、1998年から2006年までの8年間に、460万もの人が正規雇用から非正規雇用に置き換えられました
その他	パート	オムニバスはあまり好みではないので行く予定にはしていなかったのですが、ウォン・カーウァイのパートが結構評判がいいようなので、ファンとしてはやっぱり行かなくてはいかんな、と足を運びました
その他	パート	凄い理論家で同じ曲を4回聴くだけでピアノトリオの3パートの譜面を書いてしまうという特技の持ち主で、当時の熊本のコンボバンドが使っていた譜面の中にはこのタッケさんの手によって書かれたと思われるものが相当に含まれていたような気がします
労働	パート	これらの職種は非正社員(パートや派遣社員等)へのシフトが進んでいるため、外部労働市場の賃金相場を参考にしながら、正社員に関しても「職種別の賃金相場」が形成されつつあることが窺える
労働	パート	平成22年 平成21年1月から10月までのパートとしての給料と平成21年10月から12月までの正社員としての給料を 合算した所得が住民税の算定の数字です
その他	パート	◆20番(伊藤和子 委員) 給食パート部分ですが、増員に速やかに対応していただいたということで、大変学校側でも感謝されているようですが、ちょっとだけ確認です
労働	パート	っていうか、そもそも私は相手がパートだからお友達にならない、正社員ならお友達になる、という考え方をしたことがなく、どうもお気持ちが良く理解できないというのが正直なところです
その他	パート	更に「清水ヶ丘」のような所有格の「ヶ」をを含む地名が東日本に偏在することを確認した(パート4所有格を示す助詞「の」と「ケ(が)」の分布ー「ウノ」地名分布より/全国の所有格を示す「の」を含む地名の出現率)
その他	パート	それは初稿のほかに2本のクラリネットを含んだ木管のパートを追加した改訂版が残されており、モーツァルトが実際に演奏する目的なしに曲を改訂するとは考えにくいという説からです
その他	パート	1パートのみが担当する箇所を極力なくし声部の組み合わせも限定する作曲手法は、練習を容易なものにする反面、音楽的に単調になりがちという欠点を持つ
その他	パート	「ビデオテープから音だけ落とした」(友人談)こともあってか、雑音が多く演奏の巧拙はよくわからなかったが、彼女の担当しているベースのパートは割と堅実な「仕事」(←中島誠之助風に
その他	パート	これらの演奏団体のメンバーは、(弦楽器や声楽では、特に音程が一致しにくいので)パート練習やアンサンブルの練習に多くの時間を掛け、常に聴き耳を立てて「一糸乱れぬアンサンブル」の形成に努力を重ね、更にその上に、西洋音楽の演奏のための「構築性主要4項目」と「装飾性主要4項目」の整合性を確かめている
その他	パート	もし、あなたがまだ Joe の電子ブックを買っていないのなら、Macworld のウェブサイトにある 2 つのパートを抜粋したものを読むといいだろう
労働	パート	当面、企業による勝手な首切りを規制する「解雇規制法」、労働者、関連企業はもちろん、地域社会にも影響を与えるリストラの横行をおさえるための「リストラ規制法」、「サービス残業根絶法」の制定、派遣労働者やパート、アルバイト労働者の権利をまもる「派遣労働者保護法」「パート・アルバイト労働者保護法」の制定に全力をあげます
その他	パート	ベルリオーズが代用のピアノパートに気を配ったのは、(空想上のマンモスオーケストラではなく)現実のコンサートに於て、より良い効果を得ようとした苦心の現われである
その他	パート	入力するにはパート譜を書いて練習させなければならないし、テンポや演奏方法も厳密に設定できないし、ときには「こんな曲、演奏したくない」と団員からボイコットをくらうこともあるくらいで、まったくユーザーフレンドリーなインターフェースではなかったけれど、とにかくシンセサイザーが発明されるまでは、多彩な音色を使用するには、オーケストラに演奏させるしかなかった
労働	パート	その理由は、勤務条件等が法令等により定められている国家公務員及び地方公務員にはその施策がそもそもなじまないとか、パート労働法の趣旨、均衡の取れた待遇の確保等が地方公務員によって実現されることが想定されているようです
その他	パート	相川さんは4歳からピアノを始められ、サンサーンスの凝ったピアノパートを苦もなく弾いて下さるので、何の心配もなく練習を進める事ができると考えておりました
労働	パート	なお、給食センター構想におけるパート職員や臨時職員に関しては、教育委員会の所管でありますので教育委員会から答弁をさせていただきますが、三位一体改革を初め、分権時代に対応して、市政をどのように守っていくかということも重要な岐路にさしかかっていると思っております
その他	パート	げんさくだい81わ・アニメだい101わにおける「ギロロにむちゃをいい、できないとしゅりゅうだんをてわたしてばくはつさせる」というながれはギロロはつとうじょうじ(げんさくだい12わ・アニメだい4わAパート)におけるながれとおなじである
その他	パート	後で聞いたら、最初自分で電子ピアノでバイオリン・パートを録音したものと合わせ練習しようとして破綻し、結局フィッシングの薦め PR 大人気ダイエットサプリメント 綺麗に痩せるための秘訣がここにあります
