# 音楽: 音楽で、半音下げる記号。変記号。♭と書く。⇔シャープ。, 家庭: 共同住宅で、各戸が同一階内に収まる形式のもの。, スポーツ: 競技で、タイムに秒より下の端数がつかないこと。ジャスト。一〇〇メートルを一一秒フラットで走る
その他	フラット	では、どうすればいいかというと、さすがにフラット3を採用しろとは言わないけれど、試合運びに緩急をつけ、タメを作れる選手、タメて攻撃を組み立てられる選手が必要だと提言している
その他	フラット	しかし、彼女の傷の─死後に加えられた傷の─ほとんどは、病理学者の言うところによると、靴の爪先でやられたものだそうです」警部は玄関に歩いていってフラットのドアを開けた
その他	フラット	雄大でフラットな新緑のコースを舞台に、校友会長杯(団体戦)・理事長杯(個人戦)を目指し、併せて親睦の実を挙げていただきたく、多数ご参加下さいますようお願い申し上げます
その他	フラット	これは昔の住宅金融公庫・・・今はその名を住宅支援機構と換え、一般直接融資をやめ、直接は特殊な融資だけにしたが、住宅の長期ローンとしてフラット35なる銀行経由の融資を行ったいる政府系金融機関である
その他	フラット	実は、フラットフットというと英語では、べた足のことになってしまうので、あまり良い言葉ではないんですが、日本語英語ということで、足の裏をフラットにつく、上半身の上下動もなくてまっすぐに進む
その他	フラット	CBSの方は最新技術で料理されただけあって、所謂昔風のどこかくぐもったかまぼこ形の録音特性ではありません、従って今の最新の装置で聞けばフラットな特性になります
その他	フラット	具体的に言いますと、「フラット35」と言って、民間金融機関が貸し出し住宅金融公庫がその住宅ローンを引き受ける商品がありまして注目を集めているようです
その他	フラット	この物件の最も悪い点は、 1)2重床ではないため、将来の間取り変更などへの対応が困難となる可能性が考えられること(フラットフロアー設計にはなっている)
その他	フラット	アメリカのカントリーミュージックのルーツともいえる音楽で、ギターはもとより、バンジョー、フラットマンドリン、アコーディオン、ダルシマーなどが入ったサウンドは、のどかで明るくて、時には特有の憂いのある曲などもあります
その他	フラット	奥様の使い勝手を考慮して配置された水廻り動線や家事コーナー、ご家族みなさまで楽しめるホームシアター、無落雪のフラット屋根をいかした広いバルコニーなど、見どころの多いデルハウスです
その他	フラット	また、政府の「明日の安心と成長のための緊急経済対策」で、住宅版のエコポイント制度の創設や優良住宅取得支援制度「フラット35S」の金利の大幅な時限的引き下げが盛り込まれることとなった
その他	フラット	ボールをラケット面で直接叩くイメージの「フラット」、ボールに対してナナメ横の回転を与え、滑って落ちるように飛ばす「スライス」、タテの回転を与えて鋭く落として弾ませる「スピン」です
その他	フラット	結局、会場販売でシューズを売ってるところは無く、せめて通常のフラットペダル売ってるところが無いか探して回っていたところ、ゼータトレーディングさんから試乗車用のフラットペダルを貸していただけることに
家庭	フラット	イギリスでは学生同士、又は社会人同士、日本のようなワンルームマンションに住むのではなくて【なかなかそういう一人暮らし用の建物自体がありません】例えば独身の3人が3部屋ベッドルームにリビング、バス、トイレ共同といったフラットで一緒に生活、いわゆるルームシェアをして生活するのがごく一般的です
その他	フラット	リフォーム費用はかかるのに、フラット35などの住宅金融支援機構が提供するような非常に有利な融資は、残念ながらリフォームローンには適用できません
その他	フラット	フラットで打つストロークのように打点の真後ろ近くからラケットをボールにぶつけ、インパクト後もそのままボールが飛んできた方向へそのまま押し返す振り方をすれば、インパクト時の打感は相当なものになります
家庭	フラット	そういう時、細田はよく二十四番住居(フラット)に住むやよいに電話をして、途上国で暮らすということの気構えとか、力強く生活していくためのアドバイスを垂れていた
その他	フラット	が、アパートは玄関と部屋の境がハッキリと区切られておらず、脱いだ靴は靴箱などにしまわない限り、フラットな床の上にずーっと置いておくことになるんですよね
その他	フラット	その点「フラット3」はアウトサイドからの攻撃に対処しにくいし、3バックの選手が、サッカーで言うところの「門」になって、間にスルーパスを通される危険も大きい
その他	フラット	お互いに4−4−2のフラット気味の中盤だけに、ポジションごとに選手が噛み合うので、どちらかが積極的にリスクを冒すか、大きなミスをしない限り、お互いに崩れないしチャンスは生まれにくいからだ
その他	フラット	フラットロッカーの方が、ビンディングの間がフラットで、より普通のボードと 違和感無く乗れるって聞くんでフラットロッカーが欲しいと勝手に思ってるんだけど実際どーなのよ
音楽	フラット	21小節では、変イ長調に突然転調し、さらに変ハ長調などのフラット系の和音が出てきますから、22小節にかけて音色を徐々に曇らせていくと良いでしょう
音楽	フラット	デューク・エリントン楽団の演奏などを聞けば感じることができますが、管楽器がもっとも美しく響き合うのは、やはりフラットの調ゆえというところがあります
その他	フラット	フラット35S(20年金利引下げタイプ:省エネルギー性)については、別途「住宅事業建築主基準に係る適合証(住宅省エネラベル)」、若しくはエコポイント対象住宅証明書が必要になります
その他	フラット	いわゆるツアーバスのシートは普通の貸切バスとものと変わらずリクライニング機能は申し訳程度にしか動作しないはずだけど、控えの運転手が寝ていた運転席のすぐ後ろのシートは 160° くらい (ほぼフラット状態) に倒れていたので、貸切バスのシートのリクライニング機能には裏技があるに違いない
その他	フラット	本大会のコースは、世界的にも例がないほど高低差の少ないフラットなコースとして知られ、マラソンランナーの登竜門と言われ、大分県を代表する競技大会となっています
その他	フラット	100名くらい入るフラットのサロンでフルコンサートグランドピアノで、モーツァルト、ベートーベン、ブラームス、ショパン、リストの曲を順番に演奏しいろいろ意見も出し合って2時間があっという間に過ぎた
その他	フラット	今でも100万円のプリ、100万円のパワーアンプは売られているでしょうが、たかがCDを聴く為のフラットアンプ(プリアンプ)に何故100万円払うのか
その他	フラット	ブルーグラスはギター、バンジョー、フィドル、フラットマンドリン、ベース、ドブロ、オートハープ、ハーモニカ等のアコースティックの楽器で演奏し、テンポが早く、単純
家庭	フラット	デザイナー何とかと呼ばれる物件ほどには、フラット内も共用部分もさして凝ってなぞいない分譲マンションのそれにしては、少し広めのお廊下を急ぎ、自宅の前へと到着すると、鋼の扉の傍らに据えられてあったドアチャイムを押してみたが、
その他	フラット	新築一戸建て 町田市高ケ坂★1号棟★フラット35S♪エコポイント対象★浴室テレビ・食洗機・ミストシャワー・浄水器他設置★指紋認証キーでお出掛けも安心
家庭	フラット	夫婦2人の予算で、住居を比較的リーズナブルなフラットにした場合には光熱費と合わせて約900豪ドル、食費は時々日本食を外食した場合約1000豪ドル、交通費や趣味の遊行費、生活雑費が1100豪ドル、合計3000豪ドルとなり約25万円強で比較的快適な生活ができます
その他	フラット	【仕事内容】 住宅金融支援機構『フラット35』の審査基準をもとに、融資実行業務全般を担当していただきます 【具体的には】 ・融資審査後の住宅ローン融資実行業務全般 ・担保保全 ・登・・・
その他	フラット	ポゼッションの基本は「トライアングル(三角形の形=パスコースが常に2つ)」を作ることにありますが、中盤がフラットなのでこのトライアングルを作ることが難しいわけです
その他	フラット	周りに山が無いのと、フラットでひさしがない為夕日が殆ど天井まで当たるくらい低くなっていますがそれでもまだ明るく未だ30分くらいは日が沈みません
その他	フラット	ハ 土地整備(フラット型家賃減額による特定優良賃貸住宅で住戸の平均床面積が65平方メートル以上のもの又は再開発型特定優良賃貸住宅供給促進事業に限る
その他	フラット	ここグランデコはスノーモト全面滑走可能なスキー場で、初心者に嬉しいフラットな緩斜面から大小様々なキッカーやウエーブ等のアイテムも充実しており、どんなレベルの方が滑りに行っても満足出来るゲレンデでした
その他	フラット	札幌の最終ラインは4人がフラットに並んでゾーンディフェンスをするのだが、その人と人の狭間に東京Vの3トップが上手くポジションを取ったため、必然的に平岡康裕、吉弘充志というセンターバックは常に2人の選手を同時に見ながらのプレーを強いられ、苦しんだ
その他	フラット	新築一戸建て 藤沢市長後★フラット35S♪エコポイント対象★駐車2台可★浴室テレビ・ミストシャワーでゆったりバスタイム♪★最寄駅から江ノ島・新宿へ直通
家庭	フラット	何部屋かあるアパートや一軒家を何人かで借りて共同生活をするフラットシェアまたはハウスシェアと、アパートの1部屋を親しい友人などと共同で借りるルームシェアがある
その他	フラット	わたしの愛車スウィフト(軽自動車のような普通自動車)の後部座席は、クラシック・ギター2台、フォークギター1台、バンジョー1台、フラットマンドリン1台の計5台の弦楽器のほか、譜面台などの小物入れの籠でぱんぱんになった
その他	フラット	別にハイテンションでいる必要はないが、あんまりにも暗かったりテンションがフラットだったり低かったりすると女性はちゃんとそういうにおいを察知してくる
その他	フラット	装着して触ってみるとわかるのですが、フェンダー(外側)とインナーをビス止めする部分にフラットに横に伸びる箇所がありそこをタイヤショルダーで擦ります
家庭	フラット	2ヶ月分の家賃(1ヶ月分はフラットを出る時に戻ってきます)、政府へ納めるお金、そして不動産屋を通した場合は不動産屋へのコミッション、合わせて家賃の大体2
その他	フラット	TTポジションではハンドルのフラット部分に前腕をのせて走りますが、それと同じポジションで走るときはシフトワイヤーを掴むと上体が安定するんですね(もちろんDHバーのようにはいきませんが)
その他	フラット	フラットから谷落としに入ったら、スキーの先端内側から雪面を切り込んでいくようなイメージで舵取りにうつる→スキーのカーブに逆らわずしっかり圧を加え、切り込むように乗り込んでいく
その他	フラット	雄大な阿蘇外輪山の麓に広がる、「阿蘇大津ゴルフクラブ」は設計者・服部彰氏の手による、フラットで広いフェアウェイと、高い戦略性を兼ね備えた本格的チャンピオンコース
その他	フラット	年齢間の収入がフラット化した場合、我々は比較的若いうちから高給を得るチャンスが期待できる一方、学齢期の子どもを抱え最も生活コストのかかる時期に収入が期待できなくなるリスクを同時に抱える
その他	フラット	とりあえず浦和でPK戦といえば懐かしき04年チャンピオンシップを思い出すわけですが、そのときは不思議に「あ、勝ったな」という感覚があったのですが今回はまったくフラットな感覚
その他	フラット	日本住宅ローン株式会社(MCJ)は、公的機関である独立行政法人住宅金融支援機構が実施する証券化支援事業(フラット35)を利用することで、長期固定金利型の住宅ローンを安定的に提供し、より魅力ある商品の設計やお客様へのサービスをご提供するためにつくられた、個人向け住宅融資専門の金融機関(モーゲージバンク)です
その他	フラット	フラット35買取型フラット35(保証型)埼玉越谷sbi住宅ローンsbiモーゲージりそな銀行みずほ銀行日本住宅ローンジェイモーゲージ住宅金融支援機構すまい・るパッケージキャッシング
その他	フラット	中でも注目なのは住宅金融支援機構がバックアップする「フラット35」と、土地購入などを含めた住宅資金の総費用を全額カバーする民間金融機関の「ミックスローン」でしょう
その他	フラット	基本は「ソフトスパイクタイプ」の50tiと30tiですが、より高い効果をお求めの場合は、デュアル・インシュレータシステムとして「ソフトスパイクタイプ」と「フラットタイプ」を2段重ねで使用していただくと効果絶大です
その他	フラット	まあ、俺なんかは了見の狭い人間で、若干の僻みと共に学生なんざに週休二日など100年早い贅沢だなんて思ってるので、「ゆとり教育」がどうなろうが知ったことじゃないが、とりあえずフラットに今回の騒動を見ていると、そういう議論もどうだかな、と思うわけだ
その他	フラット	クレディセゾン (8253)[終値655円]住宅金融支援機構と提携し長期固定金利の住宅ローン「フラット35」の取り扱いはじめる ・2009年1月景気動向指数速報 一致指数89
その他	フラット	しかし、昨今のジャム系バンドのようなナチュラル感やフラット・ピッキングによるルーサー・ディッキンソンの浮遊感のあるギターは、新世代ブルースの典型となり得る
その他	フラット	機構についてのよくある質問(旧公庫融資) 機構についてのよくある質問(【フラット35】) 機構についてのよくある質問(つみたてくん/マンションすまい・る債) 財形住宅融資についてのよくある質問
その他	フラット	DOOR賃貸の物件DBでは、アーバンライフ柘植の賃貸情報以外にも、最寄りのエミネンス、フラット立石服部町B、ワシントンコーポラス、グリーンゲートコート伊賀、ディッチポンド、コアクレスト、サンヴェルデ、ヴューパレス緑ヶ丘といった多数のマンション・アパート情報を掲載しています
その他	フラット	男の新習慣「マユ・フェイスケア」 ◆手軽に使えるペンシルタイプ ◆ウブ毛用刃・マユ毛用刃の2WAY◆フラット&ナチュラルの2種類のアタッチメント付 ◆掃除用ブラシ ◆アタッチメント収納ポーチ ◆電池式:単4アルカリ×1(別売)
音楽	フラット	遅い(オソイ)曲(キョク)や小節(ショウセツ)に音符(オンプ)が少な(スクナ)ホルン(ト音記号(オンキゴウ)、フラット2つ)の楽譜(ガクフ)をトランペット、トロンボーン、アルトサックスで吹く(フク)には楽譜(ガクフ)をどのように直し(ナオシ)たらいいでしょうか
その他	フラット	さらにそれを越えれば16800円M−フラット抵抗線にからむ一目均衡表先行スパンの雲の出口で有り、16755円で横推移が長い先行スパン2が行く手を阻む
その他	フラット	アンプ部は、録音・再生フラットアンプを全段左右ツインモノ構成とすることで相互干渉を抑え、信号の流れに沿ったコンストラクションとすることで前段、後段の干渉を抑え、同時にDCアンプ構成を採用しています
その他	フラット	本市は内陸住宅地の面積6平方キロメートルに6万市民が住まわれる小さな町ですが、山や坂がないフラットな地形のため、元来バリアフリーで子どもたちも高齢者の方々も住みやすい町だと感じています
その他	フラット	青の「ATA フラットケーブル」のコネクタは、比較的簡単に外れると思いますが、赤の「電源ケーブル」のコネクタは、通称「根性コネクタ」と呼ばれるモノで、ものすごく固くて外しにくいです
その他	フラット	ただ、私たちがフラット35を起用したいのですが、住宅性能試験を受けていない物件のためこれから金額は買主負担で試験を受けてもらい合格した場合のみ購入、不合格であれば契約白紙撤回の文言を契約書に載せた上で契約を結ぼうかと思っています
その他	フラット	わざわざテレビで報道するくらいのことですから、フラット化した社会システムというのが、アカデミアの現場でさえも一般的ではないということなので しょうか
その他	フラット	ニッティ・グリティ・ダート・バンドが2曲、そして以前来日したこともあるヘザー・マイルスなど注目だが、フラットマンドリンが印象的に奏でられるスコアがいくつかあった
その他	フラット	トルシエ ジャパン時代はフラット3 と呼ばれる3バックの右サイドで不動のレギュラーであり、2002年 の日韓W杯 ではベスト16入りに貢献した
その他	フラット	DOOR賃貸の物件DBでは、グリーンピア大枝の賃貸情報以外にも、最寄りのフラット、ロイヤルむらかみ、サンセット藤、グラシューズ桂、エクセレンス、ルミエール桂、リジョイス桂、ウエスト ヒルといった多数のマンション・アパート情報を掲載しています
その他	フラット	譜面に添えられた文が面白く、たとえば「50年代はセンチメンタルな10年間で、12/8のバラッドはスロウ・ダンスに欠かせないものでした」とか「ロッカ・ブギから最初に派生したストレート(フラット)なエイト・ビートは~~このスタイルは、カンサス・シティのブギ・ウギに初めてその姿を現したのです
家庭	フラット	みんな知ってると思うけど、僕は11日から住むところがなくて、ホームレスだったのですが、いろいろその前からフラットを探してたのですが、12日に行ったところが一番よくて、3人でシェアして住むことを決意し、13日に契約を大家と結んで14日に俺一人移ることになってました
その他	フラット	会社がフラット35の窓口をおこなっており、そこの窓口経由で新築マンションの購入のために融資を受けることになり、申請書類を提出し審査も通りました
その他	フラット	*2につき妹尾さんの補足アドバイスとして「一人目が内側に走り込みディフェンスを引き付けた場合、二人目へのパスはフラットではなくリアサイドへのポップぎみのパスが有効」
その他	フラット	まず、はやりのキーボード分離型とするため、 キーボードと基盤の間をつないでいるフラットケーブルを、何のノイズ対策もせず、 そのまま延長しました
その他	フラット	それを2作続けたので、今回はちょっとフラットな感覚で、自分たちから出てくるいい部分をもっと大切にしながら、新しいことにもチャレンジしようという意識で作っていきました
音楽	フラット	ア○ネス・○ャンさんの曲で、フラットが4個の明るい曲だったが、もし楽譜のオクターブ上でやる、と云う事になったら、わざわざ取りに帰らなくても良かった事になるので、どうかな、と思ったら、やはりアルトが無いと出来ない実音記譜だったので、タクシー代と労力は無駄には成らなかった、と云うわけ
家庭	フラット	今はまだホテル暮らしで、フラットを借りた後も、データカードが利用できるなら、家にADSLをひかずに、それを利用してもいいかな、と思っているのですが
その他	フラット	それぞれのグリップはボールにスピンやフラット、スライスといった所望の回転を与えるためにあるのではなく、打点の高さに合わせるために適したグリップがあると考えるのが妥当ではないかと思うのです
その他	フラット	基礎テクニックから実践的なモーグルテクニックはもちろん、フラットやオフピステ、そしてファーストトラックの経験を通じてスキー全体のレベルアップ向上を目指すスーパーキャンプです
その他	フラット	桧原湖、野尻湖におけるスモールマウス狙いでは、スプリット、ライトキャロでのフラット攻略やダウンショットのシューティングに、琵琶湖では北湖の数釣りに圧約すること間違いなしです
その他	フラット	しかも、フラット3の戦術で相手に攻め込まれた場合、サイドバックが最終ラインに 吸収されてしまいますが、その際でも中村は前線へロングパス1本で戦況を変えるこ とができる選手です
その他	フラット	トルシエはフラットスリーとオートマティズムを重要視し(自身のサッカー観として、オートマティズムなど組織的な面が60%で占め、30%が個の力、10%が不確定要素と発言したことがある)、ボールの位置や状況に応じて選手が自動的に動けることを理想とした
その他	フラット	●「フラット」金利50年固定の新型・・・住宅金融支援機構は2009年4月をメドに、金利を最長50年間固定する新型の住宅ローン「フラット50」を発売する方針を固めた
その他	フラット	フラット35S(優良住宅取得支援制度)とは、SBI住宅ローンをお申し込みのお客様が省エネルギー性や耐震性、バリアフリー性などの要件を満たす住宅を取得される場合に金利の引下げを受けることができる制度のこと
その他	フラット	今回は、レベリングシンナーにフラットベースを加えて塗ってるんですが(理由:前に衝動買いで特大ボトルを買ってしまったため)、ちょっとフラットベースが足りなかったか、やや半光沢気味です
その他	フラット	競技方法:指定コース(フラットバーンで一部ポコジャンあり)内で、スノーボードによるグランドトリック(板を使って擦る、搾る、弾く、回るなどして自由に滑走する技術)を競う
その他	フラット	最近のラケットは反発力が優れているため、フラットに打つと、ボールが飛びすぎてしまうため、トップスピンを用いることが多く、フラットで打球するのは、ごく限られた場面のみになっている
その他	フラット	「フラット化する世界」という著名や著作がありますが、著者はグローバリゼーションが進展した結果、金融の世界においては「世界はフラット化していない」という結論に達しています
その他	フラット	また、ワールドユース、ワールドジュニアユースの若手選手たちが見せるフラット3の見事さは、氏の影響力がよい意味で日本の多くの若手選手たちに伝播された事をよく示している
その他	フラット	回路構成は、イコライザー段が、差動2段、3段直結A級動作で1kHzの許容入力は600mV、RIAA偏差は±0・2dBであり、フラットアンプは、初段化スコード接続2段純コンプリメンタリー・パラレルプッシュプルA級出力段で、出力インピーダンスは600Ωである
その他	フラット	ジャンプストップ、ブロックジャンプはフラット着地、膝の力は抜いておくことが大事で、ジャンプをする時は踵で踏み出して、連続的に何度かとんで徐々に高く飛ぶように6段階ぐらいにわけて飛びました
その他	フラット	なぜか、このスペクトルはこれまで用いてきた giphs、ANL で 作成したスペクトルよりもややフラットで少ない吸収のベストフィットを 与えるようである
その他	フラット	出演は世界的フラットマンドリンの名手、宮崎勝之氏や アコースティクギター界では知らない人はいないと言われる岡崎倫典氏をはじめ全国各地で活躍しているフォークシンガーが集結
その他	フラット	さて福岡(フクオカ)は週末(シュウマツ)も厳し(キビシ)く今日(キョウ)もフラット明日(アシタ)から数日(スウジツ)暖かいので波(ナミ)のアップは・・・厳し(キビシ)そうです
その他	フラット	スタッフコメント:陽当たり良好、閑 静な住宅街、外観タイル貼り、フラット35適合物件、ペット飼育可弊社インテリアコーディネーターによる新規リノベーション、砧公園まで徒歩2分
その他	フラット	BP/BLレガシィにおいては、低中速域のリニアなレスポンス、フラットなトルク特性に仕上げる事を重点に置き、開発~完成に至るまで実に数千キロに及ぶ実走行テストを行い完成させました
その他	フラット	○吉岡道路課長 今回につきましては車道と歩道もあわせて施工いたしますので、その辺につきましては、バリアフリーが目的でございますので、歩道を車いすでも通行しやすい状態にするということでフラット化を図るということで、その辺は道路としては全面的に歩道も車道も改良工事をするという形になります
その他	フラット	この度、不動産業を業務として取り入れることで、お客様に対しては、物件の紹介から紹介した建物の劣化診断、耐震診断、リフォーム、融資適合証明書の発行、フラット35の融資取次等、不動産の総合サービス業をめざしていきたいと思います
その他	フラット	[フラットな荷紐を使い、きれいなウィング]は予想通り繊維が細く分裂しウィングの形状は失われていたし垂直に立てたウィングがテールに向かって寝てしまっていた
音楽	フラット	ピッコロクラリネット、アルトサクソフォンのようなEs管楽器にとってすら「変イ長調」としてとることになってしまって、かなりややこしい(管楽器は「フラット系の調」は吹きやすくても「フラットのついた音」はむしろ苦手であることに注意しませう)
その他	フラット	小さい腰当てを適度に起こせば、腰の負担を減らして長時間座れるランバーサポート仕様で、背もたれをフラットにし、小さい腰当てを無理のない程度に起こしてストレッチできまるストレッチ機能つきです
音楽	フラット	Dフラットを基音に、パレスタインの妖しげな声、トニー・コンラッドとリス・チャサムによるストリングスの音色が重層的に絡む「Db」は、永久音楽劇場を彷彿とさせる恍惚のドローン
その他	フラット	一度はロックを死の縁にまで追いやるも、フラットの登場によって阻止され、後に再修行を行ったロックと激闘を繰り広げ、僅差ながらもロックの前に膝を突いた
その他	フラット	まず印象的なのは大きなフラットな屋根のなかにホール、体育館、スポーツジムとプール、会議室や和室、喫茶、図書室などたくさんの機能を配置している事である
その他	フラット	しかし、これまでの鶏卵パックと異なり、上部がフラットのパックが多いため、国内で最も幅広く利用されている鶏卵パックの物流兼陳列什器であるロールインナーに卵パックを積み重ねた場合、滑り落ちる問題を抱えている
その他	フラット	船底前半部の形で風上への帆走を効率良く走り、後半部のフラットな部分で追い手の 風のパワーを存分に使うという、最近の西洋型レーシング・ヨットと似た船型だ
その他	フラット	案の定フラットなディフェンスラインで相手の背後を突く動きとパスというのがキーになるという話をしていて、前半は平瀬が競った後だったり、梁からのスルーパスだったりというところで反応してくれていたので、彼が今日、そういったところで相手に対してスピードの脅威を与えてくれていたと思います
その他	フラット	サーブも同様で、まだ自分のモノにしていないことに加え、スピン系もフラット系も必要以上に回転がかかり跳ね上がるので、かなり後ろに下げて打たせてしまったり、バウンドが急激に変わってしまうこともありどうにもなりません
その他	フラット	フラットな言語英語の独自性を強調するべきところなのだが、他の印欧の言語にはTVがあるので、翻訳でその微妙なニュアンスの違いが出せないことがよくあるともいう
その他	フラット	そもそもフラットヘッドからはパーツ、それとコンプリートエンジンとしてナックルヘッド、パンヘッド、ショベルヘッドがリリースされていましたが、現行のさまざまなコンポーネントを利用しつつエンジンをナックルヘッド、しかも高性能なリプレイスエンジンとして取り換えるという意欲的な試み
音楽	フラット	クラリネットの場合は「シのフラット」や「ラ」、ホルンは「ファ」だったり、他にもトランペットやテューバ、オーケストラの中に常時いるという訳ではありませんがサキソフォンもそうです
その他	フラット	住宅設備機器の標準仕様として、台所には人造大理石天板付きシステムキッチン、浴室にはフルフラットなシステムバス、洗面所にはシステム洗面ユニット・洗濯スペース・リネン庫、トイレにはセンサー付きシャワートイレ・収納棚、給湯設備は追い炊き付きオート給湯器等が設置されているところが多いようです
その他	フラット	4月20日にチューリッヒ/ニューヨーク線に初就航するエアバスA330型は、フルフラット型の新ビジネスクラスなど、顧客の声を十分に反映し、「スイス基準」に
その他	フラット	■メルセデスにしては珍しくスタイリング重視のファットなホイールを装着しておりますが、ABC(アクティブボディコントロール)と呼ばれる車高調整機能付きの油圧サスペンションにより、信じられない程フラットな乗り心地を確保しております事ももうひとつのSL500の魅力でしょう
その他	フラット	ハンホンからハンマンにかけての土産屋・雑貨屋街には楽器屋もごろごろあって、まず驚いたのは、どの店にもフラットマンドリンがたくさん陳列してあること
その他	フラット	フラットなラインとゾーン重視のディフェンスをやめて、自陣に下がってボールを奪う(96年アトランタオリンピック、98年ワールドカップのように)か、あくまで今のままラインを高く保ち、中盤のプレスで高い位置でボールを奪うかのどちらかである
その他	フラット	女性におすすめのゴルフ場⇒ 津軽高原ゴルフ場 ・口コミ(クチコミ)評判※100件 ・予約カレンダー フラットな地形と自然を生かしたレイアウトアーノルド・パーマの手による18ホール
その他	フラット	プルシェンコ選手・ヤグディン選手・クーリック選手・キャンデロロ選手・ランビエール選手スルツカヤ選手安藤選手フラット選手ナガス選手と結構節操無しに好きな選手がいます
その他	フラット	“歌唱”いうよりももっとフラットな“朗読”、感情を切々と“歌い上げる”と言うよりも感情を切り削いだ“言葉の音符を声に変換”したような不思議な発声法
その他	フラット	相手が最終勝負の「起点(フリーでボールを持つ選手)」を作り出した状況における、フラット守備システムの神髄ともいえる「最終勝負のラインコントロール」(決定的スペースへ飛び出す相手を、分かっていて行かせたり・・もちろんオフサイドタイミングだから・・はたまた、インターセプトしたり・・)
その他	フラット	Colibri 折りたたみシガー用灰皿・ブラック(フラット・パンチカッター付き) フォールディング灰皿にシングルブレードカッター、パンチカッターが付属する、珍しいタイ
その他	フラット	グレーシャー国立公園と広大なフラットヘッド・レイクに始まり、ボブ・マーシャル野生地域、宝石を散りばめたように散在する湖を望むハイキングエリア、フラットヘッドの自然と景色の素晴らしい川、そして長くて美しいビタールート・バレー
その他	フラット	青垣地区の遠阪川沿いのフラットで走りやすいコースで、ハーフ、10km、5kmのマラソンの部と、ご家族・お友だちで気軽に楽しめるジョギングの部があります
その他	フラット	商品について背もたれ部分はフラット状態を含めて14段階と細かく角度を調節する事ができます その時の気分に合わせて思い通りの角度で体にフィットさせる事ができ あらゆるシーンに合わせて自由にくつろぐ事がで
その他	フラット	初出場の鈴木選手もリベンジの安藤選手も悲しみ中頑張ったのロシェット選手も受験生フラット選手も最終演技でノーミスだった長洲選手も素晴らしかったです
その他	フラット	フラットティースプーン ナチュラル雑貨のオルネ ナチュラルテイストな生活雑貨、キッチン雑貨、文具雑貨、ガーデニング雑貨、服飾雑貨などをご紹介する通販サイトです
その他	フラット	アメリカではギブソンなどのフラット系のマンドリンは、我々の呼ぶ(ラウンドマンドリン−ボールバックタイプ)マンドラテノールはオクターヴ・マンドラと呼んでいて、コントラルトがテノールマンドラと呼ばれる}
その他	フラット	DJ TASAKAのサウンドのイメージはテンポ早くてファンキーで、ちょっと笑えるサンプルとかが入ってくる感じの音楽だよねと思っている人にこそ、フラットに接してもらえたら
その他	フラット	ただ、1部のメーカーの商品には、コンケイブ(滑走面よりエッジのほうが高い状態)のものがありますので、ショップのほうでフラットチェックをしてもらい
その他	フラット	回生ブレーキを使用することにより、列車の消費電力を削減(力行時と制動時で相殺)出来るほか、特に空気ブレーキとして踏面ブレーキを採用している車両においてはタイヤ摩耗率の低下やフラット発生による乗り心地悪化の抑止が期待でき、また地下トンネル内の温度上昇の問題も軽減できる
その他	フラット	※フラット35の技術基準に適合していることを証する「適合証明書」をマンション全体で取得することを予定するマンションとして住宅金融支援機構に登録したものです
その他	フラット	■平成8年1月築の4LDK■敷地面積約35坪の整形地■カースペース2台分有り■鶴間駅よりフラットなアプローチ■東側4m公道・道路との高低差無し■全居室6帖以上・2面採光■1F和室には床の間有り■室内きれいにお使いです■平成21年7月屋根塗装・外壁塗装実施済み
その他	フラット	)のフラット35や国の住宅性能評価(既存住宅)などの手続きに活用できるよう機構が定める維持管理の基準等を満たしているマンションについて登録します
その他	フラット	過去、名古屋を率いていたアーセン・ベンゲル(現アーセナル監督)は選手を立たせ、 ボールを転がすところから始めてフラット4のリアクションサッカーを教え込んでいた
その他	フラット	神戸で暮らしているみなさんが神戸を楽しみ、行き来し、活気を取り戻すために、お年寄りが活き活きと暮らすことで、疾病予防にもなるように、市が管轄する乗り物はフラット料金・乗り放題を目指します
家庭	フラット	噂によると既にウィリアム王子のロンドンの住居であるクラレンス・ハウスの鍵を渡され、チェルシー地区に妹のピッパと住むフラットがあるのだけど、既にウィリアム王子がいない時でも、
音楽	フラット	ピアノを長いことやってたってこともあるのかもだけど、同じドでもフラットかかってたりシャープかかってたり、真中のドじゃなかったり、 伸ばした音がぶれたりするのが分かるの
その他	フラット	フラットなトルクによる加速は、市街地で不満を覚えることはないが、中間加速ではなかなかシフトダウンしないし、シフトダウンしたとしても、回転差があってギャップを感じてしまう
その他	フラット	2980円以上送料無料/フリーダムアクティ さわやかフラットタイプ/介護用 排泄用品/ブランド:フリーダムアクティ/【発売元、製造元、輸入元又は販売元】日本製紙クレシア【商品詳細】●愛情こめた、ゆった
その他	フラット	どれも一長一短あるんだろうけど、俺はバートンのSIを2シーズン使ったけど、パーツ破損で、今シーズンからシマノのブーツとK2のフラットタイプ・ビンディングです
その他	フラット	日本代表は98年のフランスW杯のあとでトルシエ監督が就任してからDFをフラット3で取り組んできて、00年にはオリンピックでベスト8進出、アジアカップでは優勝するなど成果をあげてきた
その他	フラット	ついでにROMEに付けてるSPDペダルを組んでもらってる自転車に付けてもらい、ROMEはフラットペダル(最初から付いててやつ)に戻してもらった
その他	フラット	◆LPレコードの再生中の、パーフォンマンスを阻害する、共振と振動を阻止する為に、LPレコードをスピンドルに対し、フラットに固定する重量級のスタビライザーを付属
その他	フラット	カヌーはフラットウオーター二百メートルの予選などがあり、カヤックフォアで男子の坂出工(三谷、多田羅、松尾、冨田)が決勝進出を決めるなど計10種目が9日の競技最終日に残った
その他	フラット	夏はサマースキー(氷河スキー)のエリアになるテスタグリージャからトロッケナーステッグまでのコースはとても広くフラットで、すっごく気持ちいぃのですが、なんといっても、ここは氷河です
その他	フラット	『究極のアコギ練習帳 テクニック強化編』を買ったものだから、フラットトップギターでもピック弾きをするようになって、その当初はSchecterのセルロイドのMediumを使っていたのだが、弾いているうちに、これはちょっと厚すぎるのではないだろうか
その他	フラット	それに書いてある内容が情景描写が主で登場人物の心理描写が殆どないことや、伏線と思われるものが(殆ど)なくてただ起きたことがベターッとフラットに書いてあるため盛り上がりが全く感じられなかった
その他	フラット	内蔵プリをフラット状態でアンプをセッティングした後にミッドを軽く調整して音作り→曲によってあるいは曲 中にトレブルをコントロールして前に出たり後ろに回ったり、という感じでいまは試行錯誤しつつ使っています
その他	フラット	馬場のメインウェポンといえばダウンショットであるが、彼の場合減水期の萩尾のようなどフラットな場所にバスが散っている場合でも、ひたすら定点でのダウンショットで耐えれるタイプである
その他	フラット	村山泰啓、加藤賢一、五十嵐喜良、森弘隆、 アラスカ・ポーカーフラットにおける MFレーダーで観測された1日・半日周期風速の変動(その2)、 地球惑星科学関連学会2000年合同大会、国立オリンピック記念青少年総合センター、 東京都、2000年6月25日
その他	フラット	そしてこの御方もクリ~~~ンなノーリーです☆ココでまたお節介な解説ですが、フラットバンクでは面に対して昇り→下りに向かう直前のギリギリ進んでいる時にテールをヒットさせるのが基本のポイントだと思います
その他	フラット	1996年にヴィンテージショップを前身とした長野発のフラットヘッドは、1950年代を中心とした、すばらしい構造と機能性を兼ね備え、独特の雰囲気さえ持っていた 古きよき時代のヴィンテージウエアのディテールと、フラットヘッド独自の現代の最先端の技術をブレンドしたモノ作りをコンセプトにした 今最も注目されるアメカジブランドです
その他	フラット	演奏にはギター、フラットマンドリン、フィドル(ヴァイオリン)、5弦バンジョー、ドブロ(リゾネーター・ギター)、ウッドベースなどの楽器が主に使われる
家庭	フラット	家具付きでブロードバンドでのインターネットアクセスが可能なベッドルームが2部屋から8部屋で1フラットになっており、ファンデーションコース、グラデュエート・ディプロマコース受講生として利用することができます
その他	フラット	毛の質・長さ・毛先・斜めフラット面の効果によって、ファンデーションの肌への広がりの良さがありながら、薄く均一に密着させることができ、カバーしているのに素肌っぽい完成度の高い美肌に仕上げるという
音楽	フラット	十数小節でハ短調(フラット3つ)から猛スピードでロ短調(シャープ2つ)まで来て、その勢いでジャンプするみたいに一挙に嬰ハ短調(シャープ4つ)へ
スポーツ	フラット	後半疲れの見える赤岩選手が4分50秒から5分フラットのペースで周回を重ねるところ、真田選手は4分30秒~40秒台を常にキープし、暑さもホコリもものともせずにぐいぐい引き離し、終盤の44周目のスネークコーナーで一気にトップに躍る出ると、59周を完走し、2位の赤岩選手に2分程度の差をつけてトップでチェッカーを受けました
その他	フラット	加えて自転車を買ったばかりでシューズまで買う余裕がないし、かといって手持ちのスニーカーではビンディングペダルを踏みにくいし、どうせなら街乗りにも使いたいので、普通のスニーカーでも乗りやすくするために、フラットペダルを買って交換することにしたのです
その他	フラット	ちなみに、上記のセオリーで、僕は家の前の海辺で、満潮時に15分もあれば、45cm前後のフラットヘッドを釣ることができるが、上記のセオリーを少しでも外すと、全く釣れないので、お気をつけください
その他	フラット	つまりフラットなグラウンドはボールをだ円にすることでイレギュラーバウンドになるし、ゴルフボールは、つまりアンフラットだから真円でもイレギュラーする
その他	フラット	「財形住宅融資」などの公的融資を除いて、 「フラット35」や金融機関の住宅ローンは、 不動産売買の契約した時点での金利ではなく、物件の引き渡し時の金利が適用されます
その他	フラット	「パケットし放題 for スマートフォン」「パケットし放題フラット」「パケット定額Biz(ブループラン用、新規受け付け終了)」などで定額適用の対象の「PCサイトダイレクト」機能によるインターネット接続が可能で、ユーザがインストールしたアプリでの通信についても PC サイトダイレクトでの接続であれば定額となる(「パケットし放題」「パケットし放題S」でも定額利用可能だが上記よりも上限額が高額になる
その他	フラット	フットサル場には人工芝タイプ(屋外はほとんどこれ)と体育館タイプ(屋内はほとんどこれ)があり、人工芝タイプでは底面にポイント(凹凸)が着いたものを、体育館タイプでは底面がフラットであめ色のものを選ぶ必要があります
その他	フラット	両方真実だったり、両方ウソだったりする場合も多々あるけど、後はその人の好みってゆうか血ってゆうか、当事者なのに完全にフラットな感情ってのはあんまりないと思うんだ
その他	フラット	『第3回ジャパンショートトライアスロン大会』は、水泳は運河のようなところを泳ぎ、バイク・ランは埋め立て地を走る、フラットなコースで、トライアスロンの醍醐味である大自然の中で思いっ切り走り回る、と言う感じではありませんでした
その他	フラット	誠実にして切実さがこみ上げてくる『いのちの現場から』シリーズのいい部分と、フラットにきれい事ですませようとするこのシリーズの悪い部分とが交互に出た第8週
その他	フラット	中盤も、(うちのトップページのような)菱形ではなく、ワイドにフラットに並んだ中盤・・・しかも時に、その両ワイドの選手が、ディフェンスラインに吸収される5バックといっていいような形を取っていた
その他	フラット	そういう友人には、フラットさんの本当の考えを冗談めかしてでも口にできるかもしれませんし、その友人も、真正面からではなくても、ワンクッション入れて、柔らかく返事を返してくれるかもしれません
音楽	フラット	音楽表現としての色彩感は、和音の基音(root)からの倍音列 からはずれて、半音下がるフラットが付く数が増えるほど暗く、 逆に、すべて倍音列の上に乗るものが一番明るく聞こえる のです
その他	フラット	もうひとつはトルシエジャパンでもお馴染みのフラット3ディフェンスで、オフサイドラインをインテリジェンスにコントロールすることで「スペースそのものを無くす」ことを目的としている
家庭	フラット	リリーは、ジェイミーの親友でもあり、フラット(舞台となっているイギリスでは普通の、部屋数の多い家を数人で借りる形態の住宅)で一緒に暮らしてもいる
音楽	フラット	(例・フラットが二つ、シのフラットとミのフラットの順にある→拍子側から二つ目の音はシのフラット、だからシのフラットを日本音名に直して、長調ならば変ロ長調)
その他	フラット	一見スタンダード風のハンドルは幅を若干詰め、エンド部分は約30mm手前に、下に向かずフラットな形状のタイプに変更し、スポーツ走行時にはライダーの上体にゆとりを持たせ、押さえの効くポジションをつくりました
その他	フラット	上海体育 場をスタートし、新しく開発された外環路を通って、上海の副都心といわれる虹 橋路などを望みながら同体育場に戻る高低差のあまりないフラットなコースを走 る
その他	フラット	フラット35は土地を買って、注文住宅を建てる場合でも使用できます(土地を住宅銀行の住宅ローンで借りて、フラットの融資時に土地のローンを繰り上げ返済する方法)ので、当社では、フラット35を利用するお客様が多いです
その他	フラット	H:フラット走法というのはあとからついた名前で、高橋尚子選手の動作を分析して、当時、短距離の世界でも、カールルイスとか一流選手を分析していく中で、膝・足首を固定したままでどちらかというと股関節を中心に動かしている〜といわれ始めた頃だったんですね
その他	フラット	PHASERシリーズは、直動アクチュエータとして評価され、自動生産設備の駆動軸として実績を築いてきたが、近年、市場からは製品の小型化、フラット表示パネルに代表される比較的重さと大きさがある物のハンドリング、生産設備のさらなる高効率化、小型化、低価格化への要望が高まってきた
その他	フラット	「フラット35」の融資を受けるには、住宅が一定の技術基準に適合しているかどうか物件検査(1設計検査、2中間現場検査、3竣工現場検査、の3種類)を受け、「適合証明書」の交付を受ける必要がある
その他	フラット	カヌーの国際大会出場権を懸けた府中湖レガッタは26—30の5日間、坂出市の府中湖競技場で男女年齢別のフラットウオーター29種目(1000、500メートル)を行い、一般12種目の1位が北京五輪アジア予選(5月・石川)の出場権を獲得した
その他	フラット	52Darling社のセクシー&デリケートなローライズサイドストリングショーツのご紹介☆ストレッチコットン&フランス製ストレッチレースだからいつでも快適サラサラ♪サイドストリング部分はフラット・シームレスだから着心地最高
その他	フラット	フラット35は 米大統領が住宅ローン救済策住宅ローン 方がスムースにすみ 住宅ローン控除・確定申告 住宅ローン控除の確定申告は、最寄の税務署で行ないます
その他	フラット	辺戸岬の入口にあるトンネル、宜名真トンネルまではほぼフラット、風の影響も無く快適で負荷のかからないサイクリング、暫くすると先導のオートバイ、それに続くサイクリングリーダー、の後には5名ほどのチーム・ひぐちの面々が占めるようになった、皆ピンクゼッケンだ
その他	フラット	ティピ・ポール酒場での演奏で出会ったフラットヘッド・インディアンの姉妹、温水のチェスとチェッカーズの二人が加わり、彼らはバンドで食っていこうという目的を持ち、努力する事に目覚めていく
その他	フラット	雁木の軒並みを揃えるということも大事ですが、「あいぼ」歩こうという趣旨からすると一番大事なのは道路面をフラットに平らにして歩きやすい道にしなくてはならないのではないかと思います
家庭	フラット	私の借りているフラット(英国式一軒家のアパート)は、私の学校まで徒歩5分、子供たちの小学校へも徒歩5分、商店街、鉄道やバス駅にも近く、便利な場所にあり ながら、静かな住宅街に位置しています
その他	フラット	また高慣性モーメントヘッドでは、ヘッドの回転が少なくギア効果が小さいためトウ・ヒール方向のフェースラウンドをフラットにした「フラットバルジ」を採用し、ボールの打ち出し方向とサイドスピンを適正化し、ボールがセンターに戻る
音楽	フラット	あいかわらず、音程の細かいブレや、音域が極端に狭い(ソプラノと大差ない軽いメッゾなのに、Bフラットが一杯)など弱点の多い人ですが、その枠のなかで順調に成長が感じられました
その他	フラット	露光機構は、内面ドラム方式、外面ドラム方式、フラットベッド方式等の何れでもよいが、総出力20mW以上となる様な、マルチビームの露光装置が好ましい
家庭	フラット	フラット(アパート)を借りる場合、日本と同じようにオーストラリアに住む保証人が必要なことがほとんどですし、定職がない場合は、借りられるフラットが限られてしまうからです
その他	フラット	(独)住宅金融支援機構は3日、長期固定金利住宅ローン「フラット35」の金利優遇制度である「フラット35」Sの受付を、4月14日より開始すると発表した
その他	フラット	これらの特徴は楽器用アンプを音作りの一環として用いるエレクトリックギター用アンプに著しく、楽器本体である程度音が完成されているキーボード類では比較的フラットで低歪率のものが用いられる
音楽	フラット	このペダルが上がっている状態がフラット、一段押し込んでナチュラル、下に踏み込むとシャープ・ポジションになり、たとえば一番左のペダルを下まで踏み込むと全音域のHが一斉に半音上がりHisすなわちCになります
その他	フラット	設計図書がない中古住宅の構造(耐久性基準、準耐火構造等)を検査するための提出書類 「中古マンションらくらくフラット35」でHPに掲載しているマンション
その他	フラット	ペンプロッターには、記録紙を平らな台に固定し、ペンを縦横に移動する「フラットベッド型」の他に、両端に連続穴の開いた記録紙をスプロケットの付いたドラムで移動する「ドラム型」、記録紙を上下からローラーに挟み、摩擦で移動する「ペーパームービング型」といった形式があるんや
その他	フラット	80年代的なオタク女子のような、フラットな会話のやりとりがなじめなかったし、久留里とハルだけの関係がクローズアップされすぎていてそれはそれで貧弱なものを感じたのである
その他	フラット	北京五輪第14日の21日、カヌーのフラットウオーターの女子カヤックペア五百メートルは、予選で上位6組に入れなかった組による準決勝があり、北本忍(富山県体協)、竹屋美紀子(山形・谷地高教)組が1分43秒541で1位となり、9艇で争う23日の決勝に進んだ
その他	フラット	シンセサイザーをはじめとする電子楽器はもちろん、CD、MDやマイクなど、多彩な入力に対応し、フラットな周波数特性で最高のサウンドを出力するKCシリーズのハイ・パワー・モデル
その他	フラット	周波数応答がフラットではない閉鎖された部屋の中で、空気の振動の源であるSPをどこにどう置くか、そのSPを駆動するアンプが100%の力を出せているか、そのアンプにどれだけの情報を送り込めるか
その他	フラット	【0079】また、育成中、貴金属二重るつぼを回転させることで、供給した粉体原料45と融液41との均質化と同時に、結晶成長界面を融液面に対して強制的にフラットまたは凸になるよう融液41の対流を制御した
その他	フラット	呼吸気流は外鼻穴近くに留置されたサーミスタと圧センサーで測定されていますが、頻回にフロー曲線がフラットになり、呼吸が停止・低下していることが分かります
その他	フラット	また、園内は全てフラットな地形で、障害者対応トイレ・救急室・授乳室などもバリアフリーになっていますので、車椅子やベビーカーの方でも十分にお楽しみいただけます
その他	フラット	マンドリン族では所謂ラウンドボディなら、楽器ボディの共振はかなり押さえられるのでしょうね、、、我が藤丸フラットチェロでは・・・でも感じたことはない
その他	フラット	地方によって、バンドリン、バンドリーナ、マンドリン、マンドリーナなどと呼ばれることがありますが、フラットボディ、2コース8弦でヨーロッパのものと同じ調弦です
家庭	フラット	新しいマンション・ビルには、サービスアパートメント97戸、分譲フラット64戸が予定され、テムズ対岸に移転する予定の国際法律事務所や会計事務所などが2寝室または3寝室フラットの物件を購入するとみられている
その他	フラット	それでも日本は守崎悠、田所聡、そしてフラット3の梅田準、冬月黒衣、水無月瑠璃が気迫の守備を見せたが、ロスタイムになって2度のコーナーキックを与え、その2本目を低空でうたれると、ワンバウンドした所にミクーがあわせてボレーシュート、同点にされてしまう
音楽	フラット	フラット2つで、上のシ以上の音がばんばん出てくるわ、その上、ポジションとか指とか弦の指定の無い楽譜なんて見た日にゃあ・・・速攻タブ譜におこしてました
その他	フラット	部の雰囲気も体育会所属の武道の中では珍しい、フラットなやり易い環境で、先輩後輩の仲も非常に良いのが自慢です 僕は主将という立場ですが、合気道は大学から始めました
家庭	フラット	学生は、ホームステイ、学生用ホステル、学生用アパート、下宿、個人で借りるアパートやフラットなど、さまざまな宿泊施設から住居を選択することができます
その他	フラット	「フラットハンドル」でスポーツサイクルが初めてでも安心して乗れて、 「舗装路を走りやすいタイヤ」でロードレーサーほど細くなくマウンテンバイクほど太くなく ほどよい感じで、街中・サイクリングロードはもちろん鴨川の河川敷も走れます
その他	フラット	春の柔和さを連想させるフラット系で統一したオケといい、いかにも日本的な「ももくり」の歌といい、とにかく音楽が素晴らしい(唯一、主題歌がじゃまだったが)
その他	フラット	★駐車場2台分のスペース有り(車種によります)●システムキッチン(人造大理石使用)●TVモニター付インターホン●トイレ1、2階共ウォシュレット機能付●洗面化粧台1Fシャンプードレッサー●照明器具(玄関外、キッチンの手元灯、風呂場)●床下収納●浴室換気暖房機 ☆フラット35対応住宅
家庭	フラット	そのため家賃補助がなくなるので最高で週250ポンドで夫婦2人が暮らせるフラットに引越しをしなくてはならないのですがどの辺が住みやすく、買い物も便利で通勤(シティ)も楽でしょうか
その他	フラット	住宅金融公庫は、証券化支援住宅ローン「フラット35」の技術基準に加えて、優良住宅取得支援制度の基準に適合した住宅について、当初5年間の金利を0・3%優遇する制度を6月1日借り入れ申し込み分から適用する
その他	フラット	・長期優良住宅に申請する メリット、デメリット教えてください新築 「木造・35坪・3LDK」 「長期優良住宅仕様」 建築場所「静岡の田舎」仕様は建物+諸経費1800万~2000万位です(HMの見積もりにより違い有)1長期優良住宅仕様のみでフラット35S(20年)利用可能でしょうか
その他	フラット	さらに、住宅金融支援機構の長期固定ローン「フラット35」融資の 上限額を、マンション・住宅購入資金の10割(現行9割)に引き上げ、頭金なし でも住宅ローンが組めるようにすることも盛り込む
その他	フラット	タンゴヴァイオリンの名手でもあるバンドリン(フラットマンドリン)奏者近藤くろ、サンババンド「バランサ」の7弦ギタリスト阿部浩二、そしてカヴァキーニョ奏者稲葉光による『トリンダージ』
その他	フラット	環境意識の高さはもちろんだが、アルプス地方を除けば、国土全体がフラットで山坂が少ないこと、広々した幹線路で自転車専用レーンなど設けやすいのだろう
その他	フラット	フロントフォークには、ARES bykes 得意の0度フォークがチョイスされ、初心者から上級者まで、ショートステムも同様に、ハンドルの回転においても違和感が無いようにフラットライダーの好みに上手く設定されていますね
その他	フラット	キャビン内は、通常のキャビンレイアウト上に、フラットになるように特注で造作されていますので、広々としていて、大人2人程度は比較的ゆったり仮眠もとることができるでしょう
その他	フラット	200mと400mの世界記録保持者であるマイケル・ジョンソンや陸上界永遠のスーパースターであるカール・ルイスも傾斜がフラットなスパイクを使用していました
スポーツ	フラット	百メートルを11秒フラットで走る元陸上部員は「もらった瞬間、追いつかれない自信があった」と相手ディフェンスを完全に置き去りにして約30メートルを独走した
その他	フラット	多くのクルマが波打つ路面に負けて上下する中(外から見ていてもはっきりわかる)で、これまで乗ってきた、ルノー・メガーヌ、ゴルフIV、そしてノーマルの147はけっこうよくこの波打つ路面を吸収し、乗員をフラットに保ってきました(波を足を伸ばしたり縮めたりで吸収する)
その他	フラット	フラット、ダイヤモンド、限りなくディフェンシブ、運動量の違いなどを考慮したであろう不均等な配置などにくわえ、相手フォーメーションに応じて選手カードを移動させる監督が増えたことで、前回大会以上にバリエーション豊かな内容となっていた
その他	フラット	クイズ正解者から抽選で、パナソニック デジタルハイビジョン液晶テレビを1名、ビクター 29型フラットテレビ付きDVDデジタルシアターシステム、キヤノンビデオカメラを各3名、折りたたみ自転車を5名、抱きつきモンキーを100名に
その他	フラット	ジーコは、前任監督のトルシエが「フラット3」を軸に選手を軍隊のように命令どおりに動くように強制したのに対し、それではいつまでたっても命令されたこと以上のサッカーはできないといって、選手自身に考えさせる「自由と創造性」のサッカーを目指した
その他	フラット	ゴルフ本来の魅力を満喫できるフラットなコースを基本に、自然の地形を巧みに生かした戦略性の高いレイアウトで昭和59年には、日本プロゴルフ選手権を開催したチャンピオンコースです
家庭	フラット	子供達のいない間に用事を済ますことの多かった私は、よくフラットの二階の窓からグラウンドを見下ろすようにして、子供達の学校への行き帰りを眺めていた
音楽	フラット	その結果、DとEの間、及び、GとAの間にある音で、それが短三和音を作る場合、そして又、CとDの間にある音で、それが長三和音を作る場合、それにフラットがつくこともあればシャープがつくこともあるが、ちがった方法で演奏しなければならない
その他	フラット	ある一定の「お約束」(より効率的たれ、の合理主義とか)のもとに作られていたかつての住宅が「機能」概念に対する違和感によって失墜し、全くフラットな空間の配置のみが住宅にまつわる問題になったことを指して社会性フリー、批評性フリーといわれているのだったらあまりにも表層的ではないか
その他	フラット	そこでは、フラットラインを構成する選手たちが、ラインを下げたり、最終勝負のために「ブレイク」してマンマークへ移行するタイミングをしっかりと判断できるために、中盤での「攻撃の起点(ボールを持つ相手選手)」に対する効果的なチェックがキーポイントになる
その他	フラット	昨年12月のさくら大会では2−0で勝ったものの、決して楽勝とは言えず、今回もある程度苦戦を覚悟していたが、開始早々相手の弱点がフラットなラインを高く上げすぎる事にあることを見抜いたコーチからはすぐにドリブルで抜いていくか、そのラインの裏にパスを出すようにとの指示もあり、この後の展開は殆ど危なげなかった
その他	フラット	フラット選手が意図的にしたかどうかはさておき、ジャネットリンから始まりビールマン・コーエン・スルツカヤなど日本選手に限らず歴代の名花たちに声援をおくってきたものとしてこの表彰台の中央にたつ某選手にはもういい加減うんざりです
その他	フラット	中盤とディフェンスの4人をフラットに保つことにより、8人でピッチのスペースを最も効率良く消すことができ、前線から中盤、ディフェンスまでの距離を均等に保ちやすい為、隙の少ないプレッシングを行うことができるからです
その他	フラット	(続きを読む)妙高高原ゴルフ倶楽部 新潟県 上信越自動車道・妙高高原 5km以内黒姫、妙高山麓の下、樹齢30年以上の雑木林や針葉樹に囲まれた、超フラットなアーリーアメリカンスタイルの優 (続きを読む)
その他	フラット	・【フラット35】S(優良住宅取得支援制度)とは、【フラット35】のお申し込みの際に、省エネルギー性などに優れた住宅を取得される場合に、【フラット35】の金利を一定期間引下げつ制度です
その他	フラット	そのため、フジエの遮光1級裏地をフラットにして、あとから取り付ける方法で取付け、家具屋がつくったカーテンの丈を3センチのばして床ギリギリにしました
その他	フラット	ゴルフの上達には、ボールの正しい打ち方、コースに出たときにライのアンジュレーションや見える景色など多様に変化する状況に惑わされない打ち方、そしてコースマネジメントが必要であり、今回の企画はまず練習場でフラットなライからボールを正しく打てるようにし、すぐそれに続いて3ホールをプレーして石河プロからのラウンドレッスンで実際の状況でのスキルの上達を図るものです
その他	フラット	これまで、三味線、フラットマンドリン、バンジョー、ウクレレと様々な弦楽器を手にとり、ステージでの演奏を試みてきたが、いずれもわがバンドの顔となりうる楽器には至っていない
その他	フラット	ランフラットを脱ぎ去ってしまった方はもとより、暖冬とはいえウィンタースポーツシーズンですので、普段はランフラットでもこの時期だけはスタッドレスなので心配という方にも良いかもしれませんねっ
その他	フラット	フラットサーブ 〜 意味の無いドライブボレー 〜 確実性の無いリターンそしてサーブ&ボレー 決められたら凄いよな〜・・・こんな気持ちでしたから
その他	フラット	サッカー用品情報サイト フラットスリーでは各国代表チームの特徴、注目のプレイヤー、ナショナルチームのユニホーム紹介など【2010年 W杯 南アフリカ大会】出場32カ国について掲載中
その他	フラット	第1クォーター3分、互いにパントを蹴りあったあとの鹿島オフェンスのセカンドシリーズのファーストプレー、ラインをずらりと並べたフォーメーションから投げたフラットゾーンへのパスを関大ディフェンスバックが見事インターセプト
家庭	フラット	当日も厄介な子供たちを何とか電子キーボードの前に座らせて、だだっこの我がままに付きあい、夕方いったん住居(フラット)に戻ると、薄暗い黒カビだらけのシャワー室で水浴びをした
その他	フラット	)にひき続いてイントロが流れはじめ、フラットマンドリン(これがいい味出してます)やアコーディオンを交えたジャグバンドの雰囲気を漂わせた演奏を聴くことができます
その他	フラット	その中でもっとも大きいのが、県営田沢湖スキー場で、はやりのキラキラした施設はほとんどありませんが、そのぶんゲレンデは本格的で、フラットなバーンでの高速ターンもよし、こぶ斜面あり、38度で4kmの新雪バーンありの比較的すいてるスキー場です
その他	フラット	ブルーグラス・コンテストでは、初心者フィドル・コンテストからマンドリン、バンジョー、フラット・トップ・ギター、オールド・タイム・バンド、ジュニア・フィドル、セニア・フィドル、バンド対決等でした
その他	フラット	夜中からはじまる圧雪作業で一番最初に作業を行い、その後の降雪によってできるベースがフラットで滑りやすくなった新雪を楽しむことができるイージーパウダーコース
その他	フラット	続いて生産基盤の整備についてただしたのに対し、園地のフラット化、圃場整備などの生産基盤の整備については高品質生産、低コスト・省力化を推進し、将来に向けた力強い農業を切り開いていくため非常に重要と考え、UR対策も取り入れ今後とも積極的に取り組んでまいりたいとの答弁がありました
その他	フラット	そのうえで、「短い年限の需給が不安視されれば利回り曲線にはベア・フラット(平たん)化の圧力がかかりやすく、とりわけ実際に増発される7月以降が正念場となる」との見通しだ
その他	フラット	レニーやシノーポリ先生のようなアホいきなダイナミックレンジが本盤ではフラットに聴こえるのは、おそらくマイクが歌手のあたりに設置してあり、オーケストラが遠く聴こえて閉もうとるんやなあ
その他	フラット	総集編」日にち 8月23日(開場開演時間未定)場所・新宿V1(新しい会場)MC・髭男爵出演 はまこ・テラこ、みつまJAPAN、セクシー寄席他サンミュージック、フラットファイブ、石井光三オフィス、太田プ
その他	フラット	元々一卵性双生児である2人が合体した者のため外見は普段とほとんど変わらないが、融合した影響でその力は単体のセイアとフラットに匹敵するほどまでに強化されている
その他	フラット	現在では、住宅金融支援機構(旧 住宅金融公庫)と銀行が提携して融資を行うフラット35と、財形住宅融資や各企業の財形融資の、どちらかを利用することが主流になりつつあります
その他	フラット	さて、KYさんのご質問のフラットスピンですが、JHFパラグライディング教本NP証課程39ページNP6−11にスピンのメカニズムや対処方法が記載されています
音楽	フラット	本来はフラットやシャープが多くなっても譜読みが難しくなるわけではないのですが、ピアノ初級者の方や大人から始めた方などは、やはりフラットやシャープが少ない方が譜読みは楽に感じるしょう
その他	フラット	私が1期目の当選を果たしたとき、これまでとは異なり、政治家の人間関係にお金が伴わない(派閥特有の親分・子分の関係がなく議員同士がフラットな)ことで、民主党は新しい時代の意思決定システムを構築する実験をしていると考えていました
家庭	フラット	相方ちゃんとシェアしていたフラットには洗濯機は設置されていなかったので、コインランドリー通いをしていましたが、その前に住んでいたお家2件とも洗濯機はキッチンに設置されていました
その他	フラット	住宅関連では、住宅エコポイント制度の創設に1000億円、住宅金融支援機構フラット35の優良住宅融資の金利引下げに4000億円、木造住宅の振興に 11億円を充てる
その他	フラット	フラットラインの中央をぶち破るスルーパス(ギリギリのところで守りきる)・・、フラットライン前からのロングシュート(楢崎のスーパーセーブ)・・、そして「決定的な(ラスト)サイドチェンジパス」(これで作り出された危機は何度もあった)・・などなど、たしかに日本のフラットスリーはピンチを迎えました
その他	フラット	その理由として「フィリップス曲線がフラットであるほど、物価を上昇あるいは下降させようとする場合に必要となる、需給ギャップがあるいはその変化幅が大きくなるためだ」と語った
その他	フラット	この林道は、東側区間は非常に走りやすいフラットで幅広な道なのですが、途中、左(南)に林道大幡線を分岐したあとあたりから、次第に荒れがある部分が目立ってきます
その他	フラット	今回提供を開始する「MSJオリジナル住宅ローン」は、単体での利用だけでなくフラット35との併用も可能で、変動金利および3年、5年、7年の一部固定金利の4種類から消費者が自由に設定することが可能な住宅ローン商品です
音楽	フラット	ピアニストが冒頭のカデンツ風のパッセージに続くEフラットの和音をフォルテッシモで鳴らしたとき、そのピアノの調律のずれが目に見えるほどの鮮明さでわかったのです
その他	フラット	基準を満たす高性能住宅を取得する場合、MCJ機構提携ローン(MCJフラット35・MCJフラット20)について住宅金融支援機構が実施する【フラット35】S(優良住宅取得支援制度)
その他	フラット	現在の状況としては、1タカノホーム ロックウールでの断熱(フラット35S対応)坪単価45~50万 ヒノキ4寸 在来方法、基礎パッキン、ベタ基礎(電気温水器、照明器具無し、カーテン無し) ジュートピア、魚津に展示場あり、モデルハウスで体験宿泊あり、看板も8号線に幾つもあり
家庭	フラット	彼の家は、ここが都心である事を忘れさせるような静寂に包まれた高級住宅地にあるフラットの1フロアをまるまる占有しており、リビングはまるでアメリカのシットコムのスタジオセットのような佇まいだ
その他	フラット	住生活グループで、全国のビルダーに地盤調査や性能保証を行なっているジャパンホームシールド(株)(JHS)は、住宅ローン「フラット35」の融資を受ける際に必要な「適合証明」の業務機関として、住宅金融支援機構と協定を締結、9月1日より業務を開始する
その他	フラット	バイオリンやチェロなどの弦楽器からデザインされたようなボディ形状で、1950年代あたりまでは ごく一般的にフラットトップ同様に使われていた ようです
その他	フラット	急激に進むフラットパネル産業の技術革新と成長をサポートしていく為、つねに最先端の技術を駆使し、高性能、高付加価値で強い競争力をもった検査関連装置をスピーディに開発し、より充実した製品ラインナップによるトータルソリューションをお客様に提供して業界に貢献して参りたいと考えております
その他	フラット	住宅ローンを選定する際は、二つの住宅ローンをどのように組み立てるのかを大局的に見なければならず、フラット35の部分だけを見て、金融機関を決められません
その他	フラット	「現在の経済環境において、住宅ローンを組み難い自営業の方、中小企業の経営者の方を対象にして、住宅金融支援機構が提供する「フラット35」をお勧めし、ご好評を受けております
その他	フラット	長崎水産高校カヌー部のOBで 現在、横浜に住んでいて、フラット・ウォーターで2度オリンピック代表選手になり、モントリオール大会ではコーチを勤めた人が、後輩の指導に来ていました
家庭	フラット	今はフラットから徒歩30分で通える場所に学校があるので、バスは週末のシティセンターでの買い物の時くらいしか使いませんが、このバスが時間通りに来ない国で毎日バスを使う生活をしている人を思うと頭が下がります
その他	フラット	今日のトマスの推理をぼーっと眺めていてもそこそこフラットな視点で状況が見えているトマスはやはり村側だろうなとは思えるので、一応何度も見返したがほぼトマスの事は信用しているので、もし俺が次にランダムで俺が襲撃されても、村側がトマスを信用してもらえれば問題ないように俺は思いはじめてる
その他	フラット	(三種類)」と「語尾変化しない(高音フラット)」や「軽声」などを音符のように組み合わせて音楽のメロディーのようにして会話が成り立っている言語のようです
その他	フラット	このプロジェクトは東京都などが主催し、「地域と東京というコミュニティがフラットに関連しながら、新しい市民性、文化芸術意識の構築を目指す」もので、今回が第1回目
その他	フラット	キムヨナ選手のフリップがリップだと今シーズンから急に騒がれだしましたが、先シーズンはフリップをフラットか又はインサイドで跳べていたのでしょうか
その他	フラット	4バックといってもフラットな4バックとリベロがひとり残る4バックがあるが、前者のセンターバックは2人であり、ポジションはその二人が最終ラインとして横一列に並ぶ
その他	フラット	住宅金融支援機構は3月31日、住宅ローンの返済が困難になった人への対応として、長期固定金利ローン「フラット35(買取型)」の制度を拡充すると発表した
その他	フラット	フラッシーなガス・Gのギタープレイがそれなりに炸裂したりしながら、荒々しいヴォーカルによって唄われるダークな雰囲気の至って普通のシンプルなヘヴィメタルをやってるわけですが、ソリッドな感触で迫るギターリフとフラットなメロディの楽曲は80年代パワーメタルを彷彿とさせたりしながら進んでいきます
その他	フラット	よりクリアに数値が見えるよう高性能新型チップを搭載したフラット液晶により、どの機種でもどんな位置でも、スタイルにあわせて好きな場所で小役カウントが行えます
その他	フラット	チームはAとBに分けたり、チームをフラットに分けたり、ポジションを変えたりと様々な組み方をしていますが、いつものポジションを崩すとまったく機能しなくなるゲームがあります
その他	フラット	ラケットの使用感はピュアドラにとても似ていて取り回しも良く、打感はシャッキリしていていいボレーが打てるし、フラットドライブからヘビースピンまでいろんなボールを気持ち良く打つことができます
その他	フラット	2年の時は、前田さん(ギター)、石川さん(バンジョー)、梶山さん(フラットマンドリン)の組んでいた、先輩バンド「NGBB」にウッドベースで参加する
その他	フラット	そしてリースホールド フラットの運営が良好なケースも多数あり、地主による適切な管理が為される限り借主にとって管理への負担が少ないこのシステムのメリットは大きいという評価も尚有力である
その他	フラット	1910年、【ギブソン社】の『フラット・マンドリン』は改革が行われ、この時点で【ギブソン社】の『フラット・マンドリン』の仕様は、ほぼ決定しました
その他	フラット	フラットコーポレーションから12月下旬リリース予定のDVD/UMDのアダルトアニメ「みるきぃプリン」にアンドロイドが出る、と知って検索を掛けてみた所、中身は「スーパーセクシーアンドロイド ピンキー」みたいですな
その他	フラット	今回の撮影のキモである白くてフラットな壁を作るための材料を買いにホームセンターへ、理想は漆喰なのですが素人には相当難しいらしく時間に余裕のない状態でのチャレンジは危険だと言います、不安がよぎる
その他	フラット	上記【フラット35】シリーズを利用するには、物件検査(新築の場合は「工事検査」といいます)を受け適合証明書を取得する必要がありますが、設計検査はその第一弾の検査です
その他	フラット	4km、JR仙山線東照宮駅徒歩5分の立地にある都心型新築住宅です◇◇◆◆東南角地◆◆2×4オール電化住宅◆◆フラット35S対応住宅◆◆住宅版エコポイント対応住宅◆◆カースペース2台分、1台分ビルトインガレージ◆◆大型吹抜けリビング◆◆全サッシLow
家庭	フラット	フラットは、本来なら6ヶ月以上の契約が必要ですが、物件によっては3ヶ月程度の滞在でも賃貸できることもあり、1ベッドルームの場合、市内中心部で週200~300豪ドル、郊外で週100から250豪ドルがおおよその相場です
その他	フラット	2点あるうち「水無月のころ」は、黄緑の葉の諧調とフラットな光の感じの美しい、斉藤さんらしい絵ですが、「秋葉(あき)をあつめて」は、筆使いが大ざっぱで、いつもの斉藤さんの切れがないように感じました
その他	フラット	今回はモリヤがフラットな所が遅いというので出来るだけフラットな所を選んで走ったけど、メインの所以外は長い所も無くて結局いつもの通りって感じでした
その他	フラット	むしろ、そうではなかったために当時としてはめずらしいライジングショットを多用したり、フラットドライブで速い展開の試合運びでペースをつかみ、アプローチで勝負して(ボレーで勝負するタイプじゃないんで)ネットを奪ってボレーで決めるみたいなテニスが生まれたんだと思います
その他	フラット	従来であれば、フラット35と同時に他の金融機関からも融資を受けなければ、頭金1割での資金計画は成り立たなかったが、改正後はフラット35単独で可能になったわけだ
その他	フラット	ネットで世界がものすごくフラットになって、東京に住んでようが地方に住んでようが、はたまたシリコンバレーに住んでようが、程度の差こそあれ、接点は多いが興味は少し遠いリアルの世間と、接点が少なく興味が近いバーチャルの世間との二重生活があって、都会の方が重なっている割合が高い気はする
その他	フラット	実はこのフラットなスイングは、これまでもリー・トレビノ、レイモンド・フロイド、ベルンハルト・ランガー、グレッグ・ノーマンといった名選手たちが実践していましたが、とくに最近になってこのフォームの実践者が増え、目覚しい成績を残すようになってきたのです
その他	フラット	特にケープフラット地域の中でカエリチャ(KHAYELITSHA)等の貧困者居住地(タウンシップ)は、ギャング、麻薬密売者などが多く、観光客にとっては大変危険な地域です」と物騒なこと極まりない
音楽	フラット	そして、微妙にフラットする歌声は天性のものであり、もっともっと伸びる余地はあると、楽曲の素晴らしさもあってその将来性も高く評価していいんじゃないかなと思います
その他	フラット	JIS L 0120 のステッチ規格では、ステッチ全体で88種類が規定されており、分類番号2が手縫いステッチで13種類が属し、同3が本縫いステッチで27種類となっているが、これに対して同1が単糸環ステッチで7種類、同4が二重環ステッチで17種類、同5がオーバーロックステッチで15種類、同6がフラットロックステッチで9種類が属する
その他	フラット	ちぇすたぁがチャンピオンチャレンジしていた頃は、中部インターでも単独システム(フラットだけで40頭以上)だったのにな~~ ちょっと寂しいですよねっ
その他	フラット	パークはスロープとなっていて、フラットレール→フラットダウンレール→ストレートレール→7mキッカー→10mキッカー→13mキッカー(全て目測)とボリュームがあり、ストレスなく楽しめる設計でした
その他	フラット	サード・シングルとなった「気取りやフラッツ」(原題:フラットヘッド)は iPod全世界CMタイアップ曲に選ばれ、UKロック・ファンのみならず多くのファンを獲得
音楽	フラット	どうしても音がぶ ゙らさがってしまうところ(フラットになるところ)が難しいでしょうが、ピアノの伴奏の和音などに注意していると意外にうまくいくのですが
その他	フラット	高校時代にドライブ主戦になって以来、何でもドライブで強打していたせいかスマッシュが苦手になっていたのですが、このラバーで回転系のボールもフラット系のボールもしっかり打ち分けられるような感触を覚えました
その他	フラット	しかしリスニングルームは有響室なので、例えスピーカーが一直線のフラットであったとしてもミッドバス以下の帯域に位相干渉と定在波に起因するウネリを生じます
その他	フラット	5°Cだった今年、春を意識する魚を狙いに 私はプランを立てました、各所にある定番フラットの中で魚が濃いエリアのコンタクトポイントになりうる6〜9mのストラクチャー
その他	フラット	FLATLAND は、フラットランド(2次元平面の世界)に住むスクエア氏(正方形)が、ラインランド(1次元直線の世界)に住む王様に第2の次元のことを理解させようと試み、またスペースランド(3次元空間の世界)からの来訪者スフィア氏(球)から第3の次元のことを教わるという数学小説である
その他	フラット	(2)住宅の耐久性などについて住宅金融支援機構が定めた技術基準に適合する住宅(全宅住宅ローン【フラット35】をご利用いただくには、建設または購入される住宅が住宅金融支援機構の定める技術基準に適合していることを証明する適合証明書を検査機関等から取得していただくことが必要です
その他	フラット	2は1対1(個人技術・ドリブル・パス・フェイク)の状況を自分でコントロール出来て初めて、数的不利な1対2、2対3の状況や数的優位な、2対1、3対2、フラットな状況の2対2、3対3の状況を打開してくことが出来ます
その他	フラット	トリプル スレットによる優れた面安定機能と、しなりのあるフレームが競技指向プレーヤーの求める打球感とボールのホールド感を高め、正確なコントロール性能と鋭いフラットボールを生みだします
音楽	フラット	クラシック界ではBフラットを「ベー」Bナチュラルを「ハー」と呼ぶ野蛮な慣習があるため、クラシックからジャズに転向した者は、口から「ハー」が出てしまうことが多い
その他	フラット	カヌーのフラットウオーター北京五輪アジア最終予選最終日は11日、石川県小松市の木場潟カヌー競技場で男女6種目の決勝を行い、男子カヤックペア500メートルの水本圭治(大正大)松下桃太郎(石川県協会)組は1位のカザフスタンのペアと0秒176差の2位だった
その他	フラット	普段プライベートで聴くヒーリングというかメロディックで哀愁感がある音楽に DJ として感じる四つ打ちの良さというか高揚感を足している感じで、とにかくフラットに自分の中で長く聴けるいい音楽を作ろうと思って表現しているだけですね
その他	フラット	【北京で渡辺司記者】22日に行われた北京五輪のカヌー・フラットウオーター女子カヤックフォア500メートルで、久野綾香選手(久野製作所、安達高卒)が2番漕手(そうしゅ)を務めた日本が6位と健闘した
その他	フラット	一家の大黒柱としての沽券や面目を重視して、家で仕事の話をするお父さんは少なかったと思いますが、平成のお父さんはもっとフラットな家族構成で何でもお家で話すのかと思っていました
その他	フラット	かなり早い時期から体に不自由なところが出てきて、入浴介助を頼みながら長い年月を自宅で暮らすことになる可能性が高い人には、広い浴室と車椅子を乗り入れられるための広い開口部やフラットな床が必要になるでしょう
音楽	フラット	汽笛の音の高さが「ミのフラット」であるとは筆者には全く判らないが、ちょっとオタッキーな話をするとこれは調で言うと「変ホ調」であり、特に変ホ長調の曲は、ベートーベンの「英雄交響曲」に代表されるように、文字通り英雄的な響きであるとされる
その他	フラット	真空管アンプは通常出力トランスの影響により、トランジスターアンプほどのフラットな周波数レスポンスを持っていませんが、良い真空管アンプの周波数レスポンスは驚異的に良いこともまた事実です
その他	フラット	重錘Wのガタ分による傾斜ジグ1の傾斜面u及び垂直面vと間の変位計2、3によって計測される距離への影響の検討を行ったところ、重錘Wが図5において、横方向(水平方向)(図2のy方向)のみに移動した場合は、傾斜面u及び垂直面vがフラットであるため、傾斜面uのy軸方向(図2参照)の測定に補正を行う必要はないことが分かった
その他	フラット	また将来、子どもが大きくなったときに上下階で家族が別々になってしまうことも危惧し、家族が常に一つでいられるフラットな空間であるマンションがよかったとのこと
その他	フラット	ラウンドフラット 1日でキックがうまくなる方法 1日でキックがうまくなる方法 DVD GS002 スポーツバイオメカニクスの視点から紹介する科学的トレーニング第2弾
その他	フラット	足元からポカポカのTES式床暖房や、フルオートバスシステム、シャワートイレ、浴室換気乾燥機、ダブルロックのプッシュプル式ドア、耐震枠、フラットフロアなどが日々の生活を快適にします
その他	フラット	ケーブル・マネジメント・ブラケットをシャーシの前面に取り付ける場合は、2本のケーブル・マネジメント・ブラケットおよび4本のM4 x 8 mmフラットヘッド・ネジを箱から取り出して、脇に置きます
その他	フラット	そのメソッドは、特定のシャーシに葉(ふたなどもフラットなオブジェクトをすることができます注がれていた)は、ダウンタイムは、杯壁マイナーでの粘度に注目するのは、茶の醸造には、カップの底と、お茶のふたをきれいだった
その他	フラット	本当ならば、コインサイズを決めフラットベットで検証するのが正確なデータを取る上では必要なのですが、前回の1万回プレイであまりにももったいない出来事があったので「行ける
その他	フラット	○品田委員 もう一つ部長級がまだ民間に比べて支店長レベルで3%ぐらい高いということなんですが、前回の総務区民委員会のときに、若い人の傾斜の率をなるべくフラットしろということで、部長級に関してはまだまだ年功序列型の昇給が私からはそういうふうに見られる中で、ちょっとその辺が矛盾しているというのかな
その他	フラット	既存住宅性能検査ビジネスは地方の一部においてはまだ普及が遅れているところもありますが、住宅ローン・フラット25などとともに確実に住宅性能検査の普及が進んでいます
その他	フラット	フラットなバックスイングにすればいい・・・・一見正しいような思考過程ですがこれがゴルフの難しいところで、テイクバックをインサイドに低く引けば逆にトップは更にクロス ゴルフって本当に難しいですね
その他	フラット	【楽天市場】ファイントラック(finetrack) フラット ゙ラッシュ ラヒ ゚ットタイツ 女性用耐久撥水素材を採用した、ずぶ濡れになっても快適に過ごせるウォータースポーツウエア
家庭	フラット	知り合いの中国人友人が経営するフラットにいれてもらいましたが、ガス漏れ、ダニや蛆虫発生などで息子が全身皮膚病に罹り、その後、自炊を条件で英国人家庭にホームステイすることになりました
その他	フラット	フラットループ式集団補聴器は、従来のループコイルの部分を改良し、互いに、90度だけ信号電流の位相の異なる一対のループコイルを、教室の床面に敷くことにより、欠点を大幅に解消した
その他	フラット	特殊法人「住宅金融公庫」が独立行政法人「住宅金融支援機構」に生まれ変わったことで、住宅ローンの代名詞とまでなっていた「公庫融資」が廃止され「フラット35」が誕生しました
その他	フラット	スクラムで、防御側のオフサイドラインがスクラムより3メートル下がっていることをいいことに、スクラムからボールが出る前に攻撃側のプレーヤーが後方より勢いをつけて走り込み、ハーフバックからフラットなパスを受けて突進を試みるプレーは、ペナルティキックまたはフリーキックにおけるいわゆる「キャバルリー・チャージ」に相当し、競技規則に反するプレーである
その他	フラット	だけど、「FAMILY」は「うちはこういう家族だよ」ってすごくフラットな視点に貫かれてて、個別の家族像を信用している作品なのかなって思ったんですよね
その他	フラット	埼玉県の不動産物件情報だけでなくマイホームやマンションを購入する前に知っておきたいこと、住宅ローンの借り換え、フラット35や引越しについてなど、住宅・不動産購入に関するお役立ち情報が満載です
その他	フラット	この録音の前日に韓国のツアーから帰ってきたというマサさんは、ヴァイオリンと二胡を、田代さんは、ウードとフラットマンドリンとアイリッシュ・ブズーキを、おっちゃんは、ケーナ・リコーダー・オカリナ・パンパイプ・篠笛を
その他	フラット	これは何もフラット型組織が問題なわけではなく組織の規模や段階によってはメリット/デメリットがあるということに過ぎないが、少なくとも弊害を見る限り、トップダウン/ボトムアップを実現できる(もしくはできない)ためのポイントは「マネジメント
その他	フラット	様々なシーンに活躍できて1足は欲しい「パンプス」、これからの季節にぴったりな「サンダル」、今年らしさを求めるなら「フラットシューズ」、夏こそ履きたい「サマーブーツ」、オン・オフ充実の「メンズシューズ」
その他	フラット	さらに、原作本を買って、DVD発売決定前だというのに発売された時のためにプレステ2買って、テレビも21型モノラルから25型ステレオフラットに買い替えるやらで10万以上吹っ飛びました(爆)
その他	フラット	俺も昔はフラットまんせーだったが、今のラケットじゃ単にスピードがあるだけの球は簡単に返せてしまうので、スピンもスピードもあるボールがテニス全般でいいんじゃないかと思うようになった
その他	フラット	A3:当社では住宅金融支援機構 財形住宅融資は取り扱っておりませんが、お客様のお申し出があれば、MCJフラット35・MCJフラット20と【他金融機関取扱の住宅金融支援機構 財形住宅融資】の併用が可能です
その他	フラット	これはフラット35では、公庫が民間の住宅ローンを買い取って、これを機関投資家に転売する仕組みになっており、債務者の返済リスクは機関投資家が負担することになっているからです
その他	フラット	フラットなエリア、中層域といった絞りにくいエリアと800kHzの超解像度で、ベイトとバスの区別が非常に簡単ですので、バスだけを記録していくと地図上に示される記録ポイントがバスがいたポイントになりバスの濃いエリアとレンジを魚探がけで割り出せることになります
その他	フラット	フラット35をご利用いただくためには、購入される中古住宅について、住宅金融支援機構が定める独自の技術基準に適合していることを証明する適合証明書の交付を受けていただく必要があります
その他	フラット	次に3点目ですが、管理職の割合は、本市は他団体より高いと聞いていますが、神奈川県がやっているように組織のフラット化を図るなど、管理職の職員数を削減することによって、人件費を削減することは考えられないのかあわせて伺います
その他	フラット	【0005】本発明における水平面部および脚部は、クリンプド金網、トップフラット金網、溶接金網に限らず、他の基材例えば多数の孔が開けられている板、孔のない板等のいずれかで構成しても良く、また前記の金網と板を適宜組み合わせた態様としても良い
その他	フラット	“ビアンキ ミニベロ”や“ミニベロ8 フラットバー”などのキーワードで検索すると、ここは上位に表示されますので、それらのキーワードで来られる方も結構多い(1/3ほどが自転車関係のワード)のですが、現状は自転車生活にはほど遠い生活だったりします
その他	フラット	これに対しMCカートリッジを使った音楽再生では、MCヘッドアンプ、イコライザーアンプ、フラットアンプと3個ものアンプを経由してパワーアンプに出力されます
その他	フラット	「ちばリサーチパーク」内北西側に位置するゴルフ場計画地は、箱崎ICより車で約50分、JR東京駅より電車で約60分と交通利便性に優れ、高低差のないフラットな地形に、開発面積は約94ha、トーナメントの開催要件を満たす本格的なチャンピオンコースが誕生します
その他	フラット	会社に勤めていた当時、廃盤商品だからと大量に貰った紙製のフラットファイル、型紙作成にとっても重宝していたのに、引越以後処分してしまったのか何処を探しても無い~っ
その他	フラット	今年は、ロードでの輪行も少しチャレンジしたいと思ってまして、もうひとつWellgoのQRDシステムのSPDペダルがあれば、Tikitとロードで用途に応じてフラットペダルとSPDを交互に使えると考えました
音楽	フラット	いま私の耳には「シ・フラット」は「シーナチュラルー」と言いながら飛び込んでくるわけですが、「うそつけこのやろう」とピアノの鍵盤を叩いて修正します
その他	フラット	08年度は、賃貸住宅融資が前年度に比べて1割以上増加しているものの、マンション需要の低迷と金利先安感などでフラット35の買取申請が1割程度落ち込む見通し
その他	フラット	【0120】メモリコンテンツメニュー1700は、ゲームタイトルおよびそれらの対応する保存されたゲーム、サウンドトラックおよびそれらの関連トラック、および選択されたメモリデバイス上に格納されているビデオクリップの、フラットなリスト1702を示す
その他	フラット	そういう中で、フラットな形でお話をする中で、地域の要望につきまして取り入れていくような形での努力をしていまして、またユニバーサルデザイン、このワークショップ、1回目、2回目はユニバーサルデザインというのはどういうものかというところから始めておりますので、そういったところでも意識啓発が若干できたのかなと考えております
その他	フラット	このコースは25km〜30kmの間にアップダウンがあるそうで、その他はほとんどフラットのようですが、ラップを見るとそのアップダウンの影響はないようですね
その他	フラット	◇W杯に夢中のジョニデ、撮影現場にテレビを設置 ハワイで『パイレーツ・オブ・カリビアン』シリーズ最新作を 撮影中のジョニー・デップが、南アフリカで行われたサッカーの ワールドカップを観戦するため、撮影現場のあらゆる場所に 大型フラットスクリーンTVを設置したそうだ
その他	フラット	五輪では、ロシェット選手、コストナー選手、フラット選手、レオノワ選手、キム選手、レピスト選手、鈴木選手、みんな2nd3Toを飛んで来るだろうなぁ
その他	フラット	イコライザー段、トーンコントロール段、フラットアンプなどは、それぞれ独立したエポキシ系のプリント基板に分割してユニットアンプ的手法が採用されており、電源トランスは、磁束のリーケージを抑えるためトロイダル型オリエントコアを使っている
その他	フラット	国家情報センターがこのほど発表した「2008年上半期国内重点都市フラットテレビ市場分析報告」によれば、中国国内メーカーの液晶テレビのシェアが前年に比べて大きくダウンしていることがわかった
その他	フラット	・フラットタイプ→カバー周りにゴムが入っていないタイプ ・ボックスタイプ →カバー周りにゴムが入っているタイプ いずれも敷き布団カバーにレースやフリルが付いていないタイプが対象 になります
その他	フラット	安全なフルフラットの二重床を始め、プライバシーを守る180mm厚の戸境壁、子供が伸び伸びと遊べる1階のプレイロットなど細やかな気配りに加えて、24時間常時接続のインターネットも完備した、新世紀にふさわしいインターネットマンションとなっている
その他	フラット	住宅金融支援機構提携住宅ローン「フラット35」Q&A 改訂 住生活月間中央イベントの開催概要や関連行事など、住生活月間に関わる様々な情報を紹介します
その他	フラット	次に腰痛体操としては主に腰弯増強(反り腰)を痛みの原因として捕えるウイリアムス体操と腰椎のフラットを痛みとして捕えるマッケンジー体操の処方について(腰部後屈の痛みでは前者を、前屈の痛みでは後者をそれぞれ取り入れた形で)述べられました
家庭	フラット	ただ今日見学したフラット(10数階建ての巨大な集合住宅)は廊下の両側の壁はまるで公衆トイレの内壁のような白いタイル張り、廊下の床に敷かれているグレーのカーペットもあちこち汚れて紙コップや新聞紙などのごみが落ちており、換気が悪いのかあたりに食べ物の匂いが満ちている、すれ違う住人の多くはおそらくは私たちの祖父母の世代、建物の全体的な雰囲気が"施設"を連想させました
家庭	フラット	友人の中にはフラットをインターネットや掲示板で探し、7人くらいで家をシェアしている人もいたがイギリスでそういう物件を探すのは結構難しく、また高額なものが多い
その他	フラット	粟賀ゴルフ倶楽部(兵庫県神崎町) 丘陵コースだが高低差が少なくフラットであり、谷越えやドッグレッグも少なく第1打落下地点付近のフェアウェイの幅は平均60~70mとゆったりしていて、思いきりの良いショットが楽しめる
その他	フラット	その後King of Ground(BMXのフラットランド競技全日本選手権)エキスパートクラス、シリーズチャンピオンとなり、プロライダーに昇格
音楽	フラット	彼の音は当世流行りの、唇を緩めにして意識的に低めに音程をとる(フラットな)吹き方ではなく、美しい音と繊細な表現で、聴いた途端に「私の好きな歴代クラリネット奏者」の上位に入りました
家庭	フラット	住環境についていえば、国民に安価で良質の住宅を提供する政府の住宅政策により、国民の8割以上がHDBフラットと呼ばれる高層の公営住宅に居住するようになったが、生活水準の向上とともに、きめ細かな環境整備、住宅管理が求められるようになった
家庭	フラット	シドニーの場合、一握りのシティ中心部や観光エリアのアパートメント(コンドミニアム)系以外は、フラットや商店街などに時々3~4階建があるくらいで、大多数は2階どまり
その他	フラット	北京五輪に出場するカヌー代表の壮行会が31日、東京都内のホテルで開かれ、2大会連続出場となるフラットウオーター女子カヤックフォアのエース北本忍(富山県体協)は「メダルも不可能ではない
その他	フラット	フェンスに肘を付いて中年男2人を眺める、フォームはめちゃくちゃだしエッジはフラットだがホッケーをやっていただけあって安定感とスピードは中々のものだ
その他	フラット	フラットアンプは、DCサーボなどを利用してカップリングコンデンサーを省いているものもありますが、フラットアンプ出力にまでコンデンサーを使用している機種も結構あります
その他	フラット	3(フラット・ピックキング):ブルーグラス系に最も用いられる、フラットピックでアップ・ダウンを巧みに使いメロディラインとリズムを絡ませるスタイル
その他	フラット	一体化されたバンパーと空力装置は、出走状態の車両(すべての公式車両検査に提示された車両)のフラットボトム上方250mmより下で、車輪回転軸の中心より前に取り付けなければならない
その他	フラット	そのメッセージの出どころがどこであろうと、元々の形式がフラットファイル(パイプラインでXMLに変換)であろうと、まずメッセージボックスDBにXMLで保存されます
その他	フラット	先立って米空軍とエンジンメーカーであるアメリカフラット&ホイットニー社は1993~94年に製作されたエンジンのカバープレートを2004年まで入れ替えるよう指示していた
音楽	フラット	49小節からの部分は、フラット系の曇った音色をピアニシモのニュアンスに充て、音量よりも、左手にあるメロディーを浮かび上がらせることを優先させるべきだと思います
その他	フラット	そのものの考え方は、まず価値観にはフラットな視点で客観的な状況把握の外在化を行い(どういう立場から観ても共有しうるような情報の位置づけの仕方)、その後で、一つの「価値観」を選択し、その視点で見ると、その情報はどういう形で捉えることができるか、という推論を行うというスタイルをとります
家庭	フラット	同調査によると、世帯収入によって所有率が異なり、一戸建て民間住宅では78%、民間コンドミニアムでは64%がパソコンを所有する一方、公共住宅(HDB10フラット)では所有世帯が37%に留まっている
その他	フラット	ちなみに「フラット35」という住宅ローンの概要を述べさせていただくと、フラット35は、住宅金融公庫がバックアップする、民間金融機関の長期固定金利型住宅ローンのことです
音楽	フラット	KMDさんのブログでエリック・ドルフィーのCD『アウト・ゼア』 が紹介されていて、その中で、「ロン・カーターは、大きく吹いたときのドルフィーのフラット気味になる音程に違和感を持っていたという話を聴いたことがあ る」と書かれている
その他	フラット	まるで手品でもするように、その器用な指遣いで、ある時はフィンガー・ピッキング、またある時はフラット・ピッキングの早弾き、更にはボトルネックまで駆使して、フォーク、カントリー、ブルース等を聴かせてくれる
その他	フラット	公庫買取型の住宅ローン“フラット35”の優良住宅取得支援制度“フラット35S(読み方:ふらっとさんじゅうご・えす)”は、一定の要件を満たす住宅を取得ために同ローンを利用する際、融資金利を優遇する制度です
その他	フラット	フラットサーブと同じですが、振り出されたインパクト時のラケット面は打つ方向に対して少し斜めに当たり、手首はリバースしますがラケットは右へ振りぬける感じでスイングします
その他	フラット	ダウンウインド時にはボードトリムもイージーなので、風波から風波に乗りつなぐことが簡単で、フラットウォーターはもちろん、ダウンウインドでも速いボードで、
その他	フラット	(社)全国宅地建物取引業協会連合会(藤田和夫会長)会員の出資により設立された公庫証券化ローン「フラット35」取扱の住宅ローン会社「全宅住宅ローン(株)」(代表取締役:藤田和夫氏)の開業披露が、28日の全宅連通常総会終了後の懇親会と併せて行なわれ、全宅連役員、全宅住宅ローン株主のほか、国土交通省など関係官庁、国会議員など多数の来賓が詰め掛けた
その他	フラット	中古マンション市場は、住宅ローン減税やフラット35の融資基準緩和など各種経済対策の効果に加え、今年に入って新築マンションの供給が大幅に減っていることも手伝って活況を呈している
その他	フラット	そのタイプのものは俗にクラシックマンドリンと呼ばれるものなんですけれども、一方、このフラットマンドリンは背面がまったいらでギターを小さくしたような感じです
その他	フラット	懇親会冒頭で岩沙理事長は「今年度も不動産協会活動を通じて、国民生活の向上と日本経済の持続的成長に貢献したい」と述べた後、住宅市況について「住宅資金贈与の非課税枠の拡大、フラット35S、エコポイント、ローン減税などの政策効果もあって、首都圏では回復軌道に
その他	フラット	インソールの米国No 1ブランド、ソフソール《スパイクプラス》は、ソフソール独自の設計とフラット形状でスパイクシューズのポイントから 受ける衝撃を緩和するインソールです
その他	フラット	“Black Mountain Rag”は恐らく、全てのブルーグラッサーの憧れる、フラットピックの往復による、あたかもブルーグラス・フィドル(バイオリン)のフレーズが怒濤の如く押し寄せるフラットピッキングの名曲です
その他	フラット	4)ドイツではこの「2つのサイドがフラットにされたシリンダーを持つリボルバー」のパテント申請がチューリッヒ在住のフロイライン(頑住吉注:英語のミス)Valerie Schlapalによって行われている
その他	フラット	さらに09年度政府予算について、フラット35S(新築・既存住宅を問わず)の金利優遇期間が5年間から10年間に延長されることとされ、5月1日より実施される予定です
音楽	フラット	また、長3度と長7度の音程をフラットさせる範囲は完全な半音間隔ではない場合も多く、長3度と短3度(あるいは長7度と短7度)の間にある、クロマチックスケール上にない中間的な音程になることが主流で、それも特徴的な要素となっています
その他	フラット	ただ、この場所は水道の蛇口が出ていたり、雨どいが邪魔をしたり、底面がフラットでなかったりといろいろ制約があり、図面化までに考えることが多く苦労した
その他	フラット	耐震性を大幅に高める免震工法の採用、高齢者に優しいフルフラット設計や逆梁ハイサッシュを採用した採光性の向上や通風性の高いプランニングなど、住む人の立場にたった商品企画に努めています
その他	フラット	今年7月に同じ吉備津彦をめざして 総社から歩きましたがその時はほぼフラットな道ばかりでしたが、今回は出発から山道で距離は短いけれど最初で体力を奪われたとおっしゃってました
その他	フラット	過去、名古屋を率いていたアーセン・ベンゲル(現アーセナル監督)は選手を立たせ、ボールを転がすところから始めてフラット4のリアクションサッカーを教え込んでいた
その他	フラット	順番は前後しますが・・昨日は 内閣総理大臣杯 日本社会人ゴルフ選手権予選で大宮ゴルフコース でした 初めてのコースです、ええっとフラットで短いと聞いてたんですが、距離も6910ヤードとしっかりあり コース間は完全に林でセパレートされて
その他	フラット	IOCはローザンヌの会議で、カヌーのフラットウオーター男子カヤックペア1000メートルで4位となったアダム・セロチンスキ選手(ポーランド)もドーピングで失格とすることを決めた
その他	フラット	これは捉え方でしょうが、フラットに光が充満する部屋と、少ない窓から差し込む光、どちらが美しいかというのは難しいところですし、また近接する部屋との対比等に依って、部屋、或いは光の人間に及ぼす作用というものはまるで違って来ます
その他	フラット	「すり鉢状に観客席がある武道館と違い、フラットな客席なのでより出演者の観客が一体になって盛り上げることができると思う」というメリットを明かし、同時に名物のチャリティマラソンのゴールシーンについても演出が若干変わる可能性を示唆した
音楽	フラット	2次系の特性の生成は簡単なので、いったん歌声を完全にフラットにしてしまったあとで、完全に合成された動特性を付加しても音楽制作用ソフトウェアとしては十分じゃないだろうか
その他	フラット	こうして登場してくるNW機構=「場の創作者」の役割は、徹底した情報(共有)公開と、それにもとずく単位企業間の評価共認の場づくりにシフトしていき、フラット化した各単位企業内では、どのような闘争(共認)原理と生殖(共認)原理を形成していくかが、評価を決する最重要課題になるでしょう
その他	フラット	戦術のねらいはDFラインを高く保ちフラットに並んだ4人の中盤で高い位置でプレスをかけボールを奪取し、少ないパスの本数でトップ下の「天才」サビチェビッチのひらめきからセンターフォワードのラドチョウがシュートまで持ち込むプレッシングサッカーです
その他	フラット	また、GEコンシュマー・ファイナンスは、全宅住宅ローン・フラット35の融資基準に適合しない案件について、顧客の希望により他の金融機関の住宅ローン商品を紹介する
その他	フラット	フラットパネル・デザインのプレーヤー本体部とアンプ/トランス部、液晶テレビ・AQUOS、そしてスマートなトールボーイ・スピーカーの美しい融合は、新しいホームシアター・システムの可能性を感じさせます
その他	フラット	北京オリンピックは22日、カヌー・フラットウオーター各種目の決勝が行われ、女子カヤックフォア500メートルで日本チーム(北本忍選手、久野綾香選手、竹屋美紀子選手、鈴木祐美子選手)は1分36秒465で6位となり、同種目で初の入賞を果たした
その他	フラット	イメージとして、フラット・ドライブめに打って、相手がボレーするとすれば、僕は少しだけ、ドライブ目にスイングする、ボールはネットを越えてから、相手が、「えっっ
その他	フラット	金色のコルダ「ステラミュージカル」フラット組の千秋楽公演に行って来ました(^^) 大ラス公演の前公演だったんですが、フラットチームの香穂子・岡本あずさちゃんとリリの山内亜美
その他	フラット	ジャンルはアクションゲームで「夢の国」を舞台にマイメロディがクロミやバク達の妨害をかわしながらマリーランドのフラット君やピアノちゃんたちを助けると言うストーリーになっている
その他	フラット	コース全体に、大小の池が点在し、またフラットの中にも小さなうねりがあり、戦略性に富んだレイアウトはゴルファーたちのチャレンジスピリットを刺激しています
その他	フラット	引用・日刊スポーツ 北京五輪第15日の22日、フラットウォーター男女6種目の決勝があり、女子カヤックフォア五百メートルで日本(北本忍、久野綾香、竹屋美紀子、鈴木裕美子)が、1分36秒465で6位と
その他	フラット	スポーツ科学関連の情報をふんだんに盛り込み、あくまでフラットにゲームを描きながら(例えば「ケガを隠して頑張り続ける選手」なんて絶対出てこない)、凡百のスポ根とは比較にならないくらい感動的な野球漫画はまだ始まったばかり
その他	フラット	美しい三草山の裾野に広がる関西地区でも有数のフラットな「サンロイヤルゴルフクラブ」、雄大でなだらかな丘陵地に身震いする様なコースを設計されましたのは、かの有名な加藤福一氏で、手がけた数多くのチャンピオンコースの中でも屈指の自信作です
音楽	フラット	モラレスの場合は真ん中に合わせてもしばらく針がちょっとフラットしたりシャープしたりブレながら動くのでチューニングがちょっとやりずらい感じがします
その他	フラット	駒ヶ根高原スキー場にて1 中央自動車道駒ヶ根インターからすぐ近く、中央アルプス駒ケ岳の山麓にある駒ヶ根高原スキー場 適度な斜度と広くは無いけれどフラットなゲレンデ、子供連れには最適なスキー
その他	フラット	もうちょいそれをフラットに見た時に、本来ステレオでつくった曲をモノラルで聴かれただけでも「もう、オレの音楽じゃない」って言うのと同じことになっちゃう気がするんだけど
音楽	フラット	フラットもシャープも無いように移調したもの、すなわち子供の頃、普通のハーモニカ(半音なしの)で、いろんな歌を吹くために移調した状態(長調、短調の区分は不要)の呼び名は、無さそうですね
その他	フラット	板をフラットにすると、雪面に対し垂直に立つことができニュートラルポジションが作れるようになって、後傾防止にもなるし、ニュートラルポジションが作れるようになると急斜面でも体が遅れる感覚がなくなるので恐怖感がかなりなくなります
その他	フラット	2000年に大型4社は先の「人にやさしいバス技術検討委員会」で示された中長期モデルバスに範を取り、3扉・前~後扉間フルフラットのノンステップバスを試作した
その他	フラット	まず、画面表示で言うと、最近は液晶ディスプレイが普及してきた、液晶ディスプレイは表面がフラットというか平面的であり、構造上もちゃんと四角い画素を表示してくれる、つまり「これほどQRコードにとって良い表示環境はない」、わかりやすいので、液晶モニタベースで話を進めてみよう
その他	フラット	コースは重信川河川敷を走るフラットなコースで、景色は単調であるが、沿道に設置したラジカセから流れる音楽やアマチュアバンドの演奏もあり、気分良く走れるアットホームな大会であった
その他	フラット	彼は、トーマス・フリードマンの「フラット化する世界」(一昨年読んだ本では一番良かった)に対して、現在の金融の世界は先に何が待ち受けている予見できないない、不確実なねじれ曲がりの連続で、世界はカーブ化しているというのである
その他	フラット	バーンは、フラットボトム規制の及ばないフロントタイヤの後端より前の部分にラジエターを内蔵した巨大なベンチュリーを構成することで、フロントでダウンフォースを得ようとしました
家庭	フラット	長期にわたる留学を希望されるなら、現地の英語・生活に慣れるまでまた現地の文化・慣習を学ぶために1から2ヶ月間だけホームステイにし、残りの期間は気の合う仲間を見つけて一緒にフラットに住むという方法をすすめます
音楽	フラット	演奏された曲はBフラットと同じく ディキシーランドジャズの曲が殆どでしたが、休憩時間に入る時に1曲ピアノ弾き語りで、It's only paper moonを聴かせて頂きました
音楽	フラット	中島さんと言えば、クォーター・フラット(歌の音程が半音の半分だけ常に低い)という、日本人には希有なダークな音程が、そのルックスや声質と奇跡的にマッチングした好例として、初期の宇多田ヒカルさんと並び、数百万の人々を魅了(同じく、或いは逆に、クォーター・シャープ
その他	フラット	サーブも強力、全盛期のラフターに匹敵すると言われる恐ろしく高くキックして弾むスピンサーブをセカンドサーブに持ち、なおかつ、そのスピンサーブと同じフォームで打つフラットサーブをファーストで打つ
その他	フラット	あと、購入時についていた片踏みペダル(新車はペダル付いてなかったらしいのでノンオリジナルだろう)は同じく初心者には使いづらかったので、シンプルなロード用フラットペダルに交換
その他	フラット	ただ前回のカキコで書いたようにデニスを使っていた期間が長くかつ自身もリムがフラットなマウスピースが好きなのでリムの細い(薄い)レミントンに慣れるまで時間が必要に思います
その他	フラット	障がい児者及びその家族の地域生活が豊かになるように、当事者家族間、各事業所間、当事者家族と事業所間の連携を強化するために、フラットな立場で知り合える交流会を開催
その他	フラット	フラット・レートというのは、後でも述べますが、当時の電話産業の費用構造から見ると、ほんとうに合理性があったかどうか問題になるところだと思います
音楽	フラット	時々フラット気味になるヴォーカルが少し気になったりしますが、総じて安定したパフォーマンスを聴かせるアルバムは、キング・ダイアモンドを彷彿とさせるソリッドなギターとタイトなリズム隊が、ヴォーカルとキーボードを圧倒するような存在感を見せて微妙に居心地の良くないバランスになっているような
その他	フラット	そのときクラブのヘッドが外側を向くように投げる方法をアウターフラットといい、クラブのヘッドが内側を向くように投げる方法をインナーフラットと言う
音楽	フラット	この間、ご自身のHPの日記コーナーに、リアレンジの模様や、E♭m、つまりフラットが6つもついた、この演奏しにくい曲にメロディオンを載せる様子を楽しげに書かれていた
その他	フラット	メインエントランスからお部屋までフラットでいけます、管理体制良好、陽当り・眺望良好、インターネット光対応、地デジ対応済、楽器演奏可、敷地南側に公園
その他	フラット	まあ、前回の元祖を含め4回目ともなれば深く考える必要もないでしょうし(^^;それにしても、数メートル先、目線の高さではほぼフラットな距離でみゆきさんの生の歌を聴くとはなんと贅沢な事でしょう
その他	フラット	高原のフラットな地形をそのままベースにし、枝振りも雄大な松の古木を活かして、大胆かつ繊細に造形された18ホールは生まれながらのクラシックコースです
その他	フラット	今回の仕様組合せは、両柱セットのセンターブロック上下用、センターブロック上は照明付き・インターホン用、センターブロック下、インターホンカバーB、フラット横型ポストは前入れ後取出し、サインはクリアガラスのパターン集選択タイプ、デザインパネルは縦格子です
その他	フラット	ここで、パラメトリック増幅素子は、光ファイバ(例えば、分散シフト光ファイバ、分散フラット光ファイバである)であり、パラメトリック増幅素子は、非線形光学材料(例えば、KTiOPO4、KTiOAsO4、β−BaB2O4、LiNbO3のいずれか1種である)を備えた光導波路素子であり波長選択素子は、光フィルタである
その他	フラット	↓ついに、偽物が出ましたね ^^; 遠泳の件だけど、ちょっと調べたら平は競技用と遠泳用の2種類の泳ぎ方があり、さらに競技用には水のうねりを利用するウエーブ型と水のうねりをできるだけつくらないで直線的に泳ぐフラット型とがあるみたいです
その他	フラット	フランス系監督は、もともとの路線に戻ることを意味し、おそらくフラット・ラインディフェンスを導入、コレクティブでコンパクトなサッカーは日本に合うだろう
その他	フラット	上記フラット35の技術基準に加えて、以下の4つの基準のうちいずれか1つ以上の基準を満たす住宅を取得される際に、お借入金利を優遇する制度(優良住宅取得支援制度(愛称:フラット35S))です
その他	フラット	こんなカンジです トロピカルな色で楽しむ方 透明感をだしてキラキラで楽しむかた フラットアートでオリジナルな柄で楽しむ方 皆さんはどんなのがお好きですか
その他	フラット	当初は『ボウルバック・タイプ』の『マンドリン』を作っていたのですが、音量・音質共に充分なものを得られないという理由から、厚い板を削り出して作る方式を提案、結果『フラットバック・タイプ』の『マンドリン』が誕生しました
家庭	フラット	フローレンス・ブーツで半年過ごし、その後大学所有の自炊のフラットに引っ越したクラスメートで韓国人のテイによると、朝、バスルームに行った際、パンツ姿の男子学生と鉢合わせしたこともあったという
その他	フラット	既存の「アルティプラノXL」はフラットなムーブメントを収めるため、無駄な脂肪を一切削いだシンプルな2針時計だったが、新作では10時位置にスモールセコンド、3時位置にブランドのロゴマークを配し、ケース径を38mmから40mmへと僅かにサイズアップ
音楽	フラット	当初はGのキーで作曲され、ポールはファルセットで歌ってみたがうまくいかず、最終的に、アート・ガーファンクルがリード・ボーカルで、キーもEフラットに下げた形で発表
その他	フラット	今までは、片面SPD/片面フラットだったので、フラット面を踏んでしまってスムーズに加速出来ない時が有ったのですが、ペダル交換後はどちらの面を踏んでも装着出来るので、ペダルの方に気を取られる事も無くなり、加速に [続きを読む]
家庭	フラット	市中心部のフラットだと週400~600豪ドルくらいが中心で、郊外の学園都市だと300~400豪ドル、郊外のアジア系住民が多く住む地域で200~300豪ドルというのがおおよその賃貸相場です
その他	フラット	SBIグループ独自の金融手法やインターネット、コールセンターを活用し、「スーパー【フラット35】」や「グッド住宅ローン」をはじめとして、住宅ローン業界において最低水準の金利をお客様にご提供しています
その他	フラット	哀愁帯びたフラットなメロディを唄い上げていく煽情性の強いパワーヴォーカルは、かなりネヴァーモアを意識しているようですが、全体的にはあれほどアクの強くないマイルドな仕上がりになっています
その他	フラット	安齋氏は、「現在、多くの企業が、ヒエラルキー型の組織からフラットな組織へ、そして、自社ですべてをまかなう組織から、外部パートナーと連携できるコラボレーション型組織へと変貌しつつある
その他	フラット	フラット35S・一戸建て・墨田区・葛飾区・日比谷線・都営浅草線・平井で納得のフラット35S・一戸建て・墨田区・葛飾区・日比谷線・都営浅草線・平井ならここがおすすめ
家庭	フラット	イラン人のフラットメイトによると、昼過ぎに彼がフラットに戻ってきたら、電子レンジから白い煙がモクモクと沸いていて、キッチン中に煙が充満していたとのこと
その他	フラット	杉板くんの京町家改修用語集 住宅金融支援機構(旧住宅金融公庫)が、提供している金融商品に、フラット35、フラット35Sが、あるが、この商品に、合う住宅かどうかを、判断すること適合証明といい その証明書を、適合証明書という フラット35は、中古住宅の金融商品です フラット35Sは
その他	フラット	ボールを真後ろからフラットに捕らえるため、打球の感覚がつかみやすく、ボールに回転を与えないのでスピードが出るが打球は直線的に飛ぶため高い打点で捕らえる
その他	フラット	また最近のクロスカントリー競技では乗車ポジションの多様性よりも車体の制御を意識してバーエンドを使用せずライズバーまたは大幅(10°前後)に湾曲させたフラットバーを使用する事も多い
その他	フラット	通常のリザードとは違い、リザードの特徴である斑紋を残しながら、絶妙に計算された圧力と温度の「ハイドリックアイロン」で鏡面のようにフラットに加工されていました
その他	フラット	欧米では、脳波がフラットになることは脳死の基準には入っていないようで、移植の成功率を上げることが問題になることは目に見えていることを考えると、この基準も変わって行くと思われる
その他	フラット	沢尻 今回は監督にすべてまかせていたところがあって、監督のディレクションを受けて、それを私が受け止めて芝居の中で返していくという、凄くフェアでフラットな関係でした
その他	フラット	「フラット35」や民間金融機関住宅ローンの他に、三井ホームオリジナル住宅ローン「三井ホームローン」をご用意しておりますので、全国の有力金融機関との提携による各種優遇金利をご利用いただけます
その他	フラット	同じくマイノリティである黒人の伝説的なブルースマンと悪魔のギターを導火線に使い(悪魔との契約 "treaty" はいうまでもなく、白人がインディアンと結んだ多くの "treaties" を象徴している)、その一方で「コヨーテ・スプリングズ」というダイナマイトを準備し、さらにフラットヘッド族の美女というガソリンを用意したあげく、不発に終わらせ、物寂しい銃声を一発響かせて、すべてをばらばらにしていく
その他	フラット	7メートルのフラットエリアを魚探で細かくチェックし、フラットの中でもより硬いハードボトムの上に乗っかっているベイトを狙い、すぐに反応はかえってきましたが、サイズが小さい↓↓時間もなく焦りが
その他	フラット	「川口パブリックゴルフ場」は、河川敷のフラットな地形を活かしつつ、ゴルファーに戦略性を楽しんでもらおうという意図の感じられる全12ホールのゴルフ場である
その他	フラット	人間、集団生活をする際に指導者をたてると話がまとまりやすいと思っていましたが、環境に恵まれ、何一つ不自由のない生活であればこんな風にフラットな生活もできるのかもしれません
その他	フラット	フラットな広場を行ったり来たりという前半は、なかなか抜き所が無く、ライン取りと立ち上がりトラクションを生かし短距離ダッシュで並んで何とか前走車を抜いていく
その他	フラット	外国人選手と違って日本人の身長ではフラットサーブでも下から上に振り上げて縦回転を意識しないと入らないなど、選手ならではのアドバイスが印象的でした
その他	フラット	新品のスキーやボードも滑る前にフラットな滑走面を作ったり、エッジのビベリング、サイドエッジの研磨、雪質に合ったストラクチャを入れる等をすることにより、本来のスキー、ボードが持っている滑走性、回転性等の性能を100%引き出すことが出来ます
その他	フラット	秀峰大山を望む自然を最大限に活かした【ワイド・フラット・ノーブラインド】の豪快なチャンピオンコースは、ビギナーから上級者までゴルフの楽しさ・醍醐味を満喫できる
その他	フラット	BuyMaトップレディースファッション靴・ブーツ・サンダルシューズ・サンダルその他【横ロゴがお洒落】CHANEL バイカラー フラットシューズ
音楽	フラット	要するに調子記号としては、普通のCの楽器よりフラットを一つ多く、シャープだったら一つ少なくして、 出して欲しい音の4度上に書けば良い訳だが、移調楽器の相互関係と云うのは、実際に楽器に触れた人でないと、結構分かりにくいものの様で、 ベテランの作曲家、アレンジャーでも、時々これを勘違いして、間違える事が有る
家庭	フラット	フラットの部屋は個室orダブルなので居心地は良かったし、キッチンやシャワールームも週に2回ほどクリーニングが入っていたのできれいだったし、寮を選んでよかったと思いました
音楽	フラット	後藤芳子の招きで日本にも度々来訪し、東京の「ボディ&ソウル」で佐藤充彦のピアノで歌い、「Bフラット」で、寺下誠(ピアノ)や大山秀男(アルトサックス)と共演して好評を博し、浅草ジャズ・コンテスト2003年に応募して金賞を獲得し、注目を集めた
その他	フラット	政府の「明日の安心と成長のための緊急経済対策」(平成21年度第二次補正予算)に基づき、住宅金融支援機構による【フラット35】S(優良住宅取得支援制度)の金利引下げ幅が、当初10年間について0
その他	フラット	このお店は、自分が高校生の頃からの行きつけで、愛用のマーチンD28をはじめ、ケンタッキーのフラットマンドリン、オスカーシュミットのオートハープは、この店で購入した
その他	フラット	堀の内駅から平坦地で徒歩8分、カースペース有、住宅保証機構10年保証住宅、フラット35S利用可、各居室ペアガラス、1坪ユニットバス暖房換気乾燥機能付、モニター付インターホン等、現況:建築中、平成22年9月上旬完成予定、内見可能です・お気軽にお問い合わせ下さい
その他	フラット	このほか、モデル事業を創設してSI(スケルトン・インフィル)住宅へ助成する仕組みづくりや、住宅金融支援機構の[フラット35]の融資期間を最長50年とする金融システムなども検討されている
その他	フラット	学校や職場の事情でピアスができない、サウナやスキー場など温度変化の激しい場所で、スポーツ時の外傷予防として、大活躍のシリコンピアスが16本セットになってこのお値段★ トップがスター型とハート型、ボール型、丸フラットのタイプが各4本入っています
その他	フラット	特に、パット・メセニーが参加している6曲目の「レヴランス(奇跡の物語)」は、メセニーのアコースティック・ギターにボナのフラット・ベースが絶妙にからんだ美しいインストゥルメンタルの名曲だと思います
その他	フラット	【0008】また、ゴミを捕獲するためには床などの掃除対象面に器具などにより押しつけた際に、既存の掃除用シートでは掃除対象面に比較的フラットに接触するため、獲得する効果が低いが、掃除用シートに穴を開け、あるいは凹凸を付与することで捕獲性が大幅に向上する
その他	フラット	それに2007年4月1日より住宅金融公庫が組織替えして住宅金融支援機構になり、マーケットシェア40%超を占めていましたが公庫融資が中止となり、業務として証券化支援で民間金融機関をバックアップする(フラット35)ことになりました
その他	フラット	(特にフラット選手は先シーズン、何故かスケートアメリカで二位、世界選手権でもクリーンに見えたジャンプはDGで、実力に対して正当な評価がされていないように感じます
その他	フラット	攻撃時こそ自在なポジショニングにドリブル、パスで魅せてくれたが、守備時には中盤を両サイドからフラットにブロック形成し、各々のゾーンをきっちり守ってきた
その他	フラット	お客様の年収とご希望のご返済期間、他社でのローンのお借入れ状況から、住宅ローン【フラット35】のお借入可能額とその金額に基づいた毎月のご返済額を算出いたします
その他	フラット	マンション」とは、「フラット35登録マンション」のうち、事業者のみなさまが工事の施工過程の情報を記載した『工事施工レポート』をお客様に提供し、かつ、管理規約及び長期修繕
音楽	フラット	参考のために、この「フラット2つのキー(調)」は、長調の場合ドイツ音名でB(ベー)ドゥアー、英語音名でBフラットメジャー、短調の場合G(ゲー)モール、Gマイナーと言うキーです
その他	フラット	オアフ島には6箇所の市営ゴルフ場がありますが、アラワイゴルフ場が特に人気がある原因は、いろいろあるでしょうが、他の市営ゴルフ場に比べてフラットなコースで、便利な場所にあることが一番の理由と思われます
音楽	フラット	同時期に音楽教師から高度な作曲理論を学び(「私の音楽に対する勉強は、GフラットとFシャープの違いを学んだことからはじまった」という言葉は有名)、1916年にピアニストとしてデビュー
その他	フラット	「フラット35を除く、民間住宅ローン貸出の全期間・10年超の長期固定金利は、1割程度」ということが、住宅金融支援機構がまとめた民間住宅ローンの貸出動向アンケート調査で明らかになった
その他	フラット	根本的に解決するには、アンプ自体に相当なパワーが必要とされるはずで、Picoはポータブルアンプの限られた出力の中で、音の味付けによるフラットな特性をあえて選択せず、自然な音を生かした結果として中音域が強調されているのではないかと思える
その他	フラット	また、歴史学研究者・教師・生徒・その他一般の人たちができるだけフラットな形で話し合える場も必要だろう(こういう時、大学にも本当の意味での世界史の専門家がいないということは、逆に強みになるかもしれない)
その他	フラット	第1に人体内の整理活動は常にフラットではなく、おおよそ24〜25時間周期をもって光を入力したことによって、運動周期はリセットされて1日の活動が始まり
音楽	フラット	一生懸命それを楽譜に起こすところから始めて、そのうたっている方のキーなので、楽譜にするとフラットやらシャープやらいっぱいあってすごく大変だったのです
その他	フラット	車中泊とキャンプ:MV:イレクターパイプ仕様フルフラットにしたシートの段差を埋めてみたりクッションを使って微調整したりしてもやっぱりそれは車のシートでしかない
その他	フラット	Qの厚いほうのターンテーブルシートを切り抜いて作った、CDトランスポート、CEC TL51Xのスタビライザー、これも、不要な共振を排し、結局、その上に、最終的に、フラットアンプの追加で、鬼に金棒、虎の褌、向かう所敵無し状態、正に、自画自賛で7月は終わるのでした
その他	フラット	「フラット」「レター」「傘唄」他、人や街、自然や時の移ろい、そんな日々の出会いのヨロコビや感謝の気持ちを、丁寧な描写で綴るスタイルが特徴の楽曲を収録
その他	フラット	フラット3を一から教える手間を省く為に手っ取り早い手段を取った訳ですが、中盤から後ろならどこでもこなせる器用な中田浩二くんなら間違いなくお役に立てるでしょう
その他	フラット	中山選手の"復活"は、同じ磐田の高原選手の離脱など、フォワード陣の相次ぐ故障などの要因があるものの、秋田選手の場合は、トルシエ監督の戦術"フラット3"に適さないということで、長らく代表から外れていただけに、唐突感は否めません
その他	フラット	フラット35は、融資条件が全国一律で、それをクリヤすれば、融資額は8000万円を限度に融資率90%、返済期間最長35年、低利な長期固定金利のほか、住宅金融支援機構が定める技術標準に適合してはじめて借りられるので、旧公庫融資よりも借りやすく、安心できる住宅取得が可能となります
その他	フラット	レコーディングキングのトーンリング(フラットヘッド用)は、グレッグ・リッチがアール・スクラッグスの許可を得て、スクラッグスのグラナダに使用されたトーンリングの一部を、本人の目の前で、カッターで遠慮なくグリグリと削り(
その他	フラット	メンバーの子供が通う保育園のクラス名がそのままついたこの建築家集団は、代表者を決めずに全員が「フラット」な状態で全てのプランにたずさわるという、いわば非分業方法で活動
その他	フラット	カヌー・フラットウオーター女子の久野綾香(くの・あやか)(久野製作所)は、先の北京五輪アジア最終予選のカヤックフォア500メートルで夢に描いた五輪出場を決めた
その他	フラット	インパクトでのラケットとボールの接触時間が長いソフトテニスでは、良くないことですが、フラットサービスや、スライスサーブ、スマッシュを打つには問題ありません
その他	フラット	譜面に近くフラットな表現の中にも、飽きさせないだけの変化があり、感動するような派手な装飾はありませんでしたが、リファレンス的には楽しめる演奏でした
その他	フラット	当社関連会社の日本フラットベース普及協会(フラットベース株式会社)主催により、8月27日に福岡天神において「フラットベース取扱説明会」を開催します
その他	フラット	だたそこが問題なのではなく、あの場面ではシャビとメッシが横パスを交換することで相手の中盤、バイタルエリアを埋めている三枚を上手く引き剥がしてしまうことが出来ていて、パスを出すときに存在するのはフラットなディフェンスラインだけになっていた
その他	フラット	あえかさんの曲はどれも透き通るような、でも脳内にきっちり響く歌声はフラットミュージックにはなくライブだからこその良さがあったんじゃないかと思うとです
その他	フラット	次世代フラットディスプレイ開発には微小電子源の実現がキーテクノロジーであり、低電圧・高効率・高輝度・長寿命の電子エミッター開発が強く望まれています
その他	フラット	で、せっせと障碍を作るのに必死のせんせーを横目に、フラットワークは勝手にやっておいてといわれて、輪(わ)乗(の)りの駆歩(かけあし)まで、てきとーにやっておく
その他	フラット	まず、税源移譲に便乗した住民税のフラット化の結果、モデルのサラリーマン四人世帯では、低所得層は国税、地方税合わせて増減税同額になるのに対して、給与収入一千二百万円以上の世帯だけがこれ減税になる結果現れていますね
家庭	フラット	全8戸の住戸もそれぞれ個性的で、南側に約12mのひろびろとした間口を確保したフラット住戸、そして桜並木が一望でき、屋上テラスも備えたメゾネット住戸などで構成されております
その他	フラット	本当にフラットな会場で、近くに来てくれないとどこに誰がいるのか分からず、、でもスクリーンが各角に四つあり、歌詞が全部出るので分かりやすいのはよかったです
その他	フラット	板を引き込むことで板は走り、引き込み終わった時点では右写真の青い丸のように股関節と膝が突っ張るような緊張感無く曲げられ、しかもブーツは確実に腰の真下に来るため、板はフラットな状態を通過する事になります
その他	フラット	運営者 ひとつにはITを使って、メールのやりとりをしたり、あるいはBBSを使ったりして、ネットワーク上でのフラットで、情報を積極的に出す人間に対してますます情報が集まってくるという本質的なコミュニケーションの能力を磨いていくということがあります
その他	フラット	組織のフラット化とは平成11年度の係制の廃止、平成14年度の課長補佐の廃止と部長制の開始、平成15年度の収入役の廃止、さらに今年度からは助役の不在に踏み切った
その他	フラット	スタートの鋭角に聳え立つUタンクから深めの連続ウェーブの抜けと、後半のフラットパートへつながる第3バンクの入りと抜けが勝敗を大きく左右するポイントと思いきや、その間、またはフィニッシュへ向かう縦系セクションでの加速も前走を刺すチャンスがあるレース展開
その他	フラット	今年は住宅エコポイントや長期優良住宅の補助、フラット35の金利引き下げ、減税措置など住宅関係の支援が充実していますので、住宅取得をお考えの方は、利用を検討されるとよいかもしれません
音楽	フラット	が、全体的に細かい傷や綻びが目立つ演奏で、また高音金管の高音部の音もややフラット気味で、おそらく演奏した側も会心の演奏とは言えなかったのではないかと思われる
その他	フラット	デザイナーや営業などの職種や経験年数にとらわれることなく、フラットに意見が発信でき、自由な発想を活かすことができるため、同社のブランド「ライフガレージ」には、顧客から高い信頼が寄せられている
その他	フラット	ゲレンデは完璧なグルーミングのフラットバーンからディープパウダーが永遠と続く超ハードコースまで、バランス良く配置された多彩なコースバラエティが特徴
その他	フラット	たとえば、僕が勤める文具メーカーの200ページ以上ある総合カタログを、フラットベッド式のスキャナで1ページずつスキャンするのは、1頁30秒と仮定して休みなくとりつづけて100分
家庭	フラット	日中は仕事、夕方から夜間大学院という生活を予定していたので、寮かシェアーできるフラットをイメージして、大学院に依頼をしていたところ、子どもさんたちが独立して、ひとり暮らしをしているオーストラリア女性とのシェアーはどうかとの打診がありました
その他	フラット	読む前からなんだか不安になってしまいますが、気になるその内容はいきなりフラット3の説明から始まり、「ライン」「オフサイド」「プレス」など専門用語の連発
その他	フラット	週末、社員全員で全国の店頭で接客する中、社員が「スニーカーはフラットなものばかりでパンツの裾を引きずってしまう」という客の悩みを聞いたのが開発のきっかけ
その他	フラット	終了直前に安藤がセミシに短くフラットなパスを出してセミシが突破したのが、唯一のきれいなラインブレイクだったが、それをスローフォワードと判定されて試合が終わってしまったところに、この試合のもやもやとした不完全燃焼感が集約されていた
その他	フラット	平成19年10月には住宅金融支援機構のフラット35適合証明業務をはじめとして、住宅性能評価業務、長期優良住宅に係る技術的審査業務、さらに住宅瑕疵担保責任保険の現場検査業務など、確認審査業務等と一体的に併せてご利用いただけるように、より一層の組織充実を図り、皆様へのサービス向上を努めてまいります
その他	フラット	☆スクラムからボールが出る前に攻撃側のプレーヤーが後方より勢いをつけて走り込み、ハーフバックからのフラットなパスを受けて突進を試みるプレーは、ペナルティキックまたはフリーキックおける「キャバルリーチャージ」に相当し、競技規則に反するプレーである
その他	フラット	個人住民税が一律フラット化されることにより負担増となる層が生じたり、住宅借入金等特別控除(住宅ローン控除)の適用がある方(平成11年から平成18年までに入居された方に限ります
その他	フラット	8月27日、当社関連会社のフラットベース(株)の主催によりフラットベース取扱説明会を、福岡市中央区天神のコンテンツセミナールームで開催しました
家庭	フラット	ハムステッドのフラットの雰囲気を真似てコーディネートした 三軒茶屋の2DKアパートのオレンジ色のノーブレーキピスト車が飾ってあるリビングルームの 一角にしつらえた白いコンラン風楕円形テーブルの上のiMacの横にまずはアピストです
その他	フラット	といいますのも、政府の経済対策の特例として、この「フラット35S」の基準に合致する住宅を取得する場合、向こう10年間、住宅ローン金利をマイナス1%引き下げるという発表がありました
その他	フラット	4:01フラットに目黒にあった会社を出て、開演の7:00ジャストまで、何をしようかな、という大問題は、新宿のジャズ喫茶、DUGヘ行く事で解決させ、コンサート前だったのでアルコールは控えていました
音楽	フラット	後半、フラット一つから転調してシャープ四つになる直前、フラットにシャープ、ダブルシャープ、ナチュラルの臨時記号満載の2小節の所でお師匠さまからストップがかかった
その他	フラット	けっこう有名なHOTRODで、'40年フラットヘッドにEdmundsのハイコンプヘッドを組みストロンバーグのキャブを4機装着してボアアップしてます
その他	フラット	まあさすがに10月以降全く利上げなしで決め打ちするような状況ではないので、FBみたいにフルフラットになりゃあせんと思いますが、どうも12月足のレートが低下してきたような気が
その他	フラット	フラットボレーはインパクトでラケットを止めるようにしますが、スライスボレーはインパクトを通過点と考えて、ボールの斜め下を振り切るようにしてみましょう
その他	フラット	ですから皆々プレイには個性があり、爪弾き派の人も居れば、指頭奏法派の人も居り、メロディ部を親指(p)の指頭で弾くジャズ演奏的なものやる人も居るなら、人指指(i)中指(m)のツーフィンガーもありで、はたまた通常のフラットピックを用いて弾いても一向に構わない
その他	フラット	具体的には「建設費・購入価額の100%以内のご利用が可能」、「融資の対象となる諸費用の範囲の拡大」、「フラット35S(優良住宅取得支援制度)の拡充」、「住宅ローンの借換えにもご利用が可能」の4点
その他	フラット	また、二つ目には「フラット35」を利用する際には、住宅金融支援機構が独自の技術基準を定めて審査をする事で、住宅の品質確保も図っておりますので、安心感も理由としてあげられると思います
その他	フラット	ブラジルのフラットマンドリンと言っても良いバンドリンと、サンバ、ショーロに欠かせない、ウクレレと兄弟分のカヴァキーニョ、そして、低音に一本多い7弦ギター、という弦楽器3本のユニットです
その他	フラット	2008年4月3日 ちなみに、「フラット為替」とは日米の金利差を利用し、5年や10年といった超長期の為替予約を、前もって手当てする では「フラット為替」における最大のデメリットはなにかと言うと、図らずしも今回露呈した消滅の危険性を孕んでいる
その他	フラット	VANSはやや薄めのソールでペダルとのダイレクト感があり、ワッフル型のソールパターンはフラットペダルとの相性(食いつき)がいいらしい・・・欲しい
その他	フラット	「さくらめいと」は文化振興財団が管理運営を行っており、グループ制によるフラットな事務局体制の推進など効率的な運営に取り組んでおり、オーケストラの育成や演劇ワークショップなどの自主事業も随時行っている
その他	フラット	この改造を行なうと全体的に音が滑らかな感じになって、周波数特性もよりフラットになりますが、逆にダイナミックさというか、ドカンとくるような感じが減ります
その他	フラット	)既存のフラット35に適応された条件に加え、省エネ、耐震性、バリヤフリー、耐久性、この四点の内、一点以上がクリアされたスペシャル物件でないと借入れすることは出来ません
その他	フラット	フラットなベースが一面に広がり・・・ 仮にフローリングを敷き・・・・ 進んだ気がしないので、レザー巻いてみたり・・・・・ シーマはアンプも付いて音だしもバッチリ完了
その他	フラット	また、能の舞台も、自然光で観賞するというコンセプトから、日中は窓から日光を採りこんでいたようだが、フラットな光との比較と云う点では、時間がかかりすぎ、解りにくかった
その他	フラット	新築一戸建て 町田市忠生2丁目★学区:忠生第一小学校/忠生中学校★フラット35♪エコポイント対象★充実の設備・仕様★指紋認証キーでお出かけもお安心・安全★浴室テレビ・ミストシャワー付
その他	フラット	フラットの場合は絵の中が狭いためにそれほど感じられませんが、傾斜タイプでは、特に道路や建築物がでてくる未来都市の直線部分が、一般の透視図法ではドームに投影した時、大きくゆがんでしまいます
その他	フラット	しかもパターンを見ると、このチップの右に位置するフラッシュメモリの下を通り過ぎて、フラットケーブル経由でまっすぐ表示/操作部と接続されているようだ
その他	フラット	【フラット35】S(優良住宅取得支援制度)とは、【フラット35】をお申し込みのお客さまが、省エネルギー性、耐震などの要件を満たす住宅を取得される場合に、次のとおり、金利の引下げを受けることができる制度です
その他	フラット	PROBODYのフラットベンチだが、普通ならあの価格であの性能が出せるわけがない ということは、儲けを度外視しているということだ 利益度外視の呼び水製品としてフラットベンチを使っているのだろう
その他	フラット	ヴァイオリン族(ヴァイオリン・ヴィオラ・チェロ)はアールのついた膨らみを持つタイプしかないが、コントラバスはヴィオール族のヴィオローネの名残から平らな板を使ったフラットタイプと呼ばれる楽器が多く作られている
その他	フラット	しかし物語の最後では、カメラの視点がフラットになることで、異なった父親像があぶりだされるため、観ているわたしは梯子をはずされたような気分になりました
その他	フラット	綾瀬市小園★フラット35S対応★住宅版エコポイント対象★多彩な設備・仕様★指紋認証キー標準設置★収納豊富★物件の詳細はおきがるにお問い合わせください
音楽	フラット	特に興味深いのはサンマルティーニの例ですが、彼の交響曲のうち初期(1740年以前)の交響曲はフラット記号の多い傾向があるのが、中期にはいると三分の二以上が嬰記号を持つという変化を見せることです
その他	フラット	それだけの日本DF陣に対し「日本人は劣るから組織と数で対処する」とフラットスリーを持ち込んだ、そういう先入観でフォーメーションを組む監督が私は許せないし、その説明で納得できるほど反骨精神に欠けるプロ選手に、少なくとも私は最終ラインを任せる気にはならない
その他	フラット	◇蕨駅からバス便有り(停歩1分)&鳩ヶ谷駅徒歩17分☆住宅瑕疵担保責任保険◆フラット35S適用住宅☆全4棟☆駐車2台可 ■南西側6m公道(敷延部分を駐車場として利用可)★★対面キッチン付15帖LDKと和室が続き間設計で広々空間♪2階に6
その他	フラット	よって、「辛い」という事実は事実なのでそれを納得したうえで、それは決して自分だけじゃなくて、まあ誰しもそういうときがたまにある、とフラットに思うことです
その他	フラット	しかし「フラット35」で注意しなければならないのは、新築マンション購入などの場合、申し込みから融資実行まで期間があり、金利が変わらず安心できるのは融資実行後です
その他	フラット	(フラット35Sの基準が今年に入ってから発表になり、検討を始めた又は誘われた人は1月・2月ですので、3F建てや2F建ての賃貸で木造であれば、建築許可に2カ月、建築に4~5カ月係るのが最近の傾向です)
音楽	フラット	あと12月18日は東京赤坂の「Bフラット」というジャズのライブハウスでフラメンコとアルゼンチンタンゴのテーマでライブがあって、12月20日から25日までは東京の渋谷の駅に新しいビルができたらしくて、その落成イベントとして2日間ライブをやることになっています
その他	フラット	フラットで広大、牧歌的なフィールドからは八ヶ岳を眺めながらの年間を通じたトレッキング、乗馬、フィッシング、ゴルフ、テニス、キャンプ、スキー、温泉等が楽しめる
その他	フラット	準決勝の浜市VS日大三島は、No1シングルを闘った竹中選手(浜市2年)と上野選手(日大三島1年)の対戦が、上野選手のファーストアップからセカンドも上野選手優位に進むところ(上野選手の早いタイミングでボールを捉え、フラットドライブでコースを突くショットが効果的だったようです
その他	フラット	フラットな組織やメンバー間のコミュニケーションを重視したり、ロハスなスタイルやワークライフバランスに気を遣う若手役員層をターゲットに、コクヨオフィスシステムも参加して共同開発を行った
その他	フラット	^ フラットエッジからのいわゆるフルッツを跳んでしまう男子選手を抱える日本の技術審判は、2007年スケートカナダにおいて、男子シングルに出場した12 名中7名にルッツおよびフリップのエッジエラーをつけ、自国男子選手の跳ぶフラットエッジのフルッツこそがフリップでありルッツであるという価値観を提示した
家庭	フラット	サモアという狭い日本人社会の中で、そのうちの二割ほどの日本人が、サモアだというのにサモア人を呼ばないで、かといって西洋人(パーランギ)などのゲストもなしで、Jコープの一つの住居(フラット)に集結する
その他	フラット	フラットに寝てしまえば、手すりがあっても「起き上がり」は「できない」とチェックされるが、 現状では、「起き上がり」は「掴まればできる」とチェックされてしまい、 介護用ベッドを借りるには、一定の手続きを踏むことを必要とする
その他	フラット	一瞬の発音からどんどん変化してしまう楽器の実音を送り出す伝送特性の低域フラットより、残響音として部屋中に残り続ける長い響きの方が音楽再生に与える影響力が大きいのです
その他	フラット	スキー板がフラットな上体からさらに脚を傾けてエッジングを強くしていくと、それに応じてスキー板はさらに丸い弧を描くようにたわみを増し、それに対してスキー板が元に戻ろうとする力も大きくなるので、スキー板のトップ及びテールが雪面を押さえる力はさらに大きくなる(図D)
その他	フラット	スクラムで、防御側のスクラムオフサイドラインがスクラムより3メートル下がっていることをいいことに、スクラムからボールが出る前に攻撃側のプレーヤーが後方より勢いをつけて走り込み、ハーフバックからフラットなパスを受けて突進を試みるプレーは、ペナルティキックまたはフリーキックにおけるいわゆる「キャバルリー・チャージ」に相当し、競技規則に反するプレーである
その他	フラット	ムーンシャイナー5月号特集でもお分かりのように、ディープなフラット&スクラッグス観を持ったクリス、レスター・フラット的ギター/ボーカル(実はトニー・ライスもお得意です)、ベニー・マーティン的フィドル、アール・スクラッグス的バンジョーのいずれをとっても超一流のミュージシャンです
その他	フラット	マイメロ、フラット、ピアノちゃんの身体が小さくてストライクが入らずあっという間に満塁、美紀と歌が三振するものの真菜がタイムリースリーベースで走者一掃、一打サヨナラの場面となって吉田が打席へ
その他	フラット	苦手意識をなくすためのボレー、パワーのあるボールを打てるハイボレー、確率を上げるフラットサービス、相手を揺さぶるスライスサービス、そしてダブルフォルトをしないスピンサービスなどをイメージをしっかりと持てるように収録しています
その他	フラット	自分のスイングに合ったライ角のクラブを使うことが大切だが、アップライト過ぎるクラブでは トーが浮くような形になるので ヒールだけが地面に当たって、通常、ボールは左に出てしまうことが多くなり、逆に、フラット過ぎれば トーだけが地面に当たるから、ボールは右に出る傾向になる
その他	フラット	3月9日に熊本市のメルパルク熊本において(財)熊本県起業化支援センター主催の「第35回くまもとベンチャーマーケット二火会」が行われ、当社グループ会社のフラットベース(株)が登壇し、木造住宅プレキャスト基礎「フラットベース」の製造・販売についてビジネスプラン発表を行います
音楽	フラット	楽譜に書き下ろすと、フラット6つの変ト長調という、曲の割には非常に読みづらい楽譜になってしまうため、あえて楽譜が用意されていないという、誰もが小さい頃に弾いたことがあるであろう有名な曲は何でしょう
その他	フラット	人気のあるローン「フラット35」を利用する為の必要頭金は10%ですが、住宅業界では「支払いが収入の25%以内」、「頭金は20%以上」が健全な住宅ローンと言われています
その他	フラット	個々の面では、それは私や浅野さんや橋本さんが考えが違うところはありますけれども、この3者というのは、比較的ピラミッドを壊そうと、ピラミッドでないフラットな社会をつくろうということで行ってきているんじゃないかと、私は思っていますし
その他	フラット	芸術の秋、音楽の秋、アコギな秋・・・ アコースティックギターマガジンにも掲載されたアストリアス「ソロスタンダードIT」 そして、今、市場をにぎわせているイーストマンが生み出した アディロンダックスプルーストップのフラットトップギターが
その他	フラット	おまけに、話しが面白く、すごい登攀をやってきたばかりだったり、日頃から厳しいトレーニングを積んでいるコアな人たちとは思えないほど、フラットでオープンなエネルギーに、どんどん酒が進んでしまう
その他	フラット	夫婦にも、子供にも、子供同士の兄弟姉妹にも、祖父・祖母にもこれといった明確な序列はなく、皆がそれぞれの人権を重んじてなるべく「フレンドリーでフラット」な人間関係を維持することを想定した場合である
その他	フラット	しかし、中には屋内で自由に車椅子を操れるほど、フラットで、スペースにゆとりのある家屋(こういった家はたいていサンチアゴ市内かもしくはちょっとした小さな町の金持ち地区にある)に住み、家族や近所の人など多くの介助者のいる理想的な環境に住む人もいる
その他	フラット	ニッティ・グリッティ・ダート・バンドの「永遠の絆」やカントリー・ガゼットでこの音楽を知り、ビル・モンロー、フラット&スクラッグス等の第一世代やそのフォロワーのブレイ・ブラザーズ、ケンタッキー・カーネルズ、バーン・ウィリアムス等に惹きつけられてどっぷり膝までブルーグラスに浸かって、自分達なりに咀嚼して創り上げた物が表現出来れば無上の喜びです
その他	フラット	当初 舗装路だった道もダートになりフラットな砂利道だったり、雨水でエグれた赤土だったり、石がゴロゴロしているガレ場になったり、皆それぞれ走りを楽しんでいます
その他	フラット	もし、今のままで処方箋を考えるとしたら、ドゥンガでもラモスでも柱谷でもいいから怒れるコーチを招聘し、ポスト役のFWとボランチとCBのメンバーを固定、形だけ真似した「フラット3もどき」を捨てて余計なシンキングスピードを必要としないシンプルな戦術を叩き込み、運動量があり闘えて汚れ役も厭わない選手をもっと増やし、徹底的にアウェイの厳しい環境での試合を重ねる事だろう
音楽	フラット	Dマイナーから始まりEフラットマイナーEマイナーにと転調していく難しい譜面を渡したので大変そうですが、ちょんぼしないで最後まで譜面通りに弾くと張り切っています
その他	フラット	今月5日にソフトバンクモバイルが新たなオプションプランとして「パケットし放題フラット」を近日中に導入する可能性があることをお伝えしましたが、ついに本日「パケットし放題フラット」が正式発表されました
その他	フラット	浦和は3バックと近い距離を保っていた右の山田、左の平川、中の長谷部、山瀬がフラットに近いラインを敷き、サイドでも中央でも巧みに選手を集中させて中途半端にボールを繋ぐだけの東京に対して常に数的優位を作ってきたために、右サイドの規郎がたびたび仕掛けたり、ルーカスが左サイドに流れてボールをキープしても周囲のフォローが少なく、相手に囲まれるばかりでなかなか局面を打開できない時間帯が続きました
その他	フラット	引き込み操作により、山回りで板が走り、後半脚を柔らかく使うことが可能になり、両スキーが確実にフラットになるニュートラルが作られ、吸収動作のポジションが生まれると言う、一石二鳥ならぬ一石四鳥くらいのメリットが生まれる人もいるはずです
その他	フラット	住宅金融支援機構が定めた技術基準について検査機関が物件検査をしますので、住宅の質に対しても信頼が持てます(注意:全宅住宅ローンフラット35をご利用いただくには建設または購入される住宅が住宅金融支援機構の定める技術基準に適合していることを証明する適合証明書を検査機関から取得していただくことが必要です
その他	フラット	三井住友海上は、7月から「フラット35事業」(住宅金融支援機構買取型住宅ローン取次業務)の拡大に向けた新たな施策として、業界初となる顧客面談専用ブース「フラットデスク」を、東京都内の東京中央支店、新宿支店、
その他	フラット	以前はカバーリングなどを行う為にストッパーの選手の後方に位置することが多かったが、ディフェンスラインをフラットに保ち、ラインの高さをコントロールすることが重要視される現在ではストッパーと並び横一列になる場合が多い
その他	フラット	*組織云々という話が喧しいけど(具体的なものがなくて、結局一つの概念しか持たないモノの丸投げっぽい議論だけど)、もう少しフラットな視線で見て欲しいと思う
その他	フラット	ミスター・オワゾー(オイゾー)の99年の大ヒット「フラット・ビート」をそのまんまネタとして使いバングラ・ヴォーカルを加えているとんでもない曲収録
その他	フラット	懸念されていたサスペンションを別の物に入れ替えたような話だったけど、そりゃ数少ない非フィンランド人の優勝経験者に「サスペンションが良いマシンならフラットアウトで行けるよ」とメディアで報道されてしまったら、流石にチーム側もいつまでも意地張っていられなかったか(笑)
その他	フラット	216117住宅版エコポイント対応、フラット35S対応の建売住宅:飯田産業飯田産業が提供する飯田のいい家、一戸建ては、地震対策、住宅性能表示対応の、安心で安全な一戸建てです
その他	フラット	WLは'37年にデビューしたフラットヘッド750ccモデルで、この"W"とは新しいオイル循環システムを採用したことにちなんで付けられたコードです
その他	フラット	バランス感覚と正確なロングフィード、時にはサイドバックのようなオーバーラップで、トルシエの提唱するフラット3の左のDFというポジションをつかみ、トルシエ監督下、最もコンスタントに試合に出場した選手の一人である
