# スポーツ: 競技者。, オーディオ: 「レコード　プレーヤー」の略。レコード演奏機械。, 音楽: 演奏者。
その他	プレーヤー	メディアプレーヤーで曲情報が取り込めない っていた曲)を右クリックして「アルバム情報の検索」をしたら「このプログラムではこのWebページを表示できません」とメッセージが表示され、可能性のある原因:インターネットに接続されえいない
その他	プレーヤー	マイクロソフトは8日、同社製の音声・動画再生ソフト「Windows Media Player(ウィンドウズ・メディアプレーヤー)」に安全上の欠陥が見つかったとして、利用者に対する警告を出した
音楽	プレーヤー	クラリネット用のリードは、多くの場合、すぐに楽器に取り付けて使用できる完成品の形で供給されるが、原木や半完成品を仕入れてきて自作するプレーヤーも存在する
スポーツ	プレーヤー	この450は500プロより更に安定性が増す為、たとえプレーヤーのパワーが無くとも心地よいグルーサウンドと共に強烈なトップスピンボールがラリーを制します
その他	プレーヤー	この報告書は英国、大陸欧州、北米の食品・飲料業界の主要プレーヤーを網羅し、特にベネルクス(ベルギー、オランダ、ルクセンブルグ)、カナダ、デンマーク、フランス、ドイツ、イタリア、北欧、スペイン、スイス、英国、米国に焦点を合わせている
音楽	プレーヤー	そして、津軽三味線全国大会で史上最年少チャンピオンとなり、さらに同大会を唯一3連覇した、若干18才の天才三味線プレーヤー・浅野 祥さんを特別ゲストとして迎えます
オーディオ	プレーヤー	だが、著作権保護に敏感な米国の音楽ソフト業界からは、DVDオーディオのプレーヤーやソフトを発売する前に、保護技術をさらに強化するよう求める声が上がった
オーディオ	プレーヤー	以来、この流れは確実に現実のものとなりつつあり、まわりを見回してみても、携帯電話やデジタルカメラ、携帯音楽プレーヤーなど、それぞれの機器が持つ本来の機能を超えた製品が増え、新たな楽しみを生み出していることに気づきます
スポーツ	プレーヤー	競技能力も意欲も十分な若手選手を早期から経済的に支援する一方、これにかかわる企業の利益も最大化できる仕組みを提案し、いつの日か世界に通用するテニスプレーヤーが日本から輩出されることを筆者は望んでいる
その他	プレーヤー	・マークはOpenMGで著作権保護された音楽ファイルを転送可能であるプレーヤー、マークはWindows Media DRMで著作権保護された音楽ファイルを転送可能であるプレーヤーであることを示しています
オーディオ	プレーヤー	SACDは従来のCDプレーヤーでは再生出来ない(高密度)記録構造ですが、従来のCDプレーヤーでも再生可能な方式で記録されたCD層も合わせもつ2重(ハイブリッド)構造のものがあります
音楽	プレーヤー	これまでミニアルバムを含むアルバム9枚を発表するとともに、精力的な全国ツアーを行う一方、楽曲提供やプレーヤーとしてのレコーディングやライブへ参加も数多い
スポーツ	プレーヤー	後方からオーバーラップした味方プレーヤーの「穴埋めディフェンス」に、自軍最終守備ラインのレベルまで戻ってディフェンスポジションに入ったり、前述したようなシーンで次のボール奪取勝負を狙いつづけたり・・
オーディオ	プレーヤー	」では、PC、携帯電話、MP3プレーヤー、Wiiなど端末を問わず学習アプリケーションを提供すると同時に、孤独になりやすいオンライン学習を楽しく、仲間意識を持って行えるようにSNS機能を提供しているが、外国人向けのこの機能を通じて、既に25万人超の英語を学びたい日本人の「iKnow
オーディオ	プレーヤー	他にも、iPodでApacheが動いたという報告も入っており、本来の音楽プレーヤーとしての用途以外にも、いろいろと遊べる「オモチャ」となりそうだ
オーディオ	プレーヤー	シャープ製モバイルAVプレーヤーにご使用いただく部品や消耗品は、商品お買いあげのお店、または、シャープ製品取扱いのお店で、ご購入(お取り寄せ)いただけます
オーディオ	プレーヤー	ドッキングしたプレーヤーとPlayDockを離れた所からでもコントロールできるワイヤレスリモコンも付属し、バスコントロールとワイドステレオエフェクトを組合せ、迫力あるサウンドで楽しめます
オーディオ	プレーヤー	会員登録者から抽選で、ノートパソコン、プリンタ、DVDプレーヤー、MDコンポ、スキャナ、MOドライブ、マザーボード、ハードディスク、体脂肪計を各1名、デジタルカメラを3名、ソフト「ケイタイマスター2001」「ポストペット2001」を各5名に
オーディオ	プレーヤー	俺は自身が楽器演奏にたいした興味も無いためか、ライブ等へわざわざ足を運ぶのは面倒くさいのでCD音源等を一人でユックリmp3プレーヤーで聞ければ充分というタイプ
音楽	プレーヤー	特に最近では“1本のギターを弾き倒す”というプレーヤーが減っているように思うんですけども、このDon Groshは是非弾き倒してもらいたいギターと思ったのです
スポーツ	プレーヤー	この記事は、典型的な日本人バッターとして称されるイチローと比較することで、松井を「ベースボール・プレーヤー」でありアメリカ的パワーヒッターと位置づけていることを物語っている
スポーツ	プレーヤー	「70年代にイリノイ州チャールストンのチーム所属の選手が所有していたプレーヤーのスタジアムジャンパー」という架空のストーリーを基に製作されました
スポーツ	プレーヤー	いますぐ戦争に駆り出されて死ぬ恐れがあるわけじゃないが、プロスポーツ選手として徴兵されて貴重なプレーヤー期間を棒に振るのは、生死のかかったような思いがするだろう
その他	プレーヤー	また、EVDプレーヤー製造の中心企業である新科集団の王岳林・販売センター総経理は、同じく8日に「即日から1998元のEVDプレーヤー価格を1398元に引き下げる」と発表
スポーツ	プレーヤー	アルゼンチン・サッカー協会のグロンドーナ会長によると、試合は現アルゼンチン代表と、かつての名選手や現在のトッププレーヤーらで構成する世界選抜チームで行う予定で、バルデラマ(コロンビア)ストイチコフ(ブルガリア)リバウド(ブラジル)らの参加が有力
オーディオ	プレーヤー	GBプレーヤーというHGSSの曲を赤緑金銀の曲に変えてくれる機械をもらいました あと今年は完全新作が出るようですね ゾロアーク=ゾロリ疑惑やらタイトルはどうなるやら学校でも騒いでいる人がいらっ [続きを読む]
スポーツ	プレーヤー	大阪市を ベースに泉州地域でも活動をしているセレッソ大阪(大阪サッカークラブ株式会社)様に協力を求めフットサル大会を開き泉州地域特有の秋祭りの要素を取り込むことによりプレーヤーだけではなく、観客、そして町の人みんなが共に楽しめる大会を目指します
スポーツ	プレーヤー	だからアジアのこれからの発展ということで、ラグビーなんかも今、日本と韓国、韓国も競技人口はすごく少ないんですけれども、アジアの中で少し発展していけば、その体の小さいプレーヤーに対する優遇等も考えていかなきゃいけなくなってくるんですよ
スポーツ	プレーヤー	読んでて、初めはマトモに「テニス漫画」だなぁとか思ったんだけど、徐々に「婦女子漫画→テニス格闘漫画→テニスプレーヤーじゃ無くてテニスボール使いの漫画→もう訳が判らない」という認識へと
オーディオ	プレーヤー	そこでなんですが、仮にONKYOのINTEC205シリーズのINTEC TX5MDって言うコンポを買ったとしたら後から様様なオプションとしてスピーカーなりCDプレーヤーを付けることって可能なのでしょうか
オーディオ	プレーヤー	現在、日本国内の携帯音楽プレーヤーのマーケットではApple(アップル)のiPod(アイポッド)が独占している状態ですが ソニーのウォークマンのシェア目標設定は35パーセントになっているそうです
音楽	プレーヤー	また彼らが、第一線で活躍するスタープレーヤーでありながら、「このサウンドに身を資する」というような究極のチームプレーもできるアンサンブルの達人であるということも特筆に値する
オーディオ	プレーヤー	また、音楽を聴くのが好きなら、CDやCDプレーヤーを買い求めたり、パソコンを操作するのが好きなら、パソコンを買い求めるのも身上監護に当たるでしょう
スポーツ	プレーヤー	ゴルフは個人競技でありながら、18ホールという長い時間を同伴プレーヤーと共有し、審判などの立会いなしにお互いを尊重しあい、自分を律しながら、プレーしなければならない、他に類するもののないスポーツです
その他	プレーヤー	振り返って中国社会を見てみると、社会規範が希薄なために、そして社会的な「信頼」が成立していないために、ゲーム理論が想定する「自分の利益を最大化する」ために行動するプレーヤー(人々)が多くなり、容易にジレンマに陥ってしまう構造を持つ
その他	プレーヤー	電子書籍を日本の教育を立て直す武器にしたいと思っていたのですが、このまま音楽プレーヤーのようにアメリカの独壇場になるといたたまれない気分になります
オーディオ	プレーヤー	1960年代後半、カセットテーププレーヤーにマイクを付けてオリジナルの歌に合わせて歌うというカラオケの原型のような装置をスナックに置いたことが、カラオケの始まりだといわれています
オーディオ	プレーヤー	気を取り直して、ソースをアナログプレーヤーに替え、シンプルなハモンドオルガン中心のバンド、ブッカー・T・アンド・MG'sのLPで音比べをしてみた
オーディオ	プレーヤー	アップル社製品向けFPCも、スマートフォン「iPhone」や携帯音楽プレーヤー「iPod」向けなどで大きな需要が見込め、タブレット型パソコン「iPad」向けも業績拡大要因と解説
オーディオ	プレーヤー	今回発売される「POPなカードサイズMP3プレーヤー★MUSICカード」は、薄さ5mmでカードサイズのボディに、クレジットカードや板チョコなどユニークなデザインがラインナップされた容量2GBのMP3プレーヤー
スポーツ	プレーヤー	【従来の技術】卓球用ラケットとして求められる要件としては、第一番目に軽量に構成することであって、この軽量化によりプレーヤーへの体力的負担を軽減させると共に、ラケットの振りやすさ、ラケットの振りスピード等が改善される
スポーツ	プレーヤー	沖縄県内では、昨年女子プロゴルフ選手としてデビューし、1年目で賞金ランキング2位、十代で初の1億円プレーヤーとなった宮里藍選手(東村)が9千5百万円余りを納めて、いきなり4位に登場しました
オーディオ	プレーヤー	鶏にトラウマのあるワシはケンタッキーに行った事も無くスーパーでも惣菜として鶏が多くなったのは口蹄疫流行の影響があるのかも知れないがワシも草食系だと大豆のから揚げを作って食って窓を開けっ放しにして外気は30°Cあるが爽やかで中島みゆきを聴いているがmp3もmwaも再生できないCDプレーヤーは壊れているのか詳しくは解らんがPCやカーナヴィでは再生できるのにやはりよう解らん
オーディオ	プレーヤー	■電源プラグ ノートPCやデジカメ、携帯音楽プレーヤーなどの電子機器は充電しなければ使うことができませんが、 これらの電源プラグのうち公式に互換性があるものはほとんどありません
音楽	プレーヤー	アーカイヴ・ディグを極めたDJチームと超絶テクのギター&ベース・プレーヤーによる、DJユニットの枠を超越した混成レコーディング/ライブ・ユニット
オーディオ	プレーヤー	iTunes Storeの曲を他社の音楽プレーヤーに公開しない理由については、「秘密を共有する企業が増えれば、流出のリスクも高まるため」と説明
音楽	プレーヤー	この録音では、原曲を忠実に再現するため、3、8は尺八・倉橋義雄氏、2は箏・日野田美和氏のゲストプレーヤーを呼び、また、2では大阪市音楽団の協力で雅楽打楽器
オーディオ	プレーヤー	携帯型音楽プレーヤー「iPod(アイポッド)ナノ」で充電中に発火する事故が相次いだ問題で、製造元のアップルジャパン(東京)は11日までに、経済産業省からの改善指示を受けてホームページ(HP)の構成を修正した
オーディオ	プレーヤー	折りたたみテーブル、クーラー・ボックス、12ボルト電源供給ソケット、ポータブルDVDプレーヤー用ホルダーなどで構成され、後席のセンター・アームレストに内蔵される
オーディオ	プレーヤー	確かにタバコは止めたし釣り場で音楽が聞きたい時もあるけどICプレーヤーで十分じゃないかとも思うんだけど周りの皆に海の男の演歌を聞かせるにはもってこいだと思います、でも持って行くかどうかは・・・
オーディオ	プレーヤー	「エコ・メディアプレーヤー」は、市販の電池や家庭の電気も使わず、音楽、写真、動画の再生、ハイファイ録音、FMラジオ受信、eブック閲覧、携帯電話の充電と外部メモリー役までこなす、実に多才なハンドヘルド型ガジェットだ
オーディオ	プレーヤー	●暫く使っていないプレーヤーで音楽を聴こうとした場合に片チャンネルだけ音が出ない(音が小さい)、または全く音が出ないといったケースに見舞われる事がよくあります
オーディオ	プレーヤー	DRMフリーのMP3フォーマットで楽曲が提供されるということは、これらの楽曲がPC、Mac、iPod、Zune、Zenなど、あらゆるプレーヤーで再生できるとともに、個人利用のためにCDに書き込むことも可能であることを示している
その他	プレーヤー	同様に、プレーヤーに大幅な自由を認めてしまうと、今度は一貫したストーリーを作りづらくなってしまって、勢いゲームが、独立した個々のイベントを、数珠繋ぎにしただけものとなるのも、これまた当然の話
オーディオ	プレーヤー	ここにきてユニバーサルプレーヤーを含めて100万クラスのSACD再生可能なプレーヤーが出揃ったとも言えますが、 まずはCD/SACD、ユニバーサルプレーヤーと隔たり無くそのメーカーの音色を感じ取って下さい
スポーツ	プレーヤー	会場は、オリンピックにも出場したテニスプレーヤー杉山愛さんをサポートするコーチングスタッフの指導するテニスアカデミーの施設のコートで行っています
オーディオ	プレーヤー	その要因としてまず挙げられるのが、「iPod」のようなデジタル音楽プレーヤーやPCなどで再生されるデジタル楽曲やインターネット音楽配信の普及である
オーディオ	プレーヤー	単なる「ボイス録音」向けで言えば、携帯音楽プレーヤーの“おまけ”的なものとして多くのモデルが採用するボイスレコーダー機能でも事足りる場合も多い
スポーツ	プレーヤー	サウジアラビア代表にとってなくてはならない存在となっているストライカーのヤッセル・アル・カータニは2007年AFC年間最優秀プレーヤー賞をサポーターたちにささげるとし、このアジアで栄誉ある賞を受けたことでより責任を感じると語った
スポーツ	プレーヤー	を意識、なにしろすごい、甲子園準優勝選手・甲子園4番打者・磐城高校野球部出身数名・朝連現役プレーヤー・国体現役選手これで、優勝できないわけはない、誰もがそう思った
スポーツ	プレーヤー	初めてのラグビーだというのにすぐにプレーを覚え、持ち前の運動能力の高さと相まってレンタルプレーヤーとして人数不足のクラブチームに貸し出したいぐらいでした
スポーツ	プレーヤー	このゴルフスコープは、ゴルフ場でプレーヤーの位置から、グリーンの旗までの距離(50~200ヤード/メートル)を測定できるスケールを内蔵させた、便利な単眼鏡です
オーディオ	プレーヤー	夜7時半に仕事帰りのメンバーが予約してある居酒屋のボックス席に集まってきて、ビールや酎ハイで乾杯しながら収録機材(ポータブルのMDプレーヤー、ミキサー、ヘッドフォン、スタンドマイク等)の組み立てやQシートで進行の確認を行う(番組の内容については、事前にネットで打ち合わせ済み)
オーディオ	プレーヤー	HDD内蔵DVDレコーダー/プレーヤー、地上/BS/CSデジタルチューナー、ケーブルテレビのデジタルSTB、ゲーム機など、D端子やコンポーネント端子を装備した最大6台のAV機器の接続切換に対応しています
オーディオ	プレーヤー	5W ipodなどミュージックプレーヤーと接続するだけで簡単に音楽が 楽しめるお手軽スピーカーの誕生♪マグのようなデザインだから インテリアにも馴染みやすく、オシャレなデザインですよ
その他	プレーヤー	現在進みつつある世界秩序の構造的な変化、たとえば国家以外のプレーヤーの役割の高まりなどが、地域の安全保障にどのように影響を与え得るかに着目します
スポーツ	プレーヤー	先ほど、都道府県の役割として、国との窓口としての機能がかなり重点的にこれまで果たされてきたというお話をしたのですけれども、例えば、サッカーに例えると、監督が国で、都道府県はコーチかつレフリーで、市町村がプレーヤーだったと思うのです
オーディオ	プレーヤー	ジョニーデップの『ブロウ』(たしか)を見たんですが、DVDプレーヤーの調子が悪く、ジョニーデップの声がロボットみたいな声になるので爆睡しました
オーディオ	プレーヤー	また、最近の小型オーディオプレーヤーは大容量のデータを短時間で取り込むことができ、機種によっては音楽データ以外のデータを取り込むことができるため、外付けハードディスクの役割を果たすものもあります
スポーツ	プレーヤー	千葉県 首都圏中央連絡自動車道・木更津東 15km以内上総富士ゴルフクラブはビギナーからシングルプレーヤーまで本格的なゴルフが楽しめるバラエティに富んだコース設計となっております
オーディオ	プレーヤー	とくれば暗号化した状態で音楽配信すれば金はきちんと取れるしユーザーは落としたファイルをそのままプレーヤーに突っ込んで聞ける、という構図ができつつあるワケで
オーディオ	プレーヤー	これって何が凄いかっていったら、手持ちのMP3プレーヤーをブスってさせて再生出来てしまうんですね~ 焼いたCDとかって音飛びがひどいんですが、MP3プレーヤーはフラッシュメモリーやHDなので音飛びしないんですよ
音楽	プレーヤー	〈内容〉日本屈指のマンドリンプレーヤーとして活躍中の宮崎勝之氏と、多数のアーティストのコンサートやレコーディングでギタリストとして活躍中の丸山ももたろう氏によるアコースティックコンサートを開催します
スポーツ	プレーヤー	とにかく、こういうドームが幾つもあって2010年の野球殿堂入りが12日、東京ドーム内の野球体育博物館で発表され、競技者表彰はプレーヤー表彰で東尾修氏(59)、エキスパート表彰で故江藤慎一氏が選ばれた
スポーツ	プレーヤー	僕は自分が点を取るというより『チームのためにできることを頑張る』プレーヤーだと思うので、子供たちにも『スコアブックに載らないナイスプレー』をしようと話をしています」
スポーツ	プレーヤー	レブロフ、ルズニー、ショフコフスキーなどの、元・現のディナモ・キエフのプレーヤーが主力のウクライナ、選手間で、機能的にポジション・チェンジを繰り返し、守備・攻撃の切り替えが実にスムース
オーディオ	プレーヤー	メディア プレーヤーの設定変更後に再起動するデバイスの数と場所によっては、デバイスがオンラインに復帰するまでの間(通常は数分)、サービスが一時的に中断する場合があります
スポーツ	プレーヤー	これは、プレーヤー側の打撃による押し戻しと、銃火器による弾幕の組み合わせによって、攻撃方向さえ限定できるならば、鉄壁の守りが可能だったためである
音楽	プレーヤー	ちなみに本作にはゴーキーズのバイオリンプレーヤーでありエイロスのお姉さんでもあるミーガン・チャイルズもゲストで参加しており、M8「Circus Time」等で美しい音色を聴かせてくれています
その他	プレーヤー	プレーヤーがダブル又はリダブルをする場合、必ず「ダブル」と明言し、正しい数字を上部に提示したダブリングキューブを相手方の盤上に置き相手が「テイク」と受ける旨明言することを確認するまでロールせず待つこと
その他	プレーヤー	【0028】また上記構成のヘッド1によると、窓部17が設けられているために、プレーヤーが個々にヘッド1の重量バランスを調整するときに、この窓部17から当該ヘッド1の内部に重量体(図示せず)を挿入して、内壁の任意の位置にこの重量体を接着等により装着することができる
音楽	プレーヤー	今も、その実力を考えるとスタンスに基本的に変わりはなく、来月に迫った浜名湖フォークジャンボリーにしても公開演奏会とか演奏者(プレーヤー)の立ち位置に変わりはありません(笑)
オーディオ	プレーヤー	歩いているときにでも、携帯音楽プレーヤーを使う際には、いつ降りかかってくるか分からない災難から自らを守るためにも、周りの音が十分に聞こえるくらいの音量にしておいたほうが良さそうです
オーディオ	プレーヤー	メリンダ夫人はファッション誌「ヴォーグ」(電子版)に、夫が家庭でデジタル携帯音楽プレーヤー「iPod(アイポッド)」をはじめとするアップル社製品の使用禁止令を出していると明らかにした
スポーツ	プレーヤー	しかし、上記図形は、「馬上の競技者」、あるいは、馬上の競技者が、先端が小さなT字状になった棒のような物を持っている点で、ラルフ標章のうちの図形の商標と共通性があるために、「ポロ」ないし「馬に乗ったポロ競技のプレーヤー」と観念されるものではあっても、「ASCOT PARK POLO CLUB」という文字ないし観念を想起させるものではない
音楽	プレーヤー	ちょうど、キーボードの後ろに置いてあったから、リハーサル期間中ずっとキーボード・プレーヤーのほうを見ると、彼の後ろにマネキンが立っているという状態だった(笑)
オーディオ	プレーヤー	リアルプレーヤーならではの高音質で、邦楽、洋楽からクラシックなど 様々なジャンル、アーティストの音楽を楽しむことができます洋楽を含む邦楽やジャズなどが聴き放題です
スポーツ	プレーヤー	この時の身長は143cmだったユースチームで治療とトレーニングを続けた結果、身長は169cmまで伸び、プレーヤーとしても一流のテクニックを披露するまでに成長
音楽	プレーヤー	シュガーベイブのギタリストであり、大瀧詠一ソロ作品でのギターやラッツ&スター等のプロデュースで知られる村松邦男、音楽プロデューサーとしても活動するベースプレーヤー安部OHJIを中心とした R・O・M・A
スポーツ	プレーヤー	4月23日(水)、矢内理絵子女流名人と日本卓球界を代表するプレーヤー福原愛選手の対談が東京都北区「ナショナルトレーニングセンター」で行われました
その他	プレーヤー	そして、今日、僕は朝の9時半にはユニコに到着し、10時まで、日本人夫婦のプレーヤーが見えていないか、きょろきょろしながら、時間を過ごしたのでした
その他	プレーヤー	私が専攻している商法は、大まかに言うと、現代経済社会の中心的なプレーヤーである企業の組織と活動に関するルールを扱う分野で、会社法や金融商品取引法、保険法などが含まれています
スポーツ	プレーヤー	それに福西を守備的な役割で使ってましたが、彼は本来、守備より攻撃で効果を発揮するプレーヤーだと思いますし、そういう選手を守備的な役割で使うのも不思議でした(福西自身、よくやっていたと思いますけど)そういった意味で選手を適材適所で使うという事でも、監督の技量に疑問を持ちました
その他	プレーヤー	仮にバグ修正すらなかったとしても、ロブ神が監視しているということだけで、不正行為・迷惑行為が大幅に減るから、普通のプレーヤーのモチベーションも上が
オーディオ	プレーヤー	プレーヤーに乗せたレコードが回転して、針が溝をトレースして音が出るのはノーマルですが、これは針がレコード盤の上に乗ってグルグル回り、ないぞうしたアンプとスピーカーから音がでます
音楽	プレーヤー	英国ガーデニングという感じではなく本当に地味で日本の田舎には完全に溶け込んでしまっている 今回は京都の山奥に自給自足する尺八プレーヤーのドイツ人夫婦が尋ねてくるというルポ 二人とも日本の田舎に来た途端にここが一生の住処だと直感したのだそうだ 30年以上そうして暮らして子育ても終わっている
オーディオ	プレーヤー	永久磁石は、モーター、発電機の重要部品であり、ハードディスクやDVDプレーヤーなどの情報機器、情報家電、ハイブリッド自動車や電気自動車などに高性能永久磁石は欠かすことができない
スポーツ	プレーヤー	ア) 防御側のバックスのオフサイドラインは、スクラムを組んでいる味方プレーヤーの一番後方の足から3メートル下がったゴールラインに平行な線である
その他	プレーヤー	またChubb社とHiscox社はすでにこの分野において2つの大きなプレーヤーを演じており、両社の結合力が競争を減らし、つまり消費者の選択枠をせばめ、中小規模のブローカーに対するプレッシャー増加につながると同氏は示唆している
スポーツ	プレーヤー	その後フランス全土のテニスプレーヤーに広まり、戦後のフレンチ・オープンでプロテニスプレーヤーたちにも絶賛され、世界に認められるスポーツスニーカーとして急成長
音楽	プレーヤー	ご自身がギタープレーヤーということで、そういった観点でロックシーンで登場した重要なグループやミュージシャンを中心に色々な記事が紹介されています
スポーツ	プレーヤー	トリノパラリンピック アルペンスキー金メダリスト・大日方 邦子さん、アテネパラリンピック水泳銅メダリスト・杉内 周作さん、パラリンピック出場を目指す若き車いすテニスプレーヤー・上野 実穂さんによるトークショーです
スポーツ	プレーヤー	・オブストラクションの反則の判定を、ボールを持っている見方プレーヤーの前で動く、またはその前方にたっただけですぐに反則になるのではなく、相手側のタックルの機会を奪った場合に反則になる
音楽	プレーヤー	ボーカル城下、トランペット村田(横浜から来札)、ベース柳(札幌のプロ)、ピアノ板谷のメンバーで、、、途中で白髪の紳士が飛び入りのボーカルセッションを始めたりで、、プレーヤーも観客もノリノリで♪♪♪♪♪♪
スポーツ	プレーヤー	「彼は、関係者の間では熱心なジャズファンとして知られて居るそうですが、若いテニス・プレーヤーについて質問を受けた際、ジョン・マッケンロウを「まるでジャズ・ミュージシャンのようなプレーヤー」と評し、「たとえば誰ですか
オーディオ	プレーヤー	旦那から触ってくる時もありますDVDプレーヤーを買う話をしてたら 「Hビデオ見たいだけじゃないよ」と確かにパソコンでも見れるのでそれだけが目的じゃないのはわかるけど自分から言ってきましたそして「バイブ買わなきゃね、一人Hするのにいるでしょ
オーディオ	プレーヤー	エイベックスのWebおよびISPやポータルサイトからワンクリックでウェブベースのavexnet radioプレーヤーが立ち上がり、スタート当初はエイベックスのアーティストの邦楽・洋楽2チャンネルのプログラムが無料で聴取できる
スポーツ	プレーヤー	ヴェルディはいろんな偉大なプレーヤーがキャプテンをやっていたので、そういった責任や重みも凄く感じました(※この年、北澤はヴェルディのキャプテン)
スポーツ	プレーヤー	競技中に、プレーヤーがティー又はライからディスクを投げること以外で、ティー又はライからではなく、ディスクを2m以上投げた場合は、意図的であるなしに関わらず、また、ターゲットへの距離・方向に関わらず、練習スローとみなされる
スポーツ	プレーヤー	舞台の名古屋ゴルフ倶楽部和合コースは開場から70年を超え、全長6470ヤードと現在のゴルフ界では距離の無い部類に入るが、18ホールそれぞれに難所を持ちプレーヤーたちを悩ませる
スポーツ	プレーヤー	1チームは、ゴールキーパー1名とフィールドプレーヤー6名の計7名で、泳ぎながら、ボールを奪い合い、ゴールにシュートを投げ入れる「水中の格闘技」と呼ばれる激しいスポーツです
オーディオ	プレーヤー	でも、良い音を出してくれるアンプやヘッドフォン、プレーヤーは6桁や7桁は当たり前のセカイ・・・とてもじゃありませんが、趣味で気軽に集められるシロモノではありません
オーディオ	プレーヤー	市場調査会社、NPDグループによると、ハイビジョンテレビを持っている世帯の7割は、次世代DVDプレーヤーに買い替える必要性を感じていないという
スポーツ	プレーヤー	誰かがメインプレーヤーだと、その人がゴールを決める確率が高いですが、全員駒だと、だれがいつどこでゴールを決めることになるかわからなくて、その予想もつかない試合の流れを作っている、その中にいるというのが、すごい緊張の中にいながら、爽快なのではという気がしました
スポーツ	プレーヤー	タイガー・ウッズほどの人気が無いプレーヤーの場合、その時々に店頭に並ぶウェアをナイキ側が提供するようであるけれど、 こうした人気プロがTV中継で着用したウェアがベストセラーになるというのは、テニスやゴルフなど個人プレーのスポーツだからこそ
オーディオ	プレーヤー	そんな末期の刻に、誰かがCDプレーヤーを私の枕元に持ってきて、最後に何か一曲、何でもリクエストすれば聴かせてやると言ったら、いったい私はどんな歌を選ぶだろう
音楽	プレーヤー	マイルス・バンドに迎えられることや、プロデューサーのテオ・マセロから声が掛かることは、とりもなおさずジャズ界のトップ・プレーヤーであることを証明されたかのようなものだった
オーディオ	プレーヤー	携帯電話やMP3プレーヤー(iPhone、iPodなど)のコードを「MUSIC BALLOON」に差し込めば、愛する人と一緒に音楽を楽しみたいときにも、キャンプで雰囲気を出したいときにも、大好きなメロディをどこででも流すことができる
スポーツ	プレーヤー	「ホッケーを楽しみたい」というホッケープレーヤーたちに、気軽に楽しめる環境を提供するとともに、これまで我々に戦う環境を提供してくれた日本のホッケー界に『恩返し』をしたい・・・そんな気持ちを持った選手たちが集まりました
オーディオ	プレーヤー	後藤「レコード・プレーヤーも今はすごく安くなって、iPodとほとんど同じくらいの値段になっているんで、僕らよりも若い子たちにも、こういう音楽の聴き方楽しいよっていうことを知って欲しいし、何か共有できたらいいなあと思って
スポーツ	プレーヤー	荒木選手がまた登録抹消されてしまったのが気掛かりですが、森野&澤井両ユーティリティープレーヤーに頑張っていただき、井上会長&英智選手&藤井選手に結果を出し続けていただき、誰かさんが入る余地のないくらい鉄壁であり続けて欲しいものです
スポーツ	プレーヤー	日頃からスポーツ、特にゴルフとは無縁の生活をしている私ですが、盟友トシさんの依頼で、今回の国際ブラインド・ゴルフ大会で日本側プレーヤーのキャディを務められそうな友人たちをご紹介しました
音楽	プレーヤー	帰り際次回の連絡事項で、二年ほど前のコンサートの時、パーカッションとして我々をサポートしてくれた、今や押しも押される名プレーヤーKせだくんが、キューバ帰りに我がバンドにも遊びに来て下さるという報告を聞いた
その他	プレーヤー	スクリプトプレーヤーが添付CDに付属していて、使い方も説明されていたのでそれを目当てするのであれば、上記の知識はあまり要らないと思いますが、知っていればどんな風に動いているのか把握する事が出来ると思います
音楽	プレーヤー	今までのサポートドラマーさんは結構テクニカルなタイプのプレーヤーが多かったんですが、今回の新ドラマーさんは如何にもロックといった感じのドラマーさん
オーディオ	プレーヤー	もちろんこれは、日常の生活のなかで携帯型のオーディオプレーヤーを利用し、さらにパソコンユーザーで、これまで微妙にiPodに手が出せずにいた人たちにとっての重大度である
スポーツ	プレーヤー	ジャパンゴルフツアープレーヤーたちの“ゴルフ伝道”の旅は、1月26日に宮本勝昌が訪れた鳥取県の米子市立箕蚊屋小学校を皮切りに、これから約1ヶ月かけて、以下の6校を回る予定です
スポーツ	プレーヤー	三塁は、強打者、遊撃は俊足選手、一塁は、 外国人で、二塁も少し難しいから、と言う理由で、ユーティリティープレーヤーと言うか、便利屋的選手が守 ることが多い
スポーツ	プレーヤー	金曜日に行われるグループBのスペイン対パラグアイ戦は緊張した試合になることが予想されているが、この試合に向けて両チームが準備する中、チラベルはスペインチームを酷評し、その準備とプレーヤーをあざけった
その他	プレーヤー	初アサオトサタをみんなでコケを公開ページが、オトフレームオトはオト店主のプレーヤーが赤く比較的派手な時間をてましたですオト石橋商店がないと、アレンジをたいと感謝の静かな模様をドッキングする
オーディオ	プレーヤー	こうして大容量化が進んだことにより、デジタルオーディオプレーヤーは外出先で使う携帯型プレーヤーとしての側面に加え、音楽ファイルが大量に保存されているストレージと
オーディオ	プレーヤー	ブランド品が好きで、◇車はBMW◇デジタルカメラはソニー◇ノートパソコンはIBM◇携帯音楽プレーヤーはサムスン◇携帯電話はノキア◇香水はシャネル――が人気だ
オーディオ	プレーヤー	以前から雑音が入ってサラウンドにならない、とか、MDの読み込みが悪いときがある、とか、ときどきLDをイジェクトしないとかの症状が出てはいたが、本格的に動作しなくなった上に、LDプレーヤーに至っては中にディスクを入れたまま開かなくなっているという大変な状態
音楽	プレーヤー	これまでピリオドオーケストラによるブラームスのシンフォニー録音はほとんどなされていないはずで、かつてノリントンがロンドンプレーヤーと録音した演奏くらいしか思い当たりません
オーディオ	プレーヤー	デジタルカメラやパソコン、テレビ、オーディオ、MP3プレーヤー、DVDレコーダーなどのデジタル製品から、電子レンジに冷蔵庫、掃除機、食洗機、エアコン、
オーディオ	プレーヤー	ただしPX1も、こんにち的な意味で本当にプレーヤーの音質の問題提起とその分析の行われる直前の製品であるために、これ以後に出現した音質本位の機種と比較すると、むしろ、リニアトラッキングアームとフルオートマッチックという点が主テーマとなっているらしく思われるので、音質という面では多少割引いて評価する必要はあると思う
スポーツ	プレーヤー	ロシアのスポーツ選手が犯罪に巻き込まれたケースは最近では稀とのことで、2005年に、当時男子テニスのトップ10プレーヤーだったアンドレィ・チェスノコフが東ウクライナの発砲事件に巻き込まれて重症を負った以来だそうです
その他	プレーヤー	私はすべての広告コードの排出を分析し、衝突、データによる300*150はより高いことを発見するプレーヤーコードを分析する衝突は右の固体によって浮かぶ形態にネチズンによってかちりと鳴るために、駅長このコードを、非常に容易に発見されるする
スポーツ	プレーヤー	写真=前島進、BBM職人プ人プレーヤーに聞く期待に こ た える確率の高い の が職人本当にうまいピッチャーは非常に少ないから、速いけん制のできないピッチャーのときは走りやすかったですよ
オーディオ	プレーヤー	輸入盤を注文しましたが、アマゾンのページにリージョンコードが「1」と表記されていたけど(日本のDVDプレーヤーでは観れない)、商品のASINコードなどでアメリカのamazon
音楽	プレーヤー	千葉ロッテマリーンズ監督のボビー・バレンタインを皮切りに、サックスプレーヤーの渡辺貞夫、歌手・タレントの堺正章、レーシングドライバーの寺田陽次郎という4人が特別顧問を務め、講師としても授業に参加する
その他	プレーヤー	本書は、荏原湘南スポーツセンターのコーチングスタッフのノウハウをもとに、レベル1(初級者)、レベル2(中級者)、レベル3(上級者)のプレーヤーが、現在の持てる力を使ってゲームに勝つための基本的な戦略をまとめました
スポーツ	プレーヤー	我々がそうした選手を考える場合どうしてもフィールドプレーヤーばかり考え、ゴールキーパーの事を忘れがちだが、私は楢崎正剛こそヨーロッパで成功できると考えている
音楽	プレーヤー	ノースポールサイモン[7解任]、および彼のプロジェクトでのセッションプレーヤー:含まれる元ドラムにベースにギターとジョンマッコイにZZebraメンバー、スティーブバードは、ブライソングラハム
音楽	プレーヤー	ジャズをベースにしながらも、マイティース・フレックスライフ、BE THE VOICEのゲストプレーヤーとしたポップスファンに認知があり、前作はボーカル土岐麻子との共演でも話題に
スポーツ	プレーヤー	1986年:プロ野球・ロッテオリオンズから中日ドラゴンズに移籍した2年連続パ・リーグ三冠王の落合博満が、年俸1億3千万円で契約(プロ野球で日本人初の1億円プレーヤーが誕生)
オーディオ	プレーヤー	これまでシリコンプレーヤー製品がなく、そこは他社が食い込める場所だった訳ですが、「iPod shuffle」の登場でこの状況を一気に覆せる可能性が十分にある訳ですから
スポーツ	プレーヤー	【ニューヨーク共同】国連開発計画(UNDP)は24日、親善大使を務める女子テニスのトッププレーヤー、マリア・シャラポワさん(ロシア)が、ウィンブルドン選手権の後、1986年のチェルノブイリ原発事故で被害を受けたベラルーシ・ゴメリ州を訪問すると発表した
音楽	プレーヤー	第一線で活躍中の若手トッププレーヤーが集まり、逗子文化プラザホール開館を記念して結成された金管アンサンブル「なぎさブラスゾリステン」が、今年も素晴らしいブラスアンサンブルを披露します
音楽	プレーヤー	ライヴの詳細は近日中に彼らのサイトでアップされると思うんですが、オリジナル曲はもちろん、新曲あり、カバー曲ありとゲストプレーヤーにも支えられ無事に1時間半に及ぶステージをこなしてくれました
その他	プレーヤー	この写真を撮ったぐらいの時はぼちぼちと集まっていたのでござるが、この後、続々と集まったコスプレーヤーさんは最終的に1000名を越えまして・・・・その様子を撮影する暇もなかったでござる、圧巻でござった
スポーツ	プレーヤー	「名選手必ずしも名監督ならず」は、主に野球の世界で言われる言葉ですが、プレーヤーとしては一流であっても、指導者として実績が全く伴わない人が多い事がよく知られています
スポーツ	プレーヤー	どんなにいい練習をしてもそもそもがフットサル経験が浅かったりフットサル文化が根付いてないプレーヤーが多い東海地域だけに、まずイメージする事が出来なければ何しても効率悪いと思うんだけどな・・・
オーディオ	プレーヤー	1倍速の値でも、実用上は、問題ありませんが、CDプレーヤーのレーザーダイオードの特性が、 劣化した時や、ディスクに傷や指紋が付くと、その分マージンが無くなり、ノイズや、音飛びが、 発生し易くなりますので、出来るだけ、ジッターが、少ない方が、好ましいです
オーディオ	プレーヤー	音声解説はフィード(RSSなど)で自動的に番組登録できるようにはなっていないが、音声ファイルをダウンロード出来ますので、個々のプレーヤーに入れて持ち歩けるかと思います
スポーツ	プレーヤー	■エナン選手、錦織選手のコメント■■エナン選手「私のような小柄で非力なプレーヤーが並み居るパワーヒッターと対等に渡り合い、さらに勝利を収めるためには、このニューラケットは最高のパートナーとなってくれるで
スポーツ	プレーヤー	の急激なテンポ(スピード)アップをリードできる目覚ましプレーヤーがいないことで、ゲームの流れでは完全にヨルダンに圧倒されつづける日本代表という、フラストレーションがたまるゲーム展開なのです
スポーツ	プレーヤー	英国マンチェスターのオールドトラフォード・スタジアムで27日、サッカーのチャリティー試合「サッカーエイド」が開催され、元アルゼンチン代表の伝説的プレーヤー、ディエゴ・マラドーナが巧妙なボールさばきを披露した
オーディオ	プレーヤー	Brailean CEO&共同設立者、以下パケットビデオ社)は、携帯電話向けマルチメディアプレーヤーを中心とするソフトウェア開発やライセンス事業を世界中で展開
音楽	プレーヤー	バスティン・ピアノベーシック・シリーズを足掛かりとし、独自で作成した補助教材やピアノプレーヤーを駆使した指導により、ピティナ・ピアノコンペティション・指導者賞を1987年より21回受賞
オーディオ	プレーヤー	とりあえずプレーヤーも機会もなかったので、触ったこともなかったんですが、車買ったらついてた、ということで(ほんとはカセットテープがよかったんですが、付け替えてもらうとなにやらかえって割高だったので却下しました)「じゃあこれ聞く
オーディオ	プレーヤー	小売り価格は下落するものの、コストも低下するほか、消費者による薄型テレビへの買い替えや次世代DVDプレーヤーの購入が期待されることから、需要は増加するとみているようだ
音楽	プレーヤー	サックスプレーヤーのジョン・コルトレーンのCDも何度も聴 いたけれど、魅了されたのはサックスだけではなく、コルトレーンのカルテット のピアニスト、マッコイ・タイナーの音でもあった
その他	プレーヤー	また、自分で作るだけでなく、街中で売られている設計図を購入して作ったり、Xbox Live経由でほかのプレーヤーからもらったりといったことも可能
音楽	プレーヤー	とりあえず、演奏はいつも以上の出来で、「うん、これは、このデュオは、単にボケとツッコミだけではなくプレーヤーとしてもなかなかのモノだな」などと妙に二人で感心してしまったが、そこで私が思ったのは、仏文科卒のミュージシャンの存在ということ
スポーツ	プレーヤー	史上最多の三度の三冠王、日本人で最初の一億円プレーヤー、野村克也でさえ入らされている名球会への入会拒否、そして監督としては中日ドラゴンズを在任4年間で2度のリーグ優勝と53年ぶりの日本一に導き、歴史を築いてきたことは確かです
オーディオ	プレーヤー	テレビ(32型ハイビジョンテレビ)、冷蔵庫、冷暖房、洗面セット、ドライヤー、ポット、浴衣、バスタオル、バス、トイレ(ウオッシュレット付き)、モジュラージャック、湯沸かし、その他(DVDプレーヤー)
オーディオ	プレーヤー	オークションで古いプレーヤーをもらってくれた方のメールにシゲキをうけて、あんなものでも時間をかけて直す人がいる、というのに、線をつなぐのを面 倒がっていてはいけません、と反省
スポーツ	プレーヤー	攻撃側がキックしたボールを防衛側のプレーヤーが自陣22mライン内でキャッチし、同時に「マーク」と宣言するとフェアーキャッチが認められ、試合が中断されます
オーディオ	プレーヤー	1 クラブのDJ が、複数のアナログターンテーブルやCD プレーヤー、ミキサーを駆使して、次々と曲をつないだり、複数の曲をミックスするなど、様々な音の演出をすること
オーディオ	プレーヤー	中学部生徒を対象とした事前調査を実施した結果、インターネット敷設世帯が92%、家族共有のPC所有者が97%、個人のPC所有者が19%、携帯音楽プレーヤー所持者が81%でP2Pソフト使用経験者が、43%、ストリーミングサイトでの動画視聴経験者が89%、動画サイトへの投稿経験者が5%、チャットやBBSでの情報交換の経験者68%、自分のブログやHP所有者24%ということが分りました
スポーツ	プレーヤー	今、社会のさまざまな分野で活躍している人は数多くいますが、生まれた時から野球選手、ゴルフプレーヤー、学者、弁護士、経営者、発明家、医者、教師等になると確約されていた人は誰もいません
音楽	プレーヤー	オーケストラ付きは一昨年に次いで二度目で、かき集め た当てがいぶちのプレーヤーのために、音楽監督・常任指揮者の東京の会員が苦心さん たんしてパート譜をつくったものだという
音楽	プレーヤー	将来は、ジャズ・クラリネットかサックス・プレーヤーを目指していたらしいですが、晩年のFRB議長としての超一流の腕前と違い、楽器の方はいまひとつだったとのこと
スポーツ	プレーヤー	ワールドカップで優勝を重ね極めて強いはずの日本のプレーヤーということだったが、聞けばアメリカプロのプレーヤーは、賞金レースに没頭し実利のないワールドカップには見向きもしていないとのことだった
オーディオ	プレーヤー	CDプレーヤーの登場で、 興味のない曲をボタンひと押しで瞬時に飛ばすことが初めて可能になったが、 SmartMusicKIOSKでは、 興味のない楽曲構造上の区間をボタンひと押しで瞬時に飛ばすことを 初めて可能にしたといえる
オーディオ	プレーヤー	「携帯プレーヤーは2万曲も録音でき、権利者が失っている利益は計り知れない」「著作権について定めたベルヌ条約に違反する」などと課金の必要性を強調した
オーディオ	プレーヤー	『MP3プレーヤー』より : MP3プレーヤー(えむぴーすりープレーヤー)とは、MPEGによるデータ圧縮 音声圧縮形式であるMP3 MP3ファイルを再生することができ、かつ携行が容易なハードウェアの総称
音楽	プレーヤー	例年、バークレー出身のサックスプレーヤーとパーカッショニストが音楽を担当していたのだが、今回は、海外公演が入ったため、たいこ奏者ひとりのみの参加となった
オーディオ	プレーヤー	近年では、針ではなくレーザーを用いて非接触再生するプレーヤー(レーザーターンテーブル)もあり、割れた盤や傷の酷い盤でも高忠実再生できるのが売りであるが、ほとんどが日本円換算で100万円を超える極めて高価な機器である為、レコード趣味が高じている者でも簡単に手を出せるという物ではない
オーディオ	プレーヤー	たUSB端子を備えているので、USBメモリーや携帯デジタルオーディオ・プレーヤー(動作確認機種はHPで公開)に記録された圧縮オーディオ・データも再生できる
音楽	プレーヤー	というわけで、大好きなスティービーワンダーがエイベッツ・レッドナウ(実はスティービーワンダーの逆さつづり)というハモニカプレーヤーとしてアルバムを出してますので、その中から大好きな一曲をどうぞ
スポーツ	プレーヤー	サッカーをやっている、まして、プロの選手は沢山いる中で、つねに第1戦で戦えるプレーヤーであり続けるためには、よほどの努力と練習がなくてはできないことですよね
オーディオ	プレーヤー	当方のプレーヤーはトーレンスTD190でして、軽量の上にターンテーブルとアームがフローティング構造となっており、スタビライザーはあまり重量級のものは使えません
スポーツ	プレーヤー	素晴らしい才能・運動能力のある人が、名プレーヤーになるのではなく、苦しい・つらい時、それを乗り越えて行く『強い意思』を持っている人が名プレーヤーになるのである
オーディオ	プレーヤー	眠っても取れない疲労感は、軽やかなピアノ・ソロとともに半減、その日の午前11時ぐらいまでは、世の中への適合感を保てる お金がらみの情報やあの人がこの人がといった噂話に、身も心もベトベトになるお昼どき 携帯プレーヤーに仕込んでおいたクラリネット協奏曲を聴けば、ひれかつ定食でいくつもりが、素うどんで十分という気になる モーツアルトはいい
スポーツ	プレーヤー	プロ野球球団が裏金をアマチュアプレーヤーに渡していたことが発覚したことに端を発して、学生野球憲章では禁じられている「野球特待生制度」の「摘発」にまで問題が及んだ
スポーツ	プレーヤー	競輪の中野浩一が日本のプロスポーツ界で初めて年間獲得賞金1億円を達成した後、それまで1千万円プレーヤーが一流とされていたプロ野球選手の年俸も急上昇し始めた
オーディオ	プレーヤー	私もAirbowのCDプレーヤーを使い始めたときは、数日間、リピートにして深夜も(もちろんアンプの電源は入れずに)回し続けたところ、日増しに変化があるのを実感しました
オーディオ	プレーヤー	マンさんは報道陣に、タクシーにはMP3プレーヤーを接続して音楽が聴けるシステムが装備されていて、それでクラッシュ、プロコル・ハルム、レッド・ツェッペリン、ビートルズなどを聴いた、と語った
スポーツ	プレーヤー	【日本コカ・コーラ】「コカ・コーラ オリンピック応援パーク」では、アテネオリンピック 女子テニス代表で元プロテニスプレーヤーの小畑沙織さんをゲストに迎え、「杉澤修一の戦の掟〜頑張るだけじゃ意味がない
音楽	プレーヤー	0[横幅×高さ(cm)]主な用途プラスチック・金属(アルミ・ステンレス・etc)・ガラス・陶磁器・木工品・その他使用例携帯電話デコレーション、ヘルメット、自転車、スポーツ用品(スキー、スノーボード、サーフボード等)、ミュージックプレーヤー、ライター、家具、楽器、漆器、陶器、自動車、DS、PSP等、硬くつるつるした面に使用できます
スポーツ	プレーヤー	バンカーから出る前に、プレーヤーは(a)自分が作ったバンカー内の穴や足跡は勿論、(b)近くにある他のプレーヤーの作った穴や足跡もすべて入念に埋め、平らにならしておくべきである
スポーツ	プレーヤー	元プロのテニス・プレーヤーだったクリス(ジョナサン・リース・マイヤーズ)は、ロンドンでテニスのインストラクターをするうち、上流階級のトム(マシュー・グッド)とその妹クロエ(エミリー・モーティマー)と懇意になる
オーディオ	プレーヤー	家のDVDプレーヤーで大好きな映画を観るのなら話は別れすが、今回は僅かな空き時間に楽しむためのお遊びソリューションなのれ、中身が楽しめればそれでモリえもんは大満足なのれす
オーディオ	プレーヤー	個人のレコーディングエンジニアのかたのスタジオや、自宅でレコーディングされているアマチュアのかたがたは、ほとんどCDプレーヤーを使っていません
スポーツ	プレーヤー	オフサイドとは、プレーヤーとゴールの間に一定数の敵の選手がいなければならないという規則であるが、 1925年に、その人数は3人から2人に緩和された(ゴールキーパーを含む)
スポーツ	プレーヤー	パッチ契約とは、世界最大のスポーツマネージメント会社であるアイエムジー(IMG)グループの創始者であり、弁護士のマコーミック氏が著名なゴルフプレーヤーであるアーノルド・パーマー氏のブランドを確立した際に考え出したものとのことである
その他	プレーヤー	ハマースは2006年1月のパレスチナ立法評議会選挙において過半数の議席を得ており、同党は多くのパレスチナ人の民意を代表する合法政党として、今後の和平プロセスに欠くことのできないプレーヤーです
オーディオ	プレーヤー	これをMP3形式に変換して、しかも分かり易いファイル名にリネームして、そのうえ(必要なら)それらの幾つかのファイルを結合して保存しておけば、本体の他にCD606などのMP3プレーヤーでも容易に再生ができるので便利だ
その他	プレーヤー	今回問題となっているのは、日本における最も大きな集団的プレーヤーであり、そして同じ程度に最も広い分野を代表するロシアのビジネスの代表者たちである
スポーツ	プレーヤー	サッカーワールドカップの決勝戦、イタリア対フランス戦で、フランスのスタープレーヤーのジダンが相手選手に頭突きを食らわしてレッドカード退場となった
スポーツ	プレーヤー	アトランタ五輪では対ブラジル戦で大金星を挙げるいわゆる「マイアミの奇跡」を経験し、さらに、これまで日本代表が戦ったW杯10試合にすべて出場するという「日本の顔」とも言えるプレーヤーである
オーディオ	プレーヤー	html 記事は、「電子書籍リーダーやタブレットPCは新し物好きのためのニッチな商品ではなく、携帯音楽プレーヤーのように広く普及する可能性があることが分かった
音楽	プレーヤー	■「ふれあい体験学校」は3年でひと区切りするとともに、地域の社会福祉協議会との交流を深めていくことになり、夏季に交流レクリエーションをすることになりましたが(2004年から)、3回目となる2006年から、音楽鑑賞としてサロードというインドの弦楽器のプレーヤーが参加してくれることになり、この事業は「なつレク」として、現在も続いています
スポーツ	プレーヤー	仮に、本願商標がポロ競技をしている状態を示す動的イメージを印象づけるものであるとしても、本願商標と引用商標とは、馬に乗ったポロプレーヤーがマレットを右手で上方に振りかざしてポロ競技をしている状態を描いた点において構成の軌を一にし、また、馬に乗った競技中のポロプレーヤーを描いた図形からなるという点において観念を同じくすることには変わりはない
オーディオ	プレーヤー	例えば、市販CDをお持ちで、それを自分が出演する曲として例えばMDに短く編集したい場合、MDコンポにCDプレーヤーが付いているのであれば、まず、CDからMDに曲をダビング(コピーする事)して、次にMDの編集機能を利用して編集すれば、簡単な編集ならばできてしまうと思うのですが
その他	プレーヤー	本機に搭載されている業界初となる「斬撃センサー」は、指示が出たときにプレーヤーがその動作をすることで演出が発展するという、プレーヤー参加型の役物
音楽	プレーヤー	英国のみならずヨーロッパ各国でもこのスタイルのバンドを取り入れ、金管楽器のレベルが大変向上し、オーケストラのほとんどのプレーヤーが、このスタイルのバンドを経験しています
スポーツ	プレーヤー	同伴競技者や後続のプレーヤーの為に出来る限り自分ボールところまでは急ぎましょうそうすれば素振りをする余裕が生まれますし落ち着いて打つことが出来ます
スポーツ	プレーヤー	・隣接ホールからプレーする場合はそのホールのプレーヤーに合図し、邪魔になならないように打球するとともに、自己の同伴プレーヤーにも十分注意して打球してください
スポーツ	プレーヤー	特に相手のキープレーヤーをしっかりと抑えて自分たちのプレーを出し切ろうと臨んだ試合でしたが、その部分でもしっかりと出来ましたし、ラインアウトやスクラムなどセットプレーの精度も上がってきたので、これからの試合に向けて自信を持てた試合でした
オーディオ	プレーヤー	話が元に戻るが、CDプレーヤーのトレイにCDを乗せて、PLAYボタンを押すだけで音楽がきけるという操作が当たり前だとすると、iTunesだって少々面倒というか「待たされる」のだが、iTunesはそれを補って余りある機能を持っているし、一年ほど前から売られているMacにはリモコンも付いているから、かなりCDプレーヤー(+DVDも)的だ
オーディオ	プレーヤー	ただし、2005年12月時点では、この形式に対応したポータブルプレーヤーは発売されておらず、試聴環境としては、「24bit/96kHz」に対応した USB オーディオプロセッサや、サウンドカードを搭載したPCを介して聴くことになるが、例えヘッドフォンで聴いたとしても、その音空間の奥行の深さには圧倒的臨場感と感動がある
オーディオ	プレーヤー	本体前面に装備したUSB端子は、お手持ちのUSBメモリーやUSB携帯音楽プレーヤー(USBマスストレージ)を接続してデジタル音楽ファイルを再生できるほか、新たにiPod*のデジタル接続にも対応
スポーツ	プレーヤー	)きっちりセッターに上がってセンターラインが暴れ放題(←相変わらず抜群のキレと速さな先野選手の速攻、相手ブロックついてこれてないし)、ちょいと苦しくなったボールも高い二段にしておけばたたき込んでくれる大砲完備、サイドには守備力あって小技も効くプレーヤーが控えてると
スポーツ	プレーヤー	「MVP」は営業部門、管理部門から1人ずつ選んでおり、「スタープレーヤー賞」は大阪本社・東京支社から各1名ずつ選ばれ、年間で計16名が表彰されることになります
スポーツ	プレーヤー	しかしコンビネーションプレーという意味ではまだまだだし、Jリーグでは重要なポジションは外国人がプレーしていて、本当に必要なポジションでのプレーヤーがうまく育たない環境がある
オーディオ	プレーヤー	テレビ、ビデオ、DVDレコーダー/プレーヤー、デジタルCSチューナー(またはケーブルテレビのホームターミナル/デジタルSTB)の主な操作が可能です
音楽	プレーヤー	ニーナ・シモンと同じくピアニストでもあるジャズ・シンガー、シャーリー・ホーンをリミックスに選んでいるが、しなやかさと力強さが共存するグルーヴィーなダンス・ミュージックへと導いているところは、彼がDJ的視点を持つミュージシャンであり、プレーヤーとしてもプロデューサーとしても一流だから成し得られる業だろう
音楽	プレーヤー	15曲目"Strangely Familiar" プロデューサー/コンポーザー/ギターリストであるマルチ・プレーヤーの彼が今まで披露していなかったヴォーカルをやっと聴けます
オーディオ	プレーヤー	D/Aコンバータやデジタルフィルタ部分などは、さすがに自社製のICを使っていて、多少SONYらしさを感じさせるが、カシオのCDプレーヤーだってSONYのICで固められていることもあるので、レベルは一緒ってことである
オーディオ	プレーヤー	さらに入出力端子を使えば、CDプレーヤーを接続して好きなアーチストと共演したり、アンプやテープレコーダーを接続して他の楽器とアンサンブルするなど、楽しみ方がより一層広がります
スポーツ	プレーヤー	ペレやマラドーナのような天才プレーヤーの身体にみなぎる本能とは、こうしてサッカーのもっとも核心にある遊戯的快楽や陶酔とダイレクトに結ばれることになる
音楽	プレーヤー	つのだ☆ひろ校長を始め、元めんたんぴんのギタリスト飛田一男氏、ベーシストの斉藤''TAK''貴之氏、サックスプレーヤーの堤智恵子さん、そして当スクールの講師陣(川勝陽一Key、小西真澄Key、五十嵐啓之G、宮嶋敏哉Vo、高橋奈保子Vo、木内''QP''慶輔Dr)が、参加者の演奏をバックアップ
オーディオ	プレーヤー	問い合わせてみると、ティアックは今後アクセサリー製品の拡充を目指しているといい、今回のアクセサリーはCDプレーヤーでターンテーブルメカを特徴とするティアック独自の技術とターンテーブルを使ったアクセサリーに共通したイメージを感じたことが背景のようである
オーディオ	プレーヤー	[Toyolina] それってBDを課金対象にする代わりに携帯音楽プレーヤーとかHDDは対象外に「とりあえず」するってことで落ち着いたんじゃなかったっけ
スポーツ	プレーヤー	私はセンタープレーヤーなので、ブロックの高さとクイックの速さを強化し、相手に合わせるバレーボールではなく、自分たちらしいバレーボールを目指します
オーディオ	プレーヤー	携帯音楽プレーヤー 『2強』激しく火花 2009年9月22日 朝刊 写真 近年、アップルの「iPod」の独走状態だった国内の携帯音楽プレーヤー市場に異変が起きている
音楽	プレーヤー	周囲で、どのようなプレーヤーがどのような音色でどのようなプレイをしようとも、「我関せず」、とばかりに、機械的に無機的な定常リズムを刻むリズム隊に対して、メロディー楽器群が、終わり頃には愛想を尽かして、「やっとれんわ
オーディオ	プレーヤー	一七六〇年以後に作曲されたものはどんな曲でも好きになれないらしく、もし青銅器時代の音楽のレコードがわたしの家にあったら、きっとそれを選んでプレーヤーにかけていたことだろう
音楽	プレーヤー	レーダーに映らないスティルス、抜きんでたギターのヴァーチュオーゾであり、あらゆる表現が可能なマルチ・プレーヤー、しかも素晴らしいヴォーカリストでもある ゙兄貴ィ ゙ことスティーヴン・スティルスが今夜のお客様CDで登場していただいた
音楽	プレーヤー	今日このコンサートに足を運んでいただいたお客様の中には、サックスプレーヤーの菊池康正さん&ボーカリストの里ひろみさんもいらっしゃり、大変嬉しかったです(^^)
その他	プレーヤー	日程表左側のWindows Media形式アイコン又はReal Media形式アイコンをクリックすると、本会議の録画映像がそれぞれに対応した映像プレーヤーで自動的に再生されます
オーディオ	プレーヤー	相互運用可能な音楽/ビデオ・プレーヤーを合法的に開発したいと考えるオープンソース開発者などの立場が守られるかどうかに大きくかかわることから、社会党は憲法評議会に、法案の条文で定義されていない「相互運用性」という言葉の定義を求めた
スポーツ	プレーヤー	プレーヤーにすごく忠実なシャフト、注意したいのは「ヘッドスピードは40台後半~」「無理に球を上げにいかない」それを守ればポテンシャルを発揮しそう
音楽	プレーヤー	この短さなので、気軽に取り上げることができるでしょうし、全てのパートがどこかでメロディーを担当するようにもしましたので、ふだんメロディーがあまり出てこないと感じているプレーヤーにも満足していただけると思います
スポーツ	プレーヤー	特記:アタッキングゾーンにいるボールを持ったプレーヤーが、前にゴールキーパーしかいないときにホールディングを受け、シュートのチャンスを奪われたとき
音楽	プレーヤー	こんどは各プレーヤー(バックバンド)のソロまわしがあり、オーケストラメンバーは全員動物のかぶりものをしての演奏で皆のりのりで楽器をぶんぶん左右に振り回していた
音楽	プレーヤー	最近、Kinki Kidsの歌番組等でセッションプレーヤー振りが目立つ蘭丸も、ブルースやロックンロールでドライブ感のある演奏をしてこそ彼らしい
音楽	プレーヤー	トロンボーンプレーヤーになることが夢で、肺炎でその夢をたたれ、役者として成功されましたが、音楽、とくにJAZZが大好きで 陰ながらジャズを支えて来た1人でした
オーディオ	プレーヤー	カラオケ・卓球・ビリヤード・DVDシアタールームなどの遊戯施設、DVDソフト(全室DVDプレーヤー完備)・色浴衣(女性限定)などのレンタル、ロビーでのお抹茶・お茶菓子・デザート・コーヒー・健康茶・ナイトドリンクなどのサービス、縁日・ビンゴ大会・ジャンケン大会・カラオケ大会などのイベント、全て無料でお楽しみいただけます
スポーツ	プレーヤー	過去の大会3連覇は尾崎将司の94年~96年にかけての1回のみで、今回タイガーが勝利を飾ることになれば、未だ国内プレーヤーはもちろん、海外参戦プレーヤーも成しえていない、この記録に初めて並ぶことになります
スポーツ	プレーヤー	日本サッカー協会が導入したスペシャル・ライセンス・プレーヤー(ノンアマ)制度にも消極的[1]で、アマチュアリズムの牙城を頑なに守る保守派の代表的存在、読売クラブや日産自動車等のプロ志向のクラブに対し、「サラリーマン・サッカー」と揶揄され敬遠される存在であった
音楽	プレーヤー	この演奏会は、国際芸術連盟主催による新人演奏家のお披露目会的色彩の強いものであったのだが、それにしては、会場の新宿文化センター小ホールがあまりに相応しくなく、プレーヤーにとっては過酷な状況であったと思う
スポーツ	プレーヤー	本格派大型プレーヤーとしての資質は洋々たるものがあるが、初出場した日本シリーズJTカップの東京よみうりCCで、多忙だった一年とマイ・ゴルフ、そして来るべきシーズンへの気持ちなどを聞いた
その他	プレーヤー	そしてまた、もう一つの大きな変化は、新しい利用技術やプラットフォームを提供するプレーヤーや日常生活でWebを活用する世代が大幅な若返りをみせてきている――ことである
その他	プレーヤー	XBox版だとサーバーが独立し、ほとんどのプレーヤーがランクが初期の状況からだと思いますので、あまりランクの上下を気にせず楽しめるのではないかと考えております
その他	プレーヤー	よのにはスーパー・プレーヤーもいれば、バイプレーイヤーもいるが、人それぞれが、その持ち場に応じて、相手の手を読み、世の中を読み、自分の行動を選択する
スポーツ	プレーヤー	ペレや全盛期のジーコなど往年の名選手をリアルタイムで見ていない、そして自分自身たいしたプレーヤーじゃなかった僕が断言できるものではないのかも知れませんが、恐らく、今まで全世界でサッカーをプレーしてきた人、今現在プレーしている人の中でも一番のテクニシャンじゃないでしょうか
スポーツ	プレーヤー	伝統を守り続けるこの大会に2010年も128名の世界のトッププレーヤーがグランドスラムを手にするためにウィンブルドンのグラスコートで2週間その腕を競い合います
スポーツ	プレーヤー	ベクトルを自分に向け、(苦しいこと、楽しいこと含め)全てのことを成長の糧としていくことがラグビープレーヤーとしての、ひいては人間としての成長なのかなと思います
スポーツ	プレーヤー	スペシャル・ライセンス・プレーヤーは、1986年から日本サッカー協会及び日本サッカーリーグ(JSL)によって認定された、プロフェッショナル プロフェッショナル・プレーヤーの事である
その他	プレーヤー	31日は“名古屋のアキバ”ともいわれる同区の繁華街「大須商店街」で一般コスプレーヤーとともにパレードし、「大須観音」(同)の特設ステージでパフォーマンスを披露
スポーツ	プレーヤー	左アウトサイドのプレーヤーが、右利きかであるか、左利きであるかはチームにとって大きな関心事であり、左利きの選手がいる場合、チームはフィールド上をより大きく利用することが出来る
オーディオ	プレーヤー	東京は好きとかきらいとか言えないぐらい身近(引っ越し経験なしの東京うまれ)だから、電車の中でポータブルCDプレーヤーから上京ソングが流れてくると、つい窓の外を見て「東京」を探してしまう
その他	プレーヤー	地形などにハマって動けなくなったキャラクタを安全な場所に移動させたり、差別、誹謗中傷、猥雑かつ低俗な言動を行なうプレーヤーに対する懲罰や、不適切なキャラクタ名、スクウェア職員への成りすまし、他人への嫌がらせなどといった円滑なプレイを阻害するプレーヤーの取り締まりから、一般的な質問に答えてあげるなど、その内容は多岐にわたる
オーディオ	プレーヤー	ミュージックプレーヤーとしての基本的な使い方から、オーディオブック、ビデオ、ゲームの楽しみ方、アドレスブックや時計機能、ボイスメモといったエクストラの機能、さらにはNike+iPodの使いこなし、iTunes StoreやiTunesでの音楽/ムービーの整理方法、知っておきたいTipsなどをまとめた
オーディオ	プレーヤー	研究者でないわたしは、さがしてどうするわけではなく、デジタルプレーヤーに集めて聴いているくらいのものですが、このリズムと旋律を聴くと心地よく、気分がいいのです
その他	プレーヤー	また、他のプレーヤーに比べて1位のプライスと2位のサムズのみが投資収益を上げているので、相対的に収益性の高いポジションにいると考え、これはGoだろうと判断しました
その他	プレーヤー	通常のゲームの倍はあろうかという長さながら、プレーヤーをぐいぐいと引き込んでいくこのシナリオ、山田一氏担当のゲームをまだやったことがない人には特にお勧めしたいです
音楽	プレーヤー	ヨン・クリステンソンやニルス・ヘンニング・ペデルセン等の北欧のトップ・プレーヤー達は元より、ジョニー・グリフィン、ジェームス・ムーディー、ウィントン・マルサレス、ジェリー・ベルゴンジ、ジョー・ロバーノ等の海外からのプレーヤー達とも、数多くの録音セッションやツアーを行っている
スポーツ	プレーヤー	商品説明ナイキ AKIシグネチャーモデル(岩村明憲)のグラブトップアスリートのパフォーマンスを支えた2009シーズンモデルを軟式プレーヤー向けにテイクダウン小学校高・中学年向け(少年軟式用)岩村明憲モデルの特徴強度と開閉性を高めたAKIウェブ採用
オーディオ	プレーヤー	マツダは、デジタル携帯音楽プレーヤー「iPod(アイポッド)」を純正オーディオ機器に接続するアダプターを22日から、国内のマツダ系ディーラーで販売する
スポーツ	プレーヤー	夜は甲子園出場経験もある元社会人野球プレーヤー・Y君、松井稼頭央内野手(メッツ)とPL学園高野球部で同級生・T君、JABAでアナウンスをしているMちゃんらが取り仕切る西麻布の『鉄腕』で楽しくアホ飲み(苦笑)
その他	プレーヤー	オンライン予選、インターネットカフェ予選を勝ち抜いた『SFO』の最強のプレーヤー(“鬼達”)が集い、頂点(“鬼強(おにきょう)”)を目指して対戦する『鬼強グランプリ2009』決勝大会を、ついに3 月28 日(土)13時より「ライブパーク イン アキバ」(東京都千代田区、秋葉原「旧サトームセンビル」1 階)にて開催します
スポーツ	プレーヤー	あくまでもマッケンローがデビッド・ウィートンを、その夜、破るという前提に立ってのことだが、サンプラス対マッケンローの準決勝については、「もし、サンプラスがプレーヤーX、あるいはプレーヤーYと試合をするのなら、彼が勝つと思う」レンドルは言った
スポーツ	プレーヤー	それぞれ、プレーヤーの方にとってのストレートボール(曲がり幅が一番少ない弾道)を打つため、それぞれのクラブ、スパインアングル(腰の角度)と肩を中心とした背骨と腕の角度、また、ボールの位置を調整して、打っています
オーディオ	プレーヤー	携帯用のCDプレーヤー(MP3)で、CDをそのまま再生できるわけですが、もっと超小型の、今はやりのIPOD(アイポッド)で、必要な章だけ抜き出し楽しむ方法もあります
オーディオ	プレーヤー	このプレーヤーについてはオーディオアクセサリー誌やA&Vビレッジに度々紹介されているので、マニアの方にはご説明するまでもないが、フィデリックスのハーモネーターにソニーのポータブルCDPをドッキングさせた江川先生特製CDプレーヤーだ
オーディオ	プレーヤー	iPodの成功は、特に日本ではMDプレーヤーの普及の影で一部趣味者のみが使用していたMP3プレーヤーが、一般ユーザに対する市民権を得て、MP3プレーヤーが携帯オーディオ市場のメインストリーム商品へ躍り出る契機となった
オーディオ	プレーヤー	【経済】 富士通が法人向け携帯 指紋でロック解除、安全性高める (朝日新聞): 富士通の法人顧客向けの携帯電話「F―10B」はカメラやワンセグ、音楽プレーヤーの機能を省く一方、指紋によるロック解除機能を付けて安全性を高めた
スポーツ	プレーヤー	といってもここ数年お金で人を引き抜くことしか考えていない、スタープレーヤーは大リーグに流出する「プロ野球」というものに興味をまったく感じなかったんですが、この間の夏に千葉マリンに連れて行ってもらって、ロッテの応援団を見て(あー、野球もやっぱいいもんだなぁ
その他	プレーヤー	一見普通の俯瞰タイプRPGに見えるジオコン4ですが、実際にはプレーヤーはエステロミア王国の傭兵団長の立場で国王や周辺地域の人から仕事を請け負い、部隊を編成し部隊のために部材の調達や配備を行う、経営SLG的なものになっています
スポーツ	プレーヤー	アニメの中でははっきりとした描写はされていないが、 リョーマの父、越前南次郎は世界に名を轟かせた元プロテニスプレーヤー、しかも、自宅である寺にはリョーマ専用のコートまでもある環境から考えると、かなり小さい頃からテニスを始めていると推測されます
オーディオ	プレーヤー	さらに、閉じたままの状態からサイドのTVキーを長押しすると「背面専用メニュー」が立ち上がり、背面ミニゲームや、カメラ、ミュージックプレーヤー、イミテーションコールなどを起動することができる
オーディオ	プレーヤー	CDやMP3、携帯プレーヤーなどの音楽データからコード進行を検出したり、耳コピのためにテンポやピッチを自由にコントロールしたり、ボーカルをキャンセルしたり、帯域の強調やカットをしたりすることができます
音楽	プレーヤー	「パワー楽器のてんこ盛りで、各プレーヤーが腕によりをかけたアレンジや演奏でアルバム中最高にハイパーでソリッドでストロングな曲になった」「ライヴでこの曲を再現する時、トランペッターはキツ過ぎてほとんど死ぬそうだ」という曲をコピーするのも3×3オールスターズは大変だろうなと思う(ヴォーカルは案外苦しまずにこなせそうだが)
その他	プレーヤー	また、プロジェクター部分の画質調整、プレーヤー部分の再生や停止、スピーカー部分のボリュームコントロールなど操作の対象に準じて配列し、蓄光式ボタンと合わせて暗い部屋での高い操作性を実現しています
スポーツ	プレーヤー	ツアーの開催基準、および車いすテニスランキングシステムの基準を満たしたトーナメントに出場したプレーヤーの試合結果(シングルス、ダブルス)は個人のランキングポイントとしてITF車いすテニス国際ランキングに算入されます
オーディオ	プレーヤー	舟木氏と何度かやり取りをしDVDプレーヤーをお持ちであることが分かった、小生も使用PCを調べたところPAL方式DVDを作れそうなことが分かったので採り合えずこれで行くことにした
その他	プレーヤー	松下工房といってもピンと来ないかもしれないが、ギタマガやプレーヤー等の雑誌には必ず広告を出しているので、ギタリストやベーシストであれば殆どの人が各メーカーのフレットの断面図は目にした事があるのではないだろうか
音楽	プレーヤー	たとえばジャズなんかだと、ピアノやオルガンなどキーボードプレーヤーは花形だったりするんだけど、ロックやポップスのバンドだと、キーボードはどうしても不可欠ってわけでもなさそう
スポーツ	プレーヤー	・味方のプレーヤーからスローインで返されたボールを手で触れる※ただしバックパスで返されたボールについてはゴールキーパーは手で触れることが出来る
その他	プレーヤー	それまでの主要プレーヤーである団塊前後の世代が、ハイエナで大分食われたことを考えると、もうこの層は戻ってこないし、5号機規制や貸金業規制もある
オーディオ	プレーヤー	車載用MP3プレーヤー【FMトランスミッター+USB端子+オーディオミニプラグコード+リモコン】●ケータイやiPod、MP3の音をFMラジオで聴けます●USBメモリーやSDカードのMP3ファイルを再生できます●レターパック対応●レターパック対応
スポーツ	プレーヤー	2)に、上方落語界の重鎮、桂米朝師匠が1925年に、俳優の伊原剛志さんが1963年に、テニスプレーヤーの松岡修造さんが1967年に、タレントの小田茜さんが1978年に生まれている
オーディオ	プレーヤー	リピート再生、シャッフル再生はもちろん、キーボード入力から選曲可能な「ダイレクト選曲機能」、キーボード入力から再生位置を変更する「ダイレクト・ロケート機能」など、プレーヤーとしての使い勝手を向上させる機能も充実しています
オーディオ	プレーヤー	ワンセグや音楽プレーヤーなど一見華やかな機能を省いた代わり、口コミ地図情報データと連動したオススメスポットのカスタマイズ機能など、ナビの本質的な用途にこだわった仕上がりとなっている
その他	プレーヤー	さらに、続行試合の出場資格を失ったプレーヤー(停止状態に出場し、他のプレーヤーと代わって退いたため)の登録が抹消されてその代わりとして登録された者でも続行試合には出場できる
オーディオ	プレーヤー	今年の正月にばーさんのとこに行った時は、非常時用にこのプレーヤーとアインシュタインのDVDを持って行きました(ばーさんのうちにはDVDプレーヤーがないのです)
オーディオ	プレーヤー	テレビ電話やDVDプレーヤーや地デジやなんかに使われてる動画像符号化のMPEGのLSIを日本で最初に製品化したときのプロジェクトリーダーだった
スポーツ	プレーヤー	降格したミドゥルズブラのスチュワート・ダウニングが故障でしばらく使えない状況を鑑(かんが)みれば、国内にいる国産プレーヤーでは最大の大物であり、“価格”も比較的リーズナブルに落ち着くはずの目玉商品を、シティは超速攻でかっさらってしまったわけだ
音楽	プレーヤー	私が昔使っていたサックスプレーヤーの「ナベサダ」こと、渡辺貞夫さんが書いたジャズ理論書「ジャズスタディー」は基礎から詳しく説明があり、非常にわかりやすいと思います
その他	プレーヤー	私たちの世界の共同プレーヤーたる「単独性の《私》」(概念的に把握された〈私〉)をめぐる論理学(「独在性の〈私〉」の語り方、そしてその語りのなかに見え隠れする「独在性の〈他者〉」とでも呼ぶべき存在者の語り方の問題)である
オーディオ	プレーヤー	「NO LIFE NO MUSIC」という言葉があるように、音楽はかかせないもの♪そこでiPod、MP3プレーヤーなどのポータブルオーディオプレーヤーを接続して音楽を聴くことができるオリジナルのスピーカーを作ってみてはどうでしょうか☆
音楽	プレーヤー	ジャズを演奏する人材の非常に少ない我が国において、このレコードが録音された1962年(昭37)当時、「ニューハードはフルバンドでモダン・ジャズを演奏して行くんだ」と言う宮間さんの大胆な志を実現すべく、上記瀬川氏の書かれているような条件に応えられるようなプレーヤーがどれほどいたのかは定かではないが、それほど多くはいなかったと思う
スポーツ	プレーヤー	アナトゥライはこの2週間の北京滞在中に、香港、中国、日本、モンゴル、グアム、韓国、北朝鮮、マカオ、そしてチャイニーズ・タイペイからの才能ある若いプレーヤーや審判たちを見ることができた
スポーツ	プレーヤー	ゴルフの中でも、ボールを使うゴルフ場のプレーヤーも世界的に魅力が飛ぶというドライバーや経路を飾った場合の乱開発費用を打ってよいプレーに、広いホールにもいいます
スポーツ	プレーヤー	ラモスさん側によると、パンフレットでは、サッカーのワールドカップ(W杯)の優勝トロフィーの写真とともに、ラモスさんを「ドーハの悲劇の主役となった伝説のプレーヤー」などと紹介
音楽	プレーヤー	8/23~24に味の素スタジアムで開催される『第2回東京ジャズ』において世界屈指のジャズ・プレーヤー達と共演することになった17歳の高校生ピアニストです
オーディオ	プレーヤー	午後、前のベッドのYさんが「大正琴による昭和の歌」ってCDを以前に病院のプレーヤーを借りてかけておられたけど、自前のプレーヤーは持っておられないみたいなので「うちのでかけましょうか」とかけて差し上げたら、びっくり
スポーツ	プレーヤー	9面の「今治市菊間町 厄よけ大祭」の写真にデカデカと写っているのは、愛媛を代表するベテランテニスプレーヤーであり、愛媛テニス界の石原良純こと、S見選手ではないのか
スポーツ	プレーヤー	あくまでも私個人の好みの問題ですが、外人の助っ人プレーヤーを入れているチームが頂点を争う 大学野球でいえば、四番打者とエース投手に南米の助っ人選手を入れているチームが
オーディオ	プレーヤー	ストリート活動(CDプレーヤー、キーボードとマイクだけのワンマン・ライヴ)と激しいライヴパフォーマンスでフー・ファイターズのオープニング・アクトに
スポーツ	プレーヤー	今まではそれをつけてトレーニングや試合をしても、プレーヤーについている計器をはずして、パソコンにつなぎデータをおとさないと見られなかったが、最新型のものはリアルタイムでその選手の運動量が分かるようだ
オーディオ	プレーヤー	このように計算はいくらでも出来るが、実際に1000万分の1の精度(100万分の1の精度の製品を作るには、その10倍の精度が要る)を以ってDVDやそのプレーヤーを製作することは完全に絶対に出来ない
オーディオ	プレーヤー	2001年発売の携帯音楽プレーヤー「iPod(アイポッド)」や07年発売の携帯電話「iPhone(アイフォーン)」など、業界地図を塗り替えるヒット商品の投入を主導し、同社に長期的な成長をもたらしたと評価された
スポーツ	プレーヤー	プレーヤーにジョッキーの役割までも求める完璧なスタイルを実現するのはまだまだ難しいだろうが、調教師プレーヤーが調教を施し、レースへの出走態勢が整った馬を『レースに出す』に登録、ネットを通じてデータがセンターに送られ、そこでレースは自動開催、というスタイルにするなど、工夫次第で「かなりヴァーチャルな競馬」を構築することはできなくないだろう
スポーツ	プレーヤー	私もこれには頷ける気が・・・橋本ってどちらかというとシングルプレーヤー向きの気がしていたので、できれば旗揚げは秋山と一騎討ちを、と考えていたのですが・・・WWFを観ていて感じたんですが、ロックやストーンコールド、HHHなどはシングルのベルトにのみ執着しており、タッグのベルトにはそれほど執着していないように思えます
オーディオ	プレーヤー	タイミュージックアンハウスでのタイランドレポートはタイミュージック・バイ・アンハウス・THAIのアジア・ミュージックマーケッやミュージックプレーヤー プレミアムな現地タイミュージシャン達や魅力あるタイアーティストの話題のページでThailandタイランドについての情報サイトです
スポーツ	プレーヤー	9月7日当日の開会式典では、パリ郊外の会場、スタッド・ド・フランスで8万人の観客が見つめる中、世界から選ばれた20人の伝説のプレーヤーがラグビーのフェアプレイの精神、文化、価値観、チームワークなどのメッセージを全世界のラグビーファンや現役選手に伝えるため、一人ずつ紹介され、グラウンドの中央で観客に挨拶し、暖かい拍手を受けた
音楽	プレーヤー	事実、プロの音楽家と言っても、彼がプロの中に入ってタクトを振る力はありませんし、彼の作った曲が大舞台で名の知れたプレーヤーによって演奏されることもありません
スポーツ	プレーヤー	伊達公子さん、元WTA世界ランク4位のテニス・プレーヤー、読者の中には96年のグラフ選手(ドイツ)との息詰る熱戦を記憶されている方もいらっしゃるでしょう
オーディオ	プレーヤー	ヴィーマは演奏だけでなく、液晶テレビやDVDプレーヤー、ビデオカメラ、デジタルカメラなどを接続して、音楽と映像を組み合わせることができるのが特徴
オーディオ	プレーヤー	特別に利用方法に関する条件が付加された音楽データを除き、SDMIの基本ルールでは音楽データは一回のコピーで4部まで作成可能なため、一部はパソコンの内部に保存され、残りの3部はポータブルプレーヤーへチェックアウトできます
オーディオ	プレーヤー	かく言うぼくも、今使っている携帯に換えたとき、Bluetooth対応だったこともあって、ワイヤレスヘッドフォンを買って音楽プレーヤー代わりに使うのも悪くないかな、と思ったが、結局ずるずると、ただの携帯電話のままである
スポーツ	プレーヤー	ブレイクきはじめのブツブツ後ろ向きプレーヤーのころは、態度にでてたんかコーチの練習みてくれなかったけど、ブレイクで皆にアドバイスもらって嫌なことあっても、練習はずされても、ブレイクで愚痴ってもチームで出さず、前向きにやってたらコーチも最近はアドバイスくれたり、試合でつかってくれたり、頑張れといってくれた(~o~)嬉しいよね〜
スポーツ	プレーヤー	3年前に初めてブラインドゴルフの競技会に参加した牛尾さんは、20~30人のプレーヤーに対して倍以上のボランティアサポーターが参加して、プロも直接指導するなど、皆で力を合わせて大会を盛り上げている様子に驚いたと話す
オーディオ	プレーヤー	このMP3プレーヤーは、本体に512MB のメモリを内蔵していて、パソコンのUSBポートに差し込むだけで、MP3ファイルをドラック&ドロップで受け渡しができるのが特徴
オーディオ	プレーヤー	アンプ・プレーヤーは、スピーカーをより朗朗と鳴らすことができる機器で固定し、人気のスピーカー数種類をご用意して、お客様のご要望に応じて組み合わせてみたいと思います
オーディオ	プレーヤー	CDプレーヤーを持っていて、新しいCDが出たらすぐ買えるような若者が果たしてどれぐらいいるのかよくわからないが、ダッカのCD・DVDショップでは、欧米のミュージシャンのCDと共にダッカをベースにしたバンドのCDがいくつも並べられている
スポーツ	プレーヤー	MF犬塚とMF山本の二人は能力の高い選手ではあるが、柳下監督の目指すサッカーで求められる仕事を十分にこなせるほどプレーヤーとして成熟しておらず、危険なエリアでボールを奪われるシーンやゴール前の危険なエリアで相手を捕まえ切れないシーンが少なくなかった
スポーツ	プレーヤー	HMD型ヘルメットを装着することで、例えば、テーマパークや公園ではアトラクションなどの情報提供をしたり、ゴルフ場では、プレーヤーの位置情報から判断されるグリーンまでの距離をキャディの代わりにARで表示したりする
音楽	プレーヤー	現在も全世界を活動範囲とする名手ラインホルト・フリードリヒは、カールスルーエ音大教授として後進の育成に携わり、プレーヤーとしても新生ルツェルン祝祭管の主席トランペット奏者として輝かしいサウンドを聴かせてくれています
オーディオ	プレーヤー	夕食も、CDプレーヤーの充電も終わり、テントに引き上げようとしたところに、隣人の神戸の“野の爺”が、西表島から男女2人の若者を連れて帰ってきた
その他	プレーヤー	竹槍を取得すると一定時間、武器が竹槍になるが鎌が投げられなくなる上にプレーヤーキャラの直上にいる敵にしか攻撃できなくなるという不利益が発生するため「取ってはいけないアイテム」の先駆けとして広く認知された
スポーツ	プレーヤー	このオフェンスは、各プレーヤーにかなりの自由性や主体性を与えていますが、ボールを持っているプレーヤーと持っていないプレーヤーそれぞれの動きに簡単なルールがあり、ペリメター(アウトサイド)とポストマン(インサイド)も同様にルールがあることを知らなければなりません
音楽	プレーヤー	1984年には、ガブリエルカトーナ(彼は以前)希土類とプレーヤーのスティントを行なっていた彼らとは、道路上で、1986年の終わりまでのキーボード&サックスを演奏するバンドに参加しました
音楽	プレーヤー	開発をしたのはホルン・プレーヤー兼マウスピース製作者のトマス・グリーアと私であり、ベースは当時私がConn 8Dで吹いていた Delosa マウスピースだ
オーディオ	プレーヤー	欧州のハッカーが、DVDの著作権保護を無効にする方法をウェブに掲示したため、日本のDVDメーカーは昨年末に新しいオーディオ・ビジュアルDVDプレーヤーの発売を延期せざるを得ず、打撃を受けた
その他	プレーヤー	※上記アドレスからダウンロードできるのは、完全無償版ではないため、完全無償版を使いたい場合は、無償版プレーヤーも取得できますページから「無償版RealPlayerのダウンロード」をクリックしたページにいかなければならない
スポーツ	プレーヤー	「クラブが、世界中からより良い外国人プレーヤーを起用することを優先し、プレミアリーグにはイングランド人プレーヤーがわずかしかいないという事実に苦しめられている」
音楽	プレーヤー	数多くのアニメ作品へのBGMやテーマソングの提供、そしてアーティストのライブサポートやレコーディングなどプレーヤーとしても活躍中の渡辺剛氏がプロデューサーとして参加
オーディオ	プレーヤー	これってUSB端子とか、LAN端子とかついてて、USBオーディオプレーヤーを再生したり(USB Mass Storageならなんでもいいみたい)、ネットラジオとかが聞けたり、パソコン上にある曲を再生できたりする、ってやつなんだそうです
スポーツ	プレーヤー	プレーヤーら「ビッグスリー」に大歓声左からプレーヤー、パーマー、ニクラウス(共同) 男子ゴルフの今季メジャー第1戦、マスターズ・トーナメントは9日、米ジョージア州のオーガスタ・ナショナルGC(7435
オーディオ	プレーヤー	現在、一般に出回っているプレーヤーでは、アンチスケート機構を備えている機種は多いですが、その他の調整機構を備えている機種はマニア用に一部の高級機に限られるようですので、ここではアンチスケートの調整のみ取り上げます
その他	プレーヤー	ブッシュ政権の対外政策の考察の際の出発点として、以上のような構図が考えられるのであれば、ここに情報量を増やしていくことで、各プレーヤー間の力関係、そして議会、利益集団など、その過程に登場する他のアクターへの考察へと広げていくことができる
スポーツ	プレーヤー	IMGでシャラポワのエージェント業務を担当し、毎日、彼女と連絡をとっているというマックス・アイゼンバッドは、「我々スタッフ全員が不世出の偉大なテニスプレーヤーが出現しつつあることを実感していた
その他	プレーヤー	これによって大きな余剰重量が生まれ、プレーヤーが求める弾道、操作性、安定性に合わせて、各モデルそれぞれに重心距離と重心アングルを最適にセッティングすることが可能になりました
音楽	プレーヤー	★今夜はいつも私のお店のライブで演奏してくれている、ブルースプレーヤーのテルさん、リードギターの深沢さん、ブルースハープの松田さん、ベーシストのオクさんの四人がボデガー東スタジオ(←クリックすると地図が見れます)でライブするので、ミスチルプレーヤーの西森さんと、ゴンちゃんと遊びに行ってきました
オーディオ	プレーヤー	512MBのメモリースティックDuoも無事ゲットして、PSPのマルチメディアプレーヤー化を邁進する今日この頃ですが、やはり音楽プレーヤーとしてPSPはかなり微妙です
オーディオ	プレーヤー	企画のもう一つは2部屋のうち1部屋にCDプレーヤーを用意してカラオケ機器につなぎ、それぞれが持ってきたCDで歌うという、「音源持ち込み部屋」と用意するというもの
スポーツ	プレーヤー	そもそも、ボールも人もたくさん走るサッカーをしなければならないのは、決定的な仕事のできるプレーヤーがジェフには(日本には、と言ってもいい)いないからで
オーディオ	プレーヤー	マクロスシリーズを通して重要なテーマとなっている「音楽」や「歌」といった要素を反映した、MP3ミュージックプレーヤー(携帯音楽プレイヤー)ポケットを左右両そで口部に装備したフライトジャケットだ
オーディオ	プレーヤー	また、オプションでメディアサーバーを追加することも可能で、メディアサーバーに付属しているメディアプレーヤーは、bmp、jpegの静止画はもちろんのこと、avi、mov、mpegのファイルフォーマットに対応しており、プレイリストを作成して表示するコンテンツの管理を行うこともできます
スポーツ	プレーヤー	特に、サッカーなど1つのゲームプレー空間に参加する人数が多ければ多いほど、 重要な事象の起こった順番や、ルール外の行為が管理されていない状態になりやすく、 そうなるとプレーヤーの権利主張が錯綜してしまう
オーディオ	プレーヤー	1ch アクティブサブウーファー DVDプレーヤーセット generic 憧れのNAKAMICHI 最近ホームシアターの購入を検討していたところ、安めのものを考えていたんですが、こちらのお店で69%オフという事と2008年5月か6月末日で生産販売終了という事で奮発して購入を決断しました
スポーツ	プレーヤー	同級生であって、同じプレーヤーであって、敵でありながら、これだけ長い間ケンと付き合っていられるのは、今までバスケットボールをして来て「こいつ、すげえ」と思ったのはケンしかいないし、あいつのバスケットボールもめちゃくちゃ認めているし、人間性も認めているからだと思う
音楽	プレーヤー	日本の優れたスタープレイヤーたちも参加し、ベテランのサックスプレーヤー梅津和時、キーボードの久米大作、パーカッションの仙波清彦、沖縄と本島の民謡と三紘の奏者大工哲弘が演奏した
その他	プレーヤー	今後は、新温泉町内の様々なスポーツ大会やイベント等でエコフラッグが掲げられ、町民一人ひとりが「エコプレーヤー」となり、新温泉町の環境保全と持続可能な社会づくりに貢献して頂けることを期待致します
スポーツ	プレーヤー	さて、卓球王国大賞には、昨年のMVPにあたる「プレーヤー・オブ・ザ・イヤー」に偉関晴光、卓球界に貢献した「王国大賞」にマレーシアの世界選手権で銅メダルを獲得した男子日本代表チームがそれぞれ選ばれた(ほかに特別賞3人)のだが、驚いたのは、受賞者のほとんどが直前まで参加していたカタールでの試合から駆けつけていたことである
スポーツ	プレーヤー	ゴールキーパーは特殊な存在ですから、フィールドプレーヤーの数を比較すれば、10対9となり、退場処分を受けたほうのチームは、1割減の戦力で戦わねばならない
その他	プレーヤー	ところが、ウルティマオンラインに代表される 「消化時間最大化」デザインに基くゲームの類は、100時間どころか、1000時間でも 1万時間でも絶対に「クリア」できず、プレーヤーがゲーム自体に対して 興味が尽きるまでゲームをプレーすることができてしまう
オーディオ	プレーヤー	アナログプレーヤーに求められるメカニズムとは、LPレコードの音溝という機械的な変位を検出して電気信号に変換するものなので、信号記録面であるレコードとの接触があり、 またその接触の仕方こそが生命線という原始的なものなのである
オーディオ	プレーヤー	あるいは物品の、例えばDVDプレーヤーのようなものにつきましては、外部のディスプレーに表示をされるといったケースにつきましても、保護の対象と考えることが適切であるということでございます
オーディオ	プレーヤー	4%がPCに収録された楽曲をさらに(携帯音楽プレーヤーなどに)コピーしている」「30代までのユーザーが所有するPCに保有されている楽曲は239億曲超」といったデータを引き合いに出し、iPodを含む携帯音楽プレーヤーやPCに補償金を課金する必要性を訴えた
音楽	プレーヤー	オルガン・ジャズ・プレーヤーは金子雄太、大高清美など日本でもやっと注目を集めているが海外ではオルガンといえばジミー・スミスを代表格としてモダンジャズのメイン楽器として認識されている
オーディオ	プレーヤー	LPを聞くときには、プレーヤーのターンテーブルに大きくってデリケートなレコード盤を乗せ、ピックアップ・カートリッジの針を所定の位置に合わせ、トーンアームのエレベータを操作する
スポーツ	プレーヤー	競技ゴルフ出身だけに、プレーヤー心理の造詣も深く、スコアだけを追い求めた自身のゴルフ経験を反面教師にした、【楽しくないと続かない、主体性を持ったゴルフをしよう】という信念を基にした指導は、様々な気持ちに揺れるジュニアゴルファーからの支持も多い
音楽	プレーヤー	伝説的なバンド、シュガーベイブのギタリストであり、大瀧詠一ソロ作品でのギターやラッツ&スター等のプロデュースで知られる村松邦男、音楽プロデューサーとしても活動するベースプレーヤー安部OHJIを中心としたR・O・M・A、最少ユニットで登場です
スポーツ	プレーヤー	(c) 協会、ラグビー団体またはクラブから物質的利益を受けているプレーヤーは、その協会、ラグビー団体またはクラブと書面による契約を交わさなくてはならない
その他	プレーヤー	またこの窓部の、フェース面と平行な二辺の縁部がそれぞれフェース面と平行な直線としてプレーヤーから視認されるために、プレーヤーはこれらの直線を目安として容易に、フェース面を予定の打球方向に対して直角に合わせることが可能となる
オーディオ	プレーヤー	● ポータブルプレーヤーに最適【メール便発送】【送料無料】【取り寄せ対応】多摩電子 インナーステレオヘッドホン RD S1108【代引き/同梱不可】
音楽	プレーヤー	2日目はまた別の関西在住のプレーヤー(ギター・畑ひろし、ベース・鷲見和広、ドラムス・田中ヒロシ)と右近チャン、東京からもう一人谷口英治(cl)が加わってリッツ・カールトン・ホテルでお仕事
オーディオ	プレーヤー	私の心をズタズタに引き裂いたあの人の言葉はいつまでもいつまでも、まるで壊れたCDプレーヤーから流れる音楽のように、何度も何度も私の頭の中で響きつづけた
オーディオ	プレーヤー	しかし、このプレーヤーを購入してから20年以上の歳月が流れ、片側からの音は出なくなってしまったり、またアンプをAVアンプに買い換えたことで、フォノイコライザーが内蔵されていないため、そのままではレコードを聴くことができない状況になってしまいました
スポーツ	プレーヤー	ゴルファーたちは、プレーヤーが準備したベンチに座ったり、歩道を歩きながら自由気ままに会話を楽しみ、時には飲食店に立ち寄ってお金を落としてくれる
その他	プレーヤー	ロジャー・ノリントンというと、ロンドン・クラシカル・プレーヤーを指揮していたという点から、何となく古楽器系に近い指揮者ぐらいのイメージしか無かったのですが、この演奏の第1楽章を聴いた時、いきなりイメージは覆ってしまいました
スポーツ	プレーヤー	スコットランド協会が明らかにしたところによれば、スコティッシュ・インスティテュート・オブ・スポーツが母体となって、スコットランドのユースプレーヤーにオーストラリアで6ヶ月間生活しながらラグビーの練習をする機会を提供するという制度をスタートすることが決定した
オーディオ	プレーヤー	「iPod」の登場以前は、デジタル携帯音楽プレーヤーの市場をけん引していたのは韓国のメーカーだったなりが、いずれのメーカーも「iPod」の登場によって大打撃を受けているなりよ
オーディオ	プレーヤー	てっきり少し前の感覚で、携帯で音楽をダウンロードしたり、音楽プレーヤー代わりに使ったりするのは、ごく一部のマニアックなユーザーばかりかと思っていたら、今や若い子は普通に携帯で音楽を聴いているのか
音楽	プレーヤー	オートハープ・トッププレーヤーのお一人で現在テレビ・ラジオに出演しご活躍中の、注目のプレーヤーJo Ann Smith様より当サイトにメッセージと演奏をいただきました
音楽	プレーヤー	一見ミニチュアみたいでばかばかしく見えるんですが(笑)、楽器にとって「携帯できること」ということは、プレーヤーがいつでも好きなときに演奏できるという夢を叶える有効なソリューションの一つと言えるんです
スポーツ	プレーヤー	日本人として初の米プロバスケットボールNBAプレーヤーとなったサンズの田臥勇太選手が、本拠地フェニックスで行われた3日のホークス開幕戦に出場し、3点シュートなどを決めサンズの勝利に貢献した
スポーツ	プレーヤー	松本大洋『ピンポン』の月本のように、負けたものはコーチとして、趣味のプレーヤーとして、あるいはファンとしてそのスポーツと、それで収入を得るスタープレーヤーを支えるのです
オーディオ	プレーヤー	見ちゃった 大自然の映画を見てから、高校生のケンカの映画 なんだこれ ってか新しい落語のCDが10枚来たのに、車のCDプレーヤーが壊れて聞けない
オーディオ	プレーヤー	キティちゃん電報に次いで「アニマル君ボイスメール」とかでも、ipodは高価だから、プレーヤーはノンブランドかな(^^;ワクワクするグッズだから、このプロジェクトに参加しちゃいます
オーディオ	プレーヤー	コンビニ等で、iDで決済をする際に他の機能を利用中(例えばミュージックプレーヤーとかワンセグを起動しながら)でもおサイフケータイをかざして認証はできるのでしょうか
スポーツ	プレーヤー	バスケットボールリーグの最高峰NBAのスタープレーヤー、コービー・ブライアント、レブロン・ジェームスらを要するアメリカは3位に終わり、前大会6位に続き、のバスケットボール王国アメリカの復権はならなかった
スポーツ	プレーヤー	WOWOWのオーストラリアン・オープン報道で解説を担当していた遠藤愛さんが、現地でチェックしてきたトッププレーヤーのテクニックから、ここに注目しよう
オーディオ	プレーヤー	商品概要◆●プレーヤー本体にぴったりフィットしてキズや汚れをガード●装着したままで液晶画面の確認、プレーヤーの操作、コネクタケーブルに接続可能●ストラップやフックに取り付け可能なストラップホール付●背面でヘッドホンコードを巻き取り
音楽	プレーヤー	「きわめて自然に」なんていっても、そもそもプレーヤーの操作の方にイレギュラーが多すぎるので、ひとつの理想的なプレイを前提とした音楽というのは、むしろありえない
オーディオ	プレーヤー	世界の携帯型MP3プレーヤー市場では、Apple社のiPodシリーズが圧倒的なシェアを獲得しており、また日本国内においてもIPodの勢力が強い上、残りのシェアもSony、Panasonicなどが有し、韓国製品は大きなシェアを獲得するには至っていないが、一定のシェアを確保している
スポーツ	プレーヤー	西堀は、ブロッカーとして世界では小柄な選手なんですけど、小さいからといってできないというプレーヤーではないし、前々から頼りになる選手だと感じていました
オーディオ	プレーヤー	特に、最近話題の『Bravo』+『Fubar4 Plus』を使用した『PCオーディオ』の簡単なはじめ方と、当ショップのオリジナル ファイル・プレーヤー(BPP)を併用することによって、『PCオーディオ』の音質が、さらに良くなることをメインに宣伝させていただきたいと思っていますので、いまいち、『Bravo』が何なのか良く分からないと言う方は、是非、見に来てください
スポーツ	プレーヤー	(2)はグラハム・マーシュの設計による超・難コースでありますが、ハイネケン・クラシックとかジョニーウオーカー・クラシックなどの大きな大会をここのLakesコースで開催をしていますが最近でも日本の著名なプレーヤーが参加していますがいずれも予選で敗退を繰り返しているような難・コースであります
その他	プレーヤー	11曲目"Just A Little" メルヘンチックな響きのキーボードのサウンドとハートウォームなカナダのマルチ・プレーヤーMICHEL・DUBEAUクラリネットがご機嫌なララバイ的な雰囲気の曲です
オーディオ	プレーヤー	ただ決められた音をポンポン出せば、それで良いと思っている人がいるなら、それはもうサウンドエンジニアと言う職業人ではないです、人間CDプレーヤーとでも言っていいですね、それもカナ~リ精度が低い機械です(笑
オーディオ	プレーヤー	また、財務省が大学などに交付している研究費補助金の執行状況を調査したところ、「データーべース作戦」の用途で交付された補助金が携帯音楽プレーヤー「iPod(アイポッド)」やシュレッダー購入に流用されていたことも報告された
スポーツ	プレーヤー	UEFA杯の決勝では同国対決となり、マテウス擁するボルシアMGと対戦、アジア人プレーヤーとして最初の欧州タイトルであるUEFA杯を獲得しました
その他	プレーヤー	1+1=2 が当たり前でこれしか受け入れられない頭の固い考え方をするプレーヤーもいれば、1+1=11 にも見えるプレーヤーがいるのが相場ではないでしょうか
オーディオ	プレーヤー	DVDプレーヤーには、販売されている地域のリージョンコードが設定されていて、再生するDVDビデオのリージョンコードと一致しないと再生できないようになっている
スポーツ	プレーヤー	B1(全盲)クラスでは、チームはアイマスクを着けた4人のフィールドプレーヤーと、目の見えるゴールキーパー、監督、コーラーと呼ばれるガイド役からなる
オーディオ	プレーヤー	世界中で愛され続けて何周年なのかは存じませんがとりあえず色んなところで使われまくりなマルチメディアプレーヤー『Winamp』を日本語化するパッチ『Winamp 日本語化キット』のv5
その他	プレーヤー	かくれんぼの変形とも言えるもので、空缶が所定の位置にある間は、鬼は他のプレーヤーを探しにいけるが、缶を蹴ることによって他のプレーヤーが鬼を妨害できるルールで、遊びの中でも一種の駆け引き的な要素(後述)が重視されるものである
スポーツ	プレーヤー	しかし小学校の時に細身だからと選ばれたフォワードでもキーパーでもない中途半端なミッドフィルダーのポジションは日本に数多いミッドフィルダーの天才プレーヤーの出現と共に一気に花形となった
その他	プレーヤー	また、これまでのシリーズでもよういされていた「せんきょうにおうじてへんかし、プレーヤーによびかけてくる、てきみかたいりみだれるリアルタイムむせんえんしゅつ」もパワーアップ
オーディオ	プレーヤー	一般的なCDプレーヤーに見られる、「LPF(ローパスフィルター)」でのノイズ成分の減衰処理や、デジタルノイズを可聴帯域から遠ざけてからLPFをかけるノイズ・シェーピング技術による濾過処理とは異なる回路を独自に開発した
スポーツ	プレーヤー	アメリカでは球場のことをボールパークと呼びますが、日本の球場のようにフェンスが高くなく、またファールゾーン も狭い事で、プレーヤーをまじかで見ることが出来ます
オーディオ	プレーヤー	グラハムさんもいいw プレーヤーに入れるアルバムとシングルの曲が被ったら ○アルバムを優先 ×シングルを優先 アルバムは流れを楽しむこともあるから かしゆかです
音楽	プレーヤー	明るく、でもどこか寂しげなサウンドが魅力的なカリブ海のドラム缶楽器スティール・パンや、ブラジルのビリンバウなど、ラテン系の打楽器プレーヤーとして複数の楽団を主宰する山村誠一、初めてのもっきりやです
音楽	プレーヤー	「ロックマン8」みたいに初期性能は低めにして、アイテムショップで強化したいプレーヤーだけ強化できるようにするか、携帯アプリ版「ロックマン」(チャージショットのみ)のように使用制限エネルギーを設けたり等の制限をつけた方がまだ説得力があるのですが、カプコンにはそのような柔軟な対処をしようとする頭はなかったようです
オーディオ	プレーヤー	警察によりますと、2人は、ことし4月、宝塚市の美容院に忍び込み、現金およそ20万円と携帯型の音楽プレーヤーなどを盗んだとして窃盗などの疑いが持たれています
音楽	プレーヤー	プレーヤーは楽譜に忠実に演奏することよりも、より表現豊かに演奏することを重視していますので、練習用だけではなく、リスニング用としても十分にお楽しみいただけます
スポーツ	プレーヤー	HEADのiRadicalは、プロテニスプレーヤーのアガシがモデルのラケットで、薄めのフレームはかなり力のある人でないと使い切れない感じだったのに、今度のはかなり使える領域を広げているようです
オーディオ	プレーヤー	」と考えている内に、ゲームのソフトをセットするのも、溜まっているCDをプレーヤーにセットするのも、積み上がっている本を読むのも、何もかも面倒に
音楽	プレーヤー	ストリートミュージシャンのまっちゃんと、ボサノバプレーヤーのバーブさんと南アルプス・甲斐駒ヶ岳を源とする清流で環境庁指定の「日本名水百選」に名をつらねる「尾白川(おじろがわ)」へ行って来ました
オーディオ	プレーヤー	ソニーが、AppleのiPadのようなタブレット端末に加えて、ゲーム機や携帯電話、音楽プレーヤーを組み合わせた複数の新製品を発売する見込みであることが明らかになりました
スポーツ	プレーヤー	市民に対して、安全且つ快適な施設運営を行うことを念頭において、スポーツを通じた人づくりと市民のスポーツ・健康の拠点づくりを目指し、またサッカーをはじめとした日本を代表するトッププレーヤーの効果的なトレーニングや指導者などの人材育成の拠点となるよう運営にあたる
音楽	プレーヤー	ドラマーに限らず、楽器だけ素晴らしくうまいプレーヤーはとても多いのだが、”歌も歌える”というカテゴリーを含めた場合、一気に人口は狭まってしまうのが現状だ
オーディオ	プレーヤー	リツは屋敷にずんずんと上がりこみ、勘助に無理矢理酌をし、太吉たちに、「祝いの酒じゃ、歌でも唄って差し上げよ」と命じ、ほとんど人間音楽プレーヤー扱いである
オーディオ	プレーヤー	ターボリナックスより来年2月発売、USBより大きくノートPCより小さい手のひらサイズのPC「wizpy」は単体ではマルチメディアプレーヤー、PCに接続すれば自分専用のOS環境PCに変更でき1台で何役もこなすというもの
スポーツ	プレーヤー	・・・ミッションヒルズのロビーこちらのホテルは、広大な敷地内(約20平方キロメートル)に世界のゴルフトッププレーヤー12人がデザインした12のゴルフコース、216ホールが広がり、その中に2棟のホテル・レスト・・・
その他	プレーヤー	ゲーム「閉鎖病棟」に抗議文—日精協キャリアブレイン廃墟となった病院で、主人公(プレーヤー)が武器を使ってモンスターを倒すゲーム「DEMENTIUM~閉鎖病棟~」が、精神科医療に対する差別や偏見を助長する恐れがあるとして、日本精神科病院協会(
オーディオ	プレーヤー	また、もしビデオプレーヤーの設定でマイク音量を手動設定すると選択した場合、時々マイクの録音レベルを上げたり下げたりするよう指示するメッセージが表示されます
音楽	プレーヤー	夕方に行われたイブニングライブでは、杉原淳さんなど日本を代表する3人のサックスプレーヤーの本格的なバトルセッションとゲストヴォーカリストであるマリア・エヴァさんのパワフルで魂のこもった歌が披露された
音楽	プレーヤー	ノルウェーのベーシストのマッツ・アイレットセン「トゥランガ」1曲、同じくノルウェーのキーボードプレーヤーのブッゲ・ヴェッセルトフト「ムーヴィング」2曲
スポーツ	プレーヤー	釜口容疑者は、大阪・私立長尾谷高校の女子硬式テニス部をインターハイで3 連覇に導いたほか、同アカデミーの教え子からも、女子のJTA(日本テニス 協会)ランキングに入るプレーヤーを複数輩出するなど、指導者として高い評 価を受けていた
その他	プレーヤー	S33互換のMP3は、WAV、WMA、OGG、AAC、APE、FLACなど多種のフォーマットのファイルは放送して、これは歌曲の数量と歌曲の音色の両方の需要のためにすべて支持を提供して、達成して1スタイルの音楽のプレーヤーの最も根本的な要求とします
スポーツ	プレーヤー	本書では、「世界における日本のスポーツ」を出発にして、スポーツに関わる様々な問題点、とりわけプレーヤーの健康と競技としてのスポーツについての基本的な考え方を重点にして、プレーヤーや指導者を含む関係者が見逃してはならない点について考えていきたい
スポーツ	プレーヤー	泰裕(ロサンゼルスオリンピック柔道金メダリスト)、みのもんた(アナウンサー、TV司会者)に加えて、新たにクルム伊達公子(プロテニスプレーヤー)、野口健(アルピニスト)、萩本欽一(タレント)、古田敦也(野球解説者/スポーツキャスター)の4名が就任した
オーディオ	プレーヤー	「3・5」モデルはステアリング、グルーブボックスのべっ甲調素材を変更し、AM/FMチューナー付シングルDVDプレーヤー、革巻きシフトノブ、プレミアムファブリックシートを採用した
スポーツ	プレーヤー	だが、1905年に大会の前身となる、オーストラレーシア選手権がスタートして以来、実に1980年代後半までは、参加選手のほとんどが地元オージーのプレーヤーが占めていたという珍しいグランドスラム
スポーツ	プレーヤー	1999年よりイワキメガネ・スポーツヴィジョントレーナー担当に就任し、カーレーサー、アメフット、テニスプレーヤー、空手選手など様々な種目のトレーニングに携わる
スポーツ	プレーヤー	ゴルフの腕前も、プロ級でシングルプレーヤー 度々佐藤精一の自己流ゴルフではスペシャルゲストとして 近藤昭仁 八木沢荘六 両氏と共に番組に参加している
その他	プレーヤー	本作においてプレーヤーは、およそメイドとは結びつかないウェポンを駆使するメイドアンドロイド「ユウキ」となり、ユウキが仕える博士(ご主人様)からタイムマシンを奪った組織と戦い続けていくことなる
スポーツ	プレーヤー	大変お忙しい中、プレーヤーと同じ状態までテンションをどうやって持っていくのか、審判長の試験はどんなことをするのか、ルール違反ぎりぎりのプレーとはどんなものが多いか、など次々と出る質問にも丁寧にお答えいただき、大いに盛り上がった懇談会であった
オーディオ	プレーヤー	インストールすると、ウィザードがインストールされているメディアプレーヤーを見つけだすので、それに従って、それぞれのファイルタイプをどのプレーヤーで開くのかを選択できるようになっています
スポーツ	プレーヤー	そこへプロ野球界で立派な記録を残したいわゆる“名球会プレーヤー”を中心としたOB諸氏から「あれじゃ打てない」「使えない選手を獲ってきたスカウトは誰だ」などと批判を受けた
スポーツ	プレーヤー	この拡張パックでは、最大24人のプレーヤーが同じフィールドで対戦する「乱戦」をはじめ、消費アイテムの合成や服飾のカスタマイズができる「錬成」、スタンプカードシステム「無双盤」など、さまざまな新要素が導入される
音楽	プレーヤー	もちろんそこにさくやのプレーヤー[きのうのオモテの日記をさんしょう]のすがたがあるはずもないのだが(そのかわりよるの「ブロードキャスター」[TBS系]の〈お父さんのためのワイドショー講座〉でせんじつのトッパンホールでのコンサート[同9月26日(水)aをさんしょう]のもようがチラとうつった)——ぼくのめにはさっそうとチェロをひくシュタルケルのおもかげがたしかにおもいうかべられたのだとかいておきたい
スポーツ	プレーヤー	スポーツの分野でもプロテニスプレーヤー岩渕聡選手(2005年、2006年全日本テニス選手権2連覇、2005年ジャパンオープントーナメント日本ペアとして史上初の世界チャンピオン)や、2008年の北京オリンピック日本代表チームのメンタルトレーニングを担当
その他	プレーヤー	米国では、上記でご紹介した4つのプレーヤーがはっきりと役割分担し、それぞれの役割に特化することで企業力をつけていますが、日本においては旧来から「オーナー」と「オペレーター」を兼任する形、つまり土地と建物を持っていて、そこでホテルや旅館を経営するというスタイルが一般的でした
オーディオ	プレーヤー	有機EL自体がまだ創成期ということもあり、携帯電話のサブディスプレイや、MP3プレーヤー用のディスプレイ、カーオーディオ用のディスプレイなどの用途に使われ始めてきたところですが、日本精機の特徴は、それを車に絞っている点であり、私たちは”車載で使える信頼性”や”瞬間的に判読できる見やすさ”を特に追求しています
オーディオ	プレーヤー	そのうちCDの中にメディアプレーヤーのアプリケーションがバンドルされている事に気がつき、これを上書きすれば良いかもしれないと安易に考えて、インストールしてしまった
スポーツ	プレーヤー	ユーティリティプレーヤー(Utility Player)は、スポーツにおいて、いくつものポジションをこなしてチームを助ける万能選手のことを指す
スポーツ	プレーヤー	) とりわけ、平成3年の全英選手権大会女子複では翌年のバルセロナ五輪優勝の鄭素英/黄恵英(韓国)に惜敗したものの接戦を演じるなど、文字通りトッププレーヤーと して高く評価された
スポーツ	プレーヤー	ゴルフが市民生活の一部になっていることを実感出来るし、ゴルフコース、ゴルフ倶楽部、そして地元民のプレーヤー達からは威厳と品位とともに、歴史を感じ取ることが出来る
オーディオ	プレーヤー	5mmステレオミニプラグを接続できるオーディオ機器(MP3プレーヤー、CDプレーヤーなど)、パソコン ※デザインの形状上、音はかなり小さめです
スポーツ	プレーヤー	ポリウレタン製のものはよく延びるため太さの調節もしやすく、糊などは使わずにテープ一枚で固定できることから取替えも手軽であるため、多くのプレーヤーが使用している
スポーツ	プレーヤー	IVYの登場するリーボックのブランドキャンペーンには、ハリウッド最高のセクシースター、スカーレット・ヨハンソンをはじめ、世界的なサッカープレーヤーのティエリー・アンリ、米NBAのアレン・アイバーソン、中国人初のNBA選手である姚明(ヤオ・ミン)も参加する
オーディオ	プレーヤー	ブランケットを借りわすれたままで実は自動空調で温度調節ができなかったとき(マウントアイサ)あとバスの中ですることといえばCDプレーヤーによる音楽鑑賞
オーディオ	プレーヤー	警視庁によると、7月中旬から下旬にかけて、八王子市内の会社員ら4人が、ネットオークションでケーネット電気出品のDVDプレーヤーや洗濯機などを計約34万円で落札
音楽	プレーヤー	スパニッシュ・ハーレム・オーケストラの公演では、今まで気にしていなかったプレーヤーだが、ティンバレスのパブロ“チーノ”ヌニェスが実直なプレーで気持ちのいい音を刻んでいたけれど
音楽	プレーヤー	このアルバムは、サックスプレーヤーのスタン・ゲッツがジョアン・ジルベルトとアントニオ・カルロス・ジョビンを招いて録音したもので、大ヒットして世界中でボサノバ・ブームに火をつけた記念碑的な作品
オーディオ	プレーヤー	シンクロシートを CDプレーヤー、アンプの上に マークが機器に触るように敷いて見てください、音の定位、まとまり等凄く良くなるので皆さんにお奨めしております
その他	プレーヤー	パチンコは、アナログ的な釘の部分を見極めることによって、¥1000あたりスタートチャッカーに入る個数が25個など、ボーダーを越える台を見つけて打ち続ければ、カジノでいうプレーヤーエッジがあるゲームと同じなので、やり続けることによってプラス収支になる
スポーツ	プレーヤー	結論ですが、質問者さんが書いていらっしゃる通り味方のサポートプレーヤーの集まりが良ければボールを確保する確率が高まるため二次、三次攻撃へボールをリサイクルできるキーポイントになります
その他	プレーヤー	なので、そういう意味で、要は環境を保全するというレフェリーと工場を運営するプレーヤーが、結局レフェリーが判断しなければいけないところをプレーヤーが判断しているということですよね、アウトとかセーフを
スポーツ	プレーヤー	もしマテウスが限界だったのなら、プレーヤータイプとしては、(実際に交代した)フィンケではなく(元ドイツ代表でマテウスのパートナーだった)ヘルマーとの交代だったのでは・・
スポーツ	プレーヤー	タックルされたプレーヤーが即座に味方にボールをつなぐことができない場合、ボール争奪のために、双方のプレーヤーによって密集プレー(モールやラック)が形成されます
スポーツ	プレーヤー	名プレーヤーでもあったわけで、なんていっても、野球が確率の組み合わせの勝負である事を照らし合わせた試合運びをしていること、適材適所ということを念頭においた、選手の育て方
オーディオ	プレーヤー	Webアンケートの結果によると、この冬のボーナスで購入したいITデジタル家電トップは薄型テレビ、2位にパソコンとデジタルカメラ、4位は携帯電話・PHS・スマートフォンと携帯型音楽プレーヤーであった
その他	プレーヤー	麻雀やポーカー等のカードゲームのようけでは、各プレーヤーの手牌や手札を他のプレーヤーが見ることができへんし、他のプレーヤーがどへんな状況でその牌やカードを切ったんかを知ることができへんため不完全情報ゲームとなる
スポーツ	プレーヤー	アベレージプレーヤーのアプローチの調整に、初心者のデビュー前の練習に、気軽にゴルフを楽しめるアイアンショートコース”みどりゴルフ場”のホームページです
オーディオ	プレーヤー	で、それこそ20年ぐらい前に買って、現在壊れているソニーの民生バージョン(ESでないもの)CDプレーヤーを実家から回収してきて、修理したのです
スポーツ	プレーヤー	現役プレーヤーであれば、プレーの再規にチャレンジしてみることで、一流プレーヤーの発想法や技術を体感し、自分やチームの新たな課題を発見できることだろう
オーディオ	プレーヤー	バンダイビジュアル、「シャア専用DVDプレーヤー」発火の恐れ −製造委託先の長瀬産業が回収/返金 とか 長瀬、ポータブルDVDや液晶テレビ製品で発火の恐れ −25製品/46万台で返金対応
オーディオ	プレーヤー	」と言うことで、蒲田で、アンプもプレーヤーも同じ構成で、ジンガリを聞いたということもあり、まずは似たサイズのソナスのミニマから聞かせていただくことになりました
音楽	プレーヤー	佐藤さんは、コルトレーンの奏法を熟知して、数々の採譜集や奏法についての出版や記事を上梓して、多くのサックスプレーヤーに影響を与えてきたコルトレーン系の第一人者です
音楽	プレーヤー	勿論、今までもクラシックをベースに、様々なジャンルにチャレンジしながら、多くのプレーヤーと共演して来ましたが、これほどまでに一同が集合するのは、初めての事になるでしょう
その他	プレーヤー	北の通銀の爵のアーケードゲームのハンドルは設計の時十分に普通なプレーヤーのが具体的に習慣を使うことを考慮に入れて、そのためそれぞれの細部の方面ですべてできるだけアーケードゲームの構造設計と手触りをなぞらえ似せます
その他	プレーヤー	私 「過去に何度も何度もblog(以前のYknanao's)で『人に気遣いのできるOTBチェスプレーヤーになってくださいね』といった趣旨のことを書いたんですけどねえ
オーディオ	プレーヤー	一方、ポータブルDVDプレーヤーからCDを鳴らすと、カーナビのCD再生に近い立体感はチャンと出てるのでカーナビとの接続方法が悪い訳では無い感じ
オーディオ	プレーヤー	プロ機器のほうが安くて音質のいいものがうずもれている比率も高いのに対し、民生機はCDプレーヤーひとつにしても、50万くらいからでないと納得のいくものが見つからないのが現状です
スポーツ	プレーヤー	06年度にはトリノ五輪金メダリストの荒川静香さんや プロテニスプレーヤーのロジャー・フェデラー選手、昨年度はフィギュアスケートの安藤美姫選手、 陸上男子ハンマー投げの室伏広治選手らが選ばれた
スポーツ	プレーヤー	■2010スペイン代表ジュニアレプリカジャージ■CLIMACOOL:優れた換気・除湿機能でボディをドライで快適に保ち、プレーヤーのパフォーマンスを最大限に引き出します■脇メッシュ素材使用■左胸にワッペン■素材:ポリエステル100%■カラー:レッド×ゴールド■日本参考サイズ
オーディオ	プレーヤー	レコードプレーヤー アナログプレーヤーで、ベルトやギアを介さずに、ターンテーブルにモーターを直接繋いで駆動する方式(ダイレクトドライブ方式、英:Direct Drive)
オーディオ	プレーヤー	ハードウェア的にはオモシロげな製品が多いものの、一部ファイルに対応していないとか、サイズが大きめだとか、あるいは純粋にマルチメディアプレーヤー的っていうか単なるプレーヤーって感じだったりして、ん〜、サブノートでも、まぁいいか、とか思って物欲沈静状態に
スポーツ	プレーヤー	この役員にすれば、厳正なジャッジのもとで、粛々とゲームを進めるた めに あえて出てきたのでしょうが、これは明らかな越権行為で、ゲー ムに集中しているプレーヤーに水を差す所業です
音楽	プレーヤー	四どめのカーテンコールがおわってかいじょうのはくしゅがよわまったときにぶたいじょうのプレーヤーたちがほとんどみぶりでそのけいぞくをようきゅうしているようですらあったのはおおいにりかいできたがそういえばせんじつほうそうされたおなじN響のコンサート「2001夏」でもドビュッシーの《牧神の午後への前奏曲》のすばらしいえんそうにたいしてカーテンコールがなかったっけ
音楽	プレーヤー	去年2006年12月、再びライブハウスでのセッションを機に、今回ゲスト・プレーヤーとしてFLEURでパーカッションを演奏していただく事になりました♪ありがとうございます
音楽	プレーヤー	歌詞の翻訳から、作詞・作曲者の生い立ちと経歴、楽曲の音楽的考察とエピソード、村尾さん所蔵の数千枚に亘るレコード、CDライブラリーから歌手やプレーヤーの作品の紹介・感想等など面白い資料が満載
その他	プレーヤー	よくあるゲームでは、主人公のゲーム内での目的、例えば国を守るとかさらわれた姫を救うといったものは、 「設定」としてプレーヤーに一方的に押しつけられる
スポーツ	プレーヤー	不惑を過ぎ、新たな活躍の場を求めて、チーム創立以来長年プレマネを務めるファニーズのほかに、今季からシニアチーム(40歳超)でも“若手プレーヤー”として野球人生を謳歌するなど、現役の野球中年を自認する私としては、同世代である彼らの活躍がひと際嬉しくもあり、また励みにもなります
オーディオ	プレーヤー	軽電機には、冷蔵庫・洗濯機・エアコンなど、いわゆる「白物家電」と呼ばれる民生用電気機器と、テレビ・DVDなどの映像機器や携帯音楽プレーヤーなどの音響機器を含む民生用電子機器がある
スポーツ	プレーヤー	オフサイドを発生させたチームのプレーヤーが故意にオフサイドを発生させたとオフィシャルが認めた場合は、オフェンシヴチームのディフェンシヴテリトリーでフェイスオフを行う
オーディオ	プレーヤー	最近PCに向かってもネットで情報を得たり、友人のブログを見たり、動画を見たり、音楽を聞いたりとPCというよりは家電的役割(TVや音楽プレーヤーなど)の方が多い
スポーツ	プレーヤー	サッカーは、私はプレーヤーとしての経験はありませんが、出身の茨城県古河市が、古くからサッカーが盛んだったし、妻は浦和育ちで、高校ではサッカー部員は女生徒の憧れの的だったそうですから、夫婦2人とも子供の頃から好きでした
オーディオ	プレーヤー	「京都フリーウォーク」は、iPodなど携帯オーディオプレーヤーに取り込んだ音声ガイドを聴きながら、古都・京都を中心に巡り、体験する新しいスタイルの観光案内システムです
オーディオ	プレーヤー	パケットビデオ社は、携帯端末向けマルチメディアプレーヤー市場における世界的なリーディングカンパニーで、同社のマルチメディアプレーヤー「CORETM(pvPlayerTM)」は、音楽・動画コンテンツを再生するソフトウェアとして、2003年より90機種以上のドコモのFOMA®端末に搭載されているとのこと
音楽	プレーヤー	メンバーは地元の印刷会社にお勤めの山田さん、各務原キムチの公式ソング「キムチの気持ち」を作曲されたサックスプレーヤーの小島さん、フリー番組制作ディレクターの黒井さんです
スポーツ	プレーヤー	プロテニスプレーヤーとして、JTTオホーツクオープン優勝、レジーナの森オープン優勝や、ATPツアー・ニュージーランフューチャーズ準優勝等の成績を残す等、現在日本を代表するテニスプレーヤーの一人である
オーディオ	プレーヤー	DVDプレーヤー等のオーディオ機器に加え、 パソコンのデジタル/4チャンネル出力サウンドカードや PlayStation2との接続にも対応する ドルビーデジタルデコーダー内蔵 5
オーディオ	プレーヤー	≪仕事中にヘッドホンで音楽を聴く計画≫ですが、二週間、何も買わずに粘っていたら、すっかりその気が失せ、携帯CDプレーヤーも、メモリー・プレーヤーも、内臓ドライブも、何一つ欲しくなくなりました
音楽	プレーヤー	5オクターブの音域やサキソフォーン、フルート、オーボエ、トランペット等楽器によって指使いやピッチベンド、ビブラート、トランスポーズ、オクターブ、ブレス・モジュレーション等を設定でき、プロフェッショナル・プレーヤーがライブパフォーマンスやレコーディングに使用する際にも充実した機能を発揮する
音楽	プレーヤー	聴いただけでは判らないのですが、意外にも基調となるテクスチャを弾く3人のプレーヤーはほぼ重音を弾いているので、基調だけでも実に6重の濃密なハーモニーが動いています
その他	プレーヤー	神戸市営地下鉄はいわずと知れたエクストリーム・女性専用車の会場にほぼ毎日なっているが、当駅はその乗車口周辺に駅員が立っているため、男性プレーヤーが乗り込むのは至難の業
音楽	プレーヤー	セッションプレーヤーとして様々な在阪のアーティストのレコーディング、ステージのサポートとして活躍、(増田俊郎&セプテンバー・ブルー、小坂明子&フル・ムーン、大江千里、もんたよしのり、他)そしてプレーヤーとしてのフィールドを広めるべく、ニューソニックジャズオーケストラなどのビックバンドにも参加し、関西でトッププレーヤーとして活躍
スポーツ	プレーヤー	80年代にカリフォルニアの牧場で誕生以来、 いまやアメリカでは720万人とスノーボード人口を超え、 プロプレーヤーもたくさんいるという話題の新スポーツ“ペイントボール”
その他	プレーヤー	プレーヤー・ピアノはこのサイトの主題であるオルゴールからかなり離れた自動演奏楽器ですので、サイト・オーナーにとってあまり得意な分野ではありません
スポーツ	プレーヤー	フットボール史上最高のスタープレーヤー、四度目のワールドカップ出場も確実な イングランド代表 デイビッド・ベッカム 09〜10 セリエA ACミラン実使用ホームユニフォームです
オーディオ	プレーヤー	MySpace(マイスペース)と言えば、言わずと知れたソーシャル・ネットワーキング・サービスを提供している、世界で10位以内の利用者を誇るサイトを運営している会社でありサービス名ではありますが、携帯音楽プレーヤーを提供する可能性があるという話題の記事を沢山発表されました
スポーツ	プレーヤー	ユニフォームは日本サッカー協会にフィールドプレーヤー、GK各々色の異なった正副2着(4色)を4月の総会時に登録し、試合にはその2種類を携行しなければならない
スポーツ	プレーヤー	この会議には歌手の西田ひかるやテニスプレーヤーの伊達公子などの著名人がメンバーとして参画しており、各人の立場から国民の各層に向けてインパクトのあるメッセージを投げています
スポーツ	プレーヤー	強い奴=偉いはあり得ないから 弱い奴でもまともな意見言う奴いるし、強い奴でも卑怯な奴はいくらでもいるよ すべての人から好かれてるプレーヤーは少ないよ
スポーツ	プレーヤー	もちろんゲームはカードを切って完全な偶然性の上に展開されるので各選手の実績というのも全く偶然のものでしかありえないのだけれど、何回もこの偶然を積み重ねていくと何人かの優秀選手という必然性が生まれ、不思議なことに現実のスタープレーヤーと一致することも多かった
オーディオ	プレーヤー	接続をして機器の電源を入れると、自動的にダビングの画面が表示され、DVの方を一時停止にしてからDVDプレーヤーの録画を選択すれば、自動的にDV再生が始まるってのが便利ってところでしょうか
スポーツ	プレーヤー	ラグビー部はプレーヤー20人、マネージャー5人で、夏はセブンス大会、冬は全日本歯科学生総合体育大会(オールデンタル)での優勝を目指して、週3日ほど、放課後の限られた時間を有効に使って練習しています
スポーツ	プレーヤー	最後は「野球害毒論」という形で「明治時代の野球」は終わりを告げますが、明治11年に初めて日本に伝わった「野球」というスポーツは人々を魅了し、また情熱を傾けた幾多のプレーヤーによって支えられ続けていたようです
オーディオ	プレーヤー	ダウンロードした楽曲ファイルのコピーや移動は制限され、場合によっては一旦EMDプレーヤーの中から削除しなければならないが、ネット上のアカウントには購入済みであるという履歴が残っているため繰り返し何度でもダウンロードすることができる
音楽	プレーヤー	エレクトーンプレーヤーとして定評のあるスーパーキーボーディスト「加曽利康之」がデビュー30周年を迎えるこの夏、満を持して発表するアルバム「Stand by U」の発売記念インストアミニライブ&サイン会開催決定
スポーツ	プレーヤー	因みに、少しでもプレーヤーがいれば、少しでもプレーヤーの一旦はゴルフ中の請求が有り総額はキチンと思いますのレベルはゴルフアクシデントの請求がキャディーは、プレーヤーのキャディーの仕事との可能性がいれば、差し歯3本が負担軽減の治療費を当てて費用負担軽減の責任:弁護士のプレーヤーが割れた
スポーツ	プレーヤー	各所属チームでプレーする海外組を視察した野田朱美団長は「(海外組の選手は)それぞれのチームで重要なポジションを任されており、キープレーヤーとしてプレーしている」
オーディオ	プレーヤー	ちょっと前までは、音楽を楽しむときはCDやMDなどを利用し、外出時にも携帯型CD/MDプレーヤーとお気に入りのCDやMDを持ち歩いて聴くスタイルが主流でした
音楽	プレーヤー	ベテランおよび新進の若手ピアニスト、管楽器プレーヤーを対象とし、演奏活動での楽器のサポート活動を行う、ヤマハ・アーティスト・サービシィズ・インク(略称:YASI)が米国ニューヨークに設立
その他	プレーヤー	X『そうですね、これはあくまでプレーヤーのトークでホストガールと仲良くなった後の話なんですけど、ホストガールにカラオケを歌ってほしいとリクエストすれば、カラオケを特設ステージで歌って踊ってくれるという姿が見られます』
スポーツ	プレーヤー	同業でもある、1823名のテニスプレーヤーが絶賛した「失敗しようがないテニス上達法」で知られる鍵谷コーチと私による対談CDをプレゼントいたします
スポーツ	プレーヤー	テニスプレーヤー、アンドレ・アガシの復活劇には、心理技能のサポートがありましたし、かのマザーテレサでさえ、著名なメンタルコーチを雇っていました
音楽	プレーヤー	遅いせいか、楽器間のつながりもところどころギクシャクしていましたし、輪郭がぼんやりする理由もテンポ感覚の指揮者とプレーヤーとのずれがあるためかもしれません
スポーツ	プレーヤー	ドイツW杯でアズーリを優勝に導いた前任者のリッピは、ファイナルまでの7試合で20人のフィールドプレーヤー全員を使い、疲労の分散とリザーブ選手のモチベーション維持にも成功している
その他	プレーヤー	ゲーム理論は、利害が互いに対立したり、協調することによって利得が増加したりする、プレーヤー同士の相互関係(相互依存関係)を分析の対象としている
その他	プレーヤー	しかし、そうすると今年の初めに東芝が、北米で「HD」プレーヤーを半額で売り出したことは、ブルーレイディスク陣営への反撃ではなく、在庫処分だったのでしょうか
その他	プレーヤー	「プレーヤー同士の対戦が要求される場」では、機体の性能、武器といった総合的なものが勝敗につながっているからですが、「プレーヤー同士の対戦を要求されない場」では、機体の性能よりも、強力な攻撃手段をもつプレイヤー側にあると考えます
その他	プレーヤー	これは「給料のために懸命に働く生活」を表して おり、プレーヤーは、この輪をまわりながら、株や不動産、ビジネスなどに投資を行い、ここから抜けることに挑戦します
その他	プレーヤー	そして、ムービーの埋め込みよりも多く見られるのは、swfファイルをムービープレーヤーとして外部に置かれたムービーを呼び出して再生する方法である
その他	プレーヤー	両社はスタンドアロン型プレーヤーによって市場を拡大する構えだったけれど、これまでのところ、Optoma社とExplay社から製品はまだリリースされていない
スポーツ	プレーヤー	スコールズ、キーンと中盤のキープレーヤー二人を出場停止で欠くマンチェスターは、右サイドにギグス、真ん中にベッカムといういつもと違う布陣で臨むが、これが機能せず(バイエルンが機能させず)、決定機を作れない
スポーツ	プレーヤー	ボルグとマッケンロー、名プレーヤー2人がウィンブルドンで死闘を演じた、ウィンブルドン史上最高のベストマッチと言われている1980年メンズ ファイナル
その他	プレーヤー	21世紀に「グローバルプレーヤー」として生き残れるのは、世界でも10行程度と言われ、この国際競争に参加できる日本の銀行も3行ないし4行と言われていた
オーディオ	プレーヤー	普通のEUROとはまた違った感じでなかなかよかったけど、俺が持っているCDプレーヤーはイヤホンの部分がおかしく、低音が聞こえなくなったりする・・・
その他	プレーヤー	社名のロジスティクスフィールドは、ロジスティクス専門の意味とそれ以上にロジスティクスを行う上での最適な事業環境、プレーヤーが活躍できるフィールドを提供したいという思いから命名した
その他	プレーヤー	「メインとキワモノ」と「プレーヤーとクリエーター」の話が混ざり合ってきてしまって、頭の中のピースがバラバラで組み立てられない状態になってしまいました
その他	プレーヤー	第三者的な視点で消費者の住宅購入を支援するサービスや、工務店などの施工の効率化、価格の透明化を支援するサービスを提供するニュービジネスプレーヤーが多数生まれてきている
その他	プレーヤー	ただのメッセージだとイタズラが横行するのだろうが、実利をともなわせることで「(結果として)プレーヤー間の助け合い意識を高める」ことに成功している
オーディオ	プレーヤー	ほんの数年前までは、部屋かクルマのオーディオでしか楽しめなかったのに、携帯音楽プレーヤーが普及してからと言うもの、いつでもどこでも『石黒ケイ』の(ほぼ)全貌を聴く事が出来るようになったのですから、
その他	プレーヤー	このあらたにとうさいされたシステムにより、プレーヤーはゆうぐんとともに、きょうだいなてきのたいぐんとはげしくぶつかりあうせんとうを、じぶんのいしでせんたくしておこなえるようになる
スポーツ	プレーヤー	世界のトッププレーヤーだって、いつもベストコンディションで試合に臨めるわけじゃないし、ものすごい緊張の中でプレーするんだから、自分の普段の実力を発揮することは、とても難しいんだよ
オーディオ	プレーヤー	例えば鍵盤の動きを感知するセンサーには、サイレントピアノやピアノプレーヤー(自動演奏ピアノ)で実績のある、光学式の非接触センサー(特許)を採用
オーディオ	プレーヤー	CDプレーヤーは、光学的な方式でCDのDISC面に刻まれているデジタル信号を読み出し、音声信号に変換して出力するわけですが、一見、関係なさそうな磁気の影響によって、出力の信号の音質を悪化させています
音楽	プレーヤー	現役ベースプレーヤーの父、YAMAHAでDX 7のソフト制作をしていた元キーボードプレーヤーの母、レコードコレクターでオーディオマニア、機材ギークの祖父という音楽一家に生まれた真鍋氏
オーディオ	プレーヤー	請求項1に記載のシステムによる画像付音楽のデジタルデータを転送し、画像付音楽のデジタルデータを再生可能にすることを特徴とする、ハードディスクタイプの携帯用プレーヤー
スポーツ	プレーヤー	スラッガーを愛用した名選手には過去に、西武・石毛、辻発彦の名プレーヤーとタイガースには現在鳥谷・藤本・関本選手ら計11名の愛用者が活躍し、坂本(巨人)中島(西武)青木(ヤクル
オーディオ	プレーヤー	iPodが週次首位を奪還、新製品で58%のシェア獲得しウォークマンを突き放すアップルの携帯オーディオプレーヤー「iPod」が、3週ぶりにソニーのウォークマンを抜き、1週間の販売台数シェアでトップ
スポーツ	プレーヤー	*ファウルを受けたプレーヤーに2個のフリースローとセンターラインのオフィシャル席の反対側のサイドラインからセンターラインの延長をまたいでフリースローが与えられる
スポーツ	プレーヤー	元プロ卓球プレーヤーで元全日本監督、そして現在福原愛ちゃんが入学する早稲田大学卓球部の監督を務める河原智先生による「おさだ進治を支援する卓球教室」が昨日開催されました
スポーツ	プレーヤー	一般にプロテニスプレーヤーといっても、国内を転戦する選手もいれば、世界を転戦するプレーヤーもおり、議論を一般化することは困難であるので、ここでは、ある日本人選手を参考に考える
スポーツ	プレーヤー	今日はスノーボード予選のほかに、今回アスリートとしてエントリーしていない知的発達障害者とプロスポーツプレーヤーの交流イベントがありました(体験プログラム)
スポーツ	プレーヤー	同アワードは、PGAティーチングプロ会員およびトーナメントプレーヤー会員でA級資格を持った会員を対象として、応募者の中から審査によって優れたレッスンを行う会員を決定して表彰するもので、2008年度から創設された
音楽	プレーヤー	通常、私たちオーケストラのプレーヤーは、ミュージカルのお仕事では、エキストラのプレーヤーとダブルキャストで1ヶ月・・・またはそれ以上の公演をやりくりして出演します
スポーツ	プレーヤー	そして、オランダ人選手にユーティリティプレーヤー、いくつかのポジションをそつなくこなせる選手が多いのは、ユース年代からの指導法はもちろん、こういった3−4−3、あるいは4−3−3のようなフィールド全体をカバーする形のシステムが根付いてるからだと思う
その他	プレーヤー	全サーバーのプレーヤーのレベル分布図から同作の現状を報告した内容で、それによれば大多数はレベル10前後のプレーヤーが占め、MMORPGとしてはまだまだ初期段階にあると分析
オーディオ	プレーヤー	PSP購入しました^^ゲーム目的じゃなくてカーナビ用です(笑)そんなソフトがあるんですよ♪GPSレシーバーつけてね♪方向音痴な私には徒歩でも使えて便利っぽい動画も好きなときに見れるしオーディオプレーヤーにもなるし無線LANついてるからネット繋いでblog読むくらいは出来るしゲームソフトが無くても使えるとこ気に入ってます^^ [続きを読む]
スポーツ	プレーヤー	ですから、チャンスボールの処理に関して、特にそういった場面でのファーストタッチを担うことの多い、巧いプレーヤーほど、「アンダーハンドパスに固執する」傾向があるように思います(菅山選手が目立ちましたが、高橋みゆき選手もよく、ハイセットをアンダーハンドパスで行いますよね・・・)
オーディオ	プレーヤー	我が家では別の意味の想い出もあり、88年にCDプレーヤーを初めて買って、さあ最初はどれを買おうとなって悩んで選んだのがバーズのベストとこのラビン・スプーンフル
スポーツ	プレーヤー	よくなる・ゴルフがうまくなる」をキーワードに、ゴルフ・プレーヤーと しての読者や会員の皆様に、スキルアップいただくためのコンテンツ&コミュニ ティを充実させております
スポーツ	プレーヤー	これは反フーリガンキャンペーンの一環として警察当局が主催してアーヘンで行われた試合だったのですが、どうもひどい野次を飛ばしたファンにプレーヤーがキレ、この観客を引きずり出して殴る蹴るをやったようです
その他	プレーヤー	、生ける伝説だなw 1S1月4週から飽きずにできることが、さw 上の古参連中の実績を見てるとさすがに皆それなりに優秀な成績を上げているよな^^ でも上の中にはこのゲームが開始当初のプレーヤー全体
オーディオ	プレーヤー	フルテックではCDプレーヤー、DVDプレーヤー、HDDレコーダー、チューナー、液晶テレビ、PC等のデジタル機器で電源系の強化により音質、画質のグレードアップを可能にする太径電源ケーブル用2Pメガネタイプ インレットプラグ
スポーツ	プレーヤー	テニスプレーヤーなら一度はプレーしたいと憧れる芝のコートについて、岡山県玉野市で天然芝コート8面を有す、エメラルドローンテニスクラブの種橋理事長にうかがいました
その他	プレーヤー	関西の沢山の湾岸プレーヤーの1人の代表として今書くが腐りきってるとか自分言うてるけどキミがマキシ1時代から今迄やってきた行 動、色々な人達に迷惑かけまくってたこと反省せなあかんよ
オーディオ	プレーヤー	◆1DINサイズならどこのメーカー(パイオニア・カロッツェリア・ケンウッド・アルパイン・クラリオン・アゼスト・パナソニック・ソニー・サンヨー・ビクター・JVC・イクリプス・ナカミチ・・・など)のCDプレーヤー・MDプレーヤー・カセット・ナビ・TV・HDDユニット・DVDプレーヤー・・・などを取り付け・使用できます
オーディオ	プレーヤー	DVD Videoには『リージョンコード』というのがあって、海外のDVDなどは通常国内で販売されているDVDプレーヤーでは再生できない仕組みになっているようです
その他	プレーヤー	多くのプレーヤーを取引に参加させる取引先の"集約"(アグリゲーション)によるメリットと、取引をバーチャルにシンクロナイズする取引プロセスの"統合"(インテグレーション)によるメリットである
オーディオ	プレーヤー	また、ミュージックサーバー機能を搭載し、DLNA準拠のPCや音楽専用プレーヤーを利用すればネットジュークに保存している楽曲を、家じゅうどこでも楽しめます
スポーツ	プレーヤー	それはさておき、個人的にはですね、目的はsayaさんの応援に行ってるんですけど、同組プレーヤーの素晴らしいプレーには必ず拍手を贈るようにしています
スポーツ	プレーヤー	ゴルフ用語(コース上の場所・物;プレーヤー関連;プレー関連);ルール早分かりQ&A(ゴルフ規則はどこで作られているのでしょうか;プロとアマチュアで規則は違うのでしょうか;エチケットの考え方 ほか);2010‐2011ゴルフ規則裁定集改訂の要点(規則1‐3の違反が生じる時点;キャディーによるストロークのコンシード;正規のラウンド中にクラブの部品を組み立てる ほか)
スポーツ	プレーヤー	ゲーリープレヤー設計の、四季折々の山岳を生かした自然なコースはゴルフに親しんだプレーヤーにとっても少々手ごわいコースもあり、野生的な18ホールです
スポーツ	プレーヤー	過去のオリンピックのデータから「1勝利を収めたチームのキープレイヤーは主として多様な技術を備え経験をもったプレーヤーで、平均的な身長を持つ年齢の高いプレーヤーである傾向が見られた
スポーツ	プレーヤー	リメイクと言っても、オリジナル版とは黒人と白人のポジションが逆になっており(コスビーがアレックスでカルプがケリー)、さらに職業も「ボクサーとBNSのエージェント」ではなく「テニス・プレーヤー&トレーナーを装うCIAのスパイ」という設定だったようだ
音楽	プレーヤー	トリオで3人共がマルチ・プレーヤーなので、アフロやイスラムのリズムを持続しながら、いろんな弦楽器や笛や打楽器など得体の知れない自作楽器も交えて、次々と持ち替えながら演奏する
その他	プレーヤー	他の全ての賭けは、プレーヤーの前にチップを置くことによってなされますつののまわりで、各々のプレーヤーは彼らのホールカードを受け取りました、そして、両方のブラインドはにプレーヤーのために最初の賭けをつくることが大きいブラインドのすぐに去られるプレーヤーから始めるという命令で貼られました強制的賭けとして知られる
音楽	プレーヤー	わたしのアカウントを見てお分かりのようにわたしはRLフォンタナ・フィルに関係があります・・・といっても、直接働いているわけではありませんし、プレーヤーでもありません(楽器できないしw)
その他	プレーヤー	仮に、ダイナミックな映像やそれに伴う激しい音響を誇る作品はぜひとも映画館で体感すべきである、というありがちな通念に従えば、派手な戦闘や爆破のシーンが存在しない『2番目のキス』は、各家庭のDVDプレーヤーで再生すれば充分に事は足りるというわけだ
オーディオ	プレーヤー	リージョン1のDVDプレーヤーは注文しちゃいました、届くのが楽しみです、とりあえずスピーカーシステムにも入力の開きがあるし、こうなるとテレビも変えたくなるよね、変えないけど
スポーツ	プレーヤー	前回書いたように小さくてマークコンテストは弱いがスピードのあるプレーヤーにボールを蹴る場合、浮いたボールを蹴ってリードのスピードを落としてしまうよりも速いボールを蹴るほうが有効だ
オーディオ	プレーヤー	Talk と Rock を並べて、電話と音楽プレーヤーを並べたつもりになってるなんて、音楽にまるで興味がないか(「インド=カレー」レベルの「カジュアルな音楽=ロック」という浅はかな認識)、ロックを偏愛してるとしか思えない
音楽	プレーヤー	軽いオープニング曲、あるいはサクソフォンとフリューゲル(あるいはトランペット)のプレーヤーの卓越した技量を見せるフィーチャー・ナンバーに特に適しています
オーディオ	プレーヤー	DVDプレーヤー/ドライブ/メディア等のリージョンコード設定を、当該機器/メディアの通常の利用方法を越えて変更することは、場合によって違法または関係各社からの損害賠償請求の対象となる可能性があります
音楽	プレーヤー	ちょうど店の前でStreetArtPlexの会長(自ら飲食店を複数経営しつつ、ベースのプレーヤーでもある)の方々がジャズの演奏をされていて、少しそれに聞き入っていたら、南さんからまだ時間かかりそうだから「みずあかり」を見に行ったら
オーディオ	プレーヤー	158室のゲストルームには、24時間のバトラーサービス、高速インターネットアクセス、DVDプレーヤー、独立のシャワーと深めのバスタブの付いた贅沢な大理石のバスルームなど、寛ぎをお約束する便利で贅沢なアメニティと最新のテクノロジーを取り揃えています
その他	プレーヤー	任天堂GBA SP/DSをAVプレーヤーに——「プレイやん」を使ってみた 正直GBAだとバックライトがないので動画を見る気にはならないのですが、フロントライトのあるGBASPとかバックライトのあるNDSならOKなんでしょうね
スポーツ	プレーヤー	プロや上級プレーヤーをみると、とても独特なフォームでプレーする姿を目にしますが、あれは長い経験の中で「常に 同じフォームが再現しやすい」事を求めてたどり着いたフォームなのです
スポーツ	プレーヤー	飛距離を大きな武器とする大型プレーヤーで、07年のビュイック・インビテーショナルの第1ラウンドにコースレコードタイとなる11アンダー61をマーク
音楽	プレーヤー	ゲスト・プレーヤーとして演奏された、マリンバ奏者の通崎睦美さんが、「丸太や」の展示ブースをご覧になられて、楽器をモチーフにした着物や帯に、いたく興味を持ってくださいました
スポーツ	プレーヤー	普通右のDFが自陣PA付近でインターセプトして、一旦ボールを預けて他のプレーヤーを追い越して最前線へフリーランニングなんて、普通はそういう発想をしない
スポーツ	プレーヤー	サラゴサのビクトル・ムニョス監督はセラデスをサイドではなく真ん中でプレーさせるつもりの様でセラデスはチームを改善する為に来たとか色んなフォーメーションを可能にするプレーヤーだとか1シーズン前からチームを落ち着かせる為に獲得をしつこくせがんでたとか言ってますが・・という事はバレンシア戦使ってくれるのかしら
音楽	プレーヤー	2001年3月21日コラム「日本のサックスの歴史」 で紹介したように、欧米においては、アドルフ サックス、セルマー、バック氏などのプレーヤーが楽器制作や製造業を興した
音楽	プレーヤー	リアルタイム演奏によるレコーディングでプレーヤーの息使いまで感じられる、神田将のソロ演奏を収録したクラシックアルバム「Romance」「Espressivo」
スポーツ	プレーヤー	さぷり庵はスポーツ選手に必要なサプリメント(プロテイン ウエイトゲイナー MRP アミノ酸 クレアチン ビタミンミネラル等)を元アメリカンフットボールプレーヤーの「さぷり庵」店主が海外・国内サプリメントの中から厳選し、激安特価でご提供中
スポーツ	プレーヤー	主にプロ野球のメジャーリーグのプレーヤーテーピング:レッドソックスTAPINGをはじめ、ニューヨークヤンキースTAPING、アンダーアーマーテーピングメジャー選手用テープ、ヨーロッパのサッカーリーグサッカー選手用テープ、への供給を実現し、プロ選手をサポートしてきました
オーディオ	プレーヤー	金持ちの友達の家で初めて聞いて、モノのコンパクトさ、音の良さ(ノイズの少なさ)に驚き桃の木CDも高かったし、だいだいプレーヤーがめちゃ高かった
その他	プレーヤー	Power(権力);これは従前の政府ばかりでなく、新たなプレーヤーとして多国籍企業や市民社会組織、あるいは地域経済ブロックや資産投資家等々をもあげる
スポーツ	プレーヤー	フィールドプレーヤーの選手の能力に比べると、GKは「う~ん」となってしまう選手が多かったように思います(例えばJ1の選手を100とすると高校生は80くらい、ただGKについては65くらいなのではと感じた)
スポーツ	プレーヤー	四十路越えでサポートプレーヤー扱いからはずれたことで、より多く活躍できたほうだったし、次のシーズンもマスターズリーグでプレーできるかどうかわかりませんが、
その他	プレーヤー	戦場の絆プレーヤーなら知らない人はいないと思いますがこのゲームは同じゲームセンター内の同軍で一緒に出撃した人と「インカム」というヘッドセットを使って会話しながら遊べます
その他	プレーヤー	【0024】したがって、本実施例のシューティングゲーム機を使用して、複数プレーヤーのチーム対抗でゲームを行う場合には、相手が近い距離にいる場合、特に複数プレーヤーいる場合には、第1LED4を発光させることにより、一度で多くのプレーヤーの点数を奪うことができる
スポーツ	プレーヤー	そして、(そんなことはとうに分かっていたことであるが)最早中学校から競技を始めたプレーヤーでは、全国大会で太刀打ちすることなど到底不可能であるということを改めて確認したのであった
スポーツ	プレーヤー	彼は20歳と若いプレーヤーだが、他のサイドバックと比べると、最終局面のプレーの選択に特徴があって、同じクロスを送るにしてもアイディアが豊富で、意外性のあるプレーができる
オーディオ	プレーヤー	携帯デジタルプレーヤーなどは、そのままボタンを押せば音楽が流れてきますが、こういったアナログ機器は、スイッチを入れ、レコードをのせ、回転ボタンを押し、アームをレコード表面にそっと下ろして、やっと音が出ます
スポーツ	プレーヤー	上手い下手に関係なく、年齢に関係なく、フッボールプレーヤー全員がフッボールを満喫できる環境を整えることが先決なのではないでしょうかか(村松尚登)
スポーツ	プレーヤー	世界中のプレーヤーが「祭りは終わった、おめでとう、じゃあ」と言って本来の持ち場に帰って行ったあとに、どうしてこんなに悪い後味を引くのが好きなひとたちがいるのか(韓国の球界とマスコミと人間と、ニホンのマスコミに)と思うと気分悪ス
音楽	プレーヤー	ブラックモアズ・ナイトのキーボード・プレーヤーであるカーマインにとっては、素晴らしいキーボードとはどんなサウンドかをよく理解しているボスがいるわけだ
音楽	プレーヤー	プレーヤーとしても、東京ハープシンフォニーなどに参加され、御前演奏やCDのリリースなど豊富な経験を持つ、今後の日本ハープ界の一翼を担うベテランハーピストです
オーディオ	プレーヤー	以前は音楽は小さなmp3プレーヤーを使っていましたが、細かい早送りが 出来ない機種で、今はタッチパネルで聞きたいところまで飛べる、便利な02を 音声再生でも使っています
オーディオ	プレーヤー	警官・外国人さんが指さしていた、1000円のジャンクDVDプレーヤーには、『ジャンクVDプレーヤー 動作未チェックです けっこう動くかも 一切の保証がありません 注意してください 中身なくてもおこらないで』と書いてあった
オーディオ	プレーヤー	例を挙げますと、お風呂で見れるテレビ、カラオケ兼CDプレーヤー(これはボイス消しという機能がついていて、普通のCDの歌手の音声を消せる機能です
その他	プレーヤー	これまでの多くの競馬ゲームでは、プレーヤーが出走馬にメダルを賭けて、そのオッズでメダル獲得数と勝率を検討する馬券ゲームがメインだったのに対して、STARHORSEは馬をレースに出走させる馬主側として参加する馬主モードを搭載していました
スポーツ	プレーヤー	パターンオフェンスのようにポジションによる動きの固定ではなく、プレーヤーに(ボール保持者のみでなく、ボール保持者以外にも)動きの自由を与えるオフェンスであると思います
その他	プレーヤー	私たちが求めているのは、チームプレーヤーとして業務をこなすことができ、物事をまとめる力とコミュニケーションスキルに長け、目まぐるしく展開する環境の中で最大限に自分の能力を発揮できる人材です
オーディオ	プレーヤー	カバン内にはデジカメ・PHS・携帯オーディオプレーヤーRIO600・手帳(エスフォルタの会員権)・本2冊・100円ショップで買った300円分の商品・健康診断結果表、、、、、うーむデジカメが痛いねえ
スポーツ	プレーヤー	又49年には、長野県初のオールジャパンプレーヤーの誕生、一般男子複の小林洋一・新村均選手、壮年複の山本清一郎・伊藤祐一の以上4選手でありました
オーディオ	プレーヤー	尚本考案をベースとするLP・LGDやSP・LGDには最始録音曲の前に各曲の数値的番号信号とその各曲の再生所要時間信号を記録しておいて、LGDプレーヤーが音楽再生の前にそれら信号を読み取り記憶して、選曲(サーチ)や繰り返し再生(リピート)や任意複数選曲(プログラム)などの入力信号としうるようにすると宜しかろう
