# 福祉: 保護収容施設。老人ホーム, 野球: 野球の本塁。ホームベース, 家庭: 家庭。また、故郷。, 鉄道: 「プラットホーム」の略。
家庭	ホーム	マリブのホームグランドでもある伊豆で一番多くのダイバーがエントリーするこのエリアは、湾内・外海・先端のビーチポイントと2つのボートポイントが点在している
鉄道	ホーム	最近駅ホーム屋根の撤去や私も好きだった駅弁屋さんが事情により撤退しなんだか寂しくなった名寄駅ですが、まだ駅内には売店もありますし、待合室にテレビもあるので結構楽しめます
鉄道	ホーム	甲子園駅のホームに下りたつや否や目の前を関高のKのマークのついた野球帽をかぶって「お宅も、一高ですか・・・」などと話しながら歩く年配の男性2人に遭遇駅を出ると、球場前の高速道路高架下に「一関一高」ののぼりとともに大勢のOBの姿(みんなKの野球帽に紺のVメガホン)、驚き、妙にうれしく、ちょっとだけ恥ずかしく、でも心強く感じました
鉄道	ホーム	駅のホームでは、下に落ちているフンに気付いてふと見上げると2方向に向いている『スピーカー』の間、10cmほどのすきまに渡っているケーブルに1羽が眠っていました
野球	ホーム	しかし、ホームのベースカバーに入った田中は嶋からの返球を受けると、同じく1塁から2塁ベースを回り、3塁を狙おうとしていた福留をアウトにしようと2塁へ送球
その他	ホーム	と入力した場合は、そこがホームと最初は思うのだが、何回かリンクをたどって他のぺージへ移動してみる、また検索で、たまたまホームページではないページからアクセスし入っていくというような場合、特に見分けがつかず混乱するようだ
家庭	ホーム	(最近、習慣化してきてます) 今年はシカゴベアーズがプレイオフ進出とプレイオフをホームでの試合を決め、プロボールにも4名の選手が選出されたので、高校時代以来、20年振りのスーパーボール出場か、という状況に興奮気味です
家庭	ホーム	ホームビデオで何の技巧もなく撮られた映像の向こうにいたのは、取材対象者や被験者という存在ではなく、普段から顔を付き合わせているヌーラやハサンやリハームやムハンマドであって、それ以外ではなかったこと
鉄道	ホーム	りんくうタウン駅−関西空港駅間はJRと南海電鉄が線路を共有している(空港会社による第三種鉄道事業)が、関西空港駅のホームと出改札はそれぞれ独立している
福祉	ホーム	第二部は、老人ホーム施設長、社会福祉士、府中市役所の福祉サービス関係及び介護保険関係の職員の方、リーガルサポート東京支部所属司法書士がパネラーとして参加して、パネルディスカッションが行われた
家庭	ホーム	ノ・ビュンジュンが開始わずか78分に先制し、ホームのサポーターは沈黙に包まれたものの、30分にヴィクトール・カルペンコがボレーシュートを決め、ルイス・フェリペ・スコラーリ監督のチームが同点に追いついた
福祉	ホーム	なお、介護が必要になった場合は、ホームが「特定施設入居者生活介護」の事業者指定を受けていれば、介護サービスに係る費用は、介護保険の適用を受けることができる
鉄道	ホーム	原宿駅皇族ホーム、畝傍駅(天皇陛下関係の駅)にも、金光駅(金光教の本部駅)、天理駅(天理教が清掃活動中)、出雲大社前駅にも蝿は出没しないと思われ(笑
福祉	ホーム	宇都宮東病院、宇都宮第一病院、自治医科大学病院、おちあい歯科医院、宇都宮シルバーホーム、白楽園、高根沢シルバーホーム、さつき荘、平成園、しもつけ荘、栃の実荘、ふたば幼稚園、むつみ愛泉幼稚園、あけぼの幼稚園、にしだ幼稚園、ひまわり保育園、つくし保育園、みどり丘保育園、黒田保育園 他多数
福祉	ホーム	愛生グループは、昭和32年に八千代市吉橋にて老人ホーム八千代荘を開設以来地域福祉への貢献を目標に半世紀に渡り老人福祉事業に携わってまいりました
福祉	ホーム	また黒田さんは、日々の介護の仕事に従事するだけでなく、特別養護老人ホームでの介護に携わってきた経験を学術的に活かすべく活動されており、2007年に浦和大学で開催された第15回日本介護福祉学会全国大会では、自身の研究内容を発表されました
その他	ホーム	メル・ブルックス/珍説世界史PART120世紀フォックス・ホーム・エンターテイメント・ジャパンこのアイテムの詳細を見る ビデオ化もDVD化もされなかった作品
鉄道	ホーム	首都圏などJR東日本の144駅で1日から全面禁煙が始まるのを受け、山梨県内の対象6駅は30日、ホームに啓発ポスターを張るなど準備作業に追われた
家庭	ホーム	家電メーカーはリビングルームだけでなく、家屋の設備機器までをネットワーク化した安全・快適・便利なシステムを提供し続けたが、その多くがホームセキュリティ製品や関連サービスにとどまっており、真の意味でのホームネットワーク・アプライアンスという意味では思ったほど需要喚起に結び付いていない
福祉	ホーム	職場は、ショートステイを含めて 130名定員の特別養護老人ホーム であり、より家庭的で完全個室の ユニットケアにも取り組んでいます そこで、利用者の健康管理等の 看護業務をお願いします
家庭	ホーム	ホームチームは30分過ぎまでこのタイのチームの攻撃に耐えたが、40ヤードのFKからのボールに合わせたパヌポン・ウォンサのゴールでリードを許した
野球	ホーム	9日に知らせを受けた翔太君は、それから毎朝、登校前の約30分、父親の秀雄さん(39)を相手にキャッチボールを練習、実際のマウンドからホームまでの18メートルを投げられるようになりました
福祉	ホーム	高齢者介護施設等(グループホーム、有料老人ホーム、高齢者専用賃貸住宅等が中心)に出向いての訪問診療を行っており、在宅医療に熱意ある先生をお待ちしています
福祉	ホーム	機能別病棟と外来、社会復帰施設 脳と心の総合健康センターの福祉ホーム、地域活動支援センター、デイケア、就労継続支援事業所など、利用者の人達の 医療から退院後の生活を支える支援まで、文字通り総合的に支える体制の整った法人でした
家庭	ホーム	しかし、アウェイゴールも獲得したことで、経験豊富なクウィド監督はこれが完璧な敗戦ではなく、来週のホームでの対戦では元ACL準優勝チームの名に賭けてレベルアップしたパフォーマンスができると約束
福祉	ホーム	「高齢者向けの賃貸住宅・有料老人ホームを主な対象としていることを特徴として打ち出していますが、ホテルや一般の賃貸マンション、商業施設などの受託にも積極的に取り組んでいます
野球	ホーム	それ見て三塁ランナーはホームへ還りよるけどこれは初めから計算に入っとるから放っといたらエエ、岡ちんは二塁ランナー追い出したらすぐに三塁に追い掛けて行くけどこのランナーを三塁で殺してしもたらアカン、何でや言うたらこのランナー殺しても未だツーアウトで一人ランナーが残ってしまうからや
その他	ホーム	久が原タウンホーム、マンション久が原、パークハイム西嶺町、ソアーヴェ田園調布南、久が原台スカイマンション、セザール第2久が原、東急ドエルアルス田園調布南
福祉	ホーム	ホームヘルパー(介護従事者)求人・雇用条件 介護保険がスタートして以来、訪問介護の事業者や、 特別養護老人ホーム、有料老人ホームなどの 高齢者介護施設は増える一方です
福祉	ホーム	厚生労働省の「終末期医療に関する調査等検討会」では、ターミナルケアに対する考え方を、これまでのように末期がん患者だけではなく、「高齢化の進展に伴い、特別養護老人ホームで最期を迎える人が増えている」ことから、前回までの国民、医師、看護職に加えて、介護職員まで広げたかたちで意識調査を行いました
福祉	ホーム	2001年では、「5人の方を生活保護による急迫保護で、老人ホームへの入所が2件と病院への入院が3件ということで、生活保護の適用をやっているにすぎない
福祉	ホーム	『茨城県は9日、介護保険法に定められた職員数の基準を満たさず、虚偽申請で介護保険施設の指定を受けたなどとして、河内町生板の特別養護老人ホーム「千の風・河内」(星哲夫施設長)に対し、10月1日から6カ月間、介護給付金を5割削減し、新規入居者の受け入れを1年間禁止する処分を決めた
福祉	ホーム	6割の事業場で報告書作成や引継ぎ業務を労働時間に含まないなどの割増賃金違反が発覚――東京・新宿労働基準監督署(恩田廣行署長)の特別養護老人ホームに対する監督結果で分かった
福祉	ホーム	1日単位の「食事バランスガイド」と1食単位の「3・1・2弁当法」のつながり(グレイン、エス、ピー発表の2009年版食育カレンダーより)/「共『食』手帳」(群羊社発行)と「3・1・2弁当箱法」を紹介した頁/特別養護老人ホーム「みなみかぜ」施設長 谷口友子さん 20年間、救急センターで看護師を務めた後、在宅ケアマネージャーへ
鉄道	ホーム	あー、早く間近で見たいなぁ・・・(とはいっても、いざ来たら乗降監視でそれどころじゃないだろうなあ・・・)これは一度プライベートにホームで粘ってみないとダメかも・・・
野球	ホーム	送球が来る前から捕手がホームベースをブロックしたり、こうしたランナーの捕手へのタックルは、ホームベース上での野球の醍醐味としてある程度許容されている
その他	ホーム	2月10日のPTA文化講演会について、明日26日発行の中日ホームニュースに「十二単でお姫さま気分 瀬戸市八幡小・文化講演会 6年生が体験」(写真)として紹介されます
野球	ホーム	野球場のマウンドに立てば、ホーム、ファースト、セカンド、サードベースまで簡単に届いてしまう距離で世界の盗塁王であるリッキー・ヘンダーソンや福本豊でさえ、スチールするのは無理だなと実感しました
家庭	ホーム	まぁそんなこんなで千葉ロッテふぁんな2人はロッテ側の外野席の方に行ったのですがナゴヤドームはどうやら外野席でも指定席みたいで、しかもドラゴンズのホームじゃないですか
家庭	ホーム	買い物に行きたくないという思いが頭の中をぐるぐる巡っている時に、ホームベーカリーのレシピ本などで、うどんが載っているのを見たことがあるのを思い出す
野球	ホーム	ルールでは打者の体格とホームベースの大きさによって定義される が、実際にはそれ以外の要素(チームの人気度、監督の威嚇等)で 当事審判によって勝手に変更されるもの
福祉	ホーム	『在宅福祉サービスの体系と介護保険制度について』 1 在宅福祉サービスの体系在宅福祉サービスは、地域社会の中で居宅にて生活する高齢者などの福祉サービスを必要とする人々に対して、市町村の社会福祉協議会、地域の特別養護老人ホームなどの施設や
福祉	ホーム	これは、2000年に国の制度が改正された時点から就労者であることや、あるいは重度の障害者でないことなどの要件が外されまして、日中の生活においてもホームヘルプを利用して身体介護あるいは生活介護を受けることができますので、重度の障害者もグループホームで生活できることになりました
家庭	ホーム	いかにも・・・なゴージャズ結婚式は恥ずかしくて、自分はしたくないとお考えのかたにぴったりな「みんなと食事と会話を楽しむ」がテーマの【ホームパーティー式ウェディング】です
福祉	ホーム	特養(特別養護老人ホーム) 老健(老人保健施設) ケアハウス 特養(特別養護老人ホーム) 入居条件は、原則65歳以上で要介護1〜要介護2の認定が必要です
鉄道	ホーム	東京とうきょう都と新宿あらじゅく区くのJR新しん大久保おおくぼ駅えきで、ホームから転落てんらくした男性だんせいを救けよたすけようとした韓国かんこく人ひと留学生りゅうがくせいの李い秀しゅう賢けん(イスヒョン)さん(当時とうじ26歳さい)と、カメラマンの関根せきね史郎しろうさん(同どう47歳さい)が電車でんしゃにはねられ死亡しぼうした事故じこから7年ねん
家庭	ホーム	ホームゲーム状態だったのに、普通に負けてたね~♪マウンドにチッコイ旗立ててる画像と日本が優勝した時に広げたデカい国旗との合成画像に笑ったよ(笑)誰か持ってない
福祉	ホーム	厚生労働省の指定を受けた有料老人ホーム(特定施設)と一般住宅の立場で運営する高齢者対応住宅(施設)の最大の相違点は、 介護保険の導入が直接的あるいは間接的になされるかどうかということだけにあり、運営の実態には、大差はありません
福祉	ホーム	一人で生きてる老人は東京東部中規模有料ホームに少なくとも4人はいるね 訪やってた時は担当ケースで3分の1は独居だよ 一人で生きてるのがいないと何を根拠にわめくんだえウスラバカ(笑)
家庭	ホーム	新潟アルビレックスBCはホーム・悠久山球場で、石川ミリオンスターズと対戦しました、ちょうど外野席後方の桜が満開と最高のシチュエーションの中、試合も1−0と競り勝ちました
家庭	ホーム	ジャイアンツもフランチャイズ確立前は近畿圏の球場でもホーム扱い(後攻)となる試合が稀にあったが、それが確立されてからは近畿圏でのホームゲームを行う機会は西京極球場でのオープン戦を除き、殆どなかった
家庭	ホーム	今や誰でも持っているポータブルデジタルプレイヤーやミニコンポでもそこそこのサウンドを奏でるものが市場にあふれていますし、ましてやホームオーディオを経験した方の中にはカーステレオは音響環境や条件が劣悪すぎて手のつけようがないとまで考える向きも少なくないようです
鉄道	ホーム	ホームドア、可動式ホーム柵などの導入は進んでいるが、一方で、駅ホームからの飛び降り自殺、酔っぱらいの転落など、駅ホームの危険性は明白であり、駅ホームの安全対策は、単に視覚障害者の転落防止に役立つだけではない
鉄道	ホーム	東京都新宿区のJR山手線新大久保駅で3人が死亡した転落事故を受け、JR東日本は6日、各駅のホーム下に避難場所を確保することを柱とした安全対策を発表した
福祉	ホーム	まず、特別養護老人ホームの整備等につきましては、平成十二年、介護保険が始まりました際には、ゴールドプラン、ゴールドプラン21と称しておりますけれども、五年間の整備計画を立てまして介護基盤の整備を図ってきたところでございます
鉄道	ホーム	移動途中での中継は「新幹線から下車してホームで歌う」「停車時間に合わせてデッキから歌う」というパターンが多かったが、「駅周辺のビルから新幹線の車中で歌う歌手を撮影」という今では考えられないような中継もあった
野球	ホーム	)送球が、日本のプロ野球やイチローのレザービームの様なホームベースへのキャッチャーにストライクに届いたのは、何回も日本の得点場面見ても無かったね
福祉	ホーム	介護保険施設の3施設につきましては、平成12年度開始当初、特別養護老人ホーム3カ所、介護療養型医療施設が1カ所の計4カ所でしたが、現在老人保健施設が平成13年に1カ所開設され5カ所となっており、平成15年度中に老人保健施設が1カ所新設される予定でございます
福祉	ホーム	住宅型有料老人ホームとして、利用者の個人情報に十分留意の上、利用者の意思及ぴ人格を尊重し安らぎと喜びのある日々を過す権利を大切に、家庭的雰囲気の中で安心で楽しい共同生活を提供
福祉	ホーム	有料老人ホームやケアハウスの入所者である要介護者又は要支援者が、その施設において特定施設サービス計画に基づき、入浴・排せつ・食事等の介護、その他の日常生活上の世話、機能訓練及び療養上の世話を利用するサービスです
鉄道	ホーム	動物園前駅まで13分 京セラドーム→JR大阪駅(1番ホーム)より大正駅まで11分 甲子園球場→阪神電車・梅田駅より(特急)で甲子園球場まで12分 大阪城→JR大阪駅(2番ホーム)より大阪城公園まで9分 嵐山(桜・
家庭	ホーム	またホームドクター達も自分たちのところにきた患者さんをどの病院に送ればいいのかまだはっきりわからないようだ(私達はブダペストから西にちょっと外れたところに住んでいるんですけど、これから問題が発生した時にはブダペストを横切って東に行かなければならないらしいです
鉄道	ホーム	地下鉄でリーマンがホームから線路に(; ́Д`)ゲロゲロしてたら列車が入ってきて警笛を鳴らし非常ブレーキ作動しかし間に合わず (; ́Д`)ゲロゲロしてた男性の顎から上が接触、吹っ飛ぶ、
家庭	ホーム	ホーム札幌ドームで、さらに昨年の優勝チームの目の前で、昨年札幌ドームで見せつけられた胴上げを逆に今年は見せつけると言う、本当に昨年の雪辱を晴らす優勝となりました
鉄道	ホーム	戻ろうとしたのはいいが、快速のホームからわざわざ橋を渡って各駅のホームに行き、間違えたと思って、又もとの快速のホームに戻ったりしたが、つまりはどっちだってよかったのだ、半分寝てた
福祉	ホーム	つまり、健常者型のホームとは、食事のサービスが付いた元気な老人向けの賃貸アパート(月額10万円程度)であり、ナーシングホームとは、寝たきりや痴呆など自立度合いが低い老人を受け入れる施設(月額50万円程度)である
福祉	ホーム	「元気な人向けのホーム」と「介護が必要な人のホーム」 元気な方向けのホームも、介護が必要な方のホームも、介護保険の指定を受け介護サービスを提供できるホームは、 どちらも「介護付き有料老人ホーム」と呼ばれます
鉄道	ホーム	ついでに動体視力もすごくよくて、駅のホームから20M近く離れてても、時刻表が判読できるとか、品川なんかで山手線の内側の電車に乗っていて、京浜東北線の下り電車に乗っていた知り合いがはっきり見えた、ってくらい
家庭	ホーム	この住宅は、車椅子で生活できるようにバリアフリーはもちろんのこと、ホームエレベーター・昇降機・手摺り・スロープを設置し、家の中を自由に動き回れるように計画されています
福祉	ホーム	区では、区立特別養護老人ホームが社会経済状況の変化や介護報酬の見直し等によって、介護職員の確保や施設運営が困難になってきている状況を踏まえ、利用者に対するサービスの維持・向上を図るため、平成二十年度から、新たに施設の運営に要する経費の一部を助成することといたしました
鉄道	ホーム	また、高架ホームのさらに高いところ(3階部分)にある公園口通路と大連絡橋の間の改札の内外には1990年代後半に「ディラ上野」(駅ナカ)が完成した
家庭	ホーム	ホームチームはさらに33分、ファハド・アオディがアーテフ・ジェニアトからのパスを受けてペナルティエリア内にボールを持ち込み、アーマド・アル・オミエルにクロスをあげたが、後者のヘディングシュートはゴールの枠をそれた
その他	ホーム	東急ホームはこのほど、健康を軸とした商品開発の第一弾商品「NEW ミルクリーク・グランド」を開発、千葉県流山市の総合住宅展示場「柏住宅展示場」にモデルハウスを開設した
家庭	ホーム	只今甲子園球場で「全国高校野球」が開催されているために阪神はホームゲームを京セラドームで開催していますがスカイマークスタジアムでは開催しないんですか
家庭	ホーム	それだけケアスタッフに満足してくれているということですから」(石幡晃事業部長) 介護保険のホームヘルプと違い、ホームインステッドでは見守りや話し相手など比較的長時間にわたる訪問サービスが中心だ
福祉	ホーム	また、個室化の問題についてでございますが、人権及びプライバシーの保護等の観点から、特別養護老人ホームなど社会福祉施設全般が相部屋から個室化への転換を社会的に求められている現状にあり、第二種社会福祉事業施設につきましても個室化が必要なものと考えております
鉄道	ホーム	で、ホームにてシュミてつどー♪なんてやってたら、ポールのトコに全線時刻表が出てたんですが、見たらこれ、なんとか福井口という2駅先の駅までならイッテコイできるな・・・ということで入場券買ったけど、もうイッチョ往復の乗車券を売ってもらう・・・入場券分もったいなかったねぇ・・・と気にしてくれた窓口のおかーさんの気遣いがたまらなく嬉しい♪
野球	ホーム	・マウンドからホームまでの距離感を踏まえて、ソフトボールでの距離の110km/hの球は、野球での距離で150km/hを見たときと、同じ速さに感じる
福祉	ホーム	時事通信によると19日午後10時55分ごろ、群馬県渋川市北橘町八崎の有料老人ホーム「静養ホームたまゆら」から出火し、木造平屋建て2棟計約370平方メートルを全焼、別の1棟が半焼した
家庭	ホーム	「どうしてアメリカ人なのにそう思うの」「よくぞ言ってくれた」というひとから「毛唐がなんでこんなことしてるんだよ、ヤンキー、ゴー、ホーム」といまいましそうに怒鳴る人
福祉	ホーム	この敬老ホーム、ショートステイも含めて60名の高齢者が生活されていますが、ベッド式の車椅子の方なども含め車椅子を利用の方は40台ほど、それでもほとんどの皆さんが参加され、家族とともに2時間ほど太陽とさわやかな風の中、しばし楽しんでおられました
野球	ホーム	しかしホームベースなどの重要な場所は、さらに質の良い赤土を使う必要があるため、国際野球連盟の協力で、米国のプロ野球機構が北京オリンピックのために30トンの赤土を寄贈した
福祉	ホーム	海外留学の経験もある知人ですが、介護士の経験もあり、 介護付き有料老人ホームなどでマッサージも出来る様になると色々需要があるのではと思っているそうで、マッサージの免許を取得したら、 高齢者施設 神奈川県内の施設など関東近辺にある介護付有料老人ホームを探してみると話していました
福祉	ホーム	ホームの経営母体であるソフィア・インターナショナルの徳田秀子・代表取締役(徳洲会副理事長)は、「先祖代々守ってきた貴重な土地を譲ってくださった地権者の皆さまに、感謝の気持ちでいっぱいです」と挨拶
福祉	ホーム	でも重度の介護を要する独居高齢者が入居できる住宅は皆無ですし、有料老人ホームへ入居するには初期費用の問題もあるようでケアハウス入居者やご家族のみなさんも随分と悩んでおられます
福祉	ホーム	例えば、「特老(特別養護老人ホーム)」は、比較的重度の要介護者が入居していますし、「介護付き有料老人ホーム(特定施設)」は、元気な方、要介護を必要とする方、両方が入居の対象となっている施設も多くあります
福祉	ホーム	高齢者専用賃貸住宅(有料老人ホームと同等のサービスを提供するものに限る)のうち1住戸面積が25m2(共同型は18m2)以上2住戸内に台所、便所、収納、洗面及び浴室を有している3前払家賃を徴収する場合は保全措置が講じられている、以上を全て満たすもので県へ適合高専賃として届出したもの
家庭	ホーム	ホームヘルプサービスの実施主体は市町村であるが、この事業は社会福祉協議会や特別養護老人ホーム・在宅介護サービスのガイドラインを満たす民間事業者などへ委託することができる
その他	ホーム	10時に、家を出て蒲郡のホームセンタへ包装材料を買いに行き、かえりにスーパーへより、動物病院へジョーの餌を買って帰って来たら12時、近くなっていた
鉄道	ホーム	電車通学をしていた二人は駅のホームに降りていたら後ろから、急いで降りてきた人がぶつかり早苗は、危うく階段から落ちそうになったところを、後ろから健が片腕を回し後ろから抱え込むようにして助けてくれたので、落ちることは免れた
鉄道	ホーム	31日午前9時25分ごろ、東京都杉並区の京王井の頭線永福町駅の3番線ホームで、男が電車を待っていた女性に近づき、いきなり腕をつかんで一緒に線路上に飛び降りた
家庭	ホーム	4 ホームヘルプサービス(ホームヘルパー派遣事業)とは、障害を持つ高齢者が可能な限り在宅の生活ができることを目的に、障害のある65歳以上の高齢者及びその家族が利用できa)身体介護サービスb)家事援助サービスc)各種相談や助言を内容としたサービスを提供する
家庭	ホーム	既存の投資企業別に「ホームドクター」を指定し、工場増設、設備追加等、行政請願のみならず、住宅、病院、学校問題のような生活に関する多様な事項も処理いたします
家庭	ホーム	com 国内屈指のインテリアブランドなどと、ライフスタイルネット事務局がコラボレーションし、インテリアやデジタル家電、ホームシアター、住宅、リフォームなどライフスタイルを提案していきます
福祉	ホーム	また、特別養護老人ホーム入所に際しては、要介護度、家族状況などを勘案して入所の優先度合いを判断する必要があり、新規の入所者については、在宅サービスの整備状況を踏まえ、現行の要介護1以上という基準を引き上げて重度の要介護者に限るべきである
福祉	ホーム	さらに、勤労青少年福祉法においては、事業主が雇用する勤労青少年の指導・相談等に当たる勤労青少年福祉推進者の選任に努めることや地方自治体が労働者福祉施設として、勤労青少年ホームの設置に努めるよう規定をしています
家庭	ホーム	これらの意見を裏付ける直接的な証拠はないが、東京ドームのモデルとなったメトロドームでは、元職員がホームチームに有利になるよう強力なファンで強風を送っていたと証言した記事がタブロイド紙に掲載されたことがある
家庭	ホーム	かくなる上は、ホームの楽しさを共有すべく韓国が出てきてくれるか、ポルトガルを避けたいアズーリが駆け引きをして2位通過するかに、賭けるしかないのだが
鉄道	ホーム	その後、仮設置の予定であった駅設備は移設されることもなく、東海道新幹線の建設に合わせて駅を高架化し、現在のように新幹線駅の真下にホームが設けられる構造となった
野球	ホーム	ホームベースとエクステンションマットに落ちたらストライクというルールの為、前回このルールを採用した9月の綱島戦では「一塁へ歩け歩け運動」の提唱者となってしまったが、その後独自に「そこへ落とす方法」を見つけ今回はそれが試される試合、懸念された初回立ち上がりも良く0点に抑える
福祉	ホーム	そして、特別養護老人ホームにも土砂が流れ込んでお年寄りがなくなられ、その施設の管理者の方からは、保険の適用もなくなり働いていた人たちの収入も断たれたという話も聞かせていただきました
鉄道	ホーム	ところで、このビックカメラJR京都駅店は2階と駅ホームを結ぶ改札口も新設されたと本日の朝刊に記載されている(写真付き)が、これは画期的なことなのだろう
福祉	ホーム	特別養護老人ホームとは、老人福祉法の下、65歳以上の要介護高齢者で、身体上又は精神上著しい障害があるために常時介護を必要とし、 かつ居宅において介護を受けることが困難な方が入所する施設をいいます
家庭	ホーム	「ホームチームの各プレヤーが、それぞれの守備位置につき、ビジティングチームの第一打者が、バッタースボックス内に位置したとき、球審はプレイを宣告し、試合が開始される
野球	ホーム	ブルペンもファウルグラウンドにあるが、マウンドとホームベースが2組あるほかは、小さなベンチと屋根がフェンスに設置されただけの非常に簡素なものである
家庭	ホーム	ホームでは 世界を凍らせるような俊輔の見事なFKで先制した後 サハのPKをボルツの見事なセーブで抑え勝利、セルティックは 歴史に残る 初のチャンピオンズリーグ決勝トーナメント行きを マンUより早く決めた
家庭	ホーム	介護保険サービスのご利用は事業者と契約し、ケアプランにそった訪問介護(ホームヘルプ)や訪問看護などの居宅介護サービスを受けながら生活を続けることが可能です
野球	ホーム	朝から夕方まで桜田クラブでのホームベースに復帰→夜は原田家と鈴木貴男夫妻と食事した後鈴木家であっち(奥さん)手作りのデザート(高級杏仁豆腐、高級プリンなど・・まじでおいしい)を食べる→貴男とサッカーゲームをやり常に負けサッカー貯金するといったルーティーン
鉄道	ホーム	列車は折り返し整備のためホームでしばらく待機するわけですが、降り立つや否や乗客の方々はそのまま改札に直行しようとせず、先頭車に群がって記念撮影に勤しんでおられました
鉄道	ホーム	というのも、この駅のホームはドナウ川の真上に位置していて、すりガラスのような網状の窓から外をのぞくと、駅の下に川が流れているのが見えるのです 駅を出ると水の上
野球	ホーム	井端がホームに突入したのは、阪神の外野からホームへの中継準備が上手く出来ていなかったため、それを見た3塁・苫篠コーチがいけると判断したためだった
福祉	ホーム	JUGEMテーマ:ニュース 7月6日(火) 毎日新聞 厚生労働省は、ホームヘルパーや特別養護老人ホームの介護職員らが行うたん吸引などの医療行為について、法的裏付けをきちんとするため関連法を整備する方向で検討に入った
家庭	ホーム	ソフトバンクモバイルは、プロ野球・福岡ソフトバンクホークスのホームゲームにおいて、テレビCMでも人気の犬「白戸家のお父さん」が球場のホークスビジョンに登場する演出を行う
その他	ホーム	なお、特急形車両を使用した普通列車・「ホームライナー」(総武快速線の「ホームライナー千葉」や高崎線の「ホームライナー鴻巣」など)で、車両の一部にグリーン車が連結されているものについては、当該グリーン車を普通車扱いとしている場合は追加料金は不要で、ホームライナーはライナー券の追加のみで乗車できる
家庭	ホーム	我々は、空腹に苦しむホームレスとその子供達だけに限らず、地域の子供会の活動に参加している子供や老人ホームのお年よりそして地域の各種活動団体の人々にも食事を提供している
その他	ホーム	広島県を主要基盤として注文住宅で知られる創建ホーム(本社・広島県竹原市)は顧客ニーズに応え、完全なオーダーメイドにより、「これまで全て同じ家は1件もない」(山本社長)という
家庭	ホーム	現在の北口付近には当時、豊楽園球場が存在し西鉄ライオンズのホームゲームが10試合前後開催されていたが、小倉駅の移転に伴い閉鎖された(新球場として小倉球場が建設)
福祉	ホーム	経済連携協定(EPA)に基づいて来日したインドネシア人の介護士研修生約100人が29日、特別養護老人ホームなど全国約50か所の福祉施設に着任した
家庭	ホーム	たとえば、ホームシアターや子どもの遊戯室、アトリエといった趣味の部屋、書斎と、その使用法はユーザーの個性によって数限りなくあるといっていいでしょう
鉄道	ホーム	首都圏の私鉄はすでに駅構内で全面禁煙を実施中だが、JR東日本も、渋谷駅の山手線ホームなど4駅で喫煙所を撤去するなど段階的な“撤退”を進めている
福祉	ホーム	学生の頃から子供が好きで障害児のボランティアなどにも参加しており、高校では専門学科の為保育園、幼稚園、老人ホーム、病院にて研修した経験もあります
家庭	ホーム	私たちたお歯科クリニックは、地域のホームドクターとして、お子様からご高齢の方まで、お一人おひとりに適切な診療を行い、皆様の前向きな人生のお役に立ちたいと願っております
家庭	ホーム	ホームヘルパーの役割は、高齢者や身体障害者がいる家庭を訪問して、掃除、洗濯、買い物といった家事援助や食事、排泄、着替え、入浴などの身体介護を行う「訪問介護」や、有料老人ホームや特別養護老人ホーム等で同様のケアを行う「施設介護」があります
福祉	ホーム	『2020年の介護サービス利用者が、現在から約250万人増加して約624万人になると試算し、介護施設(特別養護老人ホーム、介護老人保健施設、介護療養型医療施設)の定員も現在の88万床から20年には168万床へと増床する
野球	ホーム	キッカーは、ホームベース後方に待機し、ピッチャーの投球後に蹴る動作に入ることができるが、ホームベースの前面を通過してからボールを蹴らなければならない
鉄道	ホーム	もしこの隠しホームが利用できたとすれば、コンコースは地下1階となり、おそらく河川部のトンネルは橋を仮移設するなどして沈埋工法(南港トンネルなどと同様、底を掘ってトンネル本体を埋める)で造られたかもしれません──
その他	ホーム	家の基盤となる「地盤調査」、アイフルホーム加盟店による徹底した施工品質の「検査体制」、確実な「完成引渡保証」、お住まいの健康状態をチェックする「長期継続点検」、住宅保証の証の「瑕疵保証」、地震に対する安心を「耐震補償」
福祉	ホーム	また今後、高齢者が必要な生活支援サービスを受けながら賃貸住宅に居住することが多くなることから、既存の老人ホームやケアハウスなどの施設と賃貸住宅との垣根もなくなっていくことが予想される
福祉	ホーム	第一段階の有料老人ホームは、敬虔な沈思黙考あるいは集中力のことであり、魂を外部から撤退させて、ただひたすらにキリストの愛に従い、忍耐することである
その他	ホーム	買い手として、独身者や共働きの夫婦のほか、セカンドハウスやSOHO(スモール・オフィス・ホーム・オフィス)などの小規模事務所としての利用も見込まれる
家庭	ホーム	リーグ戦を最初に開催したのがアメリカのベースボールであったため、数チームが何回か対戦し、勝率で順位を決める方法が用いられた一方で、サッカーはホーム&アウェイで同じチームと2試合戦う方法が用いられました
福祉	ホーム	介護を行う家族が休養、病気などで一時的に介護が困難になった場合に、特別養護老人ホーム、有料老人ホームなどで一週間程度預かってもらい、介護の負担を軽くすることを目的にしたもの
福祉	ホーム	この施設の場合は、介護が必要となった場合でも、有料老人ホームが提供する特定施設入所者生活介護を利用しながら、そのまま有料老人ホームの居室で生活を継続することが可能となります
鉄道	ホーム	そのうち彼らも髪を染め、ピアスをして制服を汚く着こなし、平気で駅のホームでたばこを吸い、電車に乗ったら汚れたかばんを床に投げ捨て、自分もその横にどかっと座り、おもむろに携帯を取り出してしゃべりだす
鉄道	ホーム	スタートとなる場所の最寄の駅に着くと、駅員さんがホームでスタート地点までの案内板を持って参加者を誘導、にしては人が少なく思ったよりも移動がスムーズ(先月の青梅では駅から出るのに約20分掛かりました)
野球	ホーム	ホームでのクロスプレーでタッチアウトになったことによって攻撃が終了しているため、仮に第3アウトの発生よりも前に打者走者が三塁に達していたとしてもその分は記載せず、「二塁に到達した事実まで」の記述で問題ないかと思います
家庭	ホーム	あと、上位チーム相手ならとにかく、ホームで2度追いつかれての引き分けにも拘らず、悔しさの欠片も見せずに普通にヘラヘラとした笑顔で挨拶に来る某選手もいい加減にしろと
福祉	ホーム	混合型有料老人ホームうえだみなみ敬老園と認定こども園キッズ・うえだみなみの併設は、日常的に自然な形で高齢者と園児が互いの存在を感じ合えるという距離感が大きな魅力の一つでもあります
鉄道	ホーム	ホームでの乗車口案内のアナウンスと、実際に列車が停車した位置が大きく(おそらく5〜6両分くらい)異なり、放送の指示通りの位置で列車を待っていた人たちが歩いて大移動
家庭	ホーム	ついでに、大分トリニータのホーム「大分スタジアム」が、ネーミングライツにより「九州石油ドーム」になっていた(3月1日)ことに昨日気がつきました
野球	ホーム	打って得点に関わったり、四死球で得点に関わったり、出塁してホームを踏む(得点)で関わったりと、さまざまにチームの得点に対して関わったかという数値としても読み取る事ができます
家庭	ホーム	ホームプロジェクタは、家庭のリビングでDVDなどを鑑賞するのに適するように、データプロジェクトは、オフィスの会議室でパソコンの画面をスクリーンに映し出すのに適するように商品設計がなされています
鉄道	ホーム	3日の竹下通り、というか原宿駅も大変混雑してて、3時ごろ利用しようと駅に行ったら、まず改札にたどり着くまで凄い列になってて、結局改札手前からホームに行くまで10分近くかかった(パスモ使用)
その他	ホーム	ビジター用を着た新人の福田投手は「デザインがだいぶ変わったので驚きました」、ホーム・セカンド(ホリデー)ユニホームを着た辻内投手は「とても軽くて動きやすいと思います」とコメントしました
その他	ホーム	セコムは、これまでも各ハウスメーカーとの提携による新築住宅市場の開拓、また、ホームセキュリティ専門店「セコムショップ」を全国で72店舗を展開して既築住宅市場の開拓を行っていますが、今回の提携により、全国600店の「メイクupショップ」で販売網が一挙に拡大したことで、新たに住宅リフォーム市場の開拓に本格的に取り組んでまいります
鉄道	ホーム	水郡線の常陸鴻巣駅は昭和45年に簡易委託化され、その簡易委託も平成4年8月に受託解除となって以来、長らくの間完全な無人駅となっておりますが、先日列車で通りかかった際に、係員らしき方がホーム出入口で集札しているのを偶然目撃しました
野球	ホーム	いわゆる自打球や、打球がホームベースに当たって跳ね返り自分の体に触れたとき、バントしたボールが体に当たったときなど、体がバッタースボックスから外に出ていなければ、いずれもファウル扱いです
福祉	ホーム	A社は、入居型ケアホーム/介護施設や短期治療用の民間病院での高齢者介護、在宅型ケア機関を通じた在宅介護、退職者向け集合住宅に住む高齢者介護を手がけている
福祉	ホーム	過去27年間にわたり、設立代表者を中心に各テーマの研究や障害者施設及び老人ホームの慰問、総合自然療法の指導、武道による青少年の健全育成を続けてきたが、NPO法が設立したことを知り、法人化した
その他	ホーム	アイフルホーム船橋店:千葉県船橋市に新モデルハウスオープン −新商品「家族の絆と夢を育む家『Newセシボ』」完成− 『紳士服コナカ』を全国287店舗展開する株式会社コナカがリユース事業に参入
その他	ホーム	住宅建材・部材ゾーン、住宅設備・システムゾーン、リフォームゾーン、キッチンパーツゾーン、住宅フランチャイズゾーン、エコロジーゾーンなどがあるジャパンホームショーのホームページです
福祉	ホーム	4地方自治法の改正を受けて委託業務のあり方変更にともない「市民保養所蓼科山荘」「文化会館」「市民プラザ」「知的障害者デイサービスセンター」「特別養護老人ホーム」「ケアハウス」「総合福祉センター」「市営プール」などの設置管理条例の改正、
家庭	ホーム	ドーム野球に備える以前にホームでの試合より他5球団の合計アウェイ試合数のほうが当然多いので、ホームが狭いからといってペナントでは逆に狭い広島市民球場を生かした布陣は不利になるだろう
福祉	ホーム	沿道には 救急指定病院、市健康福祉センター、特別養護老人ホーム等があり福祉ゾーンとして市内外からの利用度が高くなっているうえ、近郊は住宅地としての発展も著しく、小中学生、高校生の通学路や地域住民の生活路線として安全で安心して利用できる県道の整備が待たれていました
家庭	ホーム	あまりなじみのは無い日ばかりですが、ホームビデオはその後、ソニーのベータは完全に負けて、撤退し、さらにその後、ビデオそのものも、今は、ハードデスクかメディアカードやDVDにとって、代わられましたね
福祉	ホーム	大阪府営南長尾住宅新築大阪府立寝屋川高校教室増築京都西京極ひまわり有料老人ホーム新築みやそう病院増築日本シール工業(株)出石工場新築東京福生チャンピオン新築
福祉	ホーム	療養病床が、特別養護老人ホームや老人保健施設、有料老人ホーム、高齢者専用賃貸住宅などに転換する場合の設備基準の緩和など一連の支援策は厚生労働省が三月末までに取りまとめている
家庭	ホーム	4号艇熊谷直樹がリーダーを務めるトーキョーベイパイレーツのホーム平和島競艇で開催中のSG総理大臣杯2日目と同日に迎えた優勝戦は枠なり3vs3の進入から1号艇勝野竜司がクマさんの捲り差しを振り切り、通算33回目の優勝でTSUグランプリファイナルは勝野が勝つの
鉄道	ホーム	この駅は海岸線ぎりぎりまでに迫る山の端の狭いスペースに何とかホームと線路を設けており海側に出口をつくるのに駅舎はもう建てるスペースがないためホームから急な階段を下りてその下に駅舎があるという形態を取っていたがその駅舎も既に撤去されており跡地には小さなトイレがひとつ建設されたのであった
鉄道	ホーム	ホーム重厚で長くその先は跨線橋、を下車の通勤通学客多数なので走りまくっていの一で改札到達、しかし駅員さんまじめに途中下車印押印(ありがたいことですが)、さらにバスのりばは微妙に遠く
福祉	ホーム	千葉市若葉区の区ビジョン「豊かな自然と歴史と文化にはぐくまれたふれあいのまち若葉区」を踏まえて誕生した住宅型の老人ホーム「若葉の丘」は緑溢れる静かな住宅地という絶好のロケーションとアクセスの良さを有しています
家庭	ホーム	しかし、アフザリ監督(写真右)はホームのサポーターたちの期待にこたえ、AFCフットサルクラブ選手権の優勝トロフィーを勝ち取るためにはアル・サッドとの試合でさらにギアをあげる必要があるとした
福祉	ホーム	私自身も仙台市内の特別養護老人ホームにおいて、お年寄りの食事の補助を中心とした介護や障害者自立ホームへのケータリングサービスなど、微力ながらいろいろとお手伝いをさせていただいてまいりました
家庭	ホーム	家族が糖尿で食事に気をつけなくてはならず、ホームベーカリーがあるので、家で糖尿の人にも食べられるカロリー控えめの食パンを焼いてあげたいと思っています
福祉	ホーム	高齢者介護支援センター、介護老人福祉施設(特別養護老人ホーム)、シルバー住宅という、これからの高齢化時代に欠かすことのできない3つの機能が一体化した当福祉拠点は、市の福祉計画と震災復興計画をもとに、神戸市と住都公団による共同事業として、平成10年12月に誕生しました
鉄道	ホーム	特に神奈川県根府川村(現、小田原市の一部)の根府川駅ではその時ちょうど通りかかっていた列車が駅舎・ホームもろとも土石流により海中に転落し、100人以上の死者を出したといわれ、更に村も山崩れにより壊滅したという
家庭	ホーム	「宮城球場」(1950年竣工、2006年改修)は既存の県営球場を改修し、プロ球団のホームグランドにするという突然の要請に応えたリフォームである
福祉	ホーム	併設施設としては、痴呆性高齢者グループホーム「ふるさと」、福祉ホーム(レジデンス「ゆう」、共同住宅「iハウスI・II」、福祉ホーム「宇宙」)、院内保育施設「あんふぁん」、栄養管理室、精神障害者生活支援センター「アントニオ」、老人性痴呆疾患センターが展開されている
鉄道	ホーム	なお、反対側の3番線ホームには21:31発の奥羽本線弘前行き(2両編成)が21時に行った時には停車しておりましたので、私はしばらくの間暖かい車中で待たせていただきました
野球	ホーム	球場に一人残され孤独な闘いを余儀なくされた原監督は突如ホームベース上に立つと、昨日俺寝てないぜ自慢を始め西武を挑発、しまいにはテスト勉強全然してない自慢に至り、これに激昂した西武選手が原監督を的にストラックアウトを開始する
鉄道	ホーム	駅員が、ホームにいた乗客に終電を知らせると、突然殴られたり、けられたりした例や、無理やり自動改札を通る乗客を注意したところ、鼻骨を折られたケースもあった
鉄道	ホーム	やがて列車は鄭州駅に到着し、上海駅から乗車してから未だホームに下りていないので、10分程度の停車時間の間に駅の売り子から紅茶とビールと摘まみのピーナツを買うことにしました
その他	ホーム	ちなみに、ドキュメントホームの画面で「共有者別」として表示される人々は、Googleのアカウントを表したものと直感的には思えるが、下の図のように、Googleアカウントが存在しない「Test3」が表示されており、これはそういうものではないことがわかる
家庭	ホーム	目下めした2位いのジーコ監督かんとく率いるひきいるフェネルバフチェ(トルコ)は、ホームでCSKAモスクワ(ロシア)に勝利しょうりすれば自力じりきでベスト16への切符きっぷを手てにできる
家庭	ホーム	昨日は、FC東京がホームで通算100勝できるよう、石川くんにはがんばってほしいなぁ(前節でああいう顔をみてしまうと)・・・などと願いながら、お茶室の掃除をしていたら、携帯がなり、会社に向かった
野球	ホーム	バッティングホームといい花岡を思い出した 宮本は力んでたね ノースリーからセオリーでは1球 見送る所を強引に打ちにいってたしね これも相手が相手だけに四球で出るよりはホームランを 狙ってたのでは
福祉	ホーム	介護老人福祉施設とは、特別養護老人ホームであり、入浴、排泄、食事等の介護、その他の日常生活上の世話、機能訓練、健康管理、及び、療養上の世話を行うものである
福祉	ホーム	「不適切と思われるケア」の多いサービスは、老人ホームの長期入所、グループホーム、老人ホームの短期入所、老人保健施設の入所、老人保健施設の短期入所、入院に「不適切と思われるケア」が多く見受けられており、実数としては入院に多く認められました
その他	ホーム	稀代の"ホームランキング"を描いた作品は、ジョン・グッドマンがルースを演じ1992年に上映された『夢を生きた男 ザ・ベーブ』と、1948年に製作されたモノクロ作品『ベーブ・ルース物語』である
野球	ホーム	ど真ん中といっても、極端にホームベースから離れて立つウッズには、アウトコースといったほうがいいかもしれないが、完全に打撃のリズムを崩していることが分かるシーンだった
福祉	ホーム	夫妻に子どもはなく、2002年2月、老人ホームに入居するのに先立ち、2001年6月に土地と建物(2億7千万円相当)を、同7月に現金1億円を日赤に寄付した
家庭	ホーム	HDDの低価格化が進んでいるのでPCをホームサーバー的に使うのであれば、シングルチューナしか無い第1弾モデルでは物足りず、複数枚同時利用をサポートしている機種が無いのもコアなPCユーザーには不満でしょう
福祉	ホーム	)であって、当該特別養護老人ホームに入所する要介護者に対し、施設サービス計画に基づいて、入浴、排せつ、食事等の介護その他の日常生活上の世話、機能訓練、健康管理及び療養上の世話を行うことを目的とする施設
野球	ホーム	マウンドはぐちゃぐちゃで、ホームベースは泥だらけで見えず、バッターボックスに立つ打者のくるぶし付近まで水が浮く最悪のグラウンドコンディションの中で、試合は行われた
家庭	ホーム	減築リフォーム、平屋リフォーム、バリアフリーリフォーム、手すり、洗面、お風呂キッチン、ホームエレベーター、段差解消自動昇降機など暮らしに安心の介護総合リフォームも無料でお見積致しますのでお気軽にお問い合せください
福祉	ホーム	1998年にデンマークの生活支援法が廃止されていた(119頁)、有料老人ホーム経営とは「超」長期戦であり、しかもオーナー経営者の方が有利(120頁)、有料老人ホームにはチェーン展開のメリットはないが、スケールメリットはある(126頁)、「民営化」政策と「消費者保護」政策とは車の両輪(126頁)、福祉の民営化は全ての役所にとって権限を拡大できる草苅場となっている(128頁)
その他	ホーム	20:02の高蔵寺ゆき(カボチャ)普通電車を乗り逃し、ああ次はホームライナーかよと20:14の次の普通電車を待っていると、向かい側の東海道線下り線に貨物列車の気配
鉄道	ホーム	もう少し早く、ホームに立っていたら、私は死んでいたのだろうが、こうやって生きているということは、なにものかが、まだ生きておけと助けてくれたような気がした
鉄道	ホーム	地下鉄御堂筋線の梅田駅ですが 地下鉄御堂筋線の梅田駅ですが、なぜ、あんなにホームが広いんですか 開通時からあんなに広いホームだったのですか もし、そうだとすれば、大阪の方って、ほんま凄いですね
鉄道	ホーム	駅のホームで友達とツボにはまるぐらいの大笑いをして、まだまだおかしいのに電車が来てしまい、電車に乗ったはいいものの、どうしてもふいてしまいそうになり、「いやっ、我慢ガマン」と思うものの、「ふっふっ」と
家庭	ホーム	ロンドン近辺でアウェイのユナイテッドを見る機会はしばしばありましたが、ホームでの試合は、ファン・ニステルロイの移籍が決まった直後だから5年くらい前
福祉	ホーム	この攻撃ではNATO発表のウソが次々に発覚した他、住宅街、路線バス、アパート、病院、ホテル、老人ホーム、結核療養所、などが爆撃され、老人や女性、子供、病人も含めて膨大な死者を出した
福祉	ホーム	調査の対象となるのは、特別養護老人ホーム、通所・短期入所介護施設、有料老人ホームなどの福祉・介護事業と、高齢者や障害者等の居宅で介護や日常生活のケアを行う訪問介護事業
家庭	ホーム	「物体の運動」をテーマにした最近の物理の授業では、札幌ドームで行われたプロ野球・日本ハムのホーム開幕戦を取り上げ、西武・松坂投手の150キロの速球とそれを好打した打線を紹介し、速さについて分かりやすく説明した
野球	ホーム	最終コーナーからホームストレート260kmから一気に175kmに減速してピットへ入っていく際に、その入り口がかなりきついシケインとなっている為、ドライバーは脇のガードレールぎりぎりをかなりのスピードで抜けていかねばならないのだそう
家庭	ホーム	ホームでの第1戦を1−1の引き分けで終えたCSKAモスクワは前半26分、トップ下で先発出場した本田が、ネチドとのコンビネーションから左足でシュートを放つも、これはGKパロップにセーブされ、こぼれ球に反応してもう一度シュートを打つがゴールならず
家庭	ホーム	ジム通いやホームヨガにも重宝しちゃう♪ヒザの曲げ伸ばしも突っ張らないから、 立ったりしゃがんだり、ひんぱんに膝を曲げ伸ばしする 介護士やケアマネージャーさんのまとめ買いもしばしばです
福祉	ホーム	2006年度の老人福祉法改正で、有料老人ホームの定義が「1人以上入居し、食事、介護、家事など何らかのサービスを提供していること」に変わり、いわゆる宅老所など民家を活用した小規模施設にも当てはまるようになった
家庭	ホーム	チャンピオンズリーグ予備戦2回戦のホームゲームではAstanaを7−1で撃破し、 3回戦に進んだローゼンボルグの相手は、フィンランドのタンペレ
福祉	ホーム	就職分野/特別養護老人ホーム・介護老人保健施設・デイサービスセンター・グループホーム・ケアハウス・養護老人ホーム・身体障がい者施設・児童養護施設・保育園・知的障がい者施設・知的障がい児施設・重症心身障がい児施設・肢体不自由児施設・救護施設・社会福祉協議会・病院など
家庭	ホーム	■ホームプロの鈴木隆氏は「利用実績・1リフォーム仲介サイトのビジネスモデル」(23日午後2時半)で、優良なリフォーム事業者とお客さまをweb上でマッチングさせる高顧客満足度のビジネスモデルを紹介する
福祉	ホーム	全国の自治体が06~08年度に、特別養護老人ホーム(特養)など介護保険施設の定員を約15万2千人分増やす計画を立てていたのに対し、実際は計画と比べて半分以下の約7万5千人分にとどまったことが、朝日新聞社の集計で分かった
家庭	ホーム	ホーム「シャイニング・フェローズ」の先発は「奥村」投手、ビジター「Monroe」の先発は「いしい」投手と、昨年秋季リーグと同じ状況で初回の攻防を迎える
その他	ホーム	また、去年この舞台でホームスチールを成功させ、話題を独占した”スター”新庄も、ン百万(一説には一千万)のダイヤモンド入りスパイクを用意したものの、故障のため出場機会は限られ、一度の代走と代打のみしか見せ場を持てなかった
家庭	ホーム	その他に外出支援情報や在宅生活支援情報として、世田谷区内の移送サービス・タクシー、福祉車両のあるレンタカー、世田谷区内の非営利有償ホームヘルプ実施団体 (Coming Soon)、世田谷区の介助料制度 (Coming Soon)などの紹介がされています
家庭	ホーム	うつ、統合失調症などの精神障害を経験した当事者が、3級以上のホームヘルパーの資格を取得し、ピア・ヘルパーとしての講習を受けた後、精神障害者などのホームヘルプを行う
鉄道	ホーム	実家の最寄り駅に電車が到着し、下車した我々がホームを出口目指して歩いていると、ちょうどその駅が終着だったので、「この電車はどちらへもまいりません」というアナウンスとともに列車が走り去っていきました
鉄道	ホーム	■ホーム寄りではない路線側に止まった時も、そこで長時間の調整(待ち時間)が生じる時は隣の列車にハシゴをかけ、とにかくホームに降りられるようにしてくれるので悲観的にならないようにする
家庭	ホーム	ホームファンの面白いという反応に、フォックス放送のスポーツキャスター、テッド・ロビンソン氏は、「8歳以後、初めて打席に立ったはずだ」と言って、アジアの指名打者制度について説明した
野球	ホーム	実はホームへのダイレクト返球は内野手の中継を入れた場合と比べて稼げる時間はわずかだし、距離が長いから送球がそれるリスクも大きく、肩を痛める危険もある
鉄道	ホーム	またJR甲子園口駅駅舎はホームの幅がせまく現行のままではエレベーターの設置は難しく、改築には多額の経費を必要とするため、なお時間を要するが、JRも具体的計画案を作成したい意向だとの趣旨でした
福祉	ホーム	本要望書では、特別養護老人ホームの待機者45万人の解消や医療的ケア・重度認知症ケアの問題等に合ったサービス体制の整備が必要としたうえで、介護報酬アップ、介護従事者の処遇改善を求めている
家庭	ホーム	2004年4月1日: 児童ケアセンターおよびホーム・デイ・ケア(デイケアマザー)労働者、および精神ケアセンターの労働者の賃金を5%引き上げる(1カ月850クローネ)
家庭	ホーム	その一方で一般家庭にも、着実にコンピュータネットワークとの接続を意識した情報家電は普及を見せており、将来的にはホームオートメーションが目指した、家電製品を含めた住宅内の環境を一括管理できるシステムの発展も期待され、
福祉	ホーム	受け皿とされている老人保健施設や老人ホームなどでは、人的、設備面でもこうした重度の障害者への医療や急変時の対応が困難であり、介護施設にも受け入れられず行き場を失う医療難民・介護難民が増加することは必至です
福祉	ホーム	ケアワーカーを増員するに当たり、現在運営している特別養護老人ホームのサービスの向上を図ることはもちろん、次のステップとして考えているのが、地域社会の福祉のさらなる充実です
野球	ホーム	1番 西山 レフト前ヒット、来條はホームに突っ込む、タイミングは完全にアウトだったが、うまくタッチを避けてのセーフ、西山はその間に2塁へ、後1点
家庭	ホーム	横浜ベイスターズ戦の中継は大洋(後に横浜大洋)時代は「YOKOHAMAベイサイドナイター」、1993年に横浜ベイスターズとなってからは「ベイスターズナイター」として巨人戦を除く横浜スタジアムや平塚球場での試合を中継している(草薙球場といった地方でのホームゲームの中継は近年なくなった)
家庭	ホーム	予選リーグを突破した16チームはこれからホーム&アウェイのトーナメント方式へと移り、手で持つ部分が耳に似ていることからビックイヤーと呼ばれる栄光のカップを目指して戦いを始める
福祉	ホーム	※上記とは別に当ホームの看護スタッフが、ご入居者または身元引受人等の同意のうえ、協力医療機関又は主治医に対して、ご入居者の健康状況について、月に1回以上情報を提供した場合には、84円/月加算いたします
家庭	ホーム	タンパベイは12日、ホームのトロピカナフィールドで行われた米プロ野球アメリカンリーグチャンピオン決定戦第2戦で、延長11回裏、BJアップトン(写真)のサヨナラ犠牲フライで9—8、1点差の痛快な勝利を獲得した
鉄道	ホーム	土曜日の夜は飲んじゃって、幕張駅のホームに上がったところまでは覚えているのですが、どうやら電車には乗らなかったらしく、気がついたら、メッセの近くのインターネットカフェで朝を迎え、「ここはどこ
福祉	ホーム	ケアホーム、レスパイトを実現させたいのは、親の私だけではなく、家族みんなの願いでいぶきに通っている息子が生涯お世話になれたら・・・安心して預けられる場所ができると思うだけで本当に嬉しく思います
その他	ホーム	今年3月14日(土)・15日(日)に以前のモデルホームで『ガーデニングイベント』を開催した際、『実は、知り合いで家の計画を考えていらっしゃる方がいるんだけど
鉄道	ホーム	私が駅のホームに立って電車を待っていると、まるまるとしてかわいらしい小学3〜5年生くらいの男の子が、大きな声で鼻歌(すでにふつうの歌声レベル)を歌いながらやってきました
福祉	ホーム	淑徳大准教授の結城康博氏はこのほど、日本医学協会が主催した医療問題懇談会で講演し、スウェーデンの介護施設と日本の特別養護老人ホーム(特養)を比較した上で、「単にスウェーデンの良いところをまねるのではなく、日本型の介護システム構築を意識する必要がある」と主張した
家庭	ホーム	本研究はU市のホームヘルプサービス(以下HHSと略す)を週に3回以上利用する在宅痴呆性老人(以下老人と略す)を介護する家族介護者13名を対象に1996年8月末~11月末までの4ヶ月間に及ぶフィールドワークを実施した調査結果の一部である
家庭	ホーム	また、犬山市羽黒稲葉東の不動産情報~ホームふどうさん 犬山店に限らず、全国の賃貸物件・売買物件・不動産会社・不動産鑑定所・貸主売主登録物件・マンション・アパート・戸建・別荘・土地・店舗・事務所・テラスハウス・工場・倉庫・駐車場・ペット可・デザイナーズ・田舎暮らしの不動産情報が検索できます
家庭	ホーム	SOHOと一言で言うが、日本のとくに首都圏での住宅事情を考慮すると物理的な住まいの狭さに起因するホームオフィスの困難さは問題であり、その意味からも近隣にある(駅前立地はとくに好都合)オフィスの需要は高いのではないかと思われる
野球	ホーム	青田は著書(侍たちのプロ野球)で、実際に見たときの沢村は晩年で130キロ程度だったが、本人が全盛期にはホームベースの手前の縁を目がけて投げるとちょうどよくミットに収まったと言っていたと書いている
福祉	ホーム	ビラの内容は、毎回テーマを変え今回は、福祉をテーマとし少子高齢化、保育園特別養護老人ホーム待機者ゼロ、2007年団塊の世代大量退職問題、障害者福祉についてまとめました
家庭	ホーム	プロ野球球団のホームゲームをすべて観戦できる年間シートは今年、大阪近鉄バファローズが全席種で値下げし、阪神タイガースと福岡ダイエーホークスが一部の席を値上げした
福祉	ホーム	しかし、実生活上は、彼ら彼女らがホームの主人公で、利用者なんていう消極的なものではなく、どんなに重い障碍があっても、自らの意思で主体的な暮らしを営む住人と位置づけられるべきだと考える
鉄道	ホーム	ホームにいた駅員のおっちゃんに聞くと、振替輸送をやっている、タクシーでも可と言うので池袋で降りて他の手段で目的地に向かうことにした(後で思ったことだがおっちゃんも適当な回答はしないでほしいものである)
家庭	ホーム	そこには、バットマンやおさるのジョージなどのキャラクターグッズや、ホームパーティー用のナプキンや紙皿や風船や、結婚式用のカード類や引き出物やキャンドルなどなど、本当にものすごい量の『パーティ関連に必要っぽいもの』があります
福祉	ホーム	またデイサービスや医療と連携した介護付き高齢者アパートの設置や介護保険外の高齢者福祉施設として養護老人ホームやケアハウス、生活支援ハウス、さらに、宅老所なども研究して、低年金、無年金など所得の少ない方々も住み慣れた荒川区で最後まで過ごすことができるよう、安全性で多様な入所施設や利用施設の検討を求めます
福祉	ホーム	高齢者専用の住宅のタイプとしては、有料老人ホーム、軽費老人ホーム、養護老人ホーム、特別養護老人ホーム、老人保険施設(介護老人保険施設)、グループホーム、ケアハウス(介護利用型)、高齢者マンション、シニア向け住
鉄道	ホーム	また、これまで島式ホームである野田駅・福島駅・西九条駅・新今宮駅・天王寺駅のみホーム番号が振り当てられていて、相対式ホームにはホーム番号が振り当てられていなかった
その他	ホーム	(有)誠光ホームの周辺地図・電話番号・住所・位置情報・ホテル予約・格安航空券・アパート・マンション・アクセス・周辺の天気・最寄り駅・インターチェンジ・土産をお探しならMAPPLE 地図 「ちず丸」が便利
福祉	ホーム	この署名は、介護保険料の減免制度の拡充や介護利用料の助成制度の新設、特別養護老人ホームの増設、介護保険にかかわる苦情を調整する第3者機関の設置を求めたものです
野球	ホーム	中央広場の位置関係を考える時は「あそこが一塁であそこがホームベース」とか、住んでいる人(かつ子ども)にしかわからない座標軸みたいなものがあった
福祉	ホーム	日本でも、このグループホームの良さが認められ、各地で「宅老所」「託老所」「ケアホーム」「ケアハウス」「デイホーム」「グループホーム」など、さまざまな名称で呼ばれるものが(以下、本稿では、これらを総称して「グループホーム」という)開所され始めた
鉄道	ホーム	ホームにある駅名看板一部の駅で新しく なってるけど、例えば岡場は新開地ホームは新しい看板やけど三田行きホームの看板は古いままやし、田尾寺は片面は新しいけど裏は古いまま
野球	ホーム	ホームベースを基準としたストライクゾーンを変更しないで、バッターボックスの線の位置を今の15センチから、22センチに離すだけで、ストライクゾーンがわかりやすくなると思うんです
福祉	ホーム	養護老人ホーム:とりかい白鷺園、介護老人福祉施設:祥雲館(豊能郡豊能町)、診療所:桃林会診療所、保育園:とりかい保育園・第2とりかい保育園、老人集合住宅:とりかい老人ホーム
福祉	ホーム	有料老人ホームの調査をしている横浜市の消費者団体「横浜コンシューマーズ・クラブ」代表の忠内真須美さんは、「施設の利用者はなかなか本音を言わない
その他	ホーム	ユニバーサルホーム(本社=東京都港区、加藤充社長)は1日、既存商品である地熱・太陽光利用の住宅商品「SOLA・IRO(ソラ・イロ)」のバージョンアップ版を発売した
福祉	ホーム	これまでの老人ホームは、「設備が悪い、汚い、サービスが悪い」というイメージがありましたが、これからの高齢化社会を担う新しいタイプの高齢者マンションとして安心して有意義なシルバーライフを楽しめる居住空間として、ますます需要が増えるものと思われます
福祉	ホーム	しかし、それをやると、ホームの採算が合わないという問題がありますけれども、そういうことについてもキチッと援助して、やれるような整備を国がちゃんとやる
鉄道	ホーム	上記の者は、たつの市神岡町東觜崎507番地1JR姫新線東觜崎駅上りホーム内において平成18年8月31日午後6時29分当駅発のディーゼル機関車に跳ねられ死亡したものです
その他	ホーム	球場の形状(方向)も先週の現地測量で当初の山の方にホーム〜センターへ向かう予定が球場入り口付近をホームにする事に変更したのですが、今日の作業で一つ問題点が浮き上がってきました
家庭	ホーム	3LCDブースでは、最新の3LCD方式プロジェクターを数多く展示したほか、ホーム向けプロジェクターを使ったレンズシフト機能のデモンストレーションでは、来場者が操作してレンズシフト機能を体感する場面もあり、大きな盛り上がりを見せた
家庭	ホーム	※札幌ドーム・宮城球場・西武ドームではホームチームが三塁側、それ以外の球場では一塁側ベンチを使用する(但しホームチーム以外の球団同士の試合開催時にはこの限りにない)
鉄道	ホーム	この騒動の後、ホームを直進し、さらに階段を上って南口改札付近まで行き、不良外国人による山手線ジャックの予告のあった21時過ぎの外回り電車到着までしばらく待機しました
福祉	ホーム	3 厚生大臣又は都道府県知事は、第1項の規定により、養護老人ホーム又は特別養護老人ホームにつき、その事業の廃止を命じ、又は設置の認可を取り消す場合には、あらかじめ、中央社会福祉審議会又は地方社会福祉審議会の意見を聞かなければならない
鉄道	ホーム	大阪駅のホームで列車を待っていたら、いつものボンネット型特急電車ではなく、EF58が客車を牽引して入線してきたので、かなり面食らった覚えがあります
鉄道	ホーム	改札口を通り、ホームに出る階段を下りていくとちょうど列車がホームについた所で、中から一体これだけよくも人間が入ったなと思うくらいの人の塊がドッと吐かれた
鉄道	ホーム	列車からホームに降りると、駅の北側を東西に横切る道路へ出ることになりますが、ホームから道路までの間は、線路のすぐ脇を数メートル歩く必要があるうえ、その通路が遮断機の内側にあります
家庭	ホーム	同地区のジャガーズが9勝3敗と好調なため、先週の勝利ではプレーオフ進出しか決まらなかったが、今週そのライバル、ジャガーズに勝利すると地区優勝どころか、プレーオフをずっと本拠地で戦える“ホームフィールド・アドバンテージ”を手に出来るのである
福祉	ホーム	偕楽園は平成16年に始まった施設で、デイサービスの他に介護保険付き有料老人ホームや訪問介護事業所、居宅介護事業者、法人施設として特別養護老人ホームがある複合施設であり、いろいろなサービスが可能なところであり、できてまだ新しい施設なので働きやすいと思い入社しました
その他	ホーム	希望の地域で、「リースホーム」にお住みになりたい方と、先に入居の見込みがあるかを確認した上で建設に着手したいオーナー様とをお繋ぎするシステムです
家庭	ホーム	一般に在宅オペレーターというと、自宅だけで働く先任者というイメージがあるが、ショップチャンネルは原則として、ホームエージェントをコールセンターとの兼務にしている
野球	ホーム	ツーストライクと追い込まれたあとに、ホームベースをほんのわずかだけ外したような変化球を投げられても、彼はファーストに向って走り出したような体勢のままで、辛うじてボールをひっかけてファールにしてしまう事ができるんだ
鉄道	ホーム	まぁ、現在実家に宿泊中の姉が東京駅のホームに迎えに来てくれると言うので、到着時刻、到着ホーム、何号車に乗っているか等伝えてあったので、大きな心配はしていなかったのですが、姉も小学四年生の息子&ピッカピッカの一年生の娘を持つだけに、「もし子供達だけで旅行させたら
福祉	ホーム	どなたのブログだったか申し訳なくも失念してしまったが、アメリカの老人ホームで暮らす人の話として、何がいやと言って介護の職員達から誰彼の区別なく“グラニー”と呼ばれるのが、一番いや
その他	ホーム	現在ブルースホームの輸入住宅には、南欧風住宅『シャコンヌ』『オールドプロヴァンス』、北米風住宅『ノースカントリー』『オレゴン』、そしてヨーロッパの重厚な邸宅仕様『アート&クラフトDECO』『H&B(アッシュ and べー)』がありますが、そのすべてが「永く快適に暮らせる確かな性能と、愛着のもてる飽きのこないデザインの家」であるために、左図の5つを満たしていることを約束しています
家庭	ホーム	ただし、そのセリフは3割20本塁打以上してからだな、今は広い球場が多いからかなり失点変わって来るだろうに甲子園がホームである以上ある程度守れないと、
家庭	ホーム	ホームゲームでの開幕戦であるという優位を最大限に発揮しつつ、コンスタントなミート打法でアタリを取り戻した打線と、容赦なく襲いかかる相手チビッコ打線を水際で押さえきった救援投手陣の奮戦による、
その他	ホーム	大和ハウス工業、積水化学工業、ミサワホーム、パナホーム、旭化成、スウェーデンハウス、三井ハウス、三洋ホームズ、東急ホーム、松下電工テクノストラクチャー、ロイヤルハウスをはじめ、多くの大手、準大手のハウスメーカー、各地域の工務店、
家庭	ホーム	専門医と開業医(ジェネラル・プラクティショナー)の分離(ホーム・ドクター制度と、ホーム・ドクターの紹介がなければ専門病院にかかれないなど)、開業医への世帯割り当て(1人の開業医に対して600世帯を割当てる制度)など、その他にも在ったのだが、記憶が定かでない
その他	ホーム	この状況で、広島の達川捕手がフォースアウトと勘違いしホームベースを踏み1塁へ送球した間に3塁走者がホームインしてしまいサヨナラ負けしてしまったことがありました
鉄道	ホーム	16日午後4時35分ごろ、岡山市北区のJR岡山駅の山陽新幹線上りホームで、天井からつるしていた乗車口を案内する看板(重さ約2・1キロ)が落ちているのを乗客の男性が発見、駅員に届けた
福祉	ホーム	しかし、国民に必要な介護ヘルパー拡充や従事者の生活安定、介護つき老人ホームを増やすことには使われず、むしろ削減され、反対に厚生労働省の役人が天下る先には予算が増やされた
家庭	ホーム	東京電力、携帯電話から自宅のエアコンなど家電機器の操作ができるホームアメニティサービス「リモコ」を開発、100%子会社の東電不動産と東京建物が神奈川県横浜市で分譲する次世代型オール電化マンション「ブリリア アーブリオ 戸塚」に導入 2007/11/07
鉄道	ホーム	デパートメントストアで思い出したんだけど、梅田というか大阪駅というかあの大きい歩道橋や駅のホームから見える、阪急百貨店のピカピカしたDEPARTMENT STOREの電飾
家庭	ホーム	私と同じ悩みの女性との出会いの数々から、今必要なのは流行の成分が入った化粧品でも、人気のエステでもなんでもない、自分に合うホームケア(スキンケア)なんだ
家庭	ホーム	ホーム・ユナイテッドのディフェンス陣がペナルティエリア内でロベルト・シルヴァのマークにてこずる中、ルーズボールがムボヨ・イヨミの足下に転がり、後者がハーフボレーでのシュートを放った
福祉	ホーム	開設当初は、町(当時)の公衆衛生活動の基地である「南魚沼市農村検診センター」、老人福祉施設の魚沼地域特別養護老人ホーム「八色園」、および地域医療の拠点となっている「南魚沼市立ゆきぐに大和病院」の3施設から成っていましたが、現在はこの他に2つの機関「大和ヘルパーステーション」「南魚沼市訪問看護ステーション」を含めて、5つの施設を総称して「南魚沼医療福祉センター」と呼んでいます
福祉	ホーム	世話人さんは春田ホーム同居、加来野ホームでは隣接する別棟に居住、小戸・第二小戸・横浜ホームでは毎日自宅より通いながら、それぞれ食事の提供、身辺処理、健康状態の確認等をしておられます
家庭	ホーム	ホームドクター(株)は、一級建築士等の専門家によるマンション、一戸建ての内覧会同行・立会いサービスを行っているコンサルタントのプロフェッショナル集団
福祉	ホーム	市内の特別養護老人ホームの実態をみると、施設介護はまだいいとしても、在宅介護など、必要な人に必要なサービスが行き渡らず、「介護の社会化」という理念にほど遠い状況が生まれている
その他	ホーム	日興ホームでは、地震や災害に強い工法(テクノストラクチャー工法・2×4工法など)や防犯に優れた家、また自然素材を使用した健康住宅など、ご家族がいつまでも安心・安全に暮らせる家づくりをご提案してまいります
家庭	ホーム	ホームの北京戦は、双方様子見してるうちに90分終わっちゃった感じで、ありていにいって、かなりつまらない試合だったけど、このアウェイの試合は名古屋にとっては完全に消化試合で、メンバーも準レギュラー以下が主体のチームだったから、アピールのチャンスということでアグレッシブに行ってたみたいだったし、北京もホームだから積極的に仕掛けていて、割と面白い試合になってた感じ
福祉	ホーム	やさしい手で介護ヘルパーの資格を取りに行っていたが後は老人ホームでの実習だけを待つだけだったが・・・その教育課の土屋イヤ結婚したので石津(女性)に貴方は人を呼び捨てにしたので実習が出来ませんだってさぁ
福祉	ホーム	なお、当面の対応として、平成二十一年二月に、特別養護老人ホームにおいて医療的なケアを提供するニーズが高まっている状況に対応するため、看護職員と介護職員の連携によるケアの在り方に関する検討会を立ち上げたところである
福祉	ホーム	特別養護老人ホーム、介護老人保健施設、介護療養型医療施設等の待機者の把握はしていますか、希望しながら入所できない人の相談体制、支援体制はどうですか、答弁を求めます
鉄道	ホーム	JRの発進手順について 5/24午後2時45分ごろ、JR山手線神田駅のホームで、内回り電車が男児(4カ月)の乗ったベビーカーを扉に挟んだまま発進し、男児が頭部挫傷の軽傷、男児を助け出した会社
福祉	ホーム	第7条 福祉事務所長は、法第11条第2項の規定により老人ホーム又は養護受託者にその葬祭を委託するときは、様式第18号の葬祭委託書により、当該老人ホームの長又は養護受託者に対し、委託しなければならない
福祉	ホーム	特別養護老人ホームや老人保健施設での50人、100人単位で介護する方法を改め、小人数に分けて介護しようとする「ユニット・ケア」の試みた広がりつつあります
野球	ホーム	やっぱり長嶋はいいよ、後楽園球場に見に行ったときの長島、広岡の三遊間はほんとに見応えがありました、広岡がバッターの時長嶋がホームスチールした時もはっきり覚えています
鉄道	ホーム	東京都の総合防災訓練に反対しようと、地下鉄ホームに不法に侵入したなどとして、警視庁公安部は3日、建造物侵入と公務執行妨害の現行犯で、過激派の革マル派活動家の男3人、女2人を逮捕した
鉄道	ホーム	横須賀線品川駅15番線ホームのように3線にしたり、京急横浜駅のように上り/下りでホームを分ける改造に比べるとだいぶ地味な工事ですが、効果あるんでしょうかね
家庭	ホーム	関東以東の球団が近畿圏各地でホームゲームを行う機会は1952年にフランチャイズが確立してからは稀で、確立当初、球場難等を理由に西京極、大阪などでいくつかのチームが試合をした事例がある程度だ
家庭	ホーム	ホームの有利・アウェイの不利が考慮され、千秋楽を終えてホームの力士とアウェイの力士が優勝争いのトップで並んだらアウェイの力士が自動的に優勝になったり、番付の審議でもアウェイの力士が優先される
福祉	ホーム	老いた人間は一人で生活出来ない、老人ホームは空が無い、空いてる所は何千万円の保証金を、これから 年齢関係なく もっと恐ろしい犯罪が増えるのではと心配になって来る
鉄道	ホーム	駅構内が広く、駅舎がホームから離れている点や、空き地になったところから、目新しい道路が伸びているところから、もしかすると廃止ローカル線があった跡では無いかと想像しながら、車窓を眺めていました(その後、調べてみたところ、添田線の分岐駅だったそうです)
福祉	ホーム	「福祉の勉強をした仲間のほとんどは老人ホームなどに就職しますが、私は手話の技術を生かしたいという気持ちから、京都にある聴覚障害者のための総合福祉施設に就職しました」
家庭	ホーム	中野のメイド喫茶「ホームめいど」(Youtube)は、これまでに何度か秋葉原でお店の告知チラシ配りをしていて、ハルヒコスプレ&みくるコスプレでやっていたこともあり、16日にもネコミミメイド・エウレカ・らき☆すた「かがみ」コスプレの3人で秋葉原に来ていた
その他	ホーム	1 台のマシンが、クラスタ化される複数のサーバ インスタンスのホストとなる場合、マルチホーム環境を設定して各サーバ インスタンスに別々の IP アドレスを供給する必要があります
福祉	ホーム	宇都宮市平出町の介護老人保健施設「宇都宮シルバーホーム」で、複数の職員が入所者の上半身裸の姿を携帯電話で撮影したり、頭をたたくなどしていた問題で、同市は30日、「極めて不適切な行為が確認された」として、介護保険法に基づき、同施設を運営する医療法人「北斗会」に対し、改善勧告を行った
福祉	ホーム	第四条 養護老人ホームに係る外部サービス利用型指定特定施設入居者生活介護(指定居宅サービス等基準第百九十二条の二に規定する外部サービス利用型指定特定施設入居者生活介護をいう
家庭	ホーム	特に、関東ではプロ野球においては後楽園球場、駒沢球場、川崎球場が使用されていたが、後楽園をホームとするチームが多く、読売ジャイアンツのゲームを19時以後開始のナイターで開き、その前に巨人以外のチームが絡む試合を16時ごろからの薄暮開催とした変則開催が多かった
その他	ホーム	【参加企業】 旭化成ホームズ/スウェーデンハウス/住友林業/セキスイハイム/積水ハウス/大成建設/ダイワハウス/東急ホーム/パナホーム/三井ハウス/三井ホーム/三菱地所ホーム 計12社が出展している展示場です
家庭	ホーム	ダンマン:サウジアラビアのネルソン・ロドリゲス監督は、グループリーグで日本に首位を譲ったが、ホームで行われる大会制覇への野望は少しも衰えていないと繰り返し語った
家庭	ホーム	タンパベイは16日、トロピカナフィールドで開かれた米プロ野球ニューヨーク・ヤンキースとのホームゲームで、先発スコット・カスモ投手の好投に支えられ、5−2で勝利をおさめた
福祉	ホーム	養護老人ホーム、特別養護老人ホーム、ケアハウスといった福祉施設を利用したいかの設問には、合計5ケース(3%)が「すぐ利用したい」という回答であるが、これも必要な情報が必要な人に十分に届けば利用希望が増えると思われる
家庭	ホーム	家族の誕生日やホームパーティーなど、ちょっと特別な日につくりたいおもてなし料理や、本格ピッツァ、ハード系のパンなど、「石焼厨房」ならではのメニューを料理研究家 小田真規子がご紹介
家庭	ホーム	ホームパーティ等でクリスマスを過ごす"おうち派"と、ホテルやレストラン、テーマパークなどでクリスマスを楽しむ"お出かけ派"、どちらも参考になる内容です
福祉	ホーム	4月の放映開始以来、老人ホームなどからCD化の問い合わせが相次いでいるほか、「2ちゃんねる」をはじめとした掲示板に替え歌がアップされたり、ブログで取り上げられたりと、時代劇ファンを中心にじわじわと注目を集め始めている
家庭	ホーム	田島地区福祉センター資料「川崎南部の高齢者福祉を考える」(1997年)から田島地区における福祉サービス内容別の全利用者人数と「在日朝鮮人」人数を順に示すと、市のヘルパーのホームヘルプサービス(家事型)を利用する6名のうち「在日朝鮮人高齢者」は0名であるが、ホームヘルプサービス(介護型)は利用者19名のうち4名であった
福祉	ホーム	なお、高齢になってから、ひとりで生活が不安、ということであれば、有料の老人ホームや、高齢者向けケア付きコンドミニアムで暮らすという選択肢もあります
家庭	ホーム	番組改変期でもない1988年5月にスタートした(前番組「プロゴルファー祈子」が改変期を過ぎた4月21日に終了した)が中盤にはプロ野球・ヤクルト戦の中継(主に神宮球場でのホームゲーム)と特番の乱発の影響で、放送回数が少なかった(最大2週間放送されなかった時期もある
福祉	ホーム	福祉については、特別養護老人ホーム等の施設整備を図るなど介護サービス基盤の充実に取り組むとともに、発達障がい児及びその保護者に対する身近な地域での支援体制を構築してまいります
福祉	ホーム	医科の在宅患者訪問診療料については、11日の基本小委で、複数の患者を診る場合に同一のマンションと有料老人ホームなどの居住系施設とでは点数が異なるため、算定要件の見直しをめぐり議論となっていた
野球	ホーム	天然芝なのもあってノーバンかワンバンでの返球になるから、ホームがアウトになるかセーフになるか関係なくバッターランナーは簡単に二塁まで進むからね
家庭	ホーム	放送時間は、ヴィッセル神戸のホームゲームが行われる日の神戸ウィングスタジアムor神戸ユニバー記念競技場の試合開始30分前から、試合終了5分後までのおよそ140分間です
その他	ホーム	ユニバーサルホームは、子育て世代のご家族をさらに応援するために、この「子育てにやさしい住まい」認定事業に申請し、見事認定をいただくことができました
その他	ホーム	建築のことなら、新築からリフォーム・改築・増築・激安住宅商品まで取 り扱う茨城県筑西市の有限会社 塚田工務店へ (分類:ホーム/暮らし情報/住まい情報)(Change)
野球	ホーム	さらにみずから展開した「野球害毒論」を否定するために、試合前にはホームプレートをはさんで礼をするという儀式を導入し、全国大会で優勝したチームにスタンダード大辞典と50円の図書券、準優勝チームに英和中辞典を贈るなどして、野球の教育的意義を強調しました
鉄道	ホーム	その必要性は認められているところではございますが、この駅舎が昭和53年に開設された当時の建築基準による橋上の駅舎であり、非常に駅舎も狭いということから、ホームからその位置にとりつけるスペースといいますか、その設置する場所等を含めましての場所といいますか、それからまた、その設置に耐えうる構造上の問題解決ということで、かなりの費用がかかるということとなってございます
福祉	ホーム	しかしながら、同ホームを実施するに当たっては、社会福祉法人か医療法人が主体にならないといけないことや、介護者においては経験と専門の知識が求められるなど、人材確保の面からも大きな制約があるのも事実であります
野球	ホーム	それを受け取ると二人でホームスタンド下の通路に向かうが、まだやはりスタンド下は結構な混雑だったため、救急室の前あたりで着替えを始めることにした
鉄道	ホーム	そして、車内から湯河原駅のホームにいるおじいさんの姿を発見するや、私の存在そのものを完全に忘却(リセット)し、嬉しそうに電車から降り、おじいさんの元へ走っていった
その他	ホーム	オークランドホームでは欧米で実績を持つフランス・アルデス社の高度な技術をもとに、日本の気候・風土に合わせた独自のシステムで、戸建て住宅やマンション等に最良の室内空気環境をお届けします
家庭	ホーム	ロッテVS西武は9対1で西武のホームでの胴上げ阻止だよ ロッテ打撃陣は4回に大松2ランなどで7点を取ったけども 6回に大塚のタイムリーで1点を追加して8点になったけど 8回に橋本のソロHRで1点を追加して9点になったけども 9回13安打9点で残塁1
福祉	ホーム	●石川県は4日、小松市安宅町の特別養護老人ホーム「あたかの郷」で、11月下旬から入所者のお年寄りと職員計85人がノロウイルスによる感染性胃腸炎に集団感染し、入所者の80歳代の男性が11月28日に死亡したと発表
鉄道	ホーム	聴覚障害者にとって、主に建築や"まち"に関して、ホームでの電子掲示板など、便利になってきたものもあると思いますが、他にも改良されて便利になったことってなんでしょう
家庭	ホーム	こう伝えている同紙によると、ホーム・神宮球場での試合前には必ずファンにサインをする時間を設けているという高田監督に対して、少年ファンが「高田、やめちまえ」という暴言を吐いたことで、「この声が(高田監督の)戦意を失わせた」という
野球	ホーム	右上のビルの辺りがホームベースで一縷側のスタンドの跡はまだ残ってたと思います 1934年(昭和9年)11月26日にこの『小倉到津球場』で日米野球の第15戦が行われベイブ・ルースがホームランを打ってるんです どの方向へ打ったのかそこまでは判ら
家庭	ホーム	また、ホームドクターをみつけ、3ヶ月に一度は定期的に眼科医で検診をうけるとともに、適切なケア方法(レンズの擦り洗い・ 消毒とともにケース交換など)ご自身のレンズにあったケア剤についてご相談ください
福祉	ホーム	青空教室を通じて意欲を掻き立てられ、シェルターホームでの生活を通じて共同生活のルール、通常の教育を受け常識を学び、最後に本格的な技術訓練を受けて手に職をつけて社会に復帰して行く
福祉	ホーム	ホームのスタッフによる24時間体制の介護の場合は、入居金は0円~2000万円程度、月額費用も15~25万円程度とかなり幅が広く、介護・看護スタッフの数や設備で差が出る
鉄道	ホーム	当駅と次の松戸新田、稔台駅との駅間が恐ろしいほど短く特に松戸新田駅のホームから稔台駅のホームに停車している電車が見える(今も見えます)ほどですが当駅を出発して90度カーブした先が松戸新田駅というわけで駅は見えません
家庭	ホーム	Wリーグ優勝チームは韓国女子バスケットボールリーグ(通称:WKBL)の優勝チームとの日韓Wリーグチャンピオンシップ(ホーム&アウェー)に進出する
鉄道	ホーム	横浜方面に向かう京浜東北線のホームで電車を待っていると まもなく東海道線に電車が入ってくるので急ぐ人は東海道線に乗れっていうアナウンスがあったんです
鉄道	ホーム	・ これらの対策はなかなか難しいが、可能であれば東京駅への分岐を羽田空港側では新橋駅南側とし、新橋駅に別ホームを設け、外堀通りの地下か東海道線の地下を進んで東京駅新幹線ホームの地下に駅舎・ホームを造成する
福祉	ホーム	町内で特別養護老人ホームなどを運営する社会福祉法人「幕別真幸協会」(林照男理事長)と町社会福祉協議会(野原治夫会長、以下社協)は7月からデイサービス利用者の送迎などを利用し、地域の防犯パトロール活動を行う
鉄道	ホーム	山手線ホームの東隣に東急東横線のホームがあり、ホームを設置するスペースがなかったことから、かつて当駅で貨物営業を行っていた貨物ホームの跡地に新設された
野球	ホーム	と叫んでホームプレートへ走り、ほとんどの者が到着したら、ボールをキャッチした者は、頭越しに後方へボールを投げなければならないというルールもありますし、バーニングと呼ばれる奇妙なアウトもあって、ランナーが、ベースにタッチしていないことに気づいたサービングチームのメンバーが、そのベースに走ってイン
家庭	ホーム	西川リビング株式会社と株式会社三宅デザイン事務所が共同開発する、寝具とホームウェアのブランド「mayu+(まゆプラス)」から、これからの寒い季節をあたたかく暮らすための新しい「うちエコ」ホームツールが登場
野球	ホーム	返球がカットまできっちり来なかったケ ースがあったり、カットに入った内野手がクイックでホームに送球し なかったりとか、相手に余計な点や塁を与えたシーンが何度か見られ ました
鉄道	ホーム	午後2時に東京駅を出発して、東海道線で横浜駅まで行き、次に京浜東北線で関内まで乗った・・・つもりであったが、横浜駅の乗換えでホームに上がると、すでに電車が発車間際であり、飛び乗ったのが災いし(笑)乗った電車は、次の桜木町止まりであった(T_T)
その他	ホーム	アイフルホームの家には、契約した住まいの完成、引き渡しを100%保証する「完全引渡保証」が付いていますので、夢を詰め込んだ住まいを安心してつくることができます
鉄道	ホーム	そういえば先日、トワイライトが停車しているとなりのホームで老夫婦が「昔はよく夜行列車で旅したものだねぇ・・・」と話をしているのを思い出しました
鉄道	ホーム	とはいうものの、大きな通りの横など、車の騒音の大きい町中、放送などの騒音がすさまじい駅のホーム、当然走っている列車の中などでは、その良さも半減どころか、四半分になるくらいの感じはあるが、それでも「だから、再生品質がよろしくないプレーヤーでもいっしょ」とは言い切れないくらいの差はある
その他	ホーム	「よりよい家を、より多くの人に、より合理的に」住宅メーカーと工務店のメリットを併せもったアイフルホームは、抜本的に住宅供給システムの全プロセスを見直し、
福祉	ホーム	今まで、特別養護老人ホームなどの公共施設しかなく、老後の生活の場を選べなかったところから、自由に自分の好みに合うホームを選んで入居することができるようになったのです
福祉	ホーム	住宅型有料ホームだが、自宅感覚で在宅サービスを利用しながら住み続けてもらうシステムは、国土交通省が新たなビジネスモデルとして推進する「安心ハウス事業」でもある
その他	ホーム	ミサワホームの鉄骨系賃貸併用住宅『ハイブリッド・ホームプラス』が、(財)店舗システム協会が主催する「ジャパン・ショップ・システム・アワード2010」で優秀賞を受賞した
福祉	ホーム	しかし、既にその「実家」は自分とはなんら関係が無く、両親がいなくなれば畳んでしまうだけのことだ、ついこの間も、ホームへ行くなりなんなりして、さっさと自分たちで処分してくれと言ったばかりだ、と答えました
鉄道	ホーム	今日はまた朝から五反田に用があったので、満員電車にゆられながら行ったのだが、途中横浜駅の東海道線のホームに、真っ青な顔をして倒れている女性がいた
鉄道	ホーム	樫村恵理子さんらクルーの5人が新幹線ホームで、「甘く実った福島のモモはいかがですか」と新幹線の利用者に呼び掛けながら「暁星」の3個入りパックを500円で販売した
福祉	ホーム	由紀と敦子のような女子高生像は、「そんな理由のために病院や老人ホームに行く人間は常識的にありえない」という不謹慎さは感じますが、周囲の人物に対するドロドロした感情は、現実にありそうなリアルさは感じました
その他	ホーム	w 08:11 ホーム画面のアイコン達がなんか、ジャギってるというか、小さい画像を拡大したみたいに見える 08:10 さすがにディスプレイきれいやなぁ〜
福祉	ホーム	系列に特養は勿論、老健や訪問看護、リハビリなどの介護保険事業適用から有料老人ホームまで、これと思った利用者を医師の判断というお墨付きで飲み込んで行く
その他	ホーム	【参加企業】 パナホーム/三菱地所ホーム/住友林業/スウェーデンハウス/積水ハウス/大成建設/旭化成/新日本製鐵グループ レスコハウス/三井ホーム/野村ホーム/城南建設 計11社が出展している展示場です
福祉	ホーム	老人福祉施設は、軽費老人ホーム・老人デイサービスセンター・老人短期入所施設・老人介護支援センター・特別養護老人ホーム・養護老人ホーム・老人福祉センターとされていて、施設によって対象となる高齢者が違っています
鉄道	ホーム	〈「鶴川」駅からバスの場合〉 小田急線「鶴川」駅5番のりばから 「多摩センター」行き・「聖蹟桜ヶ丘」行き・「永山駅」行きバス12分、「湯船」下車 バスの進行方向と逆の「湯船」交差点を右折(坂道を登る)し、左手側がホーム
野球	ホーム	ホームベースの上に、ストライクの高さの支柱が置かれ(もちろん、走者が戻ってくるときには、すばやく移動させられます)、その上に置かれたボールを、自分で持ったバットで打つという感じで、打者の任務を理解します
野球	ホーム	09】(試合中に)監督またはコーチはいかなる場合においても、ホームプレート、ブルペンその他の場所で、投手のウォームアップの相手をしてはならない
鉄道	ホーム	駅舎前のホームに線路が1本、一番上の写真でアジサイの植えられている向かい側ホームの両側に線路が1本ずつ、合計3本あった線路は、今では駅舎前1本だけしか使われていません
家庭	ホーム	また久保主将も「トップリーグの試合が3つも磐田であるので是非、市民の方々にラグビーを知っていただけたらと思います」とホームでの試合を心待ちにする思いをを市長に語った
鉄道	ホーム	」と声をかけられたりして、堀内駅ではしばらくホームから掘内の港や家々の様子を眺め、そのうちに北の方からやってきた三陸リアス鉄道に乗りました(下写真)
その他	ホーム	あと最近ホームコースの月例でAクラスで回って仲良くしているシングルの人たち(その中で優勝するようなレベルの人)の練習が大体週に2~3回程度200~300球、コースに週に1回はでるというリサーチ結果からです
野球	ホーム	よく、ホームベースの手前でワンバウンドするようなフォークボールを空振りするシーンを見るが、落ちの鋭いフォークボールはそのようなワンバウンドするボールでも打者は手を出してくれるのだ
鉄道	ホーム	週刊じゃないほうのプレイボーイ(表紙・忠雄)と、TITLEとを新幹線のホームでまとめ買いし、最終ののぞみ車内でうなぎ弁当をあっためながらのけぞったのが先週の日曜
家庭	ホーム	5倍、ヤンキース選手の本塁打数は、他チームの選手と比べて、25%ほど「かさ上げ」されているとみなしてよいだろう(ちなみに、昨季は、ホームとロードの本塁打量産率に差はなかった)
家庭	ホーム	私達はペットのホームドクターとして、ご家族がより良い生活を送るために、日頃の健康食餌管理から、しつけのご相談、病気の予防と治療まで皆様をサポートさせていただきます
福祉	ホーム	2010/03/05 23:51に 社会福祉法人福寿会特別養護老人ホーム福寿園、医療法人福慈会福西胃腸科外科介護老人保険施設ふくにし、などを追加
福祉	ホーム	高齢者の生活とひとくちでいっても、老人ホームなどの施設を利用されている方、高齢者住宅、自宅などで独居、高齢者夫婦で生活をしている方、家族と同居でも生活時間が合わず独居状態の方など、いろいろな生活があると思います
家庭	ホーム	松坂は23日フェンウェイ・パークで行われた米大リーグ、カンザスシティーとのホーム試合で、5回3分の1イニングを6安打3失点で抑え、チームの11—8の勝利をけん引した
家庭	ホーム	ホームセキュリティは、365日24時間ご自宅やご家族を見守り、いざというときにはガードマンが駆けつけますので、長期不在時だけでなく、日常のお出かけや在宅時も安心ですね
福祉	ホーム	「身体障害者福祉ホームの設備及び運営について」(昭和60年1月22日付け社更第5号)別紙(身体障害者福祉ホーム設置運営要綱)9に規定する利用者の生活及び自立に関する相談、助言その他必要な援助を行う職員として相談援助業務に従事した期間を含む
福祉	ホーム	住宅型有料老人ホーム「ブリスイン野田」では看護師の365日夜勤体制(平成20年7月1日現在 常勤換算5名 夜勤看護師1名)で夜間も安心して過ごせます
その他	ホーム	ホームコース西コースのPAR4は、2打目が池越え、ティーショットを1Wで打つとその池に入る可能性があるとかドッグレッグで突き抜ける等の理由から、ドライバーを使うのは1番(460Y PAR4)、あとはPAR5くらい
家庭	ホーム	監督のスティーブ・マクラーレンへの批判の声も、「(ホームで0−0に終わった)昨年10月のマケドニア戦直後に解雇されているべきだった」というものから、「そもそも代表監督に選ばれるべきではなかった」とするものまで、「それ見たことか」といったトーンで統一されている
鉄道	ホーム	かおるはお父さんにほんとうに会えるのかどうか心配でドキドキしてしまうのですが・・・終点の駅に着いた時、向かい側のホームに止まっている電車の中にお父さんを見つけた時涙がすーと頬をおちました
その他	ホーム	しかしその中でも、ホーム頁は個人が他の媒体に比べて圧倒的に手軽に広く素速く情報を発信しやすく、かつ受け取りやすい媒体であり、それだけに情報量も非常に豊富です
鉄道	ホーム	下関と言えば漁業の町、高架駅のホームでうどんをすすりながら下を見ると漁港、漁船、魚市場が見えます、鮮魚特急「とびうお、ぎんりん」も実質の始発は下関でした
鉄道	ホーム	更に愛知環状鉄道から来た車両が、在来の車両より大型で、プラットホームと車体が干渉するのか、ホームを削り取ったあとがあり、以前にも増してホームが狭くなっているようです
鉄道	ホーム	ホームで電車を待っていて、線路までの高さがとても低いことにビックリし、レールの間にあるリアクションプレートに感動し、やってきた車両の小ささにビックリする
福祉	ホーム	□グループホーム利用者のヘルパー利用にかかる経費は、報酬の中に組み込まれたというが、 ホームの報酬の1日単価とヘルパーの1時間単価がほぼ同じでは、ホームの報酬から委託費 用は出せない
鉄道	ホーム	高齢者が公共交通を利用する機会が増えると予想されるため、同一ホームでの乗り換え、余裕のある乗り継ぎダイヤ、駅内のバリアフリー化、バス・私鉄各社・JRとの共通ICカード乗車券など、高齢者にとって使いやすいサービスの試みが始まっています
家庭	ホーム	古平郡古平町の外科内科には、病気の治療以外にも、検診、予防接種などを行うところがあり、家庭医(ホームドクター)としての役割を担う外科内科もあります
家庭	ホーム	前半は城福東京がどう戦ってきたかを、ホワイトボード上で選手に見立てたマグネットを実際に動かしてよっちさんが戦術を解説し、後半はホーム対名古屋戦の映像を使って得点に到るまでのポイントを青赤ノートさんが解説した
その他	ホーム	その間に自宅があり波乗りのホームポイントもあり、更に遡れば高校も平塚で、結局海沿いと共に生活していく道を自然と選択している自分に嬉しく思います
福祉	ホーム	2 この規則の施行の日の前日までに、徳山市老人福祉法施行細則(昭和62年徳山市規則第15号)、新南陽市老人ホーム入所措置等に関する規則(昭和62年新南陽市規則第22号)、老人福祉法施行細則(平成5年熊毛町規則第15号)又は鹿野町老人福祉法施行細則(平成5年鹿野町細則第2号)の規定に基づいてなされた処分、手続その他の行為は、それぞれこの規則の相当規定に基づいてなされた処分、手続その他の行為とみなす
鉄道	ホーム	確かに本線と分断され上野方面への直通は走らなくなるし、押上・浅草線・京急方面へも同じホームでの乗換はできなくなるのですが、一方本線の市川・船橋・千葉・八千代方面から見ると乗換の手間が軽減されるのがメリットとなるので果してそう言った面でプラスに働くのかマイナスに働くのか注目したい所です
福祉	ホーム	株式会社イトクロ(本社:東京都港区、代表取締役:黒岩 剛史、山木 学)は、2月3日、入居希望者と介護施設をつなぐ優良老人ホーム紹介センター『介護ホーム』(http://www
鉄道	ホーム	主要駅には、ホーム上にキヨスク、駅弁屋、そば屋が充実している東海道線や、在来線にも数多くの優等列車が残っている北陸線などは、きわめて食糧事情に恵まれた路線とお考えください
家庭	ホーム	これまでは、マリンの風を生かしきれないピッチングですが、ホームである以上ここで良いピッチングができるように、そして風と上手く付き合えるようにならないといけません
福祉	ホーム	●介護保険制度は、個人の自立した日常生活を支援するため、質の高いサービスを提供するものであり、 「生活の場」である特別養護老人ホームにおいては、これまでの集団処遇型のケアから個人の自立を尊重 したケアの転機がもとめられている
野球	ホーム	ホームスチールを試みた走者に対し、投手が本塁へ送球し、捕手の触球によって走者はアウト⇒投手が投げたボールが打者への投球ならば補殺は記録されないが、投手が走者をアウトにするために投手板を外して本塁へ投げた送球であれば、投手に補殺を記録する
鉄道	ホーム	店員が駅のホームで車販で使われるバナナ饅頭と私のために用意した『十勝牛ワイン漬ステーキ弁当』を手に持っていたので、店員に声をかけて弁当を手に入れました
家庭	ホーム	6回も2つのホームでのクロスプレーがマリーンズに良い方向に転がってくれましたのでビッグイニングに繋がりましたが、ともすれば暴走2つで本塁憤死の場面
福祉	ホーム	メデカジャパン(同、埼玉県)やセントケア・ホールディング(同、東京)、ベネッセコーポレーションの完全子会社で有料老人ホーム最大手のベネッセスタイルケア(東京)なども前向きな姿勢を示している
その他	ホーム	私たちヨシダホームでは、安価なものを集めての家づくりではなく、品質のパナソニック商品で統一した、安心で安全そしてリーズナブルな価格の家を皆様にご用意させて頂いております
家庭	ホーム	ホーム球場での初先発を応援しようと、純雄さんと松崎投手の弟で東北福祉大野球部の捕手として活躍する潤平さん(二〇)らがバックネット裏から、充枝さんは三塁側の内野スタンドから声援を送った
鉄道	ホーム	列車が完全にホームから出ていってしまったあとでシンジは、自分がまんまとレイにはめられて、この駅のホームに一人取り残されてしまっていることに気がついた
鉄道	ホーム	昨日駅のホームで浴衣姿の20代前半の女の子が電車の中で、中年夫婦にぶつかって謝らなかったのを因縁つけられ、わざとやったんじゃないかと濡衣着せられ中年夫婦に脇腹を膝でこずかれたり暴行されてたよw浴衣娘は泣きながらもいやらしい声出してて興奮した
家庭	ホーム	●ディミトリー・パネオトポロス(Dimitri Panayotopoulos、55歳)、現グループ・プレジデント−グローバル ファブリックケア)がブルース・L・バーンズ(取締役会副会長−P&Gハウスホールドケア)の後任としてバイス・チェア−グローバル・ハウスホールドケアに就任し、ファブリックケア、ホームケア、ファミリーケア、ベビーケア、デュラセルを統括し、引き続きシンシナティで勤務する
その他	ホーム	光洋一級建築士事務所、徳島、香川、兵庫、岡山、愛媛、高知、四国、納得の住まいづくり、新築、住宅、工事費、価格、適正、高性能住宅、長期優良住宅、見積り、ローコスト住宅、タマホーム、ハウスメーカー、工務店、経費、利益
福祉	ホーム	有料老人ホーム入居者基金制度は、入居者保護のために、「入居者の終身利用権に係る金銭保証事業」を主たる事業目的として、全国有料老人ホーム協会に設けられているものです
鉄道	ホーム	その後、新幹線ホーム建設のために19・20番線が使用中止(後に廃止)となったほか、18番線は長野新幹線の開業後、信越方面への特急「あさま」・「白山」が廃止されたため不要となり廃止(そのまま欠番とされた)された
福祉	ホーム	この時点での日本の高齢者介護施設には、身体上もしくは精神上著しく欠陥があるために常時の介護を必要とする特別養護老人ホーム(特養)のほかに、主に経済的理由で高齢者を収容している養護老人ホーム、軽費老人ホームおよび有料老人ホームを含んでいるが、特養が全体の2/3を占めている
福祉	ホーム	なお、未届有料老人ホームに譲当する1施設についでは、今回の点検の結果、5月20日に東村山市内に移転予定で小平市内での事業は絡了することが判明している
福祉	ホーム	老齢人口の増加に伴い、宮野浦地区においても、常時の介護を必要とする寝たきり老人が増加しているが、これら老人を収容する施設が不足し、地域住民からも早急な施設の設置が強く望まれていたが、本事業により、特別養護老人ホームを建築したことは、これら恵まれない老人を収容して健康回復と老後の安定を図り、もって老人福祉の増進に資するところ大なるものがある
家庭	ホーム	ホームでのクロスプレーや、体育館2階に直撃する大ホームランも飛び出すなど、児童らが汗びっしょりになりながら一生懸命ボールを追いかけ、バットを振り、走る姿が感動しました
家庭	ホーム	フリースケールは、今後もNEC社と協力し、新しいデジタル・ライフスタイルを可能にする次世代のホーム・メディア・サーバ・プラットフォームやパソコンへ技術を提供できればと思います
福祉	ホーム	2003年1月24日金曜日午前6時17分、義父は老人ホームのショートステイ、義母は大学病院の治療室、母は静岡県清水市の自宅、妻は童謡詩人金子みすゞの生まれ故郷、そして僕は義父母の住まいで留守番
野球	ホーム	これは、ポー(paw)は手を、サウス(south)は南を意味していて、野球のホームベースが 東南向きで、左ピッチャーの腕が 一塁の南側から出ることに由来しているそうです
鉄道	ホーム	岡山駅の5番線は駅舎に隣接したホームで、 線路の向こう側には不細工なコンクリートの壁がならび、 ホームの天井の上には新幹線の乗換え口のコンコースが、 さらにその上には新幹線のホームが横たわっていて、 ホームの中ほどに並ぶ無骨な太いコンクリートの柱どもが黙ってその重みを支えている
その他	ホーム	紛失したのは、ホーム社の顧客300件とホームイング社の顧客210件の氏名、住所(市区まで)を含むスケジュールノート1冊と、ホーム社の顧客16件の氏名、住所、電話番号等を含むアフターメンテナンス関連書類2種13部
家庭	ホーム	例としては2003年第1戦(大阪ドーム)の先発投手は、全セが阪神(当時)の井川慶、全パが近鉄(当時)の岩隈久志だった(この年の主管球団は大阪ドームを本拠地にする近鉄だったが、2002年のオールスター開催条項改正で2試合開催の場合のホームゲームはセ・パ各1試合とする取り決めとなったため、セ・リーグのホームゲームとなった)
鉄道	ホーム	「ふっつ・とみうら」の二人は、ホームを降りてすぐ、「近くの青い丘の裾に、ぽつんと一軒建つ、瓦屋根の洋館とも日本風ともつかない、白い家が映じ、短かな煙突から、ひと筋灰白色の煙が、まっすぐ上っている」のを見つけ、「屍体を焼く」ような「へんな匂い」を嗅いで、その家が火葬場であると推測した
家庭	ホーム	「(ライオンズのホームで完封なんて)KYだぞ」と冗談めかしたメールを送ったというが、内心では、自分も絶対それに匹敵する投球を見せてやると意欲をかき立てられたはずなのだ
鉄道	ホーム	秩父署はきたダンプカーにホームなどに登校中だった市立原谷小3年、前田美怜さん(8)が、左折して建築塗装業を見つかったのは、渋川市で中学1年、卓人さん(13)とで逮捕された無職、小川和弘容疑者(46)に17日、群馬県高崎市でうち約20匹が、焼けたり廃材などがいた犬約40匹のなく、東京消防庁に出火、木造2階建てのよると、17日午前1時15分ごろ、東京都新宿区西早稲田1の出火した
福祉	ホーム	ハートフルスタッフは特別養護老人ホーム・老人保健施設・民間介護会社・医療施設・病院等で必要となる介護・医療のスキルを持った人材を安定的に派遣いたします
その他	ホーム	「今後さらに携帯機器でのWebブラウジングが進み、NGNのような次世代ネットワークとホームネットワークが実現したときには、単にコンテンツプロバイダーのサーバに依存するだけでなく、ホームサーバのような個人向けサーバと連携するといったWeb 2
鉄道	ホーム	帰路の東京駅でも、押し寄せたファンの為に新幹線ホームからの移動すらままならず、時には郵便物の搬送などに使われる業務用通路を通って駅から「脱出」するという有様であった
鉄道	ホーム	京急のホームに着くと、午後8時45分発の特急浦賀行きがまだ発車前だったが、既に座る場所がないので、思案した末、20分後に発車する次の浦賀行き特急を待つ事にした
福祉	ホーム	・入居者様の日常生活全般の援助食事、入浴、排泄他の介助・食事の支度 ・ホーム内の上記に付随する業務 *就業時間4)16:30~9:30 月に4~5回の夜勤勤務です *就業時間1)~4)の勤務が可能な方
家庭	ホーム	西武・日本ハム・ロッテのホーム球場の7回裏の応援は他球団とはいえ、応援マーチあり、風船飛ばしがありとホームチームだからこそまとまりのあるラッキーセブンの応援をしているなあという印象はあります
その他	ホーム	アイフルホームが取り組むキッズデザインは、「子ども目線、子ども基準でつくる家は、全ての人に安全で住みやすい家」というキッズデザインの考えに基づいています
家庭	ホーム	築6年の中古マンションを購入することになり、マンションらしくない内装(デザイン)とホームシアター(機能)を楽しめるような住まいにしたかっため、入居前にリフォームを実施しました
福祉	ホーム	◎ 介護施設の種類として、介護保健施設の介護老人保健施設、介護老人福祉施設、介護療養型医療施設を紹介、介護保健施設以外の施設、有料老人ホームなどの施設の違いなどを紹介
家庭	ホーム	徐々にホームチームがリズムをつかみ始めたものの、36分にリー・ハイキャンのCKに合わせたチャン・シューキのヘディングシュートはゴールの枠を捉えられず、その7分後のジェラード・アンバッサ・ガイのヘディングシュートも決まらず
その他	ホーム	ホーム・ページで調べた時は、『やっぱりカレーでしょう』と思っていたが、set メニューよりも、単品のカレーの方が美味しそうに感じてしまって・・・
福祉	ホーム	医療法人安心会では、老健施設・特養施設やグループホーム・有料老人ホーム・ケアハウス・居宅介護支援センター・歯科の無い病院などの職員を対象とした、無料の口腔ケアや、口腔リハビリの講演ならびに実技指導も行っております
その他	ホーム	飯田産業(本社=東京都武蔵野市、兼井雅史社長)は4日、新築分譲販売と中古住宅仲介を行う事業会社「ホームトレードセンター」を、100%出資で8日に設立すると発表した
鉄道	ホーム	川越署の調べでは、長谷川容疑者は3月17日午後11時半ごろ、JR川越駅のホームで男性車掌(22)をけったうえ、電車に乗って約10分後に下車したJR的場駅でも、この車掌の顔を殴った疑い
その他	ホーム	このホームぺージはチャック袋のみの取扱いとなりますので、他のビニール袋も検討される場合は恐れ入りますが「ビニール袋のヤナギ本店」をご利用ください
その他	ホーム	遅くて使い物にならない快速アーバン、 そのアーバンより遅い『特別』快速、 上りの極悪な上尾退避、意味不明なホームライナー、 車両は211系ばかりで鬱飲み屋線のような回復運転は絶望的
福祉	ホーム	競合の激しい賃貸住宅に対する新たな土地活用法として、グループホームや有料老人ホーム等の介護施設の建設が増える中、同システムは来るべき高齢化社会にもマッチしたものとして、すでに150もの施工実績があるのです
鉄道	ホーム	みどりの窓口など、駅の機能は充実しているホームは2面3線の構成隣駅のトマム・落合までは、在来線で日本一長い駅間距離を持つことで有名ホームの脇に停車している気動車にも目を引かれる狩勝峠の方に足を向けてみる
鉄道	ホーム	そういえば池袋での待合時のアナウンスは「新宿駅番線輻輳(ホームに空きが無く、列車を駅に進入させられない状態 )のため」とのことでしたので、地震の影響を引きずっているのもあるでしょうが、運行指令が調整をミスたっとか人的ミスが絡んでいるような気がしました
家庭	ホーム	チアリーダーはアウエーゲームに帯同せず、ホームゲームのみのパフォーマンスとなりますが、スタジアムで精一杯応援する彼女たちにも声援を送ってください
福祉	ホーム	平成11年度に策定した高齢者健康福祉計画、これに基づきまして特別養護老人ホーム及び養護老人ホームの施設の整備をこれから着手するところでございますが、これら施設の規模は、特養が一般入所分80床、ショートステイが8床でデイサービス、これも併設いたします
福祉	ホーム	※社団法人全国有料老人ホーム協会の入居者基金に加入、事業の継続が困難となった場合に、損保会社より入居者1名に対して500万円が支払われる制度です
家庭	ホーム	酒で気分転換をしようと思ったとき、私は快適なリゾート的空間で飲むよりも、チープ感漂う場末の飲み屋の方が心地よいと思うたちなので、 「裏町」 とか 「場末」 は、ずっと自分のホームグランドだった
福祉	ホーム	需要の拡大に伴い、2000~2007年にかけて8倍近くに増えたのですが、介護保険の給付を抑制しようとする国の方針から、この1~2年は新規の有料老人ホームがなかなか認可されなくなり、その代わりに高齢者専用賃貸住宅が急増しています
家庭	ホーム	プロ野球東北楽天ゴールデンイーグルスを運営する楽天野球団は7月から、フルキャストスタジアム宮城(仙台市宮城野区)のホーム試合で、飲食物の売店で配布しているレジ袋を原則的に撤廃する方針を決めた
鉄道	ホーム	電車のホームなんていう言葉も私は引っ掛かりがずっとあるのですが(もとはplatformだからプラットフォームなんで、絶対にホームじゃないんだけど)でも電車のフォームって言いませんね
その他	ホーム	トヨタ自動車株式会社とトヨタホーム株式会社は、家庭向けの「蓄電機能を備えたホーム・エネルギー・マネジメント・システム(HEMS)」の本格開発に着手し、2011年に「トヨタホーム」での実用化を目指す
鉄道	ホーム	9日午前9時50分ごろ、東京都練馬区光が丘2の都営大江戸線光が丘駅ホームから50~60歳代とみられる女性が線路に飛び降り、都庁前発光が丘行き普通列車(8両編成)にはねられた
福祉	ホーム	)、地域活動支援センター、福祉ホーム、老人福祉法第5条の2第3項若しくは第5項に規定する老人デイサービス事業若しくは小規模多機能型居宅介護事業を行う施設又は障害者自立支援法第5条第6項から第8項まで、第10項若しくは第13項から第16項までに規定する生活介護、児童デイサービス、短期入所、共同生活介護、自立訓練、就労移行支援、就労継続支援若しくは共同生活援助を行う施設(短期入所等施設を除く
福祉	ホーム	介護保険法による介護保険施設入所中の被保険者の住所地特例に関して、痴呆性高齢者グループホーム、有料老人ホーム、養護老人ホーム、軽費老人ホーム等を追加し、施設入所前の市町村が継続した保険者となるよう法改正を求めること
福祉	ホーム	特別養護老人ホーム(入所定員30人以上)に入所する要介護者に対し、施設サービス計画に基づき入浴、排泄、食事等の介護その他の日常生活上の世話、機能訓練、健康管理及び療養上の世話を行うこと
家庭	ホーム	ホームに戻ってからの3連戦は手ごわい投手が軒並み登場するファイターズだから、個々のバッティングだけでなくチームでの攻撃態勢も問題解決を怠ることなきよう
鉄道	ホーム	ホームで後ろに同級生Mくんが立っていて、それがまさに昨日「私よく名古屋駅とか電車でMくんに会うんだよねーあはははは」とか会話してた直後なので、一人爆笑
福祉	ホーム	特別養護老人ホーム(特養)など介護保険3施設で、要介護度が重い人の入所割合が年々高くなっていることが、厚生労働省が25日発表した2008年介護サービス施設・事業所調査結果で分かった
家庭	ホーム	例えばホームでのクロスプレーにおいて、サードとホームの中間にさしかかった辺りで捕手に送球が来たタイミングで走者が体当りかましたら、それは許されるかな
家庭	ホーム	3システムのうるおいケア施術(15分)→ルミシアのホームケア用の第4剤をお持ち帰り願います、これによってホームケアの大切さを知っていただきます→あなたの快適スタイルを1ヶ月サポートとします
鉄道	ホーム	かつての仁山の片スイッチバック(大沼方への客車列車は発車後一旦引き上げ線に後退して今出たホームを通過、キハ22、24系は必死にホームから坂道発信)
家庭	ホーム	前半は、ホームのバルサが見事なパスワークでエスパニョールの守備網を崩し、決定的なチャンスを次々と作り出しますが、GKオリベルの攻守や、バルサのシュートミスに助けられ、なかなかバルサがチャンスをものにする事が出来ません
家庭	ホーム	現時点で優勝の可能性が残っているのは、首位のジュビロと2位のガンバで勝ち点差は5、圧倒的にジュビロ優位という状況だが、ジュビロとしては今日ホームで何としても優勝を決めたいところだ
野球	ホーム	さらに1875年に、ホームベース上を通過しても注文通りの高さでないと”ボール”とし、”ボール”3球で「ボール」を宣告、3回「ボール」を宣告されると打者は出塁できる、つまりボール9球で出塁というルールを追加していた)
家庭	ホーム	今回の合併により新会社は、出版を始め、アニメ番組の制作・配給、ホームビデオの制作・ 販売、ライセンシングの分野における総合エンターテイメント企業として更なる事業の拡大を目指します
その他	ホーム	つまり、Oracleホーム・ディレクトリをデフォルト・オプションでマウントしたファイル・システムに配置し、データファイルおよびログをdioまたはcioオプションを使用して、マウントしたファイル・システムに配置する必要がありました
鉄道	ホーム	他の駅では列車がホームに入る前に2回放送をして、少し経つと列車が通過する感じですが新小岩駅の場合は1回目と2回目の間に少し間を置いて2回目の放送が終わるとすぐに列車が入るように放送間隔を調節してるようです
その他	ホーム	キーボード主体で作業していて手を極力ホームポジションから離したくないときや、ワイヤレスキーボードを使ってモニター画面から離れて動画鑑賞しているときに、常駐ソフトなどからバルーン表示で通知されると『ええい黙れ
その他	ホーム	アイフルホーム加盟店は賃貸住宅の建築希望者をサン・ステップから紹介されることになり、一方、サン・ステップはアイフルホームの顧客で賃貸住宅経営のコンサルティング、不動産管理業務、家賃保証業務などのサポートを希望する地主を紹介してもらう相互紹介業務を行う
福祉	ホーム	2006年4月の改正では、特別養護老人ホームの光熱水費が実費になり、インターネットによる情報公表制度がスタートし、高齢者専用賃貸住宅も介護保険が適用になった
鉄道	ホーム	西院にいたお客さんが時間までにきちっと目的の駅につけたのか、そのときホームに対して背を向ける形になっていた俺には正直なところ詳しいことはわかりませんが、駅を単独で利用するに当たり完全に不安をぬぐうことはできません
鉄道	ホーム	先日、長谷部神社近くの氏子さんが、出雲方面に旅行をされた際に、偶々すれ違う列車待ちの駅(山陰本線はまだ単線が多く、特急列車も待ち合わせします)が日野町の根雨駅で、ホームの案内板に長谷部信連館跡の文字を見つけて、わざわざタクシーで戻って行って来たとのお話を伺いました
福祉	ホーム	玉野に新しくできたハモニカデューエって老人ホームは最低だよ 介護リーダーの小山って職員は寝たきりの人の食事介護のやり方すら知らない 腹が立ったら入居者に便を食べさせる
鉄道	ホーム	しかもホームに入ってきた時点から俺が乗って来た電車と被って見づらくなっているのにも関わらずそれがクラナド列車だと認識できたと言うのがマジで怖い
福祉	ホーム	一般に介護保険という用語はこれまで福祉の対象であったヘルパーや老人ホームを連想させ、病気そのものを治療する医療とは完全に別の制度と認識させているようですが、介護サービスを提供する場合、「障害の原因を客観的に分析し、それに基づいて改善、ないし少なくとも現状より悪化させない」という医療のアプローチと切り離して考えることはできないことも理解しておくことが大切です
家庭	ホーム	後がないダラスはホームコートに戻って出足好調、マイアミであんだけ入らなかったノビツキーのシュート確率も上がり、前半終わって1点リードを許したものの、シャックを4点に抑えてこれはイケるかな、と思わせた
福祉	ホーム	・ホームやグループの担任保育者(お母さん、お父さんせんせい)がお休みなどで保育にあたれない時は、いつも決まった副担任保育者(おじさん・おばさんせんせい)ホーム・グループでそこの子どもたち(いとこたち)と一緒に過ごします
家庭	ホーム	最近はフリースクールなどに通わず、自宅で家族と学習する「ホームスクール(ホームエデュケーション)」が広がり、支援団体によると2000~7000世帯に上るという
家庭	ホーム	このイベントは、各球団のホームゲーム2試合を対象に、各試合10名の小学生とその保護者をペアで招待し(合計120組240名)、招待席での試合観戦とともに、「球場内探検ツアー」「選手との記念撮影」「始球式」「ホームチームの選手がホームランを打った場合にグラウンドでマスコット渡し」などのスペシャルイベントに参加、グラウンドレベルでの野球を堪能してもらう企画である
福祉	ホーム	生活訓練施設・福祉ホームB型施設は生活支援上の効率性がよく利用者の満足度もよいが、ケアホーム・グループホームへの移行後には既に利用者が占有しているため新たな利用需要には応えられない
家庭	ホーム	私が「聞き取り調査」(戦争のことを知っている人からお話を聞いて記録すること)でいちばん悲しかったことのひとつは、若い二人の、けっこんをやくそくした男女で、男の人が箱根ヶ崎駅から、戦争に行くとき、ホームにいる愛する女の人に「きっと帰ってくるから」と大きな声で列車の窓から、伝えたそうです
福祉	ホーム	便利な都市機能を近くに、素晴らしい眺望とともに緑溢れる丘の上の生活を送れるこのホームは160室という大規模なホームながら、細かいところまで目の行き届いた介護サービスや3つのフロアに分けて行う専門ケアなどしっかりとしたサービスがされています
福祉	ホーム	介護保険制度では、一定の基準を満たしております有料老人ホームにつきまして、特定施設入所者生活介護という長い名前ですが、指定を行いまして、その施設に対しては介護保険の方から介護給付費を支給しております
その他	ホーム	長崎フライトぽてとのホームエリアは長崎県千々石町の「猿葉山」エリアだが、橘湾を挟んでその対岸に位置する南部の「八郎岳」も絶好のエリアとなっている
福祉	ホーム	さて、高齢者が老人ホームなどの高齢者住宅等へ移る場合、空き家になった住宅に、狭い借家住まいを余儀なくされている若年ファミリー世帯が賃貸できれば、住宅のミスマッチ解消につながります
鉄道	ホーム	なお、戸塚~新橋間において列車の折返しや追越しを行うためのホームがないことがダイヤ設定上のネックとなっており、品川駅でホームの増設が計画されている
福祉	ホーム	特別養護老人ホームやデイサービスなど集団で高齢者を介護している場で、また家族が高齢者を介護している場合、そのなかにMRSAや肝炎ウイルスなど伝染性病原体をもっている高齢者がいます
家庭	ホーム	寒さは困るだけではなくて、寒いチームにホームの利という有利さももたらしうるわけですので、導入したから北のチームが損ばかりするとも言いづらい気もします
家庭	ホーム	プロ野球オリックス戦ホームゲームについてはJ SPORTSと製作提携)を中心に担当しているほか、ローカルの経済情報番組「経済発見」のキャスター
福祉	ホーム	どんなにすばらしいホテルのような施設でも、そんなところはいっぱいですしね、もちろん天河草子はいっぱいですし、なおかつ、特別養護老人ホームに入っていてね、3ヵ月以上病院に、例えば骨折したとか、肺炎になったとか、3ヵ月以上病院に入ってますと、もうその入所資格がなくなるわけですわ
その他	ホーム	また、ユアーズホーム関西有限会社 大阪市住吉区の売買マンション物件で時間昇順に限らず、全国の賃貸物件・売買物件・不動産会社・不動産鑑定所・貸主売主登録物件・マンション・アパート・戸建・別荘・土地・店舗・事務所・テラスハウス・工場・倉庫・駐車場・ペット可・デザイナーズ・田舎暮らしの不動産情報が検索できます
野球	ホーム	2回戦の名古屋市(JR東海)戦でサヨナラヒット、決勝の横須賀市(日産自動車)戦では逆転となるホームへのスライディングと3番打者として優勝に貢献した高橋利信には「意地でもJR東日本東北より早く帰れない」理由があった
鉄道	ホーム	同じ会社の後輩の女性と偶然に駅のホームで会って、一緒に電車に乗って2人並んで座って会話しながら帰ってきて、同じ駅で降りて駅からの道の途中で違う方向になるので、そこで別れました
家庭	ホーム	jリーグ昇格条件のひとつに「ホーム戦 平均観客動員数3000人以上」という項目がありますが、鳥取市開催の平均観客動員数が「約2500人」と伸び悩むなか、米子市開催での平均観客動員数は、「4425人」ということで、チームを支えてきたという「自負」
福祉	ホーム	千葉県香取市の特別養護老人ホーム「杜の家」で昨年10月、非常勤の男性職員(25)が認知症の入居男性(93)の脇腹を3回殴り、けがを負わせていたことが9日までに分かった
鉄道	ホーム	30分も列車待ちがあると、改札を出て駅前を歩いてみるのですが、途中下車できないという制約のためにホームまたは駅構内のどこかで待機しなければなりません
家庭	ホーム	サッカーの欧州チャンピオンズリーグ(CL)は21日、ドイツのミュンヘンで準決勝第1戦の1試合が行われ、9季ぶりの優勝を狙うホームのバイエルン(ドイツ)が初優勝を目指すリヨン(フランス)を1−0で下した
福祉	ホーム	高齢者住宅は、あんしん生活支援サポートを付けることのできる宇都宮市に所在する高齢者向き賃貸住宅と、那須湯本に所在するかけ流し温泉付きの適合高齢者専用賃貸住宅(適合高専賃 住宅型老人ホーム)をご案内させていただいております
家庭	ホーム	最近の新築マンションや一戸建てなどでは、ホームパーティーなどの需要の増加から従来の「オープンキッチン」や「カウンターキッチン」だけでは、使い勝手の面でもいろいろと不都合が生じる場面が増えてきました
野球	ホーム	プロ野球の打者はホームベースに沿ってつくられている、縦6フィート(約1メートル83=以下、四捨五入)、横4フィート(約1メートル22)のバッターボックスをフルに生かしていた
鉄道	ホーム	駅にトイレが1カ所しかなく、階段を使って反対側のホームへ行く必要がある場所など、不便な駅があるとの御指摘の駅につきましては、これらを設置するスペースがないなど、構造的に困難であることから設置できていないものでございます
家庭	ホーム	選手たちの汗が染みこんだ東大農学部や球場というホームでの開催で、地の利を生かして狙うはただ一つ、第43回北海道大会(2004年)以来の優勝です
福祉	ホーム	兵庫県下の有能な建築家の紹介から各種ご相談、住宅・集合住宅・病院・医院、老人ホーム・福祉施設・小規模多機能居宅介護施設・事務所ビル・インテリア・環境に優しい家づくりや間取り・景観デザイン・造園設計・ユニバーサルデザイン
鉄道	ホーム	この映画は、2001年東京・新大久保駅で誤ってホームに転落した男性を果敢にも助け、 自らの命を落とした韓国からの留学青年、李秀賢(イ・スヒョン)さんの半生を描いた日韓合作の作品です
家庭	ホーム	しかしその講演からPC技術が家庭内に入り込み、リビングルームにおいてネット上のコンテンツを楽しむことのできるデジタルホームの実現へ向けてインテルの並々ならぬ意欲を感じさせた
家庭	ホーム	この時はホームでキエフが2点リードしながら守備が崩れ結局3−3にドローに持ち込まれ、アウェイでも1−1で引き分けたため、アウェイゴール差でバイエルンが決勝に進んだんですが・・・
その他	ホーム	連続立体化工事の際に高架ホーム予定地や地平ホーム跡の発掘調査を行ったところ、奈良時代の遺跡(「豆腐町遺跡」と命名された)が発見され、和同開珎や漆紙文書など多数の遺物が出土している埋蔵文化財センター、姫路市(2009年11月25日)『豆腐町遺跡で現地説明会を開催します』
鉄道	ホーム	中には駅ホームで人並みに押し倒されて列車に引かれた死亡事故、広州駅前で人並みに踏まれて死亡する事件なども発生し、郷帰りのムードを暗くする一方でした
家庭	ホーム	長谷川は試合前というか、開幕前から ホーム球場と上原のスタイルから 被弾多くなるが気にせず 相手より1点少なくおさえる事考えろ と言ってたからな 長谷川自身がこの球場ではボコられてばかりだったらしい
福祉	ホーム	そうした思いに後押しされ、25年間の福祉・医療施設での経験と実績を生かし、何とか一人でも多くの方が入居できるようにと(費用は入居金50万円と月額14万5千円~の施設利用料、その他介護保険1割負担分とイベント経費が別途必要)、今夏帝京大学を北に眺める大塚に、新築全個室(30室)介護付有料老人ホーム『グランマ八王子』がオープンしました
福祉	ホーム	基礎編「老人ホームあれこれ」、中級編「老後の生活設計」、上級編「入居金と介護費用と生活費」の3回に、更に特別セミナー「わかりやすい相続」があります
福祉	ホーム	この団体が、同県の特別養護老人ホーム、ケアハウス、保育園などで組織する「愛知・名古屋福祉ネットワーク」と契約し、定期的にネットワーク加盟価施設を訪問しその運営を評価する他に、相談電話を設置し週2回の加盟施設の利用者や家族からの苦情を受け付け、問題があれば施設に勧告します
福祉	ホーム	さらに、非居住建物の居室であっても、病院(病室)や福祉施設(老人ホーム等)、ビルの守衛室等は常に人が在室しており、これらの場所では換気設備を停止することなく、常時換気をする必要があります
家庭	ホーム	記録にケチをつけるつもりはないが同じ成績であれば横浜の選手は低くみられても当然である、ハマスタがホームチームなら40本は打たないと長距離打者、真のスラッガーとはいいにくい(長打率は高いが)
その他	ホーム	ホームストレートに差し掛かる手前の2キロぐらいはあまり風もなくてどちらかというと暖かかったのだが、ホームストレート過ぎてしばらくは強烈な風が吹きタイムもガクンと落ちてしまった
家庭	ホーム	岩手 花巻4号線沿いのガス屋さん「三田商会のホームエネルギー課」 灯油配達、プロパンガス関連、家電販売、リフォームなどなど・・・家に関するものならなんでもご相談ください
その他	ホーム	私はホスピタルサーチサイトマップ検索ホーム カテゴリケアマネージャーナースホスピタル介護施設健康保険入院処方箋医師免許医療ミス医療行為医療費東洋医学検索サイト歯科医師治療産婦人科病院病院検索看護師社会保険薬薬剤師薬物療法西洋医学診断診療診療施設通院開業医サイトを登録したい方はこちら無
鉄道	ホーム	私はそのとき、どこかよそで事故があって運行停止となっているのだと思い込んでいたら、ニュースで「静岡駅で男性が新幹線ホームで飛び込み、はねられ即死しました」と言っているではないか
福祉	ホーム	身上監護についての契約 ・介護保険のサービスを受けるための契約 ・病院の入退院手続き ・老人ホームの入居の契約 ・賠償などの保険契約(老人ホームなど入居時に必要)
鉄道	ホーム	また、金髪で衣装を抱えたまま駅のホームと電車の間に挟まれて電車を止めたり 前奏が始まっているのに全く違う曲を歌いだしてしまったり ちょっとドジでお茶目な性格でもあった
野球	ホーム	その後は攻めが淡白になり、反省点もありましたが、セカンド哲也の満塁での矢のような送球でのホームフォースアウトや、先週切れてしまった駿一が最後まで冷静さを失わなかった事、和音のレフトライナー好捕など、収穫もたくさんありました
野球	ホーム	野球で、ホーム審判がバッターがバットを振ったかどうか分からないときに、1塁や3塁 野球で、ホーム審判がバッターがバットを振ったかどうか分からないときに、1塁や3塁の審判に聞くことがありますが、あれって、どういう判定
その他	ホーム	ミサワホーム・トヨタホーム・タマホーム・ユニバーサルホーム・アイフルホーム・パナホーム・住友林業・アキュラホーム・セキスイハムイ・大和ハウス上記の各メーカーさん 最低いくらくらいかかりますか
福祉	ホーム	同社が提案する桐建材は、在来工法による木造住宅をはじめとして、老人ホームや保育所・幼稚園の床や壁などの内装材や下地材への利用を主眼として開発された
福祉	ホーム	住宅型有料老人ホームは、もちろん住宅型の施設になっていてその中でも入居時自立・入居時要介護・入居時自立・要介護とホームによって入居条件が異なってきますので、自分の介護の状態や今後の事を考えて入居するホームを決めてくださいね
家庭	ホーム	ホーム球場が高地にあるロッキーズは、これまで長打力を売り物にしてきたが、今季はすっかり様変わりした「小技」の野球を見せていることが、バントの高偏差値に現れている
福祉	ホーム	全国社会福祉協議会ホームヘルプ事業の経営方策検討調査研究委員会(1998)『ホームヘルプ事業の経営実態に関する調査報告書』(全社協〔1998〕)
鉄道	ホーム	ってことは新大阪から入場券でホームに入ってそのまま乗って、東京駅で東京・小田原とか東京・新横浜の回数券を改札機に投入しても通過させてくれるってこと
家庭	ホーム	最初ウチのホームのゲーセンはポップンが2台あって、1台は新台で、もう一台は1作前のポップンだったんです(片方は12、もう片方は11って感じで)
福祉	ホーム	(1)身体障害者福祉ホームにヘルパーを派遣し、重度障害者の日常生活を介助している (2)在宅の高齢者、身障者に対し、車イスのまま乗車可能な車で移送サービスを行っている (3)介護保険指定事業者として、訪問介護と居宅介護支援事業を行っている
その他	ホーム	具体的には使用頻度の高い文字をホームポジション(キーボードの「F」キーに左手の人差し指、「J」キーに右手の人差し指を置いた状態)の段に配置しています
家庭	ホーム	本研究所では、わが国のIT研究開発・産業の国際競争力強化を目指し、 今後IT産業界の利益の源泉となると考えられる携帯電話、ゲーム、デジタルTV、 ホームサーバから高性能サーバに至るまでのIT機器の心臓部となり高付加価値化 に必須なチップマルチプロセッサに関する最先端研究開発及びその基礎となる 高度な人材育成を産官学連携して行います
家庭	ホーム	ストーリーは、20年以上歳の離れた夫が仕事からリタイヤしたのを機に、子供二人も巣立ったところで、老人たちばかりが住む街に移住して、夫婦二人の余生を暮らす、そんな引越しの後のホームパーティの場面から始まる
鉄道	ホーム	U1~U6までの五線あるメトロ(なぜかU5がない)は路線別に色分けされていてホームや駅の雰囲気までその色に塗られているので、「今どの線にいるか」が分かりやすい
福祉	ホーム	「花まつり」終了後、中学・高校の生徒と、小学生が福祉施設を訪問し、「命の教育」「心の教育」の観点から、”生きること””高齢者を敬う心”を学ぶ機会とし、日頃お付き合いのある特別養護老人ホーム沓掛寮、洛西福祉会を訪問
福祉	ホーム	※社会福祉法人明和会は、ケアハウスべに花の郷の他特別養護老人ホームべに花の郷・ディサービスセンター・ホームヘルプサービス・在宅介護支援センターを、併せて運営しています
家庭	ホーム	来シーズンは、球団発祥の地・高崎のファンに城南球場でペガサスの試合を楽しんでもらおうと、ホームゲーム36試合のうち10試合を城南球場で行えるよう日程調整を行っている
家庭	ホーム	サッカーの欧州チャンピオンズリーグ(CL)は28日、準決勝第1戦バルセロナ(スペイン)対チェルシー(イングランド)の1試合が行われ、3季ぶりの優勝を狙うホームのバルセロナは昨季準優勝のチェルシーと0−0で引き分けた
その他	ホーム	キッズデザイン賞を受賞したアイフルホームの「キッズデザインパーク」は、友達同士や親子で学ぶことの大切さや、家族や地域社会とのコミュニケーションの大切さを伝え、アイフルホームが取り組むキッズデザインのファンになって頂くことを目的とした新しいタイプのコミュニケーション型住宅展示場です
鉄道	ホーム	昔はねえ、京都駅からも見えたってのに、無粋な駅ビルの所為で高架の新幹線ホームから見えなくなっちゃったし、街を歩けば同じくビルに囲まれて存在は希薄になっちゃってるし、嗚呼不憫な
鉄道	ホーム	後日の発表では、どこかのホームで幼児が風船を手から離したのが風に運ばれて地下トンネルへ入り、架線にひっかっかってショートしたための停電だったのだそうだ
その他	ホーム	ロイヤルホームは埼玉県春日部市を拠点にツーバイフォー(2×4)建築を得意とする注文住宅の請負工事、新築分譲住宅の施工販売、不動産取引、リフォーム工事等を行っています
福祉	ホーム	4 特別養護老人ホーム等に併設されるユニット型指定介護予防短期入所生活介護事業所であって、当該特別養護老人ホーム等と一体的に運営が行われるもの(以下「併設ユニット型事業所」という
福祉	ホーム	東神楽町には、特別養護老人ホーム、デイサービスセンター、老人短期入所施設、老人保健施設、地域包括支援センター、交流プラザつつじ館などがあります
家庭	ホーム	6日、ホーム球場であるターナーフィールドで開かれたテキサス・レンジャーズ戦に7回から6番目投手として登板し、1回2/3を1四球1三振のノーヒットで抑えて勝ち星をあげた
鉄道	ホーム	しかも、好きな駅で降りたらその人が作った駅弁持ってホームで待ってるんだってー★しかもその駅が近づくと、車内アナウンスが本人の声に変わるらしいおー
福祉	ホーム	これ以上の保険料値上げを防ぐため、2005年秋には大規模な介護報酬の改定が行われ、それまで保険から給付されていた施設(特別養護老人ホーム、介護老人保健施設、療養型病院)の居住費(光熱水費や室料)と食費が利用者負担となった
鉄道	ホーム	それでも大抵の駅はホームが直線なので大丈夫だが、Insurgentes駅は中央ロータリーに沿ってホームが設けられているので、この曲線に合わせて停車位置を調整するのは大変そうな様子だった
福祉	ホーム	障害程度区分は1~6まで6段階あり、これにより10月から受けられるサービスの種類(重度訪問介護は4以上、行動援護は3以上、ケアホームは2以上等)が決まったり、支給量の目安になったりと大変重要なものになります
鉄道	ホーム	南風としおかぜの車両を降りた二県の乗客は、荷物を抱えて一緒に高松駅のホームと桟橋を歩き、連絡船に乗り込む階段を駆け上がり、デッキにある讃岐うどんの店の前に並んで列を作った
鉄道	ホーム	鎌倉高校前駅のホームから江の島方面を撮るのですが、並行して走る134号線のバス停のエスケープゾーンにクルマを停めて、江の島方面から来る電車との計「
福祉	ホーム	また、福祉部長賞を授賞した社会福祉法人恩賜財団東京都同胞援護会の原町ホームは、認知症緩和ケアへの取り組みを行い、認知症の周辺症状の緩和という効果をもたらしました
その他	ホーム	同社によれば、8月2日11時半に、エリアが切り替わっても携帯電話の通話や通信が正常に動作するよう制御する機器「ホームエージェント」で障害が発生した
その他	ホーム	日本では、関連企業にアメリカンホーム保険、アリコジャパン、AIGスター生命保険(旧・千代田生命保険)、AIGエジソン生命保険(旧・東邦生命保険)、ジェイアイ傷害火災保険(JTB=旧・日本交通公社との合弁)などがある
その他	ホーム	先日、秋葉原の人ごみを歩いていたら、前からすーっとモーゼのように人波が割れていったのさ、はてヤッちゃんかレスホームでも来たのかなとド近眼の僕は思って瓢然としていたんだけど、10Mほどの至近距離に来て吃驚した
野球	ホーム	確かに得点されたわりには投手もなかなかよかったのですが、ここはやはり2走者をホームに帰すべくヒットか長打をねらってもよかったんではないでしょうか
福祉	ホーム	ローマクラブによる『成長の限界』において「成長の限界」、すなわち資源枯渇と有料老人ホームの悪化による飢餓・災害などの人口激減が知れ渡ったのは(1972年)のことである
鉄道	ホーム	「1番ホームに、つばさ101号新庄行きが到着します」 こうして今回の旅『新幹線で行く冬の山形路』も いよいよ終着駅を残すばかり、 私は再び『つばさ』の乗客となった
家庭	ホーム	ホームケアでどうしても取り除けないステインや、ヤニによる着色がある場合には、歯科医院での専門的なケアで、白くきれいにすることをおすすめ致します
野球	ホーム	選手達が心配しているのは、ホームプレートの周辺だけが3塁側の観客席の影の中に入り、外野と外野席が午後の明るい日差しを浴びてしまう状況の事である
福祉	ホーム	私は、在宅を望む方はその思いがかなうようにしますが、特別養護老人ホームなどの施設を増やすこと、高齢者が住みやすい住宅の建設(既存の住宅活用を含む)などで、無理に在宅生活を強制しない方がいいと思っています
野球	ホーム	あのホームが遠い状況なら青木の単打一本に賭けてみても悪くないと思うんだが バント失敗のリスクを含めてもね アメリカの野球関係者やカストロがなんか言ってるけど、一点を取りに行く戦術面は日本が世界一だよ キューバなんか数年前に野村に教わってるレベル
福祉	ホーム	有料老人ホームや軽費老人ホームで提供される、食事や排泄、入浴介助、などの日常生活上の世話、機能回復訓練などの介護サービスで、介護保険適用になります
鉄道	ホーム	揺れが収まっても人が集中する階段では転落の恐れがあるので、駅職員の誘導やアナウンスがあるまでは、 しばらくホームにとどまるのが得策といえるだろう
野球	ホーム	ドームの(野球の)外野席がある方がメインステージなはずが、今回はセンターステージが異常なほどの大きさで、そこが実質のメインステージ、バクステ(ホームの方)がこれまでのメインステ的扱いでした
福祉	ホーム	基本的生活習慣が欠如していたり、社会適応が困難な在宅の高齢者を養護老人ホーム等に一時的に宿泊させ、日常生活等の指導を行うとともに、給食の提供等により体調の調整を図ります
福祉	ホーム	これら医療法人が運営する高専賃は適合高専賃と呼ばれるもので、その要件は、1)介護保険法に規定する特定施設入居者生活介護の対象、かつ2)老人福祉法に規定する有料老人ホームの届出が不要というもので、床面積や設備基準のほかに、入浴・排泄、もしくは食事の介護、食事の提供、洗濯、掃除等の家事または健康管理を実施するものと規定されている
鉄道	ホーム	ホームのアナウンスは列車接近時、および発車時に流されるが、スピーカーの角度から、対面する内回りホームのアナウンスもはっきりと聞こえてしまい、聞き間違う可能性もある
鉄道	ホーム	広島駅の駅ビルを新築、高架化しホームを路線ごとに 大阪〜下関までの特急を一日1往復、大阪〜広島の特急を2往復、岡山〜広島の特急(orライナー)を2時間に1本程度
鉄道	ホーム	上記の者は、平成18年1月24日午後3時34分神戸市中央区吾妻通1丁目1番阪神電鉄春日野道駅上りホームから東方約190メートル付近軌道敷地内にて発見されました
福祉	ホーム	老人福祉法第29条第1項に規定する有料老人ホームである指定特定施設において指定特定施設入所者生活介護を提供する指定特定施設入所所生活介護事業者は、当該指定特定施設入所者生活介護を法定代理受領サービスとして提供する場合は、利用者の同意がその条件であることを当該利用者に説明し、その意思を確認しなければならない
福祉	ホーム	当 該新宿6丁目の土地取引事例だけを見ますと、B街区の特別養護老人ホームは1平米あたり約60万5千円、先日行われたC街区で1平米あたり約77万5千円 という金額で落札されたものでございまして、取引価格として極めて高いものと認識をしております
鉄道	ホーム	見つかった事件で、死体遺棄容疑で逮捕され、大阪から千葉県警へ移送中の市橋達也容疑者(30)は10日深夜、JR東京駅に新幹線で到着し、ホームに降りた
家庭	ホーム	初陣となった26日のチリ戦も入場者数は3万7261人で、ジーコ元監督時代のホーム平均入場者数約4万8000人、オシム前監督時代の約4万4000人を大きく下回った
家庭	ホーム	写真も地元・亀戸で撮影されたものでホームな雰囲気がこの本ともリンクしていて、エッセイ=著者自身の人となりを表すものとしての有りようが、とっても美しいなと思いました
福祉	ホーム	介護付有料老人ホーム笑歩会は、適正な運営を確保するために、人員及び管理運営に関する事項を定め、要介護、要支援状態にある高齢者に対し、適正な特定施設入居者生活介護を提供することを目的とします
鉄道	ホーム	大学院生頭打ち死亡、電車気付かず接触か関連記事はこちら日刊スポーツ5日午後6時20分すぎ、東京都中野区東中野4丁目のjr総武線東中野駅2番線ホームで、中野区の大学院生印口淳史さん(25)が頭から血を流して倒れているのが見つかった
鉄道	ホーム	この区間はホームの有効長が短い(新可児・明智・御嵩は4両まで、顔戸と御嵩口は2両まで)ため、顔戸と御嵩口では4両編成はドアカットを行い後ろ2両の扉が開かなかった
鉄道	ホーム	実際にホームの嵩上げが行われているのは、1・2・4番のりばのみであり、新快速も乗り入れ当初は4番のりば折り返しをメインにしていたが、現在は5番のりば折り返しの新快速が増えたため、福井方面の列車との乗り換えの利便性が高まった
鉄道	ホーム	列車が赤信号にもかかわらずホームに接近したり、ホームの本来の停車位置から行き過ぎたりした場合、警報を鳴らして非常ブレーキを自動的にかける仕組みで、国土交通省によると、地方鉄道の98%(03年度)が導入しているという
福祉	ホーム	ルーエハイムの住まいは、平成10年建築のグループケア棟(従来型特別養護老人ホーム )と平成18年増築のユニットケア棟(ユニット型特別養護老人ホーム)の2箇所にわかれています
その他	ホーム	いったん「ニューワールド」で作成したキャラとかホームワールドが気に入らない場合(武器屋と酒場と合成屋がやたらと離れている、とかもう一つの町がやたら遠いとか)、下手に育てる前にもう一度ニューワールドした方が賢明
家庭	ホーム	ホームゲームで柏レイソルが勝利を収めると、試合後に選手とサポーターが一体になって勝利のダンスを行う、サポーターが作ったゲートフラッグ(ゲーフラ)を選手が客席から受け取ってピッチ上で掲げるなどと言った情報は事前に得ていたが、そのせいか昨年までよりとにかくゲーフラの数が多い
家庭	ホーム	あと、完封試合が2つ、完封勝が1つという失点が多いのと、アウェーでもホームジャック状態(味スタと聖地霞ヶ丘)だと負けてるとか、すさまじいネガティブな推論としては、
福祉	ホーム	防府市大字真尾(まなお)にある特別養護老人ホーム「ライフケア高砂」(要介護度3以上・収容能力約100人)の裏山が昼ごろ崩れ、大量の土砂が流入し1階食堂で食事中の45名の入所者中7名が土砂に巻き込まれ死亡した
家庭	ホーム	DF木谷が守り切る ホームでC大阪戦★【望月監督の名調子】勝ちにこだわる試合、きちっと借り返す★【小林達彦アナ】絶好調C大阪相手にすべての力を出し切れ★万代、C大阪戦で爆発だ
家庭	ホーム	「ホームでどうしても勝って、優勝争いを3チームから2チームにしたかったゲーム」(浦和・ブッフバルト監督)「優勝のためには絶対勝ち点3が欲しい試合」(川崎・関塚監督)との言葉を聞かずとも、今日が持つ意味を多くのサポーターが理解していた大一番は、「久々に涙モノだった」(闘莉王)という50134人ものアウェー席も含めた大観衆による人文字に彩られた入場で幕を開けました
その他	ホーム	ホーム1997年11月1日には、メイン出力のホームの改善は、DIYショーやガーデニングは、内部的に生産を示し、番組の繰り返しの組み合わせは、BBCアーカイブを中心にいるプログラムに焦点を当てて開始された
福祉	ホーム	しかしこの措置の存続という意味は、介護給付費とはまったく関連しない入所措置、つまり現在の養護老人ホームや介護保険以前の特別養護老人ホームの措置費制度で入所させるという意味ではありません
福祉	ホーム	有料老人ホームの食事 介護保険法の改正 施設における介護保険サービスの適用と非適用 見学と体験入居 老人ホーム入居費用全国の交通機関で 川村ゆきえワガママなこと言っ
野球	ホーム	初回に先制点を奪われたが、そのすぐ後に先頭打者の中島の、あわやホームランかという二塁打で出塁し、続く生沼の犠打で三塁にランナーを進め、ワイルドピッチの間に一気にホームを突き同点に追いついた
福祉	ホーム	個室型の老人ホームを必要とするのは、有料老人ホームやグループホームだけでもなく1番大事な事は、入居した後の生活を左右する介護サービスの良さで選びたいものです
家庭	ホーム	また、業務的にはこれまでの介護用品販売やレンタル事業のほか、在宅介護・ホームヘルプ・入浴サービスなどのマンパワー事業、バリアフリー(障壁のない)を取り入れた住宅建設・リフォーム事業というように、業務ごとに住み分けが進むと考えています
鉄道	ホーム	小泉さんと電車が違う方向だったので、線路をはさんだ向かいのホームに居たのですが、僕が声をかけて、小泉さんが喋ろうとした瞬間に電車が来て、騒音でまったく何を言っているのか聞こえなくなってしまいました
福祉	ホーム	その後、八四年までに、十八歳以上の知的障 害者更生施設「やすらぎの園」(同)、十人ほどの知的障害者がアパートで集団生活 を送るグループホーム「くるみホーム」を開いた
家庭	ホーム	(1)機能の回復 (2)家庭生活および社会生活の維持・拡大 (3)ホームプログラムの指導・侍史状況の確認を実施 当院退院患者が主だが、新規患者の受け入れも行っている
福祉	ホーム	特別養護老人ホーム芹沢ホームを中心に、居宅介護センター、在宅介護センターを併設し、デイサービスやホームヘルパー、ショートステイなどサービスが充実しています
その他	ホーム	HomePLAZA(ホームプラザ)に掲載の物件(マンション・一戸建て・土地)・記事・写真・図表・データベースをはじめとするコンテンツの著作権は、株式会社ホームアドバイザーおよび情報提供会社、その他権利者に帰属しています
家庭	ホーム	オリックスのホーム球場は内外野天然芝で広島も内外野天然芝のボールパーク建設計画がありますが「オリックスファンの理想を広島がもっていく」などとも言わない
福祉	ホーム	1 「特定健康診査及び特定保健指導の実施に関する基準第1条第1項の規定に基づき厚生労働大臣が定める者(厚生労働省告示第3号)の6について、ご認識のとおり、老人福祉法に規定する養護老人ホーム又は特別養護老人ホームへ入所している者が全て対象となる
福祉	ホーム	後者は地域に存在する学校から老人ホームなど諸団体を参加させ子供から大人、お年寄りまでが一同に集まり開催されるもので、社会的な知名度や近隣への貢献度は少ないが、その地域に暮らしている人々にとっては何ものにも変えがたいものではないのだろうかと考えられる
福祉	ホーム	慈照会は、平成8年3月に設立され、平成9年4月より、八日市市老人保健福祉計画に基づいて「健康で共に支えあう心豊かな町」創設の一環として高齢社会における老人福祉の向上を図るべく老人ホーム建設を計画し、建部下野町の地に特別養護老人ホーム、ケアハウス、デイサービスセンター、在宅介護支援センター併設の施設として事業を開始しました
家庭	ホーム	引越しの準備で右往左往しておりまする ヘ(・o・Ξ・o・)ヘ 引越し先のホームクリーニングの手配からこっちの不動産屋や市役所や引越し屋の手配もろもろ・・・それでもまだRIOがかなり協力してくれているので助かってますwちなみに今日はインターネット回線の手配をしました
野球	ホーム	その内容は、岡田さんが見た投手の中で、速いと感じた投手は誰かというものと、昭和44年日本シリーズで起こったあの巨人土井選手のホーム上でのクロスプレーについて話されていました
鉄道	ホーム	その中から飛行機用の障害灯の赤い点滅がぼんやり透けて見えるのは、なかなかドラマチックな眺めで、ホームに並んでいる乗客たちが、思わず「~なんか、映画みたいでかっこい
その他	ホーム	25万人が利用したリフォーム会社選びサイト「ホームプロ」 クリア率10%の基準を満たした会社を紹介、最大8社で見積比較リフォームサイトランキング第1位
家庭	ホーム	『郵便貯金ホームサービス』が『ゆうちょダイレクト』になったばかりでネットバンキングを始めたばかりの人も多く、まさに認知不足をついての犯行といえます」(詐欺の事情通)
家庭	ホーム	見附は、山田君のホームグランドで、いくつか眼をつけてるところがあるらしいんで、あとでそこに移動することにして、とりあえず、ショッピングセンターのところのカーブを攻める
福祉	ホーム	全国有料老人ホーム協会東北連絡協議会では、有料老人ホームへの入居をご検討中の皆様によりきめ細やかな情報発信を行うためウェブサイトを開設いたしました
福祉	ホーム	同グループには、社会福祉法人のさわやか会(山口県)と八健会(福岡県)があり、有料老人ホームをはじめ、ケアハウスや保育所、救護施設などの運営をしている
福祉	ホーム	もう一つの目的は最近新築された特別養護老人ホーム「あがわ荘」の施設見学もあり、祝日ながら主任指導員の方が色々と案内して下さり、今年30床の増床を計画しているふじの家としては収穫も大きかったことだと思う
その他	ホーム	マンスリーマンション光ホーム快適トイレシリーズは、東京/大阪/名古屋/京都/神戸/福岡など主要都市のトイレが快適なマンスリーマンションが見つかる情報サイト
福祉	ホーム	ヒルベルをかわいがっている園長先生、ホームにきたばかりだが、ヒルベルをもっとも理解しているマイヤー先生など職員と、子どもたちのくらしが描かれていく
家庭	ホーム	仕方ないので、ホームセンタ等で探してみるが、もともとサンツアーが専用工具を出していたようなレベルのものなのであるはずもなく、どうしたものかと思っていたのですが、いいことを思いつきました(笑)
福祉	ホーム	特別養護老人ホームのほかに、通所介護(デイサービス)や短期入所生活介護(ショートステイ)などのサービスを提供する高齢者在宅サービスセンター、在宅介護支援センターも入居しています
野球	ホーム	総力戦でただ1人、出場しなかった三塁コーチの松崎禎(3年)が、ホームへ向かう二塁走者の古屋隆行外野手(3年)を追い抜き、本塁を囲む歓喜の輪に加わった
鉄道	ホーム	快速と緩行線が同じホームの反対側で簡単に乗り換えられる御茶ノ水駅を毎日の通学に利用している私としては、いくら貨物列車があったからといって、かくもアクセシビリティに欠ける構造を取ったことは不思議で仕方がない
福祉	ホーム	愛知、岐阜、長野の各県で、現在18施設をもっており、特別養護老人ホームから介護付き有料老人ホーム、ショートステイやグループホーム、小規模多機能型居宅介護など、様々なニーズにお応えできるよう、多彩なサービスを手がけています
家庭	ホーム	プレーオフは、1前期優勝チームvs総合一位(前期優勝チームホーム)、2後期優勝チームvs総合二位(後期優勝チームホーム)が11月20日(日)に一発勝負を行い、それぞれの勝者がホーム&アウェイのチャンピオン決定戦に進出する
家庭	ホーム	なお、悪天候やグラウンドの状況が悪い際などに球場使用の可否を判断する権限は、通常の試合では打順表交換前まではホームチーム監督にあり、打順表交換後は審判員に権限が移るが、ダブルヘッダー第2試合のみ、打順表交換以前以後を問わず、ダブルヘッダー第1試合の球審だけが、ダブルヘッダー第2試合開始の可否を判断する権限を持っている
鉄道	ホーム	国土交通省は、高齢者や障害者が楽に移動できるようにするため、構内にスロープやエレベーターなどを設置して入り口からホームまでの段差解消を行った鉄道駅の割合が56%(3月末現在)に達したと26日に発表しました
福祉	ホーム	年末から年始にかけて特別養護老人ホームなどで入所者や職員が感染性胃腸炎とみられる症状を訴えたケースが全国各地で相次ぎ、8日夜から9日にかけて公表されたものだけで7道県、計250人以上に上った
野球	ホーム	ホームベースから離れてスクエアに構え、グリップを顎より下の高さに体から離してセットし、特にシンクロ等は見られず、投球に合わせてグリップを耳の高さに上げて行き、投手のリリースポイントの少し前から、軽く足を上げてややクローズに踏み込むスタイル
福祉	ホーム	訪問介護最大手の企業が社会問題になって久しいですが、当社では、老人ホーム内での虐待問題や、いじめ問題、訪問介護ヘルパーによる窃盗事件など、表面化されない問題を数多く耳にしてきました
福祉	ホーム	空きがなくて特別養護老人ホームに入れなかったり、高額の有料老人ホームに入れない要介護の高齢者は従来、介護療養病床や医療療養病床かグループ ホームなどに入れた
福祉	ホーム	ホームに勤める時、「施設の中に診療所があるから」と言うと、「血を見るのが嫌いだから看護師は無理だけど医療事務はできんといけんネ」と言って専門学校に通い、介護保険制度がはじまると「介護福祉士は経験がないから無理だけどヘルパーぐらいの資格がないといけんネ」と言いながら資格をとっていた
その他	ホーム	また、アカウンタビリティーに関して、運営、財政に関する内部、外部からの評価の必要性、コミュニティーディバロップメントの課題として、ホームパートナーの生計プログラムの必要性に答えることなどがあげられている
福祉	ホーム	身寄りがなく起居もままならぬからと、役所を介して入居した老人ホームが悪質業者で、悲惨な生活を強いられている高齢者の実態が、NHKの番組でも紹介されていました
福祉	ホーム	介護付有料老人ホームについては24時間体制でサービスを受けることができるもので入居に際して普通は認定を受けている人が入ることが多いようですが、これらの介護認定がなされていない人でも、65歳以上ならば入居が可能としている施設もようです
福祉	ホーム	いづみでは、児童のデイサービス事業、ケアホーム事業“いづみ荘”、短期入所・日中一時支援の各事業、相談支援事業、ホームヘルプ(居宅介護)・行動援護・重度訪問介護の各事業、移動支援事業を行っています
家庭	ホーム	STORY6月号、和楽7月号にも登場の八巻多鶴子さんの素敵なご自宅で、美味満載のホームパーティ☆割烹着持参で参りました♪ 自宅ではめったに使うことがない割烹着ですが、これがなかなかウケまして
鉄道	ホーム	犬山遊園駅ホームで「さよなら出発式」が行われると、鉄道ファンなど多くの人たちが最終日の運行を見送り、午後5時すぎに運行を終えて、その歴史に幕を下ろした
家庭	ホーム	交流試合はセ6球団、パ6球団の場合、ホーム、ビジター3試合ずつで1球団あたり36試合が行われる予定だが、峰岸社長は「オールスター戦、後半戦と盛り上がっていく前に交流試合をはさめばペナントレースにメリハリがつく」と述べた
福祉	ホーム	個人の自由な選択によって入所する「有料老人ホーム」と異なり、行政の「措置」として入所する介護保険施設である「特別養護老人ホーム」の場合、入所の条件に、要介護度1~5とあります
家庭	ホーム	最終的には長嶋監督が「まだ食い下がってもよかったが、ホームの監督としてはお客さんのこともあるし、あれがぎりぎりだった」と判断して16分間の中断の末に試合は再開された
その他	ホーム	考えようによっては、京津線区間から地下鉄区間を利用する者にとっては、あの割高運賃は、ホームライナーの追加料金を払っているようなものかな、と言えなくもない
鉄道	ホーム	ところがここにエスカレータがなく、しかも予定ののぞみ号の発車時刻が迫っていたため、Yさんは奥さんと二人でホームの階段を駆けるようにして上ったという
福祉	ホーム	今までの老人ホームや病院のお客様に加えて、 介護保険制度、在宅介護の時代をむかえ、「介護の店」と称するショップで当社の介護用品を取り扱っていただいています
鉄道	ホーム	駅員が入ってきて鞄を取りこの鞄の持ち主の方いらっしゃいますかと車内に尋ね、拾得物として持っていこうとホームに降りたとたんに特命課の刑事たちが取り囲み駅長室につれていく
家庭	ホーム	2 介護保険の実態から課題を問う(介護保険1年の総括;介護保険と利用者・自治体;ホームヘルプ制度の現状と課題;社会福祉援助の危機とケアマネジメントの隆盛 ほか)
その他	ホーム	ホームUは昨年6月に開始したサービスで、家庭の無線LAN(構内情報通信網)を介して光ファイバー通信回線やADSL(電話線を使ったデジタル高速通信)などに接続する
家庭	ホーム	Mojoは魔法の超自然力の意味で、"SoDo Mojo"は恐らく「ダウンタウンの南のホームのフィールドでビジター・チーム達を迷わす魔力」の様なものを意味しているのではと思われます
野球	ホーム	ホームベース上のストライクゾーンを通過した時点でコールする人が圧倒的に多く、きちんと最後まで見てさらに確信した上で「ストライク」「ボール」のコールをすべきであるとの事でした
家庭	ホーム	さきほど、ホームセキュリティは「セキュリティ機器」「監視センター」「ガードマン」の「三位一体」のシステムであるとお話しましたが、導入されたご自身やご家族の協力なくしては、決して成り立たないものです
鉄道	ホーム	駅舎は木造のシンプルなもので、そこそこ古いものですが、玄関側はアイボリーとオレンジ、ホーム側はアイボリーとピンクに色分けされており、暗さは感じられません
福祉	ホーム	全日空ホテルクレメント高松、香川県社会福祉協議会の協力により、養護老人ホーム利用者など約170名を招待 香川県高松市 / まちおこし・観光・不動産ニュース 遊都総研
家庭	ホーム	クリスタルデンタルクリニックは、ホームドクターとして予防(予防歯科)に重点を置き、あなたの歯・お口の中の健康を守ることにより、あなたのお体の健康、健やかで豊かな生活、ひいては楽しい人生のお手伝いができる歯科医院(歯医者さん)を目指しております
福祉	ホーム	埼玉に「聴覚障害者老人ホーム」をつくるための資金づくりの運動として「アイ・ラブ・フレンズ」の上映会が開催され、600名を超える人達の共感を呼びました
福祉	ホーム	また、老人ホームの訪問では、高齢者と触れ合い、話す機会を持つことにより、相互理解を深め、高齢化社会の抱える問題について考えるとともに、介護士の仕事を体験し、理解する
家庭	ホーム	仙台市は7月、在仙プロスポーツ3球団の各ホームゲーム開催日に、家庭から出る雑紙1キロと各球団のキャラクターをデザインした「マイはし」を試合会場で交換するキャンペーンを始める
福祉	ホーム	近年は木造の可能性に挑戦しており、住宅のほか医療・福祉系施設として、循環器系医院、新型特別擁護老人ホーム、デイサービスセンター、グループホーム、青少年のための地域交流センターなどの設計を手がけている
福祉	ホーム	特別養護老人ホームいいとよ、デイサービスセンターいいとよ在宅介護支援センターいいとよ、介護保険相談室、ヘルパーステーションいいとよ、グループホームいいとよ
野球	ホーム	そんなポンちゃん、同点のホームを踏み、2回ウラにはバースデーヒットを打ったつじたけし@辻を還す勝ち越しタイムリーを放ち、さらに宗どんと重盗を決めるなど活躍
その他	ホーム	アップホームは鹿児島市内の不動産の売却購入や土地の有効活用、マンション、一戸建て、中古住宅、売り出し中の新築物件等鹿児島県の住活不動産情報を掲載中
家庭	ホーム	J2の大分トリニータは、今季開幕戦でJ1昇格を争うアビスパ福岡に快勝し好発進、ホーム開幕戦のモンテディオ山形戦(9日・ビッグアイ)のチケット販売にも勢いが出てきた
家庭	ホーム	コーヒーでおなじみのネスレ日本が発売する「ネスカフェ ホームカフェ シリーズ(コーヒー製品)」と「ネスレ ホームカフェ シリーズ(ティー製品)」は、発売以来「カフェスタイルの楽しみを自宅でも」をコンセプトとし、家庭ではなかなか作れないカフェが簡単に楽しめる製品がラインナップしているが、今回新たにユニークな製品が加わる
鉄道	ホーム	「置戸」の次の「小利別(しょうとしべつ)」ではホームが一面の雪に埋もれてしまって、どこまでがホームで どこまでが駅前広場なのか分からないほどに
家庭	ホーム	そしてこれはベイスターズに限ったことではないが、人気球団相手のホームゲームでのテレビ放映権料で稼ぐというビジネスモデルはもう通用しないということを踏まえ、球団経営を考えなければならないということだ
家庭	ホーム	ちょうどこの前の(8月15日のヤマダ電機LABI渋谷での)トーク・イヴェントとか、恵比寿LIQUIDROOMでやった『江戸WEST』のときに、『いつの間にかホームみたいな感じになったなぁ』と思ってました
その他	ホーム	「クラスタ・データベース: ホーム」ページの「一般」セクションで「クラスタ」の横にあるリンクをクリックし、「クラスタ: ホーム」ページを表示します
鉄道	ホーム	愛媛県大洲市/JR予讃線 「駅は世界」一覧はこちら伊予長浜は、坂本龍馬が脱藩の際にここから出帆したという有名な港町である大きな町の中心駅ということで、駅の設備は非常に充実しているが、1986年に短絡線が開通してからは、当駅に急行が全く来なくなってしまったホームの設備一つ取っても、昔よりも寂れてしまったような印象をぬぐえない反対側のホームに立って、宇和島方面を望んでみる [続きを読む]
その他	ホーム	ホーム » 企業のプレスリリース » 伊藤忠商事の子会社である伊藤忠ケーブルシステム(株)は分譲マンションにおける大規模修繕に関連するビジネスへの参入を目指し、大規模修繕をテーマにしたセミナーを開催
野球	ホーム	甲子園の阪神戦では、あれだけ打ちまくりホームベースを駆け抜けたドラゴンズナインだが、雨で一日流れ二日おいたこの日は、11残塁という残塁の山を築いた
福祉	ホーム	母は父を老人ホームに入れて、家を売り払って若い男とシンガポールへ行ってしまい、姉は恋愛騒動の末ピアノをやめて彫刻を習って、アルバイトしながらマンハッタンで暮らしていて、しょっちゅう電話をかけてきては姉妹で長話をしている
家庭	ホーム	三菱電機株式会社(執行役社長:野間口 有)は、MLB米国大リーグ・アトランタブレーブスのホーム球場である、ターナーフィールド球場に大型LEDフルカラースクリーン「オーロラビジョン(海外商品名:ダイヤモンドビジョン)」を納入し、このたび、世界最大の屋外型デジタルハイビジョン映像スクリーンとして、ギネスブックに認定されました
福祉	ホーム	介護職員の医療行為については、一定の研修を受けた特別養護老人ホーム(特養)の介護職員だけが、看護職員と連携しながら口腔内のたんの吸引と胃ろうによる経管栄養を実施することが認められている
野球	ホーム	有名な新庄選手のホームスチールは、ピッチャーの投球の際のものではないので、ご質問者の意図したものと違いますが、昨年のシーズンで横浜の佐伯貴弘選手がそのホームスチールをしています【リンク参照】
家庭	ホーム	自宅のリビングでのホーム・コンサートを模した雰囲気でという事でしたが、盛り上がってしまいました~ 温かい雰囲気の中でリラックスして演奏させていただきました
鉄道	ホーム	122 【土用の丑】うなぎのまとめ焼きが原因で約150人が非難 28日正午ごろ、JR千葉駅の駅員から「外房線ホーム付近で煙が出ている」と 119番通報があった
家庭	ホーム	ホームチームが3塁側ベンチを使うようになったのは、日本では日本ハムが初である(東京ドーム等の他球場で主催試合を行う時は1塁側ベンチに座っている)
福祉	ホーム	4 都道府県知事は、有料老人ホームの設備又は運営が老人の福祉をそこなうものであると認めるときは、地方社会福祉審議会の意見を聞き、当該有料老人ホームの設置者に対し、必要な勧告を行なうことができる
福祉	ホーム	内容は、『2020年の介護サービス利用者が、現在から約250万人増加して約624万人になると試算し、介護施設(特別養護老人ホーム、介護老人保健施設、介護療養型医療施設)の定員も現在の88万床から20年には168万床へと増床する
鉄道	ホーム	あの近辺では最終列車が引上線やホームで終着を迎えるため、列車順序が入れ替わっていると遅れてきた列車が引上線に入れず車庫前で立ち往生する場合があります
福祉	ホーム	今日ユニットケアの取り組みは、病院・特別養護老人ホーム・介護老人保健施設・グループホームなど、日本全国の様々な施設が様々な環境・条件の下で多様な取り組みを展開しており、現状の取り組みを簡潔にまとめることは難しいが、本調査研究を実施するに当たっての視点を示すものとして以下に示すものとする
福祉	ホーム	Jリーグができる時に練習場は志木だけどクラブの登記上の所在地が浦和だった現在のアルディージャに浦和をホームにJ参入を打診したけど断られて他のクラブを探してレッズの誘致に成功
その他	ホーム	パソコン通信を愛し、インターネットを楽しみ、ホームページを作って情報を 発信している「高齢新人類」であっても、久しぶりの東京駅や新宿駅の人ごみの中では、人の多さに圧倒され流れに乗れず、駅のホームをオロオロと人の流れに逆らって歩き、人にぶつかりそうになりながら改札口に向かう私であった
福祉	ホーム	com 介護保険や老人ホーム・グループホームなどの介護施設、デイサービスなどの介護サービス、 ホームヘルパーやケアマネージャーなどの介護資格などの高齢者介護の情報を発信します
福祉	ホーム	・利用者様の生活の場であるホームでの暮らしを少しでも楽しく、生き甲斐を持って過ごしていただくために、民謡教室・俳句会・各種レクリエーション等利用者様お一人おひとりの趣味の充実に向けて援助いたします
家庭	ホーム	・2007年までの前田秀樹監督時代には、ホームゲームの勝利時、前田監督の車を紅白幕で飾ったり、うまい棒をお供えしたり、監督を胴上げしたりする「前田祭り」が開催されていた
福祉	ホーム	千葉県鴨川市の老人ホームに入居する79歳の夫婦が日本赤十字社(東京都港区)にほぼ全財産の総額9億7000万円相当の寄付をする契約を結んでいたのが明らかとなった
野球	ホーム	1、2塁間で走者が挟まれてる間にホーム狙ったというおお振りで見たような展開だったらしいです(しかもホーム送球の間に走者2塁へ、ホームもセーフというナイス展開だったようで)
福祉	ホーム	■吉田社会福祉課長■ 特別養護老人ホームにつきましては介護保険制度導入後介護報酬によって法人による自助努力、創意工夫をこらした自助努力による運営が可能のなっておりまして、サービス水準などにつきましても法人の自主的な取り組みによって運営されておるものと考えております
鉄道	ホーム	ローマ・テルミニ駅の空港に向かうレオナルド・エクスプレスホーム(23〜27番)は荷物ナシでも5分強は歩く奥まったところにあるので、荷物をカートに載せて歩くには余裕を持って、乗車予定時刻の30分以上前に駅に入りました
その他	ホーム	唐木田行きのホームウェイ号は、距離こそ短いものの乗車時間は30分ほどと、通常時の新宿〜町田に匹敵するが、ゆとりある空間と「着席」の魅力は揺るがない
家庭	ホーム	—— シルバーケア三瀬は社会福祉法人 敬愛会を経営母体とし平成5年4月より事業を開始しホームヘルプサービス、デイサービス、ショートステイ、在宅介護支援センター、特別養護老人ホームのサービスを提供している
福祉	ホーム	本書に登場するソルは、老人ホームでも「新しいボランティアをむかえるのが好き(要は、ボランティアが居つかない)」ことで有名な筋金入りの偏屈じいさんだ
鉄道	ホーム	去年の秋に比べホームや駅前に新しいビルが現れるなど稚内駅前再開発もいよいよ佳境に入ってきましたが、私の親しんだ駅舎やホーム上屋はかろうじて残っており、それなりにまだ稚内駅のよさが味わえる状態です
その他	ホーム	最初は、紅花ホームの関連の御質疑でございますが、事業費、建築規模、それからいろいろ各市町村ごとの負担金の算出方法とか御質疑があったわけで、順次お答えを申し上げます
その他	ホーム	ただ、いまはファンの皆さんも「ホームは一塁側にいるもの」というイメージが強いだろうから、いきなり「今日から我が球場では三塁側にホームが座ります」などとやったら、お客さんが混乱してしまいかねない
福祉	ホーム	その点、特別養護老人ホーム、養護老人ホーム、軽費老人ホームの3種類は公的な社会福祉施設ですから、設備や職員数、介護の内容等の規制がとても厳しいです
家庭	ホーム	ホームスクーリングを始めた当初、管理教育も放任主義でもないと思いましたが、同時に、学校の教育指導要領にかえて、ホームスクーリングの「プランニング」が必要と考えて、話し合ったことがいくつかあります
鉄道	ホーム	動物園前駅まで13分 京セラドーム→JR大阪駅(1番ホーム)より大正駅まで11分 甲子園球場→阪神電車・梅田駅より(特急)で甲子園球場まで12分 大阪城→JR大阪駅(2番ホーム)より大阪城公園駅まで9分
福祉	ホーム	9月11日(木)、特別養護老人ホームゆりの荘で、八千代子育てふれあいセンターに通う1歳児の親子6組と施設のお年寄り19人がふれあいを楽しみました
鉄道	ホーム	駅舎とホームを結ぶ黄色いハンカチ・・・大行司駅から徒歩10分ほどの所にある「いぶき館」でロングラン開催中の「高倉健展」のPRのために2年前に張られました
家庭	ホーム	もし開幕日が高校野球と重なったら阪神球団としては、開幕権を4位球団(扱い)のヤクルトに譲るか、もしくは甲子園以外の球場でホーム開幕戦を行うか、の選択が必要になってくるだろうね
その他	ホーム	ホーム » 企業のプレスリリース » 調剤専門薬局でのパート薬剤師募集【大阪府茨木市】 関西に根ざした薬剤師専門の求人情報サイト『ファーマシスト・リサーチ』
家庭	ホーム	体調の関係で3年前から上石神井のロヨラ・ハウスに移り住んで居られたが、イエズス会神学院長のロバート・ディーターズ神父によれば“マッコイ神父の「ホーム」は常に四谷だったそうだ
家庭	ホーム	各球団のホームゲーム2試合を対象に、各試合10組の小学生とその保護者をペアで(合計120組240名)招待し、球場探検ツアーなどキッズデースペシャルイベントに参加しグラウンドレベルの野球を堪能してもらうものです
家庭	ホーム	今年のリーグ戦では数年前まであったの高知開催以来の道外ホームゲーム(西が丘)があるのだが、スケジュールを見た瞬間は「ドームが日ハムで使えないんだな」くらいにしか思ってなかった
家庭	ホーム	ホームヘルパーやケアマネジャー、デイサービス・デイケア職員、特別養護老人ホームや老人保健施設、グループホームなども優先接種対象に加えるよう要望している
その他	ホーム	最新の重要文化的であると共有参加メンバーためにいかに自分なりの環境がダイニングや道路にためのごのある良い都市と家庭卯辰山工芸工房卯辰山工芸工房ホームホーム工房卯辰山工芸工房卯辰山工芸工房棟共用施設設備一覧技術
野球	ホーム	気になったのは二回の昌平の攻撃時に(二回だったかは覚えてないが確か二回)ランナー二塁時に安打が出てランナーがホームまで帰って来るもバックホームされアウト、終盤にも内野ゴロでホームまで走るがバックホームでアウト
福祉	ホーム	施設に入る場合、今寝たきりの人を受け入れるのは特別養護老人ホーム(医療はほとんどなく生活介助が中心)29万床だけだが、2000年から今の老人保健施設が介護施設に変わり(28万床)、療養型医療施設(いわゆる老人病院)19万床と合わせて、約80万床あるのみである
鉄道	ホーム	ホーム南端から改札を出て3番出入口に向かっていくと、早大理工方面出口もあり、 更にエスカレータで登りシャッターをくぐり抜け、コンクリート打ちっ放しのトンネル を左または右にでると大学構内中庭です
野球	ホーム	天理が近江のホーム突入を外野手の好返球で切り抜ければ、延長に入ってサヨナラ負けのピンチに立たされた小原投手が1死満塁の絶体絶命の局面をしのぎきるなど、近畿大会でもまれに見るナイスゲームとなりました
家庭	ホーム	また、ホーム開幕に先立ち3月9日(木)付スポーツニッポン新聞東京版において「ジェフユナイテッド市原・千葉開幕特集」を4頁で掲載することが決定しております
鉄道	ホーム	そういえば思い出したのは、別府駅のホームで電車を待ってるとき、女性アナウンスの声で、『べっぷぅぅぅ〜〜〜〜 ぺっぷぅぅぅ〜〜〜〜』ってのがあって、Steveがわらいだした
家庭	ホーム	パの強敵西武相手に5回、8回と二度の猛打爆発でビッグイニング、ホーム神宮で約一カ月ぶりの勝利をワンサイドで気持ちよく飾ることができると思っていたら、9回から登板したヘチョンによってぶち壊されてしまった
その他	ホーム	しかし、アウレリオ・ヴィドマール監督はアデレードが来週の南オーストラリアでのホームマッチを優位に迎えられることでオズワルド・オリヴェイラ監督よりはハッピーだろう
福祉	ホーム	ケアハウス(介護利用型軽費老人ホーム)とは、 簡単にいえば第一線を退いてから後の人生を、老人としてではなく年齢を重ねた一人の人として安心して暮らすための施設です
その他	ホーム	ホーム ジュエリーリフォーム ジュエリーリフォーム実例 ダイヤモンド プラチナなどの古いデザインのダイヤのリングを、幅細のつるっとしたプラチナのリングにリフォーム致しました
福祉	ホーム	マンションの集合住宅ゾーンと戸建て住宅ゾーン、そして有料老人ホームの3タイプの住まいが複合する街で、ライフステージに合った住宅形態が選べ、住み替え希望にも対応できる「暮らしが循環する街」、それが、三世代が共に暮らす街「ルナ∞ヴィータ」です
福祉	ホーム	アメリカは車社会であるが、大都市の高速道路の路肩に捨てられるごみを拾い集めたり、地元の小学生を相手に脱税の違法性を講義したり、老人ホームに出向いて孤独な老人の話し相手になったりする、といったことをさせられるのである)
鉄道	ホーム	札幌駅ホームに停まってる岩見沢方面行き19時14分発の快速の車内にいるんだけど、駅員に聞いたところ一本前のJRが苗穂駅でとまってるから発車出来ないそうです
家庭	ホーム	福岡移転の元年である平成元年(1989年)は、福岡ダイエー(当時)の試合を平日のホームゲーム(勿論ナイター)の限定で、福岡放送制作で中継していたものを、系列局である東京の日本テレビで深夜0時30分から1時間程のダイジェストに編集し割と頻繁に録画放送していた(これは同年のみの中継で、解説は現在と同じ長池徳士を中心に、ごく稀に当時系列局・広島テレビの解説者だった小林聖始[現・中日コーチ]も担当した)
その他	ホーム	(社)日本ホームヘルス機器協会は7日、市販後製品の安全確保をテーマに「生涯教育研修及び消費者相談窓口担当者講習会」を東京・全国家電会館で開催した
福祉	ホーム	また、重複の特別に重い障害程度で例外的な介護が必要、特別養護老人ホーム入所に相当する要介護度に該当しながら空き定数がないため「待機」している人、児童虐待などの複雑な養護背景を持ち十分な心理的ケアを必要とする子どもの緊急かつ不定期な保護なども「採算」や「効率」を考慮すれば「受け入れたくないケース」となるのではないでしょうか
福祉	ホーム	我々は、空腹に苦しむホームレスとその子供達だけに限らず、地域の子供会の活動に参加している子供や老人ホームのお年寄り、そして地域の各種活動団体の人々にも食事を提供している
その他	ホーム	不動産賃貸・不動産売買(賃貸マンション・テラスハウス・戸建など)を都筑区 ・ 港北ニュータウンでお考えなら、住まい探しのパートナー、ツインホームへどうぞ
鉄道	ホーム	結局、1回しか乗車せずに終わりましたが川西国鉄前駅は駅舎も無く、ホームだけがポツンとあるだけの簡素なもので路面電車の終端みたいな雰囲気がありました
福祉	ホーム	老人福祉法ではデイサービスセンター、短期入所施設、特別養護老人ホーム、養護老人ホーム、軽費老人ホーム、老人介護支援センター、老人福祉センターの7種としています
福祉	ホーム	まず現在、本市内における介護保険施設といたしましては、介護老人福祉施設、いわゆる特別養護老人ホームが3カ所、介護老人保健施設及び介護療養型医療施設がそれぞれ1カ所ございます
鉄道	ホーム	KDDIと沖縄セルラーは21日より、歩行者向けナビゲーションサービス「EZナビウォーク」において、駅構内での乗換時に降車ホームから乗換ホームのルートを静止画と文字で案内する「駅構内乗換ルート」の提供を開始する
家庭	ホーム	ジャイアンツもフランチャイズ確立前は近畿圏の賃貸事務所 有楽町・銀座・賃貸オフィス 有楽町・銀座でもホーム扱い(後攻め)となる試合が稀にあったが、それが確立されてからは近畿圏でのホームゲームを行う機会は西京極球場でのオープン戦を除き、殆どなかった
福祉	ホーム	住み慣れた我が家で、事情が許せるなら、周りの人の手助けを借りながら暮らしたい人、まだ元気なうちにホームでの生活をエンジョイしつつ、介護が必要になったときでも安心して暮らせるようにしたい人、『住まい方は生き方』といわれるようにさまざまですが、情報をしっかり見・聞きすることは、とても大事なことです
鉄道	ホーム	途中ホームがない為、藤沢⇒武蔵小杉間でノンストップ運転を行い、車窓の撮影をしましたが、この動画はそのうち将来相模鉄道線との結節点となる予定の横浜羽沢駅を通過する模様です
鉄道	ホーム	羽越本線は全線電化されていますが、村上‐間島間に直交デッドセクションが存在し、交直流近郊型電車を所有していないJR東日本では、酒田‐村上間を気動車によりピストン輸送しています、右はホームへの据付け準備をしている485系特急いなほ
福祉	ホーム	施設サービスとは、介護老人福祉施設(特別養護老人ホーム)・介護老人保健施設(老人保健施設)・介護療養型医療施設(療養型病床等)での施設に入所して受けるサービスです
福祉	ホーム	特別養護老人ホームは65歳以上の高齢者で、身体上または精神上著しい障害があるため常時介護を必要とし、在宅生活が困難なことから、市町村の「要介護認定」 の結果、要介護1〜5と認定された方(※特定疾病により要介護状態となった40歳以上の方を含む
野球	ホーム	同点直後の9回、川村禿がまたぶち壊しかけたが、サード村田あーっと弾く→レフト内川取る→ホーム送球タッチアウトチェンジ、という「トリックプレイ」(by村田)が炸裂
福祉	ホーム	その施設はどういうことをやっているのか・・・例えば特別養護老人ホームとはどんな人が生活をして、どんなことを目的に運営されているのか・・・などを、知的障害者授産施設であれば何を目的に設置されているのか・・・などということです
鉄道	ホーム	・購入時にゆきのきっぷを挿入した場合は、購入した近鉄きっぷのみを、挿入していない場合は購入した近鉄きっぷと「ゆき」のきっぷ両方を、ホーム上にある「近鉄のりかえ」と表示された改札に通してください
福祉	ホーム	当施設は、入居時の要件が要支援・要介護状態にあることが必須の介護付有料老人ホームであるため、各居室はもちろん、共用施設などでも常時介護サービスが提供できる体制を整えております
家庭	ホーム	グループリーグは12組に分かれてリーグ戦を行い各組上位2位までのチームと欧州チャンピオンズリーグのグループリーグで各組の3位となった8チームの32チームが決勝トーナメントへ進出しホーム&アウェーで戦われます
鉄道	ホーム	因みに池袋側端でヘルメットを借りて線路に降り、所沢側端でホームに上がってヘルメットを返すため、係員が段ボール箱にヘルメットを詰め込んでホームを端から端までせわしなく持ち歩いていた
野球	ホーム	開幕から、ずっと好調な松井秀喜選手は、現在、打率311、本塁打3本、打点7、念願のホームランキング、ファンが夢見る3冠王に向けて、絶好のスタートを見せています
鉄道	ホーム	戸河内町(旧道沿いの商店街は古い町並みとなっています)の中心地の駅ですので、駅舎がある駅で、単線の可部線で交換できるホーム構造でしたが、1985(昭和60)年頃からはじまった加計〜三段峡間の駅無人化にともない北側の線路のみが使用されています
その他	ホーム	ベイシアグループとは、ベイシア・カインズホーム・プラグシティー・オートアールズ・セーブオン・ワークマン・清閑堂・くれよんくらぶ・ベイシアワールドスポーツの総称です
福祉	ホーム	先日、ディーンさんが老人ホームの費用捻出に困っていることを知り、映画「タイタニック」に出演したレオナルド・ディカプリオさんやケイト・ウィンスレットさんらが、約3万ドルを彼女に寄付をしたことで話題になっていた
福祉	ホーム	これは、民家などを改修したところを利用して、特別養護老人ホームですね、そういった入所者の方を半日もしくは1日そちらの民家の方に行って過ごさせるということらしいのです
鉄道	ホーム	もっと、もっと、きもちよくなりたくって、奈未はお兄ちゃんに引っ張られながらホームへと飛び出して、他のお兄ちゃん達に呼ばれるまま、前の線路に止まっていた電車に乗り込みました
鉄道	ホーム	」先頭車両付近の駅員さんは駅から出ることを促すが、ホームへ到着しても、名残惜しくて先頭車両付近にいた人のなかで改札へ向かう人は、ほとんどいなかったようだ
福祉	ホーム	高齢者施設福祉サービスの中で、介護保険制度(現在の法律を参照)に関係する〈1〉指定介護老人福祉施設(特別養護老人ホーム)、〈2〉介護老人保健施設、〈3〉指定介護療養型医療施設について説明する
福祉	ホーム	勤労青少年ホームの機能については、第6次勤労青少年福祉対策基本方針において、社会・経済情勢の変化、青少年の高学歴化、勤労青少年の意識の多様化等により今後期待される機能として、(1)情報受発信基地としての機能、(2)社会人、職業人、国際人としての知識体得の場としての機能、ボランティア活動の拠点としての機能、(3)地域に根ざした活動の場としての機能、(4)相談機能、の4つについて示したところである
その他	ホーム	アイフルホームは、お客様の住まい方、考え方、価値観をお伺いした上で、予算や資金計画とのバランスをとりながら、配慮しなければならない住宅性能に関しましてもご提案させていただきます
福祉	ホーム	実際オリックスグループのひとつに首都圏と関西圏で老人ホームや高齢者専用の賃貸住宅を経営している会社があり、オリックスなら「かんぽの宿」を活用してこのビジネスを全国展開できるのではないかと考えたのではないか
鉄道	ホーム	午前10時30分頃、奈良市富雄元町2丁目、近鉄奈良線富雄駅構内で、ホームにいた男性が、入ってきた奈良発難波行き快速急行電車にはねられて死亡した
家庭	ホーム	春・夏の高校野球大会の舞台として、またプロ野球阪神タイガースのホームグランドとして全国的に有名な甲子園球場は大正13年(1924年)甲子の年に誕生しました
家庭	ホーム	フィンランドの「奥様運び世界大会」、今年はホームの選手が優勝 今年もコスプレ大集合、LAのアニメエキスポ2010 第11回ジャパンエキスポ開幕、フランス 「セクシー・サッカー・カップ」でドイツ代表を応援 フィンランドの「奥様運び世界大会」、今年はホームの選手が優勝
家庭	ホーム	これは私自身の生き方の問題でもありますが、1つには、「住まいのホームドクター」(住宅の主治医)として家を守り、 クライアントとの一生のおつきあいの中で奉仕していきたい
福祉	ホーム	制度改正で特定施設入居者生活介護の指定を受けた介護付有料老人ホームの総量規制が導入されたことで、高齢者専用賃貸住宅にシフトする事業者が増えてきている
福祉	ホーム	この間、子供相撲大会への参加や町特別養護老人ホームの慰問、納涼盆踊り大会への参加、土俵の整備、ダチョウ観光牧場の訪問などを行い、地域との交流を深めた
福祉	ホーム	これに対して老人保健施設(医療施設的な位置づけ)や有料老人ホーム(アパートと同じ位置づけ)は、施設管理者に検診の実施義務はなく、入所(入居)者は市町村長が実施する定期検診の対象とされています
福祉	ホーム	当ホームは厚生労働省の指定に基いた東京都指定訪問介護事業所および東京都指定有料老人ホームとして指定を受けておりご希望に合わせた訪問介護・家事援助・老人ホーム・その他ご高齢者にとって理想的な環境をトータルサポートしております
鉄道	ホーム	あまりに小さいホームと物置小屋のような待合室しかなく、ローカル線のなれの果てという気がしてなりませんが、増毛と留萌の間にある7駅のうち、仮乗降場として開業した簡易駅がここを含めて5つあり、どこもこれと同じような作りになっています(瀬越のホームはまだましだったが
家庭	ホーム	「日本におけるホームファッションの素晴らしい展示会に育て上げよう」(主催者)との意気込みで、レベルの高いコアブースを設置し、各種イベントを展開する
福祉	ホーム	セ・リーグの球団で唯一、有料老人ホーム 東京 の頭に企業名のみがつけられている球団である(パ・リーグでは同様の例としてオリックス・バファローズがある)[12]
鉄道	ホーム	また、サラリーマンが電車待ちの時間にホームで立ったまま飲んだり、電車で温泉旅行に行く際などに昼間から飲む酒という感じの印象がありましたが、それが若い女性に人気のバーで飲まれる飲み物になるには、何かわけがあるはずです
福祉	ホーム	保健・医療・福祉では、当病院、特別養護老人ホーム、保健福祉センターが一帯となったゾーンの中に設置されており、お互いの連携を図りながらら、町民の利用しやすさを第一に考えた保健・医療・福祉サービスシステムを構築して、検討や情報交換を行っています
鉄道	ホーム	昭和37年3月27日に九州大学を無事卒業し、僅かばかりの身の回りの品を纏めて、自宅から2Kmに位置する鹿児島本線遠賀川駅のホームで家族に見送られ、小倉駅で夜行の急行列車に乗ったのは3月29日だった
福祉	ホーム	当施設は、知的障害者が自立を目指し、地域の中で楽しく生活できるように、生活ホームとして、食事、仕事、風呂、洗濯、生活のほとんどを見守っております
鉄道	ホーム	台地と谷津田の間の斜面に同駅は建っており、田中調節池の周囲堤を越えるために線路が高い位置にあることから、1階が機械室、2階が事務所と改札、3階がホームとなっている
