# ファッション: 防寒用・装飾用のえりまき。, 自動車: 筒先を巻くように取りつけた、排気音・発射音などの消音装置。
ファッション	マフラー	負傷した左腕を重点的に責め、特殊警棒での打擲や首絞め、関節技に苦しむファントム、自らのマフラーで首を絞められ、室内の酸素を極限まで薄くされた環境での戦い
ファッション	マフラー	その時に「もう当分電話もしないで」って言ったんだけど昨日電話があって、なんだか良く分かんないうちにアルパカのマフラー買ってもらうことになっちゃった
ファッション	マフラー	搭乗員のマフラーの巻き方の癖に関しても関心があり、どっかに書いたと思うのですが(ブログか、個人的なメールか思い出せませんが・・・・)、西澤さんはマフラー派、色は白、顎までブガブガ巻きです
自動車	マフラー	チューンナップメニューとして、サスペンション、ブレーキ、エンジンオイル、 アーシング、サクション、マフラーがありますが、それ以外のチューンナップについてもお問い合わせください
自動車	マフラー	ノーマルのメガホンマフラーも悪くは無いのですがペイトンプレスのコンチマフラーが付けたく〜そこで、神戸のモトドックさんにエキパイの製作依頼、今後を考え、ノーマルのSRのマフラーが付けることが出来るエキパイを製作戴きました
ファッション	マフラー	その中心的な商品であるコットンマフラーは、製品の売りでもあるたてよこのよろけ模様の特徴を出しながらも、もじり織を併用した効果もあっていくら洗濯しても模様が崩れることはない
ファッション	マフラー	昔作ったマフラーも編み方がきつかったりゆるかったりで、ぐにゃぐにゃな感じでした(^^;; あんなに頑張ったのに旦那ちゃんの反応がイマイチだったので、何度も「ねえ、すごい
その他	マフラー	コンビネーションマフラー(自動車排ガス公害減少・省エネシステム)は、酸化触媒に代わる新技術で、圧力を下げ、人体に有害な一酸化炭素をCとOに分解します
自動車	マフラー	例えば、有名なマフラーメーカーといえばヨシムラやモリワキ・アクラボビッチなどですが、これらはメインの車種をレプリカ・ネイキッド・ツアラーとしているので、その他の車種にも出してはいますが、主流とまではいきません
自動車	マフラー	土曜日の夜に制限速度をはるかに上回る速さで走るトラップマフラーの音がうるさい荷台の上でロールバーに捕まりながらタバコを吸っていたらとてもいい気持ちになってきた
自動車	マフラー	何らかの原因により、エンジンが不調となり、失火し、未燃ガスがマフラー内で燃焼、マフラーが過熱し、マフラー周辺のゴム部品の焼損に至ったものと推定するが、原因の特定には至らなかった
その他	マフラー	ダークレッドタイトマスクとマフラーの2つは前から欲しくてすでに買っていたので、それを元にシミュした組み合わせでパンツと靴を買ったので、あとスキンを除いて4部位
自動車	マフラー	たぶんそれなりにいい感じになっているんじゃないかなと思うのだが、弟いわく、エンジンとかマフラーとかって頭で考えた通りの結果が出ないことが多い、と言うことなので、期待と不安が4:6って感じなのである
ファッション	マフラー	マリンウエアブランド「アルスール」 横浜生まれのマリンウェアブランド「アルスール」は、 海や川をはじめ、「街」でも着こなせる、 Tシャツ、スェット、マフラー、モールスコードブレスレット 等のアイテムを販売しております
自動車	マフラー	ホンダ車のマフラーは交換は見た目と音ぐらい しか期待できない製品が多い中、体感性能を重視しNAらしいサウンドと弾けるようなレスポンスが両立されております
ファッション	マフラー	雨が激しく降る中、ひどい風邪でマフラーを巻きながら采配(さいはい)を振ったドイツのレーウ監督は「勝利を手にするため、チームは精神的な強さを発揮した
自動車	マフラー	東京で再発見したことはこの町は道が狭いぎみなので特に商店街を走行中はそのマフラーなしの爆音と札幌ナンバーのゆえにもやたら多くの通行人が振り返る振り返る
ファッション	マフラー	肩こりに悩まされている私にとって、このロングマフラーは今年も首には巻けないな・・と思っていまして、それならば使いやすいサイズに編みなおしてしまおうと思ったのです
ファッション	マフラー	のんびり散策できてよかったのだけど・・・・ このとき 買ったマフラー無くしました ダンナくんがyunaちゃんとかけ スカルプD 取扱店は知らなくてもいいことなのかもしれない
ファッション	マフラー	今回は製品提案として、ラメ糸を使用した服飾雑貨、ラ ム・ウールの高級素材で作ったマフラーやショー ル、毛皮の手袋などを用意し、三河産地オリジナルだけ でなく
自動車	マフラー	メーカーにもそのような傾向があると思われ、2004年11月に発表・発売されたトヨタ・マークXやレクサス・LS、トヨタ・クラウンでは、バンパーとマフラーが一体的にデザインされている
自動車	マフラー	マフラー出口付近に6mmのネジ穴が有る場合(今回のマフラーには有り)、そこに市販のバッフル(φ47ぐらいで内側からネジを組めそうな物)を仕込むことが出来そうです
その他	マフラー	これに対して一般的に車検対応品と呼ばれるJASMA認定品はJASMA(日本スポーツマフラー協会)が定める保安基準より厳しい基準を満たした(自社測定基準ではない)安全なマフラーといえこちらも車検対応となります
ファッション	マフラー	大判なので首にクルッと巻いて、マフラーにしたり、肩に掛けたりアレンジいろいろ◎オフィスでのひざ掛けとしても大活躍◎これからのシーズンに是非オススメです
ファッション	マフラー	スカーフの中にはショールやストールのような肩を覆うような大判のものから、 マフラー・タイプの細長いものまでが含まれているけれど、カジュアル・アウトフィットの中でこれが非常に有効なアクセサリーになっていることが、 以下に紹介するセレブリティスナップから見て取ることが出来ます
自動車	マフラー	JOBフルエアロ加工LSマフラー加工後期グリル後期ミラハイスピードエアサスJAAA日本自動車鑑定協会の鑑定書付き車輌 追加写真詳細写真はカーセンサーネットにてご確認下さい
自動車	マフラー	また、純正マフラーは車体のサイドに跳ね出す形状になっていますが、このマフラーはどちらかというと車体下にある様な印象でコンパクトなラインとなり見た目もかっこいいです
ファッション	マフラー	【半額以下】【60%OFF】【送料無料】 【アウトレット】 【工場直送品】高級ブランドのOEMを手がける京都の工場で作られた日本製の高品質なマフラーニット無地
ファッション	マフラー	肩に斜めにはおり、ボタンを留めてポンチョ風にしたり、細長くしてマフラー風に首に巻くなど、色々な着こなしが楽しめる点が十―四十代の女性に受けている
ファッション	マフラー	普通に赤いコートに白いマフラーの女の人も見かけ、これが知り合いだったら「サンタみたいだね」って声をかけたらいいのかそれは褒め言葉と取られるのだろうか、いやたまたまなのかスルーしたらいいのか難しいなあ
自動車	マフラー	またVITAMINだけ特別に会場内でエンジンを始動させることを許可され、V8フェラーリ+Cargraphicスポーツマフラーのカン高いサウンドを中国の皆さんにお届けしました♪
自動車	マフラー	この影響で、ホンダはこの部品工場からマフラーなどの部品を調達している中国の4つの工場のうち、南部の広州にある2つの工場で9日に車の生産を停止することを決めました
ファッション	マフラー	話は悪くないんだけど、マフラーしてた誉がいきなり夏服ポロシャツで登場したかと思えば、突然健人の麿スチルが出てきてびっくりするし、誉の家にヒロインと行けばなぜか制服に変わってるし
ファッション	マフラー	その後、「でもあの箱にはマフラーは入らないよね」と軽いツッコミを入れ、「でも僕はそのプレゼント、すっごく嬉しいですね」と素敵フォローもされてました
自動車	マフラー	久しぶりにレッツ4の写真を見ていて、普通に写真にして見る分にはメッキ風のマフラーガードに見えるので、アドレスのマフラーガードもメッキ調にとチャレンジ
ファッション	マフラー	本展では草木染めのやわらかで微妙な色合いを織り上げた舌間のり子さんのマフラー・ショール類も加わり、寒くなるこれからの季節に華やぎを添える作品の数々をバッグ・コースターなど小物も加え、約80種類ご紹介いたします
その他	マフラー	えぇ、今はやりの冬のソナタのしましまマフラーメガネの王子様のボタンなのですけども、20回からブレイクするのがとっても面白くて恨みはとくにないんですけども、べしべし顔面を叩いちゃうんですごめーんね☆
ファッション	マフラー	かぎ針あみは、超簡単なモチーフつなぎと、すぐに編み上がる長あみキャップ、うねあみやすかしあみなどであむマフラー、ストール、バッグ、ベレー帽、キャスケットが登場
自動車	マフラー	負荷に応じて必要最低限のエンジン回転数を設定するエコノミーコントロールをはじめ、エコノミーコントロール設定時の低回転でも高出力が得られる二重巻線方式、小型軽量の新設計マフラー、吸音材の最適配置、樹脂製冷却ファンの採用などにより、群を抜くサイレント性を実現していますしかも容量は41
自動車	マフラー	それと、「なんちゃってRB26」にしてエンジン内部にも手を入れてマフラー、インタークーラーその他全取っかえとなると見積金額も相当な額(GTRが買える)になってしまうので「GTR買っちゃいませんか
ファッション	マフラー	冬は、マフラーや靴下などの使用や重ね着はもちろん、ババシャツと呼ばれる長袖の下着、 保温性に優れたスパッツなどの着用や、使い捨てカイロなど、温めるアイテム総動員で、冷やさない工夫をしましょう
自動車	マフラー	これからチタンマフラーを購入ご希望の方や、装着したがマフラーの排気音が大きくて、室内にこもり不快感を持った方や、インナーサイレンサーをマフラー出口に装着してパワーダウンを余儀なくされている方や、車検のことが気になる方必見です
自動車	マフラー	族車のバイクが駐車してるのを見かけたら、コンビニ袋などをマフラーの先から押し込んで、さえ箸などの細い棒状のもので奥まで入れると、詰まって走らなくなるから絶対やめてね
ファッション	マフラー	各店が指定するキャンペーン対象商品の購入すると先着で「マフラー&手袋パーツセット」がプレゼントとなる「figmaキャンペーン2010冬」が2010年2月5日(金)より開始
自動車	マフラー	自動車用マフラーなどの製造・販売を手掛ける藤壺技研工業(以下「フジツボ」)は、長年運用していたテープバックアップで抱えていた問題を解決するため、アール・アイのSecure Back 3 を導入した
その他	マフラー	また、今回の問題につきましては、輸入車、逆輸入車のアフターマフラーについてもこれを入れるというんですけれども、ヨーロッパの基準をクリアしているものが、国内で果たしてそれは今問題になっていますか
ファッション	マフラー	青山、森崎浩、ミキッチ、井波が別メニューだったものの、その他の選手(ユースの宗近、越智、野口、砂川 また別メニュー組も青山が軽いジョギングを開始し、ミキッチもボールを使った練習を始めていると青山ケンネルスクールでは、生徒さんに向けてこの手作りマフラー教室を開催するんですよ
自動車	マフラー	焼付きの前兆で一番危ない“ジャダー音”は出てないので焼付くことはなさそうですが、 ノーマルマフラーからショットガンに戻したときに自体は一層深刻になりました
自動車	マフラー	また最近ではヨーロッパ系チューナーもこのポロを高く評価し、エアロやマフラーを初めとする様々なパーツが出ておりますので、カスタムベース車として購入するのにも絶好の素材です
自動車	マフラー	オーバーフローではないとは言ってましが通信販売で購入したため、販売店が遠すぎて持っていくことができないので、近隣のバイク屋さんでやってもらっているんですが頻回にわたって依頼しているのでトラブルの症状は理解してもらっている)「マフラーとエアクリーナーが社外になっているので、純正に戻してみないとやりようがないなぁ」って言われてしまいました
ファッション	マフラー	賞状もらいに いってくださいと地ビール、ザクロジュース、ハーブティ、キノコ、さかな、スモーク肉、蜂蜜、牛乳、チーズ、木工品、毛織物(セーター、チョッキ、靴下、かばん、マフラー、帽子)、ゴブラン織りの絵画、ほかにも私の知らない隠れた特産品があるんだろうなあ
自動車	マフラー	自動車用排マフラーなどの大型ワークから、微細な気密部品に関わらず・工業用製品、大気中の環境測定周辺システム・食品・化粧品・などあらゆる方面の検査システムを御社に変わって考え実現いたします
ファッション	マフラー	暖かい服装、マフラーに手袋 をはめているので体はそれほど寒くないが、ロープウエイの駅から一歩外に出る と、猛烈な風と粉雪が顔に吹き付けて、目をまともに開けておれないような状態
その他	マフラー	森嶋はコーナーにもたれかかった谷口にモリシハンマーを連発し、さらに体重の乗ったエルボー、ラリアットからマフラーホールドで左足を捕獲し、そのまま谷口を体ごと押しつぶす
自動車	マフラー	丁度自分の前にいるトライトンはどこから出てるのか分からないぐらい大量のスモッグを吐き出し、あたりの観客はむせて口をマフラーで覆う始末でまもなくリタイア
ファッション	マフラー	先週は寒い日が続いて身体のコントロールが難しく出歩くのもマフラーをしたり外したり朝夕の気温の変化に気を配りながらの連続でしたが今日は朝気温はやや低め風穏やかな朝でした9時に倉吉赤がわら1号館で ひいなの祭り (3月29日~4月5日まで) のオープンセレモニがあり参加しました
自動車	マフラー	本発明の水性塗料組成物は、例えば、焼却炉やボイラーの内面、トンネル内壁、トタン屋根等の金属系建築材、下水処理場の処理層、煙煙突内壁、ストーブの吸出口、自動車用のマフラー、飛行機機体などの被塗装材に塗装できる塗料、汎用耐熱塗料、電線ケーブル皮膜塗料などの塗料として有用であり、また、アルミ溶射の代替等に極めて有用である
自動車	マフラー	プラグホールにキャブクリーナを吹いたりしたんで、最初はアイドリングがばらついたり、マフラーから白煙が出たりしましたが、それもすぐに落ち着きました
自動車	マフラー	昨年はウインドシールド、ミラーをFLHXと同じようにしてマスタッシュエンジンガードに交換したりで自分なりに満足していましたし、マフラー他カスタムあれこれで総額ではウルトラを超えるに至りあっという間にカスタムの泥沼につかってしまいました(笑)
自動車	マフラー	前面:インタークーラーの左側に青いパイプが見える/後面:モンスターのAマフラー、ミスファイヤー、フィルムが貼ってある/車内:トミマキのレカロシート、ツイータースピーカー、レーダー/エンジン内のパイピング等を変更しています
ファッション	マフラー	人間は、頚部で、外界の温度を感知するので、首をマフラーや、タオルなどで温かくすると、手足の前毛細血管括約筋が開いて、手足の血流量が増加し、冷え症が改善される
自動車	マフラー	ただ、フロントカウルがボロボロなのを除けば、あとはグラブバーやマフラーに傷や凹みがある程度で、錆だとか油漏れだとかいった致命傷に至るような破損は無いのが救い
自動車	マフラー	ある日エンジンの様子がおかしくなりマフラーからはかなりの白煙が出ていて店に積車で引取りに来て何度も診て欲しいと言いましたが短い距離なら乗って来ても大丈夫と言われ渋々乗って行き診てもらうと問題ないと言われましたが調子は戻らずもう一度店に言うと今予約でいっぱいで診れないなど逃げているとしか思えない対応だったそうです
自動車	マフラー	'' ランサーエボリューションX(クールシルバー) GRS、SST、レザーコンビのノーマル状態からカロナビ、カーセキュリティ、HKSマフラー、ブーストメーター、ボンネントダンパーなどコ
ファッション	マフラー	◆屋外服装類:突撃用衣服、速くズボンの衣服、機能の下着、羽毛ジャケット、綿の服、屋外のカジュアルウェア、夏季屋外の服装、複合弾力のオーバー、帽子、マフラー、ベスト、屋外手袋、靴、屋外のカジュアルシューズなど、登山鞋、谷川の靴、サンダル、スリッパ、屋外靴下、靴の種類など;
自動車	マフラー	E51のエルグランドにHKSのマフラーをつけ、中間をAPEXに交換したら2000rpmあたりでかなりのこもり音が・・・家族にも戻せと言われていた所スーパーサウンドEVを見つけました
ファッション	マフラー	にしても、ゴールデンタイムにサッカーを放送するってことだけで、日テレには感謝こそすれ文句は言えないのかもしれないし、多くの人に見て貰おうと日テレとしたら努力をしてるのは分かるのだけど、それが、ゲイに間違われそうなレインボー・マフラーや、『クラブのワールドカップ』という呼び方などなどトンチンカンな方向に向かうのは、なんとも
自動車	マフラー	「車のマフラーにくつ下をかぶせてエンジンをかける実験では、天然ガス車やハイブリッド車(ガソリンと電気の両方を使って走る車)ではよごれなかったくつ下が、ディーゼル車ではまっ黒になりました
自動車	マフラー	ノーマルはもちろん改造フルカスタム仕様のやり方はバックレストやマフラー交換にエナメルシートの取り付けとメッキパーツ加工塗装さらにクリアテールランプとウインカーレンズ外装ドレスアップのメインはフロントカウルとショートスクリーン取り付けまたベース車種もグランドマジェスティー250/400に加えcもある
自動車	マフラー	おっしゃるとうり、ガソリンはマフラーの付け根に垂れていて危なかったのですが、どうせこの状態では乗れないので、部品待ちの間に、更なる秘密改造を施しパワーアップして復活させて最近の高性能に慣れた若いライダーどもをブッチギル予定です
自動車	マフラー	「山陰海岸ジオパークエリア」を訪ねて装着したのは言うまでもありません(笑) カスタム後↓↓↓ マフラー写ってないのが残念ですね(ーー;) このバイクでは鳥取砂丘や伊勢パールロードなど色々行きました
ファッション	マフラー	除夜の鐘を待つ間も、聞いている間も、マフラーに帽子で寒さ対策をしていたが、気が抜けたのか、さらに寒さを感じるようになり、手袋を取り出して、完全防寒状態でホテルに戻ることにした
自動車	マフラー	このGPzはノーマルコンピューターの調子が今一つ良くないのとマフラーを交換したのでHALTECHのF9エンジンコンピューターでリセッティングされ大変調子良く走行しています
ファッション	マフラー	寒くなってきたら、これまた旬の柄入り(例えばチェックなど)のマフラーなどを合わせてスタイリングにアクセントを加えるとさらにこなれた印象になります
ファッション	マフラー	吹雪ファンというわけではないのですがどういうところに惹かれるかはきっと・かわいい眉毛・双子の弟との関係・親切・自分の事について一生懸命真剣に悩む所・人気声優だから(声優様:宮野真守様)・技(アイスグランド、オーロラドリブル、ウルフレジェント、クロスファイア、スノーエンジェル、サンダービースト)・体系や顔など・はねた髪の毛・マフラー(今ははずしましたがはずしてもかわいいorカッコイイ
自動車	マフラー	一応、ドリ思考なんですが、テイン車高調、メーカー不明デフ、エクセディメタルクラッチ、トラストインタークーラー、メーカー不明社外マフラー(タイコも触媒もある車検対応)ぐらいなものです
自動車	マフラー	フロントパイプからマフラーはこんな具合、触媒は一個、最初は触媒を2個効率の良いスポーツ触媒を付けてデュアルマフラーを作ってしまおうとお客様と決めていたんだけど、フロアーのスペースも無いし触媒を2個買い直さないいけないしで金額も結構掛かってしまうので思い切って試してみました、でも結局成功したようで、かなりうまくいきました
自動車	マフラー	午前中に連れの会社の駐車場で、点検調整して昼から車検場に走るつもりで作業していたら、マフラー腐食して大きな穴が開いていた(苦笑) 急いで会社まで走り中古のマフラーを取りつけて、車検場に走った幸い間に合ったから良かったが、本人はかなり良い音してることに気がついていなかったらしい(爆)
自動車	マフラー	どちらかというと廉価な素材であり、加工もしやすいため、マフラー部はステンレス、パイプ部はアルスター材、というように、価格を押さえる目的で使い分けられたりもします
自動車	マフラー	マフラーの柄がくる範囲を一括指定(自動選択ツールで)して、パターン(あらかじめ作っておいた100px×100pxのチャック柄)で塗り潰しただけです
自動車	マフラー	大きな前面開口部を持つエアロフロントバンパーはインタークーラーターボの冷却性を向上、腰高のフォルムを低く見せるエアロリアロアスカートは大口径マフラーに対応する
自動車	マフラー	Rマフラーが有って、 どちらも付けられる事は分かってるので、 いつものショップがまだ年内やってるそうなんで富士重工業が軽自動車「プレオ」の生産を2009年12月に終了していたことが7日までにわかった
ファッション	マフラー	【あかね商店】毛皮のバッグ・ハラコのバック・ファー小物・ファージャケット・ファーコート・ファーマフラー・ファーストール・ファーケープ・ファーティペット・襟巻きを直販価格でご提供
自動車	マフラー	まず一つが自動車の単体騒音の規制でございまして、最近マフラーを取り替えると、不適切なマフラーの交換によりまして、自動車の単体の騒音が非常に著しくなるということで、社会的な問題になっているということでございます
ファッション	マフラー	序盤ではビニール地の紫の忍び装束と水色のマフラー・アンダーショーツを着ていたが、中盤からは戦闘時は黒い忍び装束、普段は町娘の格好をするようになる
ファッション	マフラー	まあ、運が全てを決めるのよ、と思いながら携帯用のリュックを押入れから出してみると、中は冬バージョン、ホカロンや毛糸の靴下、マフラーなんかが入ったままだった
ファッション	マフラー	もう今年は一足早く冬も立ち去って、あとは暖かくなるばかりと思っていた矢先の寒の戻りに少々身体がついていかず、靴下二枚履き、室内だけどマフラー巻きでガタガタと震える
ファッション	マフラー	なんかこいつあほやと思ってまた寝ようとしたら、彼女がまた枕元の方見るからそっち見たら、でっかい靴下の入れ物があって、その中にマフラーが入ってました(笑)
ファッション	マフラー	ロレックスの時計(トケイ)、ヴィトンのバッグ、バーバリーのマフラーなどをしている方に質問ですロレックスの時計、ヴィトンのバッグ(あのLVマークのやつ)、バーバリーのマフラー(あのチェック柄(ガラ)のやつ)なんかをしている人(ニン)は、「せっかく高い(タカイ)お金払って買った(カッタ)のだから、周り(マワリ)のみんなに気づ(キヅ)いてもらえないとイヤだ、って
ファッション	マフラー	晴雨兼用傘・エンブレースろうけつ染め 折りたたみ傘/傘・日傘とファー・毛皮・カシミヤのショール・マフラー・ストールのSorcieRenom(ソシエ・レノ)
ファッション	マフラー	FUJITSUBOではエグゾーストマニフォールド、スポーツキャタライザー、 様々な指向に合わせたスポーツマフラーをラインナップしているので、好みのパーツを選択していただきたい
自動車	マフラー	普通シリンダーにこれだけのキズが付くとアイドリングしなくなっったりマフラーから白煙を吹いたりするんですが、RB26は困った事に知らん顔してそこそこのパワーを出して走ってしまいます
ファッション	マフラー	墨田区の京島は、狭い路地の奥に木造の長屋が今でも数多く残る地域ですが、先日の読売新聞で、築60年を超える空き長屋でマフラーを編み続けるというめずらしい芸術活動が続いていることが報じられました
自動車	マフラー	フルステンレスのハイクォリティスペック、TIG 溶接痕をあえて残したレーシーなアピュアランス、そしてリヤピースのみとした設定で実現したお求め安い価格設定のスポーツマフラー
自動車	マフラー	僕は望月のマフラーの裾を掴んで、望月は僕の手を握り、ほとんど走りながら校門を抜け、ふと立ち止まってこっそり軽い挨拶みたいなキスをして、ポートアイランド駅に向かって駆け出した
自動車	マフラー	この状態で、マフラー14内を排気が通過するとラッパ状の開口部2より排気が導かれて筒部材3内および笛4を排気が通過し、該笛4を通過される際に心地よい音が発生する
ファッション	マフラー	スーツやコートの襟元に、ちらりと見せるだけで品格がアップします♪●バーバリーのマフラーは買付けの国や製造工場によってループタグのカラーやデザインが画像と異なる場合がございます
ファッション	マフラー	タオル好きの方たちが まるでマフラーかスカーフの様に 首に巻いていらっしゃいます 安心されるのでしょうね スヌーピーのキャラクターの男の子みたいに・・タオルに自分の息をかけないと眠れないとか・・ありますよね
ファッション	マフラー	各店が指定するキャンペーン対象商品(店舗により異なります)の購入すると先着で「マフラー&手袋パーツセット」がプレゼントとなる「figmaキャンペーン2010冬」が2010年2月5日(金)より開始(店頭で品切れのサイはキャンペーン終了)
ファッション	マフラー	サッカーの応援グッズとしてはもっともポピュラーなものだが、日本独自のオリジナル的要素が強く、欧州などではいまだに古来からのニットマフラーが主流である
その他	マフラー	もっともタイチの方もバッグ自体の高さがラフロより小さいのと、バッグとバッグを結ぶハーネスの取り付け部が下にオフセットされていたので、ドカのアップマフラーでも干渉しないで済みそうな感じだ
ファッション	マフラー	ロマンティックな雪ん子ファッションってイメージだなぁ~(= ゚∇ ゚)♪ピンクのマフラーとパステルカラーのワンピで思いっきりキュートにキマってるよね☆足元にもちゃんとメインカラーの白をもってきたんだね♪星の輝く空の下でステキな冬を過ごせそう☆
ファッション	マフラー	アトゥマが販売した「カシミヤ100%マフラー」の一部商品において、カシミヤが使用されていなかったことが判明したため、該当商品を回収することとした
ファッション	マフラー	スーパーのジャスコを経営するイオン(本社・千葉市)など5社は7日、98〜00年に販売した英国ブランド・バーバリーの婦人用マフラーに偽物の疑いがあるとして、店頭で自主回収を始めた
ファッション	マフラー	試合が終わったあとは、三宮で知り合いと待ち合わせをした上で(待ち合わせの相手、田中くんはレプユニにタオルマフラーを身に付けてフラッグケースを手に持った我々を見て、「典型的なサポーターやな」と笑っていた)、一緒に新神戸駅まで行ってもらって新幹線の時間までみんなで飲んだ
自動車	マフラー	全ての溶剤に強固、ノンオイル処方、耐熱耐性、皮膜層の厚みの優位性からボディだけでなく、ガラス、マフラー、タイヤ、内装部分までこれ1本でOKです
ファッション	マフラー	2006年6月のレーティング対策としてレミオロメンのタオルマフラーをプレゼントしたのがきっかけで製作されたと思われる物でスカイブルーの地にネイビーで番組ロゴがプリントされたタオルマフラーである
自動車	マフラー	普段はモチロンお客さんの意思を尊重するオレなんだけど、この爆音マフラーを元に戻すことだけは独断でやったので、なんとそれに使ったナット(80円)はサービスでした
自動車	マフラー	じぶんはマフラーを換えようとしていてステンレスのワンピースがいいと思いいろいろしらべたのですが、モリワキなどのゆうめいメーカーにはブラックのワンピースしか見つかりませんでした
その他	マフラー	テンプラとマフラー/最北端のおでんを求めて/日本縦断の出発点・宗谷岬に到着/マフラーと味噌おでん/終夜営業のおでん屋/地球岬のツブおでん/マフラー伝来
自動車	マフラー	これって生産中止になったRX−7に搭載されていたエンジンですが、旧セブンに搭載されていた12Aに対し排気量が大きいこととポートが初めから大きくなっており、マフラーと軽いコンピュータチューンでOK
自動車	マフラー	まずRZ買ってすぐこけてしまってノーマルのマフラーが曲がってしまったのでまた純正のを付けるのもなんなのでふんぱつして買ったのですがいまいちって感じです
ファッション	マフラー	フードバトルのスタッフさんに暑いにも関わらずベルマーレのマフラーをしている人がいらっしゃいましたし、会場内にも試合の日でないのにベルマーレの格好をしたかたがいらっしゃいました
自動車	マフラー	横と後の窓に5ZIGENのステッカー/5ZIGENマフラー/ハンドルは赤と黒のMOMO製/ホイールは緑がかった銅色/キャリパー赤塗装/フォグランプ青/黒レカロ
ファッション	マフラー	ローマでは大宮のタオルマフラーを持って行ったら、ASローマのと間違えたのか、ラツィオポインツ(クラブ直営ショップ)で店員に「貴様どこのサポータだ
自動車	マフラー	いまは、元どわりん号の真っ赤なSW20に私が乗っていたまんまの状態(車高ダウン、マフラー交換、エアインテーク装着、タコ足、きのこ型エアクリ、ステッカーも貼ってある)で乗り回している
自動車	マフラー	車ですが、もちろん止まるとエンジンが切れるあの機能ではありません(笑)なんせボロボロのスズキの軽ですから・・・この車も昨冬マフラーが取れたそうです
自動車	マフラー	マフラー(サイレンサー)ステーなども含め、直線的なものが案外多いのですが、クォーターのステー類には、独特の “曲がり” を入れたものも多いです
自動車	マフラー	音量音質ともに不満は有りませんでしたが、最近少し音が大きくなってきたような気がしたのと、マフラー装着当初より気になってた低速時のトルク低下も気になり
自動車	マフラー	ただ作業自体は本当に簡単で、エキパイの10mmナットを2本とマフラーステーに留まっている2本の12mmナットを弛めればノーマルマフラーがゴロンと外れます
ファッション	マフラー	あの日は0度近い気温だったので、ベンチにいたショーミン監督はいつものコートにいつものマフラーで武装していましたが、その隣では膝掛けをして試合を見ている金髪の兄ちゃんがいたのです
自動車	マフラー	優良低減装置は標準のマフラーに比べると一般的に大きくなりますし、マフラー以外の部品類、添加物用タンクなどを装着しなければならない装置も有ります
ファッション	マフラー	今回はふわふわであったかい、この冬イチオシの『キルティング素材の3点セット (帽子、バッグ、マフラー)』をアンケートにお答えいただいた方の中から抽選で7名様にプレゼントします
ファッション	マフラー	このため使用素材には、冷房対策に適した伸縮性のよい「ワッフル調タイプ」をはじめ、秋の肌寒さにも対応する、薄くて暖かい「かのこ調タイプ」、マフラーのような毛糸調の編み方の「ローゲージニットタイプ」と、3種類が用いられ、どのシーズンにも対応できるよう改良された
ファッション	マフラー	見事な武器を手に再びキリンを倒すと懐から彩錦が出てきました また倒すと懐から同じものがでてきました 何度も何個もでてきました それらを一つに紡ぎ取とりマフラーを作りました
その他	マフラー	そして、地球村の小川さんと植木さん、そして私たちのコーディネータのマリックが迎えにきてくれて、早速マフラーを配る難民キャンプテント村に連れていってもらいました
自動車	マフラー	今日ブロスのマフラーが来たので付けに行ってきました サイレンサーの大きさと出口の径は気にいったけど音がかなり大きい(爆音)早くインナーサイレンサーを付けないと (^^;)
ファッション	マフラー	日時/6月13日(日曜日)午前10時~午後3時 内容/手織や刺しゅうのマフラー・カバン、手作りのケーキ・クッキーなど利用者の作業の成果を販売、ボランティアによる焼きそば・焼き鳥などの模擬店、バザー、コンサートなど ※バザー品を集めています
自動車	マフラー	そこでMOTORSTAGEブラスシガーのマフラー+エキパイを考慮中ですが周りにそのセットを付けているバイクが在りませんので、付けている方にその使用感をぜひお聞きしたい
自動車	マフラー	8年前のクルマで、排気量3リッター、ノンターボ、オートマ、4WD、車重約1600kg、エアクリーナー、マフラー交換してあるクルマで、燃費グッツ一切無し、(遠乗りすると)リッター16km走ります
自動車	マフラー	例えば、[2]のマフラー認証制度、これは今、骨格が少しずつできつつあるんですけれども、これはこれまでなかった規制手法で、違法なマフラーをつけていた場合に、それを取り締まりしやすくする手法を、今、お互いに検討会を持って、お互いに知恵を出し合って、回答案をつくっていこうということです
自動車	マフラー	エンジンをはじめマフラーやサスペンションといった重量のある部品を徹底して車体中央に納めることと同時に、重心から遠いパーツは極力軽量化しています
自動車	マフラー	ドレスアップ・エアロ加工・マフラー・タイヤ・ホイール・オーディオ・セキュリティー・メンテナンス・車検・板金等、車に関する事なら何でもご相談下さい
自動車	マフラー	サスもブレーキもサブコンもマフラーもエアクリもノーマルだから、参考にはなりませんが、MTを操作するのを練習するだけだから、1分切れればイイやなんて、軽い気持ちで練習しました
自動車	マフラー	まだ残っているのは、マフラー、アーシング、フットライト、いつでもパワーウィンド、ボンネットダンパー、オイルキャッチタンク、パワーウィンドウスイッチ青色LED化、時計と空調の液晶反転、ELステッププレート、キャリパー塗装、ローダウン、ボンネットモール、アイライン、ドアミラーウィンカー、グリル、ビッグスロットル
ファッション	マフラー	別れもあれば出逢いもあるネ春到来デスウキウキするのは私だけじゃないはずっ私は、ブーツとマフラーを脱ぎ捨てっ春仕様でお出かけ中デス用事を済ませ春物やお仕事服探してみたけ・・・
ファッション	マフラー	まず、絹紡糸、絹紡紬糸という、あまり耳慣れない製品でございますが、絹紡糸というのは、養蚕農家や製糸業者から発生するくず繭ですとか、製糸くずである長さ20cmまでの短い繊維を撚ってつくった糸でございまして、ネクタイやマフラー等に用いられているものでございます
ファッション	マフラー	短めのマフラーだから、コートの中に入れたり、室内でのオシャレアイテムとしてもピッタリ☆サイズ約13×80cm 重量約80g素材・材質 レッキス毛皮製造国 中国広告文責
自動車	マフラー	バイク・オイル・メンテナンス用品│ロールスクリーン・シェード・スクリーン│メンズ・ポロシャツ│ホビー・おもちゃ│スキンケア用品│アウトドア・グッズ│家電│おもちゃ│車・マフラー│釣り小物│
自動車	マフラー	アメリカのハイウェイを走っていると、車のタイヤがバーストして引きちぎられた物(これが1番多い)・タイヤのホイル・たまにマフラーまで路肩の至る所に放置されていますパンクとはかなり違い、スピードを出している(約100キロ~120キロ)せいか結構激しく引きちぎられており、運転している人はとてもびっくりしたと思われます
その他	マフラー	だからアンティパストのマフラーも昔から沢山入れてたんですが、在庫として残ってたのが今流行っているので、アンティパストのマフラーが売れて足りない位です
ファッション	マフラー	天神ロフト1階のロフトマーケットには今、ニットキャップ・ワッチをはじめ、顔まわりが華やかになるストールやマフラーなど、これからの外出に欠かせないウォーマーアイテムがズラリ
自動車	マフラー	何度かマフラーを擦って土肥峠、戸田峠へと行き、18号・80号で修善寺を抜けてまた伊豆スカイラインの山伏峠へ行き熱海峠から十国峠を抜けて芦ノ湖に到着
自動車	マフラー	国土交通省のホットラインステーションに、マフラーを取り替えて深夜暴走されることによって深夜の静謐が害されるので何とかして下さい、という大変多くの苦情が寄せられています
自動車	マフラー	購入した理由 今回のマフラー購入に際しては、予算が厳しくて中古も考えましたが、ネットでアウテックスさんの存在を知り、積極的なレースへの参加や、あの「デイトナ」への商品提供など信頼できるメーカーだと知り決めました
自動車	マフラー	基本的なカスタム(マフラー・FCRキャブ・バックステップ)を施された赤ニンジャは、12年前に手に入れたというお気に入りの相棒ということだったが、その相棒のアッパーカウルとスクリーンには大きな傷と割れが・・
自動車	マフラー	なんせレストアベース車なので出来るだけオンボロの方が良かったが、さすがホイールやマフラーは完全サビサビ状態それにフレームまでもバッテリー液の漏れによりサビていた
自動車	マフラー	)からマフラーが擦れるようなかなり大きな金属音がし出したため、すぐに停止しブレーキ、エンジンルームを確認しましたが異常を確認できずJAFを呼びました
ファッション	マフラー	暑い季節は汗拭きに、寒い季節はマフラー代わりに、お尻に敷いて座布団代わりに、頭にかぶって帽子代わりに、そして球団タオルだったら応援にも使えます
ファッション	マフラー	その、数あるマフラーの中でも1番厚手で長いヤツを今日は着けて出掛けたんですが、駅のホームを歩きながら何気なしに肩から落ちてくるのをちょっと勢い良く後ろに掛け直したんですね
ファッション	マフラー	アメリカの開拓者や労働者が着用していたジーンズを履き、その組み合わせに昔ヨーロッパの金持ちしか着用できなかった、動物の毛皮のマフラーや皮のコートを着るようになった
自動車	マフラー	■商品特徴・フロント部ファスナー式従来のカバーはスソ部分を絞っているため、被せるときにミラー・ステップ・マフラーに引っかかってしまい取り付けが大変です
自動車	マフラー	そうは言っても車検場での加速騒音の測定は出来ないので、マフラー製造メーカーが製品を第三者機関に持ち込み【新たな騒音基準値】を ダイハツ ミラジーノ ナビ付き 車両価格59
自動車	マフラー	人が、石油発動機のフライホイールを手で回して始動させ、マフラーの音を聞きながらベストな駆動状態になるよう調整し、クランクが動き、ピストンが動き『シュッボン、シュッボン』という音を出して動く様子は、どこかアナログ的で、人を惹きつけます
ファッション	マフラー	ネクタイ、マフラー、ハンドバッグ、かばん、傘、つえ、サングラス(視力補正用を除く)等身の回り品、指輪、ネックレス、カフスボタン等身辺細貨具、喫煙具、化粧用具
その他	マフラー	全体的には自然の緑の豊かさを表すグリーンにまとめ、頭のとんがりは氷ノ山、マフラーからは、天滝の水の流れを、そして、手足の緑で妙見杉を表せるようにイメージして描きました
ファッション	マフラー	寒い冬はマフラーを首にひっかけて会合から会合に走り回り、その間、スポーツ好きの先生は、暇を見つけては後楽園球場にでかけ、日本シリーズなら巨人、ノンプロなら地元の大昭和製紙を夢中になって応援されていました
自動車	マフラー	早速の質問で失礼なのですが、中古でRSRのマフラーを購入したのですが、なにぶん中古なので付属品が一切なく、交換には何が必要なのか悩んでおります
その他	マフラー	フェア期間中は、いきものがかりとコラボレーションした「マフラータオル」や子育てに役立つ情報もりだくさんの本「100の知恵」など、ご来場プレゼントをご用意しております
ファッション	マフラー	ある日、あまりの寒さにコートだけでなくマフラー、手袋、ひざかけ、耳あてをしながら居眠りしていたら、先生(気弱・時々ギャグを言うがそれが素晴らしく寒い)に「せめて耳あてだけでもはずしてくれると嬉しいんやけど」と言われました
ファッション	マフラー	そこで、帽子の中と、首に携帯カイロをセットし、さらにマフラーをグルグル巻きにして頭を極度に温めた“頭熱足寒”型と、頭と首に冷却まくらを装着した“頭寒足熱”型で、足先の温度の変化を見てみました
自動車	マフラー	そうなのかもしれませんが、やっぱり例えば私なんかは、すばらしい大自然の中の観光地に行ったときに、船着場で一日中ものすごい音楽が流れているというのは、もう騒音以外の何ものでもなくて、あれを測らないで単にオートバイのマフラーを1台1台測っててもどうなのかなというのは、こういうところに来るたびにいつも思うんです
自動車	マフラー	ヨシムラのトライコーンカーボンエンドマフラーってありますよねサイレンサーが三角っぽいやつですあれって性能的にどうなんでしょうちょいと興味があるマフラーなんですが、また大幅なセッティングやり直しは面倒だしなぁ
ファッション	マフラー	そして、寒い時期におすすめしたいキュートなドット柄のマフラーは、少し配色が変わって登場♪♪そして人気のBaby CC Bearリボン付きストラップなどなど♪♪見逃せない商品が盛り沢山
自動車	マフラー	「車でもさ、妙にでかいエアーポイラーつけたりさ、矢鱈ぶっといマフラーつけてみたりさ、巨大なタイヤをはかせてあたりを見下ろすようになった4WD車とかさ、あるじゃない
自動車	マフラー	具体的には、自動車の使用過程で部品の劣化などによりヘッドライトやウインカーなどの電球が切れたり、タイヤが摩耗した場合や、使用者の方が自ら部品を交換するなどして前面窓ガラスへ着色濃度の高いフィルムを貼付したり、マフラー変更により騒音が増大した場合などは、自動車の検査で不合格となります
自動車	マフラー	カスタムマフラーの豪快と言うか法的に危ない線の感じの”音”が聞き ブルロン†ブオーンと 冷えた床から跳ね返る快音はバイク乗りにしか判らない「癒しの音」かもしれない
自動車	マフラー	」チョンアさん「オーケーよ」でノーマルハズれ、白マフラーで夜空にトリプル、時短と勘違いしてて、時短じゃないアツいかもと見守ってたら、当たりました、最後の1で、(夜空リーチ2回目の当たり、今回は当たるかもと思ってみてたのでじっくり見れました)
自動車	マフラー	ラジエター、マフラー、エキパイ、テールパイプ、後部車軸、タイヤなど多くの部品と干渉を避けるための形状を検討すると共に、重量・重心位置など機能的な要素も同時に設計することができます
ファッション	マフラー	ちょっと肌寒い時に、ミニマフラーとしてコーディネイトしてみたり、お部屋のディスプレイにしたり、腰に巻いたり、ちょっとした変身願望も叶えてしまう、そんな楽しいアクセサリーです
自動車	マフラー	980mmまで伸びた)、専用サイドシル、専用フロントグリル、BBS製17インチアルミホイール、専用チューンのサスペンション、専用マフラーの追加などが挙げられる
自動車	マフラー	オリジナルを基本とし、夏休みに塗装から始め、純正新品最中マフラー、Eng80cc+セル付き4速(12v化)、毎休みに散歩ツーリング中でのスナップだそうです
自動車	マフラー	それに、わたしはマフラーを交換して低速が少し弱くなつたように感じたのですが、プラグ交換をしてからノーマル程ではないですが低速が力強くなったように感じます
ファッション	マフラー	湯水さんが慌ててマフラーを外そうとしたので、僕はその手を制し「僕は大丈夫だからいいよ」と言ってダウンジャケットのファスナーを上まで上げ「ほらね、これで大丈夫だ」と言った
自動車	マフラー	アプリリアRS125ですが混合使用にしようと思いますがエンジンは現在の122エンジンですがキャブレターは前期のデロルト34を使用していますマフラーは規制前の物を使用してますがメインジェトの最適なセッティングと混合比率の最適なデータをお知りな方がいらしたら教えていただけたら幸いです
ファッション	マフラー	誰かがわたしをこの集団のなかに連れてきて、あの人、この人に握手をさせ、名を呼び、痛いところに触れ、ふるえる寒さにマフラーをかけ、黙って、座らせる
ファッション	マフラー	例えば、マフラーを巻いたまま、あるいはジュースを飲みながら職員室に入ってきて、そのことで怒られても、なぜ怒られているのか分からない生徒が多くなりました
自動車	マフラー	愛車はCB750FC改(ブログ等でCB400SFとよく書かれているが、ホイールが1980年代にホンダで多用されたコムスターホイールであり、他のパーツのディティールも含めて、CB750FCベースのマフラー改造車であると2chバイク板で検証されている)
ファッション	マフラー	アビスパのマフラーを巻いて応援していた福岡市中央区の会社員森弘孝さん(30)は「この勝利で、来年アビスパのサポーターがもっと増えると思います」
自動車	マフラー	この車は2003年9月に購入しましたが、購入時にどうしても気になっていたサイドマーカーとちゃちなマフラーを購入後すぐにSCHNITZERのものに変更です
ファッション	マフラー	ivory こんな色のマフラーが欲しいなって探してたらね遠い遠い昔の記憶にたどり着いてやっと見つけましたmixの毛糸で編まれた手編みのマフラー確か小学生の頃motherが編んでくれたの鉤編みしか出
ファッション	マフラー	また腹巻きとしてではなく、アクリル製のニット素材を使っているので頭からかぶって首もとでマフラー代わり(ネックウォーマー)にしたり、伸縮性があるので頭にかぶってニット帽にしたり、首から肩までを覆ってケープのようにしたり、など、利用者の発想次第でいろいろ楽しめるアイテムです
ファッション	マフラー	私は中国の激安な商品といい商品(スカート、服装、アパレル、女性バッグ、男子バッグ、靴、スニカー、ブーツ、ソックス、財布、時計、ネックレス、指輪、ヘアペン、ヘアゴム、マフラー、ライタ、帽子、宝石、天然石、古跡模倣品、ブランド商品、ブリキ玩具、人形、動物の彫刻、フェガー、アクセサリ、携帯のストラップ、携帯のピカピカ貼った物などなんでも)の仕入れ市場をよく知っています
ファッション	マフラー	当日は11組の親子が参加し、和室の半分ではママがマフラー編みに没頭、 もう半分では子ども達がおもちゃで遊ぶ・・・という状況で、和やかな2時間となりました
ファッション	マフラー	たいして寒くもないのにマフラーを巻き、ユニクロのヒートテックを着て、調子が悪いなと思えばジンジャーハニーティを飲んだり、早寝を心がけても必ず風邪をひいてしまう・・・
自動車	マフラー	ボディキットは、フロントバンパー下部を交換するフロントスポイラー、フォグランプ周りを飾るエアインレットシェード、フロントグリル、プロジェクトツヴォーが新たにデザインしたサイドスカート、純正バンパーにオフセットさせて装着するリアアンダーフロアウィング、そしてリアウィングの6点から成り、これらに加え左右2本出しスポーツステンレスマフラーの設定になります
自動車	マフラー	更にこういったことから考えても、安全とモア・フィーリングを求めるなら、マフラー交換+エアクリ交換程度でもインプレッサの場合に限っては電子式ブーコン+ECU現車合わせセッティングが好さそうです
ファッション	マフラー	どういうお客のTPOにふさわしい上衣か、パンツと重ね着か、それだけの組み合わせだけでなく、帽子、マフラー、バッグ、靴などとのトータル提案がそれです
ファッション	マフラー	主演のペ・ヨンジュン扮するカン・ジュンサン、イ・ミニョンのメガネやヘアースタイル、マフラーの巻き方や、劇中にミニョンからユジン(チェ・ジウ)に送られた永遠の愛を示す「ポラリスネックレス」が人気を呼ぶなど社会現象となった
ファッション	マフラー	私の友人なんか、CanCanみたいなOLっぽい格好をしているいわゆるキレイ系の服装が好みの子なのに、彼から貰ったプレゼントはちょーカジュアル&ゴシック系なヴィヴィアンのマフラーですよ^^;ヴィヴィアン高いじゃないですか^^;だからさすがに言えなかったらしいです
ファッション	マフラー	勝者に賞品として、サッカーボールか、マフラー(ドイツ国旗と同じ配色の)が用意されていて、じゃんけんで勝ったジュリアンは祖父がドイツ人と聞いているせいか、マフラーを選び、嬉しそうに持ち帰った
ファッション	マフラー	ファーの様な優しくあたたかな巻き心地のマフラーが、新色追加で今年も再登場♪今回はレッドやオレンジなどの差し色カラーも増え、さらにグンッと可愛いお色みになりました
自動車	マフラー	となれば作るしか無いのだが、マフラーのタイコが収まる部分にあまり余裕が無いし、マフラー出口部分の高さが地面に近いもんで、極太砲弾マフラーなどは確実に地面に擦るハズ
自動車	マフラー	ただし、車高を落としたり、バックミラーはずしたり、マフラー交換などは、パタヤでは違法改造になり警察に捕まると良くて罰金、最悪バイク没収という事もあります
ファッション	マフラー	また、「マフラー川柳」「マフラーにまつわるエピソード」をご紹介 させて頂いた方には、12/13付で100ポイントをプレゼントさせていただきました
その他	マフラー	マフラーは本誌が刊行される3月には沢井氏と大町氏の手により靖国神社資料館に奉納されることになっているが、しばらく私の手許に預からせていただいた
自動車	マフラー	元々私はマフラーなんてフィッシャーの部分が貧弱でなければ特に気にしない人間であったが、トランスミッションの違いだけでこうも変わってしまうのだろうか
自動車	マフラー	最近のミニバンはマフラーテールが斜め下に垂れ下がっていて、バンパーや荷降ろしの際の服の汚れ防止に一役かっているんですが、お情け程度にマフラーカッターがついているものの、どうもいただけません
自動車	マフラー	でもあのカッコいいカウルはないし、セパハンじゃないし、お尻はツンとしてるし、マフラーは片方にすごい太くて長いのがついてるし、静かだし、セパハンじゃないし、あ、これは言ったっけ
ファッション	マフラー	首に巻くだけで全体の雰囲気も一気にゴージャスに♪もう片方の端をこの通し穴に通して留められますファーコサージュが沢山連なったデザインの文字通り華やかなマフラーです
自動車	マフラー	うちの分団のポンプは古くなかなか「真空引き」が 出来ません、マフラー内のOILカスの除去や2ストオイルの選定やキャブ調整やグリスアップなどなど、いろいろ試しましたがタイムは縮まりませんでした、残念・・・・
自動車	マフラー	あわわわぁーと慌てて起こしてみると、マフラーとハンドル、ウインカーに傷が入ってリヤのブレーキレバーが曲がったくらいで、意外にもタンクとカウルは無事でした
ファッション	マフラー	大阪では絶対に着ることのない肉の付いたコートとマフラーで武装してきた僕が、ああ、この装備も無駄にはならなかったな、と思って、なおかつでもちょっと外を歩いてみるか、っていくらいの突き刺され感でね
自動車	マフラー	スペシャルパーツもダイマグTypeホイルをはじめ、カーカー集合マフラー、ロッキードTypeディスクキャリパー、リヤサスなど高級パーツを忠実に再現しています
自動車	マフラー	そこで、ちょいと前に某オクでK'SPECさんのSILKBLAZEマフラーカッターをポチってたんですが、雪が降っているうちは総ステンといえども塩カルで腐食するので、暖かくなってから装着しようと暖めていました
自動車	マフラー	しかしマフラーの色から一文字は正体を見破りますが、あまり会わない一文字が気付いて、いつも顔を合わせている連中が気付かないとはどういうことなのでしょう(笑) ショッカーライダーに対抗するための藤兵衛が考えた新技“ライダー車輪”も効果の程が疑問です
ファッション	マフラー	(冬では偶にマフラー変わりとして首に髪を巻いている姿が目撃されているとかそうじゃないとか) 前髪は額を全体的に隠している感じで長さは丁度眉毛が隠れるくらいまでは有る
自動車	マフラー	単体ではなくマフラーやら何やらついた上での装着だったので、キットそのもののインプレという事にはなりませんが、ブーストの立ち上がりがスムーズになったような印象と、吸気音が「ごしゅしゅしゅしゅ~
ファッション	マフラー	荷物はなるべく軽装にして(ざっくりとしたクロークもあります)、盗難などに気をつけ、そして熱中症にならないように帽子や首に巻くマフラータオルなど準備しつつ、ラクな態勢で灼熱の千葉・幕張まで足を運んでください
ファッション	マフラー	少しききすぎた暖房の中、向かいに座った白いマフラーを巻いた制服姿の女の子はひざの上に閉じられた「天国に一番近い島」のさらに少し上で小さく寝息をたてている
自動車	マフラー	お願いすることにして聞いてみると部品を取り寄せないといけないので先にマフラーやさんに行ってマフラーを直して明日また来て残りの修理をするとのこと
自動車	マフラー	マフラーは岐阜で聞いてきたデータを元にしてるのである程度はしょうがないとはいえ、まあ高くついたことでw さて、こうなったらボディの板金他塗装とかも考えるかな・・・車はお金がかかるねえ
ファッション	マフラー	また、首をマフラーやショールなどで巻いておくと体があたたかい状態になるといいますし、冷たい風を直接肌で感じなくてすみますので、肌寒いと感じるところではできるだけ巻くように心がけています
自動車	マフラー	9リットル「S05D」型酸化触媒付ディーゼルエンジンにEGRシステム(排気再循環)や排ガス中のPM(粒子状物質)を低減するPM低減装置付マフラーを採用、排ガス中に含まれるCO、HC、NOx、PMを低減してクリーン化することで、7都県市・6府県市の低公害車指定制度に適合
自動車	マフラー	前のRがポテンシャル過多だったのと、太いマフラーなど等が少々 お下品だと評判が悪く、それでは、少しお上品に外車(外車=お上品が実に短絡 的)にも乗ってみようとうっかりディーラーに行ってしまった
ファッション	マフラー	私はというと、口の大きく開いたキャンパス地のエコバッグしか持っていっていなかったため、bag in bag(バッグの中に、ブランド物を買ったときに付いてくる布の巾着式の袋を入れる)をした上に、マフラーを被せて、それを脇にしっかり抱えていました
ファッション	マフラー	1審判決によると、鈴木被告は2004年12月12日、福岡県飯塚市の歩道で専門学校生久保田奈々さん(当時18歳)を強盗目的で襲い、マフラーで首を絞めて殺害
自動車	マフラー	せっかくマフラーを替えるのですからパワーが上がらなければ面白くありませんが、パワーアップを優先すると高回転重視型となり低中回転域のトルクが犠牲になりがちです
ファッション	マフラー	あと、ナスノがマフラーで口元を隠そうとする場面が目立ちましたが、あれは体調不良なのかそれともゲリラ風のファッションなのか、ちょっと気になりました(^_^;)
自動車	マフラー	マフラー、キャブやら外装ちょこちょこ弄ってるが(盆栽仕様)うちの会社、乗り物、モータースポーツ好き人多いから何も気にしないね♪ ただ事故は気を付けろって言われるが
自動車	マフラー	ジータ用のマフラーは以外と発売されているメーカーが少なく(セダン用は今でも多数のメーカーから発売されています)フジツボ製がありましたが受注生産品のため注文して1カ月ぐらいにようやく装着されました
自動車	マフラー	そしてあの幻のライトウエイトスポーツ「ウルフ」を彷彿とさせるスリムなタンク、伸びやかに天を突き刺すアップマフラー、我こそはオフロードモデルと言わんばかりの武骨なブロックパターンタイヤ・・・(もう今は新聞配達タイヤになってるけど)
自動車	マフラー	エンジン回転数に対してアクセル開度が大き過ぎるため、燃料の霧化がうまく行われず、生ガス状態で燃焼室に流れ込み、プラグが失火し、マフラーに流れ込んだ生ガスがマフラー内で燃えているのです
ファッション	マフラー	ほかにも、キョンに化粧をほどこされる古泉や、古泉に口移しで口紅を塗られるキョンや、古泉が選んだマフラーを照れながらまくキョンなんかが楽しめちゃいます☆
ファッション	マフラー	顔はパイドとはちょっと違うだろうけど、マズルから頭の頂点にかけてホワイトが走っていて、ボディは首に太い白マフラーを巻いているように、ホワイトがぐるりと入っていて、チェスト、四肢の先っぽ、尻尾の先っぽにホワイトが入っています
自動車	マフラー	足回りは社外品なのに今時電装類は純正やマフラーにサイレンサーとかシートベルト常用、回りへの思いやり運転なんかをしていたら、逆に怪しいオーラが出るかもしれないが、直管で擦れ違う改造車等に意識過剰だろ
ファッション	マフラー	甥っ子用のマフラー(本体を編んだのはみるきー)とフライングキャップ、幼稚園のお友達へのプレゼント、みるきー・ゆーぴー・姪っ子ちゃん用のフライングキャップ
自動車	マフラー	トレッドの拡大に伴うワイドフェンダーの装着、 左右に振り分けられたマフラー位置の変更など、 エレガントかつスポーティなスタイリッシュサルーンへと変貌を遂げている
自動車	マフラー	ハーレーダビットソン 純正パーツ 、輸入カスタムパーツ(クリアキン・バンス・ダニーグレイetc)マフラー・シート・グリップ・小物多数取り揃えております
ファッション	マフラー	観光客相手には毛糸系の商品、帽子、セーター、マフラーなんかが良く売れるわけだが、ネパールでは「チベタンウール」と呼ばれる地元の羊とか、ヤクと呼ばれる妙な牛みたいな動物の毛糸が使われていた
自動車	マフラー	また、これまで罰則のなかった「急発進」「空ぶかし」などの騒音運転に対しても、新たに5万円以下の罰金を科し、消音器(マフラー)の不備や改造に対する罰則は、5万円(従来は2万円)以下の罰金に引き上げられました(71条の2、120条1項9号)
自動車	マフラー	ここ最近は、カタナの最終段階の作業、終わらせながら、社長の頭のなかでは、次の製作モノ、GSX1400のマフラー&ステップのことが脳内を占めはじめているいるそうな・・・(笑) 普通は、重作業である、今回のGSX1100Sカタナ、無事にエンジンもかかり、ここまでくれば、達成感
自動車	マフラー	理想はノーマル位置と反対側との二本出しで砲弾型サイレンサーじゃなく、あまり大きくない出口の径でまっすぐ出し(^^)それか・・・出口砲弾型タイプでサイレンサーとマフラー出口の径が少ししかかわらない感じでサイレンサーの奥まで拳が入るようなのがいいかな
自動車	マフラー	俺、2枠使って止めてる車とかあったら、フロントガラスに唾、マフラーの中にパチンコの玉を10個ほどプレゼントしてあげてるw チンピラ風が多いけど、気にしない
自動車	マフラー	かなり取り付けに待たされたので店内をグルグルしすぎてあれもこれも欲しくなってしまってミラー一体型レーダーと洗車用ムートンも買ってしまいました、あと自分のX君のお尻もなんか寂しいのでとりあえずマフラーカッターでも付けるかと思ったのですが、念のために店員に聞いてみたら「純正のマフラーカッターが固定式で交換できませんね」と言われてしまいました
ファッション	マフラー	日時/6月8日(日曜日)午前10時~午後3時 会場/希望の家(富士見町2―16―33) 内容/手織や刺しゅうのマフラー・かばん、手作りのケーキ・クッキーなど利用者の作業の成果を販売 ※焼きそば・焼き鳥などの模擬店、バザー、コンサートなども行います
自動車	マフラー	メーカーサイトで詳細を確認⇒こちら超効率スポーツマフラーのスタンダードモデルARQRAYスポーツマフラーシリーズの中でも最も幅広い車種に対応しています
自動車	マフラー	それが一番顕著な部位がマフラーで、現行のモンスター696/1100へとフルモデルチェンジする前にも何度か取り回しやデザインが変更されているが、モンスター400には初代同様のスタンダードなレイアウトが継承されている
ファッション	マフラー	このマフラーは、細目のモヘア糸を太い棒針を使ってざっくり編んでいますので、丸まる力も弱めですが、普通の極太毛糸などを使ってきつく編むと、邪悪なほど丸まってしまうことがあります
ファッション	マフラー	タオルというと、白や青が定番ですが、現在は、多品種少量生産で、100色のタオルを生産、パイル地をつかった帽子やマフラー、エプロン、シャツなど、様々な製品が製造販売されています
自動車	マフラー	認証マフラーへの交換を行った車両については、車検時の公的試験機関の試験成績書の提示を不要とすることでユーザー負担の軽減を図るとともに、良識あるユーザーや販売店の適切な交換用マフラーの選択に資することが必要
その他	マフラー	しいたけらしく、日焼けをする(干される)ことによって栄養素や旨味を増す他、いつも身につけているマフラーは煮ると美味らしい(ただし、マフラーに含まれる出汁を吸われるだけ)
自動車	マフラー	DS250をもっていて自分もマフラーを買いたいなとパーツ屋さんに聞いたところ『排気量の小さなVツインエンジンは2in2の方が、速度が上がった時に音が2in1よりかは、切れ目
自動車	マフラー	当初心配したマフラーの爆音も「これ純正だよね」「そう」で終わったし、次回も絶対ユーザー車検をうけるし、皆さんも是非チャレンジして欲しいと思いました
ファッション	マフラー	季節外れというか、今年のこの暖冬の所為で、主人もわたくしも、ジャケットを脱ぎ、マフラーをはずしてのお散歩、額にうっすら汗まで浮かび上がる、そんな素敵な一日でございました
自動車	マフラー	H5年式のエスティマ・エミーナは、刑事コロンボの車さながらにマフラーから白煙をもうもうと吐き出し、時速50km未満では暖房が効かないという高速自動車道専用寒冷地仕様になっていました
自動車	マフラー	すいません全然関係ないんですが家の50Sですがノーマルマフラーが折れたためポリー○のチャンバーニかえたところ変な液体がサイレンサーに溜まります何でですかね
ファッション	マフラー	黒羽は寒くてもマフラーすらしていないのに、天根はこの季節に生まれたのに寒いのが本当に弱くて、モコモコのフリースにもう真冬に巻くようなゴワゴワしたマフラーを巻いている
自動車	マフラー	)また、これもよくよく考えてみますと、ふん詰まり気味のノーマルマフラーの方が、エキパイのところで抜けをよくすることのパワーに与える影響が、よりポジティブなものとなるのではないかというふうにも思われます
自動車	マフラー	本件は、平成16年4月15日午後7時ごろ、新居浜市萩生2718番地の10地先路上におきまして、普通乗用車が北から南へ走行中、道路横断水路を通過した際、グレーチングがはね上がり、当該自動車のマフラーが破損した事故に係る損害賠償の額を決定したものでございます
自動車	マフラー	いや、一家に1台ですべてを賄う最大公約数のクルマっていう事情も分かり過ぎるのですが、その中で少しでも主張したいとなると弁当配達みたいなクルマをローダウン、スポーツマフラーとエアロでドン・キホーテに乗り付け「煌パパかっこいい
自動車	マフラー	キーオンでクランキングして、エンジンがかかった直後のブリッピングのひと吼えが、いままでとはまるっきり違いスポーツマフラー特有の乾いて抜けの良いエクゾーストがけっこう大き目の音でひびく
自動車	マフラー	というのは、一つ、最近、国交省さんの方でマフラー認定のパブリックコメントというのをインターネットでやったのですね、そうしたら、マフラーの販売件数がかなり落ちたのではないかというお話しがあったそうです
ファッション	マフラー	某超有名マフラーメーカーさんは、グラスウールは1万kmからせいぜい2万kmで要交換、というご見解でしたが、エンジンコンディションや使い方によっては、もっとずっと早いこともあるってことですね
ファッション	マフラー	マフラーを引っくり返すと経文というのはなかなか考えたなーと思いましたが、土曜日は気が付きませんでした(笑)楽のほうが大げさにマフラーを引っくり返していたような
ファッション	マフラー	なんだか長くなってしまった・・・・下の写真は高崎山に向かう歩道橋のサル君だが、誰とはなしにマフラーだの帽子だの、Tシャツだのを着せていくので有名だそうだ
ファッション	マフラー	ちなみに来年の可能性はすでにない)、マフラーとか膝掛けとかの防寒グッズは揃えているので、ダウン着込んでニット帽かぶって装備万全で行ったんだけど、気温も寒かったが試合も寒かった
自動車	マフラー	ちなみにオイラのマフラーはワンオフの砲弾型1本出しなので片側は付いていても全く意味がなく、マフラーが装着されている側も極力ストレート構造で作られている為、配管が斜めに通っているのであまり意味がありません
ファッション	マフラー	綿でできたマフラーがないかさがしておりましたところ、御社のタオルマフラーを見つけることができ、やっと子供が使えるものがあったと喜んで購入させていただきました
ファッション	マフラー	⇒その他の着用アイテムはコチラでチェック【この商品の特徴】カラフルなブロックチェック柄で秋冬スタイルにアクセントをプラスしてくれる肌触り柔らかなマフラーです
自動車	マフラー	けれど少しでも力を抜いて肩を落とすと、マフラーをしていない首筋に冷気が入り込んでくるし泣きそうになってくるので、あたしは誤魔化し誤魔化し、痛みと寒さの合間を綱渡りしながら冬の街をずんずんと歩いていく
その他	マフラー	(11回目)ここからまたもや「まったりモード」へと突入し、悶々としながら打ち続けていると、470回転目(時短含む)に「SU2・赤マフラー」から「4」でリーチになると「ミニョン群」が出現
自動車	マフラー	ここで、に~さんに質問なんだけど、わりとカスタムする時ってマフラー辺りから換える人が多いと思うけど、ゴリ君にこのマフラーが残っているのには理由があるんですか
自動車	マフラー	(1)の場合、不適切なマフラーを適切なモノに交換し(純正と同程度の直径の排気管、バックプレッシャーがかかるバッフルがついたマフラー、排気と消音のバランスが取れているサイレンサー)、再度セッティングがするのが良いでしょう
ファッション	マフラー	また、イベントに関連するグッズを販売する特別企画『イベントコラボグッズ発売 第6弾』は、レイソルグッズとして初登場の「ガーゼマフラー2種」を数量限定で販売いたします
ファッション	マフラー	彼みたいにマフラー感覚にグルグル巻きにしてもよし、三角の部分を生かしてストールとして巻いてもよし、裏技は、ターバンのように頭に巻いてもいい感じ
ファッション	マフラー	まぁ一言に「巻き方」なんて言ってもですね、色々ある訳でして、例えば、基本のミドルリトリーブとか、ゆっくりアピールするのにスローリトリーブですとか、後は〜、マフラーの幅を適当な幅で折り、上に来る方が長くなるように・・・って、マフラーの巻き方かよ
自動車	マフラー	元々プラグがちょっと白っぽかったので、イリジウムとMJを上げた効果でたまたまノーマルマフラーにドンピシャのセッティングになっていたのと、デイトナがあまりにも走らんので半分ヤケクソでクラッチ再軽量化を行った相乗効果で、めちゃくちゃダッシュが強力になってしまいました
自動車	マフラー	車検対応マフラー、調整式ショック、前後タワーバー、強化スタビ、LSD、インタークーラー、メッシュブレーキホース、強化クラッチ、シフトノブがすべてマツダスピード
ファッション	マフラー	色合いが凄い原色ですね、似合う似合わないがはっきりでそうです(ガルシアなんて絶対に会わない)「風がなくてもなびくマフラー」とかどこかのサイボークと同じですけど
自動車	マフラー	飽きたわけではありませんが、ボディのやれがかなりひどかったこと、足回りから異音がして、修理代が恐ろしくなったこと、車高が妙に下がり、至る所でアゴ、マフラーをすっていまうこと、などが気になりこれ以上お金をかけるのが恐ろしくなりました
ファッション	マフラー	春向けのマフラーを編んだので(自分用にね) モルちんズにもモデルをお願いしました^^ 3モルで巻けました^^ やっぱりモデル目線で上手なのは、トッポしゃん ミルたん、睨んでないかい
ファッション	マフラー	うちの母校にはコート、マフラー、カイロなど、「冬らしいもの」禁止という不文律がありましたし、夏暑いため校舎の廊下にほとんど壁がない(←実話)ので、高校生当時はさして暖かいとも思わなかったのですが、人生で初めて積雪を見、本当に地面が凍るのだと知った今では、なんか申し訳ないぐらい暖かいです
自動車	マフラー	直噴ターボのレスポンスとサウンドを高揚する専用ガーニッシュ付のステンレスマフラーやスポーツインタークーラー、4WDのスタビリティを極めるスポーツチューナブルサスペンション、高剛性ボディのキレを高めるボディ補強パーツなど、ターボが求め4WDが欲した高機能がその走りを支援する
その他	マフラー	前回の大分戦友達が急用でいけなかったから一人で北ゴル裏の1番上らへんにいたんだが、前の4人の20代後半位のキモヲタが声出さないでただ話してるだけだわ、マフラーはよくみるとマンユだわでかなりうざかた
自動車	マフラー	そのほか、食缶用に溶融スズめっき鋼板(ブリキ)が、また耐熱性と耐食性が要求される自動車マフラー用の材料として溶融アルミニウムめっき鋼板も製造されている
自動車	マフラー	空ぶかししてスロットルを戻すとマフラーから火を噴いているので、これは明らかにエキパイとエンジンの取り付け部付近から排気が洩れているものと思われる
ファッション	マフラー	はじめに収録されてた《運命の恋人》は、とてもとても川上さんらしいなぁと(玄関の上がりかまちにコートマフラー着用のまましゃがみ込んで読んでたのから立ち上がりつつ)しみじみ思った
ファッション	マフラー	使用する糊はしょうふ糊です しょうふ糊は、3%~1%の使用が多いです ショール、マフラーを織る時は、肌触りを大切にしますから、できるだけ薄い糊を作ります
ファッション	マフラー	また、自社でしか織れない製造法(特許出願中)によって作り上げたボディータオルや肌ざわりにこだわったタオルマフラーなど、自社オリジナル商品も人気です
自動車	マフラー	(足回りを固めてやけにいいマフラー音をだしていました)乗って5分もしないうちにその若い運転手は、助手席の私に「プラザエンターテーメント」のパンフを私に見せ、「マッサマッサ」「キモチイイ」としつこく言ってきました
自動車	マフラー	マフラー(ヘッドパイプ&チャンバー)は焼付け再塗装で十分ですが(F・Rフェンダーとも鍍金仕上げのフェンダーに変えたいので)、鍍金仕上げにしたいところ
ファッション	マフラー	インフレーターに近寄る際には、インフレーターに巻き込まれそうな、首からぶら下げているもの、マフラーなどは極力身につけず、またはポケット等に入れて、事故再発を防止してください
自動車	マフラー	少し見づらいですが・・・左の写真のように途中で一旦継ぎ目を作り、エグゾーストマニホールドとマフラー本体がスムースに繋がるよう微調整が効くようにしてあります
ファッション	マフラー	『バーバリチェックマフラー』が新素材で入荷♪★冬にはかかせないバーバリーチェックのマフラー★がカシミア100%で極上の肌触り、とても温かいマフラーになって登場しました
ファッション	マフラー	プーさんとピグレットのマフラーがカワイイ◇カレンダーは『例:OCT/3/1/MON』のように月・日・曜日じゃなくても お好きな順にも並べて頂けます
自動車	マフラー	1号機は車検がきれてるのでまた車検受けて乗るのならば、車検代+ガラスやパワーウインド、マフラーなんかの修理やボディーの板金、エンジンも寿命だしミッション、その他の場所もヤバいので直して乗るより乗り換えた方が安上がりなので探してるんです
その他	マフラー	そんなにひどいものじゃない、ってことがそのうち分ってくるさ」雪だるまがネズミにマフラーの使用許可を与えると、ネズミは安心し切ったのか、毛糸に包まるとすかさず、雪だるまの陰で小さな寝息を立てていた
自動車	マフラー	取り除いた部品の数々、マフラー、リヤフェンダー、リヤキァリアー、テールランプステー、工具入れ、ボルトナット類、などなど、処分してもいいが、また使うかもしれないので取って置くことにする
自動車	マフラー	走行一本目、マフラーを後方排気のタイプから、標準の右出しのタイプに変更して走行、3周目までバイクの調子を見ながら徐々にスピードを上げて、バックストレートで初めての全開
自動車	マフラー	先の文章に書き込んでいませんでしたが、JVCSの装着を目論んだ際に切断や取り付けを考え中古の純正マフラーを購入し、マフラーごと交換したのでした
ファッション	マフラー	ちなみにそのマフラーも提携結んでるブランドの奴なんでしょうねw RT @tete_room: 同じく風邪っぴきの野口は、今日はマフラーをしっかり巻いて登場
自動車	マフラー	ハンドルスペーサーを入れポジションを楽にし、マフラーもヨシムラに交換して、1年ほど乗ったが、仕事も忙しくなって(残業や土曜出勤ばかり)休日は休養のみになってしまったため手放した
自動車	マフラー	キャノンタイプマフラーAインプレッション対象車種:KAWASAKI:KSR110:評価:初めてバイクに対してマフラー交換したのがこのマフラーでした
ファッション	マフラー	毎日コートを着てマフラーをぐるぐる巻きにしてると(ちなみにマスクもしてます)、何だか明日から沖縄へ行くのが夢のよう、というかちょっと不思議な気分です
自動車	マフラー	早速相談なんですが、マフラー・車高調・エアクリ・ホイール・フルエアロ・等いじれる箇所は手を加えてきたのですが、最近車をいじる楽しみがなくなってしまい洗車しか楽しみがありません(週に一度)
ファッション	マフラー	ちなみに購入した次の日から、しばらくパスタ生活を 余儀なくされた思い出のアイテムでもあります(笑) というわけで、今回はマフラーの巻き方のエントリーでも書こうかなと
ファッション	マフラー	汗をかきやすい夏は、汗を拭く時のタオルなどがピアスに引っかかってしまう事が考えられるのと、冬もマフラーやタートルネックの着脱の時にピアスを引っかけてしまう恐れがあります
ファッション	マフラー	ビジュアル面ではサクラ色のイルミネーションやフラッグ装飾を、さらに店頭では真赤な合格マフラーや合格手袋、応援メッセージポストカードなどを配布して話題性を演出
ファッション	マフラー	そりからナタちゃんは兄さんの寝巻き姿(シルクのパジャマ+ワンピースみたいなネグリジェを重ね着+マフラー)が見れてラッキー☆でも兄さんのベッドに男が寝てる
自動車	マフラー	※ 車両の構造上、ターボ車やチューニングマフラー装着車においては、リヤバンプクッションの加工により、激しくフルバンプするようなシチュエーションにてリヤアクスル(ホーシング)がマフラーパイプに接触する場合が稀に有ります(支障のない程度にて)
ファッション	マフラー	だから、南雲さんがアバウトでも、誤字が多くても、忘れ物が多くても、何度お財布をなくしても、マフラーをなくしても、東京駅の真ん前で道に迷う人であっても、ゆるしてあげましょう
自動車	マフラー	アフターファイアーキタ———((((;゚д゚))))———アフターファイアって言うのは本来エンジン内で燃焼すべき混合気がマフラーで爆発してしまう現象なんですが、これはこわい
ファッション	マフラー	早めの昼食のあとアウトレットに向かったのですが、と云っても別段買い物の目的があったわけではなく、たまたまダーバンで気に入った色柄のヨン様風の長いウールのマフラーが半額ででてましたから買ってきました
ファッション	マフラー	素肌のマフラー【きなり】◆純オーガニックコットン100%の衣類・寝具・タオル&バス用品・ベビー&キッズアイテム≪メイドインアースのLOHASグッズ≫【お届先ごとにお買上5250円以上で送料無料
自動車	マフラー	年間五千件と申しましたのは、警視庁だけでございまして、それでマフラーなどの取りはずしをやりましたのが、そのうち四百件ばかり、約一割弱くらいがマフラーなどの取りはずしの取り締まりでございます
ファッション	マフラー	あったかゆび編みマフラーの会(3回限定コレクション)を取り扱っている手づくりではじまるわたしらしい暮らし「Couturier [クチュリエ]」です
ファッション	マフラー	「その人のある作品にね、女の子が恋人に手編みのマフラーをあげるのは、できたマフラーをあげるんじゃなくて、一目ごとの彼女の想いをあげる、っていうのがあったの
自動車	マフラー	エンジン(ターボタービン&パイプ・コンピューター・マニホールド)・マフラー・足回り一式&アルミタイヤ・エアロ等でレベルでいうと上から二番目という結構過激なチューンとなっております
自動車	マフラー	今まではどうしようもないマフラーだったせいで『ソコソコ走るし壊れなきゃいいや』的な気分で特に気にしなかったが、マフラーが決まった今、完調のエンジンが欲しくなった(^^;
ファッション	マフラー	■ マフラーに使え、余った部分は腹巻、更に余った部分はブレスレット、ベルト、膝サポーター、アンクレット、更に余った部分がターバンになる 80点 [あいもんさん]
自動車	マフラー	装備するマフラーによってシフトチェンジのポイントが違うので、ATが丁度良いギアを使ってくれるマフラーを選択するという方法もあるが、どのマフラーが良いかはコースによって変わってくるので、対戦で装備しているマフラーと相性の悪いコースを選ばれると辛い
自動車	マフラー	リヤフェンダー:FLHタイプのクラシックフェンダー、マフラー:2in1のクラシック(ジャバラ付き)、エアクリナー:ティアドロップ型S&S、テールランプ:ビーハイプ型、タンク左上にヘコミあり、ハンドルがすぐ錆びる、フロントタイヤホイール錆びだらけ
ファッション	マフラー	“今日は寒そうだからマフラーしてきなさい、コート着て行きなさい”、そういう1つ1つを我々は義務付けとか、枠付けという中で奪われているわけですよ
自動車	マフラー	自分は初期型のフュージョンのマフラーを新型の純正マフラーに換えて3ヶ月程たちますが、走りを重視したり快適に運転すのにはこの新型の純正マフラーはとってもGOODです
その他	マフラー	でも、僕とだいすけはまだ大人の味がわからなくて、ワイン付けのトマトを食べて2人苦しんでました(笑) 最後のプレゼント交換ではなんと山田先生が選んでくれたマフラーが当たりました
自動車	マフラー	マフラーがもうダメで車検が通らないので新品を勧められたと言うので見てみるとスチールマフラーにうっすら浮きサビがある程度で音も全く問題ないレベル
ファッション	マフラー	私の前に座って乗っていた女子高生・・・1〜2年生かな・・・黒色のダウンジャケットにチェックのマフラーを巻き、学校の制服なのだろう、濃いグリーン色のブレザーコートに身を包んで、清楚な雰囲気漂う可愛い女の子・・・が静かに立ち上がり通路側に身を寄せ、「どうぞ・・・」と私に席を譲ろうとしているではありませんか
ファッション	マフラー	*会場に来ていたファンのみなさん、せっかく舞台に上がったにも関わらず、何~~んにも話さないで、赤いマフラーと金髪で間の抜けたアニメの主人公のように(笑)疾風のごとく現れて去って行った事、本当に申し訳ありませんでした
自動車	マフラー	今後も、交換用マフラーや非認証車の製造、販売、使用等の実態及びそれら製品の基準適合性について市場調査を行う等により施策の効果を把握・評価し、必要に応じて更なる追加的対策を講じることも視野に入れつつ、適切に対応していくことが重要
ファッション	マフラー	人目につきにくい本殿の構造、棚に横積みされている本、少し薄暗い照明、梶井と違って私は肺尖カタルは患っていないが、暖房がよく効いているのかマフラーをしたままでは暑すぎるくらいの室温、こんなものが入り交じって、ひんやりした檸檬が浮かんできたのかも知れない
ファッション	マフラー	「女子カメラ」というのは女子がカメラをさげて日常の風景や食べ物などの写真を撮って楽しんでいるということなのですけど 今朝の番組では写真を撮ることだけを目的とするのではなくって 女子たちの中にはマフラー巻いたりネックレスしたりと同じようにカメラをさげることをひとつのファッションにしている人もいるということを聞いてちょっとびっくりしてしまいました
ファッション	マフラー	いろんなライヴに参戦するため、どのバンドにも持っていけるマフラータオルが欲しいと常々思っていたので、素敵にシュっとしたタオルを手に入れることができて嬉しいです
自動車	マフラー	車種によってはフロアが同じでマフラーの取り回しが共通のものもございますが、 JASMA認定品(R98JASMAを含む)の場合車両型式ごとに認定を取得しておりますので、 取り付けが出来てもJASMA認定外となってしまいます
ファッション	マフラー	突然の彼の行動に面食らった様子で、温まったマフラーを巻き直すコーネフは、広場の中央で小さな穴を掘り、ビンを立てて、穴とビンとに花火を突き刺している男を見つけた
ファッション	マフラー	この日のためだけに用意されていたアールスターグッズは、ユニフォームはもとより、タオルマフラー、ピンバッジなど定番のサッカー関連グッズがほとんど揃う充実振り
ファッション	マフラー	♪ 刻印も安いしね* 残念な事に グルーガンのスティックが クリアしか持っ「ここ暑いね」なんて言いながらコートを脱いで半袖になった時のセクシーさw 首にはやたらと長いマフラーを巻いて、黒い革パンに黒いブーツという格好でした
ファッション	マフラー	織物技術者伊藤克彦が考案した画期的本格派の卓上手織り機「ブンネ」★織り見本と基本織り方教本を充実し、全く経験のない方でも、卓上手織機「ブンネ」が手元に届いたその日から、マフラーや裂き織りが直ぐ織れるようになりました
ファッション	マフラー	今回のように三角形を先に作らなくても真っ直ぐ編むようにして、作り目から片方を増目反対を減目していけば単純なガーター編みでも、平行四辺形の斜めに見えるマフラーが出来るわけです
自動車	マフラー	もしも浮き上がる感じが嫌でしたら、アンダーカウルをつけると良くなりそうです(SIMPLEというメーカーから出ていますが、純正マフラー以外には付かないそうです)
自動車	マフラー	ラルゴW30系ガソリン・ディーゼル車両は、正構成部品設計により中間パイプ(センターパイプ)部分にて一括消音処理を採用しているため、リアマフラー交換のみのでは純正+α音量の増加程度となり音量増加を求める方には不満が残ります
自動車	マフラー	午後から少し末っ子ちゃんとお昼寝したあと、ちょっとやっておきたいことがあったので、タイヤとマフラーを交換したBEATの試運転も兼ねてちょっと外出
ファッション	マフラー	出典を忘れてしまったのですが、敗戦直後、日本空軍のユニフォームとマフラーを巻いて特攻気取りの格好で戦勝国よろしく敗戦に打ちひしがれている日本人に暴虐をつくした朝鮮人たちがいて、その朝鮮人たちに、今の右翼のように日の丸を貶めるような行動をけしかけたのがGHQだと聞いています
自動車	マフラー	北米マフラーとは、ハーレーの米国仕様の純正マフラーのことであり、ノーマルハーレーのスタイリングを維持したまま、程よい排気音量のアップと絶妙なサジ加減のパワー感(抜けの良さ)を実現するとても手軽なカスタマイズ・アイテムとして人気となっているのだ
自動車	マフラー	ミッションオイルが減る、下マフラー(前シリンダー)からの白煙が異常に多い、同様に前シリンダー側が優先的にカブったりカーボンが溜まったり焼き付いたりする
自動車	マフラー	因みに3年間でマフラーを5本換えましたが(SEスリップフィットトルク、D&D、パイソン3、SE2、クロームワークス)この先ずっとこれで行くでしょう
自動車	マフラー	マフラーから循環(というとオイルがめぐってるみたいですけど ちょっと違うかなあ)して戻って燃焼室の中の混合気を高く保てないので 「燃えない」時が出てくるから 不等爆発してるのかなあと
ファッション	マフラー	ウォーキングやお散歩にも最適♪エコマフラー【今治・日本製】【UV・紫外線対策】【冷房対策】【スーピマ・オーガニックコットン】【メール便対応可】【グッドデザイン賞受賞】8月24日の朝日新聞で宮崎タオルのエコマフラー(今治マフラー)が掲載されました
ファッション	マフラー	このコットンマフラーは廃棄同然に扱われていた各産地の特色ある織機を全国からかき集め、復元そして改良に改良をかさね、世界に一つ、工房織座オリジナルの「着尺一列機」で作られた製品です
自動車	マフラー	エイプはどうだかわかりませんが、モンキーのマフラーにも似た段差があるのですが、製造時の溶接あて板の意味しかなかったので自分も削り落としています、しかし効果は単独加工ではないのでよくわかりません
ファッション	マフラー	人間を書くことができないので、図は割愛させていただきますが、要するに胸元は比較的あらわになっていながら、マフラーはお巻きになっている、というカッコですね
ファッション	マフラー	第5回となる展示会は中国国際貿易促進委員会と中国中紡集団公司の主催によるもので、今回は日本製テキスタイルの買い付けもあり、上海、北京、青島などから59社がホームファブリック、布帛・ニットアパレルのほかマフラー、スカーフバッグなども出展
自動車	マフラー	リアワイパーが無いことや貧相なマフラーを見れば一目でエンブレムチューンだと分かるんですが、それが某カー雑誌で話題になるとそのエンブレムもはずされてしまいました
自動車	マフラー	何たって我が愛機CBR1100XXスーパーブラックバードは乾燥重量227kg、ノーマルマフラーは2本出しで20kg以上はゆうにあるんで、それをフルチタン製に交換するだけで20kg近い軽量化が達成出来る
自動車	マフラー	車の運転に関しては、まずETCの装着とセルフ給油スタンドの活用で、右のウインドゥガラスを下げることが少なくなったため、幸いそれほどハンディキャップを感じることはなく、またマフラーが左リア側ということもあり、エンジン音等も含めてきちんと聞き取れます
自動車	マフラー	エアクリ・エキマニが無限なのでマフラーも無限で統一したかったのですが、音がかなり小さいという事なので他社のマフラーを探したいたら中古のミラクルが安く手に入ったのでミラクルにしました(街乗りでは静かで、サーキットではそこそこの音量が欲しい)
ファッション	マフラー	頭に丸メガネのようなものをカチューシャのように付け、紺色のTシャツには黄色いカエルのプリント、首には真っ赤なマフラー、腰には真ん中の風車が韓国マークに変わったライダーベルトを装着するという、色んな意味でど根性なキャラ
ファッション	マフラー	(笑)前回の代々木では(茶色と言ってしまった)オレンジを購入したので、今回はメロンパンとマフラータオルを買って(代々木ではFC東京のマフラータオルを振り回していたので
自動車	マフラー	だとしたらマフラーが違うので参考にはならないと思います、ヤフオクの説明ではWRはノーマルでOKとありますが、症状からするとWRの可能性が大きいですね、ちょこっと軽くしてみましょう
その他	マフラー	加工の池君が溶接の免許取得したこともあり、溶接技術を磨くためや製品作りの意識を高めてもらう為にも今までに経験した事のないマフラーを製作しているようです
ファッション	マフラー	あたしは、風邪が治りかけて、またひどくなってしまったょ 体温調整出来ないあたしの身体はほんま、寒さでまた倒れるかもと思い、今日も家の中でも、ダウンにマフラー、カイロも一個増えて3個に腹巻二枚になどなど真冬並の格好に、旦那がおかしい、おかしいと連発されました
自動車	マフラー	WHEEL SEAL で注意していただきたいのは、熱を持つパーツ(エンジン、マフラー等)にも使用して問題は無いのですけど、しっかり拭きとって下さいm(__)m
ファッション	マフラー	その他、今年一度完売し再入荷待ちのEVYchanモコモコバッグ(リュック・ショルダー)をはじめ、帽子・マフラー・ポシェット・手袋等、ハロウィングッズを多数取りそろえております
自動車	マフラー	製作するにあたり、フロントパイプ以降を全て作り直し(サイレンサー無し)左右2本だしマフラーを製作したいと考えておりますが、小生知識が無く、パイプ径のサイズを決めかねている状態です
自動車	マフラー	FD用ステンレスマフラー(チャンバー付タイプ)は、ミドルパイプ部に排気流速を高める効果のあるチャンバー機構を設けることにより、出力およびトルク改善し、全域レスポンスアップを実現している
ファッション	マフラー	心配していた天気は、土曜日のお昼ぐらいまでは何とか持ってくれましたが、今日は一日どんよりとした天気で、しかも森林公園は標高が1000mを超える高台にあるため、首にタオルを巻いてマフラー代わりにして寒さをしのいでいました
自動車	マフラー	久々に、マフラー 作って見る・・・ エンジン調整してみる・・・ プロペラシャフトの振れを見てみる・・ 同じ内容の仕事ってどうして立て続けになるんだろう・・ 更正して、旅立ってもらいますよ
ファッション	マフラー	こちらのマフラーは、試験的に入荷いたしました、幻のストール「シャトゥーシュ」に似せて織り上げられた「Shatoosh Look」タイプのマフラーです
ファッション	マフラー	昔、友達から手編みでもらった白いマフラーが暖かくて気に入ってたんですけど・・朝直前に探したら見つからなかったのでいつものカシミヤの赤白格子マフラー巻いて出勤しました
ファッション	マフラー	たくさんのコインが置かれていて、この寒さを気にしてか誰かが素敵な帽子とマフラーを編んでくれたみたい、それがまたセンスが良くって可愛らしくてとてもいい感じ
その他	マフラー	一番人気だったマフラークマちゃんのご当選者様なのですが、いちおうクリスマスアイテムとして選びましたので、あと1日待ってみて、お返事が返ってこないようでしたら、クリスマスまでの送付が間に合うように次点の方を繰り上げ当選にさせていただきますね
その他	マフラー	新しい日の丸入りジャパンマフラーを購入してデスクの横に貼り付け、ミサンガもストラップもマグカップもジャパンブルーバージョンで20歳若返って気合いを入れ直しドイツに気を送り続ける体制を整えました
自動車	マフラー	私の場合、マフラーを自分で取付したのですが(ワイバン)、ラチェットレンチでユニバーサルを付けて交換しましたが、ラジエーターは付けたまま行いましたよ
ファッション	マフラー	また、シャーペンやウォールマグ、ラグビー部レプリカジャージ、サッカー部マフラータオル、明大ワッフルに明大クッキー、明大OBが蔵元の大吟醸プレミアム「おお明治」など、明大公式グッズ厳選15品の読者プレゼントも
自動車	マフラー	マフラーはBADMOON RACINGのマフラーに交換してあるのですが、デュアルタイプのため、まずはセンターパイプのサブサイレンサーに装着しているのですが、排気音は澄んだ高音に変化し、トルク・パワー共に、ノーマルマフラーから、スポーツマフラーに交換したくらいに体感できます
自動車	マフラー	マフラー、フロントパイプ等交換するとこの差が大きくなり、アクチュエータが作動し、ウエストゲートバルブが開いても、排気を逃がしきれなくなるためです
自動車	マフラー	家にあるミラなんすけど、アクセル踏んでるときにガラッ・ガラッて鳴りはじめてマフラーから白煙ハンパないのって、やっぱりエンジン逝っちゃいましたかね
自動車	マフラー	ずいぶん前にこの掲示板でマフラーを交換してアクセルハッピーになられた方とおっしゃっていた方かいらっしゃったと思いますが、そのときはまだ学生で車のことはちんぷんかんぷんでしたので、あまり注目してみてませんでした``r(^^;)ポリポリ
ファッション	マフラー	まわりがレッズサポだったら・・・更にドッキドキ、それはそればカテ2(westだけど)のチケをとった甲斐が・・・己のヘタレ具合にorzとなりつつ、ユニは着て行きませんがマフラータオルは持って行く
自動車	マフラー	もともと取り付けていたトラストのマフラーが大きいからリアバンパーを少し加工しないとマフラーが引っかかると思っていたけど、まさにぴったりはまったよ
ファッション	マフラー	うすめで大きなマフラーを首の周りにぐるぐるに巻いて、冷たい空気を直接吸い込まないようにするのですが、呼気に含まれた水分がマフラーで固まって白くかたくなります
自動車	マフラー	マフラー交換時は、WRを交換するのが定石だけど、3個ではWRにかかる荷重が大きくなるため、減りが著しいので理想の合計重量を6でわったWRを6個(例 6g×3個→ 3g×6個といった具合)入れると耐久性がぐんと増しますよ
ファッション	マフラー	寒くなるとつい作業意欲も低下してしまいますね(^^;今日はつい行きそびれていた床屋に行ってきたけど、髪を切ったら首筋と耳が寒すぎ(^^;;きつねのしっぽマフラーが欲しいっす
自動車	マフラー	ちなみにこちらは通常バンパー車のマフラーなので、マツダスピードバンパー装着車または車外のエアロ装着車は下記のリンクをクリックしてくださいましね
自動車	マフラー	例えばオーディオ・エアロパーツ・マフラー・アルミホイール・足廻り・シート・テールランプなどなど、一つ一つ個別に価格を出すのは難しいけれど、まとめてならば多少のプラスは見込めるはずだと思います
自動車	マフラー	簡単(カンタン)に消音(ショウオン)できればいいんですけど・・・ 僕(ボク)が買った(カッタ)マフラーの写真(シャシン)ありますんで見て(ミテ)ください
ファッション	マフラー	左手五本の指に毛糸をかけて右手でおまじないをすると・・・あら不思議みるみるうちにマフラーの出来上がり、とまではいきませんが編物をしたことがない人でも簡単にできる指編
自動車	マフラー	マフラーの熱や振動などの影響、ヒートサイクルやサーマルショック、金属の伸び縮みの繰り返しは、この市販のマフラー修理剤に相当の無理を強いた感がする
自動車	マフラー	4枚目画像の【マフラープロテクターKit 断面図】を参照して、取り付ける場所の寸法と必要なボルトの突き出し量をよく確認して、ボルトの長さを選択してください
自動車	マフラー	その結果、まずエンジンの始動が軽くなった感じがあり、また、若干マフラーの音が変化、室内が静かになったので、まるでオーディオの音質が良くなったように感じた
ファッション	マフラー	内容は当店でもお馴染みのブランドよりレザー2着・靴2足・アウター2着・ジャケットスラックス各1着・小物(マフラー・ハット等)3点シャツ2枚・バッグ2点・カットソー3から4枚・ダウンベスト1着が入った福袋となります
ファッション	マフラー	9月はまだ少し暑かったり少し寒かったりと調節が難しい時ですが、コットンのタオルマフラーなら汗をかいても吸い取ってくれますし、寒いときはちょっとした防寒用品にもなります
自動車	マフラー	その時のニュースです↓ 幕張メッセ(千葉市)付近の道路で集団で蛇行運転しながら コーナーを曲がる 逮捕容疑は7月11日午前0時25分ごろ、幕張メッセ付近の片側3車線の県道で、 マフラーなどを不正改造した車を今日はCHADn(ちゃどん)兄ぃ、FSくまなく楽しめたかしらん
ファッション	マフラー	PR:当社は1993年に創立され、工場と敷地面積は30000平方メートル、従業員は500人余りがある、帽子、マフラー、手袋およびバッグなどをデザイン、生産する専門企業である
自動車	マフラー	10馬力違うと大抵の人は体感し始めるらしいが、S2000の車重で30馬力違えば体感所じゃないなw NAの2000CCで30馬力上げるのってマフラー、CPU、エアくり位じゃ埋まらないな
自動車	マフラー	エアロパーツやマフラー、ホイールひとつにしても、BMWの性質を十分に理解しているということ以上に、好きだからこそ、よりベターなアドバイスができると自負している
自動車	マフラー	標準のバッフルはノーマル同等もしくはより静かな音量で、もうひとつのセミレーシングバッフルでも改造マフラーにありがちなバリバリ音では無く低音で静かな印象です
自動車	マフラー	前日(土曜)仕事があったですが先輩だけでやってくれるというので前日の練習会に行けるかと思いきや、マフラーのサイレンサー部分が中で折れて、半宙ぶらりん状態だったので生みの親の京都のBOOBOWまで行って修理、っていうか応急処置
その他	マフラー	早速昨日は、定休日&晴天という素晴らしい好条件のもと 家からいただき物のマフラーを必死になっていそいそと駐車場までの200m運び さて、車に積んでいざ出発
自動車	マフラー	旋回性能の向上、加速・減速性能の向上、制動性能の向上、燃費の向上etc・・・、ホイールの軽量化による恩恵は非常に多く、マフラーの交換にも匹敵する変化をオートバイにもたらします
自動車	マフラー	1996年のデビュー以来、多くのスポーツマフラーが追従する中、標準スタイルを構築した元祖として常にイニシアチブを握り、高性能マフラーの代名詞となったN1マフラーが今、新たな時代の環境に合わせ、より安心できる性能へと進化を遂げました
自動車	マフラー	最低地上高が決定される箇所はその車種の状態によってまちまちで、マフラーのサイレンサーやエンジンのオイルパン、エアロパーツ等の様々な部分が最低地上高として測定される
ファッション	マフラー	フジテレビ金曜プレステージ「津軽海峡ミステリー航路7厳寒函館~青森殺人海道・凶器不明の他殺体に憎しみの連鎖 マフラーの動かぬ証拠 被害者家族に残る傷」とまァ、長い題名のドラマを見た
自動車	マフラー	冷却フィンが刻まれた空冷4気筒エンジンには、オイルクーラーや集合マフラーが装備されいっそうの力強さを演出しますタンクからシートへ流れるようにつながるフォルムを実車そのままに再現
ファッション	マフラー	祖母から伝授された花を操る力の他、兄と、お揃いの赤いマフラーに氣を取り入れる事が可能で、炎のパワーも使える、又、尻から敵の顔面に体当たりする「ヒップアタック」と言う技も使う
自動車	マフラー	のウェイトが高い会員社に大きな変化はないのですが、エアロパーツとの一体感を出すことなどを目的にマフラーを販売してきたエアロパーツ関連の会員社の休会・退会がありました
自動車	マフラー	その際、タイコ→中間パイプの順ではずしてしまったので、急遽社外マフラーのタイコのみぶら下げて(爆)一キロ先の工場までいつもと違うVTECサウンドを楽しんでしまいました(笑)
ファッション	マフラー	ネクタイ、マフラー、ハンドバッグ、かばん、傘、つえ、サングラス(視力補正用を除く)その他の身の回り品、指輪、ネックレス、カフスボタンその他の装身具、喫煙具、化粧用具
自動車	マフラー	「あっ、特注のマフラー」=ネットで発見、バイク盗容疑者逮捕−大阪 バイクを盗んだとして、大阪府警泉佐野署は17日、窃盗容疑で、 同府岸和田市摩湯町、会社員杉本裕也容疑者(30)を逮捕した
ファッション	マフラー	この季節に、フルフェで黒いマフラー(首に巻くやつ)してタンク(タンクトップ)に短パンに革靴の装備で市街を乗り回す16歳のドカ乗りは世界で俺だけだと思う
自動車	マフラー	その徹底したテストは他のマフラーメーカーとは一線を画すシャーシ台、ストレート、サーキットトラック、などで築き上げた膨大なデータと独自のMaha製4輪シャーシダイナモメーターが弾き出す精密な測定値などの総合
ファッション	マフラー	例えば日本だと、吐く息が白くてもアキバあたりをうろついてると暑いくらいなんだけど、こちらでは白くも無いのにコート着てマフラーしてても頭が痛くなるほど寒い有様
ファッション	マフラー	だってその日、寒がりのゆーすけが、赤くて長すぎるマフラーにぐるぐる巻きになって、ガクランのポケット全部にカイロを詰めこんで、それでもまだ寒い寒いって言うから、オレはかぶっていたニット帽を貸してやったんだ
ファッション	マフラー	当社では、マフラーを代表とするハードパーツをメインに扱っていましたが、ますます多様化する消費者のニーズに応えるためライダースジャケットなどアパレル分野へ本格的に参入しはじめたところです
ファッション	マフラー	スーツ・ジャケット・スカート・ワンピース・和服・ベビー服・ベビー用品・布団・小物雑貨(ネクタイ、ベルト、帽子、マフラー、手袋など)その他衣類以外のもの
自動車	マフラー	今回、取り付けしたプレデターのマフラーは、昨日報告した通り単純にボルトオンになっていませんので、早速プレデターにクレームを付けましたので、次回は対策された物が入ってくると思います
ファッション	マフラー	磐田は3日、淫行の疑いで逮捕されて起訴猶予になり、6月29日付で契約を解除された菊地直哉元選手(22)の背番号「8」入りユニホームやタオルマフラーなど、同氏の関連グッズを無料で交換すると発表した
ファッション	マフラー	あまりこの手のお土産には興味がなかったので、そそくさと退散しようと思ったのだが、入り口近くにあったとあるマフラーに目がいってしまったことがきっかけで、30分近くもこのお土産屋さんにいることになってしまった
ファッション	マフラー	一九七三年の秋にモスクワ大学に留学したんですが、あるとき街へ出て、キオスクで、帽子やマフラーをかける木製のハンガーに、ワニとなんだかわからないけれど可愛い動物が描かれているのを見かけて買ったんですね
自動車	マフラー	だがブレーキのリザーバータンクに漏れ止めバンドが巻いてあったり、マフラーにテルミニョーニがついてたりしてここにある車両は明らかにスタンダードでない
ファッション	マフラー	行きの電車ではジェフのユニを着てなかった人も帰りはそのまま来て帰る人が多かったので駅を降りる時、黄色いシャツやタオルマフラーを見ると、この人もジェフサポで同じ町に住んでるんだぁと思うと少し嬉しくなった
自動車	マフラー	買いたいなら、買わせてあげてはその変わり、生活費からは一切出さない全て、旦那さんのお小遣いから出させると言いたいけど、車高を低くしたり、マフラー潰したりは嫌ですねタイヤも偏平タイヤになるだろうし
自動車	マフラー	道の駅では休憩を取る予定をしていなかったが、前の車がやけに遅い、よく観察してみると、CBやZIIやら、直管や芯を抜いたマフラーの一団が、族車でだらだら走っているようだ
自動車	マフラー	PUMA社製C−MAXはすでに装着済)とマフラーアースと同時に装着したのですが、一番効果があったのはフューエルホースに装着したネオジム磁石ではないかと思っています
ファッション	マフラー	投票いただいた方の中から抽選で10名様にヴィッセル神戸『ニットマフラー』(新作)、1名様に実際にJリーグ公式戦で使用した公式試合球に上記2賞受賞者のサインを入れてプレゼントいたしますので、ぜひ試合会場でご投票の上、「2009ヴィッセル神戸ファン感謝デー&市民交流会」にご参加ください
自動車	マフラー	マイコン応用車載用電子機器、エアロパーツ/マフラー/サスペンションをはじめとするカー用品、映像機器・音響機器のソフト・ハード、パソコン応用ソフト・ハード、移動体通信関連機器の企画、開発、設計、製造、販売
ファッション	マフラー	マフラー作った毛糸余ったからなんとなく作り始めてあっという間にできちゃった(^^ゞ 次は母にショールとか作ろうかなぁ 来月はたっぷり時間があるから大物できるかも(*^ー^)
ファッション	マフラー	ストールやアクセサリーで変化をつけるのが大好きで先日もレイ○ースー○ンでSSVのマフラーと似ているラメ入りのプリーツストールを購入してしまったところです
自動車	マフラー	マフラーから火を噴いたという状況のお車は初めて手がけましたが、『鶏が先か卵が先か』といった故障内容ですので、見解の相違が出るのは仕方の無いことだとは思いますが・・・・『人の振り見て我がふり直せ』を再確認させられ、いい勉強になりました
自動車	マフラー	車両・測定マフラーとも十分に暖気した後、停車状態で、ニュートラルギア位置にて最高出力回転数の75%の回転数までエンジンを回した状態を一定時間(一般的に5秒以上)保持し、急激にアクセルを離したときの最大音量値を測定します
ファッション	マフラー	電車などに乗っているとき、街を歩いているとき、ほかにもあらゆるひとがとおりゆく場所で、ときおり、さらりとマフラーを着こなした、おしゃれなひとを見ると、さらにそう思う
自動車	マフラー	フィギュア「ジョイまっくす本体」の他に、差し換え用マイク持ち右手パーツ×1、マフラー×1、くし×1、台座×1が付属で、写真は「マイク持ち右手パーツ」と「マフラー」を装着した状態
自動車	マフラー	ロッカー・C梅雨の晴れ間(ハレマ)には、気持ち(キモチ)がイイ、青色(アオイロ)ですね★(^^)スクリーミングのマフラーを、付け(ヅケ)られたようです
自動車	マフラー	いずれもエンジン、マフラー、マフラープロテクター・キャップ、メイン&タンデムフットレストブラケット、足回りの各パーツをブラック塗装処理とし、ボディ全体が引き締まり力強さが強調されている
ファッション	マフラー	又、ファッション業界でアクセサリーと言えば、広い意味での附属品を指し、帽子、スカーフ、マフラー、靴、バック・・・全般を含んだ意味になるでしょう
自動車	マフラー	窓を閉めて走行しているときは、まあ、マフラーを換えたなという感じで音ですが、窓を開けて走っていると、私的には非常に官能的でがんがん回して走ってしまいます
自動車	マフラー	第2回茶ミーティングでは、前回同様にJMCA認定マフラーの大試乗会、多聞恵美「モンちゃん」による、安全・ツーリングのトークショー、さらに今回より初の企画無料洗車講習会、GIVI BOX仮フィッテング隊など新企画を用意しております
自動車	マフラー	一見 マフラーは左右に振り分けた普通の2本出しですが エキパイをシリンダー前面で3本と1本をクロスさせミッションケース下で集合させる凝った取り回しとなっています
ファッション	マフラー	そっちの方で苦しんでいる (^^ゞ これ、絶対に運動不足が原因だなぁ ちょっと散歩 この日23(水)の都内は暖かく、歩いているだけで汗をかいてしまうほど・・・ (マスク・帽子・マフラー・ダウンと雪山にでも行くの
自動車	マフラー	・・・ウォーターサーバー、レンタル、天然水 ホームページの作り方、検索、SEO カリスマルーフボックス、クルマ バイク、マフラー、フォーク、バイク用品、ホイール、フェンダー にんにく、ドッカンアブラダスGO・・・
ファッション	マフラー	うん、あのー私はマフラーとか手袋、いちおう家にはあるんですが、外に出ることがなくてというか、結構車で現場まで行って、また車で移動というような感じなんで、なんか最近はしてないですね、そういえば
ファッション	マフラー	靴下2枚重ね、股引、マフラー、手袋、コートと完全武装で出社すると、浜本が「ユニクロのヒートテックは暑いくらいだ」と叫ぶので、駅前のユニクロに走って行って購入す
自動車	マフラー	車高低し・ホイル白・マフラーが斜めに上がっている・前にインタークーラーがついている・向かって正面右側ウィンカー横の空気穴がシルバー色・ライトのスモール部分が点灯時に青く光る
その他	マフラー	ishikawajun: 子供のころの愛知県には、はんぺんもちくわぶも牛すじも豚もつもかまぼこも餃子巻もつぶ貝も、もちろんマフラーも入ってなかったよ
自動車	マフラー	去年も気温が高くなると似たような症状が出ていたのですが、その時はマフラーを社外のものにしていたためノーマルマフラーに戻した事により改善していました
自動車	マフラー	本コースを何度か走った後、プラスチックが焦げたような匂いがしたので、もしやと思い後ろをのぞくと、 マフラーが完全に左によってバンパーを溶かしていた
自動車	マフラー	色は茄子紺、一見するだけでは判らないが車高はちょっと低め、 タイヤは心持ち末広がり、マフラーの先はリンゴが入りそうなくらい大きな穴が開いていて、トランクを開けると前まで素通し、シートは前にしか無く、 内装の様々な物は取り払われて随分軽量化が図られている様だ
ファッション	マフラー	たくさんの小さな花びらが集まって出来たまん丸なそれは、マフラーや紐の先端に付けられるボンボンを連想させて————正直、僕には桜よりも、別の花とイメージがダブる
自動車	マフラー	ミスターバイク11月号の記事の中で、9月11日に行われた「第3回クラブヤマハミーティング」で集結したXJR1200/1300のオーナー118人にアンケートした、装着社外マフラーの統計が記載されていました
ファッション	マフラー	ああ、この子に赤いマフラーをつけたいっ、まさかこんな事になるとは思わないからミシンは上京するときに持って来たけど、さすがに編み棒までは持ってこなかった・・・・
ファッション	マフラー	避ける間もない程に素早く、オレの首に毛糸のマフラーを巻きつけて手には手袋を握らせ、レッグウォーマーこそ無かったものの、 頭にはニット帽を視界すら隠してしまう勢いでずぼっと被せた
自動車	マフラー	タイプ2用のマフラーってことでしたが、おいらのしんちろバス、ストレートアクスル、つまりタイプ1ミッションなので、形状や大きさから、マフラーもビートル用じゃないとおさまらんのじゃ
自動車	マフラー	「頭部」「マフラー」「コンバーターラング」「グローブ」「ブーツ」「バックル」を取り替えることで『ショッカーライダー』にチェンジさせる事が可能です
ファッション	マフラー	マフラーとバッグがお揃いだったり、帽子とセーターに付けたコサージュがお揃いだったりすると、どこかおしゃれっぽくて華やかに見えるような気がします
自動車	マフラー	ちなみにOXモータースポーツでは、ゴルフ5 GTI用のパドルシフトキットやR32同様のセンターW出しマフラーなど、ほかにも魅力的な製品をそろえていますので、チェックしてみてくださいね~
自動車	マフラー	来たときからエンジンのかかりが悪く安定もしていなかったのでとりあえずマフラーを新品にしてキャブを掃除してMJとPJをかえましたがセルが熱くなるまで廻してもシリンダーへ燃料が来ません
自動車	マフラー	新生児を乗せる関係上、爆音マフラーなど以ての外で、一時はマフラーカッターなど買いかける寸前までいったのですが、臨時収入に気をよくして、思わず購入に踏み切ってしまいました
ファッション	マフラー	外套を着るばかりに外出の支度を終った伸子は、派手なマフラーをたらして、テーブルのよこに立ったまま、午後大使館でとって来た水色封筒の手紙を開いた
自動車	マフラー	外装部品(自動車のバンパー、マフラー、アイロン、時計、ライター、ビス、自転車やオートバイのハンドル、リム、止金具、文房具)などの広い用途に供されている
ファッション	マフラー	Aラインのミニ丈で、お嬢様系愛されニット★モコモコ素材のニット★可愛げスタイル秋冬ワンピース♪同素材のロングマフラーが付★BESTMARTgirls★《プードルロングマフラー付きミニワンピ》
自動車	マフラー	それから、このマフラーはパイプの差込角度によってサイレンサーの位置が大きく変わってしまいますが、どんなところを基準に取り付けたらよいのでしょうか
ファッション	マフラー	幼稚園に着いた時には、照れくささもあった様子でしたが、保育室やランチルームで昨日からの続きのマフラー編みを一緒にしている間にみるみる表情が優しく変わっていったのがとても印象的でした
自動車	マフラー	左右2個ずつスタッキングした上に、天板を乗せるとちょうどいい高さのローテーブルとして使え、角Rタイプはスタッキングしたまま物の出し入れができるので、雑誌やマフラー、帽子などを収納
