# コンピュータ: 計算機で、指定した任意位置に対し読み書きできるようになっている記憶装置。ｒａｎ?ｄｏｍ　ａｃｃｅｓｓ　ｍｅｍｏｒｙの略。↓ロム, 食事: 子羊。また、その肉や毛。ラムステーキ, 酒: 糖蜜に水を加え発酵させて造る蒸留酒。ラム酒。
酒	ラム	ラムとミントとライムを使ったカクテル「モヒート」、ブランデーとカカオリキュールの「ダーティーマザー」、スコッチとドランブイの「ラスティネイル」好みだが少し甘みのあるカクテルが向いているように思う
酒	ラム	ラムとギムのおなかの調子はすっかりよくなってますで、例の疑惑のものはウォッカは大丈夫なので3匹で分けるのをウォッカだけにあげたそしたら1回だけ粘膜便をしただけで終わった
酒	ラム	♪ コーヒーと並ぶジャマイカの特産品がラム酒☆「rumbullion(興奮)」の頭部分が語源とされています☆ ラム酒をベースにフルーツなどを加え なんと イベントでは全国各地の「道の駅」の特産品が販売されています
食事	ラム	ちょうどラムから運んできたカニがあるからと言われてそれをブラックペッパーで炒めてもらったのだが、これはあのマングローブに棲むカニ、西表島などで食べるガザミが3倍くらい大きくなったという感じのものだった
酒	ラム	平成16年(2004)からグレイスラムはサトウキビ開拓の歴史を持つ南大島で島の恵みをめいっぱい取り入れた美しいラム酒を愛情込めて1本1本造っています
その他	ラム	ワット社のデレク・ジョンズ(Derek Johns)氏(左上のはめ込み写真)のもとには、ライオンの着ぐるみに身を包んだパフィンの広報担当者イアン・ラム(Ian Lamb)氏が、ライオン・チョコレート・バー(Lion、ネスレ社のブランド)を箱一杯持って駆けつけ、これにはラム氏もすっかり参ってしまったようだ
酒	ラム	ちょっとこるなら、鍋に少量の水を入れ、沸騰したらイチゴジャム、レモン汁、ラム酒を少量入れよく溶き、荒熱を取ったら、冷蔵庫に入れて冷やし、ヨーグルトソースを作ってもOKです
食事	ラム	地球のみんな久しぶりだな† 私はクックマンだ 今日は差し入れが多い日だな ダイエット中のクックマンに吉田てくろうが差し入れてくれたラムカレー お店が終わったらカレーパーティーをしよう 次はあなたのところにクックマンが現れるかもしれ
コンピュータ	ラム	これは、パソコンのレベルではなく、まだ汎用プ ログラムが未熟だったころに、2000年の年号を認識させる手段を持たないまま‘99年 までの計算しかさせていないことによる2000年のプログラムの爆発による全地球的な 規模でのシステム破壊現象である
酒	ラム	素材にこだわったマダガスカルバニラ・ショコラ・ストロベリー・アールグレイ・フレンチラムレーズン・手摘み抹茶と6種類あるなかの、抹茶とラムレーズンとショコラを、3個買うとバッグがつきますとのことで
酒	ラム	朝の寝覚めのコーヒー、味噌汁、洋風スープ、ビール、日本酒、ラム酒、焼酎、ウィスキー、ブランディ、すべてこのカップがお碗代わり、グラス代わりのオールマイティの活躍である
酒	ラム	同じ蒸留酒であるラムと区別するために焼酎の原料から除かれていた黒糖ですが、それまで黒糖焼酎を造っていた実績もあって、奄美群島に限り特例として認められました
その他	ラム	Vueには、クロスプラットフォーム標準のアプリケーションスクリプト言語であるPythonを使用してプラグラムが可能な、拡張性を持ったアーキテクチャが備わっています
食事	ラム	ここで生産された牛肉、ラム肉、フランス鴨肉のバーベキュー、牧場内の牛乳工場での牛乳、ヨーグルト、アイスクリーム、ソフトクリームなどが味わえます
酒	ラム	ラムの聖地でもあるジャマイカとガイアナで、小型のポット・スチルで生産された5種類のラムが樽熟成後スコットランドへ運ばれ、そこでブレンド・瓶詰された極めてユニークなゴールド・ラム
酒	ラム	日本の他のラムのみならず、世界のほとんどのラム(ウィスキーやブランデーでも状況はあまり変わりません)が添加物を加えたものである中で、このようなものを造ろうというのは本当に尊いことです
食事	ラム	シャシリクに用いる肉はもともとはラムやマトンの腎臓や肉であったが、牛肉、豚肉、羊肉(ラムやマトン)、鶏肉、さらにはチョウザメなどの魚肉まで、さまざまな肉類で、地方ごと、あるいは宗教や伝統に応じて食べられている
食事	ラム	本日の購入品:明日のおでんに合わせて牛すじ肉、コンニャク、油揚げ、竹輪、卵、それに、ラム肉、ミカン、牛乳、マヨネーズ、納豆大粒2パック、油揚げ中華麺4食分、棒ラーメン2食分、エビセンを購入
酒	ラム	Grog(ラムの水割り 作者注:)Grogは本来ラムのホット・レモネード割りです)という言葉を調べてみると、Groggy(グロッギー):ベロベロの酔っ払い、Grog Shop(グロッグ ショップ):安酒場、といった具合に、ラムには上品な言葉や酒をイメージするものが全然ないこと
酒	ラム	メーカーによって塩気が強かったり色々しますが、 いくつか試してみて、井村屋の小豆缶に出会いました♪ 洋酒はラム酒のほかに、ブランデーなんかもいいかもです^^ * この分量では、うちのロールケーキにはクリームがあまるので
その他	ラム	この一週間、私の母、父、現在一緒に暮らしている妻の父、母、妻のことを、内観コースのプラグラムの心暖まる世話を受けながら、丹念に調べて観えてきたことは、
その他	ラム	ラムバス社が日立に対する、標準メモリにラムバスの技術を使うためのライセンスを供与したことで、ラムバスは2003年までに10億ドルの収入を得るかもしれない、とモルガン・スタンレー・ディーン・ウィッターのアナリスト・マーク・エデルストン氏が分析しています
その他	ラム	米半導体開発会社のランバスが、独インフィニオン・テクノロジーズを相手取って起こしている特許侵害訴訟で、バージニア州東部地区の連邦地裁が1日、ラムバスの訴えを退けたたことを受け、同株が売られた
その他	ラム	(いつも小腹が空いた時とかに、カオラムとか焼きとうもろこしとかを買って食べていたので)プーケットフライドヌードル初めて食べましたが(バンコクではありませんでした)なかなかおいしかったです
その他	ラム	同じ手順でMUでWindows7用セキュリティ更新プラグラム(KB977165)を一緒にやったらスタートアップ修復のループはまって再インストールになった
酒	ラム	ラムベースのカクテルといえば、日本でも「バカルディ」、「ダイリキ」などは有名ですが、いろいろ種類のある中で一風変わった名前のカクテルがあることをご存じでしょうか
コンピュータ	ラム	使用した機種には、メインメモリーの他に1メガバイトのメモリーが搭載されていたので、 このうち896キロバイトをラムディスク(Cドライブになる)として確保し、ここに日本語辞書をコピーして使用した
その他	ラム	次のケーシングパイプ挿入予定垂直深度のメートル数に〇・〇一を乗じた数値のメガパスカル(アニュラー型噴出防止装置とラム型噴出防止装置を併用した坑口設備のうち、アニュラー型噴出防止装置については、次のケーシングパイプ挿入予定垂直深度のメートル数に〇・〇〇七を乗じた数値のメガパスカル)
その他	ラム	ログラムを終了するまでの間、ファイル設定に関する変更を保存 → ACISやParasolidなど、いくつかのバージョンが存在するフォーマットや、単 位系について、前のセッションの設定を保存可能
食事	ラム	パエリア、ガルシア風タコ、ラムロースのスパイス焼き、ミント入りクスクスのサラダ、マグロとアボガドのタルタル、キノコのオイスターソース焼き、洋梨の生ハムのせ、チーズなど
食事	ラム	新鮮な食材にこだわった仕入れを行なっているからこそ、ラム刺し(800円)やユッケ(900円)もラインナップされていて、特に自信がある一品(数量限定)だ
酒	ラム	滑らかなおいしさの窯でじっくり焼き上げた本格クリームチーズケーキとラム酒の香り漂うプレミアムガトーショコラが食べきりサイズになってセットで登場
酒	ラム	(アイスの種類は、藻塩、みかん、抹茶、チョコチップ、和の心、コーヒーモカ、ゆらりバニラ、ししがしら、トロピカルマンゴー、れんにゅう、ラムレーズン、黒ごま、ダブルベリーがありました
その他	ラム	超高速動作と高いデータ転送レートの両方を可能にするために、XDR DRAMデバイスにはラムバスの特許をベースに開発した以下のキーイノベーションが含まれています
その他	ラム	〝来月昇進なんだ・・・〟というサァ刑事(ラム・シュー)の言葉に、情をかけて不祥事もみ消しに奮闘するホー(PTUの隊長)も、まさかバナナに滑って転んだことが拳銃紛失の発端だとは思いもよらなかっただろう
食事	ラム	食べ放題Aコース(ラム肉、野菜、ライス)、Bコース(ラム肉、牛肉、野菜、ライス)、山菜うどん、山菜そば、牛丼、ソフトクリーム、生ビール、ひるぜんワイン、日本酒、ソフトドリンク、他多数
酒	ラム	まず、現在の粉末酒の種類としては、ブランデー、ラム、ウオッカ、ワインなどがあるが(残念ながらビールはない)、お菓子や調味料の原料として生産しており、一般消費者へ小売りはしていない
食事	ラム	肉を喰らうって感じで大量に食べてきました(笑)やわらかくて、ラムのクセもあまりなくうまかった〜、そしてビール工場ってことは、これまたビールがうまいうまいうま
食事	ラム	本日は遅い昼食を食べにリストランテやよいのマカラへ参りましたら、新メニューでマカラ丼というラム肉を使った焼肉どんぶりがありましたので注文しました
酒	ラム	キールアイスはココナッツベースのアイスにカルダモンでアクセントを付け、カシューナッツとラムレーズンを入れたインドの代表的なデザートをアイスクリームで表現したものらしいです
食事	ラム	」の名にふさわしい、こだわりの極上マンボウが遂に完成しました :プレミアムマンボウソファのクオリティをさらに高めた、(ラムファー)ソファカバー ●特製ムートン●特製アクリルテーブル ●マンボウソファシリーズ用テーブル
その他	ラム	半導体技術設計のラムバスが韓国のハイニックス半導体対し特許侵害の賠償金支払いを求めていた訴訟で、最終的な審理は、米連邦取引委員会(FTC)がラムバスに対して抱えている別の訴訟での処分が確定するまで先送りされることになった
酒	ラム	なべにバターを溶かしさつまいも、りんご、バター、さとう、オレンジキュラソーを入れ弱火で焦げ付かないように20分煮る オレンジキュラソー→ラム酒、レーズン入れてもおいしいです
食事	ラム	さて日曜日の夕方、イースターの第1日目で多くの家庭の食卓にラム料理のご馳走が上っている折も折、国営放送のスウェーデン語放送枠で放映されている「ストロムス島(Strömsö)」という「トレンディ」な生活情報番組の料理コーナーでは、麺料理を特集していました
酒	ラム	ウォッカ、ホワイトラム酒、黒ラム酒、クレームドカシス、ブルーキュラソーリキュール、コアントロー&オレンジリキュールとパイナップルジュースをグリーン韓国のためのおいしいレシピ
酒	ラム	まぁ日本で話されているのは日本語なので、海賊言葉と言っても決まったものがあるわけではありませんが、とりあえず仲間うちで集まって、海賊旗を立てるとか、ラム酒を飲むとか
酒	ラム	会場には、約60種類のラム酒や、ベースにラムを使用したカクテルの販売カウンターと、ビンテージラム「サンティアゴデクーバ11年」やコニャック樽で熟成させた「セントエティエンヌVSOP」など希少価値の高いラム酒を多種無料試飲できるブースを設ける
食事	ラム	インドのスナック、パパル(豆のせんべい)、チャナチャット(ヒヨコ豆をスパイシーにマリネ)、インドのスパイシーオムレツ、炭火焼グリル2種(フィッシュティッカ、チキンティッカ)、カレー2種(プローンマッシュルーム、ラム)、ナン & ガーリックナン、シェフのおすすめビリヤニ (インド風炊き込みごはん)、ライタ(ヨーグルトサラダ)
その他	ラム	【宿 泊】栃窪温泉の民宿1泊2食6千円(プログ ラム特別割引) 【詳細・申込み】 【申込み・問い合わせ】 特定非営利活動宿をとったり、大会申し込みや選手登録をしたり、昨日も炎天下の中、遠征費用をだしたり・・
食事	ラム	白米・ラム肉・鶏肉・小麦粉などにアレルギーを起こす愛猫にグリーンピース&ダックは、牛肉・白米・ラム肉・鶏肉・サイズ違いはこちらへ牛肉・≫レビューの書き方≫詳しい説明・が、商品成分には全く問題はありませんので予めご了承ください
酒	ラム	マイタイは、ホワイト・ラムに少量のダーク・ラム、オレンジ・キュラソーを足し、バナナ、オレンジ、レモンのジュースを加え、グラスの縁にはパイナップル、オレンジを薄切りにしたもの、それに小さな花などが添えられています
酒	ラム	ってことでやっぱりとりあえずパンに(笑) **ラムレーズンとオリジナルスパイスカレーのパン** 焼いているうちからものすご〜〜〜いいいスパイスの香り〜♪♪ かなり個性的なカレーパン
酒	ラム	このため英国海軍では、1795年以降、それまでのラム酒やワインに代え、乗組員にライムジュースを強制的に飲ませるようにしたところ、壊血病の悩みはほとんど解消されたという
食事	ラム	皆さんが言ってる最下位争いの時の肉はスルリととれる形状のラムチョップだったと思いますし、焦ってたら「ズルしよう」と言う気持ちより「早く食べなくては」と言う感情のほうが強いと思います
食事	ラム	レストランは街の中心部に集中しており、ラム肉やベニソンという鹿肉を名物としたニュージーランド料理のレストランをはじめ、ヨーロッパやアジアの諸国料理のレストランも軒を連ねており、夕方の5時頃からあるハッピーアワーでは、早めの食事に割引が適用されます
その他	ラム	商品副データ岩波文庫チャールズ・ラム/メアリ・ラム岩波書店この著者の新着メールを登録する発行年月:2008年07月登録情報サイズ:文庫ページ数:358pISBN:9784003222331【内容情報】(「BOOK」データベースより)イギリスエッセイ文学の精華「エリア随筆」の著者チャールズ・ラムとその姉メアリーがシェイクスピアの戯曲を要約して作りあげた達意の小宇宙
食事	ラム	「生ラム上もも肉」×2、「生ラムショルダー」、「生ラムチャックロール」、「自慢の熟成ソーセージ」、「どさんこマトン」、「ラムタン」、「もやし」×2、「きゃべつ」をたいらげちゃいました
食事	ラム	全犬種対応の「AAFCO」栄養基準商品、USDA認可のナチュラルで良質なラム肉をベースにケルプ、ミール、ビタミン群、ミネラルが配合されプレミアム成分で製造されたナチュラルスティックソーセージは「食欲減退、しつけのご褒美、携帯のフード」として最適なソーセージです
その他	ラム	・あと、自分の聞き違いとか記憶違いかも知れないのですが、ぷちでぃーばが「自分たちの歌のラムのラブソングを~」みたいな言い方をしていたような気がします
酒	ラム	○ ソフトドリンク、ローカルミネラルウォーター、ジュース、ローカルビール、ローカルワイン、ジンや、ウォッカ、ウイスキーやラムなどのローカルアルコール類のサービス
その他	ラム	ラムとの生活は喜怒哀楽を精一杯表に出して、ことの善し悪し、うれしい時悲しい時それぞれの状況に応じてオーバーに分かり易く態度に出すことが必要なようです
その他	ラム	ですので、この質問の真意は「本職ではなく趣味としてプラグラムをやっている人でもパームのソフトを作る人はいるのか」という意味で、「ソフトを組める人が全員趣味でやっているのか」を聞いたわけではありません
酒	ラム	ボストックとは、ラム酒のシロップにひたしたブリオッシュに、クレームダマンド(アーモンドクリーム)を塗り、アーモンドスライスを散らした焼き菓子とのことです
その他	ラム	ジョン・フラットーは、ラルフ・ギブソンの設立した出版社、ラストラム・プレス(Lustrum Press)の本に、編輯者などで名前がよく出てゐる人
食事	ラム	ネイチャーズバラエティ Nature’s Varietyは自然環境を再現するため、新鮮な肉と自然の素材から作られた6種類の肉缶(ビーフ、ラム、チキン&ターキー、ウサギ、ダック、鹿肉)を用意し、変化に富んだ食を提案しています
その他	ラム	葉山美湖/涼樹れん/平井まりあ/畑野まゆみ/竹内まり/楓アイル/沢田ひとみ/可愛ラム/篠原みい/日高まりあ/星メグミ/美咲優衣香/三上翔子/杉森風緒/伊沢愛里/高橋まい/白石ひとみ/橘ますみ/卑弥呼/冴島奈緒/樹まり子/松坂季実子/工藤ひとみ/田中露央沙/菊池エリ
その他	ラム	提案手法によれば、いわゆる「ワン・クリック」特許(ワン・アクション特許)や、ラムバス特許については、少なくとも売上の3%程度とされている従来の一般的実施料率よりも低い値が提示される
その他	ラム	このマーケットにはすでに「プロ漫画家」予備軍がひしめき、独自世界を描くのと同時に、『うる星やつら』のラムちゃんのSEXシーンや『キャプテン翼』のキャラクターのホモセクシャル(のちのロリコン・やおい)などを描くエロパロが主流になっていった
食事	ラム	ラムしゃぶの夕食を食べ、飲みながら同宿さんやご主人とのんびりと夜を過ごしつつ、明日は天気が結構良さそうなので、朝食を取らずに早朝出発する事にする
その他	ラム	プログ ラム実行中に、コンソールあるいはエンジニア・パネルから強制的に割り込みをかけて、 メモリの内容をチェックしたり、その一部を変えたりして、リアルタイムでデバッグする ことにより、障害原因の発見と修正を行ったものである
食事	ラム	うなぎ、わかさぎ、くじら尾身、豚ロース、豚バラ、牛肩ロース、牛リブロース、牛肩バラ、牛タン、マトン、ラム、ボンレスハム、プレスハム、ベーコン、ツミレ
酒	ラム	時と自家焚き大納言を使ったさつまいも1個¥170、キコリの蒸しパン1個¥170、ラム酒がきいたクリームに渋皮ごと煮込んだ栗が入った大人のマロン1個¥200、きなこを練り込んだ生地に粒あんを入れた
酒	ラム	ラム酒に漬けたフランボワーズをグラスの底に沈め、シャンパンを注ぐキールインペリアルは、深紅の実の周囲から細かい泡が限りなく立ちのぼり、見た目にも清涼感がある
その他	ラム	ハイニックスは以前の陪審により、2006年4月にラムバスの各種特許侵害を認定され、ラムバスに対し損害賠償金1億3360万ドルの支払いを命じられている
その他	ラム	たとえば、実装に既存の顧客のポータルとの統合が必要な場合、Xellerateの高度なAPIが、システム・コンポーネントの包括的なセットへのプログ ラムで規定されたアクセスを提供します
その他	ラム	図4において、前面に操作パネル35とブザー34、上部に圧接プログラム始動装置5の発信アンテナ7からの信号を受ける受信アンテナ15と把手22、後部に電源コード16と圧接器9の油圧ラム12に繋がる高圧ホース13を有している
食事	ラム	「パフティーヤーリー・キャバブ(ラム肉と野菜の串焼き パプリカ、シシトウ、玉ねぎなどをサフラン風味で)」 「フッセンジャン(ザクロのシチュー)」 天皇陛下が皇太子だった時にイランで召し上がられ、良ければレシピをと仰ったので、ザクロのペーストのビン詰めも一緒にお贈りしたそうだよ
その他	ラム	当社は1985年11月、日本のマーケットのニーズに対応すべくドイツ・オスラム社の100%出資の日本法人として発足し、特にオスラム社のヨーロッパ及び北米で生産されている各種自動車電球を日本に輸入し、自動車産業市場に提供させていただいております
酒	ラム	ジャマイカなどで造られているラム酒は、現地では暑くて良い熟成が出来ないが、これをイギリスで熟成させるとすばらしい酒になることに目を付けた私は、本州にこのような場所があったことから、ここに木造の酒の貯蔵施設を作った
酒	ラム	また、ラムが作る魔法の薬というのもあやふやで都合のいい「魔法」ではなく、医学的に体のどこのどの部分にどのように作用し、その結果魔法の効能が現れる、という設定をとっておりまして
酒	ラム	これはあまりにも特殊に思えるけれど、実は日本人の趣味の広さという意味では典型的な例かもしれない(ついでにいえば盛岡には世界中のラム酒を置いているバーもある)
酒	ラム	その頃アメリカでは禁酒令が広がり始め、マサチューセッツ州でも禁酒令適用の可能性があり、ラムの製造を禁止される前にできるだけ多くのラムを製造しておこうという動きがあった
食事	ラム	(サラダ)』、サーベル風のくしに刺さった『狂虎のラム肉のバーベキュー』、『海賊男の反則地獄鍋』などのトンデモ過ぎるメニューがごく普通に並んでいる
酒	ラム	最近ずっと天気がよかったので、おやつはひんやりが美味しいね♪ 冷凍庫の整理がしたいので、買い置きの消費中ともいう(笑) シャトレーゼ ラムレーズンのカップアイス 果肉10% アルコール分
その他	ラム	米国ラムバス社が開発したインタフェース回路などの採用により、小振幅の 信号で高速動作させるデータ転送方式を用いていることから、アクセス後は 2ナノ秒ごとに1バイトのデータを転送でき、毎秒500Mバイトと汎用D RAMの10倍以上のデータ転送を実現しています
酒	ラム	方向性が決まったところから試作が始まり、プレーンだけでなく、いちご、抹茶という定番から、白ワインに合うブラックペッパー、さらには第3世界ショップの「ラム酒漬けドライフルーツナッツミックス」、WWB/ジャパンのスクール卒業生の作った「栗の渋皮煮」などを原料とし、コラボレーションが始まりました
酒	ラム	ヘリオス酒造(名護市、松田亮社長)の泡盛「琉球美人」が、7月に英国で開かれた国際品評会2005年インターナショナルワイン&スピリッツコンペティションで最高賞に当たる金賞ベストインクラスに、ラム酒「ヘリオスダークラム」が銀賞ベストインクラスを受賞
その他	ラム	今年1月1日からこれまで、タイ76県中15県(バンコク、パトゥムタニ、サムットソンクラム、サラブリ、ナコンシタマラート、ナコンパトム、ブリラム、チャンタブリ、カンチャナブリ、ラチャブリ、ソンクラ、サムットプラカン、チェンマイ、サケオ、ラヨン)で狂犬病による死者が報告されている
酒	ラム	持ち帰り、家で眠っていたラム酒(コピーライター時代にラベルのコピーを書き、「作品」としてもらったBACARDI)や飲みかけの日本酒や焼酎で漬け込んだ
その他	ラム	メモリー半導体の最大需要先である大手コンピューターメーカーが、このようにラムバスDRAM以外の技術を支援する方向へと戦略転換を図ることによって、メモリーマーケットにおける鍵を握っているインテル社も、当初の戦略を修正する可能性が高くなりつつあり、次世代の高速メモリー市場を巻き込んだ主導権争いは、再び原点から始まる見通しが強い
その他	ラム	更にそれを知った財目が、レッド・ラムを創りだす程の狂言までは打たないとしても、何もなかった事にしようと自分達に悟られないように画策している可能性もある
酒	ラム	たっぷり入ったミントの爽快感とラムの甘い香り、ライムの切れのある酸味で、大人気のカクテル、モヒートに生のラズベリーを潰して加えましたフレッシュなラズベリーの独特の甘酸っぱい香りが、いつものモヒートをさらに異次元の美味しさにしてくれています
その他	ラム	緑丘中学校は平成3年にパソコンクラブを開設し、情報化教育に取り組んでおり、平成5年には子供たちが先生の指導により、塩化銅の電気分解をパソコンでシュミレーションするプラグラムを作り、県発明協会奨励賞を受賞している
その他	ラム	2人はスランゴール州ラワンにある会社の事務所で記者会見を終えた直後に、JAIS取締り部隊20人ほどによって拘束され、2人はシャーラムにある本庁に連れ去られました
食事	ラム	私達はこの素晴らしい「第四の食肉」といわれるラム肉を美味しく食べていただきたいという思いから、世界各国で食べられているラム肉を研究調査し開発に取り組みました
酒	ラム	「太平洋の海水がラムであればよいのにと思うぐらいラムを愛しております」と語るほどの酒好きで、人を疑うことを知らない天真爛漫(らんまん)な「黒髪の乙女」
その他	ラム	密教の最奥義に相当するもんにはニンマ派のゾクチェン、サキャ派のラムデ、カギュ派のマハームドラーやらなんやらがあり、各派に思想的特徴が見られはる
酒	ラム	製菓用チョコ300g・動物性生クリーム180cc・無塩バター30gラム酒小ビンのキャップ1杯・純ココア適宜ココア以外すべてをボールに入れ、湯せんにかけ溶かす
その他	ラム	午後4時過ぎ、今回のビエンナーレを日本から支援した株式会社プレスキットの石野明社長ら日本から訪れた関係者がラム・センターのジャネス所長を表敬訪問するというので、同席
その他	ラム	コンパイラとカーネル、あるいはエディタとシェルというように、二つのプロ グラムがきちんと分離されたままであれば、あなたはそれらを二つの別々のプ ログラムとして扱うことができます
酒	ラム	(通常営業時には取り扱いはございません)スパークリングワイン、ビール、ワイン(赤・白)、ジン(トニック・ソーダ)、ウォッカ(トニック・ソーダ)、ラム(コーク)、カシス(ウーロン・オレンジ)、焼酎、ソフトドリンク各種
その他	ラム	同日に東京で開催されたラムバス開発者会議では、ラムバス社と東芝、エルピーダメモリ、サムスン電子がXDR技術やXDR DRAMの仕様、製品の供給計画などについて講演した
その他	ラム	「時間のあるときにデフラグしておいたほうがいいですよ」という事だったので、今日正午頃病院から帰り、すぐにインターネットの接続を切り、不用のプラグラムの削除、ディスククリーンアップ、デフラグと続けてする
その他	ラム	今年になってから行った川口ビール園も、メニュー名は同じ「手もみラム」なのだが、どういうわけか「千葉ビール園」の「手もみラム」はめちゃくちゃ旨い
酒	ラム	現在はジン、ウォッカ、ラム、テキーラなど、ホワイトスピリッツ(無色透明のお酒) を総称してアクアビット(AquavitまたはAquabit)と呼んでいます
その他	ラム	従来のラムシリンダーでは次から次へラムシリンダーを交換しながら作業を行わなければなりませんがR430の長いストロークは一度に終わらせることができ、救出までの時間を大幅に短縮できます
酒	ラム	キルシュ(さくらんぼのお酒)かグランマルニエ(オレンジのお酒)を足してから加熱しろと書いてあったんですが、どっちもなかったので、適当にラム酒を振りかけてみました(ぉぃ)
酒	ラム	これを代表するところはケニアにおいてはラム島(ここの人間はなぜか日本語の早口言葉ができる・・・生米生麦生卵など)そしてタンザニアではザンジバルという有名な観光地がある
その他	ラム	特集の第2弾は、香港のアートシーン、特に王家衛やウィン・シャ、ジャン・ラムにエリック・コット、 そしてマイケル・ラウやフルーツ・チャン監督、建築などにスポットをあてた雑誌を選びました
酒	ラム	バスは11:00スタートとゆっくりだったので、プールサイドの小屋でサリンさん差し入れのラム酒のテイスティングをして、これからの長いバス乗車に備え(^^;
その他	ラム	だがら、政府とクレムリンがこのプラグラムを支持するのか、それともそれまでの丸い一年間と同様、立派なプログラムだが、あまりにも複雑で実行に強制力のないプログラムとして賛成するのか不明である
食事	ラム	ラムの炭焼き、米状のパスタのフレッシュトマトとドライトマトソース、ジャガイモのハーブ焼き、グリーンサラダ、蒸しトウモロコシ、きぬさやときゅうりと鶏胸肉のポン酢和え、パン
食事	ラム	ナチュラルなディアー調のアパレル用ラムを用いた手触りの良いソフト感のある財布小物シリーズ小羊革(ラム)素材のホワイトステッチラインがアクセントBIGLIDUE(ビリドゥーエ) ビリー【ご注意】こちらはメーカー取り寄せになりますので、お届けまでに土日祝日を除き最短で2~3日後の発送になります
食事	ラム	」と錯覚するほど(笑) ありがとうございましたm(_ _)m 写真は打ち上げにて☆ 生でも食べれるルイベ状のラム肉を前に大はしゃぎの大塚さん(≧∀≦)
その他	ラム	※46型液晶ハイビジョンテレビ、データプロジェクター、ノート型パソコン、デジタルスチルカメラ10台(子ども科学教育プ ログラム)、デジタルフォトプリンター(幼児教育支援プログラム)の中から1つ
その他	ラム	昨夜友人ラムこさんとふたりのたんじょうび祝いにバルに行ったのだが、月のもんまっさかりということもあってか、赤ワイン1(わたしが3分の2は飲んだ)とビール2杯でけっこう酔っ払ってしまい、腹もいたいし、これまた酔っ払っていたラムこさんを見捨ててさっさと最寄駅から電車に乗ってしまいました
酒	ラム	奄美の特産品「黒糖焼酎」は黒砂糖の素朴な味が米麹とまじり合いまろやかな風味の高級蒸留酒として、また和製ラム酒として今や爆発的な人気を得ています
その他	ラム	その他新規入荷・再入荷・特売情報Twitterこども店長ワケありアウトレット(訳あり)安全安心世界の銘酒旅行記河内屋ソムリエのワインブログ各国を代表する銘酒酒屋ファッション飲んできましたラムエコ(eco)社会貢献CSRリキュールシャンパンバーボンコニャック系焼酎系テキーラウォッカ絵日記ウイスキービール楽天人気ランキングカクテルワイン桜
その他	ラム	自分のプ ログラムをGNU/Linux上へ移植したら、私はそれをフリーソフトウェアと してGPLやその他のフリーソフトウェアライセンスの下でリリースしなけ ればならないのでしょうか
酒	ラム	西インド諸島のハイチからアメリカのルイジアナ州へラム酒が輸出されていた時代、そのラム酒の産地はハイチ島の首府ポートオープリンスの西南にある小さな村オー・ケー Aux Caycs だったそうです
その他	ラム	ラムバスの特許権が最終的に認められた場合は、メモリ各社は全体で年間あたり数億~数十億ドル(数百~数千億円)規模の特許使用料の支払いが生じることとなる
食事	ラム	高いクオリティをもつ『センセーション』のヒットにより、スタークはラムの他のラグを出版することにしたが、翌10年に渡って出版されたこれらの作品によって、ラムは今日「ラグタイム界の偉人の一人」と見なされている
酒	ラム	*厳選したサトウキビを原料に卓越した技術で醸しあげた原酒をオーク樽に入れて、長時間熟成させたラム酒商品種別ラム酒原料米麹・黒糖アルコール度数40度容量1
その他	ラム	」をキャッチフレーズに、「お風呂で電気シェーバーを使用する」というコンセプトを20歳代の若者層に向けて訴求したパナソニックの電気シェーバー「ラムダッシュ」
酒	ラム	激励会当日、山岡とゆう子は、食前酒にパンチを出し、アラ鍋には、博多「相撲茶屋・大塚」風の橙とカボス、麻布「分とく山」風の橙、桁川社長好みのスダチ、早田社長好みのカボスの4種類のポン酢を用意し、ポン酢とは正しくはポンス醤油といい、ポンスはオランダ語で元の意味は、皆が飲んだラム酒、紅茶、砂糖、水、レモンの絞り汁でできているパンチのことです
酒	ラム	土壇場で臆して動けなくなってしまう人間と そこで奮い立つものと・・・・・・オレは・・・・・・そのダメな方・・・・・・ダメなんだ・・・・・ミスタームシパン、今日買って来たのはル・ショコラ、オレンジチョコ、大人のラムチョコ、ブルーベリーチーズ、きんぴらゴボウ、カレーチーズ(
その他	ラム	プラグラムを使用しMySQL、PostgreSQL等のデータベースを構築するだけで面倒な顧客管理、 在庫管理、ファイル管理など様々な形でご利用いただけます
その他	ラム	当社は、さらに、本製品のカットダウン版として、主にグラフィック市場の拡 大に対応する8MラムバスDRAM(1Mワード×8ビット構成)および16M ラムバスDRAM(2Mワード×8ビット構成)を開発中であり、年内の商品化 を予定しています
酒	ラム	有塩バターと塩辛さと砂糖の甘さが不思議なおいしさをかもし出すブルターニュ地方のクイニー・アマンや、ほのかなラム酒の香りが楽しめるボルドー地方の伝統菓子カヌレ、ピスタチオやラズベリーなど色とりどりのマカロンなど、どれもおいしそうで目移りしてしまう
その他	ラム	ストック消せないと言われるマジモンなどもラムクリア出来るらしい(マジックメーター0スタート)から消しずらいという事は在っても消せない台は、存在シナイのでは
食事	ラム	また伝統的にはNZでは日曜日、教会の礼拝から帰宅してからの昼食がラム料理であったこと、お母さんがいろいろなラム料理を工夫していたことを話してくれました
食事	ラム	それは人間の食事と同じレベルで、ホルモン剤不使用の肉(鶏肉、ラム肉、白身魚など)をはじめとして、玄米、大麦、新鮮な果物や野菜(りんご、にんじん、さつまいもなど)にまで及びます
酒	ラム	5cm×約5cm:【箱の大きさ】幅約12cm前後×たて約11cm前後×高さ約3cm前後ハート型・:【大きさ】(大豆由来)卵、グラニュー糖、無塩バター、カカオマス、クーベルチュールスイート、生クリーム、薄力粉、ココアパウダー、ラム酒、粉ゼラチン、乳化剤:【原材料】●ハートのガトーショコラ賞味期限内容量と商品詳細とお届け方法インラインフレームに未対応のブラウザをお使いの方は、こちらへどうぞ
酒	ラム	エッグ・ノッグの名前の由来は当時、植民地のアメリカでラム酒は一般に「グログ酒」と呼ばれていて「Egg'n grog:卵とグログ酒」から生じたと言われています
食事	ラム	牛肉とラム肉を使った、リーズナブルながら美味しい料理を多数紹介しているこのDVDのターゲットは「男性」そうそう、昔から羊を料理するのは男のひとの役目とされている国も多いようですから、たまには男の食卓いかがですか
食事	ラム	肝心のお味ですが・・・なんというか・・・ とにかく、初めてのお味 甘辛くて、置いてあるコチュジャンにもよくあって、ラムもやわらかく臭みもなく食べやすい
食事	ラム	シェル〜ラムまで4頭を預かってくださったのは、三重県のお友達で、出発日には先ず三重まで往復320kmのドライブ、その後広島の江田島まで450kmのドライブでした
酒	ラム	元来移民のほとんどは酒好きのヨーロッパ人であり、はじめの内はワインやビールで済ませていたが、そのうちラム酒由来の蒸留酒(「西側諸国の蒸留酒醸造史」参照)がいろいろ出てきて、酔っぱらいの数も増えてきた
その他	ラム	ラムは大体200あれば良い、そして中盤以降ラムなどは当たり前に保有する事になるので たくさんの場所を攻めていれば、どれくらいで壁が0になるか感覚で分かってくる
酒	ラム	いくつかの臨床試験からは、ラムやウォッカ、ジンといった不純物の少ない酒のほうが、赤ワインやウィスキー、ブランデー のような不純物の多い酒類9に比べて、 同じアルコール量であっても二日酔いの症状が軽いことがわかっている
酒	ラム	それもそのはず、世界のラム酒生産量のうち、たった2%しか生産されておらず、そのほとんどが、フランス国内や、生産地であるカリブ海やインド洋に浮かぶフランス海外県の島々(マルティニーク島、グアダルーブ島、マリーガラント島、レユニオン島)でしか出回らないお酒なのだ
その他	ラム	通常の方法としてはBOPに2段のアニュラーBOP、2種類のシアー・ラム、3種類のパイプ・ラムがあり、その作動(油圧)のためのアキュムレータ(高圧エアボトル)は船上とLMRP内に設けられており、船上制御装置はUPS(無停電装置)でバックアップされており、電気信号の伝達には2重の光ファイバー多重送信(MUXケーブル)によっている
その他	ラム	制約処理のために必要であるとして追加された内部データエリアは すべて、ユーザアプリケーションから透明な形で、自動的にリサイ ズされ、ガーベッジコレクションが行なわれているために、プログ ラム実行に必要な時間が短縮されました
酒	ラム	2010年度も本ファーラムは日本アルコール・薬物医学会並びに日本アルコール精神医学会との3学会合同開催が決まり、活発な議論のできる場となるように主催者側として一丸となって努力する所存です
酒	ラム	ラムとレミーレッド、コアントローでつくる美しいカクテルなのですが、光の加減や、時間の経過によって、色合いが変わって見えるまさにドラマチックなカクテルです
その他	ラム	このファイル変換用プログラムは、N88ーBASICで書かれたプログ ラムをマイクロソフト社のVISUAL BASIC(v4)に変換する際 できるだけ少ない労力で変換できるように作成した
その他	ラム	その他、CPUで踏み切り点や飛形を分析して記録できる情報処理室や、室内での体型の練習台を眺め、新鋭機器の導入に敬服しつつ、さきのクリスタルハウス2Fのレストラン「ラムダイニング大倉山」で、19時から宮本孝宏副支部長の案内で懇親会に移る
その他	ラム	ただ、技術的な動向としては、ハードウェアとソフトウェア(代表的な例でいえばNC加工機とCAM)の進歩について、以前までのアンバランスな状況(加工機の能力がCAMの出力するプラグラムに追従できない、加工機の新機能にCAMが対応できないなど)からは脱し、バランスがとれた充実期に入ったといった印象を受けた
酒	ラム	その並びにある「たこ坊」にも行きましたよ(笑)まさしく梯子酒です(^_^)たまに、ワインとかも呑みますがやはり私は、ジン、ラム、ウオッカのスピリッツ系のお酒が好きですね
酒	ラム	ラム・コークとは、ラム酒にコークを混ぜた黒いカクテルのことで、甘い口当たりと優しいのどごしがお酒の初心者にはピッタリ、と言えば聞こえがいいが、要するに、酒の味も分らない女子供用の安酒なのである
その他	ラム	花を愛でることに関しては、レッドラム邸の男どもよりも100倍関心を持っている人ではあったが、シャルロッテに言わせれば、「花の扱いをこれほど勘違いしている人間もいない」ということになる
その他	ラム	クライアント プラグラム側では、そのプログラムを実行してる者が誰であるのかを知る必要はなく、クライアント/サーバ型のアプリケーションにおいては、クライアント側で任意のユーザ名を指定できるのが一般的である
その他	ラム	そのため、一方(例えば 辞書検索画面)が他方の画面(例えば文章作成画面)の裏に隠れている状態で作 業し、必要な時に裏のウィンドウをマウスでクリックし(あるいはAlt+Tabでプ ログラムを切り替え)て表に引っ張り出し用いるのが普通であろう
食事	ラム	一番食されているジンギスカンとして少しラム肉が高めに設定されて日本はラム肉の方が断然安いのですから食べたいものです飼料にみやざき県内のニュース08月13日焼肉背の高い女の子身長のせいにして暗い気分になったりして
その他	ラム	また、第2部の分科会では、プラグラム・コース、グラフィック・コースに分かれ、それぞれの分野における採用に関する企業の採用について、ペーパー試験、実技・作品・面接等の評価基準について、今年度の具体的な就職試験の実例を紹介します
その他	ラム	内蔵ラム8メガは、データ記憶用とプログラム実行用の両方で使いますパソコンで言うところの、メモリーとハードディスクの両方をこの8メガで使用します
酒	ラム	しかしクソ暑いとちではビールのようなアルコール度が低い飲み物はおいしいと感じられないのでしょうか、ここの酒飲みたちはラム以外の酒は飲まないように見えます(まるち●注:実際にはビールをまるっきり飲まないということはありません
その他	ラム	この利用許諾契約は、そのソフトウェアライブラリ(またはその他のプログラ ム)をこの劣等一般公衆利用許諾契約書(「この契約書」とも表記)の定める条 件の下で頒布することができる、という告知が著作権者かその他正当な権利を 有する団体によって記載されたソフトウェアライブラリまたはその他のプログ ラムに適用される
その他	ラム	80年代後半から活躍し始め、ジョン・ウー監督の『男たちの挽歌』(86)やスタンリー・クワン監督の『ルージュ』(87)リンゴ・ラム監督の『友よ風の彼方に』(87)といった作品を手がける
酒	ラム	前日、ヘミングウエーが常連だったラ・ボデギータ・デル・メディオというレストランで、ラム酒をベースにした特産カクテルのモヒート製法が、くわしく背中に白く染め抜かれた黒のTシャツを買った
その他	ラム	(エ)試験iv)により、本発明のインテーク・ラムプレート式の前面板とラムプレートとの間隔は、1/10模型で20〜30mm辺りが効果が大きいことがわかる
その他	ラム	ラムレイは感嘆符や驚嘆符を多用しまくっていて、しかも「如何にも」というような表現が多く、ラヴクラフトどころかダーレスの生まれ変わりにしか見えない
酒	ラム	それこそ、これまでアサヒビール株式会社がエタノールをつくってきて、そのあとの処理として、伊江村にラム酒工場が建設されるひとつの一助でもあるわけです
その他	ラム	ティキの月の産物を取り上げたのも、重しをティキに着けさせたのも、ストラムへの入り口がない場所からティキを落としたのも、全てティキを強くするための布石
酒	ラム	ラム酒を練りこんでいるので、お酒が弱い方はダメかもしれないけど、ラムらしい甘く芳醇な香りがミルクチョコレートと合っていて美味しゅうございます(* ́ρ`*)
その他	ラム	2003年9月27日(土)に、姫路市文化センタ−小ホ−ルで開催される第7回「生き方を考える高校生フォ−ラム」のポスタ−を制作させていただきました
酒	ラム	ラム酒なんて飲めないと思っていたけど、ラムレーズンのアイスクリームが好きで、六花亭 のバターサンドが好きで、コーラが好きで、ラム酒が嫌いなわけがなかった
その他	ラム	レース開始後、39km地点でアタックを成功させたのはロマン・ヴィラ(フランス、コフィディス)、ニキ・テルプストラ(オランダ、ミルラム)、アルバート・ティマー(オランダ、スキル・シマノ)の3名
その他	ラム	・直ちに禁煙することを希望し、「禁煙治療のための標準手順書」(日本循環器学会、日本肺癌学会及び日本癌学会により作成)に則った禁煙治療プ ログラム(12週間にわたり計5回の禁煙治療を行うプログラム)について説明を受け、当該プログラムへの参加について文書により同意している者であること
酒	ラム	7個目: アールグレイ抹茶キャラメルビターカルパノしょうがしょうが強ミントミルクコアントロー(アルコール)コニャック(アルコール)ラム(アルコール)ライチ(アルコール)
食事	ラム	トッピングにはビールで煮込んでクセを消し上に特製のクリームソースが乗った柔らかな食感のラムタン、焼きトマトパイ、揚げベルギーエシャレット、白インゲン、穂先メンマ、梅干し、白髪ネギなどの独創的な食材が使われ違和感なく構成されています
コンピュータ	ラム	ラムを安全に実行しようどんなに強力なウイルス対策ソフトを使ってウイルスを警戒していても、ファイル共有ソフトなどで流通している最新のウイルスは見過ごしてしまう可能性がある
酒	ラム	沖縄・南大東島のサトウキビからつくられたグレイスラム社のラム酒「COR COR AGRICOLE(アグリコール)」をたっぷり使用し、沖縄で焼き上げたラム酒ケーキです
酒	ラム	さらに、クオリティが高いラム酒が近年増えているのですが、これもベーシックのシングルモルトのスコッチウイスキーやレポサド・テキーラと同じくらいの値段で手に入ります
酒	ラム	ラムレーズンより好きなぶどう食パンは、ふくしんどうのものは大手パンメーカーやどのパン屋さんのものよりレーズンの量が多く感じ超おいしかった思い出がある
食事	ラム	ワインもボトルで30ドル代からあって、ワインに合うひと工夫ふた工夫した洋食(これもれっきとした日本食)のラム(28ドル)や合鴨(14ドル)もあります
酒	ラム	ラムも銘柄によっては鼻をツンと刺すような刺激が先行するものもあるようですが、あまやかな香の余韻を楽しみたい時は、このダーク・ラムがよいのじゃないでしょうか
食事	ラム	ラム肉の香草焼き ラム肉にニンニクをすりつけ、香りを移し、塩・胡椒・ベランダにある香草をみじん切り パン粉に入れて白ワイン・オーブンで200°C20分
酒	ラム	月産たったの100本という、かなり貴重な泡盛を入手したり、全国で限定16店舗にしか卸していない泡盛を扱えるようになったりと、面白い商品を揃えるに至ったのですが、その中で、日本初のラム酒に出会いました
酒	ラム	彼は光栄と薄く笑って、あの程度であれば寧ろ心地良いものだ、と無色のラム酒に無色のキュラソー、そしてブランデーを足し檸檬の香りを添えたカクテルを奢り返す
食事	ラム	北海道の妹からラム肉を貰いました、家の中で焼くと匂いがなかなか取れないと思いパティオでBBQ気分を味わう事にしました、BBQの道具が無いのでガスコンロとフライパンで、 ちょうどこれもいただいたズッキーニと一緒に焼いて食べました
酒	ラム	■とろける黒糖梅酒(チョーヤ梅酒株式会社)■ 紀州産を中心に国産梅を100%使用 し、黒糖蜜をはじめ黒ラムや黒酢、梅 肉エキスなどの黒素材を使用しています
その他	ラム	ラムバスのフェローであるクレイグ・ハンペルが4月13日(火)、中国ナショナルコンベンションセンター(CNCC)の会議室307Aで午後1時よりマルチコアコンピューティングのためのメモリーアーキテクチャーについて説明します
その他	ラム	/吸着力ラム(リクセルなど) /高性能膜 /ステロイド治療 /内視鏡手術(外科的手術との比較を含めて) /外科的手術(内視鏡手術との比較を含めて)
酒	ラム	43にバニラ・ラム酒を入れて混ぜ、カラメルを底に入れたプリンカップに流して150度のオーブンで湯せんし、フタをして30分ほど焼く(ゆすって固さがでるまで)
酒	ラム	ベースの酒(主にラムやテキーラ)に砂糖、レモンジュース、生の果実などを加え、クラッシュドアイスと共にブレンダーでシャーベット状に仕上げたカクテル
その他	ラム	米国ラムバス社がPC用メモリのSDRAMに関する特許に関してこれを行い、2000年に日立製マイクロプロセッサ及びメモリの輸入差し止めが行われ、日立製マイクロプロセッサを搭載していたセガのドリームキャストまで輸入差し止めを申請されるという事態にまで発展した(その後、日立がライセンス契約を結んで和解した)
その他	ラム	適性診断は、若者が仕事の特性についての好き嫌いや自信の有無を答え、コンピューターが具体的な職業名を選択してくれるキャリア・アセスメント・プログ ラムやVPI職業興味検査、職業生活で起こる出来事を人生ゲームの様に疑似体験できる「キャリア・シミュレーションゲーム」などの四つのプログラムがあ る
食事	ラム	チーズクルチャ、ラムのバラカバブ 2種のマサラ(ラム肩肉さっと焼き)、バターナン、マンゴーラッシー、牡蠣の白ワインゼリー、チャツネ等々、どれも美味だ
酒	ラム	バニラ、ストロベリー、抹茶、チョコ、ミルフィーユ、ティラミス、ゴマ、キャラメル、モカ、チョコチップ、チョコマーブル、ミント、ラムレーズン、ホワイトクリーム、ピーチ、レモンなど多彩な種類のアイスをラインナップしており、斬新なアイスを開発の研究を重ねている
その他	ラム	9万円 シルバーパスカは内容的におでかけ定期と一緒だけどポートラム1路線で富山市内のバス・電車全路線の予算の3分の1に匹敵する予算を使っている ライトレール沿線に人口の4分の1が住んでる訳で無しシルバーパスカに予算掛けすぎじゃ おでかけバス http://www7
酒	ラム	これらのパッチのコードを現在はまだ完成していないカーネルのコーディングスタイルと合わせるためです(この仕事をしたことで私に対してラム酒一杯ぐらいの恩ができる人もいるでしょう
食事	ラム	ラム肉のステーキを頼むとあばら骨に付いたままの小さな肉が出てくることがあるが、これはその親分と言った感じで、ズラッと並んだあばら骨付きの肉に甘いバーベキューソースがかかっている
その他	ラム	「ニコニコ動画が重い理由は、データセンターにサーバを置くスペースが足りないから」――ニワンゴが運営する、ニコニコ動画関連コラム「ニコニコラム」で、こんな事実が明かされた
その他	ラム	もうすぐ英国ロイヤルバレエが来日しますが、チャコットのウェブ・マガジンにプリンシパルのサラ・ラムとエドワード・ワトソンのインタビューが載っています
酒	ラム	当報告書は、ベネズエラにおける蒸留酒総市場の概要と消費者概要、セグメント別(ブランデー、ジン&ジュネヴァ、リキュール、ラム酒、高級蒸留酒、テキーラ&メスカル、ウォッカ、ウィスキー)の市場の販売額、販売量、市場シェア、流通、消費者 1 人当りの購入額と消費量、2008 年までの市場予測をベネズエラの社会経済プロファイルと併せて、概略下記の構成で取り上げています
その他	ラム	これは需要全体が落ち込んでいることに加え、ラムバスDRAMの採用が遅れ、それに伴ない、ラムバスDRAM用パッケージ材料の業績に大きな影響が出たことによるものです
その他	ラム	インテルなどから資金調達をしメモリ製造能力を5倍にも増強するエルピーダメモリが、ラムバス社の技術を使い開発中のDRAMをプレステ2の後継機向けに供給することを明らかにしました
その他	ラム	それと、作家個人の展示ではなく雑誌の展示ということで約80人前後(作家によっては2作品以上の展示が行われている為/例:高橋センセのラムちゃんとらんま等)の作家さんの原画は多種多様すぎて、なんかもうそれだけで沢山見てる気分になる
その他	ラム	1350年にラーマティボディ1世により築かれたアユタヤ王朝は次第に勢力を広げ、ラム・カムヘン国王の死とともに衰退した前王朝のスコータイをも属国としました
食事	ラム	MLAのオージー・ビーフ&ラム公式サイトでは、オージー・ビーフ&ラムに関する、キャンペーン、イベント、フェアーの最新情報や、オージー・ビーフ&ラムを使ったたくさんのレシピの紹介など、
その他	ラム	沖電気工業は、米半導体設計開発会社ラムバス(カリフォルニア州)との間において、半導体メモリの高速インタフェース技術に関して、特許ライセンス契約を締結した
その他	ラム	その代わり、従来は大会プログラムを会員全 員に、論文集は大会参加申込み者だけに送付していたところを、今回はプログ ラム単独の印刷はやめて、プログラム付き論文集を会員全員に送付することに して、印刷費と郵送費を節約しました
酒	ラム	うちでもそうしているんだけど、ラムに絞ったレモン果汁をまぜ、砂糖を少々、場合によってはバターを少々、これを暖めて飲むと、ぐっすり眠れるしけっこう効くんですよね
酒	ラム	こうした独自の歴史を背景として、平成元年に小笠原村の役場・農協・商工会によって小笠原ラム・リキュール株式会社が設立され、小笠原の地酒としてラム酒は誕生しました
その他	ラム	北大脳科学研究者データベースが単なるデータベースではなく将来的な研究機構、プ ログラム(たとえば神経科学研究科と言う大学院の一つの研究プログラム)として発 展することを望んでいます
酒	ラム	こうした中、1953年の日本返還に伴って、日本の酒税法を適用するにあたり、この黒糖酒は酒税法上、スピリッツ(ラム)であり、焼酎として扱う事が出来ないため、税率が高くなってしまう事となってしまいました
酒	ラム	ジャマイカはまた、明るく楽しい音楽、世界一流のスポーツ選手、美味しい郷土料理、グルメコーヒー、洗練されたラム酒、デューティーフリーショッピング、そして温かく親しみやすい人々で有名です
酒	ラム	よって、気兼ねなく、他所で鍋食ったり、ビール飲んだり、ラム酒飲んだり、泡盛飲んだり、ウイスキー飲んだり、コーヒー飲んだり出来るのだが、寝入ってしまっては元も子もなく
その他	ラム	プログラムといっても、OS本体などと比べると小さなもので、その機能も、 ハードウェア関係の基本的な設定や、ハードディスクからメモリーへのプログ ラムの読み込みといったように限られている
食事	ラム	中国からは、モンゴルのラム火鍋(フォーグォーと非常に辛い四川省の麻辣鍋(マーラーグォー)と、上海のスープ入り蒸し点心の「小籠包(シャウ・ロン・バオ)」、蒸し焼き肉まんの「生煎包(シェン・ジェン・バオ)」が選ばれた
酒	ラム	後は“ジン+ソーダ+ライム”でジンリッキー、“ウォッカ+ジンジャーエール+ライム”でモスコミュール、“ホワイトラム+コーラ+ライム”でキューバリバー、そして“シルバーテキーラ+コーラ+ライム”でメキシコーラといった具合に、酒とソフトドリンクをミックスしてカットフルーツを搾って楽しめばいいわけさ
食事	ラム	漢語メニューでは「ラム・ステーキ」ですが、仔羊の背ロース肉のフレンチ・ラムラック(スペアリブの先の骨を出した形)をカットしたラム・チョップをミディアムに焼いた一品です
食事	ラム	また数量限定で一日数食しか無いラムチョップ(900)もオーダーしてみたが、塩胡椒を利かせて出てくる肉は歯ごたえが有り脂も適度にのってイケルがこの小さな骨付き肉1本\450の値打ちは感じなかった
食事	ラム	ちなみに「しゃぶしゃぶ」とは「スエヒロ」が登録している言葉であるということを先日の萩の料理屋のオヤジは熱く語っていたのであるが、友人からの情報によると「牛肉のしゃぶしゃぶ」は登録しているが、「しゃぶしゃぶ」そのものは登録していないという微妙な話が漏れ伝わったものであり、本日の「ラムしゃぶ」はべつにチョサッケン法違反ではない模様
その他	ラム	高橋留美子先生の不朽の名作、うる星やつらの新装版☆特典は"ラム"新作イラストレーション[MyLum×34]と[うる星やつら]完全データ・ファイルです
酒	ラム	大阪「海遊館」→「USJ」→「なんばグランド花月」という島ラム 南大東島で作られているラム酒、 3年前に沖縄旅行に行った時に買い求めたものです
その他	ラム	標準的なMIDIキーボードの鍵盤、ピッチベンド・ホイール、モジュレーション・ホイール、サスティンペダル、アフタータッチを組み合わせる事で、トレモロ、ストラム、ピッキング、スライド、ベンド、ミュート等の基本的なギター・テクニックを自由にシミュレートすることが可能です
その他	ラム	パナソニックは電気シェーバー「ラムダッシュ」の新キャンペーンとして、お風呂でシェービングを体験できる一般参加イベントを東京 渋谷のファッションビル「109」前で17日、18日に開催する
酒	ラム	この収支計画書について、ラム酒それからカクテル、それぞれの販売計画この1枚だけの計画書だけじゃなくて、もっと具体的にどうしていくんだという計画があるのかどうかですね
酒	ラム	近くを流れるプーディー川の濁った滝からとった名前で、ロンリコの151という75度の強さのラムに、アマレットとベイリーズという甘いけれど30度近い酒2種とを同量ずつ混ぜてショットグラスで一気に飲む(一気に飲まないとアルコールで口が焼ける)
その他	ラム	要するに、対向工具として形する保持ラムの支持体に、板材平面に対してほぼ平向な方向で作用する曲げ工具駆動装置を支持することによって、相応する曲げ応力を受けるばあいに対向工具として役立つ保持ラムと曲げ工具駆動装置の支持部とが互いに離れる方向で曲げ変形することができる
食事	ラム	ふたりで、特上ラム・ラム・マトンロース・マトン2・ラムステーキ・野菜盛り(小)2をたいらげ、生ビール2・カクテル・ボトルワインを胃袋に流し込んだ
酒	ラム	「たまの休みや正月に社宅に戻ると、風呂にゆっくりと入り髪や髭を整えて、入念に“ベイラム”(註・月桂樹をラムに浸した芳香液を頭髪香水にしたもの)をつけるんです
酒	ラム	*ウォッカ/マリブ/ピーチツリー/テキーラ/ジン/カシス/カンパリ/パッションフルーツ/ラム等各種リキュールもありますのでカクテル各種なんでもどうぞ
酒	ラム	ちなみにカクテルブースでは各お店で使うラムが決められており、BAR RUMHEAD&Y'sBARのブースではHSEサンテティエンヌのブランを使ったカクテルでした
酒	ラム	マロンケーキが土台に、ラム酒のきいたマロンクリームに、甘さ控えめのマロンクリーム、芯に濃厚なマロンクリームが、その一体感が超超マイルド、このタッチはオ・グルニエ・ドールのモンブランのクリームと同じ感覚のように思え、超ハイレベル最高大満足
その他	ラム	1Windowsのシステムのプロパティで、「データ実行防止」が「次に選択するものを除くすべてのプログ &nbsp ラムおよびサービスについてDEPを有効にする」が選択されている
食事	ラム	ラムやビーフを驚くほど多くの銘柄の白ワインで食べることがもちろん多いのですが、ここではさらに豊富な魚貝類と野菜がメインディッシュとなっていました
酒	ラム	ギンギンに凍らせたグラスに、これまた冷凍庫保管しているラム酒にチェリーリキュールをシェイクして、グラスに入れたカチンコチンンの氷に注いでオレンジを添える、本当に足に来るお酒ですよ
酒	ラム	このラムは、主に大英帝国が支配下においていたカリブ海のトリニダート、バルバドス島で醸造された原酒をヴァージンアイランドでブレンドし、樽に入れて熟成させたアルコール度の非常に高い酒です
酒	ラム	地元の人たちが集うクラブへ知り合いに連れて行かれ、一度に全部を知ることになったのですが、それまでラムという酒の日本での地位は飲む人は飲むが、飲まない人は一切口を付けようとも思わない部類の酒でした
酒	ラム	大統領とその仲間たちは、当面のあいだ、経済的には身から出る錆を心配することもなく、クロフォード[テキサス州のブッシュ家牧場の所在地]に引き返して、マイタイ[ラム酒、レモン、パイナップルジュースのカクテル]と薮払いの日びを楽しみかねない風情だった
その他	ラム	ロータリーの森をアグリスポーツ公園に造り、職業奉仕では佐藤先生にたいへんお世話になり、シャーラムより多数のメンバー留学生を迎えた時は全員の力で友好の輪を広げ、屋外例会では清掃作業、またヨットの体験等、親睦委員会はよく頑張ってくれました
食事	ラム	3年前に住んでいた近所のスーパーでラム肉が売られていたのでよく買って食べていましたが、引越して今住んでいる近所のスーパーではラム肉が無いので、豚肉ばっかり食べていたらさすがにもう飽きてしまい、久しぶりにラム肉食べたいなぁと思って送料無料とレビューにつられて購入してみました
食事	ラム	丁寧に飼育された優良な各部位のラム肉を始め、全国のブランドポーク、スペイン産イベリコ豚、ホロホロ鶏、フレッシュフォアグラ、ボヴィーヴェール、ジビエなど
酒	ラム	さくらんぼのようなつき方をしたクランベリーの実を一粒一粒つまんで取り、ゆすいでお鍋に入れ、砂糖、ドライローズヒップを加え、ブランデーとラム酒少々、量が少ない分、通常ジャム作りには入れない水を足して煮ました
その他	ラム	PS3には、IBMコーポレーション、ソニーグループ、東芝が2001年から共同で開発したCellとともに、米国NVIDAコーポレーションと共同で開発したグラフィックスプロセッサ(RSX)、米国ラムバスが開発したXDRメモリに代表される、最先端の技術を数多く搭載
食事	ラム	横須賀dj時代・・・この曲で皆で馬鹿んなって テキーラ&ラム 瓶抱えて・・・ 朝まで飲みまくりしてたさぁ★ ターンテーブルwww スピードup
酒	ラム	世界中で飲まれているほとんどのラム酒の原材料はこちらとなり、通常この「糖蜜」の味や香りをマスクするために、エッセンス(香料)やカラメル(色素)を使用しますが、CORCORは素材の風味を活かすために単式蒸留法により、無添加・無着色に仕上げています
酒	ラム	ちなみにサトウキビを醸造したらラムじゃないのかと疑う方もあるかもしれませんが、ラムは砂糖汁を蒸留させますが、黒糖焼酎は一度黒砂糖に精製した後、再び水に溶かして製造するという点で、ラムとは違うんですねぇ
酒	ラム	≪DRINK≫・ビール・焼酎(芋・麦・黒糖)・赤ワイン・白ワイン・ジン・ウォッカ・ラム・カシス・カンパリ・オレンジジュース・グレープフルーツジュース・コーラ・ジンジャーエール・トニックウォーター・ウーロン茶※25名様から70名様までの限定プランです
食事	ラム	高脂肪食品には種子類(ゴマ、ヒマワリ、トウモロコシ)、ナッツ類(特にクルミ、マカダミア、ココナッツ)、特定の豆類(ピーナッツ、大豆)、特定の果物(オリーブとアボガド)、多くの獣肉(ビーフ、ポーク、ラム)、鳥肉(ガチョウ、鴨、皮つきの鶏肉)、多くの魚類(サケ、サバ、イワシ、ニシンなど)、チョコレート、バター、クリーム、全乳製チーズなど
その他	ラム	平面領域のデータに対して行う図形データ処理方法、並びにその図形データ処理方法をコンピュータに実行させるためのコンピュータにより読み取り可能なプラグラム、およびそのプログラムを格納したコンピュータにより読み取り可能な媒体
酒	ラム	こうもりが特徴のバカルディ・ラム蒸留酒製造所ではお酒の試飲もあり、ガイドさんお薦めの1年もののラム酒とミント、ライムを混ぜ合わせた“モヒート”と呼ばれるお酒を楽しまれている方がたくさんいらっしゃいました
その他	ラム	ラムバスとともにXDR DRAMに取り組むことにより、コストパフォーマンスに非常に優れたメモリソリューションをコンシューマエレクトロニクスおよびコンピューティング市場に提供することが出来ます
食事	ラム	連れの取ったCharbroiled lamb(子羊の炭焼き)は、ラムのフィレ肉をグリルしただけのものを想像していたら、かなりヘビーなハーブのソースがかかっている
食事	ラム	『これが正しい日曜日の過ごし方だよなぁ~』 と、ひとり納得しながら食うジンギスカンは、今時の生ラムなんかではなく、昔ながらの 『円い冷凍肉』 のやつです
その他	ラム	「金沢市」と「キゴ山」は昨年、キゴ山天体観測センターを見学した渡辺氏が「天文学 の普及に熱心な都市」との理由から、キゴ山宇宙塾塾長を務める寺門邦次日本宇宙フォー ラム専務理事らと相談して命名、先月に登録された
その他	ラム	というのは、観測的研究、理論的研究のどちらにしても、 (本当に「紙と鉛筆」だけでできる理論的研究の一部を別にすれば)計算機を使っ てデータ解析やシミュレーションをすることが必須であり、そのためのプログ ラムを作る必要がある
コンピュータ	ラム	男が家族と同居する狭いアパートを家宅捜査した結果、ラム専用の鍵付き戸棚の中から自らが現像したさらに猟奇的な無数の死体写真とポリ容器に入った液体や解剖図鑑が発見された
その他	ラム	あたるがラム以外の女の子にちょっかいを出すのを初めとして、『めぞん一刻』の五代くんも響子さん以外にもこずえちゃん、小夏ちゃん、まあ他にもいろいろあったみたいだし
食事	ラム	他にもラム焼肉一時間千円で食べ放題だったり、「食べ歩きミステリー迷路」と名付けて、野営場内の飲食店を周る食べ歩きイベントもあり、ステージイベントあり、抽選会ありともう書ききれないボリュームのお祭り
その他	ラム	また、ラムのスターク出版時代最後の作品であるBohemia Rag (1919)ですが、弾くのに難しい調だということで、出版前にスターク氏は移調を依頼したそうです
その他	ラム	また、XDR DRAMアーキテクチャーを開発したラムバス社のプラットフォーム ソリューションズ の上級副社長であるローラ スターク(Laura Stark)氏からは、「我が社のパートナーであるエルピーダが、最高速4
その他	ラム	先生は『ラム、ラム』と、とても可愛がっていますけど、先生がお風呂に入っているときに石鹸の入った洗面器の水を飲ませて、ITARUに怒られているのはどうかな
食事	ラム	" " ロースト・ピッグの起源を説いたラムの有名な「焼豚の説」、読む人皆実在の京の料亭と思い込んだほど巧みに 描き上げた青木正児の「陶然亭」、思わず笑えてくるドーデの「ミートパイ」、ゴーゴリの臭気芬々たる「むかし気質 の地主」・岡本かの子の「食魔」等々知名なあるいは珍しい18編の食にまつわる名作の集大成
その他	ラム	でも、このラムカン程度のサイズならキッチン出窓に並べていてもカラフルで可愛いので蓋があるからこそ食器棚の奥にしまい込まずに「見せる収納」方法を取ると眺めているだけで(⌒ー⌒)ニンマリとしてしまう事請け合い
酒	ラム	最近ラム酒を好んで飲んでいるという友人、そんな話を聞いてしまったからには、しばらく、ラムを飲むたびに、ネルソンの味がするような気分にさいなまれることでしょう
その他	ラム	ラム43「根ね深ぶかねぎ」は、ねぎが成せい長ちょうするたびに畑はたけの土つちをねぎのねもとに積つみ上あげて(土つち寄よせ)日にっ光こうが当あたらない部ぶ分ぶんを多おおくし、白しろい部ぶ分ぶんが長
その他	ラム	浜名湖えんためでは、地域活性化・まちづくり・観光・環境・食など、さまざまな分野にわたり、それぞれの行政、団体、NPOと協働して、ファーラムやセミナー、講演会、勉強会を開催しております
食事	ラム	ラム肉が美味しい、タレが美味しい、何もかも美味しいのですが、最後の締めに、あの栄町の名店・“鈴や”さんの超極太うどん(ゆで時間15分以上)を投入してみました
その他	ラム	GemStoneの社長、リチャード・ラム(Richard Lamb)氏は、「GemFireの基本的な仕組みは、実データをミドルウェア・レイヤにロードして、本物のデータ・ストアのようにJavaアプリケーションとリアルタイムにデータをやり取りするというものだ
食事	ラム	麺そのものの風味を堪能できる「あったか付け麺」ほか、パスタ風の「生ハムガーリック」735円や「ラムしゃぶら〜めん」780円など、8種類がそろう
その他	ラム	さらに、「プログラム」(又は「プログラム生成物」)と「プログ ラム生成物」とはならない他のプログラムとを、単に保管や頒布のた めに同一の媒体上にまとめて記録したとしても、本使用許諾は他のプ ログラムには適用されません
食事	ラム	タスマニアで「美味しい羊肉を作る」という一点にこだわって育てられたグレインフェッド(穀物肥育)羊「オーロラ」のラムスライスと、花山椒などのスパイスと唐辛子が付いた鍋スープの素のセットです
酒	ラム	鍋でカラメルをつくり、バター、ラム酒、チェリーブランデー(桜桃酒)、チェリーを順に入れてフランベし、チェリーとアイスクリームにモンテ(バターで仕上げる)した熱々のチェリーソースをかけて味わう一品です
その他	ラム	熟練技術者は、CAMへの加工切削データの入力作業と段取り替え作業を行っているが、CAMへの切削条件や、加工手順等のデータの入力負荷が大きく、熟練技術者が本来行うべき段取り替えを含めた加工プラグラム作成に注力できないことが多い
食事	ラム	この「ジンギスカン極(きわみ)」は特製無添加生ダレとラムロース肉をふんだんに使っており、柔らかく、美味しく、臭わない、当店自慢の逸品で、この本店でしか販売していない商品です
食事	ラム	味はラムの方が臭みも無く柔らかいとされていますが、私個人としては、子供の頃から家族で鍋を囲んでお腹いっぱい食べていた マトンの方がジンギスカンらしくて好きです
酒	ラム	薄力粉・卵・粗糖・溶かしたバター・ラムレーズンといった材料がひとまとまりになったら そのまま「かまぼこ型」にして低温の170°Cで30分も一度焼くんですね・・生地表面が乾いたような状態でオーブンから出てきて そのぬくもりが冷めない内に1〜2cm厚さに切り分け180°Cで片面10分ずつ焼きます・・つまり二度焼きするんですね
酒	ラム	ドライフルーツの加工品として、レーズン、クランベリー、ラズベリー、ブルーベリ ー等の洋酒(ラム、リキュール、ブランデー、ワイン)漬けの他、カット品、ペースト 品、ゼリー等に加工した製品も取り扱っています
その他	ラム	iniファイル内で /3GB スイッチを使用して、2GB を超える仮想アドレス空間を使用できるプログラムラムをサポートする場合、Windowsの起動時にドライバが読み込まれないことがあり、その場合に発生していることを確認しています
食事	ラム	ニュージーランドの食肉・羊毛生産者らで組織する輸出振興団体、ミート&ウール・ニュージーランドは1日から、「ビーフ アンド ラム ニュージーランド」に名称変更した
食事	ラム	ききなれたソフト、例えばラムチョップをかけていて、背後で鳴るオルゴールみたいな音で、MyAudioLifeの原稿を書いている僕は意識をとられ、スピーカーの方を向かされてしまう
その他	ラム	ダーク・スピリッツの市場は伝統的なイメージを持つ古風なブランドが率いる下落中の市場にように見えますが、内面に目を向けるといくつかの再生の兆しが見られ、成長中のゴールデンラムは、業界内の他の製品に道筋を示すとともに然るべき方法についての有益な助言を与えています
酒	ラム	割ほぐした卵をすこしずつ2に加え混ぜる水又はブランデー(ラム酒でもおいしい)を3に加え混ぜる4に漬け込みフルーツを混ぜ込んだら、型に流し込み170°Cのオーブンで約40分焼く 注・竹串をさして生地がこびりつか なければok
食事	ラム	同イベントは、約300種類のオーストラリアワインが一堂に集結するもので、来場者は多種多様に揃ったワインとともにジャズのライブやオージービーフ&ラムなどの軽食も楽しんだ
食事	ラム	子供たちと一緒に遊んでくれたり、またたびに夢心地になったり、おやつジャーキーをドリブルしたり、ラム肉を興奮しながら食べたり(最近になって、ラム肉が大好きなことが判明、食べながら“アムアム”言ってしまうほどのお気に入り
その他	ラム	韓国のサムスン電子と米ラムバスは、SDRAM、DDR(倍速データレート)SDRAM、および、これらメモリーと直接インターフェースを持たせるコントローラの特許供与に合意した
その他	ラム	立ち食いのプロの話でラムちゃんが意外と大食いであること(これはミス友引でも同じ)とか、さよならの季節は廃車置き場にグルメポッポが転がっているのに気づいたときの驚きとかを話しましたが、ぶちょーからはポンチョラムちゃんの可愛さや初期ラムちゃんの魅力について伺いました
酒	ラム	ある時、県内でフルーツワイン醸造所を立ち上げた経験を持つ醸造技術者がいることを知り、すぐに会いに行き、世界一のラム酒を 南大東島で作りたいこと等を必死で話をしたという
酒	ラム	あらゆる種類の産地と年代のワインはもとより、火酒(ウオツカ)、椰子酒(アラック)、コニャック、ウイスキイ、ジン、ラム、テキラ——それに、 Saki まであった
その他	ラム	ネットワークへの接続トラブル、欠陥、不完全さ、改ざん、コンピューター・トランスミッションの遅れ、オンラインの失敗、またはハードウェア、ソフトウェア、およびその他技術的な故障、通信のかく乱、失敗および以下の弊社本プラグラムを混乱または腐敗させるような行為に対し弊社は一切責任を負いません
食事	ラム	商品概要:商品詳細 miumiu(ミュウミュウ)クシュクシュっとした柔らかなラム革の質感を存分に堪能して頂ける高級感溢れるミュウミュウの二つ折長財布♪正面のロゴで、しっかりブランドをアピールします
その他	ラム	しかし、アローラムが手当たり次第に集めたデータは追走する工作船の大型コンピューターによって解析され、次々にフィードバックされるデータのおかげで異星船の進路予想は格段に精度を上げていた
その他	ラム	東海大学のカリキュラムをEAへ移転、EAで研修した結果を東海大学へフィードバック、カリキュ ラムを評価・改善し、再度EAへ移転、というサイクルを形成
酒	ラム	そして酒だが、ラムでどんなカクテルが作れるだろうと一覧表をみると、今ある材料ではダイキリというカクテルが作れるというので、食後にダイキリをつくって飲んだ
酒	ラム	「サバランと胚芽パン」 サバラン:焼きあがった生地を、紅茶とたっぷりラム酒が入った液に浸し、 ジュルジュルのままカップに入れて、アンズジャムを塗って、 生クリームとフルーツをトッピング
酒	ラム	ヘミングウェイのレシピは一般のものと異なり、ラム酒をダブルにし、グレープフルーツジュースを入れ、砂糖を抜いたもので、これをパパ・ダイキリと呼ぶ
食事	ラム	メインはうちのドイツ人が作ったラム肉と白豆のトマト煮込み(トマトはまだドイツの地物はなく、ハウスものも売られてなくて、スペイン産)と、友人が持ってきてくれたドイツ・プファルツ地方のワイン
その他	ラム	シャーロット・ラム作品は、10代もしくは20代はじめのヒロインと30過ぎのヒーローという組み合わせが多いので、ほとんど年の差ものにはいっちゃうかも
その他	ラム	或は人の還俗せよとすゝめけるにこたへて世間〔日が月〕ヲアキイトヒテ一度出家セル吾ナルモノヲ又再オモヒカヘシテ還俗シタリトモ何ニカハ成ラム、サレバ否還俗セム心ハ更ニ無シといへるにもあるべし
酒	ラム	ここで、昼食となったのですが、食事というよりも、喉も乾き、夜を待ちきれないメンバーの事、ビール、日本酒、ワイン、ラム酒の大宴会になってしまいました
その他	ラム	「ディズィー/ギルティギアシリーズ」「ジオール・トゥイー/オトメディウス」「ラム/うる星やつら」「量産型マルチ・セリオ(レオタード)/To Heart」「レイコ・ホリンジャー/ガンダムカードビルダー」「ヨーコ/天元突破グレンラガン」「光と水のダフネ」 など
食事	ラム	ここでは「カソリの鉄の胃袋」を思う存分に発揮し、「生ラムのフライパン焼き」、「ラムのリブステーキ」、「羊飼いのカレーライス」と、羊肉料理の3品を食べた
酒	ラム	補足すると、焼酎とその他の蒸留酒(ウイスキー、ブランデー、ラム、ウォッカ等)とでは酒税が違う(焼酎のほうが安い)ため、このように細かく区分が規定されています
その他	ラム	ラムサイの会はアジアで急速に拡大しているエイズを通じ アジアの様々な問題を学ぶとともにエイズ患者HIV感染者を援助 する事を目的としたボランテイアの会です
その他	ラム	ホワイト、ブラック、シルバーすべてピンクカラーに変身させてくれますニンテンドーDSスキンに続き、今度はノートパソコンのスキンがラムラムから新登場しました(LACE)ノートパソコンスキンLAMB
その他	ラム	当時は、BASICというプロラム言語しか内蔵ソフトがなかったのですが、それをなんとか駆使して(雑誌などでプログラミングの仕方を覚えたり、塾の先生に習ったり、と
酒	ラム	そこでは戦前からずっとサトウキビの搾汁で焼酎をつくり続け、島酒として大事にされてきが、1972年の沖縄返還時に焼酎原料としてのひきつづきの使用を沖縄中央勢力の説得によって「辞退」させられ、かけがえのない、よりラムに近い黒糖焼酎が惜しくも廃絶した
酒	ラム	広く言うとウイスキーやブランデー、焼酎等もスピリッツに含まれますが、このブログでのカテゴリー分類におけるスピリッツは主に4大スピリッツ(ジン、ウォッカ、ラム、テキーラ)について取り上げていこうと思います
その他	ラム	大容量化とともに処理の高速化も進んでいるが、その高速処理のキーテクノロジーとして裾野を広げているのが、今回紹介するラムバス社のメモリーアーキテクチャーだ
その他	ラム	非常に古いバージョンの Spike2 によって作成されたファイルを新しいデータ・ファイルにエクスポートすると、プラグラムをクラッシュさせる可能性がありました
食事	ラム	食べ放題頼むほど食べれないので普通にラム肉やカルビ ピートロ ホタテなどを注文です(^▽^;)w ビールゎもちろん隣の工場で作った出来立ての美味しい〜ビールが飲めます 私ゎビール飲めないのですがパパさんが言うにゎやはり香りも味も違いがあり美味しいとの事です
酒	ラム	ユースケ・サンタマリアと筧利夫の区別がつかなくなる ラムといえば、ラム酒○ 羊の肉× だっちゃ ラムチョップ ダーリン、観念して愛の手刀を喰らうっちゃ
その他	ラム	人気のキャラクタは『うる星』のラムとしのぶ、『ななこSOS』のななこ、『クリーミィマミ』のマミと優、『マクロス』のミンメイ、『ナウシカ』のナウシカといったところ
その他	ラム	デューンは日本仕様や限定デューンが好きという方が多いと思いますが、マルミットやスープポットデューン、ルクルーゼのココロットロンドやルクルーゼのスクエアやラムカンなども人気が高い圧力鍋です
酒	ラム	原材料 シート生地:鶏卵、砂糖、バター、生クリーム、食用植物油脂、でん粉、小麦粉、トレハロース、ラム酒、タピオカでん粉、食塩、乳化剤、ベーキングパウダー、香料 (原料の一部に大豆を含む) バタークリーム
酒	ラム	19世紀の終り頃菓子職人ジュリアン兄弟が、ババのレーズンをやめ、生地をラム酒だけでなく、キルシュ酒風味のシロップにたっぷり浸して創出したものと言われています
酒	ラム	冷えたキールやラムや炭酸水で割ったカンパリ酒、森町特産の「柿ワイン」やメロンワインの甘口を飲んで胃袋に「シゲキ」と食事への誘いの儀式を行うと、もうこのひとときは至福を感じていただけるものと確信する
その他	ラム	まずアプリの開発環境としては変造MIPSよりもPowerPCが有利であろう事、またメモリーはラムバスの主張する帯域より低レンテンシの方が実質的にはパフォーマンスに効くのではないか、という事である
酒	ラム	前述したとおり、当時の黒糖焼酎はラム酒と同じ製法で製造されていたため、法律上、“洋酒(スピリッツ)”のため国内産のお酒より高い税率だったのです
その他	ラム	プログラムというのは論理的な構造と意味を持ったものであって、プログ ラムが間違っていない事を確かめる作業も、一つのプログラムを書き換えてよ り性能の良いプログラムや、似て非なるプログラムを作る際にも、その論理的 構造や意味を理解しない限り、作業は何ひとつ進まない
その他	ラム	例として、神酒はルリカケスに使用するラム原酒を50度に度数調整し、樽熟を施さない製品であり、また、キングラムに関しては中身はルリカケスといった製品です
その他	ラム	ファロー105Gブルゴーニュ白ワイン入りマスタード ファローマスタード フランス・チキンソテーやラムチョップなどのソース、チーズフォンデュに最適です
酒	ラム	バウムトルテ ラム酒入りのシロップにつけた自家製バウムクーヘンとクラムクリーム(スポンジをあわせたクリーム)を、 チョコスポンジで挟み、生クリームとチョコレートソース・ビスキュイで仕上げたケーキです
その他	ラム	[サンノゼ(米カリフォルニア州) 27日 ロイター] 半導体設計開発の米ラムバスは、韓国のハイニックス半導体が、ラムバスの技術の一部を使用したメモリーチップを製造することを中止させるため、裁判所の差し止め命令を求める方針
その他	ラム	『TRON』でサイバースペースの中に放り込まれて、暴走したMCP(マスター・コントロール・プログラム)を内側から止めることになってしまった男フリンは、コンピュータ世界の内部の“住人”であるプログラム人間(ラムやトロンやヨーリ)から「ユーザー」と呼ばれて崇敬されます
食事	ラム	【メンズレザーブルゾン】ラムレザー 2重衿レザーブルゾン(M〜3L)6987 上質なメンズラムレザーブルゾンは 軽くて柔らかく、体のフィット感は 他のレザーよりも優れています
食事	ラム	USMEFは、1976年、食肉関連企業および団体が、米国産の牛肉、豚肉、ラム、子牛肉の需要を国際市場で創造することを目的に設立した米国食肉業界を代表する非営利団体です
酒	ラム	宝酒造株式会社では、ベースアルコールや梅の品種、糖にこだわった梅酒、“ラム仕込 南高梅梅酒”および“泡盛仕込 黒糖梅酒”をそれぞれ6月7日(火)、14日(火)より全国の飲食店ルートを中心に新発売する
その他	ラム	あなたが新しくプログラムを作成し、それを公用に供したい場合は、プログ ラムをフリー・ソフトウェアにして、全ての人々が以上の各条項に従ってこれ を再頒布や変更をすることができるようにするのが最良の方法です
食事	ラム	細長い串焼用の窯は、マンガラマそれぞれタンデゥルキャバブとかマンガラマキャバブのように窯の焼き方で呼ぶ呼び方も存在するが、通常は、羊(ラム)のキャバブがシシキャバブとか、材料や、部位の種類で○○キャバブのように名前を呼びかえる
酒	ラム	物が無いのですから、酒などといった嗜好品は二の次であったわけで、飲めるだけ幸せであった時代に、わざわざ、洋酒、しかもラム酒を造ろうと意識した人が果たしていたのだろうかと疑問に感じてしまいます
酒	ラム	細かく刻んだラムレーズンを、ホワイトチョコに混ぜ込み、ミルクチョコレートでコートした上品なおいしさとやさしい口どけが楽しめる大人向けのチョコレート
その他	ラム	トネクトサス・ラムゼリー・ラスカ、こんなふうにラムゼリーは刀身の付け根にカーマン半島の文字で、献上する王国の名を刻み込んだから、最後にかつての王国名がつけられて呼ばれている
食事	ラム	この日の訪問は大変有意義なものでしたが、ランチは勿論15時から2時間ほどかけたスペイン式で(オーブンで水だけ使って調理した極上のラム肉をいただきました)、初日から満腹御礼のスタートでした
酒	ラム	・・・木の実やフルーツは香り高いラム酒やコニャックとともに1年以上ねかせたものを使い、生地には8種の香辛料とケンネ脂、黒ビール、蜂蜜、フランス産石臼挽きの小麦などヨーロッパに伝わる伝統的な素材を用いて、一つずつ丹念に焼きこみます
酒	ラム	アイリッシュウイスキーについて、ウイスキーについて、ウオツカ、ウォッカについて、カナディアンウイスキーについて、ジンについて、シェリーについて、スコッチウイスキーについて、焼酎について、スピリッツについて、テキーラについて、バーボンウイスキーについて、ビールについて、ブランデーについて、ラムについて、リキュールについて、ワインについて、
食事	ラム	とカレーの作り方まで丁寧に教えてくれました(^^)店はインド一色だけどアットホームな関西のお店って感じで◎今度はお店のおすすめ、ラムカレーを食べに行きたいと思います
その他	ラム	なんだかんだいって皆(ミナ)表現者(ヒョウゲンシャ)です、((I$)お客さんの量(リョウ)が増え(フエ)ると動きのキレも煽りのキレもグンと上が(アガ)ってました、((I$)一日(ツイタチ)を締めくくる、気合(キアイ)ラム酒、最近(サイキン)でびゅーしたんですが、これ、なにげに飲めるもんですね
食事	ラム	「サザエのカレー」「ラム肉のカレー」「トマトとチーズのカレー」など、気になるカレーばかり だったのですが、とにかく今回は「ぎんやんまカレー」がお目当てでしたので
酒	ラム	カクテルベースとしてどんな素材ともよく融和する性格を持つラムは、カリブ海を代表する洋酒で、色合いもホワイトからゴールド、ダーク、さらに味わいもライトからヘビーまで様々
食事	ラム	メインは、マトン(ラムにしては歯ごたえがしっかりしている)の焼肉(たれに漬け込んだものの)です、キャベツの千切り(マヨネーズ添え)が付け合せ、小ぶりの丼に大目のご飯、ラム
酒	ラム	チョコレート風味のスポンジケーキに アーモンドの香ばしさをプラスした独特の舌触り[商品説明]名 称:西洋菓子原材料:卵、砂糖、小麦粉、ココア、スイートチョコレート、アーモンド、シナモン、バター、ラム酒、アンズジャム、ガナッシュ内容量:1個 15cm×4
その他	ラム	1998年4月に米国ラムバス社とNDA(秘密保持契約)を締結し技術交流を進め、その結果、同社がメモリモジュール基板で長年蓄積してきた高速シミュレーション技術と米国ラムバス社の最新技術情報とが実を結び、他社に先行してRIMMTMモジュール基板製造技術を確立している
その他	ラム	おなじみの殺し屋役アンソニー・ウォン、ラム・カートン、ラム・シュの3人に、フランスからジョニー・アリディが加わり壮絶なガンアクション映像を堪能する
その他	ラム	「関節炎」を克服する 誰にでもできる関節炎のためのやさしい太極拳 ポール・ラム/著 ジューディス・ホーストマン/著 帯津良一/日本語版監修 宮田摂子/訳
その他	ラム	当院では医師の診断の下、理学療法士がマンツーマンで皆様の姿勢や身体の使い方などから、痛みやその他の症状の原因を探り、個々の患者様に合わせたプログ ラムを作成しています
酒	ラム	ラム酒工場(東京都 小笠原諸島)旅行に必要なラム酒工場の国内旅館・宿・ホテル・温泉、国内ツアー、高速バス、割引レジャーチケット商品情報、ラム酒工場旅行情報を提供しています
酒	ラム	ミキシンググラスにホワイトラム、椰子の実のジュース、それにグレナディンシロップを加えてステア、レモンピールをトム・コリンズのオレンジのように飾ったカクテルが出来上がってきた
食事	ラム	ラム肉は包丁で叩きまくって挽肉にし、ナツメグ少々としいたけのみじん切り(石突)を練りこみ、青唐辛子、しいたけ(カサの部分のスライス)といっしょに、アメ色になった1の鍋に加えて、肉の色が変わるまで炒め、カレー粉を加えます
その他	ラム	ハードウエア&アーキテクチャ、インストールとパッケージマネジメント、カーネル、 テキスト・エディット、プロセシング、プリンティング、シェル、スクリプト、プログ ラム、コンパイル、ネットワーキングの基盤・サービス、セキュリティーなどから問わ れる
食事	ラム	ジンギスカンといえば、たれにどっぷり浸かってるものだと思っていましたが、同じ道内でも札幌や函館あたりでは冷凍ラムの薄切りをそのまま焼いてあとからたれで食べる、というのも初耳
食事	ラム	【あす楽対応_東北】【あす楽対応_関東】【あす楽対応_甲信越】【あす楽対応_北陸】【あす楽対応_東海】【あす楽対応_近畿】【あす楽対応_中国】【あす楽対応_四国】【楽ギフ_包装】【楽ギフ_メッセ】上質なラムレザー(羊革)を使用した、手触りふんわり、鮮やかカラーの長財布です
その他	ラム	10°前傾したシリンダーグに吹きつける走行風を、2、3気筒のスパークプラグ周辺へ導く導風板(ラム・エアー冷却と呼ぶ)が、”スズキ製4サイクルであることを主張している
食事	ラム	生ラム(ニュージーランド産)/ラムスペアリブ(ニュージーランド産)/牛肉(国産和牛)/豚肉(鮫川産)/豚トロ(葉山高原豚)/コンニャク(鮫川産)/堅焼きどうふ(鮫川産)/旬の野菜
その他	ラム	また、定期券を載せることも可能で、地鉄市内電車、ポートラム、フィーダーバス(四方)、フィーダーバス(浜黒崎)の定期券のうち、最大3つまで載せられる
酒	ラム	アメリカの禁酒法時代、カリブ海にあったラム酒密輸入ルート“ラムの大通り”を舞台に、密輸船のいかつい船長と、彼が憧れた映画女優とのロマンスや冒険が伸びやかなタッチで描かれる
その他	ラム	補給路確保を目的としたもので、連合軍の制空権下で輸送船がぎりぎり到達可能なマダンから、フィニステル山系を横断し、ラム河谷からマーカム河谷を通って最前線のラエへ至る全長300キロの道路が計画された
その他	ラム	ローマ10月23日インタビュー:"チベット独立"の要素も嘘、メディア関係者、ラムの王ドン王允張Bihongカナダインドインドを訪問する既知の"ヒンドゥー教の"エディタラム22日新華ファイナンスとのインタビューで、"チベット独立ラサで"要素、"3;
その他	ラム	アルファプラスでは新しいデーターをECUから吸い上げたり、エンジン始動中に別のデーターをECUに送ったりするために専用ラムボード(代理店ツール)を使用します
食事	ラム	刺身盛り合せ1800円 活イカ1300円〜(夜のみ) 牛すき鍋コース3000円〜 ★はこなびおすすめプラン/あんこう鍋に特製ラムシチューや刺身など料理8品に2時間飲み放題付の「はこなびAプラン5000円」、鍋がつくね鍋になる「Bプラン3800円」と、予算や好みで選べるお得な宴会プランを提供
酒	ラム	ブランデーやラム酒は、樫樽で長期熟成し、樫樽から香りや旨味を引き出しますが、その旨味の成分は、水に含まれるミネラル等と結合しやすい性質があり、せっかく何年もかけて熟成した洋酒の香りや味わいを無くしてしまいます
食事	ラム	サイズ表3L:着丈82cm 肩幅57cm 袖丈65cm 胸囲146cmカラー:ブラック 素材:ラムメンズステンカラーレザーコート上質なラムを使用しているので軽くて柔らかく着心地は最高体になじむ感覚で、デザインもシンプルなステンカラーでボタン留めとファスナーの二重クローズで防寒性抜群普通の3L、4Lサイズよりもかなり大きめです
食事	ラム	シャトー・ムートン・ロートシルトワインのタイプライトボディ☆☆☆☆★フルボディ香り豊か、合う料理肉とポテト料理、ラム、子牛、グリルステーキ飲み頃温度常温17度が適温葡萄の品種カベルネソービニオン80% メルロー8% カベルネフランプティベルド12%こだわり度特にこだわりのワイン 一度は飲んでほしいワイン容量、アルコール度数750ml13度未満樹齢平均45年手摘み
酒	ラム	ドミニカ共和国産のラム酒をアメリカのコモディティーズ社が輸入して、ハバナ産(キューバ共和国)の葉巻に合う様に仕上げたという、なんだかよく分からないラム酒です
酒	ラム	もちろんキューバ産ビールで乾杯の後、色々と味見してみましたが、今までケーキを焼く時に使っていたものや、ハワイのサトウキビで作ったハナ・ベイ・ラムしか知らなかった私には、新しい発見となりました
その他	ラム	ラム】デルの「Streak」は中途半端なタブレット端末(ウォール・ストリート・ジャーナル) 米アップルの多機能端末「iPad(アイパッド)」は、発売からわずか数カ月で、マルチタッチスクリーン搭載のタブレット端末は、有望な市場があることを
酒	ラム	ラム酒をベースに桜のリキュールを使い、大人の味に仕上げたカクテル「雅(みやび)」をチョコレートで優しく包み込んだ、桜のほのかな甘さが春の訪れを感じさせるオリジナルカクテルボンボンになっている
その他	ラム	● ラムバスはカリフォルニアに拠点を構えるとあるが、「拠点を構える」というのが設立地をさすのか主たる営業地をさすのか不明なため、これのみでは、ラムバスがカリフォルニア法人かどうかは不明
酒	ラム	土日店内限定のCoup glaceee(ショコラシャーベットとコーヒーのアイス、ラム酒のかき氷とパンナコッタのスープ、フォンダンショコラとサブレショコラ)とサヴァラン
酒	ラム	各種ビタミン・ミネラル・食物繊維が豊富に含まれているオーガニックオートミール入りのクッキー生地に、ホワイトチョコレートとラム種とブランデーに漬け込んだレーズンを混ぜて焼きました
酒	ラム	サトウキビを原料とする蒸留酒・ラムは、以前から、ダイキリやラムコークなどのカクテルベースとして、また製菓用として広く知られ、世界中の人々に愛されてきたスピリッツです
食事	ラム	Nationalレストランは快適な環境のなか、ラムや子牛、新鮮なアドリア海の魚、イカ、クルマエビ、ほかクロアチア料理など、国内外の極上のお料理を提供してろいます
食事	ラム	北海道ではタコを用いた「たこしゃぶ」や羊肉を用いた「ラムしゃぶ」があり、名古屋では名古屋コーチンを用いた「鶏しゃぶ」、富山県では鰤を用いた「鰤しゃぶ」、鹿児島県ではかごしま黒豚を用いた「黒豚しゃぶ」などがある
食事	ラム	「うちの肉は、輸入肉ではないのでスーパー等に比べて値段は高いかもしれませんが、日本で飼育され生産者のわかる肉(ラム・鴨肉・牛タンを除く)は、美味しいし安心して食べられます
酒	ラム	この映画のおかげで、英国ではラム酒が売れに売れ、バーでもモヒート、ピニャコラーダ、マイタイ、キューバリブレといったラムベースのカクテルが好んで飲まれている
その他	ラム	韓国ハイニックス、賠償金3億9700万ドルを追加支払いへ−米ラムバス 3月10日(ブルームバーグ): 半導体開発の米ラムバスは10日、 韓国のハイニックス半導体が両社の米特許侵害訴訟をめぐる合意に基づき、 賠償金3億9700万ドル(約390億円)を追加支払いすることを明らかにした
食事	ラム	バカリャウという鱈の干物が入ったコロッケや砂肝のトマト煮、ウズラの丸揚げ、バカリャウと生ハムとポテトのミルフィーユ風、ラムチョップと野菜の煮込み、魚介のリゾット等、いずれも意外なほどスペイン料理とは似ていなくて、むしろ素朴な日本料理に近いような温厚篤実な味わいとでもいうべきか
酒	ラム	薄力粉・バター・生クリーム・含蜜糖・自然卵・レモン・クルミ・レーズン・いちじく・ドライパイナップル・クリームチーズ・ラム酒・ミルクパウダー・カカオバター
酒	ラム	基本的には原料はサトウキビです(一部廃蜜糖を使った製品、インダストリアル・ラムと呼ばれる工業ラムあり)サトウキビの絞り汁を発酵させ醸造酒を作り、それを蒸留、熟成させていくわけですね
酒	ラム	ホワイトラムをベースに、パッションフルーツと紫蘇リキュールという独創的なカクテルで、バーテンダーがカクテル技術で頂点を競う「全国バーテンダー技能競技会」(5月23日、香川県高松市)で優勝を果たした
その他	ラム	最小構成のカーネル機能 カーネルはライブラリ形式のファイルで提供されており、アプリケーションプ ログラムとカーネルをリンクすることで、アプリケーションに必要なカーネル の機能が組み込まれます
その他	ラム	ラムバス社は今年初めに、ソニー株式会社と株式会社ソニー・コンピュータエンタテインメントが次世代ブロードバンドアプリケーション向けのセルにXDRメモリインタフェースを採用すると発表しております
その他	ラム	また前作で描かれた終わりのない祝祭空間の存立基盤(=ラム)を、今度はラムが消えるとどうなるかという形で思考実験して見せており、祝祭が終わった後のメガネ、しのぶの描写は演出的には白眉のシーンであろう
食事	ラム	ジンギスカンと言うと、そのクセのある臭いが気になる方も多いと思いますが、このお店で出されるのは生後1年未満のラム肉のみだそうで、臭みもなければ、まるでヒレ肉のように柔らかい
その他	ラム	しかし同連盟は暫定的な認定制度と並行して1996年に大学 や専門学校での教育へのガイドラインとして音楽療法士養成 カリキュラム96を制定しています(現在は改定されたカリキュ ラム01が制定されています)
その他	ラム	060turboX のハイメモリ容量については、単純にラムディスクとしての実装は比較的容易ではあるけれども、ハイメモリとしての動作については様々な検討必要な事項がある事については、 060turbo
その他	ラム	・・・・理由は報われぬ恋と分かっていながらラムに想いをよせつづけるからである ラムに『うちの・・・うちの体はダーリンのものだっちゃ』な〜んて言われてるし 好きな人にあんなこと言われたら普通立ち直れないよな かわいそうというよりむしろ哀れ
酒	ラム	それに加えて、クリスマスを大事にするドイツのキャリアらしく、東京にあるタンネというドイツパン屋さんが作った、シュトーレン(Stollen : ラム酒漬けのレーズンやドライフルーツ、ナッツなどが入った菓子で砂糖でコーティングされているので長期保存可能)を送ってくれます
食事	ラム	ちなみにうろ覚えだが鹿追には大阪屋って言うジンギスカン屋さんがあったんだが、焼くのではなくもろに煮込むと言うメニューがあって、死ぬほどラムを食った記憶が残ってる
その他	ラム	のつもりだったあたるとラムだったが、限られたスペースと自由度の低いその場所で、ふたりは互いのカラダの官能力を巧みに引き出し、開花させていったのだった
その他	ラム	【インテ限定1119】 ●マンボウシリーズ用ピロー ●マンボウソファシリーズ用テーブル ●特製アクリルテーブル ●特製ムートン(ラムファー)ソファカバー あなただけのリラックスタイムに極上のひとときを
酒	ラム	デザートはソフトクリームにして(ちょこっとももさんは、ストロベリー&バニラ、私はラムレーズン)、アイス系にはホットコーヒーが絶対に欲しいということで合意し、追加注文でホットコーヒーもお腹の中へ
酒	ラム	“ラム仕込 南高梅梅酒”は、仕込みのベースアルコールに「ラム」を使用し、日本一の梅産地、紀州みなべ産の「南高梅」のみを漬け込んだ、こだわりの梅酒
酒	ラム	代表の金城祐子氏は大のお酒好きの泡盛党だったそうですが、お酒好きが高じてラム酒と出会い、ラム酒の原料がサトウキビであることを知り、「沖縄のサトウキビでラム酒を造れば、ある意味、本当の地酒
酒	ラム	洋菓子ならではのバター風味が効いたやわらかな皮に、精選された日本風の白あんと、芳醇な香りのラムレーズンが練りこまれたあんがマッチしたお菓子です
食事	ラム	クリスのシーフードチャウダー、ラムラックの炭火焼、夏野菜のスパイスに、白豆のピンク煮、牛肉のワイン煮こみ、グリーンサラダ、チーズオリーブなどの前菜、ガーリックトースト、プラムのコンポートとゼリーとキウイアイス
その他	ラム	CNJ 11時08分 FTC、ラムバスの特許権使用料に上限設定 米連邦取引委員会(FTC)は米国時間2月5日、メモリチップメーカーのラムバスが同社のDRAM技術から徴収できる特許権使用料を大幅に制限する判断を発表した
食事	ラム	牛肉のアイテム数は約30、豚肉20、鶏肉20のほか馬肉、マトン・ラム肉などの定番のほか、特販日にはいのしし肉やきじ肉、かえるも用意し、どのような肉料理にも対応できる
酒	ラム	「ホッピー仙人」は店名のとおり、ホッピーを飲むためのバーで、キンミヤなどの焼酎はもちろんのこと、各種スピリッツ(ジン、ラム、ウォッカ、テキーラなどなど)で作ったホッピーを、それぞれ1杯500円で楽しむことができるのです
その他	ラム	業界の関係者によりますと、Dラム価格の上昇は、下半期にパソコンの需要が本格的に回復することが予想され、パソコンメーカーがDラムの確保に乗り出しているためだとしています
酒	ラム	ROSSI&ROSSI社は、 カリブ海から一部のラムは樽のままイギリスへ運び、 AOC指定のある地域は現地でボトリングし、 ラムネイションと言うブランドで、 ラムの蒸留所名は明かさずに販売されています
食事	ラム	チキンのチリソース焼き、鶏のたつた揚げ、ラムのシェパードパイ、豚の角煮、オリーブとハム入りローフ、グリーンサラダ、ひよこ豆のハマス、クラッカー、チーズ、白いご飯、アプリコットとデーツ入りシナモンケーキ、シフォンケーキ、レモンケーキ、ラズベリーソース、ラム酒入りクリーム、ヨーグルト、コーヒー、紅茶
その他	ラム	また、検出率が良いですし、マイクロソフトからWindowsとの統合が優れているようですし、リソースを徹底的に、それを使用できるようにしている場合は十分なラムである場合
その他	ラム	また、PCの方も富士通に先行されていたのを凌駕しつつありますし、11月にウィンドウズXPの発売も決まったようですし、標準搭載の遅れているペンティアム4ですが、これは価格に問題があるということで、高価なラムバスのチップセットを搭載しない、廉価版を10月に登場させるそうです
食事	ラム	家庭では夏にはバーベキュー、冬場はオーブンを使ったローストや煮込み料理をすることが多いというが、各部位が揃い、「スプリングラム」と呼ばれる生後4カ月未満のラムも並んでいた
食事	ラム	主な生産地は南オーストラリア州及び、ビクトリア州で、 オーストラリアの中でも、もっとも南に位置し、比較的四季がはっきりしており、良質のラム肉を産出する地域です
酒	ラム	トラトラ・ノムゾーはシングルモルト、日本酒、ワイン、地ビール、シェリー、ラム等々焼酎以外の大抵のお酒は好きなので、おウチ酒の時にも外で飲んだ時の様子をアップしておけば、それを見ながら飲めばその場の雰囲気に戻れるかなぁとこのブログを作ってみました
酒	ラム	ジンやウォッカ、ラム、テキーラ、ワイン、ビールなどの酒を使って実験した結果、効果がみられたのは、アルコール濃度を4〜6%薄めた場合で、花の大きさや香り、持続期間は通常と同じで、茎の成長だけが30〜50%抑えられたんだと
酒	ラム	俺はポテトチップスは何とも無くて、ケーキの中のラム酒みたいな成分の極わずかでも駄目で、チョコレートの少しでも、怖くて酒はもう1年飲んでないし、だがいまだに飲みたくてストレスが溜まる
酒	ラム	今日は冬瓜の煮付けを食べ、柚子湯に入り、独り身にやや多かった柚子の果汁を酒で(ジンやラムの〜・クーラーとか〜・コリンズは、シェーカーなしでも比率・順序と丹念なステアを施せば作れる)
酒	ラム	ホワイトラム、オレンジジュース、マンゴーリキュールと南国系カクテルには 欠かせない材料を使用することで名前のとおり、 夏にぴったりのカクテルにも仕上がった
その他	ラム	この最新データを発表したのは、治験責任者の一人であるラムバン メディカル センター(イスラエル)Rami Eliakim博士で、PillCam(R) COLON 2は患者の大腸を可視化してポリープを検出するための安全で有効な手技であることを示した既報のデータを再確認するものであり、その確信がさらに深まったと報告した
その他	ラム	私は再びダウンは、鳥が窓だったと気づいたにもう一度ではなく、我々の春のウィンドウは、まだかなり汚れているので、掃除が完了していませんが、それはかなり明白なのはもちろんラムしようとしないように考えて座る'土壁がある
酒	ラム	以前自宅では、BEER&夕食の後、時にウイスキー、焼酎、日本酒、その日の気分で2〜3杯楽しんでいたのだが、島のお店でマイヤーズラムのボトルに目が行き、ウイスキーの変わりに購入したのをきっかけに、このところマイヤーズのフアンだ
酒	ラム	フレンチトーストの容量で作られているんですが、ラム酒でソテーしたバナナとカスタードクリーム、アイスクリームをのせて「トロワ風ベーグルスイーツ」の完成
その他	ラム	ユーザプログ ラムが論理アドレスでメモリアクセスしようとすると、OSが論理アドレスから 物理アドレスにアドレス変換して物理メモリのデータにアクセスするよう にする
酒	ラム	普段の来客だと720ml瓶を二人で開けて満足するのですが、三人だとすぐに飲み尽くしてしまいまして、残量1/4程度の小笠原ラム、宮崎県の焼酎、残量半分弱のウイスキー膳と次々に空けて、我が家の酒類のストックをほとんど飲み尽くす結果となりました
酒	ラム	家でラムバック4杯ほど飲んだあとでのみに出て(バカ)某所でラムバックから入りタリスカーx2、シナトラ、Ardbeq、その後決めつけバーに立ち寄りスプモーニ一杯飲んで酔い覚ましに歩き、高輪辺りからタクシーに乗って帰宅
その他	ラム	蒸留所の顔とも言える「ブラン」と一度正面から向き合うと、アグリコール・ラムの世界が何倍にも広がり、また様々な楽しみをもたらしてくれる事と思います
その他	ラム	以下において「プログラム」とは、そのようなプ ログラムや作成物を指すものとし、また、「プログラム生成物」とは、 上述した「プログラム」自身、または、著作権法下における全ての派 生物;すなわち、その「プログラム」の全部又は一部を、そのまま又 は変更して、且つ/又は他の言語に変換して、内部に組み込んだ作成 物を意味します
その他	ラム	ミッキーロークは“もう一人の天才の子供”という役柄ですが、トレーラーでも出てくるような最初の部分では“レスラー”にしか見えず、いつラム・ジャムが飛び出すのか
酒	ラム	イスラ・デ・ピノスは名前とは異なり、ラムにグレープフルーツとグレナデンシロップを加えてシェイクしたカクテルらしく、 面白そうなので飲んでみることにしました
酒	ラム	商品説明:アルコール度14度 原材料 黒糖蜜、醸造アルコール、梅、黒ラム酒、砂糖、梅肉エキス、黒酢 使用する梅酒はもちろん国産梅100%で 酸味料、香料は一切使用していません
酒	ラム	当報告書では、世界のスピリッツ市場における新商品開発、ブランド開発、市場活動などを詳細に分析し、サブカテゴリー(ブランデー、ジン、リキュール、ラム、テキーラ、メスカル、ウォッカ、ウイスキー)ごとに分析するとともに、地域(アジア太平洋地域、欧州、ラテンアメリカ、中東およびアフリカ、北米)ごとに調査し、概略以下の構成でお届けします
その他	ラム	「うる星やつら」というタイトルは明らかに当時のアニメファンの中では世界の象徴、axis mundiとして機能しており、今作ではラムが居なくなった時、君たちは現実の世界に戻って大人にならなければいけないんだよというメッセージが込められていたという点も、アニメファンの神経を逆撫でしたのかもしれない(このメッセージは劇中でのラムとルウの会話においても明示的に示されている)
酒	ラム	昔の黒糖焼酎の製法はラム酒と一緒でしたが、戦後、奄美諸島が日本に返還される際に、税率が高くなってしまうことを回避するために、焼酎として認めてもらう方法として米麹を使用するようになりました
その他	ラム	勿論、それらプラグラムに最適化されたライブラリが大量収録されている為、REXループ(約600種)、NNXT用パッチ(約370種)、ドラムキット(約30種)、各種シンセパッチ(約150種以上)など、"大量のループ&マルチサンプル"を素早く的確に使用する事が可能です
その他	ラム	本プログラムは、神戸市立医療センター 中央市民病院における2年間の初期臨床研修プラグラムの一環として設定された、8ヶ月間の眼科選択研修プログラムである
酒	ラム	その船は次に糖蜜を積んで蒸留所が多いアメリカ・ニューイングランドに運び、さらにそこで造られたラム酒を積んでヨーロッパを経由してアフリカに戻り、ラム酒を売った金で黒人と交換されました
その他	ラム	ラムドライブとはメインメモリーの一部をドライブに見立てて使うわけですが、メリットは物理的なHDDと比べ、電気的なので高速、作業用に一時的に使うにはゴミ(断片かとかも起こらない)もでないし、理想的
その他	ラム	捏造バスヲタ君は1日の発電所の総発電量の内、何%がポートラムに使われてるのか、その何%でどれぐらいのCO2が排出されるのか、正確なデータを持ってるんだよ(笑)
その他	ラム	FAマシンにはハードディスク40Mがついていましたので結構重宝しました、 また古きを遡ってMASM3でアセンブラを学習CのC0sなど解析したり描画系関数をマシン語に戻したりして、仮想ラムを 設定した制作環境が作れるようになり、以後マシン語によるドロー系のお絵描きソフトを自作して何枚もの絵(640*400 bmp) を描きました
その他	ラム	ラムネットの幹事が集まり、ラムサールCOP10の総括と今後のラムネットの行方を議論するための会合に、生物多様性フォーラム(JFB)の清水が参加しましたので、報告させていただきます
その他	ラム	このラムが最初に卸されたのは、東京・神楽坂の花街で、「酒の無い時代、舞妓さんなどに大変喜ばれた」と南興ラム開発員の1人である元・南興人の方からお話を伺う事が出来ました
食事	ラム	先日どうしてもラムローストが食べたくなって作ったんですが、レフトオーバーはサンドイッチとサラダという、当たり前なものにしかならなかったから、次回はこれ、トライします
その他	ラム	【宮﨑委員】今、博士前期課程、もしくは修士課程は、それぞれの大学で多様なプラグラムを持っていまして、どちらかというと専門職業人に特化したプログラムを設置している大学もあれば、どちらかというと教育・研究者養成というところで特徴を出そうとしているプログラムを持っていらっしゃるコースもあります
その他	ラム	それでもキックが起き始めて、戻ってくる泥水流が増加し、あるいはガス混じりの泥水が戻ってくるようになると、BOP内のパイプ・ラムでアニュラー部分を閉じ(「シャットイン・ウェル」という)、またドリルパイプ上端のインサイドBOPも閉じてガスの上昇を阻止し、そのうえで泥水を調整してキックを押さえ込む(「ウェルコントロール」という)
酒	ラム	“ラム仕込 南高梅梅酒”は、仕込みのベースアルコールに「ラム」を使用し、日本一の梅産地、紀州みなべ産の「南高梅」のみを漬け込んだ、こだわりの梅酒です
その他	ラム	ラムバスの発表文によると、ハイニックスはまた、新型DRAM (記憶保持動作が必要な随時書き込み読み出しメモリー)の ロイヤル ティー(特許使用料)も支払う
食事	ラム	原産国:日本 ダイエットミート ラム 脂肪の分解を助けるカルニチンや、コレステロールを抑える不飽和脂肪酸が多く、脂肪も吸収されにくい、 ラム 肉を使用したジャーキーです
食事	ラム	最高品質の素材から作られた缶詰アズミラ ラム&バーレイ 犬用缶詰 (ドッグフード)【あす楽対応_東北】【あす楽対応_関東】【あす楽対応_甲信越】【あす楽対応_北陸】【あす楽対応_東海】【あす楽対応_近畿】【あす楽対応_中国】【あす楽対応_四国】
食事	ラム	■生産元:夕張屋ジンギスカン ■原材料: ラム肉(オーストラリア産)・長いも・りんご・玉ねぎ・メロン(夕張産)・生姜・ニンニク・醤油・砂糖・みりん・夕張メロンブランデー・調味料(アミノ酸)・香辛料(一味・コショウ) ■商品内訳:生ラム串焼き
その他	ラム	従って、あなたが「プログラム」(又は「プログラム生成物」)の変更 又は頒布を行えば、それ自体であなたは本使用許諾を受け入れ、且つ、「プログ ラム」又はその「プログラム生成物」の複製、頒布、変更に関するこれらの条項 と条件の全てを受け入れたことを示します
その他	ラム	三星電子は最近のDRAM市況と関連して、既に2001年から汎用PC依存度を縮少するための差別化を拡大し、超高速DDRSDRAM、ラムバスDRAM、グラフィックDRAMなどの比重を70%まで増加させるなど、汎用PC依存製品の構造から脱皮し、SDRAMの価格が下落しても三星電子メモリ事業部の売上げはむしろ増加していると説明した
その他	ラム	KDC100/200/200iに標準添付のシンクロ・キーボードエミュレータプ ログラムはウインドウズのアプリケーションにスキャンしたデータを直接転送し ます
食事	ラム	次は「骨付きラムチョップとつくね」 その他はモンゴルのスープにこれはモンゴル料理ぢゃないけど ダッヂオーブンで蒸し焼きした「ローストラム」絶品でした
酒	ラム	漫画「シティーハンター」でもつかわれている『もう後がない』『究極の』という意味があるラムをベースにしたカクテルをアルファベット3文字で何というでしょう
その他	ラム	今考えている研究の方針として、お金を出して専用のソフトウェアを買って進める方法と、お金を出さずに自分でプラグラムを組んで進める方法と、ソフトやプログラムを使わずにアイデアで乗り切る方法とがありそうだ
酒	ラム	ラムといえは、今でこそ世界中で愛飲され、しかもカクテルづくりになくてはならない酒として有名だが、そのラムにも不遇の時代があったことを知っていますか
その他	ラム	残り10~5km、逃げを捕まえてからは、Tモバイル、ミルラム、AG2R、ゲロルシュタイナー、ブイグテレコム、ラボバンク、クイックステップとスプリント狙いのチーム多数
酒	ラム	「彼らはアゾレス諸島が見えた頃、オラフの遺体を海に投げ入れた」(ドス・パソス自身もインフルエンザに罹りましたが、病院に行かず、フランスのポン引きから買ったラム酒一本を飲んで治しました
酒	ラム	当初はラムをストレートで与えていたが、ラムは強い酒だったため、1742年にエドワード・バーノンという提督が、ラムと水を等量ずつ混合して作った水割りのラムを支給するように命令した
その他	ラム	サクサクした食感のアッパラム、中に空気の入った柔らかいプーリ、細かく切ったビーフンをミルクで煮込んだようなかな~り甘いパヤサム・・・本格的に食べるとここまで違うのね・・・と味わいながら食べました
その他	ラム	その運転手ジョージ・ラムレイ(ブルース・ダーン)は、ブランチの情夫であり、しかも、彼女の霊のお告げというのは、すべてジョージが探偵もどきにかき集めた情報で、
コンピュータ	ラム	今回発表する光ラムメモリ素子は、世界で初めて九州大学から提案した能動多モード光干渉現象を利用するという新しい動作原理を利用したもので、これにより従来の10倍以上の動作電流範囲を実現し、光ラムメモリ素子の実用化へ大きく前進しました
酒	ラム	キンカン酵母と有機チョコレートのカンパーニュ(ラムレーズン・いよかんピール・ヘーゼルナッツ入り)440yen:バレンタインまでの短い期間焼くというパン
酒	ラム	この商品は、ジャマイカで蒸留してオーク樽に詰めたのち、気温が温暖でラムの熟成に適したイギリスに輸送し、8年間の熟成を経たうえで、ブレンド、瓶詰めしたもの
その他	ラム	■標準的なMIDIキーボードの鍵盤、ピッチベンド・ホイール、モジュレーション・ホイール、サスティンペダル、アフタータッチを組み合わせる事で、トレモロ、ストラム、ピッキング、スライド、ベンド、ミュート等の基本的なギター・テクニックを自由にシミュレートすることが可能
その他	ラム	ダウンロードのページに、来る11月22日、福岡で行われる、日経BP社建設CALSファーラム・福岡で使用するPPTを掲示しましたので、必要な方はダウンロードされてお使いください
酒	ラム	1902年、キューバはアメリカの後押しを得て独立を果たしますが、その際にキューバ産のラムをアメリカ産のコカ・コーラで割って、ライムを加えた飲み物が、キューバの人達の親米感情が溶け込んだ1杯として人気を博したと言います
食事	ラム	ビーフやチキン、ラムなどから選べるカレーを1種類選び、野菜のカレー、葉野菜のピュレ状の煮物(ほうれん草か高菜の"サグ")、お豆のスープ(ダールスープ)、ライスとドリンクがセットになっている
その他	ラム	また、これとは別の訴訟でラムバスは、サムスンと米半導体メモリー最大手マイクロン・テクノロジー、半導体メモリーメーカー、韓国のハイニックス・セミコンダクターがラムバスの技術排除を企てたとして、反トラスト法違反で訴えている
その他	ラム	また、中国音楽著作権協会によると、中国で発売されたアルバム「女子十二楽坊魅力音楽会」に入っているラム氏作曲の3曲について、北京世紀星●文化伝播有限公司(王暁京社長)が02年1月に同協会に使用許可を申請
その他	ラム	私も何度か、ご自宅で手料理を振舞っていただいたことがありますが、ラム脚のグリルにトルコ料理だとか、素人の域をとうに超えたレシピには、恐れ入るばかりでした
その他	ラム	ツイ・ハーク「この話をすると長くなりますので短く言いますが、僕が三分の一を最初に撮って、問題を残して二人(リンゴ・ラム監督、ジョニー・トー監督)に応えてもらおうと思いました
その他	ラム	ラムちゃんママから頂いたぬいぐるや、他のおもちゃをジュティーの前に置くと・・・どのおもちゃで遊ぼうかと、迷う姿が目に浮かびます☆ ただ優先順位としては「おやつ」です
酒	ラム	●数cm幅に切ったチョコパイをカチカチに凍らせ、ブランデーやラム酒、コーヒーリキュール等に軽くつけながら、ちょっとオシャレに(埼玉県・26歳・女性)
食事	ラム	腹ぺこ子羊たちはラブホテルど真ん中にある「club小羊」という名のジンギスカン屋に集い、ラブホテルに吸い込まれていく若者たちを酒の肴に、うまいうまいとラム肉をほおばり、
その他	ラム	「私たちの高齢者腫瘍プラグラムでみた認知障害のある人が障害のない人と似た治療を受けたが、治療結果は疫学的結果にかなり異なっているという事実は考えさせられます
その他	ラム	童画館入り口にある「ラムラム王」のモニュメントは 刊本作品「ラムラム王」の表紙をもとに銅板にフッ素塗装で色を施したもので、線の部分は銅板のままです
その他	ラム	僕も、#767 ろっぢさんと同じく脚本、作監は、気にしていないです、ちょっと前に作監の話題がでていましたが、話に入れなかった(^^; まあ、「今回のラムちゃんは、かわいいなぁ」と思ったりすることはあるので、いろいろ調べてみれば、共通点があるのかもしれませんね
食事	ラム	ラムのロースト、ポークチョップ、シチュー、ステーキなど料理に使われるハーブで 肉料理向きのイメージが強いですが、かぶやカリフラワーをゆでる時に、ホールや生葉を茹で汁に 少量加えると良いです
その他	ラム	RWCP実環境音声・音響データベースは、リアルワールドコンピューティングプ ログラムの一環として、 技術研究組合新情報処理開発機構に設置されている 「RWCP研究開発用知的資源ワーキンググループ」の 「実環境音響サブワーキンググループ」 において企画、仕様検討され、監修された研究用の共通データベースです
その他	ラム	本事業は、2003年3月に日本文化庁とベトナム文化情報省の間で締結されたドンラム村農村集落保存国際協力協定に則って、2006年7月に設立された遺跡管理事務所の下で開始されたもの
酒	ラム	それからラム酒カクテルソーダの収支計算につきましては、村内と村外ということで分けまして、それぞれカクテル部門が村内ではソーダについても3割ほど
食事	ラム	朝取りアスパラ・グリーン アスパラ・ホワイトアスパラ・行者にんにく・札幌黄・インカのめざめ・生ラム・ジンギスカンなど、専属農場 で取れた新鮮な野菜を全国へ
食事	ラム	クリスマス会といっても、集まってケーキを食べたりする のではなく、夏はピアノの発表会だったということで、冬はエレクトーンやド ラムなどの主に合奏の発表会なのです
酒	ラム	タンジェリン、パパイヤ、パイナップルなどからなる、ジューシーな香りがピニャコラーダ(ラム酒、ココナッツ、パイナップルのカクテル)やサトウキビ、ココジュースにダマ・ダ・ノイテというサボテンの花など一風変わった香り達と出会い、ミステリアスでセクシーな印象に
酒	ラム	ビール以外の酒類としては、スペイン侵略以前から飲まれているチチャという発酵酒や、ブドウを蒸留して作ったシンガニや、中央アメリカから輸入したロン (Ron)(ラム酒)などが飲まれる
酒	ラム	当ブログ、2007年05月28日に書き込みをした「日本におけるラム酒のルーツ(沖縄・大東諸島編)」で前述したように、彼等は薩摩の国・阿久根で薩摩藩御用回漕問屋を営む商人であった丹宗庄右衛門により、焼酎製造を覚えた人々でした
その他	ラム	『サントリー』ウローン茶の“ 范冰冰”のCM(ごはんの幸福・ラー麺篇 )“あんまりソワソワしないで〜♪(中国語版)”の「ラムのラブソング」が流れているCMの女の子
その他	ラム	ラムバスのライセンシング・マーケティング担当のシャロン・ホルト上級副社長は、この株式投資には、 サムスンがオプションを行使する場合には、ラムバスが18カ月後に株式の約半数を買い戻すという プットオプションが含まれると明らかにした
食事	ラム	グルメお取り寄せラム肉しゃぶしゃぶ用500g商品名冷凍ラム肉しゃぶしゃぶ用500gラム肉の中でもとくにやわらかいモモ肉をお取り寄せ 送料無料 といえば、だから で 『初音ミク』を観てみたいですっ
コンピュータ	ラム	ベトナムからは、トップクラスの女性シンガー、ミー・リン、トップクラスの男性シンガー、ラム・チュオン、そして人気アイドル女性シンガー、ヒエン・トゥックも来日が予定されています
酒	ラム	ババ・オ・フリュイ(baba aux fruits):ババを皿に盛りつけ、ラム酒風味のシロップに浸けたイチゴやブルーベリーで周りを飾り、ラム酒風味のクレーム・シャンティイ(軽く泡立てた生クリーム)を添える
その他	ラム	商品名:東洋紡 ホテル仕様純綿バスマット1P販売元:ギフトのラムビット商品名:東洋紡 ホテル仕様純綿バスマット1P商品:約71×50cm材質:綿100%箱:約31×26×8cm(化粧箱)生産:中国製商品の詳細を知る、もしくは購入する場合はこちらをクリック
食事	ラム	今日はジュージューと鉄板の上でもやしと一緒に音をたてているラム肉がとっても美味し~いジンギスカンをいただきながら最近の大豆事情について教えていただきました
食事	ラム	さらに西やんの彼女のんたさんの手作り半熟ゆで卵、チーズ、私の作ったチャーシューもどきの牛肉・ラム肉とウコンピクルスと柿酢(変なのばっかりだ)、遅れてきたりえ氏のサンドイッチとえっらい食材が揃いました
酒	ラム	東京・銀座にあるバーでは、ブランデーやラム酒など100種類以上の酒のボトルが並んでいますが、これらの酒をすべて、アイスクリームにかけて味わう店だそうです
その他	ラム	1ナノは10億分の1メートルの太さで、60ナノ2ギガDラム半導体は、2004年に開発された80ナノ2ギガDラムに比べて性能が20%ほど良くなり、パソコンでのメモリー容量を2倍に高める機能を持っているということです
その他	ラム	めん出張マッサージ東京、つくも水郷公園ラム肉茶路めん出張マッサージ東京は春から秋までは自然な草地で遊牧を主体とし、残りの半年間は乾草とロールサイレージ旅行も楽しみの一つで、北海道の茶路めん出張マッサージ東京にて仔出張マッサージの群れの横で武藤御夫妻と同行したスタッフと一緒にバーベキューを楽しむ春のおすすめコース
食事	ラム	3日目の夕食は子羊肉(ラム)のローストでしたが、大変美味しかったので家内とあっと言う間に平らげたところ、スタン氏がお替わりを持ってきてくれました
酒	ラム	レーズンとそれより少し大きめに切ったプラムをラム酒1:ブランデー1強:カルバドス(りんごのブランデー)1強くらいの割合で大きめの密閉できる瓶に漬け込む
酒	ラム	Zを作る、オリジナルラムをつくる、ソルクバーノを作る、ダイキリを作る) ウォッカカクテルレシピ(スクリュ−ドライバーを作る、カミカゼを作る、ソルティドッグを作る、ハイライフを作る、キスオブファイヤーを作る、ブルーラグーンを作る、オリジナルウォッカをつくる) スピリッツの瓶詰め職人(ブランデーをつくる、ライトラムをつくる、テキーラをつくる、ドライジンをつくる、ウィスキーをつくる、ウォッカをつくる)
その他	ラム	と思っていたらやっぱそうだったみたいね(笑) ランチタイム・・1時過ぎていたので大丈夫でしたよ^^ ラムちゃん3Sかと思ったわ さくらと同じなのねー イノシシには会いたくないわぁ ~
食事	ラム	牛肉、ラム肉、鶏肉、豚肉、粉砕牛骨、牛心臓、牛腎臓、粉砕フラックシード、野菜(ブロッコリー、 セロリ、ほうれん草、人参、チンゲン菜)など、培養ケフィア、果物(りんご、梨、グレープフルーツ、 オレンジ)など、アルファアルファドライパウダー、ケルプドライパウダー、肝油、にんにく、亜鉛、 マンガン、ビタミンE(合成保存料、人工着色料は一切使用しておりません
その他	ラム	プラグラムの中に“壁”を作るというのは、1本のプログラムを「データの入力」、「元帳の参照(proof)」、「実際の計算処理」、「元帳の更新」という4部分に分け、ある1部分を更新しても、他の3部分には一切、影響を与えないようにすること
酒	ラム	空気がきれいで町の建物や山々や森林が澄み切って見え、心地よい風が吹く、サンモリッツのホテルで生まれた比較的新しいカクテルは、ラム酒とスイートベルモットのロッソが混ざり合い、チェリー・ブランデーに彩られた詰めたい酒が、甘渋い風味となってのどを流れ落ちる大人の味
その他	ラム	(5)前項の規定に拘わらず、お客様が所定事項を記入しユーザー登録を実施された場合で あって、お客様が許諾プログラム(本項において「原プログラム」といいます)を受 け取られた日から一年以内に弊社が許諾プログラムの誤りを修正したときは、お客様 の請求に基づき、弊社は当該誤りを修正したプログラム(本項において「修正プログ ラム」といいます)を原プログラムと引き換えに無償でお客様に提供するものとしま す
酒	ラム	ロイヤルミルクティー、黒ゴマ、エスプレッソコーヒー、チョコレート、ラムレーズン、キャラメル、抹茶、アーモンド、オレンジ、ブルーベリーティー、クルミ&バナナ、かぼちゃ、マロン、あずき、さくら、レモン、などなど
その他	ラム	米ラムバス社の反トラスト法違反問題を審理していた米連邦取引委員会(FTC)は2006年8月、行政法判事(ALJ)による仮決定を全員一致で覆し、ラムバスの反トラスト法違反を認める審決を公表した
その他	ラム	日清食品(本社・大阪市)は15日、世界初の宇宙用の即席めん「Space Ram(スペース・ラム)」の開発に向け、宇宙開発事業団と共同研究を始めると発表した
その他	ラム	父がラムの兄に当たる二人の息子を半ば強引なやり口で士官学校(アカデミー)に入れ、そして彼もまた父の敷いた将来へと続くレールの存在を悟った時、未だ少年だったラムは無断で商船学校の試験を受け、そして合格を報せる手紙を握り締めて家を飛び出した
その他	ラム	サムスン電子は256メガビットDRAMや次世代の超高速半導体であるラムバスDRAMの量産を打ち出して世界最大のメモリーメーカーの地位を固めつつあるが、1億ドルの転換社債(CB)を発行することによってインテルの出資を受けることを決定した
その他	ラム	2007年現在では、ラム(ドイツラム・オランダラムその他各名前で呼ばれているラムも含め)は、正式にはミクロゲオファーガス、ラミレジーと呼ばれている
その他	ラム	とくに、ヨーロッパでは、フィリップスやオスラムなどのディスプレイメーカーがポリマー有機ELディスプレイの開発を中止しましたから、ポリマー有機ELディスプレイ開発と言う点では一歩後退といわざるを得ません
その他	ラム	受付時にプラグラム表をお渡しします ●各プログラムに参加する際、プログラム表についている参加チケットを入口で提出し、 受付表のご自身の名前に○をしてください
その他	ラム	当初、ミレディは代表作であったラムとは正反対の悪女の役柄で、平野も当初は自分が演じられるかどうか不安に思っていたが、『うる星やつら』と『アニメ三銃士』で音響監督を務めた斯波重治に「あなたなら出来る」と説得され、演じてみるとハマってしまったとの事である
酒	ラム	無視を決め込んだ青年はラム酒の入ったグラスに口を付けながら、隣に座る娼婦を視界に入れまいと、目の前にある沢山の酒が並んだ棚を見て、上から順番にラベルを読んだ
食事	ラム	稲庭うどん、酢豚、玉ねぎ、ニラ、ラム肉、冷やし中華、とうもろこし、豆乳、牛乳、野菜のジュース、ラッキョウ、にんにく、しょうが、塩鮭、味噌汁のもと、調味料
その他	ラム	ここで、パソコンにサーバープ用ログラム(IIS or AnHTTPd)が動いている場合、ホームページを表示するアクセスについては、外部からの許可をしなければなりませんので「設定(G)」のボタンを押して、「サービス」のタブで、「Webサーバー(HTTP)」にチェックを入れる必要があります
その他	ラム	・アーしラムにいた四匹の犬は、ラマナマハルシが口にしたものでなければ決して食べ物を口にしないと言ったら、(無私)無欲の行為について質問した者がテ ストを試みて、犬たちの前に食べ物を置いたが食べなかった
酒	ラム	平成16年には島のさとうきびを主原とした国内初のラム酒が特産として販売されると共に島を訪れる観光客も増え、砂糖の島からラム酒が地域振興・観光産業の旗頭と併せ特異な自然環境を生かした「島まるごとミュージアム」により島の情報を発信、産業育成に努める
酒	ラム	一人はウイスキーのソーダ割り、一人はジンのソーダ割り、一人はラムのソーダ割りを飲んで、酔っぱらったとき、3人に共通するのはソーダであるから、酔っぱらった原因はソーダである」
コンピュータ	ラム	年の収スパコンの高性能化と算出プログ、党同通山田の無職阿部信社の取位でのラムの効率市川島町山田の無職阿部晴県化により入表的存の高性能化と算出プログラムの効率在である佐藤題でルドレたこ圧の影響とが16日、分かった
その他	ラム	しかし、昔のメガバイトクラスのHDを扱えるマザー ボートはもうないし、接続も今はSATAが標準で、やはり、ハードディスクなども 定期的に買い換えなければならないし、ラムもCPUも定期的に買い換えることに なる
酒	ラム	同委員会では、江戸時代に横須賀藩士が土佐藩からさとうきびを持ち帰ったことにちなんで、ラム酒の製造を高知県安芸市の菊水酒造に依頼し、当地(北緯34度)が、さとうきび栽培の北限と言われているため、アルコール度数を34度にするなど、商品に地域性を盛り込んでいる
その他	ラム	ラムバスのRaSer Xインタフェイスソリューションは、企業向けの高速スイッチやルータ、ストレージエリアネットワークスイッチ、ブレードサーバなどのバックプレーン環境で起こる接続問題を解消するために開発されました
その他	ラム	高橋さんは2003年、阪神が18年ぶりにセ・リーグ優勝を果たした際には、デイリースポーツにタテジマ戦士を応援するラムちゃんのイラストを書き下し た
その他	ラム	/ドラえもん/ジャイアン/スネオ/のび太/しずか/ドラミ/ジャイ子/ラムちゃん/チョッパー/目玉おやじ/アナゴ君/ハム太郎/メロンパンナ/Q太郎/ブロッケン伯爵/アムロ/不二子
酒	ラム	政府のスポークスマン、ベガ局長に薦められ、レポーターは、西部のコーヒー産地に付添いなく車ででかけ、農民たちと自家製のラムを飲みながら、ぶっちゃけて語りあったと
食事	ラム	今回の新人歓迎会はお店だけの歓迎会 場所は西院にあるジンギスカンのお店 駱駝家(らくだや) ここはラム肉なのに全然くさみがなくておいしーんです あとここのモツ鍋もうまい http://www
その他	ラム	メスラムは右半球は視覚の全体観的な面に果たす役割から考えて、右半球は視野の左側全体と右側全体を照らす幅広い注意のサーチライトを持っていると考えました
その他	ラム	送り状には「なまもの」と書いてある、食べ物だったらお裾分けとラムちゃんは言うのですが、これって「せいぶつ」と「なまもの」が同じ「生物」という漢字なのだ
その他	ラム	このラム・シフトのうち高次の核電荷分布補正、すなわち原子核の内部構造に起因するものを核分極効果と呼んでおり、ミューオン原子においてはこの核分極効果の研究は精力的に進められてきた
食事	ラム	鯖節だの、羅臼昆布だの、イワシの丸干しだのといったダシの話がラーメン界では常にかまびすしいが、ベビーラムから取ったコンソメの前では児戯にも等しいと思わされた
その他	ラム	株式会社ラムテックの活動は、ソフトウェアの開発であり、入居するビルはオフィス事務棟ではありますが、全従業員、環境省の推奨する環境への取り組みに賛同し、環境に配慮するシステムを構築の上、一丸となって取り組みます
食事	ラム	デビフのラム&さつまいも缶2缶・ササミ&チーズ2缶・ササミ&チーズ野菜入り2缶・ササミのスープ煮2缶・牛肉&鶏肉のスープ煮3缶・ささみ&さつまいも4缶・あらびき豚肉&チーズ5缶・子犬用離乳食6缶
その他	ラム	これで今週末は、いろんなゲームをあらためてインストールしてセーブデータも移して新たな気分でラムラムしたりガンホーしたりやっふーしたり蜂の矢は外れないをしたりガンホーしたりいらっしゃいませしたりお兄ちゃん、ターンですよをしたりおくらほましたり訓練します
食事	ラム	豪州では東部で大量降雨があったもののまだカンバツの影響が残っており、牧羊農家では引き続き羊を手放す動きが続いているが、豪州統計局(ABS)によると今季第1四半期(7~9月)の羊・ラム屠殺および生羊輸出合計は前季同期より17万頭(2%)少ない840万頭にとどまっており、羊頭数減少にブレーキがかかっている
その他	ラム	プ ログラム言語を単なる「手順」としてしか使用しないと、その「手順」の過程にある「この手順を踏むことを●●という」といった言葉を覚えようとしません
その他	ラム	その後、1993年になってドラムンベースのレーベル「ドロッピン・サイエンス」を始めたんだけど、ちょうど同時期にハイプが「Ganja Kru (ガンジャ・クルー)」、アンディが「Ram (ラム)」を始めた時期でもあるんだ
酒	ラム	1段目には、ドライトマトとオリーブのマリネ、フロマージュブランとクルミ、丹波黒豆のピュレ、キャロット・ラペ、タプナード、ラム酒漬けドライフルーツとクリームチーズ、ゆずとレモンのはちみつ漬け、五種の豆のマリネ、自家製ピクルス の九品
その他	ラム	エコアップ探検隊は春夏秋冬と年4回、親子で参加できる体験型の環境学習プラグラムですが、今回の冬編は、一見枯れ木に見える冬木立も小さな愛らしい芽をつけて、もうすぐやってくる春に備えていることを感じて、気づいてもらい、歩いて見つけた松ぼっくりやどんぐり、小枝などを炭に焼いて、「森の宝物」をもっとステキに
酒	ラム	と、りんごを小さく切って砂糖をたっぷりまぶして、水が上がってくるのを待ちつつ、バター、カスタードクリーム、ラム酒につけたレーズンを用意しました
酒	ラム	はじめてひとりでじっくり料理を楽しみ、ラムを中心としたオリジナルカクテルでほろ酔い気分になった頃ホテルに戻り、そのままシャワーも浴びずに眠ってしまった
酒	ラム	カップのクッキー&クリームとあずきミルクとラムレーズンが好きです 一般道の速度規制が最高で80km/hになるらしい 全部の道路が80km/hまでフルに出せる訳ではないので、一概には言えないけれども、事故が起きたときの影響が大きくなるリスクもはらんでいるのではないだろうか ネット上での批判や悪口は、現実世界には何の影響もなく屁みたいなものだ 5~10年前の時代なら、○に入れていた
酒	ラム	商品名チョーヤ とろける黒糖梅酒容量250ml商品説明黒糖蜜を始め黒ラムや黒酢など黒系素材を組み合わせることにより、今までの梅酒にはない香ばしさとコクを実現しました
酒	ラム	■原材料:さつまいも(五郎島金時)、小麦粉、油脂、砂糖、卵、りんご、バター、生クリーム、レモン菓汁、ダークラム酒、食塩、乳化剤(大豆由来)、香料、酸化防止剤(VE)、アナトー色素
その他	ラム	以上のような理由で、メールサーバーを自前でつくる場合には、サーバーのプ ログラムについてはある程度自分でインストールや設定を行なう必要があるの だが、実は sendmail は設定ファイルがいろいろな意味でとてもややこしい
食事	ラム	オススメ ・チャリティラム ダッチオーブンで焼いたラムレッグに野菜数種を乗せた物が、チャリティ価格(100円以上払う事になっているが事実上100円w ・・・
食事	ラム	「薬膳ラム丼」は、いんげんが胃腸の働きを良くし疲労回復を、にらは血液を補い血のめぐりを良くする事から、ラムと 組み合わせること WEBそうごうページの読者の皆様には販売開始に先行して、この「ラムしゃぶ火鍋の素」をプレゼントしちゃいます
その他	ラム	そういえば再インストールをしようと思い、MSNのダウンロードサイトからダウンロードをしたところ、注意書きにあったダイアログ「このファイルの処理方法 このプラグラムを上記の場所から実行する」というのが表示されなくて、普通にダウンロードされてしまいました
コンピュータ	ラム	産業資源部によりますと、Dラムメモリーの場合、在庫が多いため単価がさらに下がっており、ナンド・フラッシュメモリーも、需要がピークを過ぎて供給過剰になっているということです
その他	ラム	FTCはこの判決で、ラムバス社が高速コンピューターメモリチップに関する特許を統制するために背信行為を行い、これを通じてDRAMで知られるメモリチップの産業標準を歪曲し、コンピューターメモリー産業で反競争的な地位を維持することができたと満場一致で決定した
食事	ラム	のざきさんには他にも「子羊ロース骨付き」や「ギョウジャニンニク入りフランク」さらに「味の付かない上ラム」500gまで頼んであったのだが、会長が不参加となったので急きょ減量したのだ
酒	ラム	コニャックでもスコッチでも、ウオツカ、ホワイトラム、テキーラ、極上品を全部飲んだ自信がありますが、そこで一言言いたいのはその極上品と言われるものには全部共通した性格が一つある
その他	ラム	ラムバスは、高速メモリーアーキテクチャーと関連技術に関する革新や画期的な技術で特許を取得し、業界有数のチップメーカーやシステムメーカーが優れた製品を市場に提供できるよう支援してきました
食事	ラム	ちなみに、スープカレー「心」は、ラム肉と使ったメニューや、女性にはうれしい野菜のみのスープカレーなんていうメニューもあって、いろんな味が楽しめる
食事	ラム	「色々な食材が溶け込んだ絶品カレー」とは看板に書かれている通りなのですが、それではどんな食材が入っているのかと言うと、わかった範囲ではラム肉、玉ネギ、レンズ豆、ニンジン、タケノコといったところ
その他	ラム	PS3は、IBM、ソニー、東芝が共同で開発したCellとともに、米NVIDIA社と共同で開発したグラフィックスプロセッサ(RSX)、米ラムバス社が開発したXDRメモリに代表される、最先端の技術を数多く搭載
その他	ラム	今までGARIのBuellはラム・ドーピングとローコンプを入れたHSCのスペシャル仕様のエンジンでして、それでも大分超低速でギクシャクしなくなっていたのですがNEGANIさんがテスト的に内圧コントローラーをテストしてみた所、完全にドはまりで超低速でもまったくギクシャクしなくなりました
その他	ラム	ラム用プリンター内蔵■外部プリンターとの接続も可能■電源内部でのプログラムの保管またはフロッピーディスクでの記録が可能■パソコンとのデータ交換用インターフェース■ガス安全バルブ付、流量設定可
その他	ラム	上妻晋作さん作画、女司令官が怒鳴りまくる、顔が歪む、パースが楽しい、ラムちゃんの乗るパトカー爆破で落下し飛び上ってくるシーン、マリオネットのような動きが楽しい、美少年の暴走シーンを担当
食事	ラム	壱鉄イチオシのやわらかい生ラムロースをはじめ、たれ漬け込み熟成ラム(醤油&塩)や1頭から8本しかとれない貴重なラムチョップ、などなど5種類のラムを堪能していただきます
食事	ラム	■主原材料:ラム肉、鶏肉、タラ、マグロ、サケ白子、鶏レバー、コーンスターチ、マッシュポテト、いも澱粉、水あめ、米糠、オリーブオイル、カルシウム、魚油、
その他	ラム	バスの車内では早くもキリン会が始まった♪子供達はバス前方の座席に仲良く座ってる♪達也はもえちゃんと賢実君と一緒に座り、パパは三吉さん、私はぷりんさんと一緒♪バスは貸し切りで、皆、知ってる人で仲良しって良い♪後ろのキリン会の楽しい雰囲気が伝わって来て、バスは次第に賑やかに♪途中で、ラムさん、それから小島相談役ご夫妻を乗せて、一路京都の奥丹後地方へ♪バスはトイレタイムの為、度々サービスエリアに停車
その他	ラム	以後、バンダイから1/20のガンダムキャラコレが出たり、ニチモの1/20フィギュアセットが出たり、バンダイから1/12ラムちゃんシリーズが出たりし始めたのは、ご存知のとおりです
食事	ラム	彼は庭に大きな穴を掘り、ラム250ガロン、マラガ・ワイン225ガロン、ライムジュース20ガロン、レモン2500個分のジュース、砂糖1300ポンド、ナツメグ5ポンド、水500ガロンを使ってパンチをつくったという
食事	ラム	ラム(2歳未満の子羊)の中でも最高級の部位 肩ロース(1頭から650g程度)を厚切りにし、当社自慢の秘伝のタレで肉本来の旨味を引き出した最高級品
その他	ラム	当シンポジウムの基調講演で通商産業省の渡辺修機械情報産業局長は、同11月にとりまとめられた産業構造審議会情報産業部会産業情報化小委員会報告原案である「高度産業情報化プログ ラム(原案)」に基づいて、産業の高度情報化に向けて標準化ならびに環境整備に取り 組むことを明らかにした
食事	ラム	本日の猫飯┯マツカワカレイ、鮪、ラム骨入りミンチ、なまり節、人参、大根、のらぼう菜、舞茸、えのき、雑穀米、アミエビ、鶏スープ、グレープシード油、ネトル、すりゴマ+サプリ類
その他	ラム	そうなるとうちのパソコンの場合、3つくらいキーを押してそのプラグラムを強制終了するか、思い切ってスイッチ切っちゃう(超キケン)かですが、マックはどうなんでしょ
その他	ラム	免許取得プラグラムについては、ゼロから免許を取得される場合には小学校だけの免許プログラムではなくて小中高のすべての教員免許が取得できるプログラムを実施しているところの方がよいと思います研究については、学生さんの研究テーマによりますね
その他	ラム	」 ラムちゃん「う〜ん、すくいたくなかばってん仕方無かねぇ・・・」 「マジでこのおっさん殺したろか・・・・」 なんとかすくい計ると記録更新の52cm良型で一安心、
食事	ラム	うちは二人でゆっくりする予定 ラム肉焼いて赤ワインソースかけとロブスターとチキン いつもは外に食べに行ってたんだけど、今年はゆっくりということで
その他	ラム	日本電装製フューエル・インジェクションのラムパイプには巨大なインダクションポッドが取り付けられ、エンジンの下まわりをドライサンプ用オイルパイプが縦横に走る
酒	ラム	ここのラム酒の品質が一番良いと言われていたので、ルイジアナ州民は、オーケー産と聞いただけで安心してラム酒を買うことができたのだそうで、これがオーケーの語源のひとつであると藤本義一の「洋酒物語」にあります
食事	ラム	おすすめはインドカレーで、チキンカレーやラム肉カレー、渡りガニカレー、ほうれん草とチーズのカレー(各998円)があり、ナン、白ライス、イエローライスから選ぶことができる
その他	ラム	通勤にも使っておりましたがその時には特に水漏れはありませんでした長距離を走った場合に起こるようです、洗車もほぼ週に1回はやっていますので、その時にはラムエア吸気口に気にせずに水をかけておりましたがその影響でしょうか
酒	ラム	鏡子は手際よく、氷とダークラム、クレーム・ド・カシス、アロマチックビターズをミキシンググラスでステアしてカクテルグラスに注ぎ、マラスキーノ・チェリーを飾って、デルフェスに渡したのだが——ふとした拍子に
食事	ラム	コナ・コーヒーでローストされたラムの首肉やマウイオニオンで包んだ焼きキハダマグロは最もお勧めの品目で、しかし代表的なケーキ・ウォーク(コナロブスタークラブ・ケーキを簡単にした物、焼きキハダマグロ・ケーキ、スィート・ルイジアナ・ロック・シュリンプ・ケーキ)そして夜の特別料理もまたおいしい体験です
その他	ラム	HDDにバックアップだとコマンドの途中でバックアップが掛かるとキャンセルされたり五秒ぐらい作業を中断しなくはならないので、書き込み速度の速いラムディスクが必要と言うわけ
酒	ラム	・ビールが足りなくなった場合はヤシ酒(サントメに販売又はサンジョルジュ・ベニンのココナツより生産)ラム酒(サントメのサトウキビより生産)で応用
酒	ラム	~オールド・バルバドス・ラム “ザ・シークレット・トレジャー・オブ・ザ・カリビアン” 1986年 ウェスト・インディーズラム蒸留所 (ラム酒)の販売店や在庫情報をどこよりも早く確認できるのは酒CRA~
その他	ラム	この魅力溢れた都心の、東京国際ファーラムにて開催される「大江戸骨董市」もこれから の文化と歴史を東京の街のひとつの祭りとして、刻み続けていく事でしょう
酒	ラム	マルティーニ島やグアダループ島などフランス海外県の島々で作られる「フレンチ・クルオール・ラム」の生産者が一同に会し、各ブランドのラム酒やカクテルの試飲ができるというイベントだ
その他	ラム	そのプラグラムは、毎週末の終値を元に翌週の発注量+売りか買いかを決めるものなのですが、週末の時点、たとえば4月19日の午前5時59分の時点で(つまりは週の終値で)決済できるような証券会社はないでしょうか
その他	ラム	その後、COBOL85との互換 性に優れたCOBOL2002によって、基本ロジックや画面まわりのプ ログラムにおいて、効率的かつスピーディなストレートコンバージョン を実現
その他	ラム	FMFプログラムには、教員プログラム、マスターティーチャープログ ラム(初等・中等教育)と国際教育リーダーシッププログラム(高等教育)があります
酒	ラム	私が持ち込んだのは、ビールやカクテ○バーといったところからはじまり、日本酒、ワイン、ウィスキーといった醸造酒各種、焼酎、ブランデー、バーボンといった蒸留酒各種、はてはラムやスピリタスとか
酒	ラム	でもまぁこれ以上お金は必要ないぐらいにお金持ちそうなザビエルはかなりの話好き&酒豪で、俺と美奈とザビエルの3人でラム酒を片手に夜は更けていくのだった
その他	ラム	この「ミッション・ステートメント」のもとに、先駆的かつ独創的な「助成 プログラム」を構築していくことが重要であるが、常に社会の「先」を行くプ ログラムとしての鮮度を保っていくためには、スクラップ&ビルドを念頭にお いた、絶えざる「見直し」が要求される
その他	ラム	また、これとは別の訴訟でラムバスは、サムスンと米半導体メモリー最大手マイクロン・テクノロジー、 半導体メモリーメーカー、韓国のハイニックス・セミコンダクターがラムバスの技術排除を企てたとして、 反トラスト法違反で訴えている
酒	ラム	チョーヤから出ている「とろける黒糖梅酒」は、黒糖蜜を始め黒ラムや黒酢など黒系素材を組み合わせることにより、今までの梅酒にはない香ばしさとコクを実現しているらしい
酒	ラム	ブランデーとラム酒に漬けたドライフルーツがたっぷりと入っていて、噛むごとに深い味わいが広がります(^▽^)b カリカリとしたマカロンのような食感が楽しいトッピングが、しっとり・ふんわりとした生地を引き立てています
その他	ラム	Ruby DBI モジュールをインストールされている状態になったら、Rubyプログ ラムから MySQL サーバは接続できるようになっているはずです
その他	ラム	PS3には、IBMコーポレーション(以下、IBM)、ソニーグループ、株式会社東芝が2001年から共同で開発したCellとともに、米国NVIDIAコーポレーションと共同で開発したグラフィックスプロセッサ(RSX)、米国ラムバス社が開発したXDRメモリに代表される、最先端の技術を数多く搭載いたします
食事	ラム	母とニュースでジンギスカンが取り上げられているのを見て、食べに行こうと意見が一致したのがその朝、夕方にはT牧場でラム肉が食べられるという情報を母が仕入れてきて、ではドライブがてら行きますかとなった訳です
その他	ラム	三井物産がタイヤとラムから手を引いたということを、よい傾向と認識し、本会が進める野町~香林坊の案ではなく、先に、金沢港~金沢駅間がLRTになったとしても、むしろ、それを喜ぶべし、ということです
その他	ラム	また同社は、上記の販売チャネル向けプログラムに加え、ベンダ間のアライアンスを促進する「シトリックスアライアンスパートナープログラム」、および同社製品の教育・トレーニング支援プログラム「シトリックス認定&エデュケーションプロフェッショナル」の3つのプラグラムを、「Citrix accessPARTNER Network」という新たな枠組みの下で展開する
その他	ラム	星は互いに相手の銀河の星と星の間を通り抜けるだけで物理的に衝突する確立は比較的小さいのだが、この2つの銀河の星間物質は大部分が微細な物質とチリ粒子のガスで占められており、接触した星間雲表面にラム圧が生じ、この圧力により物質濃度が高くなって星が形成されている
食事	ラム	以前、瑞浪の柳家で、大き目のロースを塩こしょう味の炭焼きで食べた時も素晴らしかったですが、今回は味見に食べたロース類は、「肉の歯切れと固さはラム」、しかし味に関しては「雌の処女猪と比べてもはるかに上品」そして「脂肪にはかすかな野生の甘味が・・・」と言う訳で最初の一嚙みから感動の嵐でした
酒	ラム	すべてのパンは自家製自然酵母で この日は「米・りんご・トマト」の酵母で作ったパンだったそうです 写真はバゲットと水出しコーヒーで練り上げた柔らかいパンで シナモンシュガーとラムレーズンがきいていて美味しくいただきました♪ 酵母の酸味やくせもないし遠赤外線効果
その他	ラム	現在、ポートラムでは、後側から乗車し前側で現金又はICカードによる運賃収受を行い、降車する利用形態をとっていますが、新たに後側乗車口にもカードリーダーを設置することで、後側からも降車できるようにするものです
その他	ラム	私としては、以前から成り行きが気になっていたこともあり、また、そらちゃんの車椅子で、車椅子の製作のこつを掴んだところだったため、ラムちゃんの車椅子の製作を持ちかけました
酒	ラム	飲み干した樽の中から20年前の死体がゴロリちゅうネタはなかなかですねえ、ハンガリー南部の街セゲドで、家の改修工事の間、大工たちが樽入りのラム酒を飲んでいたが、樽を飲み干して動かそうとしたところ中からよく漬かった全裸の男性の死体が転がしだしたんだと
その他	ラム	HDTVのような大型ディスプレーの場合、ラムバスの技術を利用すれば従来のエッジライト型よりLEDの搭載数や価格を抑えたバックライトを設計できます
その他	ラム	)、プラグラムの間のつなぎが「場転」となり、音響準備不足の私はブタカンにダメ出しを出され続けました(でも歴代ゼミブタカンの中では一番優しいほう)
酒	ラム	このところラムは目白の田中屋というマニアックな酒屋さんで買うことが多いのだが、毎回同じ酒屋さんだとどうしてもラインナップが似通ってきてしまうので、今回は新宿歌舞伎町の信濃屋新宿店に行ってみた
酒	ラム	今回の限定石けんでご用意しているその他の石けんにも 赤ワインとチョコレートを組み合わせたものや、ラム酒とホワイトチョコレートを 組み合わせたもの、白樺樹液を使ったものなど、、 どれも使用感に特徴が出る石けんたちを揃えています
食事	ラム	親たちはといえば、食品会社のパパが調達してきてくれた絶品のラムとか焼き鳥とか、実家のおばあちゃんの焼肉屋さん秘伝のりんご入りたれで味わいながら、家庭内エピソードを暴露しつつビールと焼酎で酔っぱらっていたのであった
酒	ラム	卵を割りほぐして牛乳を加え、サラダ油とラム酒を入れて混ぜ、(1)のボールに流し入れてよく混ぜ、(だまが出来たらこし器でこす)30分以上ねかせておく
酒	ラム	私は今までに4カ国を勤務してまいりましたが、カリブ海のドミニカ共和国にては、サトウキビから造るお酒ラム酒(現地ではロンと呼ぶ)であり、どこへ行ってもそのお酒を混ぜて作るカクテルが中心で、ラム酒にコカ・コーラ、ライム、氷を入れたもののカクテルをクーバリブレと呼び、そのカクテルが私の生活の中心でした
その他	ラム	その横田守氏がイラストしている今回の「魔法戦士リウイ ファーラムの剣 呪縛の島の魔法戦士」のカラー扉絵には、ディードリットが描いてあったってわけ・・・
その他	ラム	MOLCONVは、ファイル変換に 拡張性と汎用性を持たせるために、マクロ言語により記述された変換プログ ラムを解釈しながら、変換を行う方法をとっている
その他	ラム	ずる賢い美女JJから原版を奪ったラムは、それを持って香港アメリカ領事館へ行き、報奨金を受け取ろうとするが、原版を韓国へ持ち去ろうとするオーエンに阻まれる・・・
酒	ラム	北海道かぼちゃを贅沢に使用し、ラム酒がほんのり香るかぼちゃプリンに、カラメルソースをしみ込ませたチョコスポンジとホイップクリームを合わせました
その他	ラム	単行本の新装版には巻末に「うる星やつら☆完全データファイル」と「My Lum×34」として、著名な漫画家によるラムのイラストと本作に対する思い入れを語るページが掲載されており、「My Lum×34」に『タッチ』のあだち充、『ケロロ軍曹』の吉崎観音、『名探偵コナン』の青山剛昌、『働きマン』の安野モヨコなどが寄稿している
その他	ラム	ポールはいろいろな醸造元からさまざまなタイプのラムを取り寄せ、経験豊富なブレンダーにブレンドさせ、それをさらに熟成させることで、いつ飲んでも同じ品質で同じアロマのラムを消費者に提供することに全身全霊を傾けました
