# 警察: 「刑事係巡査」の略。犯罪の捜査、犯人の逮捕を役目とする巡査。, 裁判: 刑法の適用を受け、それによって処理されるべき事柄。⇔民事。刑事事件刑事訴訟
裁判	刑事	昨年から続いておりました私や、私の家族などへの誹謗中傷や、「Mayuhimeは取引明細を捏造している」などの事実無根の記事を掲載し続けていたブログや掲示板などに対して、このブログでも申し上げておりましたように、刑事告訴しておりました
警察	刑事	その為の手段として証拠の捏造や拷問による自白の強要が発覚したら担当の刑事や検事に死刑を含めた重罰を科する様な法律が必要になるかもしれませんが死刑廃止論よりも幾分か妥当でしょう
裁判	刑事	結局のところ、刑事システムの中でおきざりにされてきた被害者の立場を、刑事システムの中に取り込んで、被害者が裁判の過程でさらに傷つくことのないようにしたり(二次被害の防止)その被害感情の慰撫のための手続を盛り込んだりと、制度を改革していかんといかんね・・・・月並みな結論になってしまった(^^;
裁判	刑事	共謀共同正犯の認定は慎重に検討しなければならないという刑事裁判の鉄則を無視したもので、納得できない」と判決を強く非難し、ただちに控訴する方針を明らかにした
裁判	刑事	(3)2001年7月に政府がクロアチア人戦犯容疑者を旧ユーゴ国際刑事裁判所に引き渡す決定を行ったことに対し、連立第2党の社会自由党党首が反発し、ラチャン政権は議会の信任投票に付されたが、信任された
裁判	刑事	具体的事例に関しては次回から触れることとし、先ず、借地人である貴殿や垣花豊順琉球大学法文学部法政学科教授(刑事訴訟法)が作成した現賃貸契約書に関してお尋ねしておきます
警察	刑事	佐々刑事が、大江山課長に、今報告したところによると、博士の邸内にある天文室の様子は、ふだんとすこしも変らず、天窓はあけ放しになっていて、机の上にも、望遠鏡にも、露がおりているというのだ
裁判	刑事	大正12年に刑事事件の裁判に関して陪審法が制定され、昭和3年10月1日から施行されたが、国民の歓迎を受けず、実際に行われた陪審裁判の数は極めて少なかった
裁判	刑事	それによると、柊検事は、ある刑事事件の公判中、法廷にて弁護士衣笠智子との激論の真っ最中に、好物の赤かぶの漬物の袋詰めを興奮した弾みで床に撒き散らしてしまったことがあった
警察	刑事	B「刑事のクイーン親子が、ファイアで閉ざされた山奥の一軒家で起きたマーダーケースをポリスのヘルプオールナッシングでセトリメントしていく話・・・だな」
裁判	刑事	(1) 離職した日から当該支給日の前日までの間に、その者の在職期間中の行為に係る刑事事件に関して、その者が起訴(当該起訴に係る犯罪について禁錮以上の刑が定められているものに限り、刑事訴訟法(昭和23年法律第131号)第6編に規定する略式手続によるものを除く
裁判	刑事	不本意なことではありますが、刑事告訴等必要な法的措置をとる準備を進めるとともに、大阪府東警察署・刑事課と大阪府警・刑事課と大阪地検・特捜部(サイバーネット犯罪)にも、捜査を依頼いたしました
裁判	刑事	それだけに、同ネットワークではこの日の判決について、「刑事裁判と民事裁判の事実認定は根本的に違うとはいえ、ショックを受けた」と話し、「今後、民事での損害賠償請求にブレーキがかかる可能性もある」と心配する
警察	刑事	謝罪無き場合は石原都知事や警視総監、現府中署長と刑事課長も被告にします、不受理でも不起訴でも満足ですし、その次は国会議員、警察庁長官との組み合わせも有ります
裁判	刑事	よって、無免許・無資格運転または酒酔い・酒気帯び運転をした人、反則行為によって交通事故を起こした人のような危険性の高い人には、この制度は適用されず、刑事裁判か家庭裁判所の審判を受けなければなりません
警察	刑事	同じ刑事でも「野良犬」三船と「踊る大走査線」織田が、同じ椿三十郎演じたらどうなのよって考えたら、う〜んて唸っちゃうけど、まだ観てない映画を批判するのもずるい気がするし、そこは織田版「椿三十郎」をちゃんとビデオで見てからコメントすることにしよう
裁判	刑事	勝負事においては競技の如何を問わず、常にブックメーカーや非合法の賭け事が絡んでいるという現実的側面が付きまとっているため、直接的に影響を及ぼす公営競技はもちろん、野球やサッカーなどでも刑事告発(公営競技では関連法違反、闇賭博が絡む場合は賭博罪・詐欺罪)や永久追放、降格など厳しく処分されることが多い
警察	刑事	CARRY ON・・・刑事時代に検事として苦手だった女性の突然の依頼は、今は老人病院にいる叔母のアレキサンドライトの指輪をある男から取り戻すこと
裁判	刑事	また、私を個人的に訴える事をご検討されても、私は日本の法律の外におりますので、刑事事件でもない限り、また、そのような事態にそなえて、●●●が長期にわたり滞在しておりました、マンション内での、全ての映像、全ての音声は記録・保管されております
警察	刑事	でもこれって別に日本人が気づいていなかっただけの話で、まるで弁護士を呼ぶのが悪いことであるかのように司法側はすぐ米国人が弁護士を呼びたがると米国映画を悪い代表のように指摘していましたが、それだけじゃなくて、日本の無能刑事のように自白を迫る刑事に「逮捕したのはあんた達なんだから、有罪を証明する義務はあんた達にあるだろう」なんて、責任があることを指摘するせりふもずいぶんとありますよね
裁判	刑事	すなわち、旧刑事訴訟法下では執行にかなりの時間を要していたということであり、結果的には、この規定をもってしても判決確定から執行までの期間が6か月以内になることはなかった
裁判	刑事	飼ってる犬が人を噛んでも、飼い主には一応刑事罰が発生する国なのに、その保護下にある子供が犯罪を犯しても保護者に刑事罰が与えられないのはどうみてもおかしい
裁判	刑事	刑事事件としては平成17年10月25日最高裁判所において懲役1年6カ月、執行猶予4年の刑が確定していますが、藤堂は懲戒免職処分を不当として当時の下関市等公平委員会への処分の取り消しを求め不服申立を行い1年半の審議の後、委員会は最高裁判所の判決後の平成17年11月17日付で懲戒免職処分取消の採決をしました
警察	刑事	大泉撮影所といえば、フジテレビ「スケバン刑事3」(浅香唯、大西結花、中村由真)が放送されていた頃(87年)に、主題歌を歌っていた大西のイベントが、撮影所の駐車場(現在はショッピングセンター「OZスタジオシティ」)でおこなわれ、見に行った
警察	刑事	それを見た歩美が普段よく眠れない刑事だから仕方ないと言うと、それを聞いた笠倉那海は少し何か考えた後、実は警察に相談に行こうと思っていたのだと自らの悩みを白鳥に話しはじめたのです
裁判	刑事	実行のときに適法であった行為については、刑事上の責任を問われないが、実行の時に判例の法解釈に従えば無罪となるべき行為に関しては、後に変更された判例を適用することで無罪になることもありうる
裁判	刑事	朝鮮民主主義人民共和国社会主義憲法第158条と朝鮮民主主義人民共和国刑事訴訟法第271条に基づき、国家機密の漏えいを考慮して裁判は非公開で行われた
警察	刑事	2人の主人公に容疑者の男、ひとくせもふたくせもある刑事たちに、科捜研から来た心理分析官がからみ、最後はあっと驚く真相へ・・・で終りかと思えばさらにどんでんがえし
裁判	刑事	刑事手続は刑事罰を科するか否か、民事手続は損害賠償請求権の存否を判断する目的に向けての手続であり、あくまでもその結論を出すのに必要な範囲での死因究明、臨床経過の評価が行われるに過ぎません
裁判	刑事	舛添要一厚労相は4日午前の閣議後会見で、社会保険庁や市区町村の職員が過去に年金保険料など計約3億4000万円を着服していた問題に激怒、横領した職員の処分の実態などを徹底的に調査し、刑事告発されていないものについては刑事告発していく事を明らかにした
裁判	刑事	刑事事件の時効は通常「公訴時効」であり、完成すると公訴(公益を代表する検察官が犯人を裁判所に訴える刑事手続)ができなくなります(刑事訴訟法第250条)
裁判	刑事	元被告を有罪とした治安維持法は終戦後の勅令で廃止されているが、刑事訴訟法は刑の廃止があった場合、免訴判決を下すよう定めており、実体審理を行うのは不可能と判断したとみられる
裁判	刑事	また、刑事手続においては、憲法第38条第2項により、「強制、拷問若しくは脅迫による自白又は不当に長く抑留若しくは拘禁された後の自白は、これを証拠とすることができない」とし、また、刑事訴訟法第319条第1項は、右のような証拠はもとより、その他任意にされたものではない疑いのある自白は証拠とすることができないとして、拷問等の行為が行われることのないように証拠法の面からも保障している
裁判	刑事	しかし、労働組合の定義の基本的要件(2条本文)を満たすので、民・刑事の免責および裁判所における不利益取扱いからの保護を受けるのはもちろん、右定義の全要件に合致する以上、労働協約の締結主体たる労働組合(同14条)には該当しますので、それを締結すれば関係規定(同14条乃至18条)の適用は受けます
警察	刑事	昼夜を問わず潜入捜査に挑む、マイアミ警察特捜課(バイス)の刑事コンビ、ソニー・クロケット(コリン・ファレル)とリカルド・タブス(ジェイミー・フォックス)
警察	刑事	また、複雑・多様化する犯罪情勢と困難性の高まる捜査環境へ的確に対応し、情報分析に基づいた攻めの犯罪捜査を推進するため、刑事企画課に課内室として「犯罪捜査支援室」を新設する
裁判	刑事	国民は判断素材として、日本の国力や国際的地位について知る必要があったが、治安維持法をはじめ、41年3月公布の国防治安法・改正軍機保護法・改正刑法、41年12月の言論出版集会結社臨時取締法・戦時犯罪処罰特別法(後の戦時刑事特別法)などにより、国民の目と耳はふさがれ、さらに発言は箝(かん)口令同然とされ、国民は考えることを止めざるを得なかった
裁判	刑事	私が、勉強した都内の某インチキ免疫治療クリニック(現在刑事告訴を受けて武蔵野警察が捜査中2006年1月9日記載)では、すでに辞めましたがかつてそのクリニックの院長を務めていた、某大学の免疫学の名誉教授も、「そのクリニックで行っているBRM治療で
裁判	刑事	それに、検察官の質問に的確に、自信を持って「異議」を出せる、刑事弁護が得意な弁護士資格者を養成して東京・大阪だけでなく、日本全国の地方都市で活躍させる必要があります
裁判	刑事	(そこで裁判を集中審理的に行うためには、刑事専門の弁護士を用意するとか、あるいは検察側の持っている証拠を弁護人に十分見せて準備させるということを心がけねばならないと思われます
警察	刑事	という感じで、片平なぎささんが主演の水沢礼子刑事、相棒がナンチャンの萩尾刑事、ゲストに泉谷しげるさん、ガダルカナル・タカさん、三波豊和さんが出演するから、凄い凶悪犯に違いない
警察	刑事	よく知らなかったけど、デビュー作『墓碑銘に接吻を』(学習研究社)と同じキャラクター、墓堀り人夫である原島(かつては警視庁の辣腕刑事で、行きすぎた仕事のため職務を離れてからはあれこれヤバい仕事をしたりした過去のある人物)という人物が主人公
裁判	刑事	1審裁判所は、他方当事者がYであることが判明しても、Yは刑事事件で信号無視を否認、その後「有罪判決が確定するまで権利の行使が事実上可能な状況の下にYが『加害者』であると認識できたとは認められない」とし、刑事事件確定の平成16年9月から「消滅時効が進行する」と認定した
裁判	刑事	社会保険庁で昨年発覚したヤミ専従問題では、当事者や給与の不正支出に関与した上司計40人が背任容疑で刑事告発されたが、不正支出相当額を返納し、懲戒処分も受けたとして、全員が起訴猶予処分となっている
裁判	刑事	朝日新聞1993年10月23日(朝刊)は、「拘置質問へ弁護士同席」と題する記事を掲載し、「裁判官が容疑者の拘置を決める前に本人の意見を聞く拘置質問の際に、弁護士が立ち会って助言できる機会を認めた刑事手続きが、大阪地裁と福岡地裁小倉支部でとられていたことが、大阪弁護士会の開いたシンポジウムで報告された
裁判	刑事	前科は刑事裁判で有罪判決を受けるとつくものですから、起訴されなければ、たとえ逮捕されていても、書類送検されていても、被疑者に前科がつくわけではありません
警察	刑事	また東京放送 TBSの深夜番組『王様のブランチ』『アイドル刑事』や、サスペンスもののテレビドラマ、エロティックなオリジナルビデオなどにも出演していた
警察	刑事	母・浪江(倍賞美津子)姉・静子(原沙知絵)妹・安子(前田亜季) 3人は、、戦犯の家族として苦しい生活を強いられ、 時には、刑事たちの執拗な尋問を受けていたのだった
裁判	刑事	13時30分から東京高裁・刑事12部(長岡哲次・山本哲一・松井芳明裁判官)622号法廷で、1審・東京地裁から傍聴し、控訴審第1回は10月22日だった「業務妨害」の判決
警察	刑事	特例刑事、匪口(どうでもいい事ですが本来は匪に竹冠が付いたのが正しい字です)が電子ドラッグに(正確には50%)嵌り、己の犯罪願望と共に、辛い過去話を語り始めます
裁判	刑事	」 ※刑事訴訟法198条[被疑者の出頭要求・取調べ] 検察官、検察事務官又は司法警察職員は(取り調べに際して)被疑者に対し、あらかじめ、自己の意思に反して供述をする必要がない旨を 告げなければならない
裁判	刑事	刑事裁判は、無実を主張する被告人に対して、規範的に構成的に証拠資料と素材とを明示して被告人の納得するように判決が下されるものでなければならない
裁判	刑事	)、刑事訴訟費用に関する法令並びに刑事事件における第三者所有物の没収手続に関する応急措置法の規定を、共助の要請を受理した場合における措置については国際捜査共助等に関する法律(昭和五十五年法律第六十九号)第四条、第五条第一項(第一号に係る部分に限る
裁判	刑事	なんでも本日配信のサイバッチによると、サーベラス問題で、毎日新聞社がサイバッチ配信の記事に刑事、民事の告訴も臭わせた厳重抗議文をおくっていたことが判明
裁判	刑事	彼らがイギリスのしっかりした名前を挙げられたスタンリーとのオンライン賭を受け入れるのでイタリアによって直面される刑事責任で基づく何人かのオペレータ
裁判	刑事	敢えて言えば、住居も家庭も地位もある人物がスピード違反の罰金刑を受けることが怖いあまり、刑事手続に出頭せず逃走する可能性があると言っているに等しいと思われる
裁判	刑事	で、これに関してですケド、刑事訴訟というのは無罪になる可能性は限りなくゼロに近い(少しでも無罪になりそうなら不起訴処分にする)わけで、つまり何らかの証拠を京都府警様が保有していると見ていますー
警察	刑事	孤独をかこっている殺し屋キャット、彼がそれと知らずに刑事に恋をし、かつての相棒で彼を裏切った男と偶然の再会、そして全員を巻き込んでの死闘へとなだれこんでいく、と
警察	刑事	デル・トロくんがアカデミー賞をもらったときいて、わくわくして見て、「いつ出て来るんだろう」と楽しみにしていて、なかなか出てこなくて、それよりこのメキシコ人の刑事役のお兄ちゃんがすごく存在感あるなあ・・・こっちにアカデミー賞あげてもいいくらだぜと思っているうちにサングラスを外したら、それがベニチオ・デル・トロくんでした
裁判	刑事	この間、同会は、井崎氏に対して、以上のような点についての「公開質問状」を出したが、井崎氏は、事実上の「回答拒否」をし、12月議会での日下部信雄議員の経歴についての質問に対しても「刑事・民事の訴訟が提起されているので、答弁しない」という答弁をした
警察	刑事	「恐怖のメロディ」('71)で監督業に進出した後も、「ガントレット」('77)、「ルーキー」('90)など多くの刑事アクションや犯罪ドラマを監督・主演し、バイオレンス・ヒーローとして活躍する
裁判	刑事	調査委員会は、旧経営陣等の職務上の義務違反等に基づく刑事上、民事上の責任の有無について調査を行い、告訴、告発及び提訴の必要性や妥当性等を含め、平成12年1月末を目処に保険管理人に報告することになっており、それを受けて保険管理人において内容を検証する
裁判	刑事	判例については、『刑事訴訟法判例百選[第八版]と、『刑事訴訟法講義案(再訂版)』に収録されているものをベースにしつつ、現役ロースクール生の意見も聞きながら、是非とも押さえておきたい著名判例に言及しています
裁判	刑事	しっかし、悪いことやって、動かぬ証拠をビデオに撮られさらに自供したところで、刑事的に罪に問われることはなく、また民事的に(経済的損害への補償)も「シカトのしいちゃん」でどうやら済む、ということなのだ
警察	刑事	『太陽にほえろ』『夜明けの刑事』『Gメン'75』『特捜最前線』『噂の刑事トミーとマツ』『熱中時代刑事編』『西部警察』と、刑事ドラマ全盛の頃のテレビっ子としちゃ『あぶ刑事』はやっぱ、はずせない
警察	刑事	仮面ライダー・ロボコン・ロボット刑事K・星の子チョビン・さるとびエッチャン・キカイダー等など、子供時代毎回放送を楽しみにしていたマンガがずらり
警察	刑事	という事件が頻発し、背後に謎のレイプ犯罪組織がある事をつきとめた特捜女刑事2人(特撮ヒロイン風で一人はミニスカ、もう一人はセミロングのスカートでスカートの下に濃紺とエンジ色のブルマ共にサイドに白線2本入りを穿いている)が組織のアジトに潜入するが逆に捕まり、レイプされてしまう
裁判	刑事	刑事事件としての名誉毀損であれば、沢山の人に伝えて当事者の社会的評価を下げさせる行為は少数の人に伝えて社会的評価を下げさせるよりも、「悪質である」と考えられ、社会的抑止力の観点からも量刑は重くしますし、民事事件の場合は沢山の人に伝えて当事者の社会的評価を下げさせる行為は賠償金額が増えます
裁判	刑事	現行法は被告人・被疑者保護中心で、被害者疎外の性格を有しているので、被害者論を取り込もうとすると現行法の、「無罪の推定」原則及び法格言「疑わしきは被告人の利益に」の原則と抵触し、刑事司法システムのバランスの取り方が困難となる
裁判	刑事	正式名称を「犯罪被害者等の保護を図るための刑事手続きに付随する措置に関する法律」といい、被害者等が優先的に裁判を傍聴できたり、民事訴訟を起こす際等には、判決確定前でも公判記録の閲覧・複写を認めています
裁判	刑事	社会保険庁を見てもわかるように、刑事告発が必要だと思われる職員がまったく放置されていて、国会でも犯罪を犯した職員を告発しないことを正当化するような論陣が張られるほど、法令遵守が存在しない国なのです
裁判	刑事	現在では10万円以内で調査が可能です(刑事事件などで利用される非常に精度の高い鑑定は大学や科学警察研究所によるもので金額にしたら高額になります)
裁判	刑事	古き時代の慣習の復活/前近代の刑事司法/先住民司法の伝統の復興/ナバホ族の調停/古代司法や先住民司法を修復的と特徴づけられるのか/修復司法の伝統は復活できるのか/結論—修復司法は過去に死に絶えたのか
警察	刑事	映画『湘南爆走族』(江口洋介・織田裕二)や『七人のおたく』(内村光良・南原清隆・山口智子)テレビ『刑事鬼貫八郎』シリーズの山田大樹監督を迎えて演技ワークショップを行ないます
裁判	刑事	医道審は刑事事件にならなくても、ミスを繰り返す悪質な「リピーター医師」らを処分対象とする方針を決めているが、厚労省医事課は「適当な対象者がいない」として今回も諮問しなかった
裁判	刑事	第七十六条 鳥獣の保護又は狩猟の適正化に関する取締りの事務を担当する都道府県の職員であってその所属する都道府県の知事がその者の主たる勤務地を管轄する地方裁判所に対応する検察庁の検事正と協議をして指名したものは、この法律又はこの法律に基づく命令の規定に違反する罪について、刑事訴訟法(昭和二十三年法律第百三十一号)の規定による司法警察員として職務を行う
警察	刑事	武田鉄矢演じる定年間際の問題刑事・梅木拳とタッグを組みながら苦悩の日々を過ごし ながらも「犯罪者も自分と同じ人間」と信じて人道的な捜査を行う“信念”を貫く様子が描かれている
裁判	刑事	外国為替・刑事訴訟事件に限らず、民事執行、民事保全、破産等の非訟事件においても、外国為替証拠金取引所の判断は外国為替証拠金取引という形式で表示される
裁判	刑事	そういう意味で、今回はその刑事事件にするかしないかは別にしても、やっぱり厳正な措置をとっておかないと大変だなというふうに思いますので、御要望を申し上げながら、なお一層の御奮闘をお願いしたいというふうに思います
裁判	刑事	彼曰く公共機関のコンピューターネットワークに侵入してデータを改変することは、普通の刑事犯罪ではなくてFederal Offenseと言う連邦政府の定める特別な犯罪になるのだそうです
裁判	刑事	まず、最大の問題は、まだ刑事訴訟において犯罪被害者であるかどうかが確認されていない段階で、「当該事件の被害者等から申出があるとき」に犯罪被害者として取り扱うことが、「無罪推定の原則」(憲法31条、刑事訴訟法336条)に反するのではないかという点である
裁判	刑事	一方、検察官は、検察事務を行う権限を有する国家組織であり、刑事訴訟法第191条第1項により、必要と認めるときはみずから犯罪を捜査することができるとされており、検察庁法第6条第1項で、いかなる犯罪についても捜査をすることができるとし、刑事訴訟上の捜査機関としての権限を具体的に明らかにされている
裁判	刑事	服役(刑事事件で実刑)の可能性はかなり薄いとは思いますが、留置場・拘置所にいる間で接見禁止処置になっていなくて本人が了承すれば誰でも面会できますし通信(手紙)もできます
裁判	刑事	本件は、被告人が精神の障害により物事の是非善悪を弁識し、その弁識に従って行動する能力を欠く状態でなされた行為であるから、被告人は、本件犯行当時、刑法三九条一項にいう心神喪失の状態にあったと認めるのが相当であり、被告人に対する本件公訴事実は、心神喪失者の行為として罪とならないから、刑事訴訟法三三六条前段により被告人に対し無罪の言渡しをする
警察	刑事	基本的に刑事さんは、最初に配属された部署で担当した課を、転勤してもず〜〜っと続けるのだそうで、2課の知能犯に配属されたらずっと知能犯の捜査が担当
裁判	刑事	県警刑事企画課によると、同ネットワークは、殺人や強盗などの凶悪事件やひき逃げ事件などが発生した場合、まず県警が県ハイヤー協会と県警備業協会に加盟する県内95の会社と事業所に事件の手配書をファクスやメールで送信
裁判	刑事	被疑者に弁護人が就く前に、警察や検察が、刑事事件の現場から人海戦術で証拠をごっそり持っていき、その後で弁護人がちまちまと「証拠開示」を請求していくという哀しい現状があります
裁判	刑事	仮釈放の要件については、国によって「社会適応性の真摯な兆候を示すとき」「再犯のおそれがないこと」「再犯のおそれがなく、かつ、刑事施設内で過去3年間規則違反がないこと」など様々であるが、これらの文面からもわかるように、後述する、わが国の刑法28条および社会内処遇規則28条が規定する要件が、諸外国と比較して少なくとも緩いということはない
警察	刑事	「あぶ刑事」の銃撃戦に文句をつけるつもりなど毛頭ありませんし、銃撃戦をしてこそ「あぶ刑事」だとも思っているんですが、なにも殺すことはなかったかと
警察	刑事	私が聞いた話では、「暴動の扇動なんかしていないよ、西成署の刑事に暴行を加えられたと相談しに来た人の話を信用して、西成警察署に抗議をしに行っていたところ、自然に日雇い労働者やホームレスなども集まって来て、警察側が機動隊を呼び、その混乱の中で、機動隊の方が、労働者やホームレスを挑発したから、暴動に発展したんだ」、という主張を言っていたがね
警察	刑事	それどころか、医者と看護婦を殺した後、堂々と銃を持って病院から出ようとしたのに刑事は彼を怪しむどころか「殺人鬼がうろついているらしい」とのんきこいた発言までかましてくれます
裁判	刑事	三 第一項第二号の規定により一時差止処分を受けた者がその者の在職期間中の行為に係る刑事事件に関し起訴をされることなく当該一時差止処分に係る期末手当の基準日から起算して一年を経過した場合
裁判	刑事	それで、告訴状までも持って行っていたんだけど、※絶対に受け取らないんですよ」「こういう対応っておかしいでしょう」「まあ、何らかの判断をしたからでしょ」「うん、だからね、(刑事事件になっているでしょ
裁判	刑事	って(汗)そういう意味ではなく、法的に民事か刑事かは不明ですが、本来訪問すべきでない所なのに、別の住人が赤の他人の部屋に入れるために勝手にロックを開けることは、紛争になっても仕方がないですし、その人達のやり方によっては処罰の対象になる危険があるということなのですよ
警察	刑事	知り合いの刑事さんから見せてもらった事があるのだけれど、バインダーのような写真を貼り、集積したもので、入れ墨を入れた「暴力団関係者」をパクった場合、”任意”でさらにこうしたセミヌード写真を撮らせてもらうのだ
警察	刑事	『スケバン刑事』『超少女明日香』シリーズなど数々のヒット作を生み出してきた和田慎二と、緻密かつ美麗なタッチで独特の作品世界を描く衣谷遊による夢のコラボレーション
警察	刑事	実はこの他に、主要男子学生が3人、美人教師が2人、主人公の刑事、相棒の美人刑事、謎の美女(都市伝説の主役)、彼女の高校時代の友人2名・・・主要キャラだけで13人もいるのだ
裁判	刑事	もう一つは、企業で刑事事件に巻き込まれるケースもありうるし、そういう事件において、担当者がいつ何時虚偽の「自白」をするかも分からないから、そういうことがどうして起こるのか、理解しておいて損はないと思ったことがある
警察	刑事	また、直接的な命令を下す上司・組織もない(「警視庁49人目の刑事」と呼ばれているが、「田中課長の依頼を請ける探偵」のようでもあり、組織の一員というわけではない)
警察	刑事	地方の老刑事が休暇を取ってまで犯人を追跡しようとし、その情熱に心打たれた七人の刑事達が激務の合間に協力するというストーリーは今の視点からすると目新しさはないものの、刑事達の生き様には胸が熱くなる
警察	刑事	みなさんがテレビなどで見ることのある、張り込みをしていた刑事が、帰宅した被疑者をみつけて逮捕をするシーンでの逮捕は、たいていがこの通常逮捕です
警察	刑事	山手中央署の人情刑事・安浦(藤田まこと)は、ひょんなことから長女(松岡由美)に思いを寄せる実直な若者・大沢(小西博之)とその妹が関係する殺人事件の捜査を担当することになる
裁判	刑事	3万)以下の罰金または3ヶ月以下の懲役、さらには公共の道路上で、他人に迷惑がかかるような音量で楽器を演奏しても刑事罰の対象になるなど、ものによってはまるで校則のような法律によって国民の生活は縛られています
警察	刑事	水谷豊主演の相棒という刑事ドラマをご存知な方がいらっしゃるかと思いますが、あれくらい謎解き度の高い番組に慣れているせいか、今回の犯人に告ぐという映画は物足りなさを感じてしまいました
裁判	刑事	受刑者の人権を重視した国連の「被拘禁者処遇最低基準規則」が採択(一九五五年)されたのを受け、監獄法を全面改正する刑事施設法案が提案されたものの、「冤罪(えんざい)の温床となった代用監獄を固定化する」「死刑囚の処遇で改悪部分がある」などと反対論が強く挫折した
裁判	刑事	常識外れの不当な原判決が、札幌地裁の名において言渡された以上、そのような欠陥判決を速やかに是正することこそが、誤判を是正することを職分とする貴札幌高等高裁刑事部の崇高なる責務である
裁判	刑事	刑事捜査における尾行の際、被疑者への警察の存在を秘匿する(密行と称する)必要があるので覆面パトカーを使うが、それ以外の場合は、むしろ警察車両であることを全面に押し出し分かり易く白黒パトカーで捜査や取締りを行う
裁判	刑事	すなわち、彼は、ロイヒターを説得して、その処刑技術の専門家としての能力を生かして、カナダのトロントで当時開かれていた刑事裁判のために、専門家の見解を作成させようとしていた
裁判	刑事	建設業許可関係をはじめとして、相続問題や社会福祉法人支援を得意としているが、その他幅広く、許認可関係や民事、家事、刑事など様々な案件に迅速で的確に対応している
裁判	刑事	刑事訴訟法第248条は、「犯人の性格、年齢及び境遇、犯罪の軽重及び情状並びに犯罪後の情況により訴追を必要としないとき」という起訴猶予の基準を設けています
裁判	刑事	刑事訴訟においては、過去の出来事について、訴訟法などの法律に基づいて認定するほかないという点で神の目から見た「絶対的真実」そのものとは違うものの、可能な限り真相に近い事実(実体的真実)を追求するという原則
裁判	刑事	一連の年金保険料着服問題を受け、舛添要一厚生労働相の指示で社保庁が各自治体に横領した職員の刑事告発を要請したが、大崎市など8市町村が「当時処分ずみ」として応じず、社保庁が大崎市に代わり告発していた
警察	刑事	どうしてかと刑事が尋ねると、「そういうところはシステムがあるからと油断して、窓が開いていたり、新聞がポストにたまりっぱなしになっていたりするからわかる
裁判	刑事	法廷教室を見学の後、本法科大学院教授およびパブリック法律事務所の弁護士により、「司法制度改革と裁判員制度」(四宮啓教授)、「日本の民事訴訟手続」(河合渋谷パブリック法律事務所弁護士)、「日本とフィンランドの刑事政策」(齋藤実同弁護士)をテーマとした講演が行われました
警察	刑事	私服刑事数人が丸大社員になりすまして指定場所に行くと、国鉄高槻駅で指定する時間の京都駅行き電車に乗って左側の窓に白い旗が見え次第車窓から金を詰めたボストンバッグを投げ落とせと指示するタイプ文字の指示書があった
裁判	刑事	刑事司法の担い手としては、法曹三者(裁判官、検察官、弁護士)や警察官を思い浮かべますが、地味ながらもその重要な担い手として、刑務官や法務教官という職種があります
裁判	刑事	米国人の法廷戦術って何だかゲームみたいで私ゃ好きじゃないんですが、民事畑の敏腕弁護士が止むに止まれぬ事情で元妻でもあるニュースキャスターの刑事弁護に回るメーンプロットの裏に潜む奥深い謎の存在が裁判の行方を迷宮へと運んでしまう
警察	刑事	ドラマ版で主演を務めた歴代ヒロイン、黒川芽以、掘北真希、夏帆が夢の共演を果たしたのが『ケータイ刑事 THE MOVIE バベルの塔の秘密〜銭形姉妹への挑戦状』である
裁判	刑事	4 刑事訴訟法第三百四十九条の二第二項の規定による口頭弁論の請求があつたときは、裁判所は、決定で、十日間に限り、前項但書の期間を延長することができる
警察	刑事	お願いしますえ〜「え〜」って やりたいくせにまず お2人は同僚の刑事です敏腕女デカですよ犯人と銃撃戦ですその銃撃戦で お父さん撃たれちゃいますそこでお2人 また
裁判	刑事	3日午後11時40分ごろ、山口県防府市の市道で同市江泊、同県警山口署刑事2課、今本康徳巡査長(42)運転の乗用車が、道路を歩いて横断していた同市牟礼今宿、美容院経営、藤井花枝さん(37)をはね、藤井さんは首の骨を折り死亡した
裁判	刑事	明かに海上衝突防止法や港測法に違反する刑事域の案件は管轄官庁である海上保安庁や警察が対処すべき問題であるが、これに満たない操船マナーや係船ルールを違反した者などに損害を受けたり危害を及ばされる状況にあった場合の抗議制度を「海の会」では設けることとする
警察	刑事	警視庁の窓際部署“特命係”に身を置く2人の刑事、頭脳明晰な杉下と熱血漢の亀山のコンビが難事件に挑む、というシチュエーションだから、映画の出来は、どう「大げさな難事件」と「スリルとサスペンスあふれる解決」を創出してくれるのか、という脚本力にかかっている
裁判	刑事	弁護士が付いていない場合、すでに付いていても連絡が取れない場合などには、刑事事件の経験豊富なATOMの弁護士が依頼者様・ご本人双方のためにサポートいたします
裁判	刑事	「紛らわしいのでこういった言葉を使わないように」とのお触れが出されて、刑事事件のニュースはぼやけたものになり(多分「殺害した」という言葉もアウト)、サスペンスやホラーもののレビューも書けないし、マニアなら表現を変えてサイトを存続する努力をしそうですが直接的な表現を好む一般アダルトサイトは盛り下がりそう
裁判	刑事	・・・ただあの医師・・・に刑事罰・・・を与えたい・・・どうしようかと・・・」「訴訟をした方がいいのか・・・・忘れた方がいいのか・・・迷っている」と彼は言った
警察	刑事	上記の会話で私と刑事が「NEC」と「NECぱー」は別会社うんぬんで、言い争いしている理由は、刑事が「NECぱー」が詐欺を働いたのであって「NEC」ではないと認識している上での会話である事が理解できると思います
警察	刑事	「トランスポーター」シリーズで男臭いセクシーさでブレイク中のジェイスン・ステイサムがはみ出しの有能な刑事を、その元同僚刑事にウェズリー・スナイプス、相棒の新人刑事をライアン・フィリップが演じる
警察	刑事	国会議員連鎖殺人事件が広まっていているある都市を背景に、失敗ばかりする粗雑な泥棒と、彼らを捕らえようとする刑事、自殺中毒者、不幸な囚人たちが人生のあきれた成功を夢見ながら繰り広げるコメディー
裁判	刑事	岡さん自身が紹介されているように、民事・刑事・家事・倒産などきわめて幅広い法律分野に携わられただけでなく、裁判官ネットワークの設立・運営にもかかわり、裁判官相互の自主的な研鑽と多くの市民に開かれた裁判所を目指す活動を進めてこられました
警察	刑事	私は、「あの人は刑事で、事件の容疑者の内偵でボーイになりすましている」「あの人は作家志望でネタを拾うためにキャバレーで働いている」と想像しながら、愛想がよくて得体のつかめない人たちを見ていた
裁判	刑事	学歴や学位に関連して、あらぬ誹謗中傷をされたり、侮辱や名誉毀損等に該当する被害を受けた場合、事実関係を確認した上で、その加害者を刑事告訴・民事提訴することができます
裁判	刑事	一定の刑事事件について、国民が裁判員となる裁判員制度が、平成21年5月までに施行されますが、特定に事由に該当する場合、さらには、政令で定めるやむを得ない事由があり裁判員の職務を行うのが困難な場合には、辞退の申し立てをすることができると定めています
裁判	刑事	東京裁判、ニュルンベ ルグ裁判において戦勝国が敗戦国を裁いたという反省を経て、カルラが働くICTYを経て、ようやく世界中のNGOや国際組織の望んでいた「武力の支配から法の支配する国際社会へ」という願いが実った形で、2002年オランダのハーグに国際刑事裁判所(International Criminal Court)が設立された
裁判	刑事	【修正】そこで、国際裁判で審理した上で、責任を問うという考えが生まれ、「通例の戦争犯罪」以外に「平和に対する罪」「人道に対する罪」という新しい原則に加え、国家指導者の刑事責任を問う国際裁判所を設けました
裁判	刑事	医師は、脳死した者の身体について刑事訴訟法(昭和23年法律第131号)第22 9条第1項の検視その他の犯罪捜査に関する手続が行われるときは、捜査機関に対し、 必要な協力をするものとすること
警察	刑事	『交渉人 真下正義』での事件から数ヶ月後(2005年2月と設定されている)、警視庁新宿北警察署管内で発生した殺人事件の捜査過程で事情聴取を受けていた新宿北署員の神村誠一郎巡査は刑事達を振り切って逃走し、車にはねられ即死してしまう
警察	刑事	釜山署司法係が厳重な取り調べをする中で、 同事件の関係者として浮かび上がった奉天の某紹介業者を逮捕するため、 ■日夜、ユ警部補以下刑事6名が奉天に急行した
裁判	刑事	前に市役所の労働相談(弁護士のボランティア)にいったことがあるんですけど、警察署だと刑事事件になるから、証拠だの事情聴取だのって匿名に出来ないって言われました
裁判	刑事	循環取引をめぐり元幹部の刑事事件に発展した冷凍食品大手の旧加ト吉(現テーブルマーク、香川県観音寺市)に対し、取引先だった鉄鋼商社の岡谷鋼機(名古屋市)が商品の売却代金計約50億4千万円を求めた訴訟の判決で、東京地裁の松並重雄裁判長は30
警察	刑事	同じく合田雄一郎刑事が登場する「マークスの山」を先に読んだのですが、あちらがサスペンスの中に合田刑事やマークスの悲哀、情念が織り込まれている印象だったのに対し、「照柿」は情念が主体で、その想いの渦を描く手段としてサスペンス的な話が展開されてゆくような印象を受けました
裁判	刑事	同会は02年に業務上横領容疑で2人を刑事告発する準備を進めたところ、元会長らが返還の意思を示したため見送り、昨年3月になって全額が同会へ返された
警察	刑事	当然バフヘッドは小型のオートをぶら下げた 刑事様方の白日の下に晒された訳ですが、バフヘッドはとにかく重く、 グリップも鯵位あるのでとても振り回せないだろうって事と鉈なので注意だけ受けました
裁判	刑事	法廷の被告人が傍聴席に飛び込んで、遺族・被害者や傍聴人を襲ったり、逆に、感情的になって行動が止められなくなった遺族・被害者が被告人に飛びかかったりする事態を防ぐため、アメリカなどの刑事法廷では、傍聴席の最前列には、あえて誰も座らせないようにする運用も行われているようです
裁判	刑事	顧問先をはじめ日常的に持ち込まれる多様な紛争や事件、当番弁護士として受任した刑事事件など、その解決の過程で描かれる人間の営みを温かな眼差しで描く叙情詩
裁判	刑事	かつて再審は「開かずの門」と言われてきたが、1975年、「疑わしきは被告人の利益に」という刑事裁判の原則を、再審にも適用すべきだとした最高裁の「白鳥決定」で、再審開始の要件が緩和され、「財田川事件」「免田事件」など死刑事件が次々と再審無罪になった
裁判	刑事	公訴時効の期間は、死刑にあたる罪が15年、無期の懲役・禁固が10年、10年以上の懲役・禁固が7年、10年未満の懲役・禁固が5年、5年未満の懲役・禁固または罰金が3年、拘留・科料が1年、となっている(刑事訴訟法250条)
裁判	刑事	さらに、これ以外に請求できる場合として「弁護士、司法書士等が受任している事件の業務遂行のための請求、弁護士等が裁判手続きのため及び刑事事件に関して弁護人として業務を行う場合等に請求できる」こととされた
裁判	刑事	田宮裕「刑事政策と法曹の役割」『刑事手続とデュー・プロセス』二七六頁(有斐閣、一九七二年)〔初出・宮澤浩一ほか編『刑事政策講座第一巻』(一九七一年)〕
警察	刑事	「ケイゾク」から「ビューティフルライフ」まで、映画やテレビやCMの境界を軽々と越え、刑事も殺し屋も酒屋のあんちゃんもしなやかに演じてみせる渡部篤郎の静かなる熱情を解き明かす
警察	刑事	『赤いシリーズ』、『夜明けの刑事』、『噂の刑事トミーとマツ』、『スチュワーデス物語』、『少女に何が起ったか』など大映テレビ制作のドラマではエリートから憎まれ役まで様々なキャラクターを演じ存在感を発揮
裁判	刑事	)、私と大阪の被害者の告訴による刑事事件以外の余罪は全て(肉体関係がらみの・寸借詐欺と、他人の名を語って・本人になりすましての・寸借詐欺なので
裁判	刑事	しかし、法律があるということは、人が生を受け、死亡するまでの生活する上で、必要不可欠なものは、法令がないとトラブルがおき、民事や刑事ごととしての司法にすべてゆだねることになります
裁判	刑事	検察当局を動かし、刑事訴追にいたったのは、国会での追及とともに腐敗政治に怒る国民世論の力であり、とりわけ重要なのは、政治資金規正法に基づき届け出をしていた「政治献金」でも、請託と口利きがあればわいろとみなすという判断を検察がしたということである
警察	刑事	刑事ドラマの現場検証のシーンでよく出てくるような小さい円筒形の帽子を被った警官10人ぐらいが、黒いビニールのゴミ袋と、よく落ち葉とかを拾うときに使うような金属のはさみを持って、ホームの間の線路に降りて、肉片を拾ってるんだけど、ホームの下の方にもぐってた警官が、「おーい、こっちに脚があったぞ
警察	刑事	この人の刑事役で言えば、「スピード」でのキアヌの上司、そして「エクゼクティブ・デシジョン」でのSWATチームのキャプテン役あたりが有名でしょうか
裁判	刑事	金判事は判決に先立ち、「報復暴行は法治主義の常識に反する行為だ」としながら、「金会長は息子を殴った人々を訓戒することもできたし、被害報償や刑事的な告訴もできたにもかかわらず、このような法治主義の常識に従わず、法律を軽視する態度を示した」と述べた
裁判	刑事	org]のように故意に冤罪を成立させたと思われる事件について、関係者を送検すべきか、刑事訴訟を提起すべきかなどについて審査する部門にも一般人を介入させるべきかも知れませんね
裁判	刑事	5億円の罰金と犯則手続(刑事手続)を併せれば、強力な抑止効果があると考えるのが普通であるが、これでは充分でない、新課徴金の導入がそれに加えて必要不可欠である、との理由を国民の前に明らかにすべきである
裁判	刑事	少年法の改正により刑事処分可能年齢が14歳以上とされ、14歳以上であれば、保護処分だけでなく、刑事罰を科することができることとなったが、併せて懲役又は禁錮の言渡しを受けた16歳未満の少年は16歳に達するまで、少年院に収容して矯正教育を授けることができることとされた(少年法第56条第3項)
警察	刑事	蟹江署長を最後に今春退職された稲山浩司・初代部会長に代わり、本部刑事総務課長の矢黒憲明さん(1970年度 体育学科卒)が部会長に選出されました
裁判	刑事	これを『ポピュリズム刑事政策の時代への突入』と評する宮澤節生教授は、光市母子殺害事件で、無期懲役とした原判決を破棄して全員一致で審理を差し戻した最高裁小法廷判決について、『司法権が立法権による厳罰化に量刑で寄り添うことを宣言した』と指摘する
裁判	刑事	農園労働者による雇用契約の違反に対し刑事的制裁を科している各国にある権限のある機関は、すべてのこれらの刑事的制裁を廃止するための措置を執るものとする
裁判	刑事	しかし、正規の簿記の諸原則に基づいて記帳された会計帳簿には証拠能力があり(刑事訴訟法第323条)、それがいざというときに事業者や企業を守ります
裁判	刑事	戦後50年以上経ても民事、刑事各1件ということは、公平な裁判の保証としてもうけられた忌避の制度を、裁判所が骨抜きにしてしまったことを示している
裁判	刑事	それが、昭和30~40年代の「荒れる法廷」(公安・労働関係の刑事事件)で一部弁護士が「宣誓する証人以外は起立する必要がない」とゴネ、裁判所もそれを認めてしまったため、刑事法廷では証人だけが起立し、民事法廷では昔のとおり全員が起立するようになった・・・と、知り合いの法曹関係者から聞いたことがあります
警察	刑事	刑事の加賀(阿部寛)と松宮(溝端淳平)は遺体を最初に発見した峯子の親友・多美子(草刈民代)を訪ね、周りに携帯電話をなくしている知人がいるかどうか尋ねた
警察	刑事	喜多方の有名店『坂内食堂』が基礎になったファランチャイズ店は全国に多数あり、そのうち2軒ほどで食べたことありますけど、やはり当地喜多方で食べて初めて喜多方ラーメンを食べたと言えるのですから、未だそこに足を踏み入れてないこと自体が元ラーメン刑事としてあってはならないことだったのです
裁判	刑事	」と、相手の教師自身又は勤務先の高校の教職員(校長等)から判断された場合は、県又は市(県・市教委担当)の顧問弁護士さんか、相手の教師が県か市(勤務先の高校)からの紹介して貰った上で、一個人として依頼した弁護士さん経由の何れかで、「お宅ら(つまり、相談者である貴方)の警告兼通知は逆恨みだから、刑事事件と民事裁判の両方で、逆に法的手段を取ります」旨、警告される恐れが大ありですよ
警察	刑事	この作品にでてくる「窓際刑事」矢木刑事と娘・明日美は、テレビ朝日系の「火曜スーパーワイド 美人OL探偵と窓際刑事」シリーズ で矢木刑事役を近藤正臣さん、娘・明日美役を河合奈保子さんが演じました
裁判	刑事	司法研修所での3カ月間の前期修習後、裁判所6カ月(民事3カ月、刑事3カ月)、弁護士会3カ月、検察庁3カ月、計1年間の実務修習を行い、さらに3カ月の後期修習を受ける
警察	刑事	朝鮮時代の女刑事「チェオクの剣」の第1話でチャン・ソンベク(キム・ミンジュ ン)とチェオク(ハ・ジウォン)の激しい対決シーンが多くの人の関心を集めまし た
警察	刑事	一方 '刑事’で日本ファンにも寒流スターのイメージを強く植えた江東院は 2007年公式カレンダーを日本発売 1週間ぶりに 1万部越すように販売して日本スポーツ新聞たちが特筆大書するなど爆発的な人気を享受している
裁判	刑事	最近の刑事事件における捜査当局と裁判所のあり方について発言した金尚均教授は、「不安」につきまとわれ「安全」を求める雰囲気が日本社会に広がりつつあり、そんな中で、いわゆる共謀罪法案や憲法9条改正、国民投票法案などが議論されていると指摘
裁判	刑事	国際刑事裁判所は米国軍の個人の犯罪行為を地域や時期に限定されずに裁くことができる裁判所ですから、米国は国際刑事裁判所条約の批准を現在も拒否しています
裁判	刑事	(3)有害物質規制法、15 USCの§ § 2601年から2692年、法律製造を調節する、処理配布公開または環境に障害の不当なリスクをもたらす化学物質の処分を知っ違反に対する刑事制裁を課す、および
警察	刑事	でも、「看守眼」の好きでもない部署に配属された若い女性と、憧れの刑事になれなかった男の執念という似通った心情を、殺人事件のなかでクロスさせた手際は、見事としか言いようがない
裁判	刑事	ところで、被害者と加害者が、仲裁を「随意」に受け入れることを前提とするならば、仲裁に入るのは、刑事司法や少年司法の手続に乗ってからでも、かまわないことになる
警察	刑事	優秀な刑事であり、誰も気付かなかった少年期のデクスターの異常性に気付き、その事に悩みながらも欲求の制御や隠し方、人を殺すことの重みなど様々なことをデクスターに教え、凶悪犯のみを殺すという一定の基準をも与えた
裁判	刑事	○2 前項の書面を所持しないためこれを示すことができない場合において、急速を要するときは、同項の規定にかかわらず、検察官の指揮により、被告人に対し保釈若しくは勾留の執行停止が取り消された旨又は勾留の執行停止の期間が満了した旨を告げて、これを刑事施設に収容することができる
警察	刑事	相島さんが、最初の段階で「俺は気持ち悪い刑事にしたい」っておっしゃってたじゃないですか、そこで僕なりに考えたのが「新人刑事なんだけど、先輩に追い付きたいっていう一心で、ちょっと背伸びをして格好をつけてる感じ」なんですよ
裁判	刑事	もう一つ、ミスを認めたがらない土壌があるとすれば、それを作ったのは、刑事立件を前提にした警察の介入や、交通事故と同様、最初の謝罪の言葉が言質にとられ、不利になることを恐れるからかも知れません
警察	刑事	すると読者は犯人探しを通例とする推理小説とは違い、犯人を追いかける探偵、刑事の行動に自分を投影して、すでに事件として知られた舞台に乗り出していく
警察	刑事	とはいえ、さすがに田中啓文だけあって、主人公の外観が風采のあがらぬ刑事コロンボ風、陰陽師は金髪碧眼のハーフと、単なる妖怪(あるいは、サイキック)探偵ものではない趣向を加えている
裁判	刑事	だが、刑事事件として告訴するにも、罪刑法定主義の原則やセクシャル・ハラスメントの行為は密室で 起こることが多いため犯罪行為の立証自体容易ではなく、今の状態では刑事的規制や男女雇用機会均等法の果たすべき役割には限界がある
裁判	刑事	四角四面な法律論でいえば、「迅速な裁判を受ける権利」は、刑事被告人のために作られた条文であり、安部氏への無罪判決文が迅速に出されなくとも、判決が無罪である以上、安部氏の不利益になるわけではないとの説明も成り立つ
警察	刑事	風もつよいので、傘が折れないように気をつけてくださいね 貴金属刑事ジュエルカフェHPはこちら 金・プラチナ・ダイヤモンド買取専門店 ジュエルカフェ大口店
裁判	刑事	逮捕前の本件刑事事件初期の警察捜査における主任であった警視庁捜査第一課の白鳥陽一警部補は、私に過失責任がないということを認識していた様子でした
裁判	刑事	自尊感情を鍛える教育、人を追い詰める暴言自体を刑事犯とする刑法改正、職業訓練と雇用対策、コミュニケーション技法の訓練、鬱病に対する多角的な治療態勢・・・対策はどれも必要ですが時間のかかるものばかりではあります
裁判	刑事	鹿児島県阿久根市の竹原信一市長(49)が昨年8月の市長選期間中にインターネットの日記(ブログ)を更新し続けた問題で、県議や市議ら28人が22日、竹原氏を公職選挙法違反(文書図画の頒布)の疑いで阿久根署に刑事告発した
警察	刑事	部長、署長、ボルボ、日暮(原作の当初とアニメ)、左近寺、戸塚、星逃田、爆竜大佐、麻里晩(警察の同僚または目上の人物または特殊刑事の人々も)、電極スパーク(原作)、田村正和[要出典]、御堂春、西郷小金丸、その他大勢
警察	刑事	ヤクザや刑事などコワモテ役を演じるかたわら、TBS系の昼ドラ『天までとどけ』シリーズでの良き父親役、『ピカチュウげんきでちゅう』のCMでのコミカルな演技など、硬軟演じ分ける名優として活躍している
警察	刑事	私が結構好きなジョン・トラボルタとニコラス・ケイジの競演作品で、極悪人(ジョン)と刑事(ケイジ)の顔を取り替えて捜査が行われると言うセッティング
裁判	刑事	そうでなければ、医者が刑事責任能力を問えないと評価する精神的な問題を抱えている人物であっても、刑事責任能力が問える者と同様に起訴され、法廷で下された裁きと量刑に服するように法律を改正されなければ論理が通らない問題
警察	刑事	事件を調べる地元のはみだし刑事・雨宮、県警から派遣された宗田警部、進藤の親友で同じく他所から移り住んできた作家の野々村とカレー店主・沢木・・・
裁判	刑事	当調査事務所では民事告訴、刑事告発での証拠資料として 弊社の調査報告書が確実且つ有効利用される事を大前提に正確な調査を実施し、内容の濃い調査結果を御報告致しております
裁判	刑事	制度面の整備として、裁判の最終期日をあらかじめ想定して審理計画を作成することや、知的財産権訴訟など専門的な裁判への専門家の関与、刑事事件の公判を連日開廷する方式の導入――などを求めている
裁判	刑事	最高裁は9日までに、法定刑に死刑や無期懲役が含まれるような社会的に影響の大きい刑事事件や名誉棄損訴訟など民事裁判の一部に、国民から選ばれた参審員が裁判官と一緒に審理する「参審制」の導入を提言する方針を決定した
裁判	刑事	小津法務省刑事局長 この件、検察官がどのような場合に理由を示さないで忌避するかどうかということは、私どもで何も具体的に検討しているわけではないわけで、個々の事件における検察官の判断ということになろうかと思います
裁判	刑事	今後110が弁護士会より刑事告発なされ、起訴された場合は証言を私は当然致しますが、他の方に対しては証言するかどうかは弁護士会より確認がなされて拒否すれば大丈夫です
裁判	刑事	この元蔵相の「よろしく」という言葉を長官が忖度したのか、国税庁はを刑事告発せず、単なる申告漏れとして修正申告のみで済ませた(と筆者は予測している)
裁判	刑事	ある刑事裁判の取材で、被告が護送車で裁判所に到着したところを、撮り損なわないように言われてカメラを構えていたのですが、気づかないうちに入ってしまっていて、後でひどく叱られました
裁判	刑事	蓮池薫さん夫妻の拉致事件で、警察庁は22日に逮捕状が出た北朝鮮の工作機関の指導員2人について、ICPO=国際刑事警察機構を通じて国際手配しまし た
警察	刑事	もちろん真相は何も明らかになっていないだから解釈は自由かもしれないが、ドラマの1回目は原作では最後の刑事笹垣の推理を明かしているので、最後まで読んでそうだったのかというような思いはまったくなかった
警察	刑事	しかもその内容というのが、ハンター演じる主人公のグレイスが私生活に問題を抱えている酒浸りの刑事で、さらにそのグレイスに助言や忠告、事件解決や私生活を問題なく送る上でのヒントを与え、あるいは事態を引っ掻き回すのが、見た目にはどこから見ても冴えないよれよれの中年男、そしてその実体は神から遣わされた天使アールだという、その突拍子のなさが大いに注目された
警察	刑事	タフガイ(といっても、電脳調査が主力の未来社会での凄腕とは、腕力ばかりではない)の元女刑事が、ハッカーの友とともに意外な真相へと嵌まり込んでいく
裁判	刑事	朝鮮であらゆる犯罪行為を敢行した戦争犯罪者とそれに責任のある者に対し、国際法に基づいた刑事的責任を追及、裁判によって処罰するのは朝鮮人民の合法的権利である
警察	刑事	毎日学校で会い、授業を受け、放課後には家に飛んで帰って、まるでうだつのあがらない三流刑事の張り込みよろしく、英子の一部始終を見張りつづけていた
警察	刑事	青島係長率いる強行犯係には、“女青島”と呼ばれる夏美、念願の刑事になった緒方、PCにしか興味を示さない栗山、中国からの研修生の王、そして、今や長官官房審議官にまで出世した室井警視監によって湾岸署に配属された新人刑事の和久がいた
裁判	刑事	2010年1月15日、2009年12月25日の米航空機爆破テロ未遂事件で拘束されたナイジェリア人のアブドゥル・ファルーク・アブドゥルムタラブ容疑者(23)は2009年12月26日、米捜査当局から刑事訴追された
警察	刑事	テレビ朝日の『牟田刑事官事件ファイル』では1983年の第一話から2007年の最新話まで主役を務めているが、NHKの金曜時代劇『山田風太郎からくり事件帖〜警視庁草紙より〜』出演期間中の2001年に緊急入院するなど健康状態が危ぶまれた
裁判	刑事	古い行政協定と比べると現在の地位協定では、刑事裁判権に関して、施設・区域外の犯罪は公務を除き日本に裁判権があるという「属地主義」(人の国籍を問わず、その場所の法の適用を受けるという考え方)が部分的に導入されています
警察	刑事	取調室での刑事たちの態度にしても、実況見分とか何とかでも撮影に協力した署員の方々の態度にしても、とにかく全てに於いて仲間第一みたいな意気込みばかり感じて参る
裁判	刑事	(一)両岸犯罪共同摘発および司法相互協力:民事、刑事司法の連携と相互協力支援体制を構築し、主に各種犯罪の取締り、捜査協力、情報交換、犯人引き渡し等の、恒常的な協力体制を確立し、両岸の人々の権利を守り、司法案件の処理効率を高める
裁判	刑事	今回の判決は、客観的な事実を重視する重要性を最高裁が指摘したもので、「被害者」の話だけを鵜のみにしたこれまでの痴漢事件の捜査と刑事裁判手続きに警鐘を鳴らすものです
警察	刑事	公安刑事は自分たちの違法行為が立証されることを極端に恐れるがゆえに、準抗告を申し立てた段階で、裁判所の審査がはじまる前に、あわてふためいて押収物を返してくることが多くある
裁判	刑事	元秘書らの刑事処分後、首相の記者会見が開かれる見通しだが、この点について首相は「できるだけ早い時期に自分の思いを述べ、できるだけ説明責任を果たしていく」と述べた
裁判	刑事	さらに、ジュネーブ条約追加議定書には、50条で文民保護、52条で民用物の保護、53条で文化財、礼拝所の保護が明記されていること、違反行為は国際刑事裁判所で戦争犯罪として裁かれることも回答した
警察	刑事	容疑者をしぼりこむために豪華絢爛なパーティをひらいたり(「富豪刑事の囮」)、密室殺人の謎を解くために会社をひとつ設立してしまったり(「密室の富豪刑事」)
警察	刑事	同僚の妻と不倫を続けるため、家庭や職場で嘘をつき続けている彼らを追うハイウェイ・パトロールの刑事バド・ピューティと、悪党でありながら不思議な魅力で周囲の人間を引きつけるラマーの対比がいい
裁判	刑事	そして、明治16~24年の約9年間にわたり司法大臣として、近代国家の骨格となる明治法典(刑法、刑事・民事訴訟法、民法、商法、裁判所構成法など)の編集に当たり、”近代法の父”と呼ばれるようになりました
裁判	刑事	毎年、4000人に1人の割合で、国民が裁判員か、補充裁判員に選ばれて、職業裁判官とともに、刑事裁判に参加して、事実認定を行い、刑の重さを決めて、判決を言い渡すことになります
裁判	刑事	*1:この連載の目的は、「この公判に関心がありながら実際に傍聴に行くのは難しい方々に、そして(『Winny』に興味がなくとも)、刑事事件の公判とはどのようなものかといった疑問を抱かれるような方々に対して、情報を共有してもらえれば、などと考えて連載しています」というモノです
裁判	刑事	また、わが国が批准している国際人権(自由権)規約一四条二項は「刑事上の罪に問われている全ての者は、法律に基づいて有罪とされるまでは、無罪と推定する」と規定し、九条三項は「
裁判	刑事	本件において、もし駐留軍隊が国内に現存するという既定事実を考慮に入れるならば、国際慣行や国際礼譲を援用するまでもなく、この事実に立脚する刑事特別法二条には十分な合理的理由が存在する
裁判	刑事	近代刑事司法は、国家機関たる検察官に起訴および訴訟追行を独占させ、有罪立証は 検察官の責任とされ、被告人・弁護人がこれを弾劾するという二当事者対立構造をとっているが、被害者参加制度は、犯罪被害者等に「被害者参加人」という法的地位を与え、検察官の活動から独立した訴訟活動を認めることになる
警察	刑事	1刑事役のジョン・タトゥーロや(『バートン・フィンク』など)、ローマで女といちゃつくだけの役に、ジョン・レグイザモ(『サマー・オブ・サム』など)、・・・と友情出演がゴーカ過ぎる
裁判	刑事	国際社会の「望ましい解決策」は、「反撃」ではなく「制裁」を、「報復」ではなく「処罰」によってテロの連鎖を断ち、同時にテロ犯罪を「国際法廷」で裁くためにも「国際刑事裁判所」設立の必要性を強調しました
裁判	刑事	遺族の心情にも触れ、「医師に刑事罰を与えてほしいと本当に望んでいるわけではなく、真相を明らかにしたいのだと思う」と話し、医療事故の専門調査機関として“医療版事故調”が必要と繰り返し主張した
裁判	刑事	当番弁護士制度とは、刑事事件で逮捕され身体の拘束を受けている被疑者(容疑者)本人や、その家族からの申込みがあった場合に、弁護士が1回だけ無料で接見(身体の拘束を受けている被疑者や被告人に会うこと)し、法律
裁判	刑事	我々裁判官は、裁判員の方々と仕事をする中で、感覚のずれや足りないところがあれば学んで改め、共によりよい刑事裁判を実現していきたいと考えています
裁判	刑事	黙秘権の完備はもちろん、検察側が持っている情報を全部、被告側に教えなければならないなど、日本の刑事手続では考えられないほど、被告人の権利が保障されている(第55条、第67条など)
裁判	刑事	ここには公共事業という国民の税金でおこなわれる事業を食い物にしたという、それが刑事訴追の対象となるかいかんにかかわらず、けっして看過することはできない政治的道義にかかわる疑惑が提起されているのです
裁判	刑事	この三年間に一体何をどうつくっていくかが本当に大事なことなんだろうと思いますし、その意味で、法務省の方は刑事局長から是非、この三年間、どんなプランでこの裁判員制度の実施を迎えようとしているのか、最高裁の方も是非、この三年間、どんなプランを持って裁判員制度の導入まで臨もうとされているのか、それぞれ御答弁をいただいておきたいと思います
裁判	刑事	今回の司法制度改革審議会で1つの大きなポイントになった議論ですが、刑事事件のある一定類型、例えば重罪刑が予定されるような刑事犯罪について、有権者名簿から無作為に選ばれた普通の国民が事実認定に参加する裁判委員制度を数年のうちに実現しようと審議会で確認しました
裁判	刑事	憲法三一条の定める法定手続の保障は、直接には刑事手続に関するものであるが、行政手続については、それが刑事手続ではないとの理由のみで、そのすべてが当然に同条による保障の枠外にあると判断することは相当ではない
裁判	刑事	新司法試験択一における民事訴訟法・刑事訴訟科目において、(余裕で)8割とるべく、両科目の条文・定義から過去問等の検討に至るまで、○×形式を中心に、自己学習も兼ねて意味のある内容で配信
裁判	刑事	議員に対する刑事告発を歓迎した (Manila Simbun) ◆モールで女性が白昼に飛び降り自殺 2日午後3時50分ごろ、首都圏マンダルーヨン市の商業施設シャングリラプラザで、歯科医の女性(34)が6階のエスカレーターから飛び降り
警察	刑事	彼の来歴を調べたが、既に1981年に死亡しており、Wikipediaによると「水上勉原作の『飢餓海峡』の老刑事の演技で毎日映画コンクール男優助演賞を受賞するなど、シリアスな演技にも独特な味わいを見せた
裁判	刑事	刑事訴訟法(昭和23年法律第131号)以外の特別法により、臨検、捜索、差押え、告発等が規定され、犯罪の予防・捜査とも関連し、刑事司法手続に準ずるものと考えられる犯則事件の調査、私的独占の禁止及び公正取引の確保に関する法律(昭和22年法律第54号)違反の調査等や、犯罪の予防・捜査に密接に関連する破壊的団体(無差別大量殺人行為を行った団体を含む
裁判	刑事	) の組合員2名に対し、1名については仙台地方検察庁に対し詐欺罪、窃盗罪にて仙台地方検察庁に対し刑事告訴し、 1名については岡谷区検察庁に対し虚偽告訴罪にて刑事告訴をする予定と伝えられている
裁判	刑事	国際刑事裁判所の引渡しの請求に係る護送中の着陸があった場合における警察官による引渡対象者の拘束に関する手続を定める規則(平成19年7月19日国家公安委員会規則第14号) [条文見出し]
裁判	刑事	一般には全面的に自衛隊側に事故責任があるとされているが、刑事裁判および民事裁判では、双方に見張り不足があったが、自衛隊機側の責任がより重かったと判断された
裁判	刑事	● 柏村政府委員 この事件について、刑事事件としては今検察庁に送っておりまするので、その方で十分真相を究明していただくことになるわけでございますが、必ずしも裁判の最終の決定を待ってでなければ一つの行政的な措置がとれないというものではございません
裁判	刑事	科学的証明を求めたいけどそれじゃ先に進まないのから「可能なかぎり真相に近い事実(田口守一・刑事訴訟法[第四版補正版]17ページから)」を基本にしていって、という刑事訴訟法の実体的真実主義があります
裁判	刑事	死刑囚の結婚の場合、死刑確定後は面会が制限されるため、支援者が死刑囚(または死刑判決に上訴している刑事被告人)と結婚をして、配偶者や親族として面会することがある
裁判	刑事	ところが張強がある戯劇学院の学生で成績優秀であり、まもなく卒業し社会に出ること、また本人が自分の犯した行為に後悔の念を表していること、どのようなものであれ刑事罰を受ければ校則で除籍になること、そうなれば今年卒業する張某の将来は終了してしまうことなどを理由に、学校側は裁判所に処罰を何とか軽くしてもらうように頼み込んだそうです
警察	刑事	刑事さんの署に電話して、「この間は被害者だったのですが、現在は犯人になってしまって困っております」と事情を説明し、折り返し刑事さんから電話がかかってきたので、「本人確認として見せましたよね
裁判	刑事	日本企業は、「米国の消費者に影響が及ぶカルテル行為があれば、企業の国籍や謀議がなされた場所に関係なく、刑事責任を追及する」(ダビドゥー氏)という米司法省の姿勢に注意すべきだろう
裁判	刑事	刑事事件では、検察官・弁護人の両者から出される証拠に基づいて被告が有罪か無罪かを決め、有罪ならばどの程度の刑罰がふさわしいかを判断して判決を下す
裁判	刑事	いかなる形態であっても、当ホームページ上のコンテンツを無断で以下の目的に使用することは法律で禁じられ、違反者は、民事上および刑事上の責任を負い、起訴されることがあります
裁判	刑事	国民が刑事裁判に参加することで、裁判が身近でわかりやすいものとなり、司法に対する国民の信頼の向上につながることが期待されており、平成21年5月から実施されています
警察	刑事	ウィル・スミス演じるスプーナー刑事の人柄は近未来の刑事にしてはやたら下町っぽい感じですが、それもまたマニアックになりがちなSF映画というものを、エンターテインメントとして「見せる」のに一役買っています
裁判	刑事	昨年10月、殺人未遂罪などに問われた宮内被告の有罪判決が確定したのを受け、原告側は同被告の刑事確定記録を入手し、同日までに新たに証拠として提出
裁判	刑事	公訴時効制度を見直している法制審議会の刑事法部会が、殺人罪などの時効廃止を含む法改正の要綱骨子案を正式決定したことを受け、県警の山口仁納助刑事部長は、19日の定例会見で、県内で発生した殺人などの凶悪事件で、時効を迎えていない未解決事件が
警察	刑事	『機動刑事ジバン』はその独自の設定により、1982年から放映された『宇宙刑事ギャバン』などのいわゆる”宇宙刑事シリーズ”とは一線を画すところにあります
裁判	刑事	したがって、公務員にしてもし故意または過失があって刑事補償の規定しておりますような無実の結果があとで証明されたという場合には、刑事補償としても補償されますし、国家賠償としても補償されます
裁判	刑事	また、刑事裁判が確定していないのに、福井県公安委員会は、これまで行政処分を控えてきたのを急に方針を変更して、3月16日から30日間の営業停止処分をしてきました
警察	刑事	’刑事~’ 封切りを控えてカン・ドンウォンはスポーツ韓国とインタビューで “‘刑事’撮影で半年過ぎるように世間の視線で遠くなっているうちに私を去ったファンもいる
裁判	刑事	刑事部長から、平成20年11月18日に健康保険鳴門病院で発生した業務上過失致死事件については、所要の捜査を遂げ、平成21年8月20日、被疑者を徳島地検に送致した旨の報告がなされた
裁判	刑事	06年4月の懇談会の中間報告「上限金利を刑事罰上限の年29・2%から利息制限法の上限15~20%に引き下げ、2つの法律のグレーゾーン金利を撤廃する」という彼の(世間の)意向が自民党によって否定された
警察	刑事	“デラックスビートゴウラムセット”のCMの中に「五代雄介と一条刑事をいつまでも忘れないでね」というテロップを入れてくれたり、雄介のセリフを「見てて下さい、オレの変身
裁判	刑事	刑事法学の学際化・国際化が急速に進むなかで、「刑事政策」は、刑事立法・刑事司法過程・人権論など刑事法の総合的科学的分析がいっそう求められる「場」(=学)なのである
警察	刑事	25歳の女性ピアニストが巻き込まれたトラブルの解決に、片山刑事らが奔走する〈三毛猫ホームズ〉シリーズの「三毛猫ホームズの殺人協奏曲」、〈天使と悪魔〉シリーズの「天使の寄り道」、〈三姉妹探偵団〉シリーズの「晴れ姿三姉妹」、〈幽霊〉シリーズの「マザコン刑事の大晦日」と、赤川次郎の人気キャラクターが一冊に大集合
裁判	刑事	バックデートをしてキャッシュフローのない利益を計上し、それを許した経営陣と監査法人そして当該企業が、マスメディアから糾弾され、上場を廃止され、場合によっては刑事責任を問われることが、「死ね」や「リンチ」になるとは思えません
警察	刑事	それから間もなく、私の家へも刑事がやって来て、寺田さんのことを 私達と懇意になった初めの頃からのことや寺田さんの平素のことなどを妄かく聞き誕した上に、もし寺田さんが姿を見せたらすぐに届出るようにと言い置いていったそうである
裁判	刑事	断片的なマスコミ報道ではわかりにくい刑事事件の捜査・犯人逮捕・起訴の流れや刑事・民事、その他さまざまな裁判のしくみ、判決に至る過程等をやさしく解説
裁判	刑事	3 人格のない社団等について第一項の規定の適用がある場合には、その代表者又は管理人がその訴訟行為につきその人格のない社団等を代表するほか、法人を被告人又は被疑者とする場合の刑事訴訟に関する法律の規定を準用する
裁判	刑事	裁判員制度は、国民が裁判員として刑事裁判に参加し、被告人が有罪か無罪かの事実認定や法令の適用、有罪の場合の刑の量定を裁判官とともに決める制度です
警察	刑事	昨日のコーデだよ☆トップス:BABY DOLLボトム:Boomy Roomy寝ちゃった息子ちゃんに遊んじゃいました夏男ごめんねー昨日のうぬぼれ刑事も面白かったなーー次回も楽しみ☆ [続きを読む]
裁判	刑事	裁判は国民のものであるという基本原則に基づいて、「疑わしきは被告人の利益に」という刑事裁判の原則を確立し、国民の良識に基づいた刑事裁判を実現するために「裁判員」制度の導入が提案されたのである
裁判	刑事	注意することは注意するということをこれからも続けていかなきゃなりませんが、乱暴な議論かもしれませんが、刑事訴訟法には、公務員の皆さんは、職務に当たって犯罪だと思料することがあったときは告発しなきゃいかんという義務規定があります
警察	刑事	彼は「スピン・シティ」以前に現在スーパーチャンネル放送中のバリー・レビンソン製作制作総指揮の刑事ドラマ『ホミサイド/殺人捜査課』に犯人役でゲスト出演しており、アンドレ・ブラウアー(「シティ・オブ・エンジェル」)演じるペンブルトン刑事と対決している
裁判	刑事	組合活動への攻撃である、大正健二理事・弁護士による刑事告訴・損賠訴訟に対して、大阪労働者弁護団はさっそく教育合同名誉毀損訴訟弁護団を結成して答弁書を作成した
裁判	刑事	寄付金領収書偽造の東北文化学園大学の時には新日本監査法人は処分を受けた会計士をすぐ退任させましたし、あまりに不注意ではありましたが、およそ刑事事件になるような案件ではありませんでした
裁判	刑事	(当時の刑事訴訟法では、裁判で使われる調書類はすべて直筆の署名がないと無効になった)申立書が無効という事実は東京側弁護団や被告には知らされていなかった
裁判	刑事	しかし、上告理由が相当で、元の判決をひっくり返さないといけない場合は、最高裁で口頭弁論(刑事訴訟では「公判」と呼ぶ)を開いて、双方の言い分を聞く必要があります(民事訴訟法319条、刑事訴訟法408条)
警察	刑事	そしてその医師がシセモノであったことから刑事が捜査に入り、聞き込みをするたびに過去が暴かれていくシーンをダブらせてその村で起こったことが映しだされる
警察	刑事	新宿署の刑事、城島:【ストーリー】新宿を仕切るやくざと手を組む中国マフィアと、それに刃向かう若きギャングたち、検挙を狙う刑事の姿を描く極道ニューウェイヴ
裁判	刑事	○梶木政府参考人 刑事収容施設及び被収容者等の処遇に関する法律のもとでは、受刑者に対しまして、作業のほかに、本人に必要な改善指導を受けることを義務づけております
裁判	刑事	民事訴訟においても名誉毀損の不法行為が成立するであろう(もちろん刑事訴訟の結果が民事訴訟における判断を拘束するものではないが、ここでは、刑事訴訟と民事訴訟とで「真実性」の判断については一致する場合だとして議論している)
裁判	刑事	ヨーロッパでは広く採用されていると言われており、我が国の旧刑事訴訟法でも採用されていたが、訴訟が複数になることから、戦後の刑事訴訟法改正で廃止され、法体系では犯罪を裁く刑事裁判と私人間の争いを判断する民事裁判とは厳格に区別されている
警察	刑事	それに、突出しているのはキャラクターだけで、ストーリーも、 凶悪なサイコキラーを追う優秀な刑事が、サイコキラーに気付かれ愛するものを おとりにおびき寄せられる、って『レッド・ドラゴン』を始めとしてどこにでも ある話なんだよね
警察	刑事	今後こういったブログや掲示板での活動は、ある日突然数名の刑事さんに玄関のドアを叩かれるなどといったことにならないように、お互いに十分に考慮を要するものと思います
裁判	刑事	ソウル中央地検刑事4部(李鴻勳部長)は兵庫県の鶴林寺の宝物館に保管されていた時価10億ウォン相当の高麗仏画阿弥陀三尊像などを盗んだ容疑(特殊窃盗)で、13日、金容疑者(55)とファン容疑者(53)を拘束起訴した
警察	刑事	ジョン・マクレガー刑事(ブルース・ウィリス)が休暇で家族と共に来日して、京急に乗った途端に国際テロ組織と鉢合わせしてダイハードなトレインアクションを展開されるおKQ
裁判	刑事	今年からスタートした裁判員裁判の実態を踏まえ、そこで確認された裁判員制度の意義と課題をもう一度検証し、これから裁判員として刑事裁判に参加する市民の方々に、裁判員裁判の現状を認識してもらうことを目的として実施する
警察	刑事	また近年は、「ケータイ刑事・銭形シリーズ」、「恋する日曜日」などTVドラマの脚本にも進出、2008年には初の監督・脚本映画「memo」を公開した
裁判	刑事	人格のない社団等について前項の規定の適用がある場合においては、その代表者 又は管理人がその訴訟行為につき当該人格のない社団等を代表するほか、法人を被 告人又は被疑者とする場合の刑事訴訟に関する法律の規定を準用する
警察	刑事	この時期の彼女はスケバン刑事の大ヒットでまさに飛ぶ鳥を落とす勢いで人気があった時期であり体中擦り傷になりながらも常に笑顔を絶やさず持ち前のガンバリ精神でスタ−への階段をどんどん上り詰めていた時に発表された作品であるために内容的には全体に勢いがあり今聴いても古臭さを感じさせません
警察	刑事	手旗信号のクセをもつ刑事、ハンカチで全てをぬぐわないと気のすまない刑事、心を閉ざした新聞記者の、下ネタばかり書き付けた小さな手帳、トシのさむいギャグ、テレビで重大な犯罪事件を報道しているときにセックスをする人たち、犯罪者に同調してその格好を真似する人たち、ヒグマドンを信仰する人たち・・・
裁判	刑事	ICPO(国際刑事警察機構)の調査を引用したサイトによれば、日本以上の検挙率をあげている国は、ほとんどが人口10万人以下の小国であることが分かります
裁判	刑事	慰謝料請求訴訟等の民事訴訟を提起する事を【提訴】、刑事事件の被害者が警察官または検察官にその犯罪事実および被害事実を申告して起訴を求める事を【告訴】
裁判	刑事	また逮捕されるという事は起訴がほぼ必至であり、裁判にてもし有罪となればこれが判例となり、今後の出産についての刑事罰の基準になる事に留まらず、他の診療科すべての医療に深刻に影響するという事です
警察	刑事	また、エリートながら異端児的な刑事役の竹野内は「今までは眉間に皺を寄せる思いつめた刑事役が多かったけど、今回は笑えるシーンもあるので、眉間に皺を寄せないように気をつけています」と笑わせた
裁判	刑事	一審・大阪地裁、2審・大阪高裁とも、被告が立会人なしで弁護人と接見できることを定めた刑事訴訟法39条は憲法に由来し、接見内容の秘密を保障していると指摘
裁判	刑事	わざわざ条例で罰則をうたわなくても、そうした取り組みを含めて公共物の毀損等については今の刑事で、いわゆる刑罰の中で、条例でうたわなくてもできることがあるわけですね
裁判	刑事	この事件は悪名高い治安維持法と特高警察が幅を利かしていた1942年頃に発生した事件で、密室での拷問で調書が作成され、裁判もそれを認定した冤罪事件のようで、約68年ぶりに被告側の冤罪主張が「刑事補償」という形で一部認められたのである
裁判	刑事	2 前項の規定に基き、退去強制令書が発付された場合には、刑事訴訟に関する法令、刑の執行に関する法令又は少年院若しくは婦人補導院の在院者の処遇に関する法令の規定による手続が終了した後、その執行をするものとする
裁判	刑事	第九十二条 労働基準監督官は、この法律の規定に違反する罪について、刑事訴訟法(昭和二十三年法律第百三十一号)の規定による司法警察員の職務を行なう
裁判	刑事	これが公になって刑事事件になったわけでございますけれども、既に時効を迎えておりまして立件がされず、民事裁判によります加害者と区に対する損害賠償請求訴訟が起こされておりました
裁判	刑事	第5条 組合員が独自で一部の特定業者との間に不正利益を得た事によって刑事訴追を受けた場合は、開発によって得た利益の一部を返還することとし、その決定は組合の議決によって決定する
裁判	刑事	正当性に重大な疑念がある誠に疑念がある村上先生の刑事裁判は最高裁で懲役二年二月の実刑と確定し、収監は五月十五日午後一時半と東京高等検察庁から通知が来ていた
裁判	刑事	このような状態になると、これを「もみ消す」か、事業に重大な影響を及ぼす可能性がある事項として公表するか、刑事事件化するかいずれかを選択せざるを得ず、どちらに転んでも社会的信用の失墜は避けられません
裁判	刑事	公取委の捜査前にカルテルの存在を公取委に自主申告した最初の会社は課徴金を免除し、同社および、公取委に全面協力した同社の従業員をカルテルに係る刑事告発から除外する
警察	刑事	その時、寺の外から内部を伺っていた、尾行してきた刑事の指令により、警官隊の一行が攻め込んで来た、もとい、強制捜査に踏み込んで来たが、写楽の操作する七ふしぎのカラクリ仕掛けにより、撃退されてしまう
警察	刑事	万一に備える為に未だ浅田方の警戒をゆるめないで、油断なく眼を配っていた渡辺刑事は今朝から何回となく時計を眺めながら、十時の近づくのをソワ/\として待っていた
警察	刑事	藤田まことの「はぐれ刑事」シリーズだと、刑事課の課長(メガネの男)は、藤田や(奇しくも「さくら署」にも出演している)岡本麗の上司にもかかわらず、二人に対する三枚目という位置付けが貫かれていました
裁判	刑事	「(刑事補償の審理において無罪が決定され、)規定のとおり公示されれば、再審の無罪判決の公示の場合と全く同視することはできないにせよ、一定程度は免訴判決を受けた被告人の名誉回復を図ることができるものと考えられる」
裁判	刑事	裁判権を有する刑事事件に関しては被告人に異議がないときに限り検察官の請求に基づき証拠書類の調査のみで100万円以下の罰金又は科料を科すことが出来ます
警察	刑事	これは、明治時代、刑事は警察官の制服ではなく角袖の着物を着ていたことから、盗人仲間の間で「かくそで」の倒語で「そでかく」から一部抜き取って隠語で「でか」と呼ぶようになったのが、一般に広まったものである
裁判	刑事	2009年3月26日、ダルフールでの戦犯容疑で3月4日国際刑事裁判所 (ICC) から逮捕状を出されているバシール大統領は、リビアを訪問し、アフリカ連合(AU) の議長でもあるカダフィ大佐と会談した
裁判	刑事	そもそも法科大学院における教育目的が何なのかは、必ずしも明らかではないが、少なくとも筆者が法科大学院で受けた教育内容から判断すれば、今回のサンプル問題は、それらを踏まえつつ、「民事訴訟実務、刑事訴訟実務、及び法曹倫理の基礎的素養が身についているかどうかを試す出題」としてふさわしい内容であるといえよう
裁判	刑事	1性暴力犯罪中、親告罪に対しては刑事訴訟法第230条(告訴期間)第1項の規定にかかわらず、犯人を知るようになった日から1年を経過すれば告訴できない
裁判	刑事	その温床は米軍基地の存在そのものですが、日米政府が〝重要である米兵犯罪のみ裁判権を行使する〟すなわち刑事裁判権を放棄し、日本の法律では処罰しないとの密約をしていました
警察	刑事	と考えたり、狭い空間の中、初めての体験で頭の中が真白になり、(中略)私は小さい時から、気持ちが弱いため、刑事からどなられたりすると、ビクビクするのでした
裁判	刑事	違法性の錯誤と判例推移の考察/事実性の錯誤と判例推移の考察/殺人罪傷害罪及び堕胎罪/行政犯と犯意および過失/刑事訴訟法の改正と上訴審について/恐喝罪と賄賂罪/自己の刑事被告事件における偽証教唆/ほか
警察	刑事	友人と一緒に鑑賞したのですが、凛子さんが刑事に「お母さんは、ベランダから落ちた」って嘘をついて、役所さんが「妻は拳銃で頭を撃ち抜いたんだよ」って話した場面で「なんで、凛子は刑事に嘘言ったのかしらね~」なんて話していたの
裁判	刑事	先生の本『人と同じじゃ意味がない』(創文刊)にへびの夢のことが書いてあり、刑事事件にまきこまれないように、2・3日は特に車の運転に注意して、何事もおきませんでした
裁判	刑事	裁判は、大阪弁護士会所属の後藤貞人弁護士が01年、大阪拘置所(大阪市都島区)で接見中の被告に、刑事裁判の証拠品のビデオテープを見せようとしたところ、拘置所職員に拒否されたことをめぐって起こされた
裁判	刑事	% M' h1 v) ~ 落ち着いた樣子でさう言ふと、ソオルの話を聞きながらも一方上役のゼッテルクイスト刑事部長を電話口へ呼び出して、グスタフソンは事件の概略を報告しこれから現場へ出掛ける由を傳へた
裁判	刑事	威張り散らしているし、警察は民事には介入できないし、そのことで何かされたとか、暴力を振るわれたとかなら刑事事件として扱えるけど、身内同士なんだからっていわれてしまったし
裁判	刑事	「2時間ドラマの帝王」という異名をとり、数多くの作品で刑事役を務めてきた船越さんは「原作の笹垣とは若干違う、テレビドラマとも違う、なにものにもとらわれない映画の中の笹垣像を演じられればと思っています
裁判	刑事	2006年4月の第一審ではデュブッフの法人に対し、15万ユーロの罰金刑を求刑し、さらに、刑事追訴された醸造所責任者シルヴァン・ドリーのAOC法違反に関しては、6ヶ月の執行猶予と4万ユーロの罰金刑が求刑されている
警察	刑事	前作の若手刑事マックス役のヴァンサン・カッセルものびのびした長身のハンサムだが、レダ役ブノワ・マジメルも『タクシードライバー』の頃のデニーロの面影をちらりと持った男前である
裁判	刑事	付け替え時の鉄道本部長だった山崎正夫前社長(66)も業務上過失致死傷罪で在宅起訴されており、JR西日本になってから6人中4人のトップが刑事責任を問われることになる
警察	刑事	シカゴの刑事フランクが弟を殺した犯人を追い、休暇を取ってまでワルシャワに飛ぶと、たまたま知り合った医師レムが組織犯罪に関わっていることを突き止め
裁判	刑事	経済産業省が迷惑メールの広告主に対する懲役刑や罰金などの刑事罰を新設するために、特定商取引法(特商法)の改正案を提出しようとしているというニュースが流れていました
裁判	刑事	これによって主要キャラが3人(被害者、刑事、殺人犯)から4人(女刑事、刑事、被害者、殺人犯)へ変わり、中原さんの交友関係から刑事=渡洋史氏、被害者=英由佳嬢という勿体ない程豪華なキャスティングが実現する
裁判	刑事	しっかし国選弁護人というのも、刑事事件を担当してこうして一回の公判あたりに税金から(定かではないが)約6万円の身入りとなるらしいが、国選は弁護士会内部での順番で、着手事件などは選べない輪番制だけれども、この裁判のように『3ヵ月に2回のペース』となると家計もラクではなかろう
裁判	刑事	罪を犯した刑事事件の弁護人というのは、罪を犯した被告に道理を説くのが仕事の1つとも思えるのだが、この弁護団にとって被告は死刑廃止のための道具に過ぎないのだろう
裁判	刑事	我が国裁判所においては、日本語を用いることとされており、刑事訴訟法上、刑事裁判において、国語に通じない者に陳述させる場合には、通訳人に通訳させなければならないとされ、その場合、通訳人は、裁判所に対し、旅費、日当、通訳料等の請求ができ、その支払いは国庫からなされる
警察	刑事	来る6月19日公開される『カン・チョルジュン』は『公共の敵』人気キャラクター刑事カン・チョルジュンを全面に立てた作品で、前編に引き続きソル・ギョングが出演、特有のエネルギーとユーモアをプレゼントする
裁判	刑事	宇都宮市の発砲立てこもり事件決着を受け、家宅捜索を行った神奈川県警の安森智司刑事部長が20日記者会見し、市民生活に大きな影響が出たことについて「住民にとっては降ってわいたような災難
裁判	刑事	争議行為は使用者が嫌悪するものであり、国家も争議行為をしたことで刑事罰 ・民事賠償を求めることを禁止しているにすぎず、これを奨励することはない
裁判	刑事	そこで、かような場合は、刑事訴訟法24条を類推適用して、25条の適用を排除して、当該裁判官自身が申立を却下しうると解するべきである(簡易却下、百選I10)
警察	刑事	この名前には、テレビの刑事コロンボのように、相手の自尊心を傷つけることなく症状に関する論理的誤りを探り、患者さんに気づいてもらうという意味が込められています
警察	刑事	早い話が「刑法」の適用される事件という意味だが、どうしても「地味な背広姿で二人一組になって訊き込みに回る“刑事”さんがうろちょろする事件」という印象が強いのは、一頃ひところ週に何本もTV放映されていた「刑事ドラマ」の影響でもあろう
裁判	刑事	(注)上記同日、公正取引委員会より同件で排除勧告を受け、応諾した38社のうち上記33社を除く5社については、独占禁止法違反の疑いで刑事告発等されたことをもって既に指名停止措置済みである
警察	刑事	この妄想を辻褄の合わないなりに続けていくと、すごくほんわかのんびりした一係ができてしまいますが、不勉強の結果まだまだ知らない刑事も存在する海ですので、この辺で留めておきたいと思います
裁判	刑事	インサイダー取引は刑事罰を含む法律違反であり、市場取引のルール違反と言えるが、市場の銘柄の値動きとファンダメンタルズの関係から見ても、内部情報を一部の人間が握り、売りぬいているような事例は、結構あるように感じるのも正直なところ
警察	刑事	「チャンス」では、京二は頭でもおかしくなったのだろうかと保又が呟いていたが、たまたま事情聴取でやって来ていた刑事(誠直也)が、京二もパトカーに車ごとぶつかって死亡したと教える
裁判	刑事	刑事被告人(商法の特別背任容疑)として法廷に引き出され、民事でも損害賠償責任を問われる結果となったが、世論が求めたもうひとつの責任−信組破綻の道義的責任−についてはまんまと逃げ切ったのである
警察	刑事	先日から謎だった吉沢悠くん&へなちょこ刑事くん(D×Dでの)出演のドラマのタイトルがやっと分かりました(*^^*)フジTVの「セミダブル」のようです
裁判	刑事	日本では裁判は公開で行われていると思われていますが、刑事事件の裁判記録は、最終的に裁判所ではなく検察庁で保管されることになり、一般の人がこの記録を閲覧するためには、検察庁の許可が必要になります
裁判	刑事	フェミニズムが「女性の眼」によって指摘する性犯罪裁判における問題点は、刑事司法システムが、男性中心主義の価値観に依っているのではなく、「被害者疎外」のシステムであること、及び、女性の「権利」一般を保障するよりも個々の被害者の広い意味での「被害」を個別に扱おうとする刑事司法の姿勢によって、現出してきたものであるといえるのではないだろうか
裁判	刑事	四 拘置監 刑事被告人、拘禁許可状、仮拘禁許可状又は拘禁状により監獄に拘禁した者、引致状により監獄に留置した者、及び死刑の言渡を受けた者を拘禁する所とする
裁判	刑事	州の刑事訴訟法により、連邦捜査局か市警察学校で銃器訓練を受け、市警察から銃器許可を受けたシティ・マーシャルはピースオフィサーに分類されているものの、市は州のマーシャル認定を求めていないため、ピースオフィサーとはみなされていない
警察	刑事	【ストーリー(あらすじ)】 中国・雲南の小さな街に住む女性刑事・安心( ヴィッキー・チャオ )は、恋人・鐵軍( 陳建斌:チェン・ジェンビン )との結婚に迷いを感じていた
裁判	刑事	そんなものより、事実関係を明らかにしてほしい」と怒りをあらわにし、来週には国際刑事裁判所(ICC)にミャンマー政府を提訴するよう日本政府に要請する予定であることを述べました
裁判	刑事	偽証認定もさることながら、実はこれも無視できない問題で、この3テーマで、地方公務員法違反なり法令を問うて刑事告発できるかどうも大きな焦点になるでしょう
裁判	刑事	ただし、日本は起訴率が低いので、ほとんどの刑事事件を起訴する国と無罪率を単純比較できるわけではないが、逮捕状発行のハードルが低いことも合わせて有意な比較が可能である
裁判	刑事	さらに、法務大臣は、毎年、委員会が刑事施設の長に対して述べた意見及びこれを受けて刑事施設の長が講じた措置の内容を取りまとめ、その概要を公表することとなっています
裁判	刑事	もともと、刑法などの刑事ルールと民法などの民事ルールの2種類で世の中の秩序は保たれていたわけですが、社会が複雑になると、この2種類のルールではなかなか秩序が保てなくなって行政ルールというのができる訳です
裁判	刑事	つまり、調書のつくり方に無理がある場合もあって、それを争うのが刑事裁判だというふうにしませんと、警察官や検察官がつくった調書がすべてそのとおりでございますと言うのだったら裁判は要らなくなりますから
警察	刑事	そのキャリアをめぐって、矛盾する点を問われると、肝心な部分を常にボカシているため、今まで週刊朝日や週刊現代誌上で、彼の実像を疑問視する本物の元刑事らによる追求記事も、幾度か組まれたのをご記憶の毒者諸兄も多かろう
裁判	刑事	憲法第三十七条一項「全て刑事事件においては、被告人は、公平な裁判所の迅速な公開裁判を受ける権利を有する」の中の「公平な裁判所」が裁判員制度でも「公平な裁判所」といえるかどうかが問題になっています
警察	刑事	2010年7月16日(金) 21時55分 BS朝日開局10周年を記念して、俳優・柴田恭兵主演で元敏腕刑事の定年後の生活を描くドラマ『刑事定年』が10月より放送されることが分かった
警察	刑事	個人的には「刑事コロンボ」のテーマ曲が大好きで ( 厳密に言うと、「刑事コロンボ」は米NBCのミステリーシリーズ枠の1本で、 NHKによる日本での放送時に使用されたあのテーマ曲はこのシリーズ枠共通のものだった )、 ずいぶん苦労してCDを手に入れたおぼえがある
裁判	刑事	何があろうと、死刑制度を残すための活動を政治家に望みます、凶悪事件を起こした犯人は、死をもって償うことを戒めとして教育させるべき、自分は神戸のじゅん君殺害をした少年にも、おとなと同じ捌きを受けさせること、刑事事件と扱い、死刑を宣告してもいいと思います
警察	刑事	刑事たちが運転手の車に追いつきその無謀を諭していると、突如不安をかきたてる電子音が鳴り響き、木村功が「ボースン、子供がいない」と叫ぶシーンは何度見てもシビれる
警察	刑事	他の短編のプレイヤーは「逃亡犯と刑事」「スパイとスパイ」「泥棒と絵の所有者」「会社の上層部といち会社員」であり、ゲームの利得構造は負ければ必ずどちらかが損をするという構造になっている
裁判	刑事	大阪府摂津市は18日、犯罪被害者や遺族となった市民が被害者参加制度に基づいて刑事裁判に出向く際、裁判所までの旅費を補助する制度を新設すると発表した
警察	刑事	ツルハシ星警察も、目撃者で宗主星の刑事でもある人物が、自分自身の証言に疑問をもって、とうに解決している事件をかぎまわっているなんて知ったら驚くよ」
裁判	刑事	刑事裁判では、罰金の場合はともかく、懲役刑求刑の場合、求刑より1~2割り軽い判決が出ることが比較的多いですが、これは検察官自身もいわば「想定内」で、求刑の1割引や2割引の判決が出たぐらいでは、検察官本人も特に不当とは感じていません
警察	刑事	) 「刑事物語 山びこのうた」 (だったと思う) 群馬県 JR後閑駅踏み切り(古馬牧小学校側)前に古い2階建てのアパートがあるのですが、その2階にヒロインの姉妹が住んでいたという設
裁判	刑事	刑事訴訟法47条が原則非開示を定めているためだが、小法廷は「開示を拒否した検察側の判断に裁量権の逸脱や乱用があれば、裁判所は文書の提出を命じることができる」と初の開示基準を示した
裁判	刑事	本件については貴殿を加害者、被告訴人として既に司法および行政当局に告発し、刑事告訴、民事訴訟を準備しておりますが、当該記事およびコメントの削除、私に対する謝罪が速やかに行われた場合、一定の宥恕を考慮することもあり得ることを申し添えます
裁判	刑事	そしてこの行政罰と刑事罰の適用については、同一の知的財産権侵害行為については、被害金額や個数の多寡によって適用範囲が規定されており、まさにこの適用範囲を画する基準(「刑事訴追基準」)が司法解釈によって規定されております
裁判	刑事	東京高裁は「事実解明に協力し、贖罪の気持ちも顕著だが、悲惨な結果をもたらした地下鉄サリン事件では、散布役と同等の刑事責任がある」と指摘、無期懲役とした1審判決を破棄し、求刑通り死刑を言い渡した
警察	刑事	ベテラン刑事は目撃証言の確認をとったり捜査会議で忙しく、新米の刑事が電話で確認をしていたのだが、思いのほか時間がかかり、最後の1軒が夜遅くの電話となってしまった
警察	刑事	学園モノ、刑事モノ、サスペンス、パロディ、本格推理と発表するごとに作風が変化する東野圭吾作品は素材にも工夫が凝らされており、『変身』では「脳移植」、『パラレルワールド・ラブストーリー』では「記憶」、そして本書では「性同一性障害」と常に新しい事柄を題材に取り入れ続けている
警察	刑事	敏腕刑事役のウェズリー・スナイプス、女性警護官役のダイアン・レイン、大統領の側近にアラン・アルダなど、役者の格が『ザ・ターゲット』とはそもそも違う
裁判	刑事	『破戒裁判』発表のためには刑法、刑事訴訟法の研究に半年間を費やし、裁判所の見学も怠らなかったという故・高木彬光氏は、その後も『誘拐』『追跡』といった法廷ミステリの傑作を生み、いわゆる「丸正告発裁判」の特別弁護人として法廷にも立ったほどの人である
裁判	刑事	国民的基盤強化、として行われるもので、"刑事訴訟手続 に関与する"ことが、"司法に対する国民の理解の増進とその信頼の向上に資する"(裁判員の参加する刑事裁判に関する法律)と、されています
裁判	刑事	【座間味】仲村三雄村長に対し、高良豊助役の刑事告発、もしくは辞職勧告を促した座間味村行財政調査特別委員会(百条委員会)の報告は、長年に及ぶずさんな公金管理の在り方、不透明な行財政運営を問うものだった
警察	刑事	「銭形海」役の「大政絢」はそれまでの「ケータイ刑事」が「カワイイ系」だったのに対し、「加藤あい」や「柴咲コウ」系の「スラッ」とした「キレイ系」
裁判	刑事	民事再生手続き中のFMラジオ局「Kiss‐FM KOBE」(神戸市中央区、キッス社)は23日、金融業者から借り受けた600万円を着服したなどとして、前社長の相田勲氏(50)と元執行役員の今野郁男氏(55)の2人を、業務上横領容疑で刑事告訴すると発表した
警察	刑事	織田裕二さん扮する青島刑事が係長になって戻ってきた、という 『踊る』ですが、 相変わらずのありえない出来事も何のそので 新キャラも増え、さらにパワーアップした感じですね
裁判	刑事	加えて、被告人らが約八〇〇万円もの情報料を得ていること、被告人が本件犯行を含む事業に多額の金銭を出捐し、犯行に不可欠の準備行為を分担するなど本件犯行全体の中で相応の役割を果たしていることなどの諸事情をも併せ考えると、被告人の刑事責任をゆるがせにすることはできない
警察	刑事	確かに現実の警察は男性社会ですが、これだけ女性が社会で活躍している今、女性たちがメーンになった刑事ドラマがあっていいのではと思い企画しました」と語る
裁判	刑事	この条文で直接に成長発達権を保障するものと考える意見も多いが、違反しても、刑事・民事および行政責任が一切課せられないため、一部の週刊誌などでは実名が掲載されることが多々ある
裁判	刑事	もう少し踏み込んで言いますと、私は、刑事訴訟法321条1項2号書面をどうするのかという課題にまでなってくるというふうに思いますけれども、しかし、まずは、この原則、あるいはコンセプトといいましょうか、直接主義、口頭主義の実質化ということについて、裁判員制度の導入と相まって、この原則は曲げないで、刑事訴訟法の体系を再検討するについてはそういう観点からやるべきだと思いますけれども、いかがですか
裁判	刑事	はじめに/刑事訴訟法三〇一条の趣旨/「犯罪事実に関する他の証拠」の意義/自白の取調べ請求時期に対する制限/三〇一条違反の法的効果/冒頭手続における被告人質問/むすびにかえて
裁判	刑事	非常上告(ひじょうじょうこく)とは、日本において、検事総長が、最高裁判所に対して、刑事訴訟における確定判決について、その事件の審判が法令に違反したことを理由としてその違法の是正を求める申立てである(刑事訴訟法454条)
裁判	刑事	しかし、裁判員制度の導入を定めた「裁判員の参加する刑事裁判に関する法律」だけは、それが、いかなる社会的要請のためのものであるのかがよく分からない
裁判	刑事	このような障害を回避し、刑事手続きや共助を円滑に進めるためには、個々の事件の際に適切な対応を図ることはもちろんのこと、予め関係国間で手続き面の整備をするとともに、関係者が国際的な犯罪への対処方法や共助に関する知識や技能を身に着けられるよう教育・訓練を行なう必要がある
裁判	刑事	「福島県立大野病院事件」などの医療刑事裁判の影響で、患者と医療者の溝が深まったとの指摘もある中、医療者と患者の関係についてのやり取りを紹介する
裁判	刑事	「今回の検察審査会の記録なんかを読んでみても、検察の役割というのかな、刑事裁判というのは一旦起訴すれば、検察側というのは合理的疑いを入れないまでにちゃんと具体的に有罪を立証しなければ有罪に出来ないというやっぱりその刑事裁判の原則みたいなものがどの程度ちゃんと説明を受けていたのかなという気持ちもするんですよね
裁判	刑事	その関連会社「アイ・ディ・テクニカ販売」(破産手続き中)の原口浩一・前社長(=写真右の人物)を、埼玉地検特別刑事部は18日に法人税法違反(脱税)で在宅起訴をした
警察	刑事	一般人を誤射したショックから拳銃が撃てなくなったり、犯人にヘロイン中毒にされたりと、刑事としてはまだまだ半人前であるが、大門や谷によって指導され、刑事として一本立ちしていこうとする
裁判	刑事	即決裁判制度、被疑者の国選弁護人等、最新の刑訴法改正はもちろん、平成18年刑事訴訟規則改正等にも対応し、平成18年末までの最新重要判例も網羅する
警察	刑事	たまたまその場に居合わせて事件に巻き込まれた親友の芹沢うららと刑事の周防克哉、JOKERの正体を知っているという盗聴バスター・パオフゥと共に、JOKERの行方を追いかけていく
裁判	刑事	免訴の実質的根拠は訴訟条件が欠けていることに求められ、現行の刑事訴訟法は、337条において以下の事由を免訴事由に挙げており、これは、旧刑事訴訟法の免訴事由を踏襲したものである
裁判	刑事	本件犯行は動物の命を弄び軽んじた悪質な犯行であり、その社会的影響も大きく、動物の愛護及び管理に関する法律の立法目的に照らせば、被告人の刑事責任は決して軽くない
裁判	刑事	本件では被告人の責任能力及び訴訟能力について争われたが、刑事手続きにおいて自己の置かれている立場をある程度正確に理解し、自己の利益を防御するために相当に的確な状況判断をする事ができる
警察	刑事	『刑事コロンボ』で知られるピーター・フォークや『姉のいた夏、いない夏』のブライス・ダナー、『ショート・カッツ』のライル・ラヴェットら演技派俳優が集結し、悲しみに暮れながらそれを必死で乗り越えようとする難役を見事に演じた
警察	刑事	バツイチ女刑事vs相棒の中年刑事が追う時効が廃止・延長されて間もない今 未解決事件を扱う『警視庁継続捜査班』の活躍を描く 【キャスト】 貴志真奈美
裁判	刑事	こういう橋下知事に対して、全国から300人超の人達が「刑事弁護と弁護士会の社会的品位をおとしめた」と彼の所属する大阪弁護士会に懲戒請求が掛けられました
裁判	刑事	電話帳に出ている電話は一階の一台だけだと知ると、それに盗聴装置を設置した戸倉警部は、今まで、誘拐犯の要求金額は、20万〜200万程度が普通であり、今回の3000万と言うのは桁違いだけに、犯人は何を考えているのか分からないとが、必ず子供を無事に取り戻すよう、刑事部長から命じられて来ていると権藤夫婦に伝える
裁判	刑事	全てもう、刑事事件にしてしまいますからね」「ただ、最終、最後の判断というのは、裁判所に」「裁判所はね、もう、これだけのことを起こしてね、平然としてますから、(知らない)と
警察	刑事	映画「トレーニング デイ」について: 血気盛んな新人刑事が老練なベテラン刑事の指導 の下、様々な経験を積むなかで次第に想像もしていなかった事態に巻き込まれていくさま を描いた異色の刑事ドラマ
裁判	刑事	去る8月23日、区長は、職員が区の情報を区民が開いているインターネット掲示板に書き込んだことを地方公務員法34条1項に違反するとして、刑事訴訟法により、被疑事実にかかわる秘密漏出行為を行った中野区職員を警察に告発しました
警察	刑事	バーチャル警察は刑事ドラマの延長で、様々な事件に対して2人の警察官が立ち向かうというもので、ドラマの他に推理小説なども参考にしながら劇を進めていった
裁判	刑事	刑事罰に対する恐怖があり、それなら我々は何もしたくないということになってしまっている現状を変えるために、先進国でやっている医療事故に対して刑事罰が適用されず、業務上過失致死ということはありません
警察	刑事	出所したばかりの所を組織から狙われたレジーは、しかたなくハミ出し物の刑事・ジャックと再びコンビを組み、麻薬組織のボス、アイスマンを追う事になる
警察	刑事	当時からあんまり頭がよろしくなかったのだが、『刑事コロンボ』の知的なドラマを観る、あるいはトリックを理解することで、なんとなく自分が頭が良くなった気分になったことを覚えている
裁判	刑事	所沢中央自動車教習所支部は、現在、民事再生法の適用を申請し、所沢中央自動車教習所の金の所在と流れをつかみ、吉村社長の刑事責任についても追求するたたかいを行っています
警察	刑事	1939年の秋頃から「半島係刑事」が主要炭鉱に派遣されたが、常磐・入山の両炭鉱には、朝鮮の中学校を卒業した「半島通」が2人配置され、警備は厳しかった
裁判	刑事	P2Pソフトの開発者が権利者側から民事訴訟を起こされた例はあるが、「著作権法違反をほう助した」などとして刑事事件の対象になるのは世界的にも極めて異例
裁判	刑事	4 ところが、所轄の東村山警察署で転落死事件の捜査及び広報の責任者であった副署長も、彼の下で捜査を担当した刑事課員も、また捜査を指揮した東京地検八王子支部の支部長及び担当検事もことごとく創価学会員だったのです
裁判	刑事	函館市内の私立高3年佐藤智也君(18)が集団暴行を受けて死亡した事件は、中学時代の元同級生ら15―19歳の少年7人が17日、傷害致死の非行事実で函館地検から函館家裁に送致されたが、同地検が「刑事処分相当」との意見を付したことで、成人の刑事事件と同様の裁判を受けることになる可能性もあり、同家裁の判断が注目される
裁判	刑事	逆に、報告書を刑事あるいは民事の裁判の資料として提供されるのであれば、「自らが不利になる(かもしれない)材料をすべて出さなければやっぱり有罪」ということであり、矛盾が生じます
警察	刑事	『ポリタン』は刑事モノの漫画で、主人公の女の子(ちゃんと就職する歳なのだから「子」じゃないか)はどことなく泉野明っぽい感じだったりするが、まあいかにもとり・みき的な作品であった
裁判	刑事	ある日突然「税務署の法人税係です、調査にまいりました」身分を告げるや否や、当時ガサという刑事捜査用語で呼ばれていた現況調査(現在では当局の中ではなんと呼ばれているのだろうか)をおっぱじめるのである
裁判	刑事	そういう点では、たとえば、行政権がかりにこの行政訴訟に関与いたしましても、民事事件とか刑事事件の場合の考え方とはやはり幾分違う点があるだろうということは考えられます
警察	刑事	そしてこの猟奇殺人を追う、組織から逸脱した刑事、孤独な殺しのプロフェッショナル、そして謎の真犯人と、三者の追跡と闘いを、真正面からたっぷりと描いている
裁判	刑事	一つの行為が複数の犯罪行為となる場合、本来は最も重い刑で処断すべきものではありますが、その最も重い刑罰の責任が問えなくなるといって、刑事上の責任がなくなるというものでもないからです
裁判	刑事	現行法制定の作業には、刑事訴訟法改正に携わっていたので関与していないが、自分も、裁判官、調査官と意見の交換を行い、積極的に少年院や、鑑別所を訪れたりした
裁判	刑事	のみならず、被告人と検察官とでは攻撃・防御力に著しい格差が生じるので、これを補正し実質的対等を実現するため、弁護人依頼権(30条・36条・289条、憲37条3項)や、黙秘権 (291条2項・311条、憲38条1項)をはじめ、憲法の刑事手続き上の人権宣言条項が規定されている
警察	刑事	渡り鳥シリーズの主人公、滝伸次は元刑事という設定で、追い詰めた犯人をやぬなく射殺してしまった事から、流しのギター弾きになった経緯が劇中で語られてます
警察	刑事	中村主水(演:藤田まこと)が、奉行所の書庫番という閑職で、同じテレビ朝日の刑事ドラマ『おみやさん』における警察署資料課勤務の主人公とリンクしているようで、面白い
警察	刑事	人物は、一人大阪弁で大声で落ち着きのない刑事の桜井哲也(前畑陽平)が、やや耳障りだが、関東の人にとって大阪人はこういう存在なのかも知れないと思って、それが嫌悪感に拍車をかけたところもあるので、やや割り引いて見なければならないだろう
裁判	刑事	(1) 離職した日から当該支給日の前日までの間に、その者の在職期間中の行為に係る刑事事件に関して、その者が起訴(当該起訴に係る犯罪について禁固以上の刑が定められているものに限り、刑事訴訟法(昭和23年法律第131号)第6編に規定する略式手続きによるものを除く
警察	刑事	全国規模の広域事件、またテロ・スパイ絡みになると、着手したのが地方警察であっても捜査権を強制的に移管させ活動を行う場合も多く、“捜査の横取り”として地方警察の刑事達からは嫌われているという
裁判	刑事	AはBに敬語を使っていて、強取した金銭はCに渡したのは除けば、ほとんどBが取っていたのであり、本件犯行の主導的な役割を果たしており、Bの刑事責任は極めて重い
裁判	刑事	占領政策として、裁判所法・刑事訴訟法の改正を行ったA・C・オブライヤー、国際検事局のK・シュタイナー検事、マスコミを指導したH・バッシン、副官のバンカー大佐など、GHQの中枢セクションの多くをユダヤ人が握っていた
その他	刑事	この項では、初歩的なアクセスログ解析から最近の事例についてまで、弊社の解析ツール"アクセス刑事Pro"の画面なども例にしながら、順にお話ししてゆきたいと思います
警察	刑事	週刊誌と癒着し、TVの刑事ドラマのコンサルタントで稼ぐ刑事、出世のために仲間を売る刑事、暴力刑事、全く違った3人の刑事が事件に巻き込まれていき・・」というお話
裁判	刑事	刑事訴訟法では、保護観察付きの執行猶予判決を受けた者が猶予期間中に保護観察の順守事項を破った場合、保護観察所長の申し出に基づき検察官が執行猶予の取り消しを請求できると規定
裁判	刑事	ソ連邦のスターリン時代に、あのように典型的であった「省略刑事訴訟法」、つまり被告の陳述なしの判決を可能にあいた、いかなる控訴をも許さないやり方が、アルバニアによって引きつがれた
裁判	刑事	B関係行政機関は、第七条に規定する場合において同条の死体が第六条第2項の脳死した者の身体であるときは、当該脳死した者の身体に対する刑事訴訟法第229条第1項の検視その他の犯罪捜査に関する手続きと第六条の規定による当該脳死した者の身体からの臓器の摘出との調整を図り、犯罪捜査に関する活動に支障を生ずることなく臓器の移植が円滑に実施されるよう努めるものとする
裁判	刑事	※この米人専門家は、とりあえずみんな裁判上での争いにして有罪無罪を決するアメリカの刑事司法制度とは全く異なる日本の司法制度(行政処分による非刑罰化、警察段階での微罪処分、検察段階での起訴猶予等の不起訴処分、等々)がわかっていないので、「日本の刑事司法は片っ端から有罪にしてしまう、と勘違いしているようだ
警察	刑事	マーロウの友人の刑事やジョー・ブローディ役の俳優、マース役の俳優ら、いかにもチャンドラーの作品世界に合った雰囲気を持った俳優が起用されていると思う
裁判	刑事	判決によると、女性は昨年5月、娘が被疑者とされた事件の参考人として当時の県警浦添署刑事1課の係長らから呼ばれ、大阪府警西淀川署で事情聴取を受けた
裁判	刑事	同様に、1993年と1994年に旧ユーゴ国際刑事裁判所およびルワンダの国際犯罪裁判所をそれぞれ設立する際にも国連安全保障理事会は、死刑制度を除外しました
裁判	刑事	それ以来、評決(※有罪・無罪の決定)は、3人の裁判官の合議体で決定されてきており、このシステムだと、市民の声は反映されず、ほとんど全ての刑事裁判が有罪判決で結審する
警察	刑事	山村刑事の祖母の後光が差す中で手を振り返すというのも、正体はブロッケン現象でこれも2004年のコナンの作品でも一度出ていますし私もすぐに分かりました
警察	刑事	−813(虐殺、老刑事課長、セルニン公爵、名探偵大活躍、水葬禮、怪男爵、羊羹色のフロック、牢獄宮殿、近世史の大秘密、大隠謀、覆面の獨帝、皇帝の秘密、七人組、黒衣の男、欧洲地圖、殺人鬼、自殺)/ルブランの著作に就いて
裁判	刑事	禁錮刑かの選択基準4懲役刑・禁錮刑か罰金刑かの選択基準(以上本号掲載)第2執行猶予をめぐる諸問題1執行猶予の法的性質と刑事政策的意義2実刑か執行猶予かの選択基準3単純執行猶予か保護観察付き執行猶
裁判	刑事	ただ、国会は司法の場ではなく、捜査権限もないのだから、仔細にカネの流れや事実関係を問いただしても仕方がない、国会は、刑事(法的)責任ではなく、政治的道義的責任を追及する場だと考え、件の政治資金規正法違反の問題ではなく、政治家の「金銭感覚」「倫理観」「ゼネコン利権体質」等を突いた
裁判	刑事	事件を起こしても14歳未満で刑事罰の対象とならない触法少年について、少年院送致を可能にする少年院法の改正や、警察が調査する権限を明確にするための法整備を検討するよう求めている
裁判	刑事	生命と刑事政策、成長と刑事政策、安心と刑事政策、国際化と刑事政策といった枠組みを基礎にしつつ、現代における刑事政策の全体像を想起可能なように努めたい
裁判	刑事	それにしても、『JOKER 許されざる捜査官』に続いて、刑事物、事件物が乱発しているので、ちょっと心配していたが、みんな目指す方向が全然違うのでホッとした
裁判	刑事	同年四月の市長選では初当選を果たした井崎氏だが、その後、市民団体から経歴詐称(公職選挙法違反)にあたるとして刑事告発され、今年一月、千葉県警は告発状を正式に受理
裁判	刑事	そして、「指紋拒否罪」をめぐる刑事裁判をはじめ、指紋拒否者に対する再入国不許可処分・在留更新不許可処分・不当逮捕をめぐる裁判など、弁護士を立てずに裁判に臨んだ本人訴訟を含め、その数は全国で150件以上に上った
裁判	刑事	刑事部長から、5月14日に西条市大町の郵便局において持凶器強盗事 件が発生したが、通行人等の協力を得て、被疑者を即日現行犯逮捕した 旨の報告がなされた
裁判	刑事	可視化法案、今国会見送り=提出は来年以降−法務省 法務省は17日、犯罪取り調べの録音・録画(可視化)のための刑事訴訟法改正案について、今国会への提出を見送る方針を民主党に伝えた
裁判	刑事	東尾龍一裁判官は「母親の命を奪った刑事責任は重い」などと有罪を認めたが、「献身的な介護を続けた」などと述べ、懲役2年6月、執行猶予3年の判決を言い渡した
警察	刑事	登場するのはコンビの警官ですが、上役のブラッグ部長刑事が下層階級出身で現場叩き上げなのに対し、新任のモートン巡査が貴族階級というのが変わっています
裁判	刑事	宅間死刑囚は手紙で、死刑確定の日から6カ月以内の執行を規定した刑事訴訟法475条を挙げ、「私を(拘置所で)『塩漬け』にしても大量殺人を防止することはできない
警察	刑事	安永航一郎「火星人刑事」細野不二彦「ギャラリーフェイク」 京極夏彦「ルー=ガルー」先の二冊は、 何時も買うマンガだからしょうがないし、 京極もかなり好きで、つい買ってしまう
裁判	刑事	「島村容疑者は○五年四月に北大から刑事告訴された際、北海道新聞のインタビューに対し、海底地震計売却のいきさつについて「ノルウェー側から『形式だけで良いから、売ったことにしてくれ』と再三言われ、研究者仲間として断り切れなかった
