# 気象: 気象で、寒・暖二つの気団が地表面で接触する線。温暖前線・寒冷前線・閉塞前線がある。↓ふれんぞくせん。, 軍事: 戦場の最前列の、敵と直接に接触する線。第一線。⇔後方。
その他	前線	そしてこの後も運動量を落とすことなく前線からプレッシャーをかけ続けて、栃木にスペースを与えず、乾、カイオのキープ力で時間を使い、逃げ切りに成功した
軍事	前線	中国人も公安に与する人は限られてますし、前線でストを率先してるのはたいてい餌につられてる人ばかりなんで、与しないスタッフの中から優秀なのを見つけて味方にして日頃からコントロールしておけば、そう大きな問題にはなりにくいのですが
気象	前線	このような山合いの沢では、ふだんはわずかな清水が流れる程度でありますが、雨が降るとすぐに水かさが増して、梅雨前線や台風等の集中豪雨の際には水が沢をあふれ、うなりを立てて川に下ります
軍事	前線	まず悪であるミケーネが日本を狙うのは、地上を支配するための前線基地を作るために、海に囲まれていて山が多い日本が天然の要塞として都合がいいのだと説明されているし、そのプランも安保によって米軍が介入してきても、他国のために全力では反撃してこないことまで計算に入れているのだ
その他	前線	青年コミックショウネンセイネンコミック日本出版販売ニホンシュッパンハンバイ小山田いくオヤマダイク五百羅漢ゴヒャクラカン画面が切り替わります(1)ゴヒャクラカン001コミックコミックコミックコミックebookjapanイーブックジャパン少年・」五百羅漢 :ふるやのもり」:さよなら香乃ちゃん」:呪雨前線」:風舞人」:記念樹」
その他	前線	東京、名古屋、大阪の前線基地に配置される職員により年間を通じて行われている企業訪問と、進路担当教員による企業訪問が互いに相乗効果を生むように、企業報告書システム等を活用した情報の共有を更に進め、訪問先の時期や訪問目的を見直す必要がある
軍事	前線	一族の鴛鴨松平家の松平親久、松平忠久は上野に近い鴛鴨村(当時は押鴨)の鴛鴨城(豊田市鴛鴨町)を徳川方の前線拠点として守備し、初陣を飾った榊原小平太らのめざましい活躍などによって何とか永禄8年に鎮圧した家康は、この城に「上野七人衆」と言う在番衆を置いてこの地を統治しました
軍事	前線	戦国時代以降、足軽が新たな戦闘力として認識されると、戦国大名の軍制は備を基本としたものへ変貌し、その中で騎馬隊は備の一隊として足軽隊の形成した前線の突破、又はそれらに対する逆襲が主な任務とされた
軍事	前線	父は、厳しい前線勤務の経験と負傷によって精神的に傷ついていましたが、公式軍隊記録があからさまに述べているように、1918年12月12日、すなわち、コンピエーヌの森での屈辱的な休戦ののちに、「軍務を解かれ給付無しで、ライヒオルドスグリュンに戻って」いきました
その他	前線	現状では一から両手ウォリを育て始めても、前線で戦えるようになるには結構かかりますね(レベルはそれなりに無いと痛い、回避の慣れなどの習得の時間など)
軍事	前線	一般的な軍事用語で前線もしくは戦線(英:frontもしくは、battlefront)とは、敵の兵力との間で武装して対峙している境界のことを示す
気象	前線	前線が八丈より南にある為、風向きは高気圧から吹き降ろす北東で、今週末は天気が悪くてもナズマド三昧出来ちゃうかも〜♪と浮かれていたら、終日10m/s以上と吹き荒れました
軍事	前線	戦争は戦争の指導者・政府中枢が生き残る限り継続できるものと考えられ、それに比べ前線の兵士や一般住民の命など、国から見れば極めて軽いものとみなされそう扱われます
気象	前線	さらに地元の住民の中には昭和40年7月梅雨前線豪雨の被害を市房ダムの放流が原因であるとする住民も多く、かつ清流で名高い川辺川の環境を破壊するとして「清流川辺川を守る県民の会」など複数の市民団体が誕生
その他	前線	どーせ前線突入したところで蒸発するだけですから、後方にて復帰妨害をひたすらやるわけですが、他勢力と共闘するか排除するか指示待ちの間に一方的に殺されたり、防衛線向かう途中でちょっかい出されて落ち、味方防衛線のお陰で入り口付近に敵多数で庭から動けなかったり
その他	前線	イチ、出場停止のアレックスに代わり抜擢された純平の両サイドもボ ールにあまり絡むことなく、前線の安貞桓と北嶋のコンビも噛み合わないまま時間だけが過ぎて前半終了
その他	前線	前線というところは、時にロマンチックに描かれたりなぞしますが、決してそんな甘ったるい場所ではありえないだろうと、死にゆく僚機パイロットの悲鳴を聞きながら思ったりしたのでした
軍事	前線	過去の戦争の是非についての議論は色々あるが、少なくとも国の為に純粋に前線に出て倒れていった人たちに対して、感謝の気持ちを持つことは当たり前のことで、何もはばかる必要はない
その他	前線	64分:ロングボールが前線左サイドのニステルローイにわたり走ってきたギッグスにパス→ギッグスは中央でディフェンスをうまくかわしながらコースをつくりシュート→しかし左足の内側にひっかかってしまいゴール右に外れる
気象	前線	平成18年7月20日に開設した「平成18年7月梅雨前線に伴う大雨災害に関する特別相談窓口」を、既に開設済みの長野県、宮崎県、鹿児島県内の全営業店に加え、平成18年7月31日付で島根県内の全営業店にも開設します
軍事	前線	一般的に陸軍では歩兵連隊、砲兵連隊など、兵科ごとに部隊が編成されており、作戦において敵味方が前線において戦闘するのが陸上戦力運用の基本であり、後方における通信、補給、医療などの支援部隊と一体として運用される
その他	前線	桜も満々満開 スノーボーダーのいいところのひとつは 桜前線に沿って桜が時間差で楽しめること だから あまり花見ってし津軽海峡を越え、桜前線へ向かってぶっ飛ばす
その他	前線	前線にありながら広い視野を持ち、迅速にして堅実な判断を下し、そしてその戦術を率先して最適効率で実行する彼女の手腕は地球防衛軍の中でも広く知れ渡っていた
その他	前線	「相手の前線への配給を切りたかった」という足達監督の狙いに対し、湘南は加藤の運動量やフリーキック、また途中出場の梅田直哉がシュートを放つなど反撃に出るが、最後までゴールには届かない
気象	前線	春雨前線の合間を縫って移動性高気圧が入れ替わり立ち代りに日本列島を通り過ぎていく春っぽい天気図をようやく天気予報で見かけるようになった気がする今日この頃、ハートとフトコロが寒いままのノー炊飯器野郎が今夜もひとり、夜中に料理します
軍事	前線	だって、自らの仲間意識によって戦況が最悪なものに陥っているにも関わらず、アメリカ兵たちは作戦室から前線の者までそれに気づかず、延々と「仲間を一人残らず助ける」という考えで戦争に臨んでいるからだ
軍事	前線	報道は、年初から北侵戦争騒動を繰り広げてきた金泳三一派は最近、前線西部と中部の最前線一帯に多くの武器と兵士を配備し、情勢を緊張させていると糾弾した
気象	前線	しかし昭和36年には梅雨前線・台風の影響で伊那谷に記録的豪雨が降り、天竜川や支流において洪水・崖崩れなどが発生し、100人近い人名を失う大災害(三六災害)が引き起こされたりもしたのである
その他	前線	参考:寒緋桜とは、別名:ヒカンサクラ〜、バラ科に属し、ヒマラヤから台湾が原産〜 沖縄では台湾産が多く、毎年1月下旬から2月にかけて咲き、山頂など気温の低いところから咲くため、沖縄では北から桜前線が南下します また花びら下向きに咲くのも特徴です〜
気象	前線	県内では18日から梅雨前線の影響で大雨が続いていて、19日夜から20日の明け方にかけても大隅地方や種子島・屋久島では非常に激しい雨や土砂災害に警戒が必要です
軍事	前線	・工兵は何でも屋な要素が強い兵種だそうですが、FEの舞台であるような前線での役目は「陣地の構築、障害物の作成・破壊、上陸戦の支援、火炎放射器・化学兵器の運用 」などだそうです
その他	前線	[スラヴィアンカの別れ/ポリュシュカ・ポーレ/我らは赤い騎兵隊/かなた、河のむこうに/聖なる戦い/兵士達が行進する/前線近くの森で/太陽が河のむこうに沈む/オペラ「デカブリスト」~兵士達の合唱/ヴォルガの舟歌/トロイカ/巖/へい、村だ/ヴォルガのバーラックの歌/黒い瞳/勇敢なドンコサックの若者達/路上で(兵士の歌)/モスクワ郊外の夕べ]
気象	前線	【大阪管区気象台HP】平成16年台風第23号と前線による10月19日から20日にかけての大雨・暴風について 兵庫県北部(豊岡市・出石町)現地調査報告
その他	前線	紅葉前線 東海 【岐阜県、静岡県、愛知県、三重県】 紅葉スポット、紅葉情報、東海(岐阜県、静岡県、愛知県、三重県)の名所・見どころ最新情報(2010年)が載っているサイトをご案内します
その他	前線	温暖前線が近づいてくると、徐々に天気が悪くなり(巻雲のような高い雲から始まり、だんだん雲が低くなってくる)、半日から1日後には乱層雲から持続的な雨が降ることが多い
気象	前線	何はともあれ今日は台風の影響と言うより前線の影響でこんな悪天候 だったわけで、明日はこれに横をかすめる台風の影響もプラスされるわけで正直 戦々 恐々 です
気象	前線	今日の週間予報資料では、5/15頃から5/18にかけて東海上に中心を持つ高気圧が日本付近に張り出して、本州の南岸に前線帯が残りますが活動は弱まる予想となっています
気象	前線	気象庁は26日午後、九州北部から東北地方にかけて延びている梅雨前線や九州西海上の低気圧の影響で、27日にかけ、西日本や東北・東海地方で大雨となる恐れがあるとして、特に九州北部や中国地方に土砂災害への厳重な警戒を呼び掛けた
その他	前線	血 (高杉←山県) 「景気がいいな」 回戦快勝――とまでいかないが、全体指揮を大村益次郎が、前線指揮を目の前の男が行っている今、長州は日本最強と豪語してもいいだろう
その他	前線	そして最高とはいえないまでも前線部隊の要求を充分に満たすことの出来るレベルをもった偵察用コンピューターをはじめとする偵察用電子兵装をも搭載していた
気象	前線	台風7号に刺激されて活発化した梅雨前線の影響で、7月15日午前中、佐渡・下越地方に大雨があり、この影響で佐渡の佐和田町付近の農業用ため池「青野堤」に決壊の恐れが出てきたため、同町石田地区など960世帯に避難指示が出された
気象	前線	九州南部で激しい雨を降らせる梅雨前線が26日朝にかけて北上することから、気象庁は九州北部や四国、中国地方でも雷を伴った1時間に40ミリから70ミリの激しい雨になるとして、土砂災害などへの厳重な警戒を呼びかけている
軍事	前線	60年というのは、戦争体験者(特に兵士として前線で戦った人々)が自分の手で記録を残すのにはほとんどギリギリの時間であり、この出版ラッシュが最後のチャンスとなるかもしれない
気象	前線	北海道でも道東は例年の倍以上の雨が降り、九州では台風と前線の影響により3日間で1000mmも降ったというニュースが流れる中、どうしてこうも極端な気候になってしまうのだろうと、天を恨めしく思った
軍事	前線	さらに、急峻な地形は重砲などの運搬を困難にし、糧食・弾薬共に欠乏し、火力不足が深刻化、各師団とも前線に展開したころには戦闘力を大きく消耗する結果を招いた
軍事	前線	同指令によると、命令なしで自らの位置を離れたものは銃撃され、敵に降伏した兵士の家族はNKVDによって逮捕され、前線では兵士を後退させないため後ろに督戦隊の機関銃が設置された[28]
その他	前線	逆に78分、FW2人のみによるカウンターアタック、FW興梠の前線での粘りから、最後はマルキーニョスが今日2点目を決めて、勝負の行方をほぼ決定づけた
その他	前線	その典型が、ここで採り上げた真如苑であり、同じ「皆布教師型」宗教といっても、布教の前線が「家族的経営」によって営まれている天理教とは、大いに性格を異にしている
その他	前線	4/12(日)22:00~23:30NHK教育ETV特集哲学者・鶴見俊輔▽戦後日本・人民の記憶▽8月15日から始める▽不良少年のプライド▽18歳でハーバードへ▽日米交換船・決意の帰国▽ジャワ軍属時代衝撃の体験▽安保闘争からベ平連へ▽原爆を語る▽“もうろく”の境地とはETV特集◇自分より先に他界した人をしのぶ追悼文「悼詞」を発表してきた哲学者、鶴見俊輔氏の言葉から”戦後精神”史の前線を探る
その他	前線	74年は生まれてなかったので知りませんが、FWが前線からプレスをかけにいく、サイドバックがオーバーラップする、ボランチが攻撃参加する、こうした行為がすべてトータルフットボールの一環といえるでしょう
その他	前線	業務や研究チームが白髪で落雷が地震が一時使えなくなるトラブルが震度はよると、前線を水死体が16日午後4時7分ごろ、北海道東部で配信予定だった4枚の画像について、27日午後1時から観測した
軍事	前線	国防部の関係者は「何よりも事件の真相を正確に把握することが重要だ」とし「前線一帯で発生した銃撃事件ではないため、軍が前面に出て対応することはないと見ている」と述べた
気象	前線	今年7月は、梅雨前線が本州付近におおむね停滞し、また、北日本では気圧の谷の影響を受けやすかったため、北日本から西日本にかけては曇りや雨の日が多い状況にあった
その他	前線	昨年J2 3位になり実に11年ぶりのJ1復帰を果たさした湘南ベルマーレですが、J2を戦い抜いた中核メンバーがほぼそのまま残っているところに、FWでは千葉から新居、札幌から中山、MFでは草津から小林、神戸から馬場と前線では確実な補強をしています
その他	前線	75分:ロングボールを前線のパンディアーニがキープし、ディフェンスを引き連れながら右方向へドリブル、ターンし左に走っていたフランへパス→フランは左足のキックフェイントから右足に持ち替え右足でシュートするがゴール右へ外れる
その他	前線	前線の4人が自由で、奪われたらすぐに奪い返しに行くことで後方のバランスを回復する方法は“銀河系軍団”のレアル・マドリーと似ているが、プレッシャーの質・量ともマンUが数段上回っているの
軍事	前線	相手の戦車主砲やステーショナリーの弾はほとんど飛んでこないし、敵の前線から距離があるのでなんらかのダメージを受けても自分で回復しながら戦えば問題ありません
軍事	前線	そして、『信長公記』に記された信長の一連の行動から、信長は敵の動きを確認しながら行動した結果、ようやく前線について直接みた戦況を誤認したとされる
軍事	前線	このご時世にあって前線での自由性交渉を明確に規則や法律で制限しているのは、北南アメリカ大陸の各国軍にアフリカ大陸の各国、そしてオーストラリアとニュージーランド――つまり後方の国々だけだった
その他	前線	また、前述の通り官給品が支給されていた下士官兵の間でも、財力や地位のある者や、外地前線にいる者は将校と同じく私物として誂え軍刀を佩用することは多々あった
軍事	前線	この校舎建設を始めようとした時、戊辰の役が始まり、松山藩は本藩の庄内藩と共に善戦しますが、彼はこの戦いの中で銃弾をくぐり抜け、藩主と前線隊長の連絡係として汗を流しました
軍事	前線	ところが聖戦の系譜の戦術においてはスピードが要求される場面が多く(2章の値切りの腕輪など)、アーダンが前線に出る頃には戦いが終わっているどころか、次の戦線で激突が始まっていることすらあります
その他	前線	愛国婦人会の活動史と、日本による大陸進出の拠点となる朝鮮半島の地理的要因を考慮すると、韓国における愛国婦人会は、「前線に隣接した地点で侵略戦争を支えた団体」として、その他の地域の愛国婦人会地方支部とは異なる特殊な役割を果たしていたことがわかる
軍事	前線	それは戦争から遙かに離れたところで夢想されているに過ぎず、本当は、前線で行われていること、行われ得ること、つまり、生きるためにあらゆるモノを手段として使役させてしまうことこそを想起しなければならないのだ
気象	前線	梅雨前線による記録的な豪雨被害を受け、公明党の桝屋敬悟前衆院議員(衆院選予定候補=比例中国ブロック)は22日、前日に続いて山口県防府市に入り、林幹雄防災担当相とともに被害現場を緊急視察した
その他	前線	ただし、2列目の選手が相手カウンターのリスクを負って前線アタッカーを追い越していくようなプレーはほとんど見られなかった事からも、攻守のバランス優先でなかなか得点が多くは生まれない傾向は続くかもしれない
軍事	前線	しかし、幸いにして日本は、直接の当事者ではなく、前線に兵士を送り出して血を流したわけではないので、戦っていたイラクや合衆国などの当事国の人には見えていなかったことを、きちんと記録に残すことができる
軍事	前線	全体的には日本軍が終始戦力格差から見て各地で一日の間に陣地を突破される事態が各地で発生し、突破された部隊は南方への抽出を受けて全体的に戦力が低下しており戦況を立て直すことができず、いとも簡単に前線陣地を突破され壊走することがほとんどであった
軍事	前線	イスラエルの国防軍情報責任者たちは24日、北部前線に関する閣僚フォーラム(オルメルト首相主催、メンバーは11人、6週間前に設置された)で、シリア軍はイスラエルからの攻撃からの防衛体制をとっており、イスラエルを攻撃する意図はないと述べた
軍事	前線	原作者のサン・テグジュペリ自身もフランス海軍の飛行隊に属し、第二次大戦時には後方勤務を断って前線を希望し、偵察飛行中に通信を絶った(ナチスドイツに撃墜されたと言われる)
軍事	前線	非常に短い条文で、そこには極東の平和と安全のためにということで、冷戦体制の中で社会主義に対抗する前線基地として日本を使おうという意図がありました
気象	前線	さらに、海水温や海流の変化に代表される海洋変動の監視、気候変動や地球温暖化における海洋の役割の解明、台風や梅雨前線に伴う 気象現象の解明や大気の構造の把握にも活用しています
軍事	前線	もっとも重大な責任を負っているはずの辻政信や関東軍の首脳部は何の責任も問われず、(多少の左遷程度)彼らの無謀な火遊びによって命がけの戦いを強いられた前線指揮官や兵士たちが、「捕虜の辱めを受けた」からと自殺させられたり過酷な戦場に放り込まれたりしたのです
その他	前線	・ミカヤ隊のときタウロニオとか前線に出していたらハンマーくらって5回くらいやられて嫌になったり、エリンシアとか100%のボウガンくらって3回くらいやられたり
その他	前線	後半、G8にいつものリズムが戻ったのは、やはり相手のスイーパーだったポポビッチが下がることによって前線でのつなぎや展開がスムースになったことが上げられると思います
軍事	前線	批難者はフォークランド紛争で、アルゼンチン軍のプカラ対地攻撃機が機能しなかった、と言っているが、近接航空支援は前線航空統制官などの支援が必要で、そういう体制の無かったアルゼンチン軍を引き合いに出すのは素人だ
気象	前線	敬老の日の17日は、台風11号が朝鮮半島から日本海に抜け、温帯低気圧に変わったため東北地方は停滞した前線の影響で大雨となり、盛岡でも降り始めからの雨量が200ミリを超える記録的な数字となった
軍事	前線	「そのために、健常な前線の兵士には肩や腿などの質の良い肉が多くあてがわれ、それでこちらのような傷病兵の担当には骨だらけの肋や脂肪だらけの腹、固くて噛み切れもしない脛などの部位のひどい肉ばかりがわざと配給される在り様なのだ」
その他	前線	もともと、それほど足元のテクニックがあるタイプの選手では無く、プレースタイルで分類すると、前線において自らの体格を駆使して相手とバトルするターゲットタイプであるが、今シーズンは昨シーズンと比べて、ポストプレーが洗練されており、鳥栖のサイド攻撃を活性化させる上で大きな役割を担っている
その他	前線	ODA予算が1990年代の4割減と途方もなく削られていることも、技術協力の前線に立つJICAの職員・専門家に余分の負担をかける結果になっている
軍事	前線	マスクを付けている理由について、母親である犬神松子氏によれば、佐清はフィリッピンに徴兵されていたが、米軍の空襲によって前線ごと顔面が焼き払われたため、佐清の純情な心はその顔を現実と受け入れることができず、家中の鏡を撤去し、マスクを付けているとのことであるが、マスクがひとりでに食事をとっている姿を使用人にたびたび目撃されていることから、マスクが本体の可能性もある
軍事	前線	戦中の日本ですら、海上封鎖の影響で前線まで輸送出来ないが食料は豊富だった一方で、現地に居ながら食料・軍事物資両方欠乏中で旧軍にすら負けかねない弱小国が北朝鮮だよw
気象	前線	また本州付近には前線が停滞しやすい予想ですが、23〜24日あたりは南からの湿った空気が入りにくくなるため、昼発表の気象庁の週間予報では四国は23日が晴れ時々曇り、24日が曇り時々晴れで大雨の心配も無さそうなので、ラフティングは大丈夫ではないかと思います
軍事	前線	アメリカは、自衛隊を米軍の下請け軍隊として戦争の肉弾としてかりだすとともに、日本を中国や北朝鮮などにたいする原水爆戦争の前線攻撃基地、米本土防衛の盾にしようとしている
気象	前線	中国南部からシベリア中部にかけては多雨で、特に中国南部では台風や前線の影響により月降水量が平年の2倍をこえたところが多く、大規模な洪水となり700人以上の死者が伝えられた
その他	前線	2008年版『みんなでつくる』桜前線画像掲示板にご投稿いただいた桜 2007年版『みんなでつくる』桜前線画像掲示板にご投稿いただいた桜
気象	前線	梅雨前線がいよいよ北上をはじめ、初春から各地で毎週のように開かれていたバイクイベントも一段落した6月に、 鳥取・島根・関係自治体の主催で行なわれた「中海・宍道湖 一斉清掃」へラブ・ジ・アースがゲストとして参加した
気象	前線	今回の台風15号と前線に伴う大雨により災害救助法が適用された大川村内の被災者に対し、状況に応じ以下の金融上の措置を適切に講じるよう各金融機関、証券会社、生命保険会社及び損害保険会社に要請しましたのでお知らせします
気象	前線	ここ数年前で高知市の一部が水没したり、西南地区の水害被害をもたらす大雨があったが、今回も梅雨前線とのミットということで警戒していたのだが、今回は岐阜県や東北地方に水害があったようだ
気象	前線	台風8号と梅雨前線による豪雨により栗栖川が決壊や芝田橋の崩壊等、町内数箇所に及ぶ災害が発生したが、消防団員はいち早く出動、日頃の訓練を生かし、身を挺して困難な水防活動を完遂した
その他	前線	民主党政権発足後は伝統権力層、財閥から「用済み」とされた形で、タクシン派追放の前線で働いたにも関わらず、新政権入りしたPAD幹部は旧貴族の家柄で駐米・駐日大使などを歴任したカシット外相のみだった
その他	前線	しかし今日の4点目であるボランチのシュートが語るように前線が前で張っていれば中盤の押し上げが可能になりキーパーが弾いたボールを後ろから上がってきたボランチが押し込む事も可能になる
その他	前線	この日の柳沢はよかった、この男にゴールを期待するから話がややこしくなる、前線で持ち出してチャンスを作れればそれでよいではないか(トルシェ氏にとっての問題は、同じくチャンスを作れるが点は取れない城と言う選手がいることだが)
その他	前線	むしろ、途中から出てきた中山の方が“ゴール前で勝負してやる”というような意識が感じられたし、彼のような前線でターゲットになれる選手の方が、周りの選手もクロスを上げやすいと思う
軍事	前線	この島はハワイとオーストラリアを結ぶ位置にあり、日本 が前線基地の飛行場を建設した直後の昭和十七(一九四二)年八月七日未明、アメリカ軍の総攻撃を受けた
その他	前線	前線から三百キロ離れたところでやるのであれば、それが当然二次医療、三次医療ということになるが、その二次医療、三次医療を日本としてはやっていくということなのかということをお伺いしているわけです
その他	前線	降水域が大きくまとまって同じ方向に家庭教師し続けている場合、降雨のテレマーケティングは前線性の対流かテレマーケティングの不安定のどちらかであることが多い
その他	前線	(次の公式戦まで間はあきますが調整していきたいところは)前線で起点になれるようにボー ルキープから基本をもっとしっかりやって、得点まで結びつけられるようになりたいです
その他	前線	Hは前線でボールを受けると積極的に前を向いて仕掛け、柏守備陣を破りにかかった中盤の要でサイドや前線にボールを散らし、チームの攻撃の潤滑油となっ
気象	前線	このように県債残高が増加した要因としては、バブル経済の崩壊以降国の実施した経済対策や減税に対応してきたことに加えて、本県の場合、平成7年度の梅雨前線豪雨災害などの大規模な災害に対して的確な対応を図ってきたこと、県民要望の強い社会資本を整備するため、公共事業に加え、全国水準を超えて県単独事業を積極的に実施してきたことなどが挙げられます
気象	前線	前線、特に寒冷前線通過に際しても、突発的な強雨、強風、雷などのSEO に似た現象が起きるが、この場合は季節や時間を選ばず広範囲に起こるので、夕立とは区別される
気象	前線	さらに、平成10年9月の台風17号による風倒木被害や平成13年6月の梅雨前線豪雨、8月の台風11号災害等により、最近だけも多数の山地災害が発生しています
その他	前線	オランダ、カメルーン、デンマークってチーム色はっきりしてるという点で対策練りやすい気がするオランダ戦はきっちり前線からプレスしてまた川島がスーパーセーブして、そろそろ絶好調の大久保が点入れれば勝機ある気が
気象	前線	九州南部 土砂災害に厳重警戒活発な前線の影響で、九州南部では先週の降り始めからの雨の量が800ミリ近くに達し、土砂災害の危険性が非常に高くなっています
その他	前線	「桜前線(さくらぜんせん)が北上(ほくじょう)」というフレーズをよく使(つか)いますが、これは、桜(さくら)の開花(かいか)が日本列島(にほんれっとう)を南(みなみ)から北(きた)へと進(すす)んでいくからです
軍事	前線	1941年以降に編成された歩兵師団はフランス沿岸などの防衛用に戦力を削られたもので、それ以前に編成された師団を一つでも多く前線に送り出す交代用の師団か、壊滅した師団の兵員を中核とする再建師団であったから、ドイツの動員力はこのころひとつの限界に突き当たったと言えよう
気象	前線	日本列島は関東以西で梅雨の真っただ中だが、通常は梅雨前線の北上に伴い九州など西から梅雨入りするはずなのに、今年は関東などより九州北部の入梅が大幅に遅れるなどの異変が
その他	前線	中小企業に対しても経営戦略や事業の多角化、M&Aといった面でのコンサルティングを有人店舗で行う予定で、すでにそうした助言ができるチームを本部から前線の店舗に移しています
その他	前線	◆ロンドンに前線基地 日本オリンピック委員会(JOC)は4日、ロンドン五輪の事前合宿地として、スポーツ分野で高い評価を誇り、施設も充実している英ラフバラ大と提携の覚書を結んだ
気象	前線	秋芳洞 西日本を中心に被害をもたらせている前線停滞によるゲリラ豪雨ですが、昨年に続き福岡県と山口県の被害は大きく、川の決壊や土砂災害による被害が連日報道されています
軍事	前線	物語は、戦中の前線の様子、戦後、闇市を巡る雨宮と九天同盟の抗争、そして、それから8年後に崔文喜が交通事故に遭い、雨宮の病院に搬送されてきた映画内での現代、という3つの時代がめまぐるしく交錯し、戦後を生き抜いた人々の悲喜が描かれている
その他	前線	今年の桜前線の北上はいつごろかと 待ちわびながら今年は、桜の名所である秦野・弘法山公園を中心とした「お花見」を 下記要領で計画いたしましたのでご案内致します
軍事	前線	前から守備をしながら、前線でボールを奪ったら、相手のスペースがあいているので、サイドのスペース相手の背後のスペースにいち早くボールを動かして攻撃していこうと決めていきました
軍事	前線	その代表的な実例がまさに、朝鮮西海で不法・無法の「北方限界線」の固守を図って繰り広げられている南朝鮮の軍部好戦分子の冒険的な軍事的蠢動であり、前線と海岸、国境地域を通じて行われている無分別な「対北内部撹乱」作戦である
その他	前線	報告文学が書かれたが、その場合でさえ、森田たまのように、自分[#「自分」に傍点]が前線でどんなにもてなされたかということを語るに急な例さえもあった
軍事	前線	上層部の方針対立は、苦闘にストレスが増大していた前線部隊にまで伝播、この危機的状況で取り決められていた米軍の指揮命令権に不服従する日本帝国軍部隊が続出、破滅に拍車をかけた
軍事	前線	『トップ2』という物語を進行させているのは、前線で戦っているノノやラルクのようなトップレス能力者たち、宇宙軍の軍人たちだけではなく、枢密参謀院の老雄たちも重要な役割を果たしているのかもしれない
気象	前線	○八街駅北側地区においても、駅南側のけやきの森公園に象徴されるけやきをシンボル道路となる八街北側駅前線、および駅前広場の街路樹に活用していきます
その他	前線	その偵察ができているから、即IIIするのにもかかわらず、安心して前線にボーナスTCを設置することができ、そうした偵察による戦略の読み取りができてなければそうすることのしづらい、前線を確保した状態での即IIIラッシュは進軍スピードに優れ、且つ、III進化による軍事性能の向上で、ここでの戦略をより有力なものとしているのである
気象	前線	日本列島は14日、前線の影響でほぼ全国的に曇りや雨となり日中も気温が上がらず、豊岡(兵庫県)の最高気温が平年を10・4度も下回る21・9度、東京都心が8・2度低い22・8度となり、沖縄など南西諸島を除く各地で10月上旬から中旬並みの肌寒さとなった
気象	前線	今日の本州各地は、昨日、北陸などに強い雨を降らせた前線が東海上に去り、一見、弱い冬型気圧配置で、太平洋側では天気が回復すると思いきや、上空に寒気を伴った気圧の谷が残り、そのうちのひとつが、15日日中から夜にかけて本州上を通過しました
気象	前線	先週から今週にかけて、日本列島が梅雨前線に覆われ、各地で時折ひどい雨に見舞われていたころ、ぼくもどたばたと仕事やらお付き合いやら、いろいろしておりました
気象	前線	低気圧や前線の影響で、1日深夜から3日未明にかけて県南部を中心にまとまった雨が降り、川辺(日高川町)で積算雨量168・5ミリ、時間雨量54・5ミリという非常に激しい雨を記録した
気象	前線	この時代に粕屋屯倉や那津の官家はすでに造られており、新羅との交渉の前線基地なっていたのですが、誰が管理していたか、またこの古墳との関係などが解ればよいのですが
気象	前線	妊娠中の大きなお腹で息が上がりそうになりつつも、「日本のために本当に役に立つ方の応援ならば心して」と、いわば「執念」をかけた前線でもありましたが、残念ながら、期間中直接応援に入った16候補の多くも力及ばず涙をのまれました
その他	前線	【「桜」が散るまでの期間販売 】 しかもご丁寧に、桜前線の北上に合わせるみたいに、西日本での発売日が3月6日(土)東日本では1週間後の3月13日(土)からと発売日をずらしてあります(それでワタシのところに届いたメールは昨日だったのか)
気象	前線	2004年3月17日の朝日新聞によると、1904年(明治37年)7月10日、台風が梅雨前線を刺激したことによる集中豪雨で山津波が発生し人馬家屋の被害だけでなく棚田も流出したが、5年後に修復したという
気象	前線	しかし、折から停滞した梅雨前線の影響で土曜日は大雨となり、新たに大量の山砂を搬入したことが裏目に出て、予選は泥々のマディコンティションとなってしまう
その他	前線	中盤勝負では紀之川に劣っていなかったが、後半開始早々に許したゴールで「早く追いつこうと、あせってしまった」と主将の鬼木翔大がいうよう、ボールを早く前線につなごうと厳しいパスワークとなった
軍事	前線	戦争の前線では、少年兵に地雷を抱かせてイラク軍の戦車に突っ込ませるようなカミカゼ戦法がとられていたから、国民に多産を奨励して兵士の数を増やす政策を取った
気象	前線	風水害は、春から夏にかけての梅雨前線による多量の降雨や、夏から秋にかけての台風による暴風雨や秋雨前線による降雨が原因となり、地形的に急勾配の河川が多いため、雨が短期間に流出することによる洪水などの水害が起こりやすくなります
軍事	前線	戦闘機要員および爆撃機要員はフィリピンと台湾、偵察要員は朝鮮の前線基地に配属され、ただちに実用機による軍事訓練に入り、ほぼ20年1月に修了している
軍事	前線	そこで残った命の最後の灯をともすかのごとく、「玉宇気部隊」の頭の緑の明かりを大きくし、「駒瀬部隊」は自陣目の前へ投入、やや前線付近遠めへ「玉宇気部隊」を投入するものの、戦果を上げる事は叶わなかった
軍事	前線	ベトナム戦争の前線基地としてアメリカに利用された日本、それを打破すべく羽田で起きた闘争や新空港建設反対運動など、真剣に純粋に日本を良くしようと国家権力やアメリカに対する猛烈な抗議の現れだった
軍事	前線	※「三線建設」とは、外敵に立ち向かうために毛沢東が打ち出した戦略構想で、全国を前線地帯、中間地帯、戦略後方地帯に分け、それぞれ一線、二線、三線と称した
気象	前線	本日は早朝より梅雨前線の通過に伴い南から湿った風が入り込み、午前中いっぱいは大雨のち午後よりピーカンになりまして東京はめまぐるしく天候が変わりました
気象	前線	気象庁によると梅雨前線上の低気圧が三陸沖にある影響で、東北地方北部を中心に、10日昼前にかけて雷を伴った非常に激しい雨の降るところがあり、大雨になる見込み
気象	前線	その他、2002年(平成14年)、2006年(平成18年)には2月おわりから3月初めにかけて、南岸前線が停滞したり、朝晩中心に雨の降り易いすっきりしない空が続いて、お天気キャスターの一部では「菜種梅雨の走り
気象	前線	引用図1より、青森県沖に低気圧がありますが、引用図2の降水分布より、この低気圧から、前線(寒冷前線でしょうか)が延びているように見えます、そして、次の、引用図4より、当該低気圧の中心から、関東付近を通り、中部地方にかけて、等温度線の混んだ部分(引用図3の下側の注目
軍事	前線	前線の戦闘では日本軍が敢闘し、ソ連軍に優位に立つ局面も多かったのかもしれないが、投入兵力はソ連に比べて圧倒的に少なく、最終的にはソ連の出鼻を挫(くじ)き、ハルハ河まで国境線を押し戻すという目標は完全に放棄せざるを得ず、日本軍の戦略目的は達成できなかった
その他	前線	左サイドの根本、右サイドの西山が果敢に前線を駆け上がりクロスボールを上げると、中央に出来たわずかな隙間を突いて中盤のトゥーリオらが前線へクサビのパスを送り込む
気象	前線	4004 51 2 前線帯での対流活動により、下層の水蒸気が上空に運ばれた結果として形成される、 梅雨前線帯などに見られる舌状にのびた湿潤な領域を何という
その他	前線	66分、ヴェルディは後方から前線へとボールを送ると、エムボマが広島DFとヘディングでの競り合いに勝ち、ボールを流すと、このボールに反応した小林大が抜け出し、落ち着いてシュート
軍事	前線	この視察に出向くに先立って、彼は第六海兵師団第二十二連隊長ハロルド・H・ロバーツ大佐から、日本軍陣地からかなりの流弾が飛来するので前線の視察は見合すようにとの警告を受けていた
その他	前線	一方、天皇杯2回戦でスタメンが有力視される選手が中心に編成されたチームは、ダブルボランチが同時に上がることがあったり、前線の選手同士の呼吸が合わない場面が見受けられたりと、改善の余地がありそう、ではあるものの
軍事	前線	各実戦部隊に1機のみ配備されている複座型の用途は、今回のように部隊間での人員の移動や、司令官を後席に乗せての前線指揮、新人パイロット(新人とは 言っても、ライセンス取得済みのパイロットのことで、所謂『素人』ではない)の慣熟飛行、偵察ポッドを装備しての前線偵察(偵察装備のコントロールは後席 が担当)などで、戦闘飛行以外の雑務を一手に引き受けているのだった
軍事	前線	このようにブッシュ政権が対イラク侵略戦争を開始するための準備をいよいよ整えつつあるなかで、リンカーン寄港を基本的に「非核三原則違反」(社民党)という問題だけに切り縮めたり、「佐世保を米国の戦争に組みこむ前線基地化」(日共)という観点から非難しているにすぎないのが、既成反対運動指導部にほかならない
軍事	前線	このため、「総領事館に中国軍関係者や情報機関の人間が常駐すれば、 米軍や尖閣諸島を監視する前線基地になる懸念が生じる」(政府筋)などとして、日本は中国側の打診に難色を示した
気象	前線	このことに対し理事者からは、さきの7月2日から4日、6日から7日の梅雨前線豪雨、13日から15日の台風4号、20日の豪雨を受け1カ所の被害額は少額であるが、被災箇所が補助単独災合わせて約100カ所とかなり多かったため総額がこのようになっている
その他	前線	しばらくして“奴らは腰抜けだ”と相手にばれたのか、一気に前線を押し上げられて復帰ポイント直前まで攻め込まれる絶望状態となり、当然のように抜けていく分隊員
気象	前線	NHKニュース10時代は専門の担当の人がいて、勝手に高気圧マークや前線マークを動かしてくれていたのですが、きょうのニュース&スポーツにやってきてからは専任の人をつけてくれなかったらしく、発泡スチロールボードを張った雲やお日様マーク、しまいには細長い梅雨前線棒(
その他	前線	調達物流から製造物流、配送物流までのトータルロジスティクス領域でのコンサルティング機能を統合することで、 CRM/SCMの視点で製造の現場から販売の前線までの物流ワンストップソリューション体制を提供します
軍事	前線	二十一世紀になってみると戦争を金儲け(ささやかだが)の好機と考えている田村と、前線から遠く離れて戦争を命令している人たちの思惑が微妙にシンクロしているところがブラックな気がしないでもないのである
軍事	前線	騎兵隊とは本来歩兵とは別行動で先陣を切って迅速に前線に突進し突撃路を拓くことに加えて、リコンパトロールこと機動力を活かした前線での強行偵察にその存在意義があった
気象	前線	仙台管区気象台が28日に発表した東北地方の向こう1カ月の天気予報によると、期間中は梅雨前線やオホーツク海高気圧の影響で、平年と同様に曇りや雨の日か多い見込み
軍事	前線	本書からすると、第六航空軍の幹部は徳之島の前線基地まで視察に赴き、特攻機がまともに飛べず、特攻作戦が破綻(はたん)している事実を知っていたと思われる
その他	前線	後半早々と同点に追いつかれて第1戦のアドヴァンテージを失ってから浦和の攻撃は早々と手詰まりに陥ってしまいましたが、優勢だった前半から見え隠れしていた前線へのサポートの遅さが運動量の低下と共により顕著になった結果でしょう
その他	前線	こうすれば、大阪、京橋、鶴橋に停車でき、阪神、阪急、京阪、学園都市線、長堀鶴見緑地線、近鉄、千日前線から、1回の乗り継ぎで関空や南紀へ行けるというメリットがあります
その他	前線	この「開かれたガラスの箱」は、恵那駅前線の賑わいを高めるものとして大いに注目されたが、西日対策として説明されたような自然換気だけでは不十分ではないか、また展示室を往来する人々の動きが通りから見えにくいのではないかとの意見が出された
気象	前線	いやもっと正確にいうと、梅雨になるはずの時期(6月中下旬)に、一度は太平洋高気圧が上がってきて、本州上に横たわるはずの梅雨前線は素通りして日本海上にまで上がってしまい、東北・北陸に大雨を降らし、太平洋側は空梅雨となった
その他	前線	前者について、リチャード・ニューカム氏は、前線なら幾らでも余裕があった、と非難しているように前線部隊の消耗は、投入を望まれる一個連隊を遙かに上回っていました
その他	前線	こうして血液の濃縮によって血の循環が悪くなって酸素不足になっているところに、サーフィンによってさらに負荷をかけたことで筋肉の細胞がついに限界に達し、壊れ始めてしまったのである(補給もなしに前線で戦闘を続けた挙げ句に、ついに限界に達して戦線の維持が出来ずに全軍崩壊になった状況に似ているように感じる)
気象	前線	梅雨の時期には、東アジアに4つの気団(揚子江気団とオホーツク海気団、熱帯モンスーン気団と小笠原気団)がありおたがいせめぎ合い衝突し梅雨前線ができます
その他	前線	最初に羽生を投入して中盤を活性化させ、続いて佐藤を前線に送り込み、残り時間5分ほどでパワープレー要員として矢野を投入、というのがオシムの中ではパターン化していた
軍事	前線	しかし、レイダースは前線を維持し続け、日本軍の攻撃は失敗に終わり、その夜の残りの時間は、個人或いは小規模グループによってアメリカ軍の背後に回り込む戦術に切り替えました
軍事	前線	圧倒的に優位な立場の連邦軍からはたいしてして重視されていないが故、毎週小規模な鎮圧部隊との戦闘を繰り広げたり、前線補給基地の一つに攻撃を仕掛けたりと・・・ひたすら地味、展開される人間ドラマは基本的に、欺瞞と裏切りです
軍事	前線	米兵側からというと何かバイアスがかかっていそうな気がしてしまいますが、"Nip""Jap"達に対するあからさまな憎しみも、前線に立っていた一人の兵士の手記ですからある意味当然でしょう
その他	前線	闘莉王が2回の決定機を決められなかったのは残念でしたが、左右への展開、前線への飛び出し、そして高精度のミドルシュートと後半はCHと呼ぶに相応しい仕事ぶりだったと思います
軍事	前線	9・11以降、日米一体化を軍事面でも推進する動きが強まり、アフガン戦争ではアラビア海で海上自衛隊が「ガソリンスタンド」を務め、イラク戦争ではサマワに陸上自衛隊が駐屯し、後方支援から前線参加に転じたこと
気象	前線	平成13年5月29日から7月18日までの間における梅雨前線による豪雨により発生した災害についての激甚災害の指定及びこれに対し適用すべき措置の指定に関する政令(平成13年9月14日政令第301号)
軍事	前線	戦闘では前線に配備されることも多いが、決して勇敢とは言えず、勇猛果敢で戦闘に積極的な他の種族と違って、戦闘が無いほうが彼らにとって良いに越したことは無いようだ
軍事	前線	なにしろユーラシア大陸の大半を対象にして、前線基地への補給や人員輸送などを手広くやってのけるのだから、即応態勢のためにも相当な人数が必要になる
その他	前線	ところで、くどいようですが紅葉前線一日に約50mすすむとは、「高度50m下がるの意味で1000mの山が紅葉し始めたら10日後に500mの山も紅葉する」
気象	前線	6月半ばころから停滞していた梅雨前線が25日の早朝になって雲母峰付近を中心に当町域を雨雲が舌状に覆い、バケツをひっくり返したような豪雨となって、各河川を鉄砲水となって流れ、金渓川の茶屋の下橋・谷口橋・宮橋・見性寺橋が流失した
軍事	前線	函館戦争では、五稜郭の前線基地であった千代ヶ岡陣屋を制圧すると、降伏勧告をしたが、中島はそれを謝絶して戦闘を続け、5月16日に長男恒太郎や次男英次郎と共に戦死した
軍事	前線	このような姿勢は、北朝鮮核兵器開発計画を中断させるために、韓国、日本とともに統一した前線を維持しようとするワシントンに不快感を与え、混乱させるという
軍事	前線	平家方の長綱はしばらく防戦していたものの、手勢が諸国からの寄せ集めた雑兵だったので結束力に欠け、一騎も戦いの場に出ることなく我先にと前線から逃げ始めてしまいました
その他	前線	例えば、NPO法人ピースデポ代表の梅林宏道氏は2300億円にのぼる思いやり予算などを挙げ「極東の枠を越え、合衆国の国防戦略として日本を前線基地化するものだ」と、東京新聞の半田滋氏は「小泉政権の安保政策の無関心が取り返しのつかない事態へと追いやる」と警鐘を鳴らしている(雑誌世界12月号)
軍事	前線	食糧も乏しい時代であったが、毎週水曜日には日の丸弁当といって、麦飯の中央に梅干一つだけ入れおかず無しの弁当を持参し、前線の兵隊さんのご苦労をしのんで先生と会食をした
軍事	前線	それ一方ではややもすれば前線に従軍する兵士の大半を供出している貧困層を刺激し、場合によっては彼らの大規模な反政府暴動の招来すら、その時点では元老院は覚悟せねばならなかった
気象	前線	昨年に引き続いて、「棚田で田植え」をという計画でありましたが、前日から梅雨前線の影響で雨が降り、急きょ場所を変更して、中田公民館での開催となりました
気象	前線	ただし、南海上からの暖かく湿った空気が温暖前線に流れ込んで活動が活発になると、温暖前線特有の地雨性の降雨でなく、どちらかといえば寒冷前線の通過時にあるような非常に激しい雷雨になることがある
気象	前線	今日は前線への吹き込みや東海上の高気圧の吹き出しによって南西〜南東寄りのウネリがあって、ポイントや潮の合う時間帯を選べば伊豆エリア・新島共にショートライドが出来ていました
その他	前線	桜前線は例年3月下旬に九州南部・四国南部へ上陸し、順次、九州北部・四国北部、瀬戸内海沿岸・関東地方、北陸地方、東北地方と北上し、5月上旬に北海道に至る形で描かれる
その他	前線	前半は、トップ下のシルビーニョが自陣深くまで下がって、前線の佐藤寿人、大柴克友にロングフィードを送るパターンが続いたが、後半に入ると右の中田洋介、左の梁勇基の両サイドが機能し始め、さらには前線の佐藤がくさびになったり、左右に流れてクロスを供給するなど、攻撃にバリエーションが生まれる
軍事	前線	「城に戻ろう」という戦場チャットが何人かからあったのですが、前線の乱戦域に残ったままの一軍がいて、そのまま壊滅してますし、「得点差が詰まってきているから下がろう」という意味合いの発言もいくつかあったのですが、一部の集団が敵城まで突撃していて、戦場チャットでの発言と、実際の前線の行動がバラバラになっていましたね
その他	前線	桜前線に左右され、「満開の桜の下でのお弁当」というお花見会にできず少し残念ですが、見方を変えれば、2度お花見を楽しめたということですから、それはそれでいい思い出ですね
気象	前線	梅雨とは、東アジアだけにみられる雨季で、6月上旬から7月上旬にかけて日本の南岸から中国の長江流域にかけて前線(梅雨前線)が停滞して長雨を降らせる、その現象のことをいいます
その他	前線	ステータス変化を敵や味方に及ぼす付与魔法が多く設定されているそうで、いかに前線に近づいて詠唱する事でそれらの魔法の効果を大きくするかがポイントのようです
気象	前線	1972年7月6日、折からの活発化していた梅雨前線によってもたらされた大雨の影響で、駅の裏山斜面が8合目付近から高さ350m×幅280mにわたって崩壊し、これが土石流となって真幸駅構内と周囲の集落を飲み込み、死者4名、負傷者5名のほか、住家28棟、非住家29棟流失の被害を出した
気象	前線	また、「雨中バイパス」・「小谷道路」・「栂池バイパス」の事業促進に努めるとともに、平成7年の梅雨前線集中豪雨の教訓を受け、防災行政無線が整備されたところでございますが、年数が経過する中でシステム的にも不具合が生じておるとともに村の地形から十分な機能が果たされておらないのが実態でございます
その他	前線	チャビィーは性能向上と小型化を同時に実現しようとした技術面での野心作ではあったが、運用面では前線での要請とかみ合わず、結果として中途半端なモノになってしまい、現在の立ち位置としては微妙なところにいる
気象	前線	梅雨期、秋雨期には、前線上を東進する低気圧や台風の北上に伴い、南海上から流入する暖湿気流によって前線活動が活発になり大雨を降らせることがあり、水害の直接の要因となる
軍事	前線	あずささんは個人的な戦闘力は最上級なのに率いる部隊は潰滅することが多いので前線指揮の腕はさほどでもないとは思っていましたが、今回の鮮やかな撤退指揮に必要なのはそれとは別の能力なのでしょう
気象	前線	今日の時点で梅雨前線は蛇行しつつあり、予報で言われている16日(木)〜17日(金)の雨が終わった頃か、もしくはその前線が急激に消滅するのか、太平洋高気圧が頑張って張り出して梅雨前線を朝鮮半島まで押し上げた時点で梅雨明けか
その他	前線	確かにシャドウランはダークな世界ですが、 一緒にチームを組んでRunをするということは、仲間の腕を信じて前線に立てるということですし、また、そうでなけれ ば、命懸けのRunはこなせないと思います
軍事	前線	すなわち、ブッシュ大統領のアメリカがアフガン戦争、イラク戦争を引き起こして莫大な数の犠牲者を出している現状の下で、こうした「ブッシュの戦争」に日本が前線に立って戦闘行為を行うことを含め、全面的にこれに加担することを許容し、今後こうした侵略戦争に積極的に参加することを可能とするものである
軍事	前線	しかも、この最終報告は、航空自衛隊築城基地を、沖縄・普天間基地所属の米海兵隊の前線補給・中継拠点に位置づけ、築城基地内に海兵隊の訓練施設、駐機場、格納庫、隊舎を新設する、米空軍機の訓練に築城基地を使用することをうたいました
軍事	前線	しかし、この攻撃は続かず、この狭い区域から脱出しようとした彼らは鉄条網に飛び込んでしまい、そこに配置に付いていた海兵隊からの掃射によってなぎ倒され、この間にレイダー中隊の指揮官である中尉は我に返り、海岸路に沿って新たな前線を構築しようと試みました
その他	前線	ネット上で「止まる奴がバカ」とか、「俺もう逃げた」みたいな意見がたくさん出れば、前線に止まって何とかしようと考える医師の意志は、もう崩壊寸前に追い込まれる
軍事	前線	勇ましい主張の結果もしものことがあったら、あんたら自衛隊に入って戦うと言うならあんたの主張は認めるが、どうせあんたらは口先だけで前線に行く気なんかないんだろ
軍事	前線	私は戦時中十六から十七ぐらいにかけて海軍兵学校へ行っておりまして、そこで二年間ほど教育を受けたわけでありますが、その教官連中が前線から帰ってきまして異口同音に言っていたのがレーダーにやられたということで、それをいつも聞いておったわけであります
気象	前線	しかし、9月(つき)の台風(たいふう)は、前線(ぜんせん)の影響(えいきょう)で大雨(おおあめ)を降(ふ)らせるため、8月(つき)の台風(たいふう)よりも大(おお)きな被害(ひがい)をもたらします
その他	前線	まぁ新潟でも降格間近になったら前線に外人3人ならべて下品な3トップでどうにか残留したりと戦い方がコロコロ変わるのは今に始まった事ではありませんがw
その他	前線	)が宿っている大学生に運動量で迫られては敵わない刈谷でしたが、愛知学院は真ん中から前線はそれ相応の迫力は感じれど、DFラインの心許なさが露見するバランス悪い構造に気付くにつれ、去年ほどの脅威は無く勝機は十二分にありと断じずにいられませんでした
軍事	前線	こちらもフラナガン機関を発動させて、シャリアブルやララァなんかも前線に投入してはいるのですが、このキリマンジャロ攻めでやっとドムを主力に据えられたという程度の戦力なので、苦労しています
その他	前線	横浜FMは代表で主力3人を欠いた上、ドゥトラ、遠藤も欠いてさらにユサンチョルが負傷交代になったけど、前線の坂田のスピードだったり見るべきものはあった
軍事	前線	入り口には1965年2月14日のベトナム戦地取材の前線でベトコンに包囲され、200人中生存者17名という激戦に巻き込まれて奇跡的に生還したのちに国際電話で交わした朝日新聞とのなまなましいやりとりの音声が再現されていたりして、とても充実した見ごたえのある内容です
気象	前線	冬から春に向かって、大陸高気圧が弱まり、北西季節風の勢力圏が北に後退するにつれて、この寒帯前線帯は、日本の割合近くの南の海上に位置することが多くなる
その他	前線	今回の主な内容でございますが、人事異動等に伴う給与関係、町有建物解体費、松前線代替輸送対策経費、それから選挙経費、小規模治山事業費、水産物蓄養施設建設事業、林道島前線災害復旧事業、国保特別会計へ繰出金、財政調整基金積立金などの追加が主なものでございます
気象	前線	この日は前日より北 上していた梅雨前線が急遽南下し、朝から雨模様で、西舞鶴自動車道を走ってるとき は、それはもう、バケツをひっくり返したような大雨で、こんな調子では、先が思い やられると心配しておりましたが、港に着く頃には雨もあがり、海も穏やかで絶好の 釣り日和となるはずでした
軍事	前線	石灰岩質の広く平坦な飛行場適地を有し、日本軍から見ればフィリピンから東部ニューギニアの前線へ至る飛行経路に、連合軍から見ればパラオとフィリピン南部を爆撃圏に収める位置にあった
気象	前線	伊豆諸島では、前線や台風周辺の発達した雨雲がかかるため、雷を伴って1時間に40ミリの激しい雨が降り、27日12時までの24時間に予想される雨量は200ミリの大雨となるでしょう
軍事	前線	エス・エルとメンシェヴィキが閣僚に入った臨時政府は、軍隊を送って、党の編集局を襲い、デモを実力で押しつぶし、ボリシェヴィキの新聞発行を禁止し、逮捕、捜索、虐殺を行い、首都の革命的な兵士を前線へ送り、前線で反乱兵を処刑した
軍事	前線	冷戦時も第二次世界大戦と同様、朝鮮戦争、ベトナム戦争、ドミニカ内乱、レバノン危機、グレナダ侵攻作戦、湾岸戦争などアメリカ軍が参加した主な戦いには全て参加し、一番最初に前線に投入された
気象	前線	ここ数日間、本州の南海上に停滞前線があるために関西では概ね曇りがちの天候が続いているようですが、明日は西から高気圧が張り出して来るので行楽には絶好の日和になると思われます
その他	前線	その後、山崎、アルベルトを投入し、前線をスクランブル状態にして攻めた甲府だったが、「パワープレーには切り替え切れなかったところもある」と羽地が話すように、局面打開の決め手とはならなかった
軍事	前線	台湾の統一は、軍事力、特に海軍及び空軍の展開を容易にし、台湾における海空軍の基地の拡充による対日対米前線基地化で東アジアの緊張は一層高まる可能性がある
気象	前線	北海道地方には梅雨がないとされ、気象庁でも北海道の梅雨入りは発表されていないが、梅雨前線が北海道にかかり、2週間ほどぐずついた天気になる事があります
その他	前線	それに気付いた者はごく少数だが、普通ならば日頼のように前線に立って憤怒するような立場のはずの彼が失せたということを、当時は慌ただしく心身ともに不安定で政宗は気付くことができなかったが、彼の存在が見えぬことに激しく腹を立てていた
その他	前線	UNの一部隊をたった一人で壊滅させたとか、五倍の敵に包囲され浮足だった前線司令部を全員袋叩きにして指揮権を奪い取り、あげく壊滅寸前の味方を再編して見事敵中を突破して見せたとか、どうにも眉唾物の話ばかりではあるのだが
軍事	前線	第二次大戦中、長引く戦争のために、前線の兵士の気持ちはすさんで、占領地における暴行略奪が絶えなかったのだが、日本軍はその対策の一つとして、「慰安婦」を戦地に送ることにした
その他	前線	ブラックナイツ三機を打ち破り、ラブラルの狩人の守備部隊とガルバディア陸軍の攻撃軍との前線に辿り着いた竜也と陣内は先行していたマーベリックとジャック、エリックが敵のガルドフレイムや零式やらと激戦を展開しているのを視認した
その他	前線	主なものとして、カノンに「免罪符」のスカーレットニードルを打ち込む、シャカが倒されたと聞くや自分の宮を放棄して前線に出る、サガたちを相手にスカーレットニードルを連発する、アテナの自害にショックを受けカミュの首を絞める (アニメ) などである
その他	前線	ボランチ、啓太はポジショニングも良かったし、前線の選手に向けてのパスもまずまずといったとこであるが、まだコンディションは上がりつつも、本調子にはもう少し時間がかかるとこであろう
軍事	前線	"百式短機関銃"は日本陸軍期待の新兵器であったが、輸送中に輸送船が撃沈された事や資源不足等が原因で前線で使用される事は少なく、一部の砲兵や騎兵将校の自衛用火器として使用されるに留まっていた
軍事	前線	ヽ(#`W ́)ノ9月11日 機動六課隊舎 PM19:14 はやてが隊長・副隊長含む前線メンバーに、翌日の公開意見陳述会に向けての六課の任務を説明
軍事	前線	戦闘機が空から敵陣に入り、多少の空爆を行なったとしても、陸上の前線部隊がその地にしっかりとした基盤を築いて敵を制圧しない限り、その地を占領したとは言えないのと同じです
その他	前線	)、前線との距離が離れ攻撃陣が完全に孤立し、たまに送られるロングボールによるカウンターの場面でも攻め手で使える選択肢が大きく減少してしまう結果を招きます
気象	前線	梅雨入り後は、オホーツク海高気圧が強まり梅雨寒の時期がありますが、7月上旬には梅雨前線が活動を弱めて梅雨の中休みとなり、一気に暑くなるタイミングがあります
軍事	前線	スーパーボウルというアメリカ最大のお祭りに、退役軍の関係者を招待し、世界各地で活躍している前線の兵士のメッセージを流し、元最高司令官を迎えるという演出は、日本のそれとは全く異にしている
軍事	前線	「この戦闘の切り札の一つであるメカィアーリスの方々は1小隊で必ず動いてください、当分はこの位置で待機、私と真由美さんが前線に行きますので何かあったらテレパシーで」
その他	前線	ガンバが攻撃的(ここでは人数をたくさん前線にかける)なサッカーを続けられるのも、後ろで明神がポジショニングをさぼらないから相手ボール奪われても相手にカウンター運ばれる機会が減るのです
軍事	前線	屈服しない決意も固く、彼は彼の前線の約200ヤード前方まで単独で匍匐し、日本軍前線から50ヤードの崖の陣地を注意深く観察を行い、敵の機関銃陣地の配置を確認し、支援砲撃と艦砲射撃に極めて重要な情報を彼は伝え、彼自身の前線へと戻った
軍事	前線	「中支最前線岳陽楼より洞庭湖を望む景勝の地岳州に最初の皇軍慰問使として世界的探検家菅の力夫氏を迎え織田司令官以下織田部隊伊藤部隊将兵五百名は二時間に亘り痛快なる御講演を拝聴し一同感銘益々国威宣揚を誓うこれに謹みて深甚なる謝意を表す
気象	前線	前線を伴った低気圧が東海地方の南岸を通過した影響で、明け方まで雨が降りましたが、その後は大陸から高気圧に次第に覆われたため、日中は飛騨地方や美濃地方の山地では曇りとなりましたが平地では晴れとなりました
軍事	前線	徳川軍と交戦していた朝倉軍は数では上回っていましたが、朝倉義景が前線に出なかったため士気に欠け、徳川軍は苦戦しつつも正面突破を強行した本多忠勝や、迂回して朝倉勢を横撃した榊原康政の2将が率いる徳川旗本精鋭隊が加わり、徳川優勢になります
その他	前線	CF柳田の献身的な前線からの守備でリズムをつかみ、両サイドのDF、小林、臼井の攻撃参加、MF藤波の中距離シュートで相手を脅かした後、CF安達の見事なヘッドが炸裂、均衡を破った
その他	前線	ユヴェントス、ラツィオ、ローマ、インテルといったビッグクラブのサッカーに共通しているのは、プレッシングや組織的な囲い込みをあまりせず、守備の局面ではかなり自陣に引いて守ること、そして、「組み立てる」ことよりも、いかに最短距離で中盤・前線のスーパープレーヤー(ジダン、トッティ、バティストゥータ、レコーバ
気象	前線	梅雨前線も北上し、関東地方への豪雨の心配も少し遠のき、何とかこの大会に間に合うかの様に、やっと川も落ち着きを見せ、水量は多目ながらも、大会には絶好のコンディション的、感覚が持てる状態になってきました
軍事	前線	その頃南風原陸軍病院からの重症患者が移送されてくるし、また前線からの負傷兵も日々増加するばかりで、ガマ内は負傷兵と糸数の住民がひしめきあっていた
気象	前線	要するに、そもそも自然相手のことで、一度北上した梅雨前線が絶対にまた下がってこないとは誰も言いきれないはずなのに、入ったの 明けたの という表現はふさわしくないのでは、と思うのです
軍事	前線	でも確か「近年の戦争においては、戦争推進派の人が戦争で死ぬ事は先ず無い(何故なら彼らが前線に出る事はないからだ)」というような言葉がありましたね
軍事	前線	窮地に立たされた国連軍側もM4シャーマンやクロムウェル、M26パーシングやセンチュリオンなどの主力戦車や支援車輛を次々に前線に送り込み、最終的には数百両の戦車を投入
軍事	前線	この中で「警報発令前に災害警戒本部を立ち上げ、早期に自衛隊の派遣要請を行うなど、素早い対応」と評価し、「被災地や道路等の被災施設の早期復旧」に努めるとともに、「引き続き梅雨前線による降雨に備え、警戒体勢に万全を期す」よう求めた
軍事	前線	この戦いは双方一進一退の大激戦となり、兵力で劣勢であった前田軍がついに総崩れになろうとしたとき、折よく三百の兵を率いて前線の巡視に来た村井長頼がこれを見て加勢し、神保軍は日ごろから長頼の勇名を聞いていたので、あわてて後退を始めています
その他	前線	パスがよいタイミングで出てこないから・・というか、パスを出すコア選手が定まらず、レシーバーが動き出しのタイミングを測りかねているから、前線の選手や、後方から走り抜ける二列目・三列目プレイヤーのフリーランニングエネルギーが徐々に殺がれていったと感じられたのです
軍事	前線	PAC側は奇襲を成功させないと身動きが取れないですねTT 前線で戦ってる兵の数もEUの方が多そうだし・・・無理に正面突破など狙わないで、前線部隊は陽動作戦程度が良いんですかねぇ
軍事	前線	判決などによると、東京日日新聞(現毎日新聞)は十二年、四回にわたり、野田毅、向井敏明両少尉が前線でどちらが先に百人斬れるか競争しているとの記事を実名入りで掲載
軍事	前線	一概に好戦的と称される排穀嶺であっても、この戦争が氣工護主と機工護主の対立である事、何より、人間同士の殺し合いについては一定の常識的な意見を保持している事、そして、実際に前線に立つのは軍の人間である事が、決定打となった
軍事	前線	前線の兵卒としての日々を送っていた如星ですが、ひょんな事から(突発的トラブルにより)兵士五人を一ヶ月だけ率いて戦線につく事になってしまいました
軍事	前線	敵であったドイツ軍とイギリス軍が互いに40メートルと離れていない前線で、クリスマスの夜をともに祝ったという実話を想うにつけ、そんなことのできるクリスマスを共有している私たちが、本気になったならば、戦争など終わらせることができるだろうと
気象	前線	この前線、次第に明瞭なキンク(くびれ)を形成し発達しながら19日夜、九州の南西海上にて温帯低気圧になると予想されており、20日(木)には更に発達する見込みです(気象庁では19日21時で1012hPa、20日9時では1008hPaと予想)
軍事	前線	しかし、やはり海が恋しくなった秀松は明治22(1889)年に初めて浪速の艦長となれたのも束の間、明治28(1895)年に海軍少将に昇任するともう前線で戦いの指揮を執る訳にも行かなくなってしまい、非常に残念がったがそこは大人の事情を察して諦めざるを得なかった
その他	前線	リコール達成までの運動を主導した市議の皆さんは、前線指揮官としては有能だったし、十分な働きをしてくれたと思いますが、前線から一歩離れ、たたかいの全局を客観的に見つめながら、事態の進行に対し冷静な判断をもって指揮できる人材を欠いていました
その他	前線	「覇者の戦塵」シリーズの特徴として、戦いの推移が前線の士官クラスの視点に固定され描写されるため、戦いの帰趨、敵軍の状況はもちろん、友軍の状況や司令部の意図なども含め“戦場の霧”で隠されている
気象	前線	正午より田中艇長と仲野の二人で、新西宮ヨットハーバーを出航洲本へ向かうも前線が接近、強風と波浪のため洲本サントピアマリーナでの停泊は危険と考え西宮へ引き返しハーバー泊り
軍事	前線	都市部への侵入工作奇襲、揚陸作戦からの敵前線基地強襲作戦、要防衛地区の潜伏ゲリラ戦等々、常に作戦課が練った奇策に己の有り余る武勇で最大限に応える百戦錬磨の最前線要員
気象	前線	停滞した前線の影響で17日、東北地方北部は大雨となり、北秋田市阿仁比立内(あにひたちない)で午後7時までの48時間降水量が241ミリを観測するなど秋田県内8カ所で過去最多雨量を更新した
気象	前線	気象庁によりますと、北日本にある前線がゆっくりと南下するため、19日・日曜日には全国的に曇りや雨の天気となり、しのぎやすくなる見込みですが、18日・土曜日にかけては各地で厳しい暑さが続きそうだということです
その他	前線	1つはよくある光景ですが、要は中盤あたりでボールを奪った後、前線にパスをした時にそのボールをオフサイドラインを超えていた選手に渡ってしまった場合と、または渡りそうになってしまった場合です
その他	前線	小野と阿部が戦列を離れており、本来であれば前線にいるべき福永と永井を中盤で起用せざるを得ない ──というチーム事情と無関係ではないだろうが、個人技だけで得点しているような印象を受ける
気象	前線	(9)また四国地方は6月2日に梅雨入りが発表され、向こう1週間、南海上に停滞する前線の影響で、曇りの日が多く、降水量は平年並になると予想されている
その他	前線	後者の気候の話は、大阪の御堂筋に街路樹として植わっているイチョウに着目して検索しましたが、気象庁に「黄葉前線」という指標があるのを大いに参考にしました
その他	前線	前線に乗り出すことも多いが、窓のないビルでアレイスターと直接会見したり、本国にいる時はローラの秘書ないし側仕えのようなことをするなど、「必要悪の教会」における具体的な立場は不明
その他	前線	メキシコの前線には危険な選手がいて、その選手にどう対応するかとか、リズムが崩れた時にどう立て直すかというところを心配していましたが、選手は勇気を持ってやってくれたと思います
気象	前線	「秋雨」だと言っていたが、その実態は完全な梅雨前線で、9月という、この時期だから仕方なく「秋雨」と読んでいるのだと、気象予報士のお姉さんが裏話をしていたのを思い出した
その他	前線	ゼイオンと共に走っているのは前線の指揮を執っている指令官と召喚士、魔導士、情報担当の戦士が一人ずつ、みな口を閉ざし、息づかいと足音だけが聴こえている
軍事	前線	武田鏡村氏は、義元軍の目標は織田方の各砦を撃破して鳴海城を救い、大高城との交通を確保し大高城・鳴海城・笠寺城の前線を補強して主戦場を鳴海城と善照寺砦と中島砦の三地点を結ぶおよそ1km四方の中に想定しておられ、これは戦略の常道であると言われますが、これも義元が大軍である限り絶対に採らない戦術でしょう
軍事	前線	命からがら帰国出来たとしても此れにて安心して勉学に励める等とは程遠く、直ぐまた予備兵として前線に送られたり、奨学金を取り上げられたり、そもそも巧妙なトリックで奨学金を頂けないことも有ります
軍事	前線	混乱と堕落を極める前線では不正と暴力が横行し、しかし軍は将校をかばっていかなる犯罪行為も不問に帰され、被害者はさらに汚名を着せられて葬られていく
軍事	前線	守備陣の奮闘はともかく、攻撃陣は流れを変えられなければ、播戸以外に効果的な選手もいなかった訳であり、アドリアーノではなく、ワシントンのような前線にためができる選手の方が長い目で見ればあっているかもしれない
気象	前線	気象庁は11日、活発な梅雨前線の影響により、九州から北海道の広い範囲で、雷を伴った大雨が12日にかけて降るとして、土砂災害などに警戒を呼びかけた
軍事	前線	スターリングラードの攻防でドイツ兵が見たものは、前線で重機関銃を操作していたソビエト軍を打ち破り、ドイツ兵が陣地に乗り込むと、機関銃を操作してドイツ軍に攻撃していた兵士達が女性達だったと唖然としたそうです
その他	前線	確かにその前に倒されて足を引きずっていたのだから仕方ないかもしれないが、あれだけ前線や中盤でフォローする為に動いていたのが居なくなれば、敵にスペースを与えてしまう事になる
軍事	前線	狭義の戦術爆撃が前線 (戦線) 前線に配備された戦闘兵力(歩兵、戦車、陣地等)を直接的に攻撃して、陸戦における自軍の戦闘を有利に進めるものであるのに対して、○○攻撃は前線背後の補給ルートを攻撃することによって、敵側の前線兵力を間接的に弱める意図を持った物である
軍事	前線	●アラン・ミラー 第二次大戦中に米国陸軍に入隊、楽団を率いて演奏活動を展開し、兵士を勇気づけるため前線を慰問、ヌーアダイン型連絡機でドーバー海峡を飛行中に消息不明となったミュージシャンがいた
軍事	前線	1972年にパレスチナに行き、今日の映画(『チェチェンへ』)と同じように、前線を歩いて取材したドキュメンタリーがあるのですが、どこも同じように若者が前線に行くわけです
その他	前線	やっぱり、気候や土地柄の問題で、スーパー程色々なものを揃えてというわけにはいきませんし梅雨前線や桜前線のように日本列島を縦断している旬を点でとらえてしまうので、何々はいつでも食べたいというわけにもいきません
軍事	前線	対共産主義封じ込め政策の前線地帯である西欧の経済復興と繁栄は共産主義の西側浸潤を食い止める根本条件であり、米国にとってはどのような代価においても実現する必要があった
軍事	前線	日本軍が降伏する直前(1945年8月15日)まで通訳か、それでなければ前線地区を回って阿片を商ったり日本軍慰安婦の抱え主を演じた連中までが、一朝にして光復軍(韓国臨時政府の軍隊)の帽子を手に入れ、独立運動家、亡命者、革命家などを自称する、とうてい見るに忍びない風潮が横行したことだった
軍事	前線	まあ、ここは曲がりなりにも軍の設立した公的な士官学校であるから、真面目に卒業年度まで在学していれば、SS隊員の夫人や子供の護衛など、警備員や婦警のような職務には就けるかもしれないが、それは、前線で軍人として活躍したいと思っていたリップヴァーンの希望には沿わない
軍事	前線	このような戦場での支援について、アフガニスタンの前線基地にあるドーナツチェーン店がこの度、カナダ政府から叙勲の対象となることが明らかになりました
その他	前線	枝村の選考理由について、横浜市内で記者会見した反町監督は「ケガで出遅れたが、彼の持ってるいい部分、前線に飛び出すプレー、そしてチャンスで得点に絡む能力を評価した
気象	前線	強風に前線の接近、大雨と気象条件が最悪だったため、フライトは行わず前日からの泊まり組を含め5人で午前中に機材の整理&修理、午後には各人の書類整理と自家用試験の口答質疑対策を行いました
軍事	前線	小田原城を本拠地とする北条氏は、その勢 力下にいくつかの支城を置いていたが、津久 井城は、先述したように西の強敵・武田氏に 対する前線基地である
軍事	前線	訴状によると、東京日日新聞は1937年に4回にわたり、旧日本軍片桐部隊の2人の少尉が、前線で「100人斬り」の競争をしているとする記事を、実名入りで掲載
その他	前線	後半に入っても新潟ペース、前線で北嶋が完全に孤立してボールの納まらない清水に対して新潟はカウンターから新潟のFWエジミウソン、ファ ビーニョ、上野に次々に決定的なチャンスが巡ってくるが前半同様決め切れない
軍事	前線	軽巡天龍と駆逐艦2隻が支援砲撃を行うために湾内に突入したが、前線と連絡ができなかったため現地の状況がつかめず、橋頭堡から後衛部隊の負傷者を収容して引き上げた
その他	前線	個人に目を向けると、やはり前線で抜群のキープ力を見せて1本目の攻勢を演出した海野、中盤での再三の好守でショートカウンターの起点となった丸山が印象に残った
気象	前線	北海道地方には梅雨がないとされ、気象庁でも北海道の梅雨入りは発表されていないが、梅雨前線が北海道にかかり、2週間ほどぐずついた天気になることがある
気象	前線	台風6号は梅雨前線を刺激しながら本州の南を北上した為、熊谷でも台風が最接近する1日半前から早くも激しい雨などが降る 台風の間接的な影響を受け始めた
その他	前線	そういうものを、総合的に考える場がいったい、じゃあ長野県庁にあったかどうか、そういう戦略を練る、現地機関、前線部隊のヘッドクォーターってのが、これからますます重要になってきて、実はそれが、長野県の平成8年から縮小している県民所得を拡大する一つの手がかりになるんじゃないかなというふうに私は、個人的に考えています
その他	前線	а) 師団または軍団指揮官の命令なしに、占有すべき位置から許可なく兵を撤退させた連隊長、大隊長とそれに対応する政治将校は、全員無条件で更迭し、勲章を剥奪し、前線軍管区評議会の軍法会議にかけること
その他	前線	ゲーム的にはペナルティエリア内で真価を発揮するタイプで、オールラウンダー風に起用しつつ前線に張り付かせダイレクトプレイを狙わせたほうがいいだろう
軍事	前線	その反対の理由は、今から採用した兵学校生徒たちは、その学業を了えて部隊に配属される時までには恐らく今次の戦争は終っていて彼等は戦争の役には立たないだろうが三〇〇〇名もの生徒を採用することになれば、現在前線で働いている多数の有能な士官を彼等の教官として内地に呼び戻さなければならないので、これは、わが方の戦力の低下になるというのでありました
軍事	前線	管理外世界出身で未だに十代の前半、前線上がりで本来は数年かけて卒業する士官学校も、多くの実戦経験とリーゼ達による英才教育により、飛び級に飛び級を重ね一年足らずで修了、さらには歴戦の勇士ギル・グレアムという後ろ盾に、上層部の主流であるどの派閥も士官学校時に彼にコナをかけられなかったからだ
気象	前線	大雨、台風情報 気象庁は23日、九州南部での大雨は弱まったものの、梅雨前線の北上に伴い、24日昼すぎから再び激しい雨が降る恐れがあると発表した
気象	前線	前線が低気圧に近いと、前線の両側で雨が降り、特に北側に悪天域が広く広がり強い雨が降り、南側では中心から離れると断続的な雨を見る程度で晴れが多くなる
気象	前線	平成20年6月28日~平成20年7月5日の梅雨前線豪雨により阿庄洞川における砂防設備が被災を受けたため、本設計書のとおり復旧し、民生の安定を図りたい
軍事	前線	さて、日本はずっと事実上戦争はしていないが、資本主義の前線で戦う企業戦士にはやはり、このノスタルジアという感情は排除されねばならない感情(心の病)なのではなかったんじゃないか
その他	前線	を使います 方法は:壁は立って、双足は指を合わせて、とても腰はずっと辺鄙で、2つは前線を水平に見て、両手の前で伸ばして、手の平は締めて壁を貼って、くねくねした2のひじ、全身1の前で1の後の運動をして、毎日8
軍事	前線	しかしながら、海軍の物資調達システムは急激な変化に対応できず、戦争介入から半年が過ぎた頃でも、相変わらずカーキ色のフライトスーツが前線の部隊に送られていた
その他	前線	セレセレさんが使っているキャラ「ティチエル・ジュスピアン」は物理攻撃・物理防御が弱いので前線では戦えないのだが、回復系魔法が使えるので後ろで援護してもらっていた(というより、してくれていた)
気象	前線	前線がほんの少し動いただけで天気が大きく変わるかどうかは、低気圧の位置や前線の種類など状況によって違いますが、今回の場合は低気圧は北海道の北を進む予想で福岡からは離れているので、福岡は寒冷前線の通過する前後の時間に雨となりますが、寒冷前線が抜けた後の天気の回復は早そうで、18日は午後あたりからは晴れ間もありそうです
気象	前線	四国や九州では相当な豪雨で、土砂崩れなどの災害に遭われた方が多数いらっしゃったようですが、その活発な梅雨前線の余波が京都にも登場し、一日傘を差してずぶ濡れになりながら歩き回りました
その他	前線	B'sのような急速設営を可能にするべく、国産のブルドーザー、キャリオール・スクレーパーその他の 新型重機を装備した「機械化設営隊」が前線に登場したのは、昭和18年の下半期にはいってからだった
気象	前線	気象台では、”本州の梅雨前線が北海道付近までたびたび北上”とありますので、本州の豪雨も関係ありとすると、温暖化の影響なのかどうなのか、北海道に平気で梅雨がくる日が近いのかもしれません
その他	前線	(そもそも、明治政府が、海沿いの東北本線・羽越本線のほかに奥羽本線が国営で前線敷設されたのは兵站の北方輸送の冗長性確保という軍事的な理由によるものと聞きますから)
軍事	前線	プレオープンサービスの頃は、投石車(近代兵器でいう戦車)を作っては前線に運び、巨大な石を投げつけあった「投石合戦」が盛んだったが、PCのレベルキャップ解放と装備の充実により、投石車で与えられるダメージが相対的に減少したため、それだけで戦況を変えるのは難しくなった
気象	前線	一般に北海道に梅雨はないといわれるが、これは梅雨前線がおもに本州上に停滞することや、梅雨の終わりには前線の勢力が衰え、北上する速度が非常に速くなっていることから、北海道で梅雨によると思われる降水が観測されないことが多いからである
気象	前線	このため、28日早朝から降り出した山形県中南部の雨は、前線の動きにつれ、28日夕刻から29日未明にかけて激しさを増し、飯豊・朝日山系を中心とする西置賜地方では未曾有の集中豪雨となり、当時戦後最大規模といわれる被害をもたらしました
軍事	前線	小さな切手に加刷されたわずか2つの文字が、日本による軍事的侵略や、郵便を含め主権を奪われた現地の人たちの苦難、遠い家族へも手紙を送ったであろう前線兵士の悲劇など、さまざまな史実を物語る
気象	前線	しっかり意識してくださいね〜夏至の前後である「梅雨前線」と、秋分の前後である「秋雨前線」どちらも「停滞前線」だけど、違う現象である、という事実
軍事	前線	世界中に大規模に展開していた駐留軍を削減し、幾つかの軍事拠点となる基地に少数精鋭の部隊を常駐させて、何かあった場合は迅速にその基地からオスブレイの様な高速巡航の出来る大型輸送機等で、前線に精鋭部隊を展開させ、あっという間に敵を殲滅して撤兵する
軍事	前線	従って、書き手は制約も受けやすいのも事実で、感想なり状況なりをありのままに発信しているかどうかは疑問であって、上記のような“前線の兵士”などは特にそれが言える
軍事	前線	戦車隊のキャタピラ修理を監督していたノーマン中佐は重砲部隊陣地がまるで火山の爆発でも起きたかのように爆発し、さらにさきほどまで自分がいた前線司令部が吹き飛ぶのを見て、呆然とした
気象	前線	梅雨前線はしっかりと日本列島の南岸沿いに横たわっていますが、週間天気予報では「おひさまマーク」が並び、「今週は太平洋高気圧に覆われ暑い日が続くでしょう」と、お天気キャスターも言ってますが、「本当なの
その他	前線	レアル・マドリードに移籍後は会長の意向を具現化するように、右にベッカム、左にフィーゴ、中にジダンという並びにしたが、このマドリーの中盤前線で明らかにボールキープのテクニックが劣るベッカムは機能せず(またチーム自体がハイクロスを必要としていなかったため)余りにもバランスが悪く守備に負担が掛かるために、フィーゴを右に戻し、ベッカムを1列下がったポジションでプレイさせることになった
軍事	前線	しかし、侵攻開始から2〜3日後には前線から後方に下げられてしまい、6月24日付の報告書によると、第2中隊のカール2両はベルゲンの訓練場に置かれているとしている
軍事	前線	Go242からの改造機と新造機合わせて約170機が製造されたが、搭載したフランス製のノーム・ローンエンジンが非力だったため実戦部隊からの評判が悪く、1942年の末には前線から引き上げられてしまった
軍事	前線	報告書によると同機が降下中に、シートベルト・サインがオンの状態で、台風の北側に発生した前線帯を通過したことによって、激しい気流の擾乱に遭遇した際に、機体が大きく動揺し、お客さまが膝の上に抱えていた手荷物が、シートベルトの留め金具に接触してシートベルトが外れ、座席から体が飛び出して前席の背もたれに腰を強打し負傷されたものと推定されています
軍事	前線	そのため、東伊那を松くい虫被害の前線基地としないために、駒ケ根市や地方事務所では中沢地区内での徹底駆除などを行うなどしてきたほか、東伊那地区約10ヘクタールでヘリコプターや地上からの薬剤散布を実施
その他	前線	エンジニア以外の射撃兵と同様、前線に立つのは避けるべきですが、他の射撃クラスとは異なり、エンジニアが最大の攻撃力を発揮するのは比較的近い距離においてです
その他	前線	小柄なFWを前線に揃えてから 日本は圧勝の連続 オーストラリアも内容では圧倒した バーレーンみたいに一点取られても引きこもってるチームには 大量得点なんか望んじゃいけない
その他	前線	パワープレーを始めた川崎は谷口を前線に残して早めに放り込むものの、アルセウや山根だけではなく菅沼までもが最終ラインに近い位置で守備を行った柏の門をこじ開けることは出来ず
気象	前線	NHK局地的に非常に激しい雨のおそれNHK気象庁によりますと、梅雨前線は日本海に北上し、活動が弱まりましたが、15日は南から湿った空気が流れ込んで東日本などの各地で大気の状態が不安定になり、岐阜県では美濃地方を中心に夕方以降、激しい雨が降り続いています
軍事	前線	でも結局、前線に送られるのは、資本家の息子たちではなく、お金のない人々であり、有色人種、ヒスパニックなどを主体とした、軍需産業にとっては「使い捨て」の人々です
気象	前線	日本海を北北東に移動している急速に発達した低気圧とそれから東海道方面に延びる前線の影響で、広い範囲で強風と強い降雨があり、気象庁では今後関東・東日本から東北・北海道方面に強風と豪雨・豪雪が予想され厳重な警戒を呼び掛けています
軍事	前線	パキスタンは「対テロ戦争」の前線としてブッシュ政権から当初優遇され、気前のよい軍事・経済援助を受けたが、ムシャラフ前政権の後半にその寵愛(ちょうあい)を失った
軍事	前線	また似たような兵器である38(t)偵察戦車は、本車生産終了後に前線から引き上げられてきた38(t)戦車を改修して作られた代替車両なのです」(お化けゾシーさん)
軍事	前線	一人は元フランコ軍青色旅団兵士で独ソ戦でもナチス軍の一員として前線に立った男、もう一人は、元共和国軍兵士でパリ解放の際にレクレルク旅団に参加して戦った男です
その他	前線	ダビデは、この罪を何とか誤魔化そうとして、前線からウリヤを呼び寄せて、妻のバテ・シェバのところに帰らせようとするのですが、忠義で律儀なウリヤは、兵隊たちが、命懸けで戦っているのに、自分だけ妻と寝ていられるかと、絶対に家に帰ろうとはしませんでした
気象	前線	昨日は、雨の予報でしたが、前線が南下したようで 青空が・・・♪ っていうわけで、交換時期にはちぃ〜っと早いですが 来週はオイル交換する時間も取れそうにないので、パッ、パッ、パーと交換しました
その他	前線	クライフの再来と噂される14番のモドリッチ、前回W杯の対ニッポン戦でもおなじみ中盤のクラニチャール、さらにコヴァチ兄弟、前線のオリッチなど、タレントは豊富
その他	前線	GHQ(連合軍総司令部)はブリズベンから移動し、ブレーミーはSWPAにおける全オーストラリア軍を指揮するために前線基地をホーランディア(Hollandia)、のちにモロタイ島に移した
その他	前線	延長戦に入ってからは、あまりリスクをかけずに前線の4人で上手く攻撃して得点できれば良いと思っていましたが、セットプレーでやられてしまって、すごく残念です
気象	前線	前線と低気圧の通過で昨夜から相当まとまった雨が降った、優に100mm以上は降ったようだ、それに南西の風が強く、ベランダ側がびしょ濡れになってしまった
軍事	前線	前線部隊は、強力な戰闘能力と生存能力を持つ經驗豊富な歴戦の勇士を核として、損耗交代の激しい新参補充員から構成されていて、前者の顔ぶれは餘り變わらずに、後者の顔ぶれのみが戰闘ある度にめまぐるしく交代していくと云う状態となります
その他	前線	てか今日朝方に参戦したんだけどさぁ 未だにLv32にもなって防具未改造で耐性100も行かないサラって居たんだなw しかも無エンチャ前線ヒャッホイで回復はライトリジェネwwww なんかそれ見てあ〜この戦争絶対に勝てないわと確信した結果負けたけどさw
その他	前線	地元の選手の話では、「前線が通過すると、レース海面の西側の谷筋から40ノットオーバーのガストが吹きだし、少ししたら止んで、谷筋をはずした崖に近い場所がブランケットになるから、そこへ避難する」とのことで、日本選手もあわてて曳航して西風の陰になる場所へ避難しました
軍事	前線	この戦役で三成らは前線の諸将を監督して命令違反を犯した者を報告するといった仕事をしていたが、前線で命がけで戦っている諸将からしたら「安全な後方にいる奴らに何がわかる」である
軍事	前線	先日、苦心の結果、圧温計の震動を止めることに成功した吉川技術中尉は、これを前線で実施するために航空艦隊司令部付となり、研究室より前線へと出動して行った
軍事	前線	しかもこの状況が自分達が地球で戦っていた頃から行われていたとすれば、今こうしている間にも戦い方も知らぬパイロット達が前線で命を散らしている事となる
軍事	前線	米軍歩兵第27連隊長マックロッチ大佐は、見晴台Gallopingの2千ヤードの前線を南へ向けて、歩兵第27連隊砲中隊の掩護の下に、歩兵2ケ大隊を以て攻撃すべく決定した
軍事	前線	政府中央に翻弄された前線指揮官として政治力が低いのはしかたないとして、その他の能力は孫堅(武力89知力77魅力91)徐晃(武力89知力74魅力73)にほぼ匹敵するんだけどね
気象	前線	豪雨土石流・土砂崩落危険予知・避難勧告制度広島・山口・岐阜の梅雨前線による局地的な豪雨被害を毎年毎回のように死傷者(特に高齢者)を見ていると居た堪れない
気象	前線	九州から本州南岸沿いに停滞する梅雨前線が活発になり、九州南部では23日も激しい雨が降り続き、鹿児島県さつま町や、宮崎県えびの市では、降り始めからの総雨量が1200ミリを超す記録的な豪雨となっています
その他	前線	第2部は、介護の前線からの訴え、15人の現場で働くヘルパーや提供責任者、ケアーマネージャーそれと10人の介護事業の経営者や自治労健康福祉局など団体の2分間スピーチです
軍事	前線	さらに、たとえばことし五月一日、シュレジンジャー国防長官は記者会見で、ベトナム撤収以後の前線防衛地域は、引き続き西欧と韓国、それに、間接的に日本であると発言いたしております
その他	前線	2000/01シーズンは主にB型インフルエンザが主で流行の規模も小さく、 また3月に流行のピークを迎えた、 というシーズンであったが、 2001年第11週をピークとするこのシーズンのインフルエンザの流行状況は、 「MLインフルエンザ前線データベース」と現行サーベイランス上でほぼ一致していた
軍事	前線	このほか、イスラエル軍が大量の土と砂でスエズ運河沿いに構築した高い障壁や簡易トーチカからなる防御陣地帯「バーレブ・ライン」を破壊するため、旧西ドイツから消防用の高圧放水ポンプを大量に輸入し、前線部隊に配置した
気象	前線	しかし天気は前線の通過で日本海側は大荒れです、本当は28日のほうが天気も良いのですが28日は厚別競技場でコンサドーレのホームゲームがあるためやむなく荒天にもかかわらず強行です
その他	前線	また、たしかDQ5だと、賢者の石やベホマラーで、馬車の中のキャラクターも回復できたように記憶しているのですが、 DQ4ではあくまで前線の4人にしか有効じゃありません
軍事	前線	民主・小沢代表:「在日米軍削減を」米側との協議姿勢示す 民主党の小沢一郎代表は24日、在日米軍再編に関連し「この時代に米国が前線に部隊を置いておく意味が、 米国(にとって)もない
その他	前線	このゲーム(結局数十の候補の中から『さくら前線』という名前に決まりました)は、新たに作られた『CLOVER』というゲームエンジンとその上層に位置する、さくらの『フレーバー』と呼ばれるシナリオのようものから構成されています
軍事	前線	またまともな国は全て同じだが本営には前線部隊とは別に本部があり、補充部隊が待機しておりドイツの場合は前線部隊の輜重兵と補充部隊の輜重兵が交互に往来し補充と本部との連絡を行っていた
気象	前線	ただ、台風による前線の影響か、福岡空港発の高速バスが湯布院に近づくにつれ雨が激しくなり、湯布院駅前に着いた頃は小止みになったが地面はビショビショで、恒例の駅前広場の野外上映は中止となり、残念ながら場所を中央公民館に移しての開催となった
その他	前線	今までは、人類のエゴに対する闘争について ́前線からの報告`という意味合いで、取り組んできたが、今後は、前線の司令部へ腰を落ちつけ、さらに、推敲を重ねたい
気象	前線	本賞の受賞者である岸本良一氏は、昭和40年代の初めから九州試験場(筑後市)において、ウンカ捕獲のためのさまざまな技術を駆使し、ウンカの飛来が梅雨期の前線に沿って東北に進む低気圧(湿舌)の進行状況に関係することを明らかにした
その他	前線	マラドーナのバックアップを得た監督とそのチームは、その後も14節と15節を落としてしまうが、GKアボンダンシエリ、DFイバーラ、若きボランチのガゴ、トップ下のインスーア、そして前線のパレルモとパラシオの安定したプレーによって勝ち点を加算し、最終節でオリンポに勝って優勝
その他	前線	ウィンストンスミス、Outer party(外パーティー)のメンバー、ロンドンの廃墟のライフ、1前線州あたり全体主義の超大国のうちの滑走路1つ
軍事	前線	南北戦争の間は軍隊がフロンティアを守ることに使えなくなり、コマンチェ族とカイオワ族がテキサスの開拓前線を100マイル (160 km) 以上も押し返すことになった[3]
気象	前線	これらに答えた吉田實総務部長は「6月27日、28日の大雨では、その際のアメダスの情報が、前線が停滞すれば昨年の二の舞になりかねないとして発令した
軍事	前線	このため、「総領事館に中国軍関係者や情報機関の人間が常駐すれば、米軍や尖閣諸島を監視する前線基地になる懸念が生じる」(政府筋)などとして、日本は中国側の打診に難色を示した
その他	前線	淡路駅前線は、淡路土地区画整理事業区域を周回する幅員16メートルの補助幹線道路で、淡路駅の利用者や商店街での買い物客など、多くの方々にとって自動車利用が可能となるなど、淡路駅へのアクセス道路としても非常に重要な役割を果たすものであります
軍事	前線	そのなかで前線から運び込まれる傷病兵を収容する大規模な野戦総合病院が敵の目を逃れ転々と場所を移しながら、時には1000名を超える規模でヒルとマラリア蚊が襲ってくるジャングルの中で維持されていたという驚異
軍事	前線	○ 米陸軍第1軍団司令部・・・といわれていますが、米軍再編では、陸軍とはいえ、陸・海・空・海兵隊などの統合司令部であり、戦場に近いところに配置する前線司令部だそうです
気象	前線	活発な梅雨前線の影響で、がけ崩れ発生のおそれが出たため、29日午後4時から南九州西回り道の市来IC−伊集院IC間(約11キロ)が全面通行止めになった
軍事	前線	基本的に後方に控えて他艦を支援するのが本来の任務だが、重航空母艦と機導空母を除くと実は飛装兵を常備運用出来るのはこの工作空母だけになってしまうので、前線に赴いて作戦を行う事も間々ある様である
気象	前線	これは、前記事にも書きましたが、低気圧や前線が西から本州に接近してきましたが、本州の東海上にある高気圧の勢力も強く、西日本では等圧線の幅が混んできたためです
その他	前線	全員引いてからじっくり守備を行っていたイメージが個人的には強い(といっても東京戦しか見たこと無いからそうなのかもしれないが)このチームが前線から積極的にプレスをかけていた
その他	前線	ところがベレーザはハーフタイムに前線・中盤の並びを組みかえて主導権を手放してしまったような印象がしたわけで、ハーフにまわった岩渕が存在感を失って、チームも全体的にペースダウンしてしまってゴールの雰囲気があまり感じられなくなったまま時間だけが経過するようになっちゃった
その他	前線	中学時代通っていた塾の先生が、風邪をひいた患者が言うことを聞かなければ医者が注射をうつように、やれと言われたことをしなかったものには拳骨(げんこつ)が必要だっていうのが持論だったし、旧軍(古今東西の軍隊)でも、鉄拳制裁と地獄の訓練よりは敵弾の方がマシと進んで前線に兵士たちは言ったというから、そういう教育は必要だなと思った
その他	前線	二十歳を過ぎて魔力が衰えた後はファイターパイロットに転向し、38歳になった今でも戦闘機や攻撃機を操って前線に飛び出すこともあるほどの女傑であるが、リベリオン空軍第8戦術戦闘航空団司令官からストライクウィッチーズの司令官に栄転してからは後方の指揮官に徹するようになった
その他	前線	スミルノフはノイネがステッセルに嫌われて前線取材を拒否されている事を知っているので、ノイネの推理はステッセルに対するあてつけであると思っていたようや
その他	前線	後半押せ押せで良い感じだったしスタジアムも盛り上がってたけど今日は引き分けで御の字なのかなあ、と思ったロスタイムちょうど3分、足の負傷で前線に残っていたDF栗原のクロスが中央にこぼれ、そこに狩野が走りこむ
気象	前線	また、平成18年7月18日〜19日の梅雨前線豪雨では、横川川の増水により現道部分が決壊し、約一週間全面通行止となったことから、地元からもバイパス工事に対する要望が強い区間となっております
その他	前線	事業の中には、公共交通の結節機能の役割を果たす駅前広場の整備や、駅の東西間を連絡する都市計画道路3・4・8号(片町・白山前線)の整備も計画されています
軍事	前線	もっとも、前線部隊には女性隊員がほとんど居ないことから、実際に優勝しているのはもっぱら後方部隊に属する若手の女性ばかりであり、その実態は「ミス海軍コンクール」といった趣となりつつある
その他	前線	さらに、本論文には、「局地前線の構造」、「高層建築物の後方のウェーク流」、「霧の形成過程」、「花火や煙突の煙の拡散過程」、「積雲や層雲の形成過程」、「積乱雲からの下降流」など、数多くの興味深い新味のある観測結果についても報告されており、大気境界層の今後の研究に大きく貢献する成果が高く評価され、松野記念修士論文賞を受賞するに値すると判断された
その他	前線	Google Earthといえば、携帯やPCで桜の写真を投稿してみんなで「桜前線」を創ってゆくアートプロジェクト「さくらマッピング」も面白いプロジェクトですね
軍事	前線	彼は、1965年12月18日、第3海兵師団(増強)第9海兵連隊第2大隊H中隊に砲兵部隊の前線観測員として所属している際に、ベトナム共和国クアンチ省キフで行動する共産主義部隊に対して、義務の要求を遙かに超えて彼の生命の危険を冒す際立った勇気と大胆さによる
気象	前線	あっという間に1時間が経過、台風や梅雨前線の影響で雲海しか見えず飛行経路がわからなかったが、前方スクリーンに飛行経路が映し出され、初めて日本海側を飛行していたことに気が付いた
軍事	前線	奴隷歩兵たちよりもさらに前線で戦闘に参加しなければならないという義務は生じるし、なおかつ逃亡した際には、親兄弟親族にいたる一族郎党が、赤子ですら惨たらしい死を強制されるなどの制約は課されてはいた
軍事	前線	6月13日に兵士と共に前線に到着したライニアンザラヒは、宰相の命を受けてラマスンバザハ・マジュンガ地方長官を解任し、先に派遣されていたアンドゥリアンターヴィ将軍(Andriantavy)率いる2000名の増援部隊をも指揮下に組み入れ、フランス軍主力に対する攻撃の準備を行った
その他	前線	2008年9月2日のスポーツ報知は「岡田ジャパン史上最弱」と題し、「生命線である攻守の切り替えや前線からのプレスがことごとく不発」としたほか、流経大の選手たちからも「今までの代表の中で、一番悪いんじゃないですか」、「鹿島のサテライトより弱い」、「調整段階ということを引き算しても、心配ですよね」と酷評されたと報じている
その他	前線	アフリカ勢相手に相性のいい鈴木の存在や、前線で有機的に動き機能した柳沢、身体を張ったプレーに逞しさが見られた稲本など、前の試合よりは遥かに見所や収穫の多い試合でした
その他	前線	ウィンド・オーケストラ(空挺部隊)とも称されるブラバンの構成は、主砲として金属製の金管楽器、前線には機動性の高い木管楽器、各種特殊工作活動を担う打楽器が基本的である
その他	前線	「制空優位性の確保」「戦闘機護衛」「敵の防空力制圧」「軍事偵察」「前線空域管制」「24時間攻撃任務」などの用途を満たしているとされる多機能機です
気象	前線	本日も前線の影響で・・パッとしない天気・・早朝の沖合いは南西の風・・スウェルはKEEP・・いったいいつまで続くのかと思うほど続くスウェル・・予想推定サイズはハラ前後
軍事	前線	核空母入港と米軍再編問題で情勢報告した日本共産党の赤嶺政賢衆院議員は、この九カ月間に空母が三回も入港したことは「侵略戦争の前線基地が押し寄せてきたに等しい
その他	前線	それだけバナディーヤの前線本部で出会った少年とモビルスーツパイロットはかけ離れた印象があったのだが、今はバルトフェルドの言ったことが本当だと確信が持てる
その他	前線	しかし私が彼女に望んでいたのは、「経済的なロバ軍」などの様に前線で活躍する隊ではなく、野戦病院的要素も含む「やさしいロバ軍」の主要メンバーになって貰う事でした
その他	前線	今日は、全部が全部、速攻になると前線と最終ラインが空いてしまうので、速攻でなければ、きちんとビルドアップしていこうと意識して、トレーニングしてきた
その他	前線	これは大いなる矛盾に聞こえるが(事実上国家政府=軍と言えるからだ)、政府の閣僚が常に軍について注視するという効果をもたらし、軍、特に前線や鎮守府が暴走することを防ぎ、グランドデザインあっての軍戦略という構図を常に崩さずに済むのだ
その他	前線	それでも彼が組織を放逐されたり何らかの処分を加えられないのは、教会の関係者を親類縁者に多数抱えているからであり、実戦においてもこれ以上望めないほど優れた技術と指導力を持つ前線指揮官であるからでもあった
気象	前線	梅雨前線の影響なのか、はっきりしない天候続きの隠岐の島で、異文化体験のような経験を積みながら、隠岐の島暮らしを着実に身につけていらっしゃる川本さん
その他	前線	2007年以降、持ち前のスピードや技術を活かしてレギュラーを獲得すると、前線での守備も一切手を抜くことなく、滋賀FCの躍進に大きく貢献しました
気象	前線	気象庁は10日、活発な梅雨前線の影響により、同日夜遅くから12日にかけ、西日本の広い範囲で、雷を伴う非常に激しい雨が降るとして、土砂災害などに警戒を呼び掛けた
その他	前線	もうひとりの映画監督川島雄三作品の上映、鑑賞活動をする「カワシマクラブ上映会」によると、「お笑ひ週間・笑ふ宝船」は 「戦争中の前線の兵隊に見せるために作った恤兵映画
気象	前線	前線付近の一般的天気の状況であるが、温暖前線は約300キロ手前に雨域があり、上空の温度が急激に下降するような場合は雷雨や突風を伴い荒天域になる
気象	前線	下旬に南東海上の優勢な高気圧から暖かい南風が流れ込み真夏日を観測するなど気温の高い日もあったが、16日に台風第5号の、22日から23日にかけては前線と台風第7号の影響で、広い範囲で大雨や強風による被害が発生した
気象	前線	もちろん、上で示した 天気図は最も分かりやすくひどいものの一例ですが、中には6月に梅雨時の主役であるはずの梅雨前線が 丸ごと省略されてしまったことや、漁業気象で読み上げられた要素が低気圧1つだけだったというような 怒りを通り越し呆れも通り越すような最悪なケースも存在していました
気象	前線	一方、低気圧が頻繁に通過したことや南岸の前線の影響などを受けやすくなったことから、東・西日本太平洋側を中心に降水量が多くて、寡照傾向となりました
その他	前線	試合は序盤FC東京ペースで進みましたが、新潟はすぐに建て直し、前半15分、前線でミシェウからのパスを受けた矢野貴章が体勢を崩しながらも右足でシュートするとボールはグラウンダーとなって相手GKをすり抜けGOOOAL
その他	前線	ここで勝てなければ決勝トーナメント進出が非常に厳しくなる状況で迎えたホンジュラス戦では、スイス戦は途中出場だったケガ明けのF・トーレスを前線の中央で先発起用し、ビリャを左寄りに据える布陣を敷いた
その他	前線	52分、パス繋ぐセルティック、クロサスから前線のマクドに縦パス通る 左サイドのマクドナルドからのパスを受けたマクギーディーが相手DFを一人交わしてシュート、ボールはゴール上に外れる
気象	前線	7日の木曜日から、Nさんご姉妹と白山の予定でしたが、一昨年に僕が「梅雨時でも前線の動きによっては谷間でいい天気にめぐり会えるかもしれないから」と期待をもたせて出かけたのが、逆にすごい雨にめぐり会ってしまいました
軍事	前線	従って、前述の海遊録の記述にも、千年を越えて・・・・とあり推定されるのは当時朝鮮のいずれかの国から侵攻されたため、関門の要衝の地である彦島の海峡に面したこの場所に防衛の前線基地が置かれ天領として、防人たちの駐屯地であったもので、勅旨田が先行した地名であったと解さられる
気象	前線	前線が居座り、低気圧が通過した北海道・大雪山系で10人が遭難死 し、中国地方でも豪雨災害で23日までに12人の死者が出るなど風雨の被害が広がっ ている
軍事	前線	先輩の爺さんなんですが、サイパンのどこかは忘れたんですが救援部隊として前線にいったのですが、すでに死者しかおらず切腹した将校がいたらしく内蔵がでてて運ぶのが苦労したそうです
軍事	前線	1938年(昭和13年)12月には初飛行も完了、正式採用を待つばかりでしたが、陸軍首脳部の頑固な連中は、前年に採用された旧式な97戦に拘り続け、結局、開戦時に前線に配備されていた部隊は僅か二個飛行戦隊のみでした
その他	前線	」とのエピソードからも想像できるが、自身で築いた中国人人脈を元に、上記名鑑のような膨大な人物情報を蓄積することが、前線における和平工作を担う力の基礎となっていたのではないか、とルビを振り終えて感じた次第である
気象	前線	気象庁は3日、梅雨前線の影響で、4日朝にかけて西日本の広い範囲と東日本の一部で大雨となる恐れがあるとして、土砂災害や河川のはんらんなどへの注意を呼び掛けたって
軍事	前線	●パットンは、北アフリカでロンメル将軍率いるドイツ軍戦車部隊と戦ったことで有名であるが、捕虜になったドイツ軍士官のF・フォン・ワーゲンハイム中佐によれば、パットンは戦車・歩兵合同部隊の最良の指揮者だったばかりでなく、すべての前線においてもっとも恐れられた将軍だったという
気象	前線	確かに天気図解析の経験の少ない私からみると、雲の分布写真から直感的に判断すれば、はっきりした前線を引いてよさそうに思われるところに前線が引かれていなかったり、特に顕著な雲分布のないところに何本もの前線が引かれているのは奇異にも思われる
軍事	前線	前61年、76歳の老将趙充国は命を受けて金城に到着し、自ら前線に出て二ヶ月間を調査に費やし、6月になって軍事行動を開始、一万人の軍勢を率いて湟水流域に突進した
軍事	前線	前線で死闘してるマイスターや砲撃してたヴァスティ夫妻や怪我をしてるのに0ガンダムで迎撃してたラッセにオートマトンがいる艦内に1人で出てったスメラギは
軍事	前線	DARPAがスポンサーとなって開発されたこのロボットは、元は前線の兵士に銃弾や糧食や補給品を運ぶために開発されたというが、いずれはエンターテイメント用途や車椅子の代替に応用できないかと期待させるものがある
気象	前線	このニュースに関連した操作メニュー 福岡管区気象台は29日、梅雨前線が九州北部に停滞し活動が活発化しているとして、土砂災害や激しい雨による河川の増水に注意するよう呼び掛けた
気象	前線	梅雨前線による豪雨で、宮田村黒川平の山腹で大規模な土砂崩れが発生、せき止められた黒川に並行して走る県道駒ケ根駒ケ岳公園線が、約250メートルにわたって水流に浸食された
その他	前線	国土開発幹線自動車道と高速自動車国道の路線名は東北縦貫自動車道弘前線であり、同路線のうち起点の東京都練馬区から川口市までの区間を除いた区間の営業路線名となっている
軍事	前線	沖縄航空戦当時、九州南部に展開した海軍航空隊の支援基地として造成された山間部の飛行場であったが、同地に展開した131空芙蓉部隊の前線秘匿基地として運用された
その他	前線	今年の暖冬は、スキー場の雪不足、 氷上ワカサギ釣りの中止、東京ではウメの平年より20日以上早い開花、桜前線の北上も平年以上の早さのほか、九州でのヒバリの初鳴き、名古屋でのタンポポの開花などは観測以来最も早いという記録をもたらしました
軍事	前線	今日でもブダペストに多くの温泉施設があるのもその名残りだが、まさにイスラムによる欧州侵略、つまり神聖ローマ帝国の中核都市ウィーン攻撃の前線となったのがハンガリーであった
軍事	前線	関東軍の前線部隊においては、ソ連軍の動きについて情報を得ており、第三方面軍作戦参謀の回想によれば、ソ連軍が満ソ国境三方面において学校が拡充され、作戦準備が活発に行われていることを察知、特に東方面においては火砲少なくとも200門以上が配備されており、ソ連軍の侵攻は必至であると考えられていた
その他	前線	まだ完治していないのであろう、ほとんど接触プレーを避けるように前線へ出ていかず、得意のクロスも皆無だったが、しかし、そこに居続けるコトでチームにこの試合の意味を示し続け、ついにPKを決めたベッカム
気象	前線	梅雨前線の影響により吉野川上流域に降雨があり、池田ダム地点において相当量の流出があったことから、四国地方整備局は、本日午後10時より、一時的に香川用水への供給量を、4
軍事	前線	彼が万が一勝利したとしても、それは彼の指揮を無視する有能な部下や、前線で敵とイイトモの指揮という二重苦に打ち勝った勇敢な兵士達のおかげである事を忘れてはならない
軍事	前線	第一に、敵が地上軍の主力をノドコール本土まで後退させ、前線に展開させている部隊を以てPKF地上軍に消耗を強い、ノドコール本土もしくはその至近に達したところで決戦を挑むという選択肢である
気象	前線	東北地方では、前線と台風第11号から変わった低気圧の影響で9月15日夜から雨が続き、15日19時から18日24時までの雨量は、東北地方各地で平年の9月の月間降水量を超える大雨となった
軍事	前線	しかし1915年春に、近代兵器を擁するドイツに大敗を喫して戦況が悪化し「大退却」を余儀なくされると、同年9月5日、皇帝は、ラスプーチンの予言もあって、ほとんどの外為が反対したにもかかわらず、叔父にあたる司令官ニコライ大公を罷免し、自ら前線に出て最高司令官として指揮を執った
その他	前線	逆サイドへ大きく開いてスペースを確保しようとする椋原の動きや、飛ばしていた長友、やや危ない場面もあったが、アグレッシヴにボールを奪いに行き、時には前線へ攻撃参加していくブルーノもしかり
気象	前線	早明浦上流域で65ミリの雨、4次制限9日以降に四国新聞梅雨前線の影響で、早明浦ダム上下流域でまとまった降雨があり、吉野川水系水利用連絡協議会は3日、香川用水への供給量を60%カットする4次取水制限入り
軍事	前線	ヒトラーとの衝突により南方軍司令官マンシュタイン元帥の更迭、クリミア半島の玉砕、ウクライナの穀倉地帯の喪失、中央軍戦線の崩壊など、前線を知らない統帥部の命令がいかに無謀であったかが痛烈に分かります
軍事	前線	その治安体制を補強するために新設された前線基地の米軍兵士に対するタリバンの攻撃は、13日日曜の午前4時半をまわった頃に始まり、その日一日続いた
その他	前線	後半も、何としても追加点を取りに行くため、前線を押し上げ、積極的に攻撃をしかけるが、後半5分、左サイドを崩され、そのクロスを相手に見事に合わされ、失点
その他	前線	バロン影山は前線の斥候役だが、23世紀コンピューターの地球支配を脱しようとする人類解放軍の裏切り者であり仕掛けた爆薬により生じた次元の割れ目から主人公、武田真也に当初彼が背反者と思っており誤解が解けた後も必ずしも相容れぬルシファーとともに過去に漂着、その時点で環境保全のためコンピューターによる人類管理を完全にするためデストラップを創設したことが判明した
その他	前線	この会議で天王寺・今宮・穢多ヶ島(えたがしま)・伝法・岡山・今福・守口など13カ所に前線基地になる城を築いて、時間を掛けてしっかりした包囲網を作りながら攻めていくことを決められた
気象	前線	気象庁 は10日、対馬海峡から西日本に延びる梅雨前線が今後さらに活発になり、11日夕にかけて西日本と東日本の広い範囲で雨が強まるとして、土砂災害や河川のはんらん、低地の浸水などに警戒するよう呼び掛けた
気象	前線	梅雨前線が活発に動いている 仕事も山もどうも上手く行かない、気持ちも前に進まないが 意を決して 降水確率の低い山形最上に7月16日21時に向かう
その他	前線	開花した地点は暖冬傾向の西日本が中心だが、十七日に一九五三年以来の観測記録を塗り替えた小名浜(福島)のように北、東日本での開花も増えており、今年の「ウメ前線」は早く北上しそうな勢いだ
気象	前線	西日本を中心に浸水被害などをもたらした梅雨前線は、この日も山陰沖に停滞し、広島県や島根県・愛媛県では1日からの雨量が300ミリを超え、近畿方面も100ミリを突破した
その他	前線	前線の各隊員に携帯端末装置II型(PDA端末及びGPS)を配備し、メールにより状況を送信、処理装置で統合し、リアルタイムで連隊本部のノートパソコンに表示する
軍事	前線	【女性】:「で、そんな私達が前線で頑張って、自衛隊やミサイルだけぶち込んで来た軍の連中が逃げてった後でも留まって戦ってた頃、後方が性懲りもなく研究くり返して、今になってやってきたそのこんちくしょうは、こう言った訳よ
気象	前線	要するに長野県の負債というものはどうしてできたかというと、10年前の長野冬季オリンピックのために前倒しでいろいろな社会資本の整備をしたことと、それからもう一つは、平成7年の梅雨前線災害、これはもう本当に大変な災害でありまして、これに対する対応をすることで、当時長野県はかなり財政力がありましたから、非常に思い切った財政出動をして災害対応をした訳です
気象	前線	11時12分頃 仙台市:11時12分頃 札幌市:11時10分頃 さて、ここが一番気になる、当日現地の天候ですが、気象庁の予報によりますと、太平洋高気圧が南の海上へ後退し、代わりに梅雨前線が南下する影響で、22日のトカラ列島周辺は雨に(続きを読む)
その他	前線	確かに企業としての生産性を高めるのは、前線に立つ社員たちだが、その戦闘能力を最大限に引き出し、より強力な企業軍団に導くのは、大将たる経営者の役目だ
その他	前線	4月上旬、桜前線が春の到来を告げる桜前線が宮城野まで北上し、早川堤では晴れた空の青色とその下で誇らしげに咲くソメイヨシノのピンク色がきれいなコントラストを描いていました
その他	前線	外側前線スラットの内表面外板に亀裂若しくは欠落が発生することにより、又は同外板のスパンワイズ・バルブ・シールのシール・インサートの寸法が規定より小さいことにより、当該外板の剥離又は当該スラットの構造損傷が発生し、操縦性が低下する不具合防止
その他	前線	ロングボールやスルーパスでDFの裏を狙うジェフ、対する伊賀は後方からのビルドアップや前線でのポストプレーから左右に展開して、ジェフゴールを脅かす
気象	前線	前線の活動はこのあと一旦小康状態になりますが、九州南部から本州の南海上にべったり張り付いたままで、特に九州南部では激しい雨が降りやすい状態が続きます
