# 家庭: 転じて、家計。やりくり。台所を預かる台所が苦しい, 食事: 食物を調理する場所。炊事場。
食事	台所	あれを思い出して「似たようなものないかなぁ」と台所を見まわしたところ、ほとんど使っていないシフォンケーキ用のケースを見つけたというわけで(^^;
食事	台所	途中、従兄が手伝いに来てくれた為、正直言って私はほとんど役立たず(苦笑) 台所もようやく形になってはきたけれど、あれが足りない、これもない、と言って母屋に取りに帰ることしばしば
食事	台所	最低でも台所やトイレといった生活に必要不可欠な設備が備わっており、しかも、通りに面した箇所に人が普通に出入りできる間口を備えた、きちんと建築許可を受けた建物に対してじゃなければ住宅ローンは組めないという
食事	台所	まだ初等科6年の茉理が度々台所で包丁や火を使うのに、始は危ないと言っては顔をしかめるのだが、実際、家庭科の成績が決して2を超えることのない始よりは、茉理の方がよっぽど慣れた包丁さばきだった
食事	台所	そういえば、台所の簡易温室の「トマト」の苗ですが、このところ水も与えず日当たりの良い場所に置いておいたら、心なしか「もやし状態」を脱してきたようです
その他	台所	アニメの「あにてれ」、旅グルメの「テレビ東京の台所虎ノ門市場」、ゴルフの「テレビ東京ゴルフオンライン」など、動画配信やeコマース事業を中心としたWebサイトを番組ジャンル別に立ち上げています
食事	台所	分解消滅減量型生ごみ処理機、スーパーフェレットくん・土壌菌と酵素で油脂分解脱臭剤、パイプニオクーズ、クリーンファースト・純植物性台所除菌消臭剤、トレーター、魚焼き名人、クイッキー、バイオクリーンII、モルデンゼオ、クリンライトE
食事	台所	手伝いの男衆が台所にむしろを敷き、三十糎位のレールでかりの骨を金づちで細かくはたきつぶし、それを丸めて「ダンゴ」にし、さゝがきゴボーを入れてお吸物にした
食事	台所	台所にあった昨夜のジャーマンポテトとスープに目が合い、じゃあパンだよなぁとかなり昔に冷凍庫に突っ込まれたままだったテーブルパンを取り出してオーブンで焼いてみた
食事	台所	メリットとしてごみ収集量が半減したことと、ごみ出し労働の軽減、台所の臭い、ハエの発生の低減などで8割の人がディスポーザーを肯定的に感じているとのこと
食事	台所	お台所全体に幅広くお使いいただくことができ、また果物や野菜に付着したワックスや汚れを落とします(油汚れを落とす場合は、お湯でなく水を使用してください)
食事	台所	たとえば何かが必要で台所に物を取りに行ったのに、台所についたとたんに忘れてしまったという物忘れをしたとき、そのことを思い出そうと集中すればするほど、記憶のわずかな手がかりをつかもうとしてもするっと抜けてしまう、そういった経験は誰しもあるだろう
食事	台所	食堂と台所が一緒のスペースがDKという位置づけであるならば、この間取りではとてもDK、そういう呼び方をするようなスペースは確保されていないと考えますが、東京都はどのようにお感じですか
その他	台所	特にとくに3月つき20日にちには、首都しゅと圏けんの台所だいどころ、東京とうきょう・築地つきじ市場しじょう(中央ちゅうおう区く)のおよそ3日にち分ぶんの入荷にゅうか量りょうに相当そうとうする6トン近くちかくを夕方ゆうがたまでに完売かんばい
食事	台所	夫と共に働いて買った一軒家に住むサラは、彼に出て行かれた後、食事は「胸肉一枚」を買って「台所で立って」すませるけど、おフロではティーセットや電話まで持ち込んでくつろいでいる
家庭	台所	これは、故意に連携をとろうと言わなくても、本当は自分の置かれた、自分の県の台所事情を冷静に分析をして、一番合理的な行動をとれば、みんな一致するはずなんです、3分の1以上の県は
食事	台所	長じてから台所に立つようになり、玉子焼きに失敗しては、炒り玉子と称していたが、母の作る、ちゃんとした炒り玉子とはどうしても異なる、それは「玉子焼きを失敗した炒り玉子」にすぎなかった
食事	台所	ていうか、今まさに台所でカニのごとく泡を噴き続けてる、はちみつキンカン改めはちみつキンカン酒を、一体どうするべきやら、途方に暮れているんですけど
食事	台所	唯ただ台所で音のする、煎豆いりまめの香かに小鼻を怒いからせ、牡丹ぼたんの有平糖あるへいとうを狙ねらう事、毒のある胡蝶こちょうに似たりで、立姿たちすがたの官女かんじょが捧ささげた長柄ながえを抜いては叱しかられる、お囃子はやしの侍烏帽子さむらいえぼうしをコツンと突いて、また叱られる
食事	台所	その歌詞の世界は、四季の自然、子供の友達としての動物(かとんぼ、いたち、熊など)、子供の身近なもののアニメ化(ちりとりとほうき、台所の用具、くつなど)、遊びのテーマ(木馬、そり遊び)、友情や家族愛などで、コダーイは、子供たちがこの曲集を歌うことでこれらの世界を体感し、また逆に体感していたものを歌うことでまたさらに深く感じることを通して、豊かな人間に育って欲しいと願いました
食事	台所	長年の商人生活でいわば去勢されてぶくぶくと肥った商人たちは、台所の焼串《やきぐし》や庖丁《ほうちょう》まで武器に思われはしないかと、びくびくしながら、戦勝軍の侵入を、きょうか、あすかと待っていた
食事	台所	次に施工をどこに依頼したらよいかの話になり、8年前の台所・風呂・トイレを新築した際にお世話になっ丸正木材工業さんの誠実な人柄と職人さんの丁寧で確かな仕事ぶりに、この度の計画を託すことになりました
食事	台所	かえる君★☆知らないうちに山になるアルミ缶をち〜いさくつぶせば台所はいつもすっきり☆★かえる君を使えば、軽く踏むだけでアルミ缶を簡単につぶせます
家庭	台所	しかし、中嶋は予選で今季自己最上位の5位を得たのはいいにしても、そのためにソフトタイヤを使い切ってしまい、決勝を前に新品のソフトタイヤが残っていなかったという“台所事情”を抱えていた
食事	台所	その他、居室を和室から洋室に改善した件数が11件、台所の水栓をレバー式に変えた内容が1件、障害者を座った状態で移動させる屋内移動設備の設置が1件でございます
食事	台所	「システムキッチン」は台所全体をコーディネートし、調理の流れ、食事の雰囲気、部屋のデザイン等、快適にキッチンライフが楽しめる、オーダーメイドのスペースデザイン型の厨房機器
食事	台所	其の意味で、環境の概念を探って行くと、食べ物の生産地や生産方法、其れに台所からの排水、衣服や住居の事、水や空気の良し悪し、公害問題や、教育などの社会環境にまで、途轍も無くイメージが拡大して行くので、此処では其れに付いては述べない
食事	台所	主動線(人の動く通路)は、写真左の壁の向こう側にある玄関、台所、水廻りとともに配置されていますので、住居内の主要部分を動線が通過することがなく、各コーナーの領域性は一層強固なものとされています
食事	台所	『あのシーンはここからここに向かって話してたシーンなんだな』とか、『台所はここにあって、ここから居間に食事を運んでいるんだな』とか分かり始めると、アニメや漫画の違った面白さが見えてくる」と後書きで述べている
食事	台所	普通のマンションの賃貸物件と同じように料理をする台所もありますし、手続きや契約は賃貸物件に比べると手軽だというメリットがウィークリーマンションにはあります
食事	台所	台所には子どものころにうちにもあったようなスイッチ1つしか付いていない電気釜や、フリーザーではなくて製氷機がついた冷蔵庫、焼きあがるとパンが飛び出すトースター・・・昭和40年代の製品かなぁ
食事	台所	買いためた食材でハンバーグをタネを作る予定だったが、帰宅が遅かったのと台所がなかなか空かなかった事で、野菜を微塵切りにするところで今日の作業は中断した
食事	台所	【課題】マンションなどの台所排水システム、特にディスポーザ排水処理システムにおける排水横主管6内の固形物の堆積を、比較的低コストで、効果的に抑制する
食事	台所	私宅のケールも、堆肥、油カス、鶏フン、台所から出ます厨芥を、糠とともに堆肥にたたみましたものなどで、金肥はほとんどつかっていませんか、グングン大きくなっています
食事	台所	本来なら、自分たちが住んでいるコラートでブワットするのが普通なのだが、我が家の近くにある、『アジャーン・チュー』という有名な僧侶が居られる 『ワット・カオターゴッ』という寺で出家することになったので、親戚が集合し、我が家の台所を使って、甥の出家式の支度が行われたのだった
食事	台所	度々台所や中庭や近くの往来で酔ひつぶれてゐるところを見つけられたが、そのたびにまるで死人のやうに正体のないのを、家まで擔ぎ込まなければならなかつた
食事	台所	(4) ごみよけ装置 台所、浴場、洗濯場等汚水の流通を妨げる物を排出するおそれのある排出口には、有効間隔10ミリメートル以下の耐食性ごみよけ装置を取り付けること
食事	台所	それは板塀(いたべい)一つ隔てた、津島の書斎から言へば、前の方にあたる一つの家の台所で、ちやうど其の時やつて来た大工に何か指図をしてゐる妻のさく子の声が、妙に彼の神経を刺戟(しげき)したのであつた
食事	台所	適当な置き場がないから、台所の奥に置いておいたのを見つけて、夫が、もしかしてキッチンドリンカーにでもなったんじゃないかと秘かに心配していたらしい
食事	台所	これまで基本的にドッグフードしか食べていなかったダイダイだが(居間や台所での拾い食い&盗み食い以外は)、最近しきりに人間の食べ物を気にするようになってきた
食事	台所	b降井家/bは江戸時代に岸和田藩の庄屋を務めた旧家で、天保6年(1835年)の屋敷図(b降井家/b所蔵)によると、かつては2500坪の敷地に台所、広間、b書院/b、土蔵、厩等の邸宅を揃え、射場・馬場も備えていました
食事	台所	マンション住みなので夜は掃除機NG ベランダ側に有る和室は弟の部屋から離れてるから昼間でも掃除機OKなのですが、和室と弟の洋室の間にある、 玄関の通路と洗面所、台所兼リビング(全てビニール床)を騒音をたてずに綺麗にする方法が知りたいのです
食事	台所	しかし、私が訪問治療に伺って義歯を入れるようになってから普通食を食べるようになり、調子がいいと台所まで歩いて家族と食事をしたり、食卓で時折好きな甘栗を一人剥いて食べるようになりました
食事	台所	床暖房は全室設備することが理想的だが予算的に問題があれば1階部分のリビング、ダイニング、台所、洗面所、浴室、手洗いに設置するだけでもかなり良い結果が得られる
食事	台所	主婦の方が台所で、朝餉や昼餉、夕餉の支度など、色々な活動する上や、使っている野菜や魚介類、或いは肉類などに、新鮮な驚きを発見した・・・と言ったことなどもそうですね
食事	台所	その右側には台所というか厨房、その奥に勝手口、さらに奥は私室らしく、簡素なベッドとワードローブと三面鏡、それにスーツケースっぽい箱が開きっぱなしのまま置かれいる
食事	台所	特に台所から出される排水が水質汚染を深刻化させている事から、油処理用の吸収材や残飯が排水に混ざらないようにするため、水切りネットの使用等水質浄化への工夫が必要でしょう
その他	台所	父は、どうしても燃やさねばいけないという恐ろしく逆らえない圧力のようなものを持っていて、私が任された台所に火をつけるころには、私はそれを、正しいことのように感じ、早く燃やさねばならないとまで思い込んでいた
食事	台所	硝子・サッシ・網戸の清掃、台所・流し台・換気扇・吊り戸棚の清掃、 浴室・洗面所・全体の清掃、トイレの清掃、各室天井・壁すす払い・照明器具の清掃、たたみ拭きあげ清掃、フロアの洗浄、ワックス清掃、カーペット清掃(洗浄クリーニング は別途)、エアコンフィルター・カバー清掃(内部は別途)、玄関周り・外灯の清掃
食事	台所	木部の防腐・防蟻措置には、耐腐朽・耐蟻性のある木材の使用や薬剤処理などがあり、土台や地面からの高さ1m以内の外壁軸組や浴室・台所などの水がかりのおそれのある軸組・床組などにほどこされます
食事	台所	朝起きて、洗濯気を回して干して、朝食と弁当作りに化粧でしょ、台所片付けてごみ出して、仕事に出て、終わったら夕食の買い物と洗濯物取込んで、夕食作って風呂掃除して沸かして、台所片付けて洗濯物たたんで、しまって、風呂入って化粧落として
食事	台所	台所の冷蔵庫にいれたらチャラがそのまま料理して「はいvゲテモノステーキですvまずいですよ覚悟するようにv」とかいってちゃぶ台に並べそうだしなあ
その他	台所	高校日本史の教科書の江戸時代のところに、大坂は「天下の台所」といわれたという記述があるが、大坂をそう呼びはじめるのは実は近代に入ってからで、江戸時代には「日本の賄(まかな)い所」とか「諸国の台所」といわれていた
その他	台所	其れは、日本の政(まつりごと)の中心には「御饌殿・みけどの(台所の神)・七段御食津神 御膳神 みけつ」が置かれ、其の神と交信可能な者が「すめらのみこと・シャーマン」として、「治ろしめす(朕思うに)」行為をする事が認められる事を意味している
食事	台所	バケツに水を張って量ったのですが、床が斜めっていたりして本当に満水になっていたのか、 重さを量った台所用の量りは何度も床に落としたことがあるし・・・ と色々考えると誤差は、かなりありそうです
食事	台所	因みに、台所用に限らず、民間より生じた「箪笥」の類は、寛文(17世紀後半)頃、大坂(阪)で発生したとされるので、当然これら「水屋の祖」もそれ以前には遡れまい
食事	台所	俺の台所は電気式で火力が弱いため旨い野菜炒めが作れないのだが、ふとフライパンに蓋をしてみたら火の通りが良くなり(正確には蒸されたのだが)いつもより旨くできた
食事	台所	」と常に発想を遠くにまで広げると同時に、「遊びたい川」、「見つめ続けたい川」、「あこがれの川」が、実は「台所や風呂や便所から流した水」とつながっているという認識を深める必要性を説いた
家庭	台所	相手方の要望だけではなくて、台所事情がわからなければ支援の規模とか内容というものは決めかねるわけですから、本来ですね、こちらがどういう支援の内容や規模にしようかといって、要望は要望であるのですけれども、やはりそこら辺の状況については相手側からも聞き取っておくようにしていただきたいと思います
その他	台所	氏を紹介したホームブリュワーズアソシエイションの記事などと一緒に丁寧な手紙が入っていて、趣味でプレゼント専門に台所製であること、モルトはベルギー製GRAND CRUを使い、蜂蜜やオレンジジュースで味付けしたオリジナルであること等が記されていた
食事	台所	怒り心頭に達した私は、すばしっこいピッピをようやくつかまえ、首根っこをおさえて、「何がイライラしちゃうよ、イライラしているのは私の方よ」と怒鳴り、台所へと戻ったのです
食事	台所	福井県内企業と県外デザイナーが統一ブランドで台所用品を開発・販売する「おいしいキッチン」の新商品発表展示会が2月22日までふくい南青山291(東京)で開催
食事	台所	」一郎は急いでごはんをしまうと、椀(わん)をこちこち洗って、それから台所の釘(くぎ)にかけてある油合羽(あぶらがっぱ)を着て、下駄(げた)はもってはだしで嘉助をさそいに行きました
その他	台所	■駅前の喧騒が少しずつ遠ざかる、そんな南越谷の路地裏にあるのが「イタリアの台所 クローチェ」 店主、高橋一弘氏とその仲間たちは、都内老舗イタリアンで修業
食事	台所	「台所から出る生ゴミに『ボカシ』と呼ばれるEM発酵基材をふりかえて密閉し、土と同化させることにより、家庭菜園でも 驚くほど優秀な作物ができ、かつ ゴミの減量化にすぐれた効果を発揮する
その他	台所	さらに、江戸幕府二代将軍・徳川秀忠の御台所・崇源院のように、嫡男である三代将軍・家光よりも、同母弟である駿河大納言・忠長を寵愛し後継に立てようとする例もあった
その他	台所	クロックは失ったが、戻ってきた《熟考漂い》と合わせて6枚ドローした渡辺は、すかさず《ヴェンセール》で《テフェリー》を戻し、《台所の嫌がらせ屋》を追加する
食事	台所	また、たとえば、子どもを台所に入れ、親子で食事を作ったり、食事の準備や片付けも一緒にする、また、野菜を育てるなどの体験もさせてあげたいものです
食事	台所	こうした汚染を私達自身が防ぐためには、安易に台所から流さず、汁物や飲料はできるだけ残さない、洗う前に皿についた汚れはできるだけ拭き取って洗うなどの工夫が必要になってきます
その他	台所	那覇の台所"公設市場"を、専門の地元ガイドがじっくり説明しながら散策します少しディープな、そして新たな沖縄の魅力を発見できるかも食事はランチコース:サムズステーキランチ、ディナーコース:サムズステーキディナーまたは、琉球料理からお選び頂けます
食事	台所	因業金兵衞は、貰い乳をした優しいおむらさんから貰った産着を、抵当にも入ってもいないというのに引きはがしてゆくし、悪徳代言人は二円の借金の為に抵当にいれた布団や台所道具は金を返さぬままに使用していたのだから損料が嵩み借金は10円になっていると証書をみせて支払いを迫る
食事	台所	そのため、二階でドアを開け閉めする音や家族の話し声が聞こえやすくなり、一階では台所で作業をするチャカチャカという音が反響するため、テレビの音が聞き取りにくくなるというような問題が起こりやすくなるのです
食事	台所	バーベキュー(寒波襲来のため、室内に変更しました)は6時から7時半ごろまでキャンプ・リーダー棟の横にある台所でガス台を使用してバーベキューを行います
その他	台所	「アレ/\申し」「申しとは、誰に申し」「御台様や若君様、申し/\」と言ふ声の、洩れ聞こえてや、菅丞相の御台所、若君の御手を引き、立ち出で給へば、希世は仰天、「コレハ/\悪い所へ、ようお出で」と手持無沙汰もへらず口、「勝野に癪の療治を頼まれ、取りにかゝつてかくの仕合はせ
家庭	台所	我々からすれば、日本はこんなに謝りつづけているのに、どう考えても「必要以上に」謝り続けているのに、しかも、苦しい台所事情にもかかわらず、世界のどの国よりも、アジア諸国のみならず、世界に対してODAを始め国連の分担金やIMFなどあらゆる機会に最も貢献しているにもかかわらず、全くそれが認められていない
食事	台所	ある梅雨の夜、わたくしは辛抱たまらず台所に忍び冷蔵庫の冷えた味噌壷の蓋を取り、ずぶりと指突き立て、んん、と押し殺した呻きとともに下腹、熱くたぎり、背中ぞぞと波うつやうな快さを味はつてしまつたことがありました
食事	台所	ちょっと重めのゲームなんかは「このゲームをプレイするには、携帯電話10機分のマシンパワーが必要です」なんて書いてあって、子供はゲーム機と携帯電話とお父さんの PDA と台所の電子レンジをつなげて遊んだりする
食事	台所	〇小竹委員 敏速な体制でやっておられるということですから、それをより強化して安全なものを提供していただくようにお願いしたいんですけれども、実際には、輸入食品が都民の台所に持ち込まれている現状があるわけですね
その他	台所	ホテル ―― 【築地場外市場】(東京の台所でい買い物) ―― 【柴又】(映画でおなじみの柴又は昔ながらの街並みと人情が残っている下町情緒豊かな街です
食事	台所	なんやなんや人が気持ちよう寝とんのにとしぶしぶベッドから出ると、1DKの細い廊下に備えられた台所に面してるトイレを見てかなり激怒している様子です
食事	台所	台所で料理をしている最中、しょうゆ瓶のフタを開けるとしょうゆの香りが漂ってくる──彼女が慣れ親しんだ物理世界のモデルをベースに、天気予報というデジタル情報へアクセスするための青い小瓶をデザインしようと考えていたのだ
食事	台所	オーソドックスなすり鉢の色というか質感が、子供のころから園芸好きの私には、駄温の鉢植の口の部分の感じと似ているせいで、どうも台所で見るのがいや
食事	台所	その小児こどもに振向ふりむけた、真白な気高い顔が、雪のように、颯さっと消える、とキリキリキリ——と台所を六角ろっかくに井桁いげたで仕切った、内井戸うちいどの轆轤ろくろが鳴った
食事	台所	台所にあるポピュラー調味料で食べ方を色々研究(というほどでもないけど)してたんですがのりたマヨ(人名の様だ/何)と素パンが今のところお気に入りだな
食事	台所	うちにいた「チー」はもともと子猫のときに捨てられていたせいかとても寂しがり屋で、台所に置いた猫缶のフチをくわえて居間まで運び、新聞紙や雑誌など適当な下敷きの上に置いて食べていました
食事	台所	私は寡聞にして日本以外はヨーロッパしか知りませんが、ヨーロッパと比べてもカンボジアの水上生活と比べても、日本の台所は格段にばっちいです、ベトベトです
食事	台所	「ロスコ」による台所の説明を受け、座敷に移り、欄間、天井、床の間を見ながらお茶を頂き、お施主様より住んでみて夫婦共々大変満足していますとのお話を頂く
食事	台所	洗濯物って梅雨時は外で干せないし、室内で干すと洗濯物に台所の臭いがついたり、なんだかぞうきん臭くなってこまっていたんですが、試しに室内干しして臭っていた洗濯物にこのくまくろを吹きかけてみたところ、なんとあの生臭ーい臭いが取れてとっても助かりました
食事	台所	半そでで帽子をかぶって散歩へ行く 台所の棚を作り直す だらだらとやっていたらもう夕方になっていた 子供達は楽しみにしていたジムキャリーの(マスク)を見ている 父はいつのまにか居眠り
食事	台所	台所もいつもきれいで、汚れるから家で揚げ物はしないのだという妹さんの言葉をきいて、さいとうさんは、家はちょっとくらい汚れているほうがかわいいものだと思った
家庭	台所	委託費については、町としても最大限の財政支援をしてあげたいところであるが、町の台所事情も大変厳しい状況にあるので、彼らへの委託契約も非常に厳しいものとなった
食事	台所	このフィルターは、もともとはナイロンのネットがあったのですが目が細かくてすぐ詰まるので、ステンレスの切りくずのようなたわしと台所のごみネットを使って自作したものです
食事	台所	五分くらいして揺れが収まると、離れにいたおばあちゃんが様子を見に来て「余震があるかもしれない」というので、今度は台所の大きなテーブルの下に隠れました
食事	台所	狭い台所のすみっこにおいてあるそれはいつも所在無さげに見えて、毎朝使っているものなのだからもっと待遇のいい場所に移してやりたいのだが他に場所が無い
食事	台所	よーし、これでおウチの台所仕事手伝っちゃうぞー、とかね、「小学校の授業なんぞくだらん」とかクールぶることが多かった時期なのに、こん時だけはすんげー夢中だった
その他	台所	東御門の前が安藤帯刀の屋敷であったことから「帯刀(たてわき)前御門」、また、台所奉公であった松下浄慶にちなんで「浄慶(じょうけい)御門」とも呼ばれ、 主に重臣たちの出入口として利用されました
その他	台所	台所の闇(台所の闇;シベールの日曜日;青山のえんど豆;まざるまざらない ほか);なんとなくな日々;平成の蜜柑(平成の蜜柑;春が来る;春の憂鬱;新緑の夢 ほか)
食事	台所	他には、台所石けんには肌への使用を連想させることは記載しないが、浴用石けんは肌への使用が目的で作られた石けんなので、当たり前ですが肌への使用を連想させる「お肌しっとり」のような言葉をパッケージに記載できます
食事	台所	私もそんな話題になっているのを知って、興味を持ったのでキッチンでつくる美白水&美髪水—台所漢方 (主婦の友生活シリーズ—台所漢方)を買って読んでみました
食事	台所	使い込まれた台所で作る健康にも環境にもいい食事、愛用しているナチュラルコスメや洗剤、大切に使いつづけている台所用品や手作りしている保存食など、暮らしの中のこだわりやご自宅のインテリアも公開しています
食事	台所	このように、下水道などが整備されていない地域でトイレの水洗化をするときに設置が義務づけられる浄化槽ですが、この働きを一言でいうと、「水洗トイレからの汚水(し尿)や、台所、ふろ場等からの排水(生活雑排水)を、微生物の働きなどを利用して浄化し、きれいな水にして放流するための施設」ということができます
食事	台所	一階の台所で水と氷をのせた盆をもった彼があがってくるまで、二階の彼の部屋でさっさと布団にもぐりこんで、そこいらに あった本をとって読みふけった
家庭	台所	ただ、なぜこういったことをやらなくちゃいけないかという部分では、区全体の台所といいますか、そういったものを親御さんたちに知っていただきたいというのがあったわけでございまして、そういった中でこのチラシの中にここをうたわせていただいたというものが大きなことでございます
食事	台所	出口容疑者は今年2月ごろから9月ごろまで連日、西隣の主婦(53)の家に面した台所の窓を開け、ラジオとラジカセ計6台、目覚まし時計9台から大音響をたれ流しにしていた
食事	台所	台所にある古いTVは今やwiiチャンネル専用に近い感じになっているんだけど、それでニンテンドーチャンネルみてたら「おいでよ どうぶつの森」がwiiで出る事を知った
その他	台所	その後、大阪夏の陣で焼け荒れてしまったのを、徳川家康が伊勢亀山五万石の城主であった松平忠明を大阪城主として大坂の復興に当たらせ、復興支援特別政策を実施していったおかげで、船場は再び降盛し、江戸時代を通じて天下の台所として全国の富の七割が集中したほどに栄えたのであった
食事	台所	やっちゃん家と石村さん家とは、猫一匹がやっと通れる位の隙間しかなく、やっちゃん家の玄関に近い方の部屋の窓と、石村さん家の台所の窓とが接していた為、やっちゃんの様な子供でも足をちょっと余分に開いて跨ぐだけで、石村さん家に行けた
食事	台所	以前はアルフィーやいろんな男性を渡り歩いたのですが(笑)、この3〜4年は博堂ばかりで、車の中でも台所でも寝室でも博堂曲で・・・娘から“もういい加減にしなさい
その他	台所	日本最古の本格的な首都として、日本の歴史に大きく貢献した天下の台所として、今もこれからも日本第二位の経済圏として栄え続けてきた魅力ある大阪の歴史、文化を再発見することを目的とした検定試験
その他	台所	香港の至るところにある街市・・・ 小さくても大きくても、中はどこでも同じの街市“香港の台所”・・・・ここにくるとスーパーではない、 香港の昔からの台所が垣間見えるそんな場所です
食事	台所	「典座教訓」は、「日常生活すべてが修行である」という道元が、「典座」すなわち台所を務める料理当番の心得を記したものであるが、著者が指摘するように「禅の道、人の道をきわめられた方が、いわゆるお料理の本を出すはずはなく、私の人生の今、ここを、どのように運べばよいか、どう取り組んでいったらよいかということを、具体的に典座をつとめるときを例としてお示しになった」書である
家庭	台所	政権の枠組みが代わったところで、中国の過大評価を改めようというのは、他面で、アメリカの台所事情が苦しいことも背景にあるわけですから、そのあたりは素直に歓迎できない問題でもあります
家庭	台所	とは言うものの、惣次郎(藤原竜也)や歳三(山本耕史)らが食客として居座っているため、ふで(野際陽子)の機嫌はますます悪くなる一方で台所事情も火の車になっていた
食事	台所	1階台所の電磁調理器(長時間未使用であるが、待機通電状態となっていたもの)のトッププレート上に電子レンジが置かれており、その付近の物を取る際に、誤って電磁調理器の作動スイッチに体が接触し、加熱状態となり、約10分程度、電磁調理器のトッププレート上の電子レンジの樹脂部分から出火し、自動火災報知設備のベルの鳴動により、家族が火災に気づき、初期消火(消火器及び水)した
食事	台所	今までに、食卓を共にするなどということは絶対になかったのだが、この時は私と三人で快く会食せられたのである――会食後、夫人は後片付けに台所へ退られ、先生も鳥渡中座されたので、私は何心なく机の上に置いてあった先生の著書を取上げて、バラバラと頁を繰っているうに[#「うに」はママ]、その間からパラリと畳の上に落ちたものがあった
食事	台所	例えば台所で調理中、彼女は私を床にしっかりとつけて体を支え、その一方で右足をつまさきだけ床に触れ、鼻歌にあわせて踵を左右にリズミカルに揺するのである
家庭	台所	こうして江戸の後半には、日常の食材を購入しなければならなかった庶民の台所事情がさまざまの食べ物商人を育て、そのことがまた新しい食べ物を生んで、人々の旺盛な食欲を充たしていったのである
その他	台所	○川や堀川を活用し天下の台所として栄えてきた大阪の舟運を体験することで、多くの人に、「水の都大阪」の魅力を広くアピールするとともに、大阪のまちや川への愛着心と水都再生への気運を高めるためのイベントを大川等周辺で行った
食事	台所	温室メロンは、明治天皇の台所を賄っていた新宿御苑の福羽子爵が、イギリスから導入したのがはじまりですが、それ以後、大隅、岩崎(三菱)などの大富豪の農場にのみ広がり、栽培されるようになりました
食事	台所	1Kの賃貸アパートを契約しましたが、台所と部屋の間に扉がなく、冷暖房の効率を考えて開口部をできるだけきちんとふさぐ間仕切りをつけたいと思っています
食事	台所	家の中の調度品も大変立派なもので、ここには写っていませんが、台所もガスレンジをつけるなど、農村にいながらにして近代的で都市的な生活が出来るわけです
食事	台所	数日前、米びつをあけた時、数匹の穀象虫を見つけたので退治したのですがそれから数日経って、台所から6〜7m離れた別の部屋でPCをいじっていると壁に米の中にいた虫が這っていました
食事	台所	もちろん、アウトドアレジャーがお好きな方に言わせれば、家庭の台所で料理するのとはぜんぜん別物だとか、まあいろいろ楽しみはあるんでしょうけど、これは個人的な好みの問題なので
家庭	台所	市場の管理運営については、出店者で組織する協同組合と民営化の方向で協議を続けており、今後とも、市民の台所を支える市場として運営していただくため、来年4月1日に建物を無償で譲渡したいと考えております
食事	台所	「中世庭園文化史」の南殿光照寺地形実測図には、濠(ほり)・築山・園池(おんち)・持仏堂・山水亭・遣水(やりみず)・台所・南門・土塁(どるい)など、室町時代中期の庭園としてよく保存さている貴重な遺構です
食事	台所	いや、なんか、風呂をキレイにしたとか、台所の洗い物を高づけたとか、なんかそういう意味のことかと思ったというか、正直よく意味がわからなかったのである
食事	台所	この排水設備は宅地や私道内に排水管・汚水ますなどをつくって、ご家庭から出る台所・洗濯・洗面・風呂・水洗トイレなどからの汚水を、すみやかに公共下水道に流す役割を果たしています
食事	台所	台所に血の付いた木刀が落ちており、そばに立っていた長男が「自分がやった」と話したことから、同署は殺人未遂の現行犯で長男を逮捕し、殺人容疑に切り替えて捜査している
食事	台所	「堕地獄仏法」「48億の妄想」「台所にいたスパイ」「脱出」「露出症文明」「メンズ・マガジ ン一九七七」「月へ飛ぶ思い」「活性アポロイド」「東京諜報地図」「ヒストレス ヴィラからの脱出」
食事	台所	テーブルを置いたり、食べ物を取りに台所に行ったり、冷蔵庫を開けたり、テーブルをふいたり、そして皿に食べ物を乗せたり、皿の食べ物をかき混ぜたり、大人は食事の準備のためにいろいろなことをします
食事	台所	ただ、100枚ほど刷った”再加工チラシ”の威力と云いますか、熟女の方々への受けは予想に反し良く、さすが聡明な兼業主婦の皆様におかれましては、御家庭での少々重ためな台所仕事を少しでも軽くできるかも、みたいなちょっとテンション上がり目の内容があちこちで評判(でもないですが)になり、まず、主婦層を狙うのが意外に近道なのかと今更ながらオバサン、いや失礼、熟女の方々のパワーを垣間見た瞬間でした
食事	台所	山道を歩き上へ 途中城についての説明板がありました 鉄板が敷いてある雨でとっても滑る坂を登り更に上へ 西櫓門跡 馬立・台所・海老櫓跡 こんなとこに馬を繋ぐっていうことはここまで馬で来るってことですよね
食事	台所	○ 夜中に夜食が欲しくて台所をうろうろし、キムチ以外何にもなくて仕方なくキムチをぽりぽりやっているとなんと「韓国ロッテのお菓子のプレゼント」ですって
食事	台所	台所にいると、綾波と、アスカと、僕で料理したことを思い出すし、学校も、何処でも、綾波の想い出が染みついてるし・・・アスカを見ても、綾波と仲が良かったなとか、綾波と喧嘩してるんじゃないかと心配したことや・・・」
食事	台所	現在、一般家庭の台所周辺の洗浄や車の洗車から外食産業及び食品加工業、貴金属、ビル管理、宿泊施設、スポーツ・保養施設、船舶・機械・自動車産業等のあらゆる分野で活躍しています
食事	台所	1泊5000円で、台所にはコーヒーセット、シャワールームにはシャンプーや歯ブラシ、歯磨き粉、洗濯機や洗剤や物干し、10枚以上のタオル、など完備されているので、2日分の着替えがあれば何ヶ月でも暮らすことができます
その他	台所	私どもも、これ、2000年度につくりました台所白書で、借金はどれぐらいあって資産はどれぐらいあるんだというような概要をお示しをしておりますけれども、いろいろな評価の方法というのは非常に種類が多くあるんですけれども、この台所白書で出しましたのは、国が示す一つのマニュアルに従って算出をしておりますから、また、町の財務規則で試算する金額とは若干差があるわけであります
食事	台所	当店では日頃のお掃除では、なかなか取れない水あかやカビ、トイレの尿石そして台所の油汚れなど、お客様のお困りの点や気になる箇所をお聞きした上でスピーディかつ適正な時間でとことん仕上りにこだわったサービスを行っています
食事	台所	たとえば、ごみ袋、台所の三角コーナー用ごみ袋、フローリング用の掃除用具とその取り換えシート、傘、洗濯用具、 生活に必要だけど自宅からなかなか持って来れないものはほとんど揃っていました
食事	台所	「なにしているのかしら・・・あなた達・・・」 台所に行った霊夢が見たのは荒らされた食料、それを貪り食う幽々子と謎の男 「あら、いただいてるわよ、このたくわん美味しいわね」 「その辛味噌は俺が飲み込んだ、ところでこれ食っても良いかな
食事	台所	タカギ ●台所等の泡沫蛇口にホースをつなぐ時に使用する ●別売りのコネクターとセットで使用する タカギ マンションの蛇口がグローエ製で、おしゃれなのはいいが、ホースをつなげない
食事	台所	公共下水道が整備された区域内では、処理開始の告示がされてからすみやかに排水設備工事を行い、台所や風呂場からの生活排水を公共下水道に排出しなければならないことが下水道法により定められています
食事	台所	台所洗剤ジョイのCMで、油に指先についたジョイでチョンとつつくと、あっというまに油が分解されてしまうというのがありましたが、あんなモンだと解釈していいのでしょうか
食事	台所	〈1〉イメージで選んでもいい/〈2〉食品の裏ラベルを見ましょう/〈3〉台所にないものは添加物/〈4〉顔を知らない他人が作ったものを疑う/〈5〉自分が作った場合と商品を比べてみる/〈6〉言葉遊びに気をつける/〈7〉素朴な疑問を抱く
食事	台所	ジェトロは、中国の大手ネット企業と共同で、ことし秋をめどに日本の中小企業の製品を販売するサイトを立ち上げ、台所用品などの日用品を試験的に販売する計画で、参加する中小企業を来月から公募することにしています
食事	台所	■包丁の「包」はもともとは台所(調理室)を示し、「丁」は釘のことで、一点に打ち込む人・事に当たる人・専門職を示すことから、包丁とは「台所の専門家」=料理人、調理士という意味の言葉として使われていました
食事	台所	ベッド、窓枠、背の高い椅子の「背」(泣)、そして普段は乗らないけど欲しいものがあれば飛び乗ることができると発覚した、台所の調理台(ベンチトップ)(汗)に、今では余裕で飛び乗ることができる筋肉がついて、普通の猫の重さになったんだと思います
食事	台所	台所の万能選手「もね」を焼いていた白石焼の陶器、あいがも農法による無農薬・無化学肥料の酒米づくりや市民向けの「お米とお酒の学校」などに取り組む天吹酒造の酒、長い歴史をもつ名物「綾部のぼたもち」、野菜・果物と手づくり加工食品、軽食・飲み物、福祉施設の手づくり作品などの販売、薬用茶の試飲と薬相談などブースが並び、フリーマーケットも開かれました
食事	台所	138ページに「台所に現れたクロゴキブリ」という、食卓の上にいるゴキブリを写した写真があるのですが、生活感のある背景は今森さん宅の台所なのかな
食事	台所	「台所ごはん ばんざい 手豆や」は、JR神田駅北口から徒歩7分、都営新宿線の小川町と丸の内線の淡路町駅双方から3分の外堀通り沿いに8月5日開店
食事	台所	彼の場合は居間に豪華なシャンデリア、日本製高級オーデオセット、景徳鎮の大きな花瓶、台所は大きなシステムキッチン、風呂はTOTOのジャグジー風呂、トイレはもちろんTOTO
食事	台所	ここ何年も1シーズンごとに台所(2階)で1~2匹巨大なクロの大人を見るか見ないか、そしてそれらは数日以内にホイホイにて捕縛、というわりかし恵まれた
食事	台所	今までキッチンと食卓の間に壁があり、台所で料理を造っている時は孤独感があり、壁がある為、お互いの部屋が狭く感じるとの事で、出来る限り開放感がある明るい空間を希望しました
食事	台所	台所に目の細かいこし網を付けたり、油は新聞紙等で吸い取って可燃物として処理するか、廃食用油の収集日に処理をしたりして、下水道に流さないようにしましょう
食事	台所	自動的にでてくるという感覚で「ご飯だからこっちへ来なさい」と言われ、食卓を囲むのと、台所で親が作るのを見てる、一緒に参加することで、プロセスを感じて食卓を囲むのとでは、子どもの中に「残るもの」の大きさが違うと思います
食事	台所	巧妙な灰の罠(わな)を失敗に終わらせた翌日、アンナが台所にはいっていって、第一に眼についたものは、前夜素足の足跡を消すために用いた小さな箒(ほうき)が、ザーミの手にもたれてることだった
その他	台所	市民の台所として戦後沖縄を支えてきたが、1972年の本土復帰を境として本土資本の大手百貨店やスーパーマーケット進出のあおりを受け、徐々に客足が減退していくこととなる
食事	台所	中学生の頃、塾に通っていたが、夕方行く用意を整えて腹ごしらえを台所でしているとき、ラジオから決まって流れていたのが『三菱ドライビングポップス』という番組だった
その他	台所	オレスカバンド「ピノキオ若槻千夏楽譜春のワルツ 韓国ドラマ情報304韓台所川崎303入江紗綾のこといろいろ など動画テニスの王子様ゲーム占い占いリロスティッチ壁紙デコメアニメairアイドル動画集airお笑い動画集air入江紗綾画像掲示板1669入江紗綾あとこないだは、1日停部だしピンクのどくろがチャームポイントのやんちゃな「クロミ」の応援よろしくねクロミ
食事	台所	台所や洗面所、浴室などの水まわりの補修、取り替え、雨樋の取り替えや屋根の葺き替え、網戸の張り替え、手すりの取付け、畳の表替えなど、身近な修理から家全体の大がかりな工事まで、まずはお気軽にご相談ください
食事	台所	合成界面活性剤でつくられた台所洗剤、シャンプー、洗濯洗剤などは、手が荒れるだけでなく、川や海、生き物たちも弱らせてしまうことを知ってから、それらの使用を一切やめました
食事	台所	「娘がいたら嫁入り道具に持たせてやりたい」「台所に立つ回数が増えた」 「料理するのが楽しくなる包丁」 堺屋の包丁をご愛用いただいている皆様に、ご愛用の包丁の推薦状を書くとしたら
食事	台所	合併浄化槽は水洗トイレからの汚水(し尿)や台所・風呂・洗濯水などの、生活雑排水を微生物の働きなどを利用して、浄化しきれいな水にして放流するための施設です
その他	台所	北前船は北の海産物を天下の台所大阪へ運ぶ為に発達した輸送手段で、従来あった若狭湾から琵琶湖経由で機内に入る内陸水運ルートより、大量輸送が可能で大幅なコストダウンとなった
食事	台所	気を良くして、台所の引き出しの中で眠っていた菜ばしを一本取り出し、これに処分するつもりでゴミ袋に入れておいたナイロン性の風呂敷を使い、もう一本ミニばたきを製作
その他	台所	(株)チバ、萬珍楼、ひらまつ、ジュアン・レパン、美濃吉食品、メティウス・フーズ、Bingo、リゾートトラスト、テイク・アンド・ギブ・ニーズ、ルシャルの台所、La楽リゾート、ホテル王将、鵜渡幸、ラ・マンマ、季園、洋食割烹花月、さくら亭、割烹志幡、ママの台所、ル・ポットフー、グランドエル・サン、ピーターパン、ホテル小松、松屋菓子店、レストラン欅、香梅咲、 ベルナール酒田、セルクル、千寿 ほか
食事	台所	今になって母も台所は自分ですると言い出し、入浴は一人で入らないようわかったし、シャワーの使い方も良く知っているのでシャワーだけ使うことに納得したこの頃です
家庭	台所	慢性的な渋滞が著しい国道4号及び455号のバイパス道路としても機能するようになり、このため沿道住民の間で県道昇格運動が小規模ながら展開されているが、県の台所事情が苦しいため当面は市道のままとなる見通し
食事	台所	台所には、たぎった湯や熱い油もあるのだ」と、裸火がないことでガスコンロに比べた安全性を強調する宣伝には根拠が薄い事と、更にもっと根本的な問題として調理器具として安価で十分な性能を発揮するガスコンロと比べたIHヒーターの存在そのものへの疑問を投げかけています
その他	台所	敬子が御台所におさまった暁には斉彬は将軍の御台所の養父として発言力が増すし、斉昭も御台所敬子が頑張ってくれて慶喜が将軍になれれば、将軍実父として立場が強くなる
その他	台所	やしが、カマや台所(しむ)んかい降(う)りてぃ行(ん)じゃあに、生芋(なまんむ)、大根(でえくに)、人参(あかでえくに)そうなむん、かしがあんかい入りてぃ、なあひん、入りいびちいやる食み物お無えらんがやんでぃち、目(みい)やとぅざなてぃとぅめえとおたん
家庭	台所	大企業はバブル期を上回る空前の利益を上げる一方で、国民は賃金抑制と負担増で景気回復を実感できないばかりか、原油高騰の影響による物価上昇などでさらに苦しい台所を強いられている
食事	台所	台所の煙を送りだす通管(房管)を下に通す必要上、地面よりも少し高く建てられているが、しかしソウルでは、必ずしもこの方法が一般的とはなっていない
食事	台所	シックハウス対策は勿論のこと、寝室には抗菌で通気性のある物、台所には汚れ防止、子供部屋にはキズ付きにくい表面強化など、安全性、機能性を考えアドバイスさせていただきます
その他	台所	豊かな食文化を背景に「東海の台所」と言われる"桑名"に、全国で店舗を構える選りすぐりの人気ラーメン店を集結させ、桑名を中心とする東海地区の方々に、全国ご当地ラーメン"本店の味"を食べ比べていただく、言わば「全国ご当地ラーメンの殿堂」を、「マイカル」と「ナムコ・チームナンジャ」が共同開発いたします
食事	台所	EtherとMiddleIsland は2年前にコラボレートしたCD「無始無終」が個人的にとても気に入ってて、今さっきも台所で皿洗いながら聴いてたんだけど、やっぱり良いよ
食事	台所	そんなわけで選挙あけて梅雨もあけてだるだるで休日(まる一日オフ)の14日は、汚れまくっている台所をちょっとだけ整理清掃して溜飲を下げ、夕方涼しくなってからの短時間は「梅雨明けの庭仕事」に精を出す
食事	台所	おせち料理は元々、年中家事で忙しい主婦がお正月3が日だけでも食事の支度をせずゆっくりできるようにと日持ちのするものを詰めたことも含まれているそうですが、神様を迎えている間は台所で煮たきものをして騒がしくしないということからきているのだそうです
食事	台所	その日は父が在宅で、その方に対応して居たのですが、話の内容は私には分かりませんが、父が奥の台所に行って何か袋に入れた包みを手渡して上げると女性は、涙を流して何度も何度も父に頭を下げて居るのが未だに私の記憶からは消える事が無い
食事	台所	今はまだアイランドキッチンが台所や居間にポツンとおいてあるような設計が多いのですが、今後アイランドキッチンを盛り立てる設計が、徐々にでてくると思います
食事	台所	最近、光太郎の家の裏庭の盆栽やばけつが倒されているのはおかしい、そこで裏庭のずっと見渡せる台所で編み物をしながら見張っていたら、おもちゃのモータボートのような音がしたので外を見たそうである
その他	台所	全行程を歩き終えて思ったことは、昔は40kg〜60kgもある魚荷を背負って80km近い道を夜通し駆けて翌朝京の台所、錦の朝市に魚を並べたという人たちのご苦労は、負い縄一本あれば生活できると言われた時代でも大変な仕事だったのだろうということでした
食事	台所	台所のテーブルにはきつね色に焼(や)けたリンゴのパイが大きなお皿にもりつけられていて、焼けたリンゴの良いにおいが部屋(へや)いっぱいに広がっていました
食事	台所	トイレから長らく出て来ない彼女をベットで待とうと寝室に戻ろうとした時、彼女はトイレから出ると何やら小さな買い物袋を手に持って台所へ入ると「パタンッ
食事	台所	なお婚礼の際花嫁が婚家に初めて入るとき、台所から入家し、その折カマドに一礼したあと座敷などに上がるという習わしがあったが、これはその家のカマド神(火の神)に家族の一員となることを告げる大事な儀礼であったのである
食事	台所	オヤジは自分の鼻を頼りに、匂いの発生場所を特定しようと、台所中を探しまわったものです(笑) *** 「醤油料理 天忠」の母体は「岡直三郎商店」
食事	台所	台所以外の水回りは比較的新しいので(トイレ、風呂場、洗面台は10年ほど前に改装済)汚れ方も大したことはないものの、やはりタイルの目地や、浴槽の蓋や石けん受けや洗面器や椅子の裏にはカビがけっこう出ている
食事	台所	また、地域保健医療を改善する意味での台所のかまど改善、安全な飲み水を確保するための井戸掘り、かつ女性への支援を通しての夫婦間のコミュニケーションの円滑化を図った
食事	台所	カビを清掃するために、色々な薬品(レンズクリーナ、ハイパークリーン6310、アセトン、エタノールetc)を使用しましたが、最終的には台所用洗剤が一番簡単で良くとれることが分かりました
食事	台所	そして人が生活を営む家であるのに、原節子が台所へ歩み去って行く廊下の壁と床板はハッとするほど影を帯びていて、息を詰めたような静謐さの、あまりの侘しさが恐ろしいほどです
食事	台所	一階は張見世、その奥は従業員の部屋や台所など生活空間になっており、客は張見世の横にある入り口から二階に通され、遊女と対面する『引付け』と言う部屋で遊女を待つ事になる
食事	台所	台所の床下収納の蓋を開けっ放しで、電話などがかかり、電話が済み元の場所 に戻ったとき蓋の開けっ放しを、すっかり忘れて床下収納の所に自分が、落ちた 時
食事	台所	22日午後10時15分ごろ、ワンルームマンション1階の自室で、台所の床下収納スペース(約60センチ四方、深さ約50センチ)に、大阪府内の女性(19)を監禁
食事	台所	美味しそうなアテいいなぁ〜 今夜は旦那がいないから飲み放題だけど食べる物が・・ こんな時間から台所で調理もなんだし、 仕方なく海苔をラー油と塩に付けてハポー酒だっ
食事	台所	通常の居住室はもちろんですが、例えば採光計算上では居室とはならない(計画の仕方により居室扱いをされる場合もありますが)台所や厨房等に関しても、24時間常時換気の規制上では「居室」となります
食事	台所	そうそう、野鳥の話で思い出しましたが、今朝望月と台所でニュース聞いていて(最近はラジオでテレビニュースを聞いてます)、「アカハラ」と聞こえ、今度はテレビ画面で「アカハラ・・・」とみたのですが、「アカハラが問題となって」というので「アカハラが増えてって、あれって害鳥なの
食事	台所	オレはオヤヂの晩酌の相手なんてしないので、話し相手が欲しかったようだが、オレに料理をさせて置いて、その上台所の片づけも全部させて置いて、自分だけ逃げるとは許せないぞ
食事	台所	包丁が出ている間は台所に入らないとか、人の食べ物は食べたら駄目とか、コンセントは齧るなとか、いろいろと「我が家ルール」を決めていますが、テーブルの上にあがるなという項目を出すのを忘れていました
その他	台所	近年、急増している"化学物質過敏症"も食生活の急激な変化と農薬や添加物だらけの食品を食べざるを得ない現在の台所事情とまったく無縁ではないでしょう
その他	台所	さかんに御台所(政子)の嫉妬が怖いから嫌だと云いましたが、頼朝様の愛情は益々激しく求めてこられるので(近くに居るように望むので)仕方が無くお言葉に従いましたとの事だとさ
食事	台所	プレスデーの初日、GMのワゴナー会長が、「GMは台所のごみ、木くず、草、都市ごみなどに熱を加え、出てきた一酸化炭素と水素のガスに特別なバクテリアを使ってエタノールを生産する技術に取り組んでいるCoskata社を全面的にバックアップ、1ガロン1ドル以下の実現をめざす」と発表した
食事	台所	名称を直訳すると「台所の流し台」であるが、この技を受けた選手は前屈みの姿勢となり、この「凹型の形状が流し台に似る」説や、流し台は台所の中で動かしようのない設備である事から「台所の流し台のように相手を動けなくする技」説など諸説あるが、由来についての詳細は不明であるべきです
その他	台所	振り返れば、天下の台所として大いに栄えた近世から大大阪と呼ばれるほどに発展した近代へと、大阪はまさに住・職・遊が一体の都市に住み・暮らす生活文化が見事に息づくまちだったはず
食事	台所	ノーリツ「ユコアGT」 設置フリータイプの屋外据置型です☆フルオートタイプ♪ ■台所と同時使用でもパワフルシャワーが可能(スーパーターボ給湯) ■ぬるさを感じる前に追いだきしてくれる(ごきげんオート)
その他	台所	若槻千夏楽譜春のワルツ 韓国ドラマ情報304韓台所川崎303入江紗綾のこといろいろ など動画テニスの王子様ゲーム占い占いリロスティッチ壁紙デコメアニメairアイドル動画集airお笑い動画集air入江紗綾画像掲示板1669入江紗綾あとこないだは、1日停部だし私に佐藤綾
食事	台所	で、台所で『オリーブの首飾り』を、ちゃらららら~ん♪と口ずさみながらギロチンで遊びつつ、テーブルに方眼紙広げて『ともゑという名で十八で(仮)』、ラフ組みというか、登場人物の動機とか葛藤とかハードルとか目的とかの再検証
食事	台所	それが現在では、耳がよく聞えるようになり、腹の痛かったのがなくなり、また一人でヒザを立てて便所へも行けるようになり、台所の手伝いもそろそろする位になりました
食事	台所	それから、いただいておりますこの消防年報の数値によりますと、ご答弁の中にも若干ありましたが、発生原因はやっぱりご承知のとおり、今述べていただいたように台所関連が多いように思います
その他	台所	沖縄の台所 ぱいかじ 銀座8丁目店のアルバイト求人の詳細を見る このお気に入りアルバイト[沖縄の台所 ぱいかじ 銀座8丁目店]を気になるリストに追加
食事	台所	あの日は、うちのほうの大掃除だったので、台所直しさんや、畳屋 さんもはいっていて、お母さんも箪笥(たんす)のものを整理して、そのときに、この風呂 敷が出て来て、私がもらった
食事	台所	新聞、宮崎駿アニメの「千と千尋の神隠し」を連想してしまったのでした、水野真澄氏が「 香港」「水野商務諮詢上海有限公司」に加えて、誰もいない台所から椅子を引きずる音が聞こえたり、 [建築家設計事務所] 大阪府大阪市城東
食事	台所	料理(「料理; 割烹; 台所」; フランス料理から、結局、「料理する」ためにラテン語からcoquereする)は伝統と習慣を料理する特定のセットです、しばしば特定の文化に関連しています
食事	台所	台所の出入り口は網戸はないから網戸にくっつかないけど、ゴミを出し入れするだけなのに虫に襲われそうになるし、戸をあけたときに部屋に入ってきちゃうから出入りするのはいやになりました
その他	台所	というのも「台所」(キッチン)渓谷は厳しい自然の要害として知られ、中でも「母」(マザー)と呼ばれる自然現象は特に甚大な被害をもたらすことで恐れられていた
食事	台所	ドイツ家庭の台所管理者(もちろんたいがい女性)は、夕飯は基本的に切って盛り付ければいいものしか出さない、そしてそんな夕飯のあとですら執念深く台所を磨き上げ、翌朝までは何人たりとも使用を許されない
食事	台所	すごく汚い長屋みたいな家の台所の横を通り、裏口を開けて、そこから2階に上がっていったら、この部屋の半分ぐらいの部屋全部に、にせ物ブランドが所狭しと置いてありました
食事	台所	台所の灯に寄ってくる蛾を待ち伏せて一晩がんばっているのだが、たまにパクリとやるところに出くわすことがあって、思わず「やったー」と叫ぶのでカミサンが驚いていた
食事	台所	その頃澪がくだんのオムレツを真帆宅の台所で焼きながら「お父さんが生きていた頃は、卵は貴重品だったわね、万平おじさんが持って来てくれるたびに、私食べたくて食べたくて」と意味深に微笑むなど、“卵”というベーシックかつアットホームな食材を、心かよい合い物質的にも満ち足りる平和な家庭生活の象徴のように使った、なかなかワザありの今作の創作料理プレゼンでした
食事	台所	しかし、本来、自分が座っているはずの台所に近い席に陣取り、炊飯器からよそった御飯の食器を、手を伸ばして受け取ろうとする明日香へ、こちらも一杯にうでを差し伸べ、渡そうとする『奈津子』の満面の笑み──苛立たせることにまたあのエプロンをしている──は、食べ盛りの子供を頼もしく思う母親の幸福なそれと同じなのだった
食事	台所	「この辺に台所があった」と指さす敬子さん(右)=加茂郡八百津町八百津 県内で死者、行方不明者合わせて6人の大きな被害をもたらした15日の豪雨災害
食事	台所	【作用】本願請求項1の厨芥水切り移送装置は、台所の流し台の下方位置において、ドラムが横向きになる姿勢で設置され、且つ流し台の排水通路をドラムの厨芥通路の入口に導いておく
食事	台所	即バルサンをした後G2の死亡を確認、そして床は台所用の除菌スプレーで拭いたものの、クローゼットの中にも、シンク下にも、そしてなぜか冷蔵庫の中にも奴の排泄が多数あり、もう精神的に死にそうです
食事	台所	家にたどり着くまで何度も電柱に行く手を阻まれたり溝に落ちそうになったり実際落ちたり風呂に入ってそのまま寝込んでしまったり食べた記憶の無いお菓子を台所に撒き散らして翌朝家人に激しくののしられてみたり
食事	台所	秋には、台所の三角コーナーのネットに入れて、カーポートの下で、 日陰天日干しを1ヶ月くらいしてからジップロックなどの密封の袋に入れて保存します
食事	台所	店の奥行きを大きくした分は、あの4畳半をつぶしてすませることができたが、幅も敷地いっぱいに広げようということで、それに連れて、台所とバス・トイレも移動させ、2階を全く新しくしたわけだから、この洋間もいじらざるを得なくなった
その他	台所	たとえば、大阪人の気質は、秀吉時代から天下の台所として栄え近年では近江商人に代表される商業の町として発展してきた背景から「したたかで人なっつこい」「ルール嫌い」「イラチ(せっかち)」「食道楽」等の特徴である
食事	台所	シミ自体はアルカリ性の台所用漂白 剤により洗い流せますが、下地の状態により効果が出にくい場合や、漂白剤により下地を脱色してしまう場合がございますのでご注意下さい
その他	台所	また、大阪は、これら良質かつ新鮮な食材に恵まれた地の利に加え、諸国の台所として長きにわたり市場流通の拠点として栄えたことで、独自の料理文化が醸成され、今日の日本料理の礎となる料亭料理や割烹料理を生み出してきました
食事	台所	壁の向こう――台所――から響いてくる人形たちの叫びを背景に、縛られたシンジは何時もの貼り付けた薄ら笑いではなく、引き攣った泣き笑いの表情で青褪めていた
その他	台所	著書に『うおつか流台所リストラ術』『うおつか流生活リストラ術』『今夜の魚 呑む銘酒』『古道具屋さんの経済原論』『食べ暮らしダイエット』『魚柄仁之助の楽膳のすゝめ』など
食事	台所	食器、台所用品、玩具類、幼児用品、学用品、電気製品、小型の家具類、自転車(目録で表示)等で、新品又は日常十分に使用できるもの(修理を必要とするものは除く)で管理に支障のないものに限る
食事	台所	用途:ガラス類・床・家具・トイレの便器やタイル、洗面所の陶器の汚れ、ワイシャツ等 のエリソデ汚れ、衣類の洗剤補助、浴槽・浴室の汚れ、洗面台・台所のシンクの廻り、
食事	台所	次に台所タワシ(真鍮製切り屑状)を即乾ゴムボンドで貼り付けた、使い易く曲げたピアノ線や竹の皮を残した細い棒のブラシで隅々迄擦り、汚れを落とし、再度水洗いを数回します
食事	台所	日用品、置物、額縁、食器、台所用品、食品(味噌、しょう油、パン、細うどん等)、衣類(作務衣、甚平等)、文房具、履物(紳士靴、婦人靴、下駄等)、かばん、アクセサリー、アウトドア用品、寝具、園芸用品など
食事	台所	町田市では、台所(だいどころ)からでる生ごみを少なくすることをすすめたり、リサイクルできるしなものを持(も)ちこめる場所(ばしょ)を開(ひら)いたり、また、市内から集めた木の枝(えだ)を細(こま)かくして、野菜(やさい)などを栽培(さいばい)する材料(ざいりょう)を作っているんだよ
食事	台所	我が家は台所と風呂・洗面所が遠いので、台所のお湯はガス、風呂・洗面所のお湯は電気給湯器と分けて使っていますが、電気給湯器のお湯の勢いが思ったよりも(かなり)弱いのです
食事	台所	[ パン工場、特に大手メーカーの工場は、家庭の台所とは比較にならないくらい清潔な環境のもとで、配合や発酵方法などに工夫を凝らして作っているからです
その他	台所	堂島川への土砂流入で 船渡御が中止になったこともありますが、天下の台所と呼ばれた元禄時代(17世紀後半)以降、天神祭は浪速の繁栄のシンボルとして 隆盛をきわめ、享保年間(18世紀前半)には「講」という祭りを支える組織が誕生し、新たにお迎え人形も登場し、祭りの豪華さは全国 に名を馳せます
食事	台所	この間なんて、いつのまにやら、台所に転がっていた殻つきのぎんなんを拾って口に入れ、ごろごろさせていたんだけど、しばらく誰にも気づかれなかったほどである
家庭	台所	男児2人が死亡 青森でアパート火災(2010/08/09) 7日午後、青森市三内稲元、会社員長内俊一さん(34)方アパート1階の部屋から出火、台所兼居間にある冷蔵庫の背面を焼いた
家庭	台所	ほんとはマルコポーロ(マリアージュフレールのフレーバードティー)あたりを水出しで飲みたいんだけど、私の台所事情とうちの冷蔵庫事情からいって無理っぽい、いや無理すればなんとかなるんだけど無理するのがめんどくさいだけです
食事	台所	テレビのホーム・ドラマに出てくるパパたち、ママたち、そして子どもたちは、たとえば台所に棚を吊ったり、行方不明の飼犬をさがしまわったり、ハゲたペンキを塗りなおしたり、バラの剪定をしたり、要するに家という建物とその周辺を美しくすることに余暇をささげているかのようである
その他	台所	【カツおばあちゃんの台所】かつおばあちゃん直伝南ばん味噌は、平成17年に100歳で亡くなったオーナーの母が毎年作っていたナンバン味噌を忠実に [続きを読む]
食事	台所	食事の支度の時はいっしょにキッチンで、子どもには危なくない台所用具、ボールとかおたまとか、泡立て器とか缶詰とかをおもちゃに与え、いっしょにお料理をしているような気分で遊んでいました
食事	台所	台所ではまな板などの除菌、お部屋のカビ発生予防、トイレの便座、車内のたばこ等の消臭、枕、靴の匂い、傷の洗い流し、お年寄りや小さいお子様のいるお部屋の除菌、生ゴミ、ウィルス感染予防のうがいや手洗い、ペットの消臭、梅雨時の洗濯物の部屋干し、剣道の防具、ワキガ、加齢臭、口臭予防、水虫予防、生花等、あらゆるところの除菌・抗菌対策
食事	台所	夕方裏の畑へ出て、明朝《あした》のお汁《つゆ》の実にする菜葉《なっぱ》をつみこんで入って来ると、今し方帰ったばかりの作が、台所の次の間で、晩飯の膳に向おうとしていた
家庭	台所	しかし、靖国神社に関係する団体の発行物などの資料から、同神社の収入が年々減少傾向にあることは読み取れるし、台所事情が悪化しつつあることは間違いないところだ
食事	台所	その頃から母も時々起きて、台所へ顔を出すことがあったが、自分で働くほどの気力はなかったので、台所仕事は依然として、自分が主としてやらない訳にはいかなかった
食事	台所	21日、UNHCRの支援チームはセナキ(Senaki)に逃れた500人の国内避難民を訪れ、毛布や台所用品、給水用ポリタンクといった必需品を配布しました
食事	台所	例えば、家族で食事をする楽しい時間、食事の準備に台所に立つ私を見なが ら、父はテーブルの決まった席に座りまして、ビールを飲みながらいろいろな話をしてくれました
食事	台所	最近、料理をしても、後片付けしない、後片付けしても、洗い方、しまい方が良くないと難癖を付けられ、台所に入れてもらえず、少々欲求不満だったので、鬼(
食事	台所	早々、試供品で頂いたアルカリウオッシュを水でうすめてスプレーに入れ、台所まわり、ガスまわり、冷蔵庫とふきつけて拭くだけで、油汚れからみんな落ちるのにびっくり、ピカピカの台所になりました
食事	台所	津波の被害と惨状が最も甚だしいのは雄勝湾一帯であるが、同湾から牡鹿半島沖合まで無数の家財道具や台所用品に交じって屋根畳などが漂流しているのは悲惨である
食事	台所	ムスクそして大人が抱えれも足りないほどの胡楊樹の林(日本でも神社・寺院には大木が植わっている)を抜け、巡礼者の食堂・台所(300人の調理が出来る)のあるところを見学した
食事	台所	そんな 2 人が 2 人だけになるコトなく、他のヒロイン達がしっかり絡んで来るトコロも良い感じ♪ 保奈美はみんなのお姉ちゃんで、毎朝主人公クンを起こしてあげる役目を渡してあげるシーンとか、一緒に台所で料理を作っているシーンとか、主人公クンも茉理も、愛されているんだな〜って
食事	台所	この時、台所が、居間や居間と一体のダイニングと壁で仕切られた独立した部屋となっている場合(壁の一部が出入り口のための開口になっている場合も含む)や、台所とダイニングが、居間と壁で仕切られている場合(上記括弧内に同じ)は、一体的空間とは扱いません
その他	台所	下関では「逞しき谷間」ということで、下関の台所といわれる長門市場で庶民生活を撮り続けたり、綾羅木郷台地(現:綾羅木郷遺跡)が産業と農業政策で壊されようとしているときは、文化財保護という立場から取り続けてキャンペーンなどを行っていました
その他	台所	200g阿蘇のいずみ 薄力粉 :私の台所 )商品説明文(※商品によってはそれ以上かかる場合もございます返品交換不可※10日前後の発送目安となります変更・※ご注文後商品を発注するため、キャンセル・※28AUG09P10返品交換不可※ご注文後商品を発注致します変更・[受注発注]※5250円以上送料無料※キャンセル・:【私の台所薄力粉阿蘇のいずみ200G】
食事	台所	沖縄では、女性の名前として「カマドゥ」、「カマド」、「カマ」などの名前がつけられたことがありましたが、このことからも、昔の人の生活にとって台所と竈の存在はとても大きなものだったに違いありません
食事	台所	居間となる部屋と台所、トイレ、そしてベッドルーム(ウォーキングクローゼットのちょっぴり広め版みたいなやつ)それぞれなんともいえない、独特の壁紙が貼ってあるのである
食事	台所	すでにレッシングがその『ラオコーン』で喜劇的反吐の出るものを(反吐の出る喜劇的なものは勿論別物であるが)根拠や例を挙げて擁護している、例えば上品なチェスタフィールド卿のホッテントットの化粧室の馬小屋作品、台所作品からそうしている」(S
家庭	台所	とはいうものの、政府の無策ぶりは今に始まったことではないが、先週の岩手・宮城内陸地震被災地への首相の早急な視察のように、ぜひ庶民の消費活動の現場であるスーパーや小売店に足を運んで、国民の台所事情をつぶさに視察してその処方を提示すべきである
食事	台所	価格比較文化出版局野菜と私と土と水と—農家の主婦から都会の台所へ、88の手紙井上書店農家の台所改善 (1959年)農山漁村文化協会図集農家のすまい〈第2集〉農家の台所 (1955年)農山漁村文化協会図集農家のすまい〈第2集〉農家の台所 (1954年)頑張りました
食事	台所	蓮如がこの地に来て、この地が栄えてから建てた物なので当然、まだ新しく、部屋も四つあり、台所の土間も広く、広い縁側もあって、ちょっとした庭まで付いていた
食事	台所	台所などをさせずに、小間使いとして手回りの用事でもさせたら顔かたちといい、性質といい、取り回しといいこれほど理想的な少女はないと思うほどだった
食事	台所	)、自動車販売業男性(30歳)が台所にあった刃物で刺し、「人を刺した」と長野県警に出頭する殺人未遂事件(女性は腹を、男性は腕を刺されたが命に別条はない)
食事	台所	し尿だけを処理する「単独処理浄化槽」は、し尿以外の排水(台所・風呂・洗濯など)を未処理のまま放流するため、川や海に流れ出る水質汚濁物質量(BOD量)は、「合併処理浄化槽」の約8倍にもなります
食事	台所	コーヒーメーカーが古くなって買い換えてないこともありますが、家族6人の台所では、コーヒーメーカー自体が「じゃま」にされ「置き場所」が無いのが大きな原因でもあります
食事	台所	スポイトがなかったので、台所を漁って見つけたストローをタンクに突っ込んでストローの端を指で押さえてフルードを空き瓶に移します(後日グッデイでちゃんとしたスポイトを買ってきました)
食事	台所	長年狭くて暗かった洗面室や浴室を広くし、洋室と台所で区切っていた間仕切りを撤去してワンフロアーにし、自然素材をふんだんに使ったやさしさと落ちつきのあるマイナスイオンいっぱいの空間になりました
食事	台所	ひとつはトンカチやカンナなどが置いてある【日曜大工売場】、ふたつめは鎌(かま)や鍬(くわ)などが置いてある【農機具売場】、三つ目は包丁やザルが置いてある【台所用具売場】です
食事	台所	世界各国から、セラミックタイル、浴室設備、台所設備、天井・床用のタイル・ガラスなどの建築資材、インテリア用テキスタイルなどが一同に展示され、今後の建築物・インテリアの動向を探ることができる
食事	台所	フレックスシステムは間取の自由は勿論、風呂台所等の水廻り位置も自由であり、空中庭園・外壁位置等の外部形状も自由であり、メゾネットでは吹き抜け等の上階床の形状も自由であり、建設当初だけでなく、建設後においても家族構成変化に合わせて増改築、新しい間取への変更も可能な住空間可変システムであり、しかも在来の中高層住宅とほぼ同等の建設コスト、同等の容積効率を可能にするシステムである
食事	台所	まだ今のように料理をお客さんに出すようなことはせず、ごく限られた人だけしか食べさせてもらっていませんでしたが、台所では何故か「吉兆」の旦那が庵主さんの手伝いをしていたりして
その他	台所	(中略)昔、頼朝公(源頼朝)御逝去よりして御台所(北条政子)は禅尼とならせ給へども、天下の事は右大将(頼朝)御在世の如く(中略)時俗これを尼将軍と申し奉る
食事	台所	「とくさ不動」とも呼ばれる麻生不動院では、神棚や火を使う台所に張る「火伏せ」のお守りなどを売るほか、境内や参道には午前8時ごろから地元の「王鶴組 合」をはじめ約400店の露店が並び、だるまに加え農機具や植木、乾物、焼きそば、お好み焼きなどの食べ物の店がずらりと並ぶ
食事	台所	ざっくばらんに何でも話してあっさりやろうということにし、そのひとは良人のために好きなものをこしらえて食べさせたいだろうから台所はその人がして、わたし掃除ということにしました
食事	台所	家族が寝静まってから自宅の台所でコップに注いだ焼酎を一気に飲んで蛇口に向って思わずつぶやくならまだしも、あえて Web ページに書いて何になる
食事	台所	これはまずい・・・ってなわけで、どうせ誰も使ってないんだし・・・というわけで台所にあるカセットコンロとやかんを持ってきて部屋でがんがんお湯沸かして加湿ですわ
食事	台所	当山は火の神、台所の神としてあがめられ、また各種の現世利益を祈願される参詣の方で賑わい、創建以来、連綿と続く栄光千年の法燈は、一日も絶えることなく今日を迎えています
食事	台所	普段は衣類はクローゼットにあって、調理器具は台所にあって、 タオルだって何だって、必要なときにしまってある場所から取り出せば いいという、なんてお気楽な生活をしているんだろう
食事	台所	だからお肌にふれるだけでなく、口に入る可能性のある食器や台所用品や、洗剤残りが気になって洗浄剤を使えない場所、手の届きにくい部分等のお掃除に最適です
家庭	台所	私も、この「国民の義務」を、本日果たしましたが、四月から、新弟子の伊藤くんも入り、田舎のお宮の常ながら、台所事情も、正直のところ、楽ではありません)^〜^(しかし、国民の義務の税金、これを「支払う」と言うことは、「お祓い」に通じるのです
食事	台所	だが、逃げようとして、カトリーヌが眠るときに抱えている金袋から、苦労して金貨をすこしばかり拝借し、さて、裏口からまわって、さようなら、というときに、台所の暖炉の前で眠っていたジャネットを起こしてしまった
食事	台所	宇部市として個人で、あるいはいま、注目のNPOが主体となってグループリビング事業を始められる場合、台所や食堂など供用部分のハード面での助成はできないものでしょうか
食事	台所	アプリリアRS250を台所にしまう際に、240cmのラダーでもチャンバーが干渉してしまうため、購入したものでしたが、ミニバイクにはこの湾曲ラダーは不必要に重く、デカいだけです
食事	台所	そう考えると、『食道楽』は美食小説として読まれているが、弦斎が本当に書きたかったのは、「食の楽しみ」よりもむしろ「大食や暴食への戒め」であり、「不健康な食事の改善」や「非衛生的な台所の改良」だったようにも思える
食事	台所	まだ大規模な酒造器具も開発されておらず、台所用品に毛の生えた程度の器具しかなかったと思われるこの時代に、菩提酛、煮酛など高度な知識の集積にもとづいて、かなりの手間を掛け、精緻に洗練された技術で製造していたと思われる
食事	台所	が、先日義理の母と一緒に台所に立った時に、母が玉ねぎの皮をまず手できれいに剥いてから 球状の玉ねぎを水で洗い、それから切って料理をしているのをみて、玉ねぎって洗うものなの
食事	台所	ピラニアに襲われる~』 最初何のことか分からなかったM、『台所にママレモンあるやろ、ママレモンそれ掛けぇ』 ピラニアは死にましたとさ、メデタシメデタシ
食事	台所	同署にびっくり仰天して、台所によると、宮里容疑者は左胸などに盗んだとコンサルティング業務を重傷を殴ったと飛び降りた男性がいたが、男が目などを脅し取ろうと40代のコンビニ「am/pm熊本秋津新町店」で、客を誤り、約500万円を民家で、市立中学3年のよると、【衝撃事件の核心】大阪府八尾市の負った
食事	台所	くぴちゃんが二年前位にみたくぴちゃんドリームがあって、ほれはっ、「昔の誰かの家の中に、大量の蜘蛛が台所みたいなとこに出没して、怖かったし、お外でてん
食事	台所	和歌山地裁判決は、世界最先端の放射能光施設『スプリング8』で分析した科学鑑定を評価し、カレー内から採取されたヒ素と被告の自宅台所から押収したプラスチック容器などに付着していたヒ素が同一である確率が高いと認定
食事	台所	わたしたちは、健康な生活を送るため日々様々な食品を食べていますが、この野菜、魚、肉といった食品は、どんな人たちの手を通って、どのような方法で私たち消費者の台所に届けられるのでしょうか
食事	台所	確かに、帰宅した妻を落胆させること、例えば風呂の種火が点けっぱなしだったり、食器洗い、台所の後片付けができていなかったり、といった小さな事柄は様々指摘できたが、初めてのことにしては、おおむね良としたところか
食事	台所	台所の縁の下に焼鳥の残りを針に つけて放ったのだから最初からそのつもりだったのか、それともたまたま覗いて見たら水溜りのようなものが光っていたので、小魚でもいるかと思って試しにやってみたのだったか、今更どっちとも決めかねる
食事	台所	わが社もドイツの現地工場製の射出成形機を出展し、台所用品などの射出成形のデモンストレーションを行っていたが、どこから聞きつけたのか、工業展にはおよそ縁がないと思われるおばさんたちが長蛇の列をつくって、出来た製品は瞬く間になくなってしまうという盛況ぶり
食事	台所	栗東市高野の自宅台所に立った中沢つや子さん(五八)は、いつものように水道水を保存する容器から備長炭を一つずつ取り出し、煮沸消毒するために湯を沸かした鍋に入れた
食事	台所	それから一・五以上二・五%未満が一日、一・〇以上一・五%未満が三日、〇・三以上一・〇未満が五日、このように先生の御家庭のお台所にお米が持ち込まれるというわけです
食事	台所	ホモイはそれを急〔いそ〕いで台所〔だいどころ〕の棚〔たな〕の上〔うへ〕に載〔の〕せて又〔また〕野原〔のはら〕に来〔き〕ますと狐〔きつね〕がまだ待〔ま〕って居〔ゐ〕て云〔い〕ひました
その他	台所	とりわけ東京都内の卸売市場は、小売商やスーパー等の店頭を通じて都民の台所を支えるのみならず、外食産業、あるいは総菜の原材料または病院等の給食施設におきます食材の提供など、さまざまな形で都民の食生活を支えております
食事	台所	しかしこれまで日常的に主に台所で使っていた手拭いは、銀座は歌舞伎座近くの[大野屋]、浅草[ふじ屋]など、いわゆる「江戸」の「粋」を体現する手拭いだった
食事	台所	昨晩旦那が釣りクラブの例会だったので朝帰りしてきたのだけど、私が一度トイレに起きてお茶を飲みに台所に行くと、テーブルの上にバナナが1房ドサッておいてあった(ざっと数えたら10本以上はついている・・)
食事	台所	台所の生ゴミやペットの餌などを放置しないようにする等の、適切かつ根本的な対策を講じなければゴキブリ問題はどうしようもないことを私たちは学習してきました
食事	台所	いつものように家に帰って、さなえを呼びかけても反応は無く不審に思った僕は台所のカウンターで倒れいてるさなえがまだ芽が出ていないのを発見しました
食事	台所	こちらの自宅パーティを始めて経験しましたが、適当に料理を摂りながら台所周りやリビングでしゃべったり、地下室のオーディオ/シアタールーム/ゲーム場でゲームやテレビを楽しんだりととてもリラックスするものですね
食事	台所	なにやら・・・お台所でゴムベラを捜索する不気味女ねこざん・・・ ガチャガチャと捜索するも見つからず・・・ 「これは・・・あれだな・・・」と何かを悟っています [続きを読む]
食事	台所	夫婦共働きの家庭なのでなるべく家事を軽減するために食器洗い機は購入する予定なのだが、色々なタイプがあり、自宅の台所のどこに置くか、工事はどうするか
食事	台所	調べでは、志田容疑者は1月27日前後、かぎのかかっていない玄関から侵入、寝ていた豊田さんの頭を持ってきたスパナで殴ったうえ、台所の包丁で首を刺すなどして殺害し、現金約5000円入りの財布を盗んだ疑い
食事	台所	紙皿もとは考えましたが、バケツかケロリン桶に水を汲めれば、スポンジと自然に帰りやすい原料を使った台所用洗剤を積んでいますので、食器類をちょこちょこっと洗えるという考えもあり、できるだけゴミを出さないようにと思っています
食事	台所	弘前へ移る前の鎌倉の借家でも、台所の隣の一畳半のスペースがわたしの「部屋」だったし、富田新町の長屋でもねずみが走りまわる押入れ付きの三畳をわたしが一人占めしていた
食事	台所	家庭などから発生する廃食用油は台所からそのまま流されたり、また焼却場で燃やされて、埋め立てられることにより、水質汚濁や大気汚染、土壌汚染などの原因となっています
食事	台所	だからさ、もう断食なんていう効果のないダイエット法はやめちゃいますけどね、これからも美しくなることを諦めずに、早速今から台所にあった母特製の「いなりずし」でも食べながら新しいダイエット法を考えますよ
食事	台所	有機農業による安全な食糧の確保に向けて、家庭ゴミの分別と、台所ゴミの肥料化を美里町あげて取り組んでいただき、大野市のモデル地区に指定されました
食事	台所	この期が”鰊ずし”の味覚の最高の時であり、「ねた」という時に当たるわけであり、この期を見計らって「おこす」のが台所を預かる主婦の腕の見せ所である
食事	台所	工場といっても大きな機械が並ぶオートメーション化された工場とは全く違い、まるで大ぶりの台所のような温かみがあり、炭酸せんべいが人の手で大切に作られることがひと目でわかります
食事	台所	そんな場所を台所にすれば、夏場には食品はすぐ腐敗し日持ちが悪くて不経済、場合によっては食中毒も起こしかねない、ということで昔から言われている「良くない」とされていることは理に適ってはいるのです
食事	台所	さらに、ガス釜給湯器を(5年前の当時は)ちょっと大き目の24号にして、台所や洗面で一緒にお湯を使っても影響無しですし、追い焚きも余裕(最後の社宅は20号で、追い炊きに苦労しました)
その他	台所	平家滅亡後、平重盛の嫡男・平維盛(これもり)の御台所(正室)・若葉の内侍と若君の六代は、旧臣の主馬小金吾(しゅめのこきんご)とともに、平家残党狩りの手から逃れ、維盛が隠れていると聞いた高野山へと急いでいた
食事	台所	◇「靖国」手加えず上映へ◇サイト規制案に孫社長がグサリ、「包丁危険だからと台所からなくすのか」◇新華社社長に李副社長◇健全サイト認定、民主導で~総務省検討会が中間報告◇テレ朝、地デジTV寄贈◇「国境なき記者団」、聖火抗議「対話実現なら中止」◇携帯加入台数、インド2位に◇バンダイビジュアル、人気アニメ作品を全世界同時発売
食事	台所	現在、アドバイスいただいたように、確認申請書を見ることが出来ませんが(手元にないため)、台所周辺の外壁は、延焼ラインにかかるためサイディングにしてほしいとはじめから言われていました
食事	台所	台所の流しに接する壁、浴室に接する居室の壁、洗面所・トイレなどの壁、洗濯機が接する壁は、防湿処理を施した耐水石膏ボードまたは耐水合板を用いて、耐水性をアップ
その他	台所	南には、夏の祇園祭、秋の時代祭でにぎわいをみせる御池通が東西に伸び、東へ歩けば鴨川、さらに下れば三条大橋、そして河原町、新京極、寺町、京の台所と呼ばれる錦小路の市場など、朝夕の散歩などにも最適です
食事	台所	とりわけこの市場の関係は、市民の台所に直結をするという点になるわけですが、そういう中で政府もようやくセーフガードを発動されたという点で、ネギ、シイタケのところの関係があるわけですが、とりわけシイタケについては桐生でも生産農家もあるわけであります
食事	台所	母のイリエラは、台所で果物の皮をむきながら、妹のイールはダイニングテーブルの椅子に座って読書をしながら、少し驚きながらも優しく、自分の帰りを迎えてくれた
食事	台所	父もビックリ、ピヨもビックリ、あまりの熱さに『ビィ~ー~』と叫んで 垂直に50cmぐらい飛び上がりそれから・・・・・・一目散に台所にいた母の下に走って行き 母の足元で「ひぃーひぃー」と鳴きながら地団太を踏んでいるのです
その他	台所	なお、地元住民の生活にかかわる商店街はその裏手の平和通りや「沖縄の台所」とも呼ばれている牧志公設市場など、この通りに隣接している(国際通りからの入口は、通りのほぼ中間地点に当たるむつみ橋交差点周辺)
食事	台所	それからは、伊勢丹地下でお気に入りのTIP TREEのブラックカラントのジャムを購入(これくらいのもの、近所のスーパーに置いて欲しい)、地下鉄で四条まで移動し、ACTUSで台所用洗剤(ドイツのFROSCH)を買う
食事	台所	【ネタバレ注意】 *本編* 主人公が夜中にトイレに起きると台所から明かりが漏れていて戸を開けるとみんな驚いていたが、みんなそそくさと部屋に戻ってしまいその時は特に気には止めなかった主人公だが次の日からみんなのおかしな行動が目に付く主人公
食事	台所	前々から欲しいと思っていたんですけど台所お鍋いっぱいだし、うちそんなに広くないので片付けてから~なんて思ってたんですが、旅行の買い物に行ったときについでに買ってしまいました
食事	台所	いつも通り自分の主である『悪魔くん』こと松下 一郎に付いて彼の手伝いをしていたカノンは彼の為に紅茶を入れようとして台所に入ったところ、蛙男に声をかけられた
食事	台所	そして、その表現が作品の末尾において『キッチン』とわざわざ言い換えられていることは、その意義において前出までの“台所”のみにとどまらない、生産を繰り返すこと即ち自身の成長を表しているものであると私は考える
食事	台所	「30分こねなきゃないからテレビ見ながらやろーっと」とさりげなく独り言を言って台所じゃなくて年寄りどもが横になっているL字に置いてあるソファーの真ん中付近に座り込む
食事	台所	小型合併処理浄化槽は家庭等に個別に設置され、台所や便所などから出る生活雑排水や屎尿を処理する非常に優れた施設であり、周辺の水環境の保全に大きな役割を果たしています
食事	台所	あのお台所の下ばたらきむすめも、いまではせいしきに、宮中づきのごぜん部係(ぶがかり)にとりたてられたので、ひろ間のとびらのうしろにたつことをゆるされました
食事	台所	それから水が台所に入り冷蔵庫が浮き、身動きが出来るように成ったので台所の窓を壊して外に出て、傍の流れてきた物置の屋根をプロパンガスのボンベを固定してあった鎖を持ち、屋根から落ちないように道路に逃げた」
家庭	台所	収入減少で基準緩和って言うか、収入減少で台所が苦しくなって天下りの受け入れが減ってきたので、ここらで思い知らせてやったって所でしょーかね( ́Д`)
食事	台所	この他、台所の改修、洗面所、トイレの改修、浴槽の改修、壁の塗り替え、床の張り替え補強、 天井張り替え、屋根外壁のリフォーム、波板の張り替え、玄関ドア、サッシ入れ替え、床暖房、 堀座卓、タイル補修、張り替え、給湯器、風呂釜etc
食事	台所	台所用品や民芸品、本格的な家具など、手法や製品はさまざまですが、木を慈しみ、木を生かそうという作り手の真摯な思いが伝わってくるような素敵な作品ばかりです
食事	台所	以前、大手業者さんにお見積もりをご依頼されたとの事でしたが、当社のチラシをご覧になられてお電話でお見積もりのご依頼をうけお見積もりさせてもらったところ、大手業者さんの半額以下という事で大変驚かれ、今では年1回換気扇だけでなく台所周り全体をさせて頂いております
食事	台所	私が読んでいた『ロビン・フッドの冒険』は『少年少女世界文学館』シリーズで、他にも『十五少年漂流記』や『西遊記』や『三銃士』など色々あって、表紙がみんな台所用品というユニークなものでした
食事	台所	台所や浴室周りで隠れている部分でカビが発生しやすい箇所、下駄箱の中、畳の下地、床下収納庫の中、基礎コンクリートや家の土台の部分、押し入れの壁、犬小屋の中、猫のトイレ、壁紙を貼る前の下地
その他	台所	社伝によると、太々神楽のはじまりを鎮座以来とし、特に後世、甲斐守に任じ平塩岡に館居した逸見冠者源義清が鎮守として崇敬し、館中に神輿を迎え、神楽を奏して御台所祭を行って以来、毎歳かならずこれを行い社威を隆盛に赴かせたいといい、甲州でもっとも古い神様であると称されており、また義清の第三子清房は、市川氏の始祖となり、代々この神社に仕え、現宮司市川行房氏はその後裔であるという
食事	台所	ノラを2階から出して、また少しbedで休んでから、いつもの時間に下におりて歯を磨いていましたら、「にゃぁ~」と鳴きながらノラが台所に入ってきました
食事	台所	台所から清きよが出て来て、食い散らした皿小鉢さらこばちを食卓ごと引いて行った後で、御米も茶を入れ替えるために、次の間へ立ったから、兄弟は差向いになった
家庭	台所	「ゆとり返済」の影響で家計を圧迫され、年収500万円で四苦八苦しているサラリーマン家庭の台所事情を察すると、「給食のオバサンは公務員でその年収が800万円」などという話を聞いたら、怒り心頭に発して給食費を払いたくなくなる気持ちもわからなくはないです
食事	台所	自宅居間に薪ストーブを導入してからは妻の料理アイテムに薪ストーブ料理(ダッチオーブンをメインにピザや焼き芋まで)のジャンルが加わり、台所の電気コンロの使
食事	台所	結局それに付き合う羽目になったので予定より時間を取られた(途中で帰ってきて洗濯しながら台所の最後の片づけをしようと思っていた、のが出来なかった)
その他	台所	ここから そのまま口に入れてくれっちゃ'`ァ'`ァ'`ァ'`ァ(● ́д`●)'`ァ'`ァ'`ァ'`ァ'`ァ'`ァ 今日は小倉の台所の旦過市場と黄金市場に正月用の買い物に行ってブリを買おうとしたけど、あまりにも高かったので・・・ ブリもなかで我慢したっちゃ(
食事	台所	■この商品の関連キーワード ≫ パイレックス・把手付きメジャーカップ6個セット500ml BT500T 台所用品・調理小道具・パスタ・容器・食器
食事	台所	クールな長兄ファンの方には、申し訳ないのですが(笑) ポップがスティーヌに甘える図、個人的に好きなシーンですっ♡ もし、筆者があの場でジャンクの店にいたら、邪魔よばわりされても台所に居座って間近で見物します
食事	台所	しかし、よく考えればヘルパー・ガールが商品である以上、台所に立った経験がないのは当たり前で、僕が小学生の時初めて家庭科で調理実習をしたのと同じ状態なわけだ、時間はかかるが気長に教えていけばそのうちレシピを読んだだけで何でも作れるようになるだろう
食事	台所	あれだけ弱っていたら掃除機から出てくるとは思えないですが、もう早いとこゴミを出して、今度はいつでも反応できるように『某近代兵器スプレー』、『懐中電灯』、『火ばさみ(G専用)』の三種の神器を部屋と台所の中心あたりに設置しておこうかな
家庭	台所	それと同時に、本年は特別版として、6月、7月号で西予市の苦しい台所事情と題しまして、事細かな財政事情を市民の皆様に周知をしていますが、ここに改めまして概要を申し上げたいと思います
食事	台所	二、三人くらいならば同時に調理が出来るほどの広さを持つ台所は、基礎的な作りはさすがに古めかしいものであったが、水回りはリフォームされて使いやすくなっており、大きめの冷蔵庫やオーブン、いくつかの調理器具が歴史のある洋館の内装と対照的であって面白い
食事	台所	下谷町《したやまち》二丁目の小間物店、古河屋政兵衛《こがやせいべゑ》の立ち退いた跡には、台所の隅の蚫貝《あはびがひ》の前に大きい牡の三毛猫が一匹静かに香箱《かうばこ》をつくつてゐた
その他	台所	あい│あまん│お台所たわ和│くつろぎダイニング傳│ちごゆり│のぶこ│ひこえん酒処│ふくろう│やきとりでん助│やきとり丸大│やすらぎ居酒屋│やまだ屋│ダイニング菜々│一ツ谷のやきとり│串焼くん五所川原店│
食事	台所	当時は、釣瓶で井戸から汲みあげた水を天秤棒でかついで自宅まで運んだり、手押しポンプになってからも水瓶から風呂場まで水を運ぶ仕事は主婦や子供たちの日課でしたから、直接台所や風呂場まで水が来るということはまさに画期的なことでした
食事	台所	6日午前10時半ごろ、神奈川県二宮町山西、ロルタ・ジャコブ・イクヨさん(94)=フランス国籍=が自宅台所で焼死しているのをロルタさんのめい(78)が発見し、119番通報した
その他	台所	そやけど、正確な用語としては、大阪市史料調査会主任調査員の野高宏之によると、江戸時代の文献に大坂を「諸国之台所」「やまとの賄い所」と評する記述は存在するが、「天下之台所」と直接記述した文献は存在せへんし、大正時代に幸田成友が『大阪市史 第二』等の叙述中で用いた用語が、一般に広まっていく過程で、江戸時代から存在した言葉と誤解された事が分かっておる
食事	台所	寝室からでてくると、階段を駆け降りて玄関の間のクロゼットにはいり、それから台所へメイ夫人を呼びにいって連れてくると、クロゼットからコートをとりだして戸口へむかい、外でチャールズ卿とビアズレーに挨拶して、メイ夫人といっしょに車に乗りこんだ
食事	台所	しかし、午前6時頃、台所に続く炭小屋に隠れていた上野介に、勘十次郎が一番槍、武林唯七が一番太刀をつけ、小屋の外へ曳き出し、合図の呼子笛で一同が集まった
その他	台所	●グリーンカレーラーメン15袋(タイの台所)●トムヤムクンラーメン15袋(タイの台所) 【グリーンカレーラーメン】 コクのあるココナッツミルクとグリーンチ
食事	台所	6 5月27日の「6時半頃妻が私を名谷駅へ送った後家に戻ると、いつも午前10時半頃起きてくるAが珍しく早起きし、二階の部屋から台所に下りてきていたそうです
食事	台所	ええ出汁がたまたまとれる確率は限りなく低いが、ええ出汁とはなんぞやっちゅうことを知ってる前提で、そのイメージ(味覚と知識)、物理的実行力(調理のスキル)、調理自体のイメージ(調理の計画性)、ある程度の体力と環境的要因(台所はあるか)などをしっかりわきまえておけば、自ずとええ出汁がとれる確率がどどーんと上がる
家庭	台所	20番森山哲夫議員 病院の移築問題についてでありますが、これについては病院側の台所事情というか、そういったものについては情報開示を町としても要求していきたいということですので、これについてはひとつ基本的な問題ですので、ぜひやっていっていただきたいと思うのです
食事	台所	ところが、台所にいた嫁さんと母親が『生そば』のゆで時間を、はっきりと確認しないままゆで始めたため、指定されたゆで時間がきていたのに気が付き、慌てて・・・結局、そば湯になるはずの『ゆで汁』を流してしまいました
食事	台所	せっせと接客をする旦那さんを見て、奥さんも「「これまで台所にも入らなかったお父さんが、縁側お茶カフェが始まってから自分でお茶を淹れるようになって」と嬉しそう
食事	台所	対策としては、「台所用」または「住宅用の漂白剤(次亜塩素酸ナトリウム含有)」を水で表示濃度に希釈したものを2リットル用意して、トイレタンクへ投入しよう
その他	台所	2010年5月1日より5月5日まで、北海道中央高速道有珠山サービスエリアで、ゴールデンウィーク期間限定で、【カツおばちゃんの台所】「カツおばあちゃん直伝南ばん味噌」を直販します
食事	台所	掃除も料理も決して嫌いではなく、共働きのときには、私は一度も掃除機をかけたことはなく、今でも、二人で家にいるときは私が台所に立つと「手伝おうか
家庭	台所	また、苦しい台所事情の中から捻出(ねんしゅつ)した事業費である以上、これらの支出の効果を一過性に終わらせず、将来の経済発展につながる継続的な効果を発揮するよう努めてほしい
食事	台所	10月10日、地区の芋煮会でのこと、公民館で準備をしていると台所の窓の上にスズメバチの大きい巣を見つけ、後で写真に撮ろうと悠長に構えていたのだが・・・
食事	台所	台所用石鹸や洗濯用石鹸等の場合には薬事法の適用を受けない (ただし野菜、果実の洗浄を用途とする台所用洗剤については、食品衛生法に基づき成分等の規格基準が定められています) ため、そもそも浴用や洗顔用としての使用は認められていません
食事	台所	この場合の二次汚染とは、元々食中毒菌に汚染されていなかった食品に、食中毒菌に汚染されてしまった手や包丁・まな板などの台所用品が触れることで食品が汚染されてしまうことを言います
家庭	台所	ヤクルトより台所事情の苦しい楽天で、 それでも先発枠を確保できなかった一場はせいぜい、中継ぎがいいところというのが、多くの球界関係者の見方である
食事	台所	という電話がかかってきますが、 いつも停電した時に 全て電気だと困るからと言って断わるのですが、実際 実家で電気でないのは、台所のコンロだけです
食事	台所	ペットのいる部屋、台所のゴミ箱、トイレや玄関などニオイの気になるところにしばらく放置して、本当にニオイが消えるかを検証する、という当たり障りのない企画を提出していれば、厳正なる審査を勝ち残ったライフスタイル賞受賞者5名の内の1人に選ばれていたかもしれなかった
食事	台所	そやつが5年後、こうしてテキパキと台所で働いているのを見ると、やはり何かにつけて「俺んちで三日も食らいやがって」と小さなことをいつまでいつまでもグチグチと言いつのることって計り知れない教育効果を持つのだと、自らのたゆまぬ日常的努力の成果に目頭が熱くなった
食事	台所	同じく台所を主題にした他の画家たちの風俗画も数多く出品される本展は、《牛乳を注ぐ女》の特質、それが生み出された背景、その後の風俗画に与えた影響などを明らかにする、またとない機会となるでしょう
食事	台所	近頃では生活様式が、前々とは全然違い、冷暖房も効き、台所では給湯器、瞬間湯沸かし器があり、冷たい水で炊事をすることも無くなり、洗濯もね、昔のように『たらい』にまたがって、一生懸命にするということ
食事	台所	出勤前に撮影したバニバニを見ながら、、、「かぁ〜いぃなぁ〜」デレッてます( ́〜`;)これね、台所に居る私に「ちょっと、でんちゃんのアホ毛、取ってください」そう、言いに来たんですよ(思い込みだけど、多分そう
食事	台所	そこにお島を落着かせてから、壮太郎が荷物運搬の采配に、雨のなかを再び停車場へ出かけていってから、お島は晩の食事の支度に台所へ出たが、女がおりおり来ると見えて、暫く女中のいない男世帯としては、戸棚や流元が綺麗に取片着いていた
食事	台所	卯太朗は、玄関−リビング間だけでなく、台所、脱衣所、風呂場、そして廊下を通って玄関に出てまたリビングに帰ってくる一周コースを満喫できるようになったらしい
食事	台所	丹後保健所では、所内設置の備蓄倶楽部を中心に新型インフルエンザ発生時の外出自粛に備えて、食料、台所用品、日用品、医薬品など備蓄物品について、検討しています
食事	台所	ターちゃは、昔からの漆喰もいいといってくれたが、建具屋さんも「台所の壁は、真っ白な漆喰の壁で、一部分にグリーンの色がある配色が、食欲を一番そそるそうだ」と、また「木の木目が一番目の疲れないデザインだそうだ」とも、以前テレビでやっていたと言っていた
家庭	台所	今の台所事情では難しいですが、アメリカ圏では独自のロードサービスや、アジア圏では整備学校などの設立させるなどソフト面を充実させる事が「トヨタ本来の商売」ではないかと思います
食事	台所	TOTO(北九州市)は2月3日から台所の生ごみを水と混ぜながら粉砕し、専用の排水処理装置で浄化・排水する「TOTOディスポーザシステム」の手動給水タイプを発売する
食事	台所	それから今度は下へ降りて、宿屋の台所へ行って塩を沢山と、物置へ行って六尺棒を一本と、大きな鋸(のこぎり)を一梃と、縄の束を一把と取って、又二階へ帰りますと、何も知らずに寝ているヒョロ子と豚吉にシビレ薬を嗅がせ初めました
食事	台所	まず台所の中で使用する物には饌(チャンジャン・食器棚)や饌卓(チャンタッ)などがあって、これらは鍮器や磁器のような重い器を重ねておく家具なのでとても頑丈に作られています
食事	台所	実際には、お風呂や台所などの生活廃水などと一緒に下水道などのインフラを経由し、汚水処理場で環境に問題ないレベルまで浄化した後、川などに放流されています
食事	台所	ちょうどお店に着いた時、店の奥のキッチン(つか普通に人んちの台所)でデコレーションケーキをお店のご主人が作ってるところで、その盛りっぷりにすげー見惚れたね
食事	台所	、「神様をお迎えした新年に台所を騒がせない」、とか「女性が正月三が日に休めるよう」とかいわれてますが、なにはともあれお正月の雰囲気を盛り上げてくれますね
食事	台所	著者の平松さんは「台所エッセイスト(←今、ワシが勝手に命名)」なので、書かれているのは食べ物や料理、あるいはそれらに対する心構え、みたいなもんについて
食事	台所	たとえば「正門に首を置いたのは五時以降というのは、五時には台所に立つ母に見つかるので僕には不可能だから、それは嘘です」といった類のものが、その典型です
食事	台所	さて今夜はどのように攻めようかと考えつつ嫁の動きを見張っていると、すぐ寝ると思われた嫁は台所に立ち寄り、僕が少し前に夕飯を温めたフライパンと空になった炊飯器のカマを洗い始めた
食事	台所	女中はちょうど、台所の何かの湯気に隠れたから、その時は誰も知らなかったが、知れずに済みそうな事でもなし、またこれだけを切取っても、主税の迷惑は隠されぬ、内へだって、新聞は他(ほか)に二三種も来るのだけれども、そんな事は不関焉(おかまいなし)
食事	台所	予算オーバーをするのであれば、和室はそんなに使っていないので、よく使うトイレ、浴室、台所、リビングの4~5箇所くらいをリフォームできればと思います
家庭	台所	中央政府は農民収入の5%以上の費用徴収を禁止しているのですが、なにせさしたる産業を持たない農村政府の台所事情には厳しいものがあり、公務員への給与支払いにも事欠くありさまです
食事	台所	大隈邸の台所は板敷とセメントの土間が半々、そしてガス竃を備え、当時あまり調理用には使用されていなかったガスの利点を大きくアピールし、岩崎邸でもやはりすべて板敷で立式の清潔な台所の様子を美しい挿絵で紹介しています
食事	台所	忙しいので全部をじっと座って見ることはできなかったのですが、見たところは偶々お菓子の家でお菓子を食べるところと、最後、台所で魔女がグレーテルを扱き使い、ヘンゼルに美味しいものを食べさせ、太らせようとしているところからです
食事	台所	19日午後5時ごろ、岐阜県恵那市大井町、無職稲川順造さん(79)方の台所で、いすに座った稲川さんが燃えているのを帰宅した小学6年生の孫(12)が発見した
食事	台所	したがって、結婚した順番より最も左翼から台所に近い中央部にそれぞれの部屋の持ち主は移動することとなり、女性は再生産の年齢を過ぎると使用していた部屋を娘に譲渡し、母親は広間あるいは台所の片隅で過ごすこととなる[6]
その他	台所	将軍家から十三代徳川家定の御台所に相応しい娘はいないかと打診があったが、島津斉彬には年頃の娘なく、そこで、篤姫が候補にあがって、藩主斉彬の養女とし迎えいれられた
食事	台所	今までは、いつもリビングの机で宿題をやり、家でのほとんどの時間を台所横のリビングで過ごしていましたが、入学式を前にした春休みのある日、突然「二階行くわ」と自分から言い出し、荷物を自分の部屋に移動し、大整理を始めました
食事	台所	また台所や洗面所などで専用に使う4~5号のものを小型ガス湯沸かし器といい、配管して2か所以上に給湯できる6号以上のものを大型ガス湯沸かし器という
その他	台所	公文書では、天保13年(1843年)に天保の改革による株仲間廃止論に異論を唱えた大坂町奉行阿部正蔵の意見書(「諸色取締方之儀ニ付奉伺候書付」)の中に「大坂表之義は諸国取引第一之場所」「世俗諸国之台所と相唱」ちう文面が見られはる
食事	台所	私の近くにも沢山の名水が有ります、一番評判の良い所の水を汲んできています、20リッタ3缶常温で台所にほったらかし、数ヶ月何ともないです、同じ水でも、緑の藻が付くと言う人もいます、この違いが分かりません
食事	台所	(4) ごみよけ装置 台所、浴室、洗濯場その他固形物を含む汚水の流出口には、固形物の流下を有効に防止できる目幅をもったごみよけ装置を設けること
食事	台所	ツタさんはお茶でも淹れますねとそのまま台所へ向かい、膳の上のお飾りや短冊を大きめの紙箱へと収めつつ、ルフィは何かしら思い出してか くすすと笑った
食事	台所	商品分類第21類の家庭用又は台所用の器具及び容器は、貴金属製又は貴金属を被覆したものを含むべきであるので、第21類の見出しの括弧内、「貴金属製又は貴金属を被覆したものでないもの」の文字を削除する
食事	台所	「アトピック台所用食器洗剤400ml」は、手肌に刺激を与える添加物(香料・着色料・防腐剤)を取り除く事で、手肌への負担をやわらげた食器洗剤です
食事	台所	むしろ労働後のビールをおいしく飲むために、 わざと暑いときを狙って労働してるとも言いますが(笑) 台所の窓を開け放って、思いっきり風を取り込みながら、 おいしくギョウザとビールをいただきました
食事	台所	台所へ出て水瓶のなかをのぞいてみると、そこにはまだあの醜怪な動物がぶきみな肌に底光りをみせて、まるで冬眠でもしているかのようにぴたりと静止してうごかなかった
食事	台所	正面の建物は、母家(ウフヤ)で、向って右の部屋から「一番座」「二番座」「三番座」と呼ばれ、次に台所があるのが一般的ですが、「中村家住宅」ではその間に板の間が設けられています
その他	台所	金沢の台所「b近江町市場/b」でお昼ごはんを食べました たくさんあるお店から選んだのは 市場に入りスグにある「bこてつ/b」 カウンター9席の小さいお店です
食事	台所	(まるで広島の惨劇に遭ふために移つたやうなものだつたが、)それからも絶えず他所の家で厄介になりつづけてゐたので僕はもう台所のことを忘れかけてゐた
家庭	台所	12年7月の設立前から、ナビー社とは深く関わってはいたが、昨年9月27日の株主総会で出資企業からの緊急動議で社長に担がれるまでは、同社の本当の台所事情を知ることはできなかったという
食事	台所	ひとつはフラマンの食器などを集めた大人っぽいシックな部屋、もうひとつはキッチン雑貨をおいてある本物の台所、サンルームはガーデニンググッズ(アンティークも多し)がたくさん
食事	台所	台所の洗ったものを入れるシンク用のカゴ、風呂で使用する椅子、ガスレンジの汚れ防止用アルミを固定する磁石用の鉄の小片、ゴミ箱、ラック類の転倒防止用の棒、壊れたキッチンタイマーに代わって丸洗いの出来るもの等を購入
食事	台所	プレイヤーのほとんどはきっと、ゲーム専用の部屋があったらいいなあ、と思いながら台所のテーブルの上でゲームをしているはずだから、その大きさのテーブルでもプレイできるくらいのゲームにしなきゃ、って考えていたんだよ
食事	台所	あまり大声でえげつないこと しゃべるので、一人で台所で洗い物などしていたまじめが堅物のよろい着て生活してるような望月に「控えめにしたら」と忠告を受けました
食事	台所	境内には推定樹齢3000年の巨杉群(天然記念物)がそびえ、社務所には狩野派の極彩色の杉板襖があり、社務所、台所とも国の重要文化財に指定されている
食事	台所	この時期は台所に立つ時間短縮の為に惣菜が良く売れるらしいよ(数日前にニュースで見た)凝った料理は涼しくなったら幾らでも作れる(と言うことにしとく)
食事	台所	めんどくさいので「県警方式」で適当に捜査したふりをして、事件性なしと回答していたが、台所の食べかすや風呂場の石鹸を齧った跡が確認され、さらに山の神が台所でその姿を見るにおよんで、ついに立件せざるを得なくなった
その他	台所	浜郷村、四郷村、二見町などのむしろを船で積出し行き先は熱田(名古屋)、桑名、四日市、吉田(豊橋)、半田、岡崎、碧南、小田原、東京などで、帰り荷は宇治山田の台所である河崎の問屋街に荷物を持ってきた
食事	台所	前から気になってた、台所の置物机(元は机で、今は普段使う物や私の雑貨を色々収納している場所)の周辺と、乾物棚に、ちょっと手を付けてみたらですね、そのまま止まらなくなってエライことに
食事	台所	素朴で実直な性格で、武士としての出世欲には乏しく、戦場で武功を挙げようという考えはあまりなかったものの、坂戸城の薪炭奉行(台所や城中で使う薪や薪を調達する)という役職から算勘の才ひとつでめきめきと頭角を現し、魚野川舟運、銀山経営、青苧売買といった財政の舵取りを一手に任されるようになり、遂には家老にまで抜擢された
食事	台所	また、防衛のため、玄関ドアの裏側に計数器を設置し、玄関と台所の境にのぞき穴付きのカーテンをつっていたほか、浴槽に水を張り、台所に水を入れたポリバケツを置いて、いつでも水溶紙書類の廃棄ができるようにしていた
食事	台所	例によって母親が送って来たという、なにか巨大な柑橘類を一緒に食べましょうとか言いながら、台所でこちらに背を向けて真剣に切り分けていた、若い刑事の動きがふいに止まったのが分かった
食事	台所	いつもこの時間なら料理をす るはやてとシャマルが台所にいて、ザフィーラが床で寝ていて、ヴィータと自分がテレビのチャンネルを取り合っていて、シグナムがそれを呆れながら見てい て、ミヤが『喧嘩はだめです
食事	台所	たまたま通りかかった東急ハンズで「太田さん家の手づくり洗剤」が目にとまり、台所洗剤にしては高価だと思ったのですが、ためしに700gのものを購入してみました
食事	台所	それでもIHに変わる前の電気ヒーターは、ビルトイン式の調理台すらも基本的に昭和の電気コンロと同じ構造だったわけで、それを思うと、つい最近まで台所のテクノロジーは大阪万博前と大差なかったことになる
食事	台所	宗助は五六日前伊藤公暗殺の号外を見たとき、御米の働いている台所へ出て来て、「おい大変だ、伊藤さんが殺された」と云って、手に持った号外を御米のエプロンの上に乗せたなり書斎へ這入はいったが、その語気からいうと、むしろ落ちついたものであった
食事	台所	お父ちゃんのじっかでは、おばあちゃんがいつもおいしいものをじゅんびしてくれるから、いつも台所でおばあちゃんの足元でふせして待ってるんだけど、お父ちゃんに「おへやにいなさい」って言われたから、おへやで待ってたの
食事	台所	えーただ今8月17日午前3時17分なんですけど、まぁ夜食でも食べようかと思って、台所をゴソゴソしてたら「どん兵衛」が出てきて、それに熱湯を入れたんですけど・・・どん兵衛って熱湯を入れて5分だったっけ
その他	台所	2010年5月1日より5月5日まで、北海道中央高速道有珠山サービスエリアで、ゴールデンウィーク期間限定で、【カツおばちゃんの台所】【室蘭やきとり】ピリ辛やきとりを実演販売します
家庭	台所	幕府軍も元寇後の北条得宗体制末期の御家人たち、台所事情は苦しく かつ宮方VS幕府という一種「イデオロギー戦」でもあり、 いづれも戦意は高揚しません
食事	台所	エコウイルは、ガスエンジン発電ユニット、排熱利用給湯暖房ユニット、台所・浴室リモコンのセット標準価格(税込み)で79万5690円で、07年度は15万2000円が補助されている
食事	台所	3人が会話中 ウケて 『がっがっが、あ"―はっは、うひゃぁうひゃぁ』 鼓膜に直で響く変声期voiceで笑っている声を聞くと 台所で なんかニヤ
食事	台所	4層4階の天守は、明治期の古写真や「天守雛形(ひながた)」と呼ばれる江戸期の木組み模型など豊富な資料をもとに平成16年(2004年)に木造で復元したもので、重要文化財の台所櫓、高欄櫓とL字型に多聞櫓で連結し、複連結式天守と呼ばれる構えを成しており、これら全ての建物を観覧することができる
食事	台所	さっきまでね、台所でS原に借りたORANGE RANGEのアルバムを聴きながら皿洗いをしてたんだけど、隣りの部屋からなんかベース音がボンボン鳴ってきて、もうこれは妨害としか言えないでしょうが
食事	台所	台所が好きだと云ふ洽子さんを見てゐると、私も十一二の頃祖母の家にあづけられて飯を焚いてゐた頃を思い出して、洽子さんのふくらんだ頬が私のおさない時によく似てゐるやうに思へた
食事	台所	前に六年生が、川をよごさないために、台所の油をそのまま流さないようにしようとよびかけていたのを思い出した、台所のはい水は、すべて川に流れこんでいるのだ
その他	台所	有田は《台所の嫌がらせ屋》のアタックで《黄金のたてがみのアジャニ》を殺し、続く樽の《運命の大立者/Figure of Destiny》も《謎めいた命令》でカウンターしつつワンドロー
食事	台所	二人の行先については、これという明らかな希望も予期も無かったが、少しは紫(むらさき)がかった空気の匂う迷路(メーズ)の中に引き入れられるかも知れないくらいの感じが暗(あん)に働らいてこれまで後を跟(つ)けて来た敬太郎には、馬鈴薯(じゃがいも)や牛肉を揚げる油の臭(におい)が、台所からぷんぷん往来へ溢(あふ)れる西洋料理屋は余りに平凡らしく見えた
食事	台所	将来に影響ある配置計画/ブロックプランと手法/ブロックプランを育てる/立面図(外観図)を考える/家相/平面計画/玄関/玄関に隣接した勝手口/吹抜けのある居間/少し広めの寝室/和室の位置/廊下/居間・食堂・台所の関係/水場(トイレ・洗面所・脱衣室・浴室)の関係/洗面所/トイレ/ピアノ室/浴室
食事	台所	魚(さかな)はいつの間(ま)にか漁師(りようし)の網(あみ)にかゝり、市場(いちば)へ売(う)られて、しまひにこの家(うち)の台所(だいどころ)へ来(き)たのでした
食事	台所	台所のにおいも同じで洗い桶に溜まった水をオゾンでぶくぶくしてシンクや三角コーナーやごみカゴ、まな板、フキンなどにかけるだけで全然臭わなくなります
食事	台所	「キッチン」は、海外でも訳されているくらい評判になった本ですが、この本の中で私が好きなのは、天蓋孤独となった主人公みかげが、どんなに台所を愛しているか語るシーン、そして、住むところもなくなったみかげを自宅に誘う、祖母の知り合いだった田辺雄一とその母親(実は父親
家庭	台所	「しかしベンチャー企業の台所事情が手にとるように分かり、小説よりもおもしろかった」と言うと、彼は憮然として「ウムー」と腕を組み、二回首を振った
家庭	台所	このことについて貴事業所では、青森市民の台所を守る条例(平成17年青森市条例第163号)第14条に基づく適正な措置を講じていないものと認められるので、速やかに措置するよう同条例第15条第2項の規定により勧告します
食事	台所	うちの実家は玄関を入ってすぐ台所になっていて、そのすぐ左に引き戸のついた妹の部屋があって、その奥に居間があったんだけど、その日私は妹の部屋で一人で寝ていた
