# 漁業: かみつく。魚がよく食う（＝釣針に掛かる）, 虫: 虫がさす。蚊が食う, 食事: 食物をかんで、のみ込む。肉を食う食うか食われるかの戦い↓●食事をする。食うや食わずの生活食うには（＝生計には）困らない何食わぬ顔そしらぬふりの形容↓くらう・たべる。
食事	喰う	ふぐの日本一の水揚げの漁場として、喰いきりコースをご提供してからもう、ずいぶんたちますが、おかげさまでリピートのお客様も多く、そのコース内容にお墨付きをさらにいただけて、板長一馬も大変光栄と申しております
食事	喰う	ところで、文中のバッツがファリスに囁いた言葉ですが、このへんは読者の皆様が勝手に想像してくださって結構でーす(無責任な)一応ぐりり的には「あんま気ぬいてると俺が喰っちまうぞ(はーと)」です
食事	喰う	ちょっと見てなんだか判らん、かつて聞く所では、木曾の山中の人は蛇を喰うというから、この丸い長いものもあるいは蛇の付焼きではなかろうかと思って、私ども一行は互に顔を見合わせて箸を付け得なかった
食事	喰う	ある時、東京本社からお偉いさんが訪ねて来た際「生のアジアを見たい」と言うご本人の要望にお応えし、思い切ってこんな路傍の飲み屋にお連れしてサテも喰わせたところ、頭にネクタイで鉢巻きして踊ってましたよ
食事	喰う	何はともあれ、我が家の犬たちには絶対に拾い喰いをさせないように仕付けているつもりですが、たとえフグで無くて、腐った魚であっても安心はできませんよね
食事	喰う	というのは嘘で、金曜日の夜に変集長と飯を食べに行って、その店がすごい暗い間接照明の店で、何喰ってんだかよくわからなかったんだけど、その次の日から痛くて、ピーピーいってます
食事	喰う	自分は醤油で食べていたのだが、オヤジさんは「塩で喰え」と言う いやいや正確に書けば言ってはいない、自ら一粒つまんで塩で食べる見本をしめしただけ このヘンが職人気質のオヤジさんのいいところ 試しに塩で食べると確かに醤油で食べるよりもはるかに美味い 何でこんなに違うの
食事	喰う	野菜は農薬がたっぷりかかってて、良く洗わないとほろ苦いくらいのものの方が、好きですがねぇ・・・昆虫類は勿論、その喰った痕を見ただけで、食欲を無くす様な人種なうえ、貧乏なもんでぇ(^_^;)
食事	喰う	鯉釣り道具を考える上で最も大事なことは、鯉(特に野鯉)が持っている知恵・技を道具だけで勝る事は不可能という考えを持つ 故に鯉釣り道具は鯉に餌を喰って頂いて、針掛かりした鯉とやり取りして最後にタモへ入れるという一連の動作のしやすい物、
食事	喰う	●メジャー港湾部の近海で、連日叩きぬかれたハイプレッシャーディープで、カンパチ、ブリ、ヒラマサ、マダイ、サワラなど、ただ沈める、落とすだけで、バブルヘッダーにしか生み出せない独特のスロー&トリッキーなフォールアクションを生み出し、一撃で喰わせてしまうマジカルなジグ
食事	喰う	」と思ったがやっぱり磯臭く魚喰いの長女「にゃん次郎」が普通って言うくらい、やっぱり磯臭く刺身の残りは昆布〆にしています、明日の味の変化を楽しみに
漁業	喰う	半夜釣りさすから昼が喰わなくなると某船頭はためいてました それはいさきだけでなくイカも同じで半夜のあくる日は喰わない日が 多いのも事実です 釣れる釣れない以前に安全のためにも半夜はやめてもらいたいですね
食事	喰う	ストラヴィンスキーの某曲の歌詞(ロシア語)が「喰うた、喰うた、喰うた、喰うた、カレーにニンジン、ご馳走だー」と聞える、というクラシック版空耳アワーみたいな話題があって
食事	喰う	アルタイ山には蛇掴(へびつか)みと云ふ目玉の四つある悪神(わるがみ)が居って、大蛇(をろち)を喰ったり、人を喰うさうだし、クス野ケ原には一つ目の化物が出たり、大蛇が人を呑んだり、随分物騒な世の中だ』
食事	喰う	/あり地獄/おけら/軍隊アリ/かげろう/スカラベ/水すまし/ごきぶり/毒我/海ほたる/蟻喰い/ジコ虫/ガチョウ/代ゼミ/アリキリ/癇の虫/虫酸/油すまし/毒蛇
食事	喰う	例えば、「旅をする沼」(何万年も生きている水状の蟲が、死期を悟って海に向って移動する)、例えば「静寂を喰う蟲と音を喰う蟲」、「宿主の夢の中に住み、現実世界に出てくるとき夢の内容を現実に伝播する蟲(夢野間、いめののあわい)」、虹が龍のようにくねりながら上っていく虹蛇(こうだ)、などなど
虫	喰う	とにかくものすごく喰うので、みかんの木そのものの発育が危うくなり、青虫に食い荒らされる前に虫を大きな瓶に移して飼うようになった(えさの葉は他所から調達する)
食事	喰う	■昨年のプレーオフで不本意な交代で年甲斐もなくぐれちゃて、ダグアウト裏でポーカーをやり、チームメイトから総スカンを喰ったベテランのリッキー・ヘンダーソン外野手がトレードを直訴
漁業	喰う	近くのポイントには真鯛は来流してない・・・アマダイを狙おう・・・と数km離れたアマダイポイントへ・・・アマダイ餌には「一寸小さ目」のアカエビだが、喰い付くと確信しながら釣るが、なんと、この小さなエビをコブイカが喰い獲って釣りにならない
食事	喰う	また、自然界でのオオムラサキ幼虫は「共喰い」を行ってその生息密度を調節しており、人工飼料飼育においても小さな容器で集団飼育を行うとこの「共喰い」現象により、多くの幼虫が傷付き、これが原因でやがて死亡する個体が多くなる
食事	喰う	9月は  天候が良くチョウチョが飛んでいてアオムシ、ヨトウムシ、カナブン、根切り虫、アブラムシなどなど、虫さん達に葉を食べられ、芯喰い虫には中心を食べられ 輦 苗を捨てる始末 嶺
食事	喰う	千年ほど前、アラビアの狂気の魔導師アブドゥル・アルハザードも同じことを思いつき、召喚を試みたが、ダマスカスの街で衆人環視のもとで、姿の見えない怪物に貪り喰われたという
漁業	喰う	『スイムライダーショート125g』を魚に見せるように、スロージャークで水平フォールさせ喰いの間を作るようにしたらヒット、厳しい状況の中で貴重な1尾を釣ることが出来た
漁業	喰う	落ちるスピナーの数も、それを喰いに集まる魚の数も凄いのですが、水面に浮くスピナーの数が多すぎて、魚にフライを食わせるのは難しい釣りではあります
食事	喰う	いずれにしても腹一杯喰って500円なり800円だと半チャン・ラーメンから各種ファースト・フードにカップ・ラーメンにおにぎり複数といった具合にいろいろパターンある日本は便利だと昔から友人共々話したことある
漁業	喰う	水温が少し高めなせいか、浅場メインの釣りで根掛かりが多かったのですが、外道のカサゴやメジナのアタリも多く深場ではアジとフッコが、うるさいくらいの喰いで魚を入れる桶の中はにぎやかでした
漁業	喰う	カジキは、ある程度動きがあっても良いが、カジキも案外餌を喰うのが下手なので暴れすぎは、喰いに来ても空振りになったりしやすい、特にマグロ狙いは、暴れの少ない砲弾型等を使用したりする
食事	喰う	その後も何匹か追加しましたがハイスピードのワンピッチジャークだったり、ワンピッチ後のロングジャークだったりと、喰うパターンがバラバラで最後まで拾い釣りをする感じで爆釣というわけにはいきませんでした
食事	喰う	)食料欠乏のため漸く伸びようとする野菜類の成育を待つ事が出来ずに二三寸しか伸びない芽を片っ端から喰って居るという有様だ洵に惨澹たるものだった(
食事	喰う	まずはベルギービールとワッフルから始まり、マレーシアのカレー、スリランカのカレー、チュニジアのお菓子、トルコのケバブサンド、メキシコのタコス、そして何故かジャージャー麺(何も万博で喰わなくてもいいのだが)などを胃弱もなんのその喰いまくる始末
その他	喰う	CCDスキャナは分厚くて巨大なため一般人ユーザーには敬遠されがちですが、我々オタクにとっては「スキャナは速さが命」ですから、場所を喰うからといって薄いCIS式を選んでしまうと後で必ず後悔します
食事	喰う	やっぱ 岩魚よりヤマメのほうが美味いか 俺もそう思う ニジマスはバスと同列か 桑折町H沼の管理人はバサーからバスもらって刺身で喰うそうだ H沼の水は綺麗だから大丈夫なんだと
食事	喰う	当然フキやウド、ヤマブドウ、笹、イワナといった食材もあるが、このキャンプではこれまでにもクワガタの幼虫、エゾアカガエル、ヘビ、とゲテモノ喰いの傾向が異常に高い
食事	喰う	一見さんお断り(そういう和菓子屋ってあるのかな)じゃないだけよかったものの、あたふたする私を見て「こやつ、あすか見て喰いたくなったな」「あすか好きだな」「竹内結子のカレンダーを通販で買ってるな」というのが店側にバレバレ(3つ目はわかんないと思うけど)でした
食事	喰う	セリコルニスの産卵セットは最初の回収セットを放置していたので幼虫がどうなっているのか 確認したが中の材を喰い散らかしていた割りにいたのは4頭だけ しかも3頭は蛹化体制で死んでおり 残り1頭は前蛹・・ 今の成虫のセットは散々材に産んではいたがなぜか卵が全て腐っている こりゃ今期でセリコルニスは絶えるかも・・
食事	喰う	灯火に飛来した蛾とちがって、糖蜜に飛来するキリガは「喰うもの喰ったらとっとと帰る」という状況なので、ライトで照らしたらすぐ逃げちゃったり、蜜をなめてるあいだもずっと翅を小刻みに振動させていつでも飛び立てるように体温を維持している子が多いです
食事	喰う	俗に、夫婦喧嘩は犬も喰わないというので、息子の取り越し苦労と言うのもあるだろうが、両親の不仲は子供の成長にもろに影響する、願わくば早く回復して貰いたいものである
食事	喰う	これまで、無農薬、堆肥栽培の安全・良質ケールを供給するために、一貫して努力してまいりましたが、ケール畑を訪れる方々は、雑草が茂り、虫に喰われて、ボロボロのケールを見て、心から安心して頂いております
食事	喰う	次にバリスティックミノー80EXで、得意の「フラッピングフォール」を用いて喰わせようと思ったが、現在シーバスがいる場所が沖目なのと、レンジがボトム付近とかなり深いため、高いキャスタビリティとバリスティックミノーより深いボトム付近のレンジを得意とする、ローリングミノー95(アユ)をチョイス
食事	喰う	だって三度の飯よりご飯が好き、飯をくれなきゃお前をとって喰う、腹が減っても食料なけりゃ自分で回ってバターになってホットケーキで腹満たす、な藤ねえが、だぞ
食事	喰う	でも、まともな推理物にはカケラもならず、すぐに超能力者の真魚の力を借りようとするは(卑怯)、テニスラケットの代りにフライパンを振り回す翔一にテニスでメタメタにされるは、アホの子の様なヤケ喰いするは、あげく翔一に怪人の真似をさせて、弟らしい男に怪人が来ると脅かして白状させておしまい
食事	喰う	(なんナン`α ́でつフントヌ)蛇ヲタといい、うーちゃん逃げられないようにし、モームに似たうさぎ様喰われた動画貼りやがったけんね、モーキンと蛇スレは潰してやる、小動物飼いとして
食事	喰う	って、いうか、俺って少年時代から『カムイ伝』『カムイ外伝』と愛読してたんだけど、カムイが不動を鮫に喰わせて殺したのって否定的にならざるを得ないんだよね
食事	喰う	海水温度の低下と小潮で潮流が緩慢、釣りには不向きな悪条件が重なる・・・ヤズやハマチは水温が低下しても釣れる魚だが、潮流が弱くては喰いが悪いのは他魚と同じ
食事	喰う	ポイントに付くと今日も良い反応が有り釣り始めると、特大のアジが1投目から順調に釣れ出すが、暫くすると、大量のゴミが流れて来て釣り辛くなって来たのでポイントを変わる事になります、今度も1投目から大アジが順調に釣れ出しその後、潮が緩むに連れ大サバも交じりダブル、トリプルと入れ食い状態になり、終日喰いは止まる事無く釣れ、12時半に納竿する事にしました
食事	喰う	昨日喰った鮪と蛸と〆鯖と生ワカメの刺身のどれかに問題が有ったのか、それらを切るのに使った包丁かまな板に問題が有ったのか、今朝はトイレに籠って出勤できず、昼からのこのこと出勤した
食事	喰う	例えば、あまり見栄えの良くない寿司屋に入った二流の客が、「ここにはカツ丼がおいてないのか、俺はカツ丼が喰いてえんだ」というと、その寿司屋はお客欲しさに「わかりました
食事	喰う	一部には大きなスポンサーも付いたりして色んな面で有利な選手も居てるけど、中には「金メダル」とっても、一年位はテレビや色んな所へ出て来てやがて相手にされなくなり、その「メダル」さえ「質」にいれやな「喰って」行かれへん
食事	喰う	(その節はありがとうございましたm(__)m)昨日までは1番付近へ移動して再び喰いが立った、1番が空いたら動いてみようかと思います、というような話し教わりおおいに心が揺らぐ
食事	喰う	水源の狭山池(瑞穂町)にいた蛇を退治したとき、蛇の血が流れたので蛇堀川と言ったが、なまってザンボリガワとなったとも、また蛇を喰う人の名から「蛇喰川」との由来もある
食事	喰う	などなど幕の内弁当ぽくツマミ喰い的にさまざまなヂャンルの世紀の有名容疑者たちのブタ箱記念写真あんど身上調書が、米リ力‐ハリウッドの有名芸能人やスポーツ選手やラップ歌手たちのブタ箱記念写真あんど身上調書と肩と肩をならべて、合計366件ぶん、オールしろくろ写真つきでずらべら並べられています
食事	喰う	その3(デリカテッセン、アバウト・ア・ボーイ、エド・ウッド、毒蛇島綺談 女王蜂、素晴らしき休日、スパイダーマン、 赤い殺意、団地七つの大罪、バースデイ・ガール、人蛇大戦 蛇、ジャングルウーマンそれ行け男喰い族、フル・モンティ、デモリションマン、アメリ、宗方姉妹、 乙女の湖、ほんとうのジャクリーヌ・デュ・プレ、七年目の浮気、赤いブーツの女)
食事	喰う	30センチから50センチ級のイスズミやサンノジ、カンムリベラ、ツムブリ、ソーダガツオ、ムロアジ、タカベなど足の速いエサ取りや、片っ端からエサを喰い散らかし掛かっては暴れまくる厄介な魚の存在も十分考慮して使用するタックルを決めることがあります
食事	喰う	あちき、コトばっかちゅ、メバルというお魚ちゃん、釣ったことも喰ったこともあるのですが頭のでっかいお魚ちゃんなので刺身にすると喰うところがほんのちょっとになってしまいます
食事	喰う	やっててわかってくるとは思いますけど、名古屋港で僕なりの使い方でトップに出てくる魚は60cm以上の魚ばかりで、それ以下はまず喰ってこないっていうのがここ数年の僕の見解です
食事	喰う	昨日の夜はひさしぶりに寿司など喰って(ダイエット中なので)、帰宅したあとついついうたた寝、気がついたらワールドカップが始まっていて、ドイツとコスタリカが戦っていた
食事	喰う	虫も喰わないキャベツは危険という消費者意識は普及しているものの、店頭に虫食い跡の残るキャベツが出回ると極端に売れ行きが鈍ることから、一定量の農薬(殺虫剤)の使用は避けられないのが現状
食事	喰う	潰れて見えるラーメン屋にしようか、色褪せた駅弁屋で喰おうか・・・ 悩んだ結果 明るいコンビニでオニギリとHOTドリンク、そしてクレープを購入♪ 海と山とを眺めながら ノンビリと食べていたら
食事	喰う	短く言えば、このままラーメン食べ続けたら、アカンって言われたんやろうな(笑) だって、ほとんど喰うもん言うたらラーメンしか喰ってなかったらしいから(笑) ラーメンマンには悪いが、ほんと、こういう奴を横に見ると自分の健康さがよく分かり、安堵してしまう、
食事	喰う	かまぼこが喰いたい お金で買うんじゃありませんホンモノは まずは鮫を捕まえに アンニュイな陸の世界で溺れそうになるよりはまずはGO FOR IT
食事	喰う	メジャー港湾部の近海で、連日叩きぬかれたハイプレッシャーディープで、カンパチ、ブリ、ヒラマサ、マダイ、サワラなど、ただ沈める、落とすだけで、バブルヘッダーにしか生み出せない独特のスロー&トリッキーなフォールアクションを生み出し、一撃で喰わせてしまうマジカルなジグ
食事	喰う	それとも女王様の寝棺の中に秘め置かれた髪切虫か、□河馬(アマム)にも喰われず、太陽神(オシリス)にも叱られずに二千年後の今日(こんにち)、輪廻転生(りんねてんしょう)の道理に恵まれて、呼吸(いき)を吹返して来たものか、その辺のところがサッパリ判明しなかったが、やがて間もなく、そんな事はどうでもいい事に気が付いたので、髪切虫は一層、朗かになった
食事	喰う	しかし、虫を使えば使うほど夢を喰われて自らの寿命を縮めてしまうことや、虫が暴走するなど独自のアイデアが盛り込まれていることなどもあり、模倣といった印象はなかった
食事	喰う	魚の喰いが悪い時は、タナを深くし、下針をもっとハワセますし、魚の寄りが悪かったり、警戒心が強くなかなか喰いアタリが出ない時は、段差を広くします
食事	喰う	子どもらにとっては大迷惑ですが、たまたまその子が性格よく育っていてくれたりすると、ちょうど夫婦喧嘩が犬も喰わないその一過性ですませられるように、かれらもわらってくれ、変にネにもったりはしません
食事	喰う	これではアカンわちゅーので、メンバーの某H氏なんか会社まで休み、いつもよりさらに2時間早く集まって新橋のカラオケ屋で緊急練習までやらかしたものの、なんかみんなでドライカレー喰ってダベってただけのような気もする
食事	喰う	この神社は国道180号線と429号線を繋ぐ清音真金線が足守川にかかる倉敷市矢部地区に鎮座する、温羅と吉備津彦命の鯉喰いの伝説が残る小さな神社です
食事	喰う	自分も田舎にいた頃、小学生の通学路で散弾銃をぶっぱなしてる猟師服きたバカに何度も殺されそうになってるので、喰うためじゃなく趣味で釣りや漁をする人間には生理的に敵愾心を持ちます
食事	喰う	「星をつかむ手」で蛇が星を喰うために手を欲しがってましたが、猿とか人間とかを見れば星まで届かないのは明らかなのに何故蛇はそれに気づかなかったのですか
食事	喰う	中国が変動為替相場制でない、ということの影響が大きいし、日本でも、簡単にインフレ率がコントロールできるわけではなかったので(政策への評価はいろいろあったでしょうが)、中国ショックは、それなりに、日本の経済にダメージを与えたとも思いますし、消費者レベルでは、恩恵も受けている(それだけ日本企業の市場が喰われている)、というのが、現実でしょう
漁業	喰う	今日は旧暦20日、ますます潮流の動きが緩慢となり、「四浦湾漁礁」ではアジの喰いは今一歩なので、ヤズを釣ろうと[胴付き仕掛け]にマルアジ仔を掛けて投入
食事	喰う	他方で、何も決めないで、成り行きに任せるのは、日本人の智慧でもあり、 ちょっと卑怯なところでもあるんだが、 仲間がライオンに喰われているのを見ている草食動物みたいですよね
食事	喰う	人面魚の分際で、いつの間にか足が生え(最終的には人面蛙になるんだ・・らしい)、人面蛾の幼虫である人面芋虫を喰い・・・と、人面某なにがしばかりが登場します
食事	喰う	』とのお言葉を思い出した 海外の料理ってタマに凄いのがありますが、是非色々食べて経験値上げをしていただきたい (いや、ゲテ喰いしろという訳ではなく、文化的背景とか料理人の思い等をネ こう
食事	喰う	そして四日目の朝、二人が空腹になった時分を見計って食事を与えて、その様子を仔細に見ていると一人の奥方が耳を動かせてガツガツ喰ったので変とと見て縄をかけたところ、古狐の姿になった
食事	喰う	さあこれからです、、4時すぎになれば喰いも立つそうです、、、あらっ、雨が、、もう一匹とネバリます、、ゴロゴロゴロ~、、今度はカミナリ、、もうダメです、撤収~
食事	喰う	根元には蟻が巣を喰っているので蟻巣村と称するという先住の浪士工藤先左衛門尉藤原祐益の言であった為信公は、四方広遠なるこの地を見て自今廣須野と称え廣須村と名づけられて以来、この地を発祥に廣須木造新田の荒野開発が進められ柏村名の起源となったのである
食事	喰う	大島麻衣:今日、授業中に友だちと早口コトバをやっていて「隣の客はよく柿喰う客だ」というところ「隣のバスはよく進むバスだ」と大声で言ってしまった
食事	喰う	20日例会に参加、区間は宮野漁港~豊浜漁港間、天候曇波3m、俺は長磯漁港右付根の船上げ斜路に釣座を構え、1時半投竿開始、しばらくコマセ投入し3時頃からようやく当りが来たが、喰いが浅い
食事	喰う	使わなくなった扇風機を物置にしまおうとアパートの裏に行ったらやたら虫に喰われた葉っぱがあったので、よく観察するとこの幼虫が5匹張り付いていました
食事	喰う	交尾の終わったオスカマキリはその場でメスカマキリに喰われてしまうというが、それはあくまで飼育下のことであり、野生においては7割のオスカマキリが喰われる前に逃げ延びるのだ
食事	喰う	昔、良く言われた柔らかいカラスガイが良いという話はアワセた時にハリからカラスガイが飛んでクロダイの唇にハリ掛かりが良くなるからで、クロダイの喰いには関係が無いと思う
食事	喰う	正月のマグロの値段はバカ高だとかハエナワに掛かるサメも漁獲規制されていることとかシャチがマグロのボディだけ喰っていく話だとか色々話してくれ面白かった
食事	喰う	只でさえこの時期菌糸が劣化しないのに、私の部屋はシカに合わせて温度は低めに設定してますから虫の喰いもじっくり^^;交換する必要もないし羽化もしてこないしで嫌んなっちゃいますね^^;
食事	喰う	この恵比寿の個人共同スーパー(公設市場)だった跡地を「喰いもん屋」が軒を連ねる横丁として姿を変えることによってふたたび、人が集まり新たな生命が宿る
食事	喰う	例えば色彩や翅型等に多型がある昆虫がどういう割合で、どのような場所で襲われているのか、といった点や、鳥に襲われた昆虫がどのような対応(威嚇や自切の有無)をし、その結果どうなるのか(喰われてしまうか、逃れられるか)といった点が今回の論文で用いられた装置やその発展型を用いることで明らかになるだろう
食事	喰う	1つ1つの工夫が何通りもあり、それの組み合わせを考えると、ボケ〜っとしているヒマなんかないはずで、しかも、その中の1通り&ワンチャンスしか、喰わないって時がある
食事	喰う	しかし、江南地方は土地が低いため、いったん雨が降れば水害が起きやすく、しかもこのあたりには、2本のはさみと8本の足を持つ虫がいて、水田に入り込んで、稲を喰ったり、はさみで人を傷つけたりしたので、人々は「夾人虫」(きょうじんちゅう)と呼んで、まるで虎や狼のように恐れていた
食事	喰う	カミサンがウナギ嫌いなんで結婚してから3回位しかウナギ喰ってないす(ToT、ふっかふっかとろとろのウナギ美味そうすねー、今度1人で食いに行くっす^^、前に宮崎で食べたウナギは関東みたく蒸してなくてそのまま焼いた感じで固い&コゲ焼き魚風な感じで
食事	喰う	カブト幼虫に喰わせようとする朽木は、クワガタの産卵木には使う気にならない細い物や土に帰る寸前のボロボロに朽ちた物が多いのだが、たまたま水没させる前に細目の朽木を割っていた時に見つけた幼虫だ
食事	喰う	饅頭(まんじゅう)喰い、布袋(ほてい)さま、大夫(たゆう)さん、飾り馬、おきつねさんなど種類が多く、布袋さまは小さいものから順に7体買い揃えると縁起が良いといわれています
食事	喰う	それは未来の世界でストリートチルドレンとして、生き延びるために人を傷つけ、喰うために盗み続けていた少女・朝槻憐にとっては全てが「知らない」ものだった
食事	喰う	海から昇る月の出を見るチャンスがあるかもと期待していたが月齢からいって 日付が変わるまでは出てこないはずなのでメシ喰って酒飲んでちょっと一眠り
食事	喰う	「日が経って食料が尽きてついに、子供を料理して喰うものが出てきた」、「犬や馬は喰い尽し、飛んでくる鳥もなく、終日遠くの山を仰ぎみて、援軍を待ち続けたが、結局来なかった」、「打って出る前は、ただ援軍を待ち望み、はるか遠くを望んでため息をつき、山のくぼみの雪が解けた黒い影を援軍と勘違いしたり、夜は流れ星を川軍の信号と思いこんだりして、お互い伝えあっていた
食事	喰う	梅雨入りして毎日雨ばかりなので釣行ネタありませんそんな時は最近の買い物ネタでも、、、(笑)碧南釣り公園でアジでも釣ろうとサビキ買ってきました早朝限定で吉良の宮崎でもサバが入喰い状態なので今度行ってきます先週末同僚が行った時はサビキだと釣れ過ぎるので針を減
食事	喰う	大野さんは綱渡りからはじめてオートバイのサーカスの呼び込み、火吹き、ヘビ喰い等々を演じ、安田さんも大夫として同じように何から何までこなし、ヘビ喰い(鼻からヘビを入れて口から出す)は亡夫から厳しく習い多いときは一日に60回ほども演じたことがあるそうです
食事	喰う	これが実にユニークと言うか奇怪な本で、例えば虫との親しみかたを説いて、まず虫に喰われること、そして虫を喰うこと、ついで虫を観察してしまいにはバラバラにすることとあるのだ
食事	喰う	で、メール落して、Web見て、コーヒー飲んで、メシ喰って、ちょっとだけメールのお返事書いて、日記読んで、掲示板書き込んで・・・いまこんな日記書いてます
食事	喰う	午後から羽村市のお客さん宅に行きバラの根元に虫に喰われてオガックズが出ているので根を掘り起こして根元を削って見ましたら白い5センチも有りそうな虫が出て来ました
食事	喰う	と、心理的に手が動いて[貴船島沖]に向けて舵を切る・・・アジらしき映像はあるが、マルアジ仔と100g程のマアジが時々、喰ったマルアジ仔に喰い付いたヤズ2匹
食事	喰う	それもそのはず、冬虫夏草とは、冬の間にチョウやガの幼虫に菌類が寄生し、その菌糸が夏場に発芽して、虫の組織を喰い破ってキノコとして成長したものなのです
食事	喰う	成虫はミカンの葉や樹皮を齧り 幼虫は木に穴を喰い開けるので、俗に言う 『てっぽう虫』 みかん農家さんには嫌われモノでも、つるつるピカピカも体に長い触角 カッコいい虫で、マニアも多い虫です
食事	喰う	戦いの際に使用したナイフに刺した相手の肝臓がついていてそれを食べるふりをし、"肝喰い(レバー・イーティング)"というあだ名をつけられた、というエピソードが伝説として残っています
食事	喰う	次のアンコウと里芋も一転、力技で、しかし、里芋がきちんと箸休めになっていて、ついつい腹一杯なのにまだ喰ってみたいなあ、喰い続けていたいなあ、と思わせ、最後に麺を頼んでしまいました
漁業	喰う	仕掛けは主ハリス7号・枝ハリス6号1m・活き餌が小さめなので鈎は鯛一本釣り鈎10号1本・を投入・・・ポイント水深は45m~60m・・・ところが、当たりが全くなく、同じポイントのヒラメ釣り漁船も右往左往・・・最初の当たりは9時前、だが合せに失敗・・・次に喰ったヒラメは咥えたアジ餌を放してしまった・・・今日は坊主か
食事	喰う	己に不釣合いな超獣を指名して御せずに喰われた者、水が苦手なくせにシーホースを指名して溺れた者、イナクタプトが知っているだけでも、眷属選びで失敗した者は枚挙に暇がなかった
食事	喰う	どこにも行けないのならば、家で徹底的にのんびりしてやろうと、映画のDVDコレクションを引っぱりだしてきて、キンキンに冷やしたアサヒスーパードライ(普段はもちろん発泡酒ですから)をくいっと喉に流しこんで、吞んで喰って寝くさってやろうとしたのですが、ダメなんです
食事	喰う	それに対して子規は、自分の病はもう末期だから、いまさらそうした親切にすがって徒労ばかりを覚えさせるのは申し訳ないのでおかまいくださるな、と謝絶していますが、文末で一言、現在いちばんの療法は「うまい物を喰う」ことで特にくだもの、菓子、茶などは熱が高くても食べられます、などと海のものとも山のものとも知れない伝聞の治療よりは好物を送ってきてくれと遠回しに催促しています
漁業	喰う	メバル狙いでしたが前半は色々ポイントをまわりましたが、喰いが悪くどうなる事かと思いましたが、終わり頃の一時間でバタバタと全員に釣れだして良型メバルのお土産が出来ました
食事	喰う	しかし、人によっては、美味いものは腹が一番減っている時に喰ってこそその真髄がわかるので、後にとっておいたりしたら腹が一杯になってしまいその良さがわからなくなる、一番美味いものは一番最初に喰うんだ、という意見もある
食事	喰う	よりホッソリして、心配していたのですか、金魚もすっかり、カメに喰われてなくなった頃、突然食欲の鬼と化し、金魚のエサを食べまくるようになりました
食事	喰う	というより好奇心旺盛だった アリの巣に花火 ハエを液体ノリの中に捕まえまくった カマキリとハエを虫カゴに入れたらカマがハエを喰いだしたが数日後カマの体の節々から白い幼虫が
食事	喰う	■この日はタチウオとメバルの2本立てという予定だったのですが、ここ数日タチウオの喰いが急激に落ちているという事で、まずはタチウオのポイントへ向かい、朝一少し攻めて釣れなかったらすぐにメバルに切り替えるプランです
食事	喰う	食わず嫌いはお互いトークしながらなにが嫌いかを探るものだろ、料理番組みたいに食べるのがメインじゃないのに頬張るぐらい食べるのってどうなんだよ・・・収録ついでの飯喰いかよ
食事	喰う	デフォで千円近いラーメンって、襖から ゴキブリがでてきた、ハンバーガーにゴキブリが入っていたけど躊躇わず喰う女、どちらも同じ生ゴミなんだから、
食事	喰う	エソは小魚を喰う・・・このような大エソの腹腔には、喰われたアジやイカなどがある・・・アジやイカ等の居るポイントには必ずヒラメも居る・・・中エソの多い海域にはイワシ群が居り・・・そのイワシ群には、必ず真鯛が附ける・・・岬の名人と呼ばれる漁師は卓越した漁感を持つ・・・
食事	喰う	あげく、彼がお櫃を空にすると、「僕は恥ずかしいからお代わりできない」「昆布は盗るは、僕の分までご飯は喰うは、信じられない奴だ」と恨むこと、恨むこと
食事	喰う	でも、ざるだと麺が長すぎて喰いにくいです(^_^;)ってか、調子にのって天ぷら頼みすぎていまいましたな(^_^;)かぼちゃやさつまいもは数個単位で100円とリ
食事	喰う	4月30日、ハガwinさんと釣友のイチロー氏と3人で男鹿川行ってきました、朝の気温は2°C、魚の喰いも悪いようで釣れ始めたのが8時過ぎ頃からで、釣り上がってアタリ無く戻りながら一回攻めたポイントをまた探ると岩魚ゲットできました
漁業	喰う	甲殻類や小魚群の多い所には、ヒラメやカサゴ・メバル・アマダイなども多いが、彼らは「待ち伏せ喰い」をする魚だから、これらの魚を多く釣るには魚の目前に餌を持って行くことだ
食事	喰う	しかも土日なんで往復18Kで行けるし、その18Kで前日に米沢に牛を喰いに行ったり、長野に蕎麦を喰いに行ったり、新潟にわっぱ飯を喰いに行ったりも出来るぢゃん
食事	喰う	程よい満腹感が感じられ夕食でのドカ喰いを防ぐことができ、 他の置き換えダイエット食品のように、1回の食事の代わりに豆乳バナナだけで済ませるとダイエット効果は早くあらわれますが、その場合は他の2回の食事の栄養バランスが偏らないように注意が
食事	喰う	、電車に乗ってたらつい居眠りしちゃってさ、起きてビックリ名古屋なんだなこれが、で、ついでだから味噌煮込みうどん喰っちゃてさ、これが旨いのなんの
漁業	喰う	今日の佐賀の関でのアジ・サバ釣りは、前半喰いがたたず、やっと11時くらいから喰い始め、納竿の2時まで入喰い状態になりましたマアジ・マルアジにサバは中型主体で1人4~6匹でした
食事	喰う	鯵喰ふや喰われ間際の骨の数穴子屋のかほり吐き出す換気扇夏蝶のひらりと不意に来て去りぬ瑠璃蜥蜴場違いや身を翻しブログ体力減退、ブログを書く力がない定年退職後の仕事として好きな仕事をしているつもりが仕事に振り回され、その上欲が出て俳句どころでなくなってしまうあれもこれもとはなかなかいかないそれにしても体力の限界を痛感する日頃の倍ほど寝てやっとキーボードを叩いている次第
食事	喰う	ヒメサスライアリは、放浪生活を送る軍隊アリの仲間で、出会った他種のアリを幼虫や蛹はもちろん、成虫まで根こそぎ餌食にしてしまうアリ喰いアリである
食事	喰う	Firefoxというのはけっこうメモリ管理が適当なせいか、タスク見てるとよく分かるんですが、なんもしてないのに、メモリどんどん喰っていくんですよね
食事	喰う	また、湖沼水温の低い時期のふ化仔魚はワムシ類から喰いはじめ、より大きく成長するが、 湖沼水温の高い時期のふ化仔魚はコペポーダ類に喰いつき、成長が劣る傾向がある、とも指摘された
食事	喰う	それで運動をしろ、散歩をしろとかかりつけの漢方医にクドい説教を受けるのが趣味だが、『飯なんて喰わんでも死にはしないから、腹が減った時だけ食べれば良いですよ
食事	喰う	普通にメシ喰ってやがった(そりゃ喰うだろうよ) イヤね、普段は勤務時間の関係で夕食どきにはいないってーのと、休みの日はどっかに遊びに行ってるから結局夕食どきにはいないってんで、同じ家に住んでるはずなのにどっちかって言うとちょっとしたレアキャラみたいなカンジの遭遇率になってるわけですが
食事	喰う	馬場はカマタに負けよった;岸壁;福助人形;フェイドアウト;つるつるの壷;おっさんとおばはん;ダムダム弾;夢の中へ;メシ喰うな;ライトサイダーB(スカッと地獄)〔ほか〕
漁業	喰う	やむを得ず、アジゴが外れない程度に投げるが、せいぜい20mくらいで、ヒラメが喰う気がせず、サビキにアジゴを掛けたままヒラメを狙う手もあったが、この釣りは早々に諦めた
食事	喰う	話をバスに戻しますと、1普段水が動いているところが動いていない 2水のキレが悪く、生ぬるい 3低酸素でも元気なへらを狙う釣り人がいる=へらが釣りやすい環境=へら以外が喰ってこない 以上の条件から〝ここでバスは釣れない〟と決定的な証拠が揃ってしまった、というわけ
食事	喰う	現在のように、ナフタリンなどの防虫剤のなかった昔は、虫除けの薬として「タバコの葉」「楠(クスノキ)の木片」を、箪笥(たんす)の中に入れて、衣服が虫から喰われるのを防ぎました
食事	喰う	(゚∀゚) 『マサチューセッツ州の旅客機100機の柿喰う客各100人が ガス巻くバスでバスガス爆発』 まず初っ端の“マサチューセッツ州”で噛んじまう
食事	喰う	片山さんは誘いを掛けつつも一度引き返した渓魚を再び喰わせて竿を曲げて行きます・・・一方、僕は一度引き返した渓魚を再び振り向かせ毛鉤直前で・・・お約束通りに川底へと見送ります・・・微妙な誘いが理由なのでしょうね・・・実際に目の前で誘いの掛け方も見せて頂いたのでこれから修行有るのみです・・・家庭が崩壊しない程度に頑張ります
食事	喰う	うちの妹は、たこやき喰いたいとか、NGKのショップに行きたいとか、そんなベタな大阪観光客なんで、ムクさんに預けるくらいなら、ひとりでガイドブック持って行ってこいと頼みます
食事	喰う	カラヴァッジョの現実主義的な特徴を 葡萄の瑞々しさと同時に虫に喰われた傷のある林檎、枯れて乾いた質感のある葉と伸びただファンレターの通り、ちょっと虫の描写がきつかったが
食事	喰う	渋谷の『ふくちゃん』なぞは、ニンニクどころか、明太子、高菜、ゴマ、ベニショーガ、ワカメ、コーンなぞが入れ放題なので、究極の『辛い』トンコツ・ラーメンを喰い、替え玉も頼んでしまい、げふう、お腹一杯、エー、ビール下さい、という状態で、クアトロでライブなんぞしていたのだが、もう、遠い昔の話だ
漁業	喰う	垂直浮き・ダイブしながら左右へのヒラ打ちアクション・素早い浮き上がり 波高の高い荒れた状況でもしっかりとアクションするバランス ヒラマサの誘い出しトップゲームではデカい魚から喰ってくる事が多い
食事	喰う	「米がないなら肉を喰えばよい」と、遙か後世の異国皇后のようなことを言った暗愚な皇帝である惠帝が即位すると、その外戚である楊氏が権力を握ったが、彼女はそれを憎み、楊氏を追い落とした
漁業	喰う	数回船回しした時・やっと最初の当たり・・・真鯛ではない曳き・・・カンパチ仔かナ・と思いながら獲り込んだのはヤズ・・・その後、真鯛1・ヤズ4匹が釣れた頃、潮流が2ノットを超して喰い止まり
食事	喰う	つまり、デカい魚=強い魚ほど物怖じせず満腹になるまでバンバン餌を喰うことができるから、その結果ますますサイズが大きくなる、という水槽内を支配する循環の法則は、我々が暮らす人間社会において、お金持ちの人ほどますます肥え太り、さらなるお金持ちへと進化を遂げていく、という貧乏人のひがみにも似た真理と極めて近しいのである、ということだ
食事	喰う	物語の方は、蟲による人の生き死にがどうこういう話ではないので、そこまで深刻ではないのですが、記憶を喰った影が残るシーンや大量 の記憶を喰った蛇の影がのそりと出て行くシーンは少しホラーぽかったです
食事	喰う	一昨年まで俺は163センチで98キロだった笑、週に三回はジムに通うより漁港に通って喰っては寝、喰っては寝の生活が続いたので体重はすでに100キロをゆうに越している笑、
食事	喰う	足湯に入りながら「つゆ焼きそば」食おうと思ったんですが、17:00までという事で、時間が無く喰えなかったので、リンゴソフト喰いながらにしときました(笑)
食事	喰う	人の夢を喰う代わりに、寄生主に超常の力を与える“虫”が出現してから10年——薬屋大助は極秘機関に所属する最強の虫憑き“かっこう”として、モイラ高校での監視任務につく
食事	喰う	但し、歳をとって役に立たない羊、病気や怪我をした羊、先天的に疾患のある羊、言う事を聞かない羊、ニートでフリーターな羊は、始末される、屠られ、まさに喰われることになる
食事	喰う	ぼくに言わせると、メシを喰っているのかテレビを喰っているのか、あるいはテレビを観ているのかメシを観ているのかまるで区別していないように思えるのだ、この人たちは
漁業	喰う	ヒラタやチョロといったヤゴ系の川虫を使うと魚は顎先で引っ掛けるような喰い方をしてくるが、この幼虫やブドウ虫のような芋虫系の餌だと、かなりの確立で鉤を飲んでしまうというのも新しい発見だった
食事	喰う	報酬という対価を得るために貴重な昼間の時間を切り売りして働くって行為を楽しいと思った事なんてないし(人生働かずに喰って行けるにこした事はないw)、今働いてる海外外資の真っ当でフェアな労働環境でも楽勝だなんては思わないしな
漁業	喰う	まず、野尻湖のスモールは虫パターンの流行もあり、やはりそれなりにプレッシャーが高いのですが、そうなるとやはりルアー(虫)のサイズが小さい程喰いが良くなると思います
食事	喰う	君は才能に恵まれて優秀な成績を収め、体力に恵まれて猛訓練にも別段の苦労もなかったようでしたが、サボることのできなかった君、やはり歯を喰いしはっての毎日であったことでしょう
食事	喰う	グレ釣りでは底根を把握が大切なのである、隊長&YOさんは釣り納めで好調だったワンドに行ってみました、隣の屋根から見下ろしていましたが、興味を持つ→喰う ハエや虫が目の前をウロウロしたり、`ωンー で、 カぁ~ン 鈍い音が ポキポキ星人になっ
食事	喰う	「夢喰いメリー」は人の夢の内容を視ることができる能力を持った高校生・夢路が幻界から迷いこんだ少女・メリーと出会い、幻界と人間界の境界で繰り広げられる戦いに巻き込まれていくファンタジー
食事	喰う	いずれにしても、女郎蜘蛛と居候蜘蛛は仁義なき関係だとしたら、あと1ヶ月くらい経つと今度は体の大小が逆転した女郎さんが居候を喰う場面も見られるのかもしれませんね
食事	喰う	後始末を託された課長が社長になるのが今の金融機関なのだ、高い給与もらって結局会社を喰ったサラリーマン経営陣を糾弾する人材はとっくに潰して消して有るってことなんだろう
漁業	喰う	■終了間際には再びイサキの喰いが復活し、本来ならお土産のアジを釣りに行く予定でしたが、全員一致の意見でこの場所でイサキを最後まで狙ってみることにしました
食事	喰う	レザ・ジャリノスとは、度々一緒に出張し、東京タワーのレストランでメニューが読めないので、デスプレーを見て注文し「アキラ、この料理は何だろう、こんな美味いものを喰ったことがない」、「とんかつ」と答えたら、いきなり土下座して「アラーの神様、お許しください」と、頭を地に付けて懺悔していた
食事	喰う	マルバハギはかなり若葉を広げて、ハムシ類に食べて欲しいと言わんばかりでしたが、ほとんど食痕は無く、夏場に無数に群がっているマメ科喰いの他のハムシ達も、まだ、ほとんど見られませんでした
食事	喰う	日本人は、イソップ童話の蟻とキリギリスの話が好きだが、最後の蟻がキリギリスを喰ってしまうストーリーを考えれば(日本では、キリギリスが蟻に助けられるように脚色されてる)、そこまでして生きたくねぇよ、って昨今の不良たちの考えかたも分からないでもない(苦笑)
食事	喰う	喰いたかった「台湾腸詰with大量の白髪ネギ」「様々な具が入った大根もち」「牡蠣と大根・蒟蒻のスープ」、なぜか「そうめん&小ネギ・茗荷・ひき肉(笑)」
食事	喰う	前回ジャイロに喰い損なったバスが居たポイントの近くで、またもやスピナベに喰う寸前のバスがダッシュして来ましたが、またもや間が悪くUターンされたのみで、他には一切バイトなし・・
食事	喰う	昼・オカダヤに材料買いに行った帰りにがら空き高島屋にも寄って、興味津々だったペックの総菜セットとパンを買って・・喰った、夜・小金井で美味しいピザと自家製西瓜ジュ~ス
食事	喰う	学生時代に比べて、食い物の中身は良くなったかもしれないけれど、仲間とみんなでワイワイと生協食堂や下宿で喰った夕食のほうが、ひょっとしたら今よりリッチだったのかもなあ
食事	喰う	獲って喰われたりしないですから・・・そして浄土真宗ダケでは無くって、鎌倉仏教宗門迄の処で互選式で役員も偉い人も選ばれて、事務局は専ら増上寺ですよ
食事	喰う	今夜の家めしは、海でできなかったバーベキューをお家の庭でするはずだったんだけど、帰ってきたらお父さんはもちろん、みんな疲れ果ててさー、おばあちゃんが材料にって買い込んでたお野菜と地鶏のステーキとニラともやしの台湾屋台やきそばをお父さんがちゃちゃって作って喰ってたよ
食事	喰う	見かけのよい、虫はもとよりのこと、虫の喰った跡方もない菜葉類は、商品価値は大きく、いかにも美味しそうにも見えます(また、そういうのがよく売れるそうです)が、それは、虫のきらいなものか(たとえばホウレンソウ)、そうでなければ農薬を充分に施したものと心得て、まず間違いありません
食事	喰う	獰猛なタチウオだが、餌を喰うのは意外と下手なようで、アタリが出てからも仕掛けを止めたり、ゆっくりとリールを巻いたりして、じっくりタチウオに餌を喰わせてから、竿先を押さえ込んだ時にアワセを入れないと、鈎掛かりせずに餌だけ取られる
食事	喰う	そして、「蜘蛛(チシュ)=蜘(チ・くも)」は「交尾」した後、「オス」は「牝」に喰われ、「孵化した無数の子蜘蛛はイトをヒイテ、乱れ飛ぶ」のである
食事	喰う	以前、亀を喰っているのを目撃したこともありますし、蛇も冬眠し餌の手に入りにくいこの時期、蛇以外のものもいろいろ食べてるんだろうと勝手に想像しております
食事	喰う	一瞬ラインテンションをかけバスがルアーを咥えていることを確認してから再びラインを弛ませシェイキング、しばらくバスに喰わせる時間をあたえてから、ラインを張りそして大きなストロークでスイープフッキング
食事	喰う	彼女が映画史からわすれられたのには、それなりの理由があるにちがいないが、おもうに、それはルピノが男のために演技しながら、男を喰ってしまうからである
食事	喰う	どうすると収量が増えるのか、虫に喰われないようにするにはどうしたらいいか、化学肥料や農薬を使わず有機栽培をするにはどうしたらいいかなど、いろんなことを考えてやってみえます
食事	喰う	それどころか、このブームは缶入り紅茶の需要を喰う形で進行したため、缶入り紅茶の増量用に使われていた国産紅茶はだぶつき、生産を圧迫することになった
漁業	喰う	メダイはハリスの太さなどで喰いが落ちるようなデリケートな魚でなないので市販釣り仕掛けを購入するときなフロロハリス7号ぐらいの太いハリスの仕掛けを購入しましょう
食事	喰う	スレた神経質なバスや完全にルアーを見切られてしまうような状況に対しても、バスにとって安心感のあるボリュームで、食欲を刺激する最後の喰わせのワームとして活躍します
食事	喰う	鵜堂小町という名前は、確か「蜘蛛」という意味のある「ウィドゥ」と言う言葉と、子供を産んだ後で、自分の体を子供に喰わせるという「カバキコマチ蜘蛛」という蜘蛛の名前の一部と、「美人」を意味する「小町」を掛けて有ります
食事	喰う	先ず集団飼育では4齢から5齢初期までは高い確率で到達したが、この間の「共喰い」による傷が原因で多くの個体が死亡し、容器内の頭数が、2〜3頭以下になったもののみが6齢、蟻を経て成虫にまで到達した
漁業	喰う	河川内のチヌにはロングステイで喰わせるのがシークレットパターン 対象魚 メッキ、コトヒキ、ゴマフエダイ、ターポン、カライワシ、ミナミクロダイ、オオグチユゴイ、テラピアetc
食事	喰う	道に迷ったフタコブらくだ・・自分のシッポを喰いすすむヘンテコなヘビ・・コガネムシになったオトコ・・オアシスの人魚の恋のおはなし・・大道商人影売り・・などなど
食事	喰う	もし虫が「人間みたいな痛み」を感じるならば、カマキリに喰われる蝶とかトンボはとてつもなく苦しいだろうから、それを避けるだろうし、そのことによって生息範囲が別れてもおかしくないと思う
食事	喰う	02 ID:TDxb26yO 昨日、夜中の一時頃、松屋でメシ喰ってたら、70は過ぎたあたりの汚いホームレス風のババアが入ってきて チケットも買わずにいきなりカウンターに座ってさ
食事	喰う	ただ、世間では、エコとか頻繁に出てきますが、これらは僕をはじめ、一人一人が、出来る事から始めて、意識を高めないと、喰いたい物も喰えなくなるし、季節のものも食べれなくなって、季節感はなくなるは、子供の食育にはよくないわ、社会にはよくないわ、
食事	喰う	』と言われたのを無理言って先客の了解を得てもらいタチウオ釣りに変更してもらった(^_^;)今日は開始早々から良い喰いっぷりで、ガンガンあたりがあり二本竿の私は忙しい釣りになった
食事	喰う	蚕が繭を喰いやぶってでてきてしまい穴のあいた繭など、京都、名古屋などの消費地に出荷できない繭を引き、自家用として染め織りをしたのが伊那紬の始まりです
その他	喰う	改革・開放の敗者、改革・開放によって「割を喰った」人々の群れは、反日運動であれ、反米運動であれ、他の何であれ、社会を不穏化させる動きには、みずからの不満の吐け口を求めてこれに積極的に関わり、騒動の中心的な勢力となるという筋書きは容易に想像できる
食事	喰う	すると、うどん喰いながら観てる我々二人にムカついたのか偶々ライン上だったのか(こっちが正解)丁度私とМさんの目の前かなりの近さでコーナー進入の振り替えしを披露してくれました
食事	喰う	こんな社会だからこそ地位だの名誉だのにすがって生きる老人が多いようですが、なに、ちょっと世界が負の方向に向えば一気にそんなものはドブに捨去られて、よりよく喰う者が強いという、別の意味で解りやすい世界がすぐ間近に迫っているような気がして仕方がないのです
食事	喰う	第八巫蠱衆は運喰い虫や戦斗虫などのオーバーテクノロジーが物語中で目立つものの、スタンダードな毒虫を用いた毒殺や、触媒を用いた呪術などのノウハウも持ち合わせていると思われる
食事	喰う	名前の通り神楽坂に1号店のあるカフェなのですが、マークシティの店舗では若干内容が違うものの、甘味だけじゃなくてお粥とかちまきとかお惣菜とかの軽食もあるので、何人かでいて、ちょっと小腹が空いたけど本格的にメシ喰う感じじゃないんだよね〜、ってときにも丁度いい感じ
虫	喰う	もちろん、一金五万円也、右借用候事しかじかというような一本建の数値だけがあってそのうちの数字が虫に喰われているのでは、探しようがないが、もしそれが加減乗除の運算書であれば、その一部が虫に喰われていても、前後の関係から推理によって正確に判別することができる
食事	喰う	世界的には、海ではエチゼンクラゲやオニヒトデ、赤潮、淡水ではアオコやアリゲーター・ガー(魚)、害虫ではハマキガ(葉巻蛾)やキクイムシ(木喰い虫)、マダラアカイエカ、イナゴ・・・枚挙にいとまがありません
食事	喰う	0 外浦で初めてシュノーケリングしましたが・・・ ここは魚を見る場所じゃなくって魚を喰う場所だとわかりました(;^ω^A 千人風呂金谷旅館 ここの風呂パネエ
食事	喰う	「薬喰い」は食べ物を薬として食べる、「ぬちぐすい」は命の薬、「くすいぐん」は食って薬になった、という意だ◆進学や転勤に伴い都会、またはここ松本で一人暮らしを始めた若者、社会人は多いだろう
食事	喰う	カマスは顔は見えましたが、カマスの前にアジが喰ってしまうってな感じでしたね★ クーラー満タンの方はサバを僕にくれてアジを入れるってな感じで嬉しい限りでしたよ★(笑)
漁業	喰う	エサとコマセはクロダイ、アジともにオキアミが無難で、庄内中通し釣法、ウキ釣法のいずれでも良く、クロダイは朝から夕方までが狙い目で、アジは夕方から夜にかけて喰いが立つ
食事	喰う	また、化学物質を用いるだけでなく、トゲを持ったり、堅い構造にしたりして喰われにくくするとか、アリや天敵に住処や餌を提供してボディーガードに雇っている植物とか、様々な防衛手段があります
食事	喰う	オンコセルコスはブヨが溜まり 水に産卵し、それを飲んだ人の体内でふ化し、血液で運ばれた虫が水晶体を喰い、人間を盲目にしてしまう西アフリカの風土病である
食事	喰う	あなたの分身は、14年後の、焼き肉をたらふく喰った日の夜、着ぐるみのパンダのかっこうをして、かぼちゃの馬車に乗って、あなたに巡り会うためにやってきます
食事	喰う	僕も群馬県出身であり、季節がくると蜂を追いかけて蜂の子を獲って喰った記憶があるし、イナゴの佃煮や鉄砲虫と呼ぶ大カミキリムシの幼虫なども喰った記憶がある
食事	喰う	犯罪集団は「世の中を悪事で喰い散らかして我欲を見たし捲くって居る、最悪の寄生虫ですから、寄生されて食い散らかされている宿主に、寄生虫の存在と、食い散らかされている肉体被害を自覚させる事が大事なのですよね」
漁業	喰う	■時間がお昼を過ぎた頃アジ・メバルの喰いが落ちた為、ここで昼食タイムにし後半戦に備え皆さん暫し休憩を取った後、地合と共にいざハマチの待つポイントへ
食事	喰う	エッコさんは帽子を作っている人で、マッドハッター用の帽子が自家用でひとつ欲しいとこないだ口にしたら、頼んでみると六花マネが言ったので、じゃウチでメシ喰いながら打ち合わせを、となったのである
食事	喰う	下水道で喰ったと言っていた焔狐でしょうが、新たにガクを主人として契約を結んだのか、それとも『ヘルシング』のアーカードのように自分の魂の一部として操っているんでしょうかね
食事	喰う	昨日しろねこさんのところから届いた新鮮なアスパラはうちで喰う分をとった後で芋洗坂の断定バーに持ち込まれ、今週末限定の特別メニュー・アスパラガスと玉子のオーブン焼き
食事	喰う	サバ虫って言うとまだ聞こえがいいがただのウジ虫、喰いが極端に落ちました、、毎回ハリスがザラザラで、は省いたけど、 ニオイがあるのでハエが来ます、、鵜のハエの大曲りに行ってきました、ハエの幼虫だったと思う、
食事	喰う	」と言った瞬間、はっと目を覚まして、そそくさと何喰わぬ顔で左のスライドを先に進めたりして、演者の先生が「いえ、そっちじゃなくって逆の方のスライドを進めて下さい
食事	喰う	ネット歴史家の間では、この文句を最初に使った人物は「うどん喰い氏」(うどん喰い氏については2001年10月号「ネットバカ一代」参照)との説もあるが、そもそも日常会話で普通に使われている文句のため、事実関係を明白にすることは不可能
食事	喰う	船が隙間の無いほど停泊していてキャストする隙間がなくて苦戦しましたが岩陰などの障害物の上にグラブを通したら、ひょっこりと姿を現し喰ってきてくれたので楽しかったです
食事	喰う	という時代と、喰いたいものが遠慮なく喰えて、個人中心の一種のホテル住まいがメインになって来たときに、人間の体質や精神的な問題がその速度についていけるかどうかなどは考えないとしても、その方向が豊かなのかと問うてみると、柚子という食から考えるとちょっと厄介である
食事	喰う	碌に食事も採れないほど貧しいらしいその男は、映画撮影中に支給された折角の弁当も喰いっぱぐれ、道端で売っていたリコッタ・チーズ(ricotta:チーズを牛乳から分離した後に残る、酪漿のことだという)を暴食した挙句に、撮影中に十字架の上で事切れるという腑抜けっぷり(uomo di ricottaは「腑抜け野郎」くらいの意味だ)を晒す
食事	喰う	するつもりだったが、 昼飯のパン喰ってファミ通見てから夕方5時ぐらいまで昼寝した後晩飯の買い物に行って帰って来てから 買ったばかりのマグロのカマの部分を焼いてそれをおかずに飯を喰いつつからくりTVと特命リサーチ見てるあたりで 弟君から電話があってしばらく雑談してたから
食事	喰う	5 MACRO / 大阪府交野市寺 「かいがけ道」久々 にがっつり喰いたくなり、日本橋に行く用時も相まって、ランチを食べに「一味禅」に行ってきまし
虫	喰う	」「虫が喰うほどウマイ野菜なんじゃないの」「強い農薬を使っていない証拠」「形なんて切ったり煮たりしたら関係ない」・・という返事が返ってきました
食事	喰う	しょうゆと塩の2種類の展開のようですが、しょゆはやはり「澄んだ王道醤油ラーメン」という感じのアッサリ&旨み系で、結構メシを喰った後でしたがすんなり完食できました
食事	喰う	芯喰い虫などの昆虫が運ぶ菌の一種が樹皮の内側などに付いて葉や枝を枯 らしてしまうというオソロシイ伝染病で、注射など必死の対策も空しく、他の木に伝染しないよう切り倒すしかなかったという
食事	喰う	くだんのちゃしうと、自家製のメンマに、「これ」といった特徴がないぶん、ますますラーメンを喰っている、というより、「お正月に、おばあちゃんちに遊びに来たよ」という気分になって、たまらない
食事	喰う	カマキリ夫人に関しては、クモやカマはとにかく動くものに飛びかかって捕食しちゃうので、彼女らは「夫喰ってる」んじゃなくて、「とっつかまえた獲物喰ってる」
食事	喰う	』 『踊る大捜査線 THE MOVIE 2』で共演した(ココ&ここ)織田裕二と『のだめカンタービレ』で共演(ココ)した上野樹里が共演(ぇしかも脚本は「うちの子にかぎって」「パパはニュースキャスター」「喰いタン」の伴一彦
食事	喰う	☆送料無料☆/百日膳 低足 黒/お食事雑貨/【発売元、製造元、輸入元又は販売元】土山漆器店【商品詳細】●お喰い初めとは実際は食べさせるまねです
食事	喰う	美術で喰っていこうなんて発想をすること自体がそもそも無鉄砲なのかもしれないし、その一見無茶とも言える事を成就させるべく段階を追ってそれなりに手間のかかる作品を一つひとつ仕上げていく作業は堅実な性格でなければ成し得ないのかもしれない
食事	喰う	ディズニーオフィシャルホテルのレストランで、アメリカネズミ他如何なるヤツが来ようが、どんなに必死でアクションを起こそうが、完全無視でメシを喰うのが楽しい
漁業	喰う	肝心の釣りの方ですが、船長の話では喰い始めが遅いとの事なので前半はマキエをセーブしながらバリコやタカベのオミヤゲを釣りながら、時折胴突をしますがエサトリのサヨリ(デカイ)やチャリコ、オセンが邪魔でなかなか狙い通り事が運びません
食事	喰う	その点、地鶏の照り焼き、コーチンのステーキ、軍鶏の水炊き、比内鶏のきりたんぽ鍋など、まぁ、東西の美味い鶏肉を美味い料理で喰ったけれど、最後に、鴨肉が断然別物の存在として、俺の中に残る
食事	喰う	ところが、日本でカマスという場合、まず赤カマスだが、世界的に見ると、カマスとは、The Heartのお姐様で有名な、「Barracuda」のことだから、人様も喰われそうになった記録があるそうだ
食事	喰う	2009年08月25日【投稿2】喰いしん坊太郎(久茂地本店)最近、リースビルのすぐ隣にある居酒屋 『喰いしん坊太郎』 の冷うどんの虜です温玉ぶっかけ ¥580うどんにはこしがあり、食べ応えGood
食事	喰う	ところで喰い師さん、深堂さんもご指摘の通り、じん六さんの汁は「関西の汁」というものではなくて、あくまで非常にオリジナリティの高い、じん六さん独特のもので、ご主人が日々試行錯誤しながら、造っているモノだと思います
食事	喰う	虫憑きという存在を世間から隠蔽するため、夢を喰われて暴走する虫憑きの凶行を阻止するため、あるいは特環に敵対する組織を排除するために、虫憑きは使役される
食事	喰う	バスに違和感を与えずに喰わせる繊細なティップ、一発でフッキングに持ち込むベリー、バスを寄せて浮かせるバットを併せ持つ、ライトリグを極めるにはうってつけの一本です
食事	喰う	本当は串カツでも喰ってお茶を濁そうかと思っていたのですが、たまたま予定よりも1諭吉多めに集金出来てしまったりしたので、それを握りしめて焼肉に変更です
漁業	喰う	大潮ってこともあって150+80=230号が斜めになりながらも、30cmオーバーの中アジ(私ら的には大アジだけど、ここではこう呼ぶそうです)がポツポツ喰って大感激
食事	喰う	と思いきや、今使っている「塗り箸」が(肉じゃが)を喰う時、すべる様な事を以前言った事が有ったので・・・・、◆三重県じばさん(地場産)の「本漆塗り箸」だそうだ
食事	喰う	ただ口惜(くや)しくって、苦しくって、悲しくって、腹立たしくって、そうして気の毒で、済(す)まなくって、世の中が厭(いや)になって、人間が棄(す)て切れないで、いても立っても、いたたまれないで、むちゃくちゃに歩いて、どてら[#「どてら」に傍点]に引っ掛って、揚饅頭(あげまんじゅう)を喰ったばかりである
食事	喰う	私立通ってるヤツの大半は志望してた公立に落ちて仕方なく私立に通ってるわけだから、「公立行けばいいのに」てのはまさしく「パンが無いならケーキ喰え」(私立からしたら、「ケーキが喰えるなら最初からケーキ喰っとるわいボケ」)並みに残酷な話だ
漁業	喰う	漁師のよく言うピンクの発色よりも、海水に浸けた時、釣りたてのカツオの背中に一瞬だけ出る、たぶん興奮色と思われる、明るいコバルトブルーの様な色が1~2カ所出たものが良く喰います
食事	喰う	この現場を請け負った時はTKに「ゆる〜〜〜〜い現場だよ」と言われてたので、喜んでたのだが、昨日の晩の喰ったホルモンがまだ消化されてない時間から働かせて「何処がゆるいねん
食事	喰う	また、絵のデッサンが若干崩れているのが、巨人の持つ「人を喰う人形生物」という冒涜的な要素を視覚的な面からも補強していて、もし狙ってやってるとしたらなかなか曲者だと思った
食事	喰う	そもそも何故夜釣りかといえば、暗いほうが魚の警戒心も薄れ、喰いがよくなるということなので、懐中電灯の使用も極力ひかえて、手探りに近い状態で作業をするのだが、夏の夜に港の突堤から釣りをしていると、ちょっと驚くような現象が起きることがある
食事	喰う	寝ても覚めても、居ても歩行(あるい)ても、昨日は今日になり、今日は明日になる、田畑も海山もみなその通り、ここにて薪をたきへらすほどは山林にて生木し、ここで喰いへらすだけの穀物は、田畑にて生育す
食事	喰う	刺身が喰いたいのはとーちゃんこと私のみなので、カマ焼きを作った方が家族受けも良いかも・・と思い直し、マグロのカマ焼きとサバ塩の塩魚ツープラントン攻撃と成ってしまった
食事	喰う	外注先の職方も越智産業からの仕事だけで飯を喰っているわけではなかろうし、ましてやこういう批判が我々(データ・マックス)にまで届く筈はないであろう
食事	喰う	今日だって夜の10時過ぎに喰ったメシが最初だし・・、その前の最後のメシは昨日の昼飯だったし・・、つまり34時間も固形物を摂ってなかったってことだし・・
食事	喰う	彼の国にはゴム蛇は無く、彼らにとって蛇は「喰うか喰われるか」というスタンスで向き合う生き物であるため、リアクションも大きく、傘で巻き取ろうとまでしていた
食事	喰う	一番のお気に入りだったドレスのフリルはところどころほつれ、シルク・オーガンディーの表地は安っぽいアニリン染料みたいに色あせ、高価なアイリッシュ・クロッシュレースは虫に喰われて蜘蛛の巣のよう
食事	喰う	だから正直食べられるかどうか解らなかったんですけど、「取り敢えず喰ってみろ」と母に云われ(姉には「無理して食べなくて良いよ私が食べてあげるから
食事	喰う	夜、台所に出没して病原菌をバラまくゴキブリ、大切なマイホームを喰いつくすシロアリ、食事時のテーブルのまわりをうるさく飛びまわるハエ類、寝静まった頃、ブーンと耳元にやってきて血をすう蚊、人を刺すダニ、アレルギーをひきおこすダニ等、身のまわりにはいっぱい悪い虫がいます
食事	喰う	本当は、喰っているだけでなく、南国の美しい風景や、人々とのふれ合いなど非常に心温まるお話などを書きたかったのですが、さすがにこれ以上長文を書くと世間から嫌われてしまうという英断
食事	喰う	北朝鮮が核保有国になるのを放置することは、韓国を「太った豚」にして、「やせたオオカミ」のような北朝鮮に喰われるように放っておく国家的自殺行為だ
食事	喰う	この根付の猫又、人形というか人魂というかを喰っているんですが、恐いというより、猫又の顔が化け物というより、実は猫そのもので(笑)いやはや「うんうん」と納得というか、何というか(笑)猫好きも深くなると何でも許せてしまう境地に向かうんですかねー
漁業	喰う	今日はソーダガツオ少なかったですが、イサギの喰いは良型サイズ混じりも若干喰い低調でした・・ (今後、状況次第で夜のスルメイカ釣りにも出船予定 朝のイサギ釣りにはもちろん出船致します)
食事	喰う	すなわちクラッ交換社会を、美少女を中心として周囲に渦巻き状に美少女嗜好者を配した蜘蛛の巣構造を呈示し、『中心に待ち構える美少女に捕らえられていま正に喰われようとする虫の如き美少女嗜好者』(p120)として、美少女嗜好者をそうした行動に駆り立てる美少女と彼らの位置づけを明らかにしている
食事	喰う	まんが王のサイトは使い勝手がいいのでよく使わしてもらっているが、ポイント制などの特典がないことと、このお店のある通りが社会的害虫が多いところなので(正確には社会的害虫を喰う蜘蛛か
食事	喰う	よくアブに喰われた、刺されたと言いますが、アブは見た感じハエのように液体を吸う(溶かして吸う)ブラシのような口をしていますがあれでどのようにかんだり刺したりするんですか
食事	喰う	昨年も確認しているが、特に悲惨な場所はそうか公園の池周辺であり、アブラゼミが羽化のため地面に小さな穴を開け地上にでる準備をしているが、その穴をカラスが見つけ、更にこじ開けてほとんどの幼虫が喰われてしまう
食事	喰う	「●×コンサートのチケット、行かれなくなったので誰か買って」とか言ったもので、たいていはプラチナペーパーと呼ばれるものが多く、吊り上げ価格は、ダフ屋からのが激安と思うくらいになってしまう場合もあるので「フグは喰いたし、命は惜しい」状態だ
食事	喰う	横山さんはカミキリ話の合間に、与那国島にはすごい毒蛇がいるだの、西表島のハブに喰われたらすぐに死んでしまうだの、恐ろしげな話を繰り返し、南の島の情報が皆無の新人虫屋は、カミキリは取りたしヘビは怖しで、ずいぶん複雑な思いをしたものです
食事	喰う	乾燥中にゴキブリやヒョウホンムシなどに死骸を喰い散らかされないよう、きちんとフタのある紙箱や桐の箱に展足した標本と防虫剤を入れ、大型個体(ヘラクレスやギラファなど)なら約半年、中型(国産カブトやオオクワなど)で約3ヶ月、小型(コクワガタやアカアシクワガタなど)は約1ヶ月の乾燥期間を設けます
食事	喰う	右図は日没から漁獲までの経過時間別のサンマ消化管内容物充満度 (※日没後5~9時間後は消化管内容物の充満個体の割合が1割以 下であり餌喰いが回避できる可能性が高い)
食事	喰う	暫く反応を探すと又良い反応が見つかり、今度は1投目から大アジが直ぐに入れ食い状態になり、潮が緩むに従い中アジ主体に大サバも交じりダブルトリプルは当たり前の爆釣状態になり、その後も喰いの止まる事無く釣れ、12時前には撒き餌が無くなり爆釣は続いていたが、納竿する事になりました
食事	喰う	このマンガは主人公のおっさんがタダ単にどっかの店に入って飯を喰うだけの内容なのですが、他のものを食ってても何も気にならなかったのですが、この豆寒だけは「あぁ、うまそうに喰ってるな」と印象に残っていたのです
食事	喰う	ワタクシハ、秋刀魚や鯵の干物やなんか骨や頭まで喰っちゃって、定食屋のおばさんに、「なんだろうこのしとは」という眼で見られているくらいなのですね
食事	喰う	要約型の欠点をほぼクリアーしたかに見える梗概圧縮であるが、実用化に向けての課題を問うと、「“加えた”を喰わえた”、“賭けてく”を“駆けてく”、“妖気”を“陽気”にすることですかね
食事	喰う	魔界への入り口からワクワク入れば、古い蛇娘のお峰さんも元気に火を吹いてたし、若い蛇娘の小雪さんもますます妖艶に蛇喰ってたし、大蛇も子蛇生んでるし(いや「コダイジャ」っていう口上はいくらなんでも変ですから)ワンコの曲芸は相変わらずだし、双頭の子牛のミイラもプリチー、オマケの蛇のヌケガラもちゃっかり貰って、これで安心して歳が越せます〜
食事	喰う	もう30数年前になるけど、岩内の水野歯科の近くにあった「おばちゃん食堂」で喰ったカツ丼美味かったな、あの頃、まだ起龍が岩内に在った時代だけどさぁ知ってる
食事	喰う	で、小生、ようかんがえてみると「うどん」は喰ったことがあるが、それってみな「大阪のうどん」で世に名高い、「讃岐うどん」というのは知らないのだな
漁業	喰う	このルアーは、ワッキー掛けにする事で波動が強くなりカバーからバスを引き出し、付いてきただけのバスもそのまま喰わせられるので私は非常に使い易く愛用しています
食事	喰う	喰って、時間割をこなして、ぶらりスケキヨが遣って来て、なんか喋ったり喋りもしなかったりして、チョコでベタベタの指、なめとる舌とぬらぬらの指に、俺はこっそり目を背ける
食事	喰う	始めてシャチを知ったのは、延縄に掛かったマグロを、シャチが皆喰ってしまう、また、シャチが近くにいるマグロを皆追払ってしまったり、さらに、シャチに追われ逃げ廻ったマグロが興奮し、手当たり次第に餌を獲り、その結果、多くの延縄の釣鉤に、鈴なりのように掛かり大漁となる『シャチ廻し』に出会った時であった
食事	喰う	って事なら、江戸の試衛館を畳んで、京へ行く、なんて、屁の河童さ、まあ、武士は喰わねど高楊枝、は、試衛館の連中にゃ、それこそ、くそ食らえ、ってこった
食事	喰う	私はそもそも煙草の葉っぱというものにはニコチンという毒があるのだから、虫は食べたりしないので農薬系は必要ないのだとなんとなく思い込んでいたのだったが、19世紀当時からそれをやる行為が下品の最たるものと思われていた噛み煙草のように、煙草の葉っぱを噛むのが好きな虫がタデを喰う虫のようにいるのかもしれない
食事	喰う	それで、味噌にまぶして喰ったり、あるいは、ひやし奴豆腐にそえたりするためにきざんだりする時、阿呆になるな、と呪文のようなことをつぶやいてみるのだが】この作品を読むと、山菜など、土の臭いを思い出させてくれる食べ物の素晴らしさが分かります
食事	喰う	で、その方が「あんなに沸いてくるのにジャミ入れんと喰わんとは、横着な奴っちゃ」・・・といつも言うのだけれども・・・ジャミを入れないと見向きもしない魚が横着な奴なのか、餌を入れないで魚を釣ろうとするその人が横着なのか・・・・果たしてその真理とは
食事	喰う	「さぁて、これで大体の後始末も終わったし、晩メシのステーキ喰ったら久々にクラブでも行ってパァ~っと遊ぶかサム♪ほら、情報収集してた時に協力して貰ったサヤってぇ可愛い子ちゃんが居たろ
食事	喰う	シェフ出身の資生堂パーラーでも何度も食べているという 喰い弁 さんのレビュー、やはり洋食シェフにフレンチを求めるのは無理があったと反省し、本来の洋食を食べてみようと再訪してきた
食事	喰う	大西洋の礁、250mの所でクロマグロに喰わすと、途中で縄が出なくなり、お爺さんの言う砂喰いマグロと同じことが起こり、海底に激突して脳震とうを起こし、動かなくなっている
食事	喰う	さん主催のマーキーズツーの開催が決定しました^^ なんとか天気も夕方までは持ちそうなんで、行きます^^w 私とマッキーさんは8時に草津PAで待ち合わせして、京都の集合場所まで行きます^^ 明日はオムライス喰ってきまぁ~す^^w ツーレポお楽しみに
食事	喰う	等と考えつつ、昨日の晩は、風呂入って、ビールのあてに餃子喰って、「鶴 + 龍」視て、そうそう、先週偶然視てはまってしまった「真 ゲッターロボ」も視て、それから寝た
食事	喰う	のってHIP HOPやった、このHIP HOPでメシが喰ってけたらエエなって、だが元々好きだったダンスは下手だった、とってもじゃないけどこれでメシを喰ってけるとは思えんかった、やっぱHIP HOPじゃ無理かと思ったその時、歴史は動いた、
食事	喰う	特に〝根こそぎ〟をやらかすヒョットコが多い川ではサカナに喰われずに生き残った水生昆虫が大量にハッチする、大量に水生昆虫が飛び交えばそれを狙って野鳥達が多く集まってくる、という訳です
食事	喰う	持ち帰った3匹の幼虫は、帰宅後確認すると、私の採集した初令がしきりを越えて隣のスペースに移動しており、他の幼虫に喰われて頭だけ口にぶら下がっていた・・・
食事	喰う	他の者は 自分の皿に亀虫が居ないかとびくびくもんで皿を明かりに照らす、すると虫が飛び込 む、虫に飛び込まれまいと暗闇のなかで喰う、実は蛾とか入ってんじゃ無いかと例え 様もない不安に襲われて明かりに照らす
食事	喰う	● バイキングの王子を演じた(身長193cmのチェコスロヴァキア出身の俳優)ウラジミール・クリッヒが圧倒的に素晴らしくて、アントニオ・バンデラスを喰っている
その他	喰う	私の方は正客を見ながらやればよいと安心していたのに肝心の正客が舞い上がってしまったのでこちらも大いに面喰い、にわか勉強で覚えたことが吹っ飛んでしまいました
食事	喰う	俺がこないだサポ上げしててまいったのは全身種族装備で食事にメロンパイ(食べちゃったwとか言ってた)喰って開幕インビン(ミスwとか言ってた)かましたエルナイト
食事	喰う	電車の発車時刻まで間が無いので、先ほど見かけたメスナーが入っていったスーパー(田舎のよろずや)で食い物&ビールを購入電車の中で喰いながら帰ることにした
食事	喰う	昨日と今日の晩は、家で「自炊もどき」でした 「もどき」ってのは肉を焼いただけなもんで・・・ 理由はカンタン 給料前で金欠でした それに外で喰ったら、基本的に野菜が足りないですしね 冷蔵庫をあさ
食事	喰う	某有名ラーメン店に行ったとき、寒い中、客を外に待たせて「いらっしゃい」でもなく、店の都合で勝手に「そこに座れ」と言われ、注文してもろくに返事もせず、黙ってラーメン喰って、金払っても「ありがとう」でもない
食事	喰う	あぁ、続きが喰いたい・・・喰いたいと思いつつスーパーに足を運んでみるも、やはりそこには水あめやら保存料やら化学調味料やら何とかエキスやら・・・そんなものしか入っていない、口に入れるのも恐ろしいものしか置いてない
食事	喰う	住吉漁業(株)のお爺さん・四宮正太郎さんが『砂喰うクロマグロとか、牛の一突き』など逃げ方のことを良く話して呉れたが、これは死ぬ事に大いに関係あることが分かった
漁業	喰う	一昨日、田ノ浦・外向きに太刀魚釣りに行きましたが、アタリが1回だけでそれも、喰い上げなので、アワセることができずにアタリが少なく、早めに終了しました
食事	喰う	後輩のUきは、深夜らあめん(チャーシュー麺中盛)喰った後ハーゲンダッツやコーラ(一応ゼロ)をやる“先輩の”私に向かって「ほんと、ダメな大人ですね」とか言ってきたりします
食事	喰う	反面ビデオシネマやピンク映画等の低予算の現場では、350円位の「のり弁当」が出される事も有りますが、取り敢えずメシだけはチャンと喰わせてくれます
漁業	喰う	ま〜乗っ込みの大鯛を狙うのには少し遅いですが、産卵明けの大きいのが喰ってくれれば、ラッキーてな感じで・・・・さて、明日は鳴門の真鯛ちゃんは遊んでくれるのでしょうか
食事	喰う	初トビウオの刺身だったようでモッチリとした旨みに感激されて、機会があれば隠岐島に‘トビウオウォッチング&海の幸喰い倒れツアー’に行こうと盛り上がりました
食事	喰う	コースの全長を勘違いしていた事に気がついて、燃費の心配をした結果、第2ミニゲーム(カップヌードル早喰い競争詳細は内緒)で、熱湯の入ったカップヌードルを頭からかぶり
食事	喰う	離婚事件で親権者争いに直面するたびに、また、争いが子どもの利益のためではなく親や「家」のために親権を争うという様相を呈してくると、「饅頭喰い」の話しが私の頭をよぎっていく
その他	喰う	(自身の手から滑り落ちる刄は音を立てて地にるが耳は其の音を聞き取る事は無く、繰り出された最初の一打を痺れ始め自由の制限された左手で受け止め横に流すが、次は右手が挙がらずに小さく舌打ちして顔面に喰い、体は揺らぐが姫将軍としての精神が土に塗れる事を潔しとはせず直も両足で大地踏みしめ)
その他	喰う	シノの寄壊蟲たちが空忍の空母を喰い散らかしちゃったみたいなんですが、どう考えても金属に見えてしまうあの空母を時間稼ぎをしたとは言え、三隻も喰い散らかす量の蟲を用意できちゃったんですね
食事	喰う	『 享保17年(1732)は閏(うるう)五月から雨降ること50日、12日の大洪水に多くの堤防が決壊上に、6月の末から、うんかが発生し始めました、7月になり、虫おびただしく抜けて太くなり、抜けがら水に浮かみ候を見れば小ぬかを水に浮かめしごとく、虫は長稲の根より葉までひし取り付き喰い申し候故、一夜のうちに草田枯れ申し候
食事	喰う	死去前日も、社員と共にカップ・ヌードルを喰ったというこのオヂサンのことを偲び、Elvis Costelloがカップヌードル王を悼む人々の声に応えたというわけで
食事	喰う	ってな感じでさっきCASPERと一緒に、HIYOKOBRAND代表の山科さんに焼肉をごちそうになりに行ってきました〜★(体格的に、めっさ喰いそうなメンツですな〜笑)
漁業	喰う	やはり志津川は難しい、と言うかカレイ釣りは難しい、喰いがいい時は初心者でも簡単に釣れてしまいますが、渋った時は手をつけられないほど難しい、逆に言えばそこがカレイ釣りにハマル要因なのでしょう、渋った時にどう対処すればよいのか
食事	喰う	どうと言う事のない、普段喰ってる物の話で、特にあそこの何が美味いとか、あそこのシェフはこういう工夫をしてるぞ、とかいうウンチクグルメの話ではない
漁業	喰う	どうもここいら辺には小アジの群もいるらしく、船長は「いつもキスばっか喰ってるからアジ釣って遊ぶんだ」とか言ってサビキ・アジをやる一方でしっかり片手で操船しながらキス釣りもやるというかなり器用な事をやって遊んでいた
食事	喰う	・「教室博日記」に「ムカデを喰うアリ」、「サムライアリの奴隷狩り」、「クヌギの木 その後」、「トンネルにヒキガエル」、「道路を横切るイシガメ」の記事を追加
虫	喰う	祖母が、あまり蚊に喰われない人だったのか、 台所には網戸はなく、台所と茶の間の間のガラス障子を 夏の間網戸に変えると言う構造になっていたが、 クーラーを使う様になってその網戸は物置にしまわれたままになっている
食事	喰う	そのふたつのケースを隣同士に置いて互いに見えるようにしておいたら、グループのほうはケンカしながらも互いを傷つけあうことがないのですが、1匹で飼っていたコオロギをグループのケースに入れてみると、なんとそのグループのコオロギを喰ってしまったそうです
漁業	喰う	自然界では水生昆虫・小魚等を捕食しているようですが、へら鮒釣りでの喰わせ餌であるウドン系餌を捕食して釣れたのですから、まぁ雑食で食事は『オイカワ』と同様に何でも捕食しています
食事	喰う	ちたら煮(に)てくを、煮ても焼いても喰われぬものは、五徳(ごとく)、 鉄(てっ)きゅう、かな熊(ぐま)どうじに、石熊(いしぐま)、石持(いしもち)、虎熊(とらぐま
食事	喰う	「カブトムシ喰いてぇ」とかは別として、こういう「音声」にきちんと対応し気の利いた台詞を返してくれるくらいには進歩してもらいたいですよ、近い将来
食事	喰う	流れのゆるやかな淀みや淵にまとまって群れていることが多く、底石上に生える付着藻類から水生昆虫、陸生昆虫など何でも喰う貪欲さが外道たるゆえんとなっています
食事	喰う	半年以上も飼育者の都合や間違った判断で育てられた犬は慢性の飢餓状態に陥っているので、「犬は食わせれば食わせるだけ、際限なく喰う」等と云うことになる
漁業	喰う	若干浅めで喰ってくるサイズは小さめのようでガンタッチのサイズをJ3に変え、少し撒き餌の位置をずらして撒き餌と遅めに合わせる感じで探っていくと型が揃ってきた
食事	喰う	早速投入、すると即反応、かかってきたのは小さな花鯛、何度か掛かってくるのは小さな花鯛・・・・・・その後は完全に喰いが落ちてしまいいつの間にか終わりの時間
食事	喰う	出張先で職員室の壁に貼ってあった弁当メニューを何気なく見ていて、どのくらい食べられるかという話題となり、「ちらしそばセット」892円がボリューム満点ということで「晩飯喰った後で3つはいける
食事	喰う	三度目も同様な結果になり、どうやら隣国から輸入した薬は、質が悪いと判断して、今度は米より麦を喰ってるのに米の国の酋長に話を通して薬を譲って貰った
食事	喰う	でもそういうわけにはいかない(みんなそれで飯を喰っているんだから)「じゃ、格安ってことで頼むのでお願いします」と言ってパネル用のデータをさっきメールで送った
食事	喰う	夜半に与えた餌を確認したところカエルは喰ったようだが、青虫は籠(仮作りのダンボール)の餌箱から這い出して、あたり一面青虫がウヨウヨ、青虫は喰ったかどうか確認できなかった
食事	喰う	ホント美味しいつけ麺だったのですが、非常に申し訳ないことに、1軒目の『龍横健』の大量喰いがたたり、あと一口というところで、どうしても食べれず残してしまいました
食事	喰う	俺の頼んだ「ゴボ天ウドン」などは、ゴボウの量が大変なもので、喰う度にゴボウの味と天カスが汁に染み出て、元々、鰹節とイリコの出汁がしっかり出ているところに、旨味がどんどん強くなった
食事	喰う	朝、柿の木上部の葉が虫に喰われているので「高枝切り」で取ってみると「毒毛虫」、3mm位の時は集団で葉の裏だけ食べ葉が白くなり、葉をちぎり、まとめて退治したが、高い所のは気が付かなかった
食事	喰う	)、しかもアル中、更には喰いっぱぐれて、年金暮らしの老いた両親の元に娘共々寄生と、50にもなりやがって、人間的にはクズと言うしかない友成純一だが、書く物は相変わらずさえてる
食事	喰う	それとも女王様の寝棺の中に秘め置かれた髪切虫か、※河馬(アマム)にも喰われず、太陽神(オシリス)にも叱られずに二千年後の今日(こんにち)、輪廻転生(りんねてんしょう)の道理に恵まれて、呼吸(いき)を吹返して来たものか、その辺のところがサッパリ判明しなかったが、やがて間もなく、そんな事はどうでもいい事に気が付いたので、髪切虫は一層、朗かになった
食事	喰う	20世紀になり、中国をよく訪れる人でも、よほどの下手物喰いか世間体を気にしない人が口にする以外、表だって犬料理を食べる機会は減りましたが、犬肉は体を温めたり、冷え性、また心臓にも効能があるなど、古来より理に適った食材だったのです
食事	喰う	連中は一週間ほど元気に涼しげな合唱を聞かせていたが、餌の管理が悪かったのか虫同士が互いの喰い合いを始めたようで、気がついてみると虫の破片が飼育箱の底に残っているのみであった・・・
食事	喰う	コカトリス、洞窟グモ、ひとつ間をおいてラッカー、インプ、ラッカー、 さまよう目、コカトリス、ホビット、ひとつ間をおいて巨大蟻、コカトリス、 ひとつ間をおいて青色ゼリー、岩喰い
漁業	喰う	すると、1分も待たないうちにイサキ特有のククッというアタリが訪れ、ゆっくりと追い喰いを期待しつつ巻き上げてくると、ダブルでイサキが掛かっていた
その他	喰う	お前らがアホで守銭奴なのは結果さえだしゃ見逃してやっから早く何とかせーよ、ってのが民意とやらの本音のトコじゃないっすかね、オレに言わしゃ政治家なんぞ国家に対する原初にして最大の奴隷でイイトコ名誉職だから泥かぶって糞喰ってうまく行けば後世の教科書で称えられるくらいだってぇの、ソレが嫌ならハナからやんなクズってとこ
食事	喰う	戦後間もない食糧難の時代、喰い扶持の少ないことを逆恨みした住み込みの門人によって、妻・三男・女中二人とともに自宅で惨殺された( →「片岡仁左衛門一家殺害事件」を参照)
食事	喰う	喰うどんな情報サイト映画91075年月日電子タグランキングを実施について平成10人 会員一覧地下鉄丸太町南山城村京の歌に健康釣りマン研納涼床京都市下京区京都線・賃貸シリーズ礼金、駅 平成年月日新たな庭園を
食事	喰う	朝と昼を兼ねた飯を喰い、テレビを観てからスーパーに行き、帰ってからは読書と昼寝、夕方からは「男の手料理」をつくって気晴らしをして、テレビを観ながら飯を喰い、長風呂に浸かってから蒲団に入る
食事	喰う	しかし、その当時に、当時には御馳走と思われた牛鍋(ぎゅうなべ)や安洋食を腹いっぱいに喰って、それであとで風邪を引いたというはっきりした経験はついぞ持合わせず、従ってM君の所説は一向に無意味なただの悪(にく)まれ口としか評価されないで閑却されていたのである
食事	喰う	で、写真は、多分、キイロホソガガンボ(葉っぱにとまっている/幼虫が麦の根っこを喰う)、マダラガガンボ(ウチのドアにとまっていた)、そして最後の交尾中のアシナガバチ風の模様の個体は何だか分かりません
食事	喰う	伊澤さんが鯛釣ったぢゃん・・・チャリコヾ( ̄▽ ̄; 暫くして自分にも様子の違うアタリ・・・明らかに小さくて・・・あんましきっちり合わせられなかったけど、どんどん喰い上げてくるんでせっせと手繰る・・・かわはぎ
食事	喰う	ちなみに今日はマニアックな友人が同行、彼のクルマで次に着いたのは「エスパルスドリームプラザ」ここの寿司屋は日本一、寿司喰いねぇ〜♪おまかせにぎり、1050円
食事	喰う	その一環として、湯布院映画祭や音楽祭、牛喰い絶叫大会などのイベントを積極的に行い、また「地元の人達にとって住みやすい町こそが、訪れた人にとってもよい町である
食事	喰う	だけんども、その後、加賀屋でスタミナ焼き喰いながら、ホッピーをぐいぐいやってると、いろいろ反省したりして、大人って駄目なんだか良いんだか分からないっすね
食事	喰う	釣果が左右されるか否かは定かではありませんが爆釣寸前状態の生湯海岸マメヒラ、この日アタリも疎ら、喰いも渋く各島全体で15尾~20尾程度の釣果でした
食事	喰う	昼に雪解けの寒さに震えたせいか暖まる食べ物が欲しくなり作った牡蠣雑炊の余りを喰おうと思い出したら、美味そうだからそっちもよこせと息子に言われ、雑炊の余りは息子が処理した
食事	喰う	僕は約8時間立ったり座ったり笑ったり煙草吸ったり飯喰ったり前に座っているD&Gと書かれているデニムシャツを着ており僕の4倍しゃくれた茶髪ロン毛学生(しゃくれ&ガッバーナ、S&G)に対するお前髪の毛フサフサさせるなアプローチしたりしながら過ごす
食事	喰う	これは本流の中で喰って磯際で暴れまくる尾長メジナ、この時期最も旬のクセして口のまわりがとってもデリケートな抱卵イサキを狙っていくとっても重要な竿の性能です
漁業	喰う	(でも今日はアタリなし・・・)そのポイントで喰ったアジに1kgちょっとのヒラメがくっついて来たり、本カワハギやマダイも交じったりと色々なアタリも取れましたよ〜
食事	喰う	色々文句云うのも勝手だけれども、ナンシー関自身、‘芸能界にいちゃもんつけるヒト’というポジションをウリにしていたワケで、結局は芸能界の外縁でメシを喰ってた人なのである
食事	喰う	ヤコペッティのお得意手法モンドすが、世界残酷物語では日本の食文化として蛇喰わせる店が紹介されておりまして、このシーンを見た素朴な土人の国の人は皆日本は蛇を食う国だと認識しておられました
その他	喰う	[芸+] 【音楽/下半身】なぜかモテる無名バンドマン のっちとお泊り・モデル達と乱交・可愛いファンを現地妻に バンドマン喰いの大物アイドルも [Google]
食事	喰う	まさか有田の乞食婆の喰っていたあの唐辛子のかかった真赤なうどんと、ポツオリの旗亭のトマトのかかった赤いスパゲッティとの類似のためであろうとも思われない
食事	喰う	あまり喰わない戦法だと2万円でやり過ごすことはできるかもしれないけど、1日3食×2人分で栄養面も問題なく且つ2万円以内でやりくりするのは大変そうだ
食事	喰う	未来のお菓子として知られる第一パンのほっとケーキですが、まぁそれはどうでもいいわけで、ニューロエイジでも登校途中にくわえパンで走ったりとか学校の帰りにハンバーガーとか喰うのかしら
食事	喰う	午前便のタチウオ好調です、メーター級も混ざり喰いもよくまずまずでした、午後便の青物は駄目でした、チヌの40cm前後が2匹でした、南西の風が強く波も高くなり釣りずらかったので気の毒でした
食事	喰う	もしや持ち込み禁止なのにビーフジャーキーやスルメ喰いながら2リッターの水ガブガブやって「お、いい出汁でてますな」とか言ってたのもバッチリ見られてますか
漁業	喰う	釣り始めると1投目から当たり出すと直ぐに入れ喰い、全員の棚が合い出すと良方のイサキが釣れる度に、ダブルで上がり出し爆釣状態になり、12時の潮止りまで喰いの止まる事無く釣れ、釣る人60匹前後と今日は超大漁になりました
虫	喰う	それとこれも初年度なんですが、ここにちょうど虫に喰われた跡があるんですが、こういうふうに、想像していたことなんですけれども、かなり大量の虫が発生して被害にあったということになります
食事	喰う	『バンドの練習帰りにいつも俺(石井氏)の店の冷蔵庫のビール全部呑み干して帰った』『おまえのツケのおかげで店を閉めた』『すき焼き5人前喰って、ラーメンの出前たのもうとした』、、、
食事	喰う	江戸っ子としては「蕎麦なんてものはのどごしで喰うものなんだから、噛んじゃいけねぇ」とか近所のオッサンによく言われたけれど、霧下そばは噛むと蕎麦の香りが強くなって美味しいとか聞いたんで、しっかりといくつかのお蕎麦屋さんを巡って、たぐってきたいと思います
虫	喰う	では、今夜からはガジャンも寄らないよッ」と言い、喜びを表現したし、また、愛し合って、首筋や胸元などにキスマークがつくと女子「ガジャンの喰えッ=蚊の喰い跡
食事	喰う	ピーカン続きで出現率の低かった近所のホタルもいよいよ見頃かと思い、さきほどチャリンコで見回ってきましたが、見えたホタルの数よりたくさん蚊に喰われて帰ってきました
食事	喰う	今の世の中、2、3日に一回しか大便をしない便秘勝ちな人が多いらしいが、私の場合は喰ったら喰っただけ、日に楽勝で3回は催すので、次に期待しつつ、昼過ぎに寝る
食事	喰う	「親鸞聖人そば喰いの御像」というのは、親鸞が毎夜比叡山を下り、六角堂に籠っていた留守中に蕎麦が振る舞われたが、親鸞の自刻像がその蕎麦を食べ、誰も不在に気付かなかったといいます
食事	喰う	このあたりは繁華街ですから、メシでも喰ってからという場合は、降りたところから市電通りを渡って目の前の大きなデパート「山形屋(やまかたや(濁りません)」の前のバス停の何本かあるうち「市内共同バス停留所・鹿児島駅まで」という停留所で「北埠頭行き」バスの時刻を確認してから食べてください
食事	喰う	もちろん、一番は、虫に弱いことです、原因は私はよく分かりませんが、特に赤松(地松)は、切時が悪い材料は、後に白地部分によく虫に喰われた跡を見ることがあります、十分注意する必要があります
食事	喰う	擬態にしても「毒のあるスズメバチに似た姿のものが喰われにくいから生き残った」というのは なんだかな〜であって、「スズメバチが黄色と黒の縞になる方向性を突然持つならば、その他の 種の中でも黄色と黒の縞になる方向性が発現してもおかしくない」と考える方が自然だろうと
食事	喰う	昼は「Nアルチェントロ」の生パスタを、そして晩は上司や先輩たちとともに桜ノ宮にある「でん」というふぐ料理店でコースを喰ったという、食事に関しては非常に充実した1日であった
食事	喰う	当時は食べるために動物を飼うことは禁じられていて、狩猟したシカやクマや野鳥などについては、「薬喰い」といって、 病人の体力回復のために少しずつ肉を食べてもいいと認められていました
漁業	喰う	この前からアジの喰いが悪かったので今日の釣り物を色々と考えたのですが思い切って昨日海えびを取ってきて今日は小さいながらマダイが良く釣れて良かったです
食事	喰う	3月8日 海上時化て途中臨時休業あり一週間ぶりに渡船しました、海域は北寄り北風強く波高いです、南寄りは穏やかで二人タコへ渡しました、釣果メジナ25センチ~38センチ9匹から11匹、良型のメジナ観えるが水温低下で喰い渋る
食事	喰う	ただ残念なことに、以前は替え玉無料で喰い放題だった(ポクは平均4玉喰ってました)のが、「大盛り御注文のお客様は2玉or3玉、それ以上の替え玉は150円頂きます」を経て、「替え玉は50円」になってしまいました
食事	喰う	で、そのままおんじの検査に付き合って、喰わねばへたるぞと飯喰わせて貰って、一人になるなと付き添われながらDVD見て、漫画読んで、やっと平常心を取り戻しつつある
食事	喰う	いよいよ勢いづいたオレは、次いでレモンの汁をほとばしらせ、端面に芥子を塗り、たまに卓上に置かれた岩塩(ペッパー・ミルに入っていて、じぶんで挽く)やショーユを使い、と、さまざまな方法で喰ってみる
食事	喰う	ジルバなどのミノーシェイプが、広いS字幅のスイミングで魚に追わせて喰わせるのに向いているのに対し、チャドSは短い距離と激しいアクションでバスのスイッチを入れます
食事	喰う	一部学者によると七百兆円を超す長期債務の三分の一強は金融資本を始めとする大資本が延命・「発展」のために「喰った」額であり、また三分の一は公共事業の名のもとにバラまかれた額に相当すると指摘している
食事	喰う	我が家の梅の実は、完全無農薬なので虫が喰っていたりであまり綺麗ではない、それに肥料など全くやっていないので種類にもよるのだろうが、あまり大きくない
食事	喰う	大地を守る会の会員の農家の人たちは、農薬を使わなくても、ちょっと虫が喰った野菜でも、ちゃんと買ってくれる人がいると知っているから、こっそり農薬を使おう、という気持ちはおこさない
食事	喰う	かつて、「貧乏人は麦を喰え」と国会で怒鳴った総理大臣がいたらしいが、その名の通り、見るからに福福しい福井氏は、ローンの返済に苦しむサラリーマンや一般家庭の気持ちなんて分からないだろう
食事	喰う	※ライブ・ベイトの際は、カジキがベイトのカツオを喰わえて泳ぎ始めると、ラインに抵抗を与えないようにしながら充分にラインを送り出します(ドロップ・バック)
虫	喰う	白い幼虫は見つけにくく、ムシに喰われて出た粉を丁寧にはたきおとしていたら準備に結構時間がかかってしまい、そのうえ、ゆでながら取り残したムシが浮いてくるのを掬い取っていたら、素麺がのびてしまった
食事	喰う	弥兵衛は足の親指を動かし乍ら夜食を食いしまう、お妻は顔を真赤にして、鼻でスゥスゥ、尻をもじょもじしている、弥兵衛も喰いしまい、膳を突き出す、下女次の間へ持って行く、お妻は目を細くして顔をあげ、
食事	喰う	病的な人はあれがカブトムシの幼虫に見えて、それを喰ってカブトムシの幼虫の味を占め、そして実際のカブトムシの幼虫とを食べ比べてみて、そこで幼虫の本当の味を知ったり、カブトムシの幼虫の体液は何色だとか、カールみたくしょっぱくなくて実は少し甘味があったりとか、そういう通常では到底奮い起こせないような行動力とか想像力を、俗に云う「異常」的な価値観はそれを発揮させるんだ
食事	喰う	」と思っていたのが、あとは漬け物しか残ってないということに気付いて初めて、紅茶を飲むのも忘れて喰っていたことに気付いたぐらい、一気に喰ってしまえるほど美味かったのである(笑)
食事	喰う	部屋の窓を開けるときには、ベランダで蚊取り線香を炊いたり、網戸に虫が寄りつかなくなるというスプレーを吹き付けたりしていたのですが、いちばん喰われやすいのは散歩の時では
漁業	喰う	魚の喰いが立つ朝マズメの一刻も過ぎ、さて、これからのんびりモードで海でも眺めながら、午前の時間を過ごそうと思っていたところ、沖から一隻の漁船が入港してまっすぐこちらのほうへ進んできた
食事	喰う	残念ながら「ブドウ」と名前が付いていても食べられませんが、虫たちにはおいしいみたいで、虫瘤ができてたり、葉っぱに喰い跡がたくさん残ってたりします
漁業	喰う	喰わせは繊細なカワハギ釣り同様ですが、カワハギのようにアグレッシブにエサを取る感じではないので、じっくりと喰わせなければならないところはちょっと違いました(活性が高いやつは高活性なカワハギ同様向こうアワセでも掛かっちゃいますけど)
食事	喰う	送り狼にはじっと相手が転ぶのを待つというものだけでなく「後ろから飛び掛かって転ばせて喰う」という伝承もあるので、無理矢理転ばせて「戴きます」な展開とか
食事	喰う	」とかのカサゴからの変化を分かり易く捉えられます、カサゴはなかなか離しませんし、ワーム自体をしっかりと喰わえさせないとフッキングしませんので「コツコツ
食事	喰う	そうなると、生徒会内部で非協力的だとの吊し上げを喰った上、分派工作を行なう裏切り者扱いされて、同じクラスの生徒による監視まで受けるようになってしまった
食事	喰う	昨日の沢にも居たが、ここにも石の裏に大人の小指程の恐ろしくでかい芋虫のような川虫(まるでカブト虫の幼虫みたいだった)がいて気味が悪かったが、使ってみるとそれなりに喰ってきた
食事	喰う	店内に残ったのは俺達とオヤッサン、カウンターの隅でビールをちびちび飲っている(つまみにチョコレートなんか喰ってやがる)小太りの中年男、そして、今入ってきたこいつら・・・
食事	喰う	というわけで、近いうちに喰いに行かなきゃいけない義理ができてしまったんだけど、ファミレスに男二人で入ってパフェを喰えるぐらい男らしい俺といえども、さすがに一人でイタリアンレストランに入ってメシを喰うのは抵抗がある
食事	喰う	店のオバチヤンに大きな海老天が旅の想ひ出になるから喰え喰えと強く奨められたのだが、それ程空腹でもなかつたし第一、私は蕎麦を喰ひに來たのであつて海老を喰ひに來たのではない
食事	喰う	1000人も自分の子がいるのに、他人の子をとって喰ったという鬼子母神に、釈迦が説法をして改心させるのですが、そのとき、人の子を食べたくなったら柘榴の実を食べなさいというものでした
食事	喰う	妖怪にはなれないし、碌に働きもしなければ喰ってゆけないし、パンク・ロックで唄うのは趣味じゃないし、悪人をばったばったと斬り殺す訳にもいかないし
食事	喰う	日本人とは不思議な人種で、既に輸入されている在庫肉に「BSE・フリー」であるという何の保証も無いのに気楽なもので、「喰い納め」とかでものすごい数の客( 臨時吉野家族と言うらしいが )が店に押し寄せ、他の牛丼業者もお陰で安心して相伴に預かり、暫く日本では牛丼が食べられなくなるが、その宣伝効果は政府の肝いりで、金額に換算できないほど大きなものになったはずである
食事	喰う	くまをまねて、スプーンを躍らせて魚を気を惹き、追って来させてワンアクションで喰わせるというのを何匹かやって、もう飽きた、やっぱりニジマスが釣りたいとルアーをココニョロに戻しました
食事	喰う	トコさんの演技は、「柿喰う客」という、ちょっと不思議な世界での芝居しか観た事無かったんですが、今回は、また違ったトコさんを見ることが出来たと思います
食事	喰う	com/) 大自然の中でのびのび人生を楽しんで料理を作ってました 料理人の理想像がそこにはありました 僕も年を喰ったらペンション立てて、ゆっくり料理を作って楽しみます その為には体の動く今を必死で働きたいと思います
食事	喰う	パン喰い競走ではスタートの合図と同時に鯉のぼりパンに向かって走り出し手を使わず一生懸命パンを取る姿が見られたり、園児の手形を切り取って鯉のぼりの鱗にした手作り鯉のぼりバトンを使ってリレーをしたりと、園庭で優雅に泳ぐ鯉のぼりに見守られながら運動会を楽しんだ
漁業	喰う	マグロが野菜を喰うとは、と思うかも知れないが、カツオも、腹が空の青いカツオは餌付きは悪いが、腹一杯のカツオは口から餌を吐き出しながら無茶苦茶に喰って来る
食事	喰う	目的のものはなかったが、代わりのものを購入、お好み焼き屋でだらだらもんじゃ焼き喰いながらちょう錬金してぇとか唸り、時間になったからねっ君と別れてダイビングの事務所に突入
食事	喰う	」かなり気合い入ってます)、風呂に入ったり(シャワーで遊びまくり)、晩ご飯(冷やしラーメンでした)を作って(途中でいっしょにつまみ喰いしまくって)、いっしょに食べたり
食事	喰う	我が家に来てから1週間、あの手この手で気を誘っても身動き一つせずに前方直視で固まっていましたが、今日は頭が少しずつ下がり、ボソボソと餌を喰い始める
漁業	喰う	アフタースポーンでバスが少し見えましたが喰わせられなかったのでオーバーハングのシェードのバンク沿いにノーシンカーをキャストするパターンで500~800gフィッシュを10尾くらい釣り、帰り際にシャローフラットもやって見ようと思いヘビキャロで冠水植物のあるスロープのそばのシャローでやっとナイスコンディションが釣れました
食事	喰う	これが実力の無い人物なら途中でしくじって哀れな末路を辿る事になるのだが、袁紹はその死を迎えるまで常に(主役になれない事から起こす)そのリアクションは主役を喰うもので、そしてその結果引き起こされる次のイベントに於て必ず本命に挙げられている事から(後漢騒乱を鎮め、次の王朝を築くだけの)覇者の資格・実力は確かに持っていたのだ
食事	喰う	別に食って悪い事は無かろう、普段口にしてる加工食品なんて元はなんなのか 解らんもの多いし、実は既にウパも喰ってるかもしれんし、 自分もあのプニプニした触感や見た目で蒲焼にしたら美味そうだとか思っちゃったしな
食事	喰う	夏目漱石の『吾輩は猫である』(1905年)そやけど、粋人を気取るハイカラ遊民・迷亭が「うどんは馬子の喰うもんや」とうそぶき、上がり込んや苦沙弥先生宅で勝手に蕎麦の出前を取って一人で喰う描写があるんや
食事	喰う	途中誘惑に負けて大久保駅前のパン屋で食料を購入したり、その後加古川の河畔で座り込んでそのパン喰っていたりしたため、前半とほぼ同じ距離を1時間以上余分に費やすこととなってしまいました
漁業	喰う	1月9日 今日も北寄りウネリ高く南寄りタコ、タナへ渡す、サヨリ一面に観えたきました、サヨリお土産に38センチ前後30匹余り釣ったそうです、アジも23センチ~32センチ入喰い、メジナは37センチ前後で小型は入れ喰い
食事	喰う	結構な値段が付いた「牛とろ丼」を頼んだ所、なんか焼く前のハンバーグのような楕円形の 物体が載った丼が出てきました(T_T)醤油かけて混ぜて喰ったら美味しかっただけに、この 見かけを何とかして欲しかった
漁業	喰う	22日かぶせを予定のため、昨日撒き餌をしておいたのですが・・・・ 何故か、ふぐが邪魔をして 本命のチヌ・アイナメは余り喰ってくれず チヌ4匹・アイナメ3匹・キス2匹・ふぐ多数大変 寂しい釣果となりました Mrさん、最後がこんな結果で・・・・
食事	喰う	6ノットに加速している・・・2時間ほどやった頃、水の子島方面に出漁していた漁船が接近して減速・・・「喰わんろうが」・「潮が速えェと潮が跳ぶんじゃあ」と進言してくれた・・・極端に速い潮流では湧昇流が湧かず、潮流のまま通過するから魚は居ない・・・これが、真相・・・
食事	喰う	一番のお気に入りのコッペパンである、ヤマザキの「イチゴジャム&マーガリンコッペパン」と、「ヤクルト300V」がスタンバイしてます^^これ喰って明日も頑張るぞ~
漁業	喰う	10時位からトシキ船長と新しい甘鯛の喰い目探しの旅に~ あっちウロウロこっちウロウロで叩きまくり んで、めぼしー感度発見君で甘鯛ゲッチュ~
食事	喰う	「バスがかわいそう」という気持ちを抱くことは、きわめて自然なことであるが、それならば、「本来いなかったバスがいることで、それによって喰われている魚たちの気持ち」はどうなるのだろうか
食事	喰う	いろんな意味がありますが、金の頭でお金が貯まるとか、めでてー魚です、大公サン(豊臣秀吉)以降、鯛が、めでてー魚になりましたが、御喰い初めといえば、金頭でした
食事	喰う	誰もが思わずワームを投げたくなる超スローな展開を、ハードベイトのリアクティブな動きとリアルなフォルムで攻略する、「魅せて、喰わせる」スモールシャッド
食事	喰う	今日五月三十日のおキュートンチケットがあはつばいされたがあかんばいしたらしいいいいいいかってない人間がいたらあ僕のところにこいいいいい喰ってやるぞおおおおおそれとおじんぼう町でえニンブンノゴリーダー作ポテト少年団主演のおバッドバースデーみたあああああ増谷くん鬼奴アホマイルド楽しそうにやってたなああああああしたもやるらしいからあみてない人間いたらあみにいくんだあああああああ
食事	喰う	天敵利用学はこの害虫管理学の中に位置し、自然界の「喰う者と喰われる者」という食物連鎖の関係を農業体系に組み入れて、総合的害虫管理を推進する理論と実践の学問です
漁業	喰う	始めシーバスの喰いが悪かったのでメバルを狙うとテンプト・ベビーフィッシュのジグヘッドリグでいいサイズのメバルを釣り、その後シーバスはタブジグソルトで釣られました
食事	喰う	うちの親父はカツオが好きで、シーズンになると毎晩カツオの刺身喰ってました(^_^;) うわ~、毎日、毎日、気持ちわりぃ~ よくやるよ~ って思ってたら、自分がそうなりました(笑) やはり、こういうのもDNAなんでしょうかねぇ
食事	喰う	さらに今年の始め辺りから、夕食喰った後に南京豆パリポリ喰いながらコーヒーを嗜むのが日課となっていたのだけど、この日々の南京豆パリポリがトドメをくれたのではないかと反省する今日この頃である
漁業	喰う	タカベは、大きな反応が見えたが潮が速くて喰い今一つで18~25cmを0~9匹、アジは、群れの移動が速くて数延びず、イサキも喰い悪く20cmが1匹でした
食事	喰う	朝、江戸川べりを散歩して、朝飯を作って、それを喰ったのまでは健康的でいい生活なんだが、ほっとしてまた寝てしまい気づいたらお昼を過ぎていたんだから、本末転倒もいいとこだ(泣)
食事	喰う	かぶ選びに悩んでいると、農家さん曰く「無農薬だから虫が喰っちゃうんだよね、美味しいものは分かるから」納得の美味しさで葉っぱまでしっかりいただきました
食事	喰う	その時は別に土産買ってくる約束してたわけじゃないから何もあげなくてもいいハズなんだけど、後からその喰っちまった話をしたら「チョコクランチ大好きなのにー
漁業	喰う	テトラの切れ目近くの浅瀬にて、画面右側の真ん中付近に、寄せ餌となる、こぶしの半分位のサイズの、白っぽいダンゴを2~3個打って、その周りに寄っているウグイたちを、小さな針に小さく付けたあかねりの喰わせスタイルで、こまめに探るH氏は、かなり以前より私に、寒バヤ釣りのノウハウを教えてくださった名人さん
漁業	喰う	両端の石積み周りに集まっているベイトフィッシュを意識したバスをスピナーベイトで狙い、プラクティスの時から好調に釣れていたが、この日はプレッシャーのためか少し喰い渋ったものの4本のバスをキャッチして、1本を入れ替え3本で2500gをウエイン
漁業	喰う	このトウゴロウイワシは、群れで沿岸部の表層近くを回遊しており、多くの魚が喰い渋る寒い時期にも元気なようで、港で小アジなどを釣っていると針掛かりしてくる
食事	喰う	クリスマス明けで喰い散らかったケンタッキー・フライド・チキンの骨を見て、今年もよいクリスマスが過ごせたと思うと同時に、ふと「これが鶏肉でよかった」と思った
食事	喰う	となるとバスまでの距離を考えて11時には食いかけないと・・・・ついさっき喰ったのに・・食事の間隔が短いと・・心、忙しくって・・バスの中ではそんなお話・・
食事	喰う	箸が止まった際など何処を見ていればよいか解らないし、一人一所懸命飯を喰っているのも様にならないからであるが、これが結構楽しみで敢えて家で食事をしないことが多いのである
その他	喰う	かつては10億のポテンシャルの作品が、今や25億〜30億に届く可能性が凄くあり、他を喰ってしまうと、日本の映画産業の構造が大きく崩れてしまうのではないか
食事	喰う	帰りにどこで飯を喰おうかと思案したあげく中塚バイパスのあさひやに寄ってみたら、なんと、選り取りみどりのお総菜のバイキングコーナーができてきました
食事	喰う	まずは午前中から12時まで仕事、大急ぎで会社に戻ってカップラーメン喰いながら図面修正、そこから急いで現場に戻って13時から打ち合わせ、その後引継をお願いした後、急いで高校の吹奏楽部の練習に参加、15時で終了して家に帰り風呂→着替え→出発で16時前半の電車に乗り、18時過ぎには新宿に到着
虫	喰う	しかし、気象のせいか今までより虫の付きが良くないと言うか、虫が少ないのはいいことなのだが、虫も好かないような味だったらどうしよう・・・・と思ったが生で喰わないから問題ないか
その他	喰う	だが、攻撃を避けることは禁止されていないから、どんな攻撃を仕掛けられようとも、相手が本気のナルトではない限り、俺に攻撃を喰わせることが出来る者などいない
漁業	喰う	オキアミは頭を取って針の形に刺すだけで、いかにカワハギといえどもなかなかアタリを出さずにエサを喰うのは難しいが、アサリの場合はどうしても針からはみ出している部分が多く、少しずつカワハギにエサを毟られるのだ
食事	喰う	総じてみると経験的に目撃回数も多く、生態としてアリの通り道でストーキングし、運搬物の略奪行為さえ見られるアオオビはアリ喰いだなぁとは感じている次第です
その他	喰う	《なぜお銀はあれほどまでに龍之助を追いつめながらも(この夢のなかで)最終的には「男の肉欲に投降」して自らを閉じてしまうのか、なぜ龍之助は完璧な幽閉状況にあるにもかかわらず悪辣に「自由」でありえているのか、そしてなぜお雪は自分の夢を喰い破られてかれらの血の争いを映し出してみなければならないのか
漁業	喰う	新しめの魚がよく喰ってくるのできっと最近放流があったのでしょうとひとりで納得していたのですが、後でニレ太郎さんに伺ったらこちらも雪白が入っていて、今日は調子があまりよくなかったのだそうです
食事	喰う	どうせなら、野宿をしながらの通し打ちで、飲むもの喰うものの一切を接待に頼る乞食としての行脚をしたならば、この大愚にも少しは何か身に滲みるものがあるかも知れないが、前回の区切りまでは電車やバスの交通機関を使い、温かい布団で眠り、肉や魚を喰うような旅ならば、ただの観光旅行と選ぶところはあるまい
虫	喰う	何をして徹夜をするのが良いかとか色々あるらしいが、青面金剛はこの三尸の虫を喰ってしまうという話もあって青面金剛を本尊として拝めば虫を食ってくれる
食事	喰う	)酒を嗜む習癖が無きゃ全く御存知ない方々もいらっしゃるでしょうけど比較的に認知されてる食品なのね(^^)でも、これ最初に喰うた御人て凄ェですよね♪しかし最初にトライしたチャレンジャー達、名も知れぬ数多な勇者共の御蔭様にて現在の我々は色々な食材やら加工法の味を愉しめる訳です
虫	喰う	アカヒレはヒカリキャットを食べるので、このアカヒレたちがエンドリに無事喰われることなく生き残り、アカヒレたちが食べている姿を見て、エンドリも人工餌に少しでも関心を示してくれると良いのですが
食事	喰う	幸い規模が小さかったので巻き添えは喰いませんでしたが、雪庇ってお互いがお互いを支え合っている非常に不安定な状態なので、その極一部が崩れただけで力の均衡を失って、雪庇全体が落っこちる事もあるって知っていました
食事	喰う	そして諸氏の指摘にもあるとおり、この年 の二月、「新潮」に発表した「西瓜喰う人」あたりが作風の大きな転換点と なって、それまでの暗い私小説的な小説から一気に彼の真骨頂たる「ギリシ ャ牧野」へと突き進むのである
虫	喰う	師の雅印に(木喰虫)があり、墨書を進めながら、木を彫るのは虫が虫にとって必要な部分をかじり喰うように刀を使えば良いのだといった意味のことを大きな声でおっしゃるのを、まだ意味も解らないままに聞いていたものです
食事	喰う	最初のころは、種を狙うハトと戦い、ナスの葉を喰うカナブンと戦い、3日見ないと、カチカチになるオクラに呆れられていた「にわか農業従事者夫婦」の私たち
食事	喰う	いま印刷業界で飯を喰っている人たちは、およそ40万人前後いると言われているが、おそらくこの10年で、印刷という産業で飯を喰える人はその半分、つまり20万人以下になるではないだろうか
食事	喰う	そして最後の悲劇は、夜に釣ったアカイカをスカリに入れて大事に生かしておいたのだが、最後にスカリを上げてみると、なんとそのアカイカをフミゾさんより先にウツボに喰われていたのだぁ~
その他	喰う	又「残念な、武士の面部へ疵を付けられ、此の儘(まゝ)には帰られん、たとえ上役にもせよ憎い奴は中根善之進、もう毒喰わば皿まで、彼奴(あいつ)帰れば武田に告げ、私(わし)をしくじらせるに違いない、殊(こと)には衆人満座の中にて」
その他	喰う	鵜川学長が受賞された「子供を喰う教師たち」は発売当初より、教育界をはじめ、各界から注目を集めた作品で、『「今」を語れない教師、その「役割」を放棄した校長たち等、戦後の教育論の不毛を招く要因を指摘する
虫	喰う	虫も喰わないキャベツは危険という消費者意識は普及しているものの、店頭に虫食い跡の残るキャベツが出回ると極端に売れ行きが鈍ることから、一定量の農薬(殺虫剤)の使用は避けられないのが現状のようです
食事	喰う	テーマとして「喰う」という分類に入れられているがそれでも海女を扱ったこの作品と「喰う」とはどういうことかと思えば「新鮮な魚を手に入れ、食べることのできる歓び」を扱っているとなっている
食事	喰う	この間、仕事で落ち込んだときに、真っ先に思い出したのは、先生が零君に言った『落ち込んでいるときに冷たいモノを喰っているヤツがあるかっ 命取りになるぞ
食事	喰う	余談だが、北京のホテルの朝食バイキングや、郊外の朝市の屋台に山のように並んでいる「油条」(ユーティアオ)という揚げパン、あれ、何度喰っても好きになれない
虫	喰う	5月末から6月には、芯喰い虫が入り、一時は全滅かと思われましたが、農薬散布を我慢しているとサトウキビの勢いが勝って、分けつと成長が急速に進みました
食事	喰う	あんたらがこのことに無知であってもらいたくはないもんだ、いや、起ってこちらへ、おれのいうことを聞いて、喰うがいい、そして、木の栄光を思い知るがいい』
食事	喰う	「飲食をしてはいけない規律を守る人間の前で、食事をするのは無神経だ」と僕に教えた男が、回教の掟を無視して、島に咲き乱れる暗い紅色の五弁の花を貪り喰い、大量の酒を飲んだ
食事	喰う	あージャワティーストレートうめー、ランダムですドミノピザ喰いながら飲むジャワティーストレートこそ至高まぁ地元にもどってきたらドミノ1件しかなくて、しかも配達範囲にはいってないせいで、ここ8年くらい一切食べてませんけれども^^;なんかジャワティーって味かわったとおもうのが僕だけでしょうか
食事	喰う	まぁ具体的には全部好きなときに女を攫って好きなときに肉を喰いまくるというモーメントライフ(刹那的人生)なんだけど、そこからまたムーブメントが派生して、専門雑誌とかも生まれるわけですよ
食事	喰う	自分はバスやトラウトなど淡水魚では経験ありませんが、シーバスやロックフィッシュは釣り上げた瞬間、極度の興奮の為か喰った物を吐いてよこす時があります
食事	喰う	唯一、昼に喰ったラーメン、現地の人に連れていってもらった コーンバターらーめん がかろうじて、北海道に来たという印象を持たせてくれたような、、、、、でも寒かった~
食事	喰う	考えられる可能性は、既に淡水魚’ずに喰われてしまったか、おやじの探せなかったどこかで干物になろうとしているのか・・・いずれにしてもかわいそうな結末だ (ToT)(ToT)(ToT)
虫	喰う	今回泊まった津別町上里ふれあいの森はアブだらけ、塘路湖元村キャンプ場は猛烈な蚊の大群、霧多布岬キャンプ場はそれほどでもありませんでしたが、今回のキャンプ旅行で、私の年の数以上にムシに喰われてしまいました
食事	喰う	枝豆もちゃんと塩を振り頂く♪蟹も焼く前にツマミ喰い、こそーっと内緒で食べるって何て美味しんでしょう 何かずーっと食べて飲んでしゃべって楽しかったです
食事	喰う	蓼喰う虫も好き好き(紙風船—新婚夫婦の日曜の過ごし方・岸田国士;蓼喰ふ虫—男の蚊帳に岳父の妾が・谷崎潤一郎;暢気眼鏡—幼妻は金歯を売って米を買いに・尾崎一雄;牡蛎—蘭虫の仲立ちで神経病みの男と・林芙美子 ほか)
虫	喰う	カラヴァッジョの現実主義的な特徴を 葡萄の瑞々しさと同時に虫に喰われた傷のある林檎、枯れて乾いた質感のある葉と伸び朝鮮人は在日特権で生活保護をむさぼり続ける寄生虫と同じ
食事	喰う	昔、コーラが爆発的に流行り、コーラを飲みながらすしを喰うお子さん連れのお客さんが多々発生した頃、キチッとした店ではそれを拒否し、それが大げさに言えば主義主張を持ったチャンとした店であるかどうかの踏絵になって、コーラ、ジュースを置かない店が再評価されるというような事もあった
漁業	喰う	今まであれだけ不調で、異常事態に近かった状況の寺泊沖界隈のマダイ釣りも、今日はようやくっていうか突然マダイの喰いが活発になっているようです ↑ 急に活発となった原因として考えられるのが、今回に関しては、 “気圧の変化” が大きいようです ^o^
食事	喰う	いや、その三日間、普段使わない神経を使った所為か妙に腹が減り、一日五食くらい喰ってたので(しかもハンバーガーだのカレーライスだのオムライスだのコロッケだのラーメンだのを)、体力的には問題ないのだが
食事	喰う	だから兄さんがヤマカガシに喰われた一件についても、それは兄さんがホタルとヘビの眼とを間違えたためだと主張する者と、それはガビラが自分からヘビの口に飛び込んだのだと主張する者とに分かれたほどです
食事	喰う	油をたっぷりめに使い、表面をカリッと焼いたこの店のたこ焼きは相変わらずちょっと変わっていたけれど、「たこ焼き喰ったぞ」という満足感はちゃんとあった
食事	喰う	今日一日、朝から何も喰っていなかったことを思い出したので一人で蕎麦屋に入りましたが、その後茶店に寄りコーヒーを飲んで帰ってきても、未だ20時でした
虫	喰う	「覆面算」というのは、数字が虫に喰われて穴があいているのではなく、文字または符号の覆面をつけている計算なのであって、みなさんたち学徒の名探偵は、その覆面を推理の力で叩き落して数字を剥がし出すのだ
食事	喰う	何が狂ってるかって、人気どころのカブトムシやオオクワガタだけでもいざそれを喰うとなるとかなり衝撃的な光景なのに、公式サイトの商品情報のページによると、どうやらカブトムシの幼虫とかアマガエルとかダンゴムシとかまでつくれるらしいってのが
漁業	喰う	数日前から極端に喰いが渋くなったのに加え、現在アイゴが産卵期の為に猛烈に沸いているとのこと(この日、全筏・カセであがったアイゴは100匹近くになるそうです)
食事	喰う	「だん」でお好み焼き喰ってビール呑んでゲーセン行って顔が映るクルマゲームやってUFOキャッチャーやってスーパーマリオやって女性客だらけの喫茶店行ってケーキ喰って濃いコーヒー呑んで屋台でたこ焼き喰ってカラオケ行って酒呑んで「オオオオオオオオオオオオオオオオオオオオオオオオオオオオオオオオオオオオオオオオオオオオオ
食事	喰う	日本海のタイ釣りは、胴付き、天秤、フカセの組合せが基本になる釣りだと思いますが、毎回、その日の海の状況によりエサの喰われ具合などを見て、仕掛けに工夫する楽しさ、苦労があると思います
虫	喰う	根元には蟻が巣を喰っているので蟻巣村と称するという先住の浪士工藤先左衛門尉藤原祐益の言であった為信公は、四方広遠なるこの地を見て自廣須野と称え廣須村と名付けられて以来、この地を発祥に廣須木造新田の荒野開発が進められ当柏村名の起源となったのである
食事	喰う	タチウオを諦め、呑ませ釣りをやってもらうことにしたのですが魚探に大きな反応があったのでやってみるとサバと丸アジが喰ってきたのでしばらくそれを釣ることにしました
食事	喰う	また資本主義にしてもそうだ、資本家ばかりが懐を肥し、贅沢三昧な暮しをしながら、使用人や労働者は物価高で、喰うや喰わずになっていても、見向きもしないやり方が悪いのである
その他	喰う	家族3人になっちゃいましたので大きいと言えば大きいのですが、ゆったりした車内に私も娘たちも慣れてしまいガソリン喰いますが乗り換えできずにいます
食事	喰う	ジェットが来ると思って、去年はなんのご馳走も喰わせてやれなかったせめてものお詫びだと、この一年で溜めた貯金をつかって、かなりいい値段のする食材も買ってきた
食事	喰う	たしかウチの田舎でも、爺さんの代くらいまでは鰤網漁で獲れすぎた雑魚を畑の魚肥にしていたそうですから、逆に謂えば肥やしにするものを喰っていたと謂う言い方も出来てしまいますね(笑)
漁業	喰う	でも、よく考えると、必ず撒き餌を喰ってるので、撒き餌の数を減らして、例えば、5匹だけ撒き餌すると、6分の1の確立で食ってくるのかなってね、考えたんですけど
食事	喰う	コイはバスと違って〝害がない〟と長年言われてきましたが近年〝他のサカナの卵を喰う〟〝貪欲な雑食魚でキレイさっぱり食い尽くす〟〝実は水を汚す〟事が密かに問題になっており、一時期積極的に放流していた行政では放流を手控えている傾向にあります
食事	喰う	「お釈迦様、ガマにもガマの美しさがあるんですよ、私たちが喰う虫にだって美しさがあるんです、あの♀ガマの方があの小野小町よりずっと綺麗にボクには見えますよ」
食事	喰う	食べ物に不自由しない飽食の時代、今までゲップがでるほど喰ってきたのではないか、食の楽しみは大事なことだが10個有ったら5個にそして3個にと減らしていこう
漁業	喰う	アジとヤズ兼用なので[エバ鯛釣り]仕掛けを準備・・・この仕掛けであれば、真鯛やチダイも混漁があるから期待は大・・・しかし、旧暦5日なので潮流の動きが緩慢で魚探の映像は希薄・・・ヤズやアジの喰い付もボツボツといった感じで今一歩・・・それでも1
虫	喰う	コンロに散乱している米粒にカビが生えるどころか、米ビツ内に謎の小さな甲虫類が発生しており、しかもその虫に喰われた中身スカスカの米で命を繋いでいます
食事	喰う	やっちまったよぉ〜と思いつつ、喰ってやれと食べ始めましたが、独りで飲んでいる寂しいビールのせいか、お腹で膨らむ大量のカラマリのせいか、すぐにギブアップ
食事	喰う	(11)たあぷぽぽ、たあぷぽぽ、ちりから、ちりから、つったっぽ、たっぽたっぽ一丁(いっちょう)だこ、落ちたら煮てくお、煮ても焼いても喰われぬものは、五徳(ごとく)、鉄きゅう、かな熊どうじに、石熊、石持(いしもち)、虎熊、虎きす、中にも東寺(とうじ)の羅生門らしょうもん)には、茨木童(いばらぎどうじ)がうで栗(ぐり)五合(ごんごう)つかんでおむしゃる、かの頼光のひざ元去らず
食事	喰う	が、臭みがあるので刺身じゃ辛い、フライで喰うくらいしかバリエーションがないのでオレはカツオが欲しい(笑)と言いつつ、マヒマヒフライ&タルタルソースは絶品なので釣れたら一本だけ持って帰ってしまう(爆)まぁ考えてみりゃカツオもタタキと刺身くらいか
漁業	喰う	クロ釣り針は、最近の喰い渋り状況を反映して、小さいものが主流になりつつありますが(極端な例は1・2月の男女群島では昼間、45センチから50センチサイズのクロ(口太)釣りに3号程度の極少サイズの針を使います)、魚の喰い込みが良い反面やはりすっぽ抜けの確率も高くなってきます
食事	喰う	ぼくがゲージュツ家だったころ、東京文化会館の精養軒は今のように幕間にフレンチ♪などとシャレたもんではなくタダの食堂で、大ゲージュツ家の金重とサッポロ小瓶とサッポロ黒小瓶を1本づつ頼んで半分ずつ注ぎ、ハーフアンドハーフにして、そしてチャプスイをめいめい一皿ずつ喰っていた
漁業	喰う	3月22日 平島でメジナ25センチ~38センチ3匹~5匹、旅の台に移り11時頃からサヨリ33センチ~39センチ一人5匹、水色悪く水温低下喰い渋ってる、水温12度、水色薄濁り、ウネリ高い
食事	喰う	その他、固定っぽいミッションもあるわけですが、ストーリーに関わるミッションの他に「ワシの恥ずかしい密書を隠してきて」、「クマを喰ってみたいので捕まえてきて」みたいなネタミッションもあるワケです
食事	喰う	このページに、ある団体の話として、「事務局を喰わせるために、プロジェクトの開発をして、役員は稼いで下さい、と言われることに矛盾と本末転倒を感じている」という記事が出ているが、いかにも事務局の人が言いそうな話である
虫	喰う	そもそも害虫を寄せ付けないどころか、自らが害虫に喰われまくっている有様で、このまま放っておいてもかえって悪影響の方が強そうなので、思い切って刈り込んでみました
その他	喰う	昔から河口湖や山中湖・芦ノ湖などプレッシャーの高いクリアレイクをホームとし、トーナメントを戦ってきたので気難しいビックバスを相手に喰わせるテクニックやフィーディング場所での爆裂パターン、ディープのピンスポット攻めなどバスフィッシングにはまだまだ隠れた爆釣パターンが存在します
漁業	喰う	前日の天気予報が悪く午前便取り止めました、があまり風もないので午後便で出船する事に決めたのですが出船前頃より西風が強く条件の悪い中皆さん竿を出して頑張って頂きました、淡路沖でボチ、ボチ釣れていたのですが潮が速くなり喰いが止まりました
食事	喰う	ホタルガ幼虫はいずれも成熟した終令であるが、もりもり葉を喰うものや、葉っぱを求めて徘徊するものなど、顔を近づけてみればじつににぎやかな世界があることに驚かされる
食事	喰う	ペロとは「馬券で喰ってどこが悪い」の著者である梶山徹夫さんが、パドックで見かけたら絶対来ない馬の例として挙げられている馬のことで、舌をペロペロ出して遊んでいるような馬はいくら人気でもほとんど馬券の対象にはならないのだそうだ
その他	喰う	12総合格闘技HERO’Sの番組内で2ちゃんねるそっくりの掲示板をもしばれ 教科書⇒ × 喰い16日は、大阪・奈良・京都の公明党新春年賀会に参加させて頂きました
食事	喰う	で、「朝から勝浦のくそうまい魚喰って」のくだりは、港の食堂で、水揚げされたばかりでほんとに新鮮でうまい生のクジラや、オコゼの刺身、絶品の貝焼き盛り合わせなどで朝10時くらいから男だけで呑んで、で、映画「レザボアドッグス」の冒頭の会話みたいなバカ話を延々と繰り広げて、ほんと楽しかったー
その他	喰う	アニメ・ゲーム・特撮・声優CD売上オリコン 7/19追加 GalileoGalileiの犬喰い龍尾崎雄貴脚本/絵によるアニメーションで内容は母親から命を受け龍に会いに行く犬の物語
漁業	喰う	23日のナマズ釣りに完璧にハマッてしまい、あれから数回仕事が終わってから宇治川に行って釣りをしたがナマズはジッターバグを襲いに来てくれるが喰うとこまでにはいたらなく歯がゆい思いをしていたので、気分転換にミチオとケイコとを誘い夜の宇治川に出かけた(ミチオとケイコは夫婦です
その他	喰う	しかし、クロス流に考えてみれば、時喰いも解放する必要はない、救う必要はない、ともいえるんだよな・・・すべてが無になっても、それはそれでいいのである
食事	喰う	その後間もなく、スライド「人を喰うバナナ」制作の中心人物であった鶴見良行氏が『バナナと日本人――フィリピン農園と食卓のあいだ』(一九八二年 岩波新書)を出版した
食事	喰う	第二試合は工学部製作のガンタンク的なロボと農学部が山形で捕獲した幻の巨大魚タキタロウの対戦予定だったが、ロボのメンテがなかなか終らず大会はぐだぐだとなり、そのうち腹が減ってきたので巨大魚を焼いて喰い(無駄に旨かった)、酒を飲んで歌い騒ぎ、皆なんとなく和解したのでまあよかった
食事	喰う	虫かご(運喰い虫)所有者の悲喜劇そのものは描写されていましたが、2週目クリアした後でもその辺の所は描写されていなかったので気になって書き込みました
その他	喰う	罪も無き自国民を拉致されて25年も経過している最中に、政府に対して抗議の一つも上げられないような学生どもは税金を喰って寝言こいて、クソしてるだけだ
食事	喰う	4月29日から5月5日までの一週間に渡って行った第3回清水港クロダイ大物釣りフェスティバル、クロダイの産卵期にあって喰いが渋いまま終了しました
その他	喰う	その二幅の中央は、雪村周継の絵ではなく「布袋和尚」という一行書、それでも雪村らしい*というべきか、打上げ花火のような”布”、杖を持って歩く姿のような”袋”、左右を上下に入れ替えた”和”、紙の裏から見たような”尚”と、どれも人を喰ったような文字が並んでいる
その他	喰う	馴染みのディラーから試乗会の案内が何度も届いていましたが、世の中、ガソリンを喰わないプリウスやインサイトの様なリーズナブルなクルマが大歓迎されているのが現状なのに、400万円台のシロッコの乗り出し価格は冒険と云うよりも、周りが見えていない無謀な価格設定だと思います
食事	喰う	プロ・アマの垣根のない日本(演劇では 絶対に喰えない、従ってプロであろうがなんであろうが生業を持たないと続けられない、 それゆえベテランでもそれで喰っているわけではない
食事	喰う	・「房総の山のフィールド・ミュージアム」のページの「教室博日記」に「ムカデを喰うアリ」、「サムライアリの奴隷狩り」、「クヌギの木 その後」、「トンネルにヒキガエル」、「道路を横切るイシガメ」の記事を追加
虫	喰う	つい先日、喰い残されていたパンジーに、又花が咲いていた、その地に、「これ、又鹿、来たもんや、この足跡みい」と言うので行ってみたら、なんと、大きな足跡と、小さな足跡が、入り乱れて残されていた
その他	喰う	黒田といえば、小太り禿頭でチョビ髭という容貌イメージに加えて美術行政官としての側面がクローズアップされがちなので、その絵画作品の受容に関してはちとワリを喰ってきたかもしれません
食事	喰う	明治になって、牛鍋屋が急速に増えたのも、秘かに喰っていたものをおおっぴらに喰えるようになったからで、スキヤキの語源は鋤焼、農具の鋤に牛肉を乗せて焼くという習慣から来ているという説もあります
食事	喰う	裏表紙(新潮文庫)では“蓼喰う虫も好きずき”をある種の「諦念」と解説しているが、私は雑食のハムシに、女の許容範囲広きマドンナ(慈母)精神を見たい
食事	喰う	ただ普通に毎日喰ってりゃ美味しいし、それは別に納豆だの寒天だのココアだの白インゲンだの特別にコレって限った話じゃなくて、バランスの良い食生活してりゃぁ健康維持は出来るわけで
その他	喰う	運喰い虫の創造者である蟲人を頼ったライドウ達に、蟲人は運喰い虫を大量に集めさせるとその腹を割き、取り出した幸運を練り合わせて光り輝く塊を作り出した
食事	喰う	これがとっても美味っていうか珍味というか、どっかの欲の皮が突っ張った奴がフグの刺身を、つつ〜っと箸でまとめて喰っちまうなんてことしたら、新子の神様に叱られてしまいそうよ
食事	喰う	シン曰く「人の生命=蟲ケラの生命」だっつうのは良くわかる気がするけど、蟲ケラ駆除した位で関東医療で不味い飯喰って不死とまた顔合わせる羽目になるのは割に合わねえよな
食事	喰う	初期のゲストキャラをお願いするよりは望みあるかなーと思ったんですけど(笑)黒子を喰う蟲、どんな姿なんでしょうね〜 蟲ダマリで皆さんのも観せて頂きましたが「今」の淡幽や化野サンに会えたのはとても嬉しかったですね
漁業	喰う	満ち潮なので白石沖の漁礁ポイントへ・・・先着の漁師が[エバ鯛釣り]をやっているが、釣れてない様子だ・・・隣船のTS丸は昨日、真鯛を5枚釣ったとのこと・・・1時間ほどヤズを狙ったが釣果はゼロ・・・ハリスが太いから真鯛の喰いがない・・・干き潮に変ったので四浦湾沖の漁礁へ・・・
漁業	喰う	グラスソリッド製の穂先は、喰い渋りの大型カレイを小突きで寄せ、そのモタれるような僅かなアタリを逃さず察知、聞くように誘い上げながらも違和感なく喰い込ませるといった繊細な釣りを実現します
漁業	喰う	ウキの微妙な動きに全神経を集中したり、大物との出合いに全身でやりとりしながら「何だろう」と釣り上げる迄の期待と緊張感、また逆に魚の喰いが悪い時、獲物を誘い出す知恵比べなど、いろいろと経験してみて本当の釣りの醍醐味はこれだと思った
食事	喰う	昨日突然スケジュールが空いたので、柿喰う客という劇団の女優・七味まゆ味さんがゲスト出演している公演、電動夏子安置システム「深情さびつく回転儀」を観に、新宿サンモールスタジオに足を運んだ
食事	喰う	で、焼き肉と言うと超日本人的には肉・肉・肉・(極稀に野菜)・肉という感じに肉をひたすら喰い続けるような気がするんですが、おいらなんかは時たま書くように野菜で巻いて食べるのがお気に入りな訳でして、今回も野菜を手に取り、焼いた肉を乗せ、味噌を塗り、キムチや其の他小皿的辛味野菜系を少々乗せ、巻いてタレに付けてバクッと喰らう方式で通していました
漁業	喰う	午前便のタチウオは、昨日に比べれば少し喰いは落ちましたが良型まじりでまずまずでした、午後の飲ませ釣りは青物はあたりませんでしたが、アオリイカで皆さんお土産が出来ました、船中で70杯程あがりました、明日3日(月)は午後便でアオリイカを主体に飲ませ釣りもやる予定です
虫	喰う	いつもですと、今頃はその細長く大きな葉が虫に喰われて無残な姿になるの ですが、今年は気温の低い天候のせいか虫の発生が今のところ無くとても 立派に育っています
食事	喰う	そこでハリガネ虫は宿主の昆虫を水辺に誘い、泳げない昆虫を水中にダイブさせ、まんまと水中に脱出、またカエルに喰われた宿主昆虫からも消化されずに逃げ出す
食事	喰う	他にも、スリに間違われて肝を冷やしたとか、万引きと間違われて逆におどしたり、塾生に鯛の味噌漬けと偽ってフグを喰わせてみたり、豚の屠殺を肩代わりしたお礼に豚の頭を貰って解剖後煮て食った某とか、熊を解剖した某とか、作った硫酸が棚から落ちてきて頭から被った某とか、22歳児の福沢塾頭@裸族と愉快な仲間たちのやんちゃぶりは留まる所を知らなかった
食事	喰う	取りあえず落ち着いて下さい、荒しはそう言う悪意ある計略で憎悪を喰って海綿体をオッ立てて、楽しむ変態が大半ですから(笑)だからもう止めましょう、こんな荒しネットの世界だといっぱいいます、納得行かないのは分かるが、いい加減にもう免疫を付けて下さい
漁業	喰う	「さあ喰うんだ魚たち、Neiちゃんのとこのルアーだぞ~~~」と声をかけて投入したら、躾のいいKFSの魚は「そりは、喰わねば」と思ったのか3連発
食事	喰う	読書するも良し100円あればバーガー喰っても良し(ポークとチーズが100円)、席にノーパソ用のコンセントがあるお店なら充電器持ってけばケータイ充電もできる
食事	喰う	一依旧様、権門に媚(こ)びず、時世に諛(おもね)らず、喰えなければ喰えないままで、乞食以下の生活に甘んじ、喰う物が無くなっても人に頭を下げない
食事	喰う	蛇をチビチビ喰っている婆ちゃんが死にそうで心配だったりとか、いつもはローテンションばかりの編集者が蛇を触った途端、見たことのない笑顔になったのを見て、「暗い女を落とすには見世物小屋がいいのか
漁業	喰う	『橋脚や岸壁にピタッとついて離れないシーバスを釣る』をコンセプトに開発されたテリージャークは超タイトなウォブリングアクションでシーバスの鼻先まで一気に潜行し、そこでトゥイッチさせれば潜った深さをキープしたまま左右にダートしながらのヒラ打ちで、いるのに喰わないシーバスをリアクションバイトさせることが可能
その他	喰う	原作とメディア展開したものが全然別物、というと、最近では「喰いタン」というマンガがドラマ化した時、「喰いしん坊の探偵」という設定以外ほとんど変えてましたけど、それぞれ別物として楽しめたので、こういうのもいいかもしれません
食事	喰う	アフリカ原産の白石喰い蟻というコンクリートの血仙蟲と呼ばれる蟻が昆虫館にいるのですが、数年前の台風の日に多くの羽根蟻を見たという話が伝わっています
食事	喰う	実際には「25日の月曜日の朝に会社で食べるためのクリスマスケーキ」が必要で、昨日の午後に慌てて代わりのケーキを弟子は買ったんだけど、『25日午後受け取り』で予約してた分のケーキが宙に浮いた形になってたので、弟子と2人で喰った
その他	喰う	(画像部分をクリックすると拡大でご覧頂けます) 【『喰いタン』 中吊り広告】今年1月撮影 『喰いタン』は、漫画家、寺沢大介氏の同名人気コミックが原作
食事	喰う	で、いつもメシ喰ってばっか(メインディッシュはヘビだったり、食前酒はヘビの生き血だったり・・・・)のような気のするグン・ジェム隊の連中は中国奥地にあるギガノスの重要拠点の兵器開発工場を守ってて、これを攻め落とそうとするドラグナー遊撃隊と何度も激突することになるんだけど、初めての全面対決の時にはジン中尉のスターク・ダウツェンは参加してなかったんだ
食事	喰う	そんな悠長な事をシトルと、アメリカ幕府の御威光、日本経済を潰す日本を嵌め殺す、ご命令から外れて、ユダヤ国際金融資本・ハゲタカに太った豚を喰わせられない
食事	喰う	9時過ぎまで3カ所で[エバ鯛釣り]をやったが小真鯛3枚のみ・・・沖無垢島沖でやっていた漁師が船を寄せて「今日はダメぞ・喰わんぞ」との有罪判決でトドメを刺された・・・
食事	喰う	「来て当然」「破綻前のようにやれ」「やって当たり前」等と言われて、歓迎されていない事にかなり面喰いましたが、何とか3年間運営する事が出来ました
食事	喰う	もう10年近く着てなかったものや虫除けに気をつかっていたのに虫喰ってしまったもの(シルクやウールはやられますよね~;;良いものは余計に)もう着ないパジャマ、いらないカバー類など、わりとサクサク作業は進みひもでくくって8つの山ができました
漁業	喰う	大ぶりをぜひ釣りたいので残り2時間ブリ狙いをと活アジで誘うとかなり大きいのがアジを喰ったのが見えたので、あわせを入れると一気に竿をもっていかれたが、なかなか浮いてこず何とかやりとりし5~6分かかったかな無事浜ちゃんのタモに収まった、見てびっくりかなりでかい検量したら13キロあった、13キロだいは今期2本目だそうです
食事	喰う	一平ちゃんがマヨネーズをかけて喰うカップ焼きそばの雄であるなら、そうでないカップ焼きそばとして、マルちゃんの「昔ながらのソース焼きそば」を個人的に推しておきましょう
食事	喰う	」と、声をあげる子もいて、自分たちが育てたイナゴの喰われる姿を興味深々に見る姿に、「子供の持つ残酷さをみました」と、担任の教師は文中で書いているのですが、そのイナゴ、最終的にはクラスで採取して、生きたまま鍋でグツグツ
食事	喰う	化調を使っているからラーメンらしい味になると言われたら、「今までそんなものを喰わせていたのか」と驚いたり憤慨したりするわけで、この辺の認識のギャップがかなり生臭い業界事情として作用しているんじゃないかな、と思うわけですね
食事	喰う	人の夢を喰う代わり、寄生主に超常の力を与える“虫”が出現して10年—薬屋大助は極秘機関に所属する最強の虫憑き“かっこう”として、モイラ高校での監視任務につく
虫	喰う	開始1時間で人間に踏まれた回数3回、芝刈り機に刈られた回数5回、赤アリと戦って戦死した回数2回、蜘蛛に目ぇつけられて喰われた回数3回、飢え死にした回数2回
漁業	喰う	今日のアジ・サバ釣りは、昨日より魚が寄るのに少しかかりましたが、喰いは昨日よりも活発で、左前側にいた人でも48匹と、前後関係なく、納竿までいそがしく、よく釣れました
食事	喰う	いえね、普段はアイスクリームとシュークリームとドーナツとチョコレートとプリンと宇治のかき氷ぐらいしか喰わない甘いものが得意じゃない私め(←そんだけ列挙できたら十分甘党やって
食事	喰う	・・・・・で、俺、牡蠣はフライ以外は喰わねーの、以前、生牡蠣に見事あたり、七転八倒の苦しみを味わい尽くした挙げ句、フライ以外受け付けない体になったの、だからー、焼き牡蠣もパス・・・パスかい
食事	喰う	ただ口惜(くや)しくって、苦しくって、悲しくって、腹立たしくって、そうして気の毒で、済(す)まなくって、世の中が厭(いや)になって、人間が棄(す)て切れないで、いても立っても、いたたまれないで、むちゃくちゃに歩いて、どてらに引っ掛って、揚饅頭(あげまんじゅう)を喰ったばかりである
食事	喰う	瀬戸内に面する港町や島々を廻り、そこに暮らす人と思いに触れ、共にメシを喰い、茶を、酒を飲み交わす中でそのヒントを見つけ出せたらと思い、意識の交感をベースにした「茶会」を開くことにしました
その他	喰う	米ソ冷戦対決は、いわば、軍事技術競争=科学技術の熾烈な争いだったわけでしょ、、、第二次大戦後、それこそ冷戦崩壊後の東側の科学者のように喰うに喰えず路頭に迷ってたわけだし、そーいう喰えない科学者を拾って軍拡競争で一儲けもふた儲けもしてきたのが、例の二重スパイで有名なキッシンジャーのじじいだろ
その他	喰う	くやしまぎれに、小林に喰ってかかるお柳の険相な顔や、長いあいだ住みなれた東京の家を離れて、兄と一緒に汽車に乗り込んで田舎へ帰って行く姿などが、目に見えるようであった
漁業	喰う	今日は寒い中メダイ釣りで出船、朝のうちは喰いが悪く10時過ぎからぼちぼち形が小形ですが喰いだし後に入れ食いとなり良い釣果でした又、ホッケもまざりました・次回2月7日時分凪げばメダイで出船します
食事	喰う	ここのラーメンを喰うのはちょっと久し振りだったのですが、う〜ん相変わらず美味い、、、と言うよりも、ここにきてさらに美味くなっているという感じだす
食事	喰う	とりあえず何も喰わずにこのまま帰ったりしたら、厨房の奥からビックママがでてきて秒殺されそうなのでチキンバジルグラタンとドリンクとサラダ(コレが一番安かった
虫	喰う	フローティングミノーをまるで傷ついた小魚が表層近くをよたよたと泳いでいるように、あるいは喰われまいと逃げ惑う小魚のように演出し、バスを水面へと誘い出すテクニックを私たちはトップウォーターミノーイングと名付けました
漁業	喰う	この小バス達から得た情報によるとフォーリングでも喰ってくるのでカーブフォールさせフォール中にも集中しバイトを取る必要があること、活性は高いのでルアーを見つければ多少の距離が離れていても追って喰いつくこと、やや浮き気味でボトムベッタリの釣りでは喰って来ないことがわかった
食事	喰う	原種に近い京野菜とか季節に応じ夏は風にあたる実や葉物を冬は土の中に成る物を温に向って寒を食べ寒に向って温を食べ自然に適った食生活してた人間は今もう化け物をクチにして喰う者の頭も知識のバケモノの様になってる
食事	喰う	ということは次回は「いやー喰った喰った」になるのですね(笑)相変わらずあそこの寿司はうまかですね( ゚∀゚)/「鯛塩レモン」最高♪コナンさんの「エビフライ巻きwithあなごダレ」も捨てがたい・・・・(爆)
その他	喰う	私の使い方は、サンドバーをタイトに引いてブレイクから落ちた瞬間にバスが喰う感じなので深く潜るベビーシャッドを使い、動きとしてもベビーシャッド75と60ダイビングは少し動きのピッチが早いのでバスの反応が良いように思いました
虫	喰う	捕食される野生の生物もこれを利用し、アユやワカサギ等の細身の魚は目立たない事で、ブルーギル等は目立つが喰われにくい体型になる事で身を守るという進化の方向性を見出してきているのだ
食事	喰う	蓼喰う虫も好き好き(紙風船—新婚夫婦の日曜の過ごし方・岸田国士;蓼喰ふ虫—男の蚊帳に岳父の妾が・谷崎潤一郎;暢気眼鏡—幼妻は金歯を売って米を買いに・尾崎一雄;牡蛎—蘭虫の仲立ちで神経病みの男と・林芙美子 ほか);
その他	喰う	層が外れたりリトリーブが一定しないと喰ってくれない状態で意外とシビアでしたがロッドの角度・リトリーブ速度など集中してのシビアさが楽しくいい釣りができました
虫	喰う	日本人は獲ってはいけないので、私が母船で手釣りの釣鉤に喰わせて、すぐ漁師に渡し、彼が釣ったことにして検貫、それを受け取って凍結し、餌はカマスの切ったものを使っていました」と言っていた
食事	喰う	バイト終了後家に帰り、クロースコンバットの3の入れ替え作業が行われており、晩飯を喰うてから僕はドイツ軍の指揮官になり、何もかも不足しているなかソ連軍の侵攻を止めるべく延滞戦術で挑むが、一戦目ではほぼ壊滅
食事	喰う	「なか卯」の30円唐揚げを10個食べてみて、ついでにうどんと親子丼も食べてみたが、さすがにゲップ、寿司を喰いたくなったので、深夜にビールと寿司
虫	喰う	始まりも終わりもない、ノンジャンルの、複数の主人公が闊歩する、宇宙と下水道が同居しながら地球が逆回転して、死人が生き返って、最初の人間が登場して、孤独にさいなまれて、林檎を虫が喰って、蛇が紳士で、蛇人間が誕生して、車輪が発明されず、未来はエコロジーっ
食事	喰う	♭何処に行っていたんだ♭」 「ルージュは多分ダリアのイタズラだ♪昼食が運ばれてたからな♪あんたがずっと寝てるから俺が喰っちまった♪ショッピング街で会ったけどテリーとハリーに荷物持ちさせて女性陣はショッピングに夢中だったぜ♪俺は付き合わないで帰って来ちまったケドな♪」 トニーはテーブルに紙袋をドサっと置いてムッツリするスーの前にフルーツの盛り合わせを差し出した
食事	喰う	風格があるのはいいけれど、ややあり過ぎて、しかも、郷土の英雄であり、並々ならぬ敬愛を持ち続けた西郷隆盛関連の著作の数多さから、やや喰わず嫌いで敬して遠ざかってきたところがあった
その他	喰う	検索エンジンであるグーグルでも、「喰いタン マイ箸」というキーワードで結構検索されていることからも喰いタンのマイ箸に関心がある人が多いのがわかります
食事	喰う	けっ、貧乏人が安い魚ばっかり喰ってんじゃねえや~(私もまぎれもなくその一部だが)とか、誰が一尾98円も出して秋刀魚を買うかよ~(それでも安いと思うが)などと負け惜しみを呟きつつ、他の食材を買って帰る
その他	喰う	アダルトビデオの制作会社で働く純兵は、敏腕監督で女優も兼ねる美和や童貞喰いのAVクイーン・知恵、女子高生で女優の翔子に囲まれて、ウハウハな毎日を過ごしていた
虫	喰う	しかし、食パンを千切って水に投げ込み、コイがそれをパクパク喰い出したら白いポッパーやクランクベイトをキャストして喰うまで浮かせておく等の釣法であった
食事	喰う	「俺は軽くメシを喰って帰るよ♪」とのSPJの一言にタロウとレプも合意し、首都高速新井宿ランプ下の川口PAで蕎麦、うどん、ラーメン等の軽食で夕食を済ませ、午後6時に本線上へ復帰する
虫	喰う	得られた系統樹からクワガタムシの幼虫の食性の進化について見てみると、クワガタムシ科の祖先はどうやら褐色腐朽材喰いであったらしいこと、大型化し、大アゴも発達するグループは白色腐朽材食性の中から現れたらしいこと、白色腐朽材食性のグループの一部がシロアリとの関係を持ったり、家族生活を営むようになったりした可能性が高いこと、などが推定されます(図6)
虫	喰う	わー、とうとう虫に喰われちゃったな〜と思ってじっくり近付いてみてみたら、それは、大きな穴ではなくて、葉っぱに無数の小さいたまごがくっついてて、それそれがふ化した、黒くて丸くてちょっとてかてかした丸い虫の群れでした
食事	喰う	天明四年正 地頭村吉左衛門へ隣在の非人凡そ四十人程参り米壱升宛貰い、二十日晩に志高村源太郎へ参り凡そ六十人程飯喰い、其上米壱升ずつ貰い、二十二日晩久田美村儀平へ百人許り飯喰い、其上米弐
その他	喰う	絵は、文読む女に迫る、洗髪の女を後ろから、間男、いちょうとぼし、御新造と忠さん、縁台で、 鶯の谷渡り、つまみ喰い、稽古ごと、行水、お内儀と手代、浮気露見の12図から構成されています
漁業	喰う	したがって冬場はイワシやアジをエサにしますが、アジはイワシよりも喰いが劣り、死んで動かない冷凍物を使うと釣果はさらに1/10に落ちてしまいます
食事	喰う	他の国が攻めてきたら誰が守ってくれるのかという議論が、9条廃棄の理由としてあげられることもあるが、彼らの論の前提は、現在の古い世界モデル、より強大な力がより弱い力を圧倒し、押し黙るか喰われるかだ、という考えに基づいている
その他	喰う	人の夢を喰う代わり、寄生主に超常の力を与える虫が出現して10年──薬屋大助は極秘機関に所属する最強の虫憑きかっこうとして、モイラ高校での監視任務につく
その他	喰う	ラバジを見た瞬間にバスが喰ってくると思ったがバスは知らんふり、バスが興味なさげに、後ろに振返り始めた時、ダメモトで細かくラバジを動かした瞬間、猛然とバスがラバジに喰らいついた
食事	喰う	体調の悪い日にラーメンを喰ったら痒い、そんな時はスープの信じがたい量の化学調味料とともに、高分子の食品でないものが入った面という物も疑ってみるのも良いかも知れません
