# ショッピング: 常設的設備をもち、魚・野菜などの食料品や日常雑貨を販売する所。, ショッピング: 毎日または定期的に、多数の商人が集まって、商品売買を行う所。, 金融: 売手と買手とが規則的に出会って取引を行う組織。証券市場, ショッピング: いちば。青果市場, ショッピング: 売行き先。市場が広い
ショッピング	市場	願わくば、ソロバン教室と同じくらい広まって欲しいというのが私の心情ですが、その前に必要な製品が今、採算悪化を理由に市場からどんどん消え、風前のともし火となりつつあります
金融	市場	また、ここまで更なる大きな下値調整との方向で一致していた一般の市場参加者と一部の専門家は、今後も、下振れ場面へ転じるとの見方に変更なく捉えているようであり、再度25日移動平均線近辺まで押し戻されるかの動きを想定しているようでもある
ショッピング	市場	ハイサイ沖縄・「道の駅」許田市場−雲珠桜(うずざくら)・専門店フロア19は 「ハイサイ沖縄・「道の駅」許田市場」 に関連した情報をご案内している総合通販情報サイトです
金融	市場	事実、株式市場は多数のプロが参加し、世の中でも最も頭のいい部類の人たちが、まさにありとあらゆる方法を駆使して市場にミスプライスされた株が落ちてないか常に血眼になって探している
ショッピング	市場	さらに集客を考え、例えば卸売業者や小売業者なども一緒になって週1回、また月1回でも日曜日に市場を開催し、新鮮な魚を一般市民に提供し、また食事もそこでできるなど、もっともっと長浜の魚をアピールできるものと考えますが、長浜の活性化に向けてのお考えをお聞かせください
その他	市場	これが法学的・倫理学的な点にウェイトをおくと「何が法であるべきで、何が道徳であるべきなのか」という境界確定の問題にも関わってきますし、経済学的な点にウェイトをおくと「政府はどこまで経済政策に関われて、どこから市場に任せるべきなのか」という境界確定の問題に関わる、と
ショッピング	市場	3 第一項第二号及び第三号に掲げる生鮮食料品等については、当該市場における入荷量が一時的に著しく減少したときその他の規則で定める特別の事情がある場合であつて、業務規程で定めるところにより、開設者が指示したときは、同項の規定にかかわらず、せり売又は入札の方法によらなければならない
金融	市場	ロイターが株式市場関係者8人を対象に聞き取り調査したところ、世界景気がボトムを打つのは来年以降に後ずれするとの見方が多いものの、日経平均は年内にも9000円台で底入れとの見方が大勢を占めた
金融	市場	どんなものでも証券化出来、市場は合理的に格付け会社が価格つけ出来るとの盲信や過信が招いた証券化商品は伝統的な金融公的当局は規制緩和し危機回避が遅れた高成長と低金利が低インフレにぶれて中東やアジアの過剰な貯蓄もリスクを過小評価する異様な世界を作り出した、信用収縮で外需専業に走った銀行は資金不足を通念し資本の格付け放任を止めて貸し渋りだ
その他	市場	しかしながら、本件に関しましては弊社といたしましても楽天市場をご愛顧いただいております お客様が多数お困りになっていることを重く受け止めており、警察等にもご協力いただき事態の把握に 努めている次第でございます
金融	市場	●新光総合研究所のまとめによると、東京証券取引所市場第1部に上場する企業の07年3月期決算は経常利益の総額が4年連続で過去最高を更新する見通しとなったことが、わかった
その他	市場	商品名:ぶーぶー☆かがぶー かがぶーぬいぐるみ (キャラアニ製)販売元:サーパラショップ楽天市場店メーカー名キャラアニ発売日2009年6月下旬予定初回締切日2009年4月1日販売単位1BOX1BOXぬいぐるみ1体入り全1種サイズ:正面約18×横約18×高さ約15cm 「らき☆すた」から派生した4コマ
金融	市場	世界(せかい)的(てき)な金融(きんゆう)市場(いちば)の混乱(こんらん)で地域(ちいき)金融(きんゆう)機関(きかん)の貸(か)し渋(しぶ)りとか貸(か)しはがしの懸念(けねん)が全国(ぜんこく)的(てき)に強(つよ)まっていると思(おも)うんですけれども、島根(しまね)の実情(じつじょう)について、知事(ちじ)はどういうふうにお思(おも)いでしょうか
ショッピング	市場	市場を散策して小腹が空いたら、「市場おやつ」がお出迎え・・・・・市場 の中で直接作られるトッポッキ(おもちを甘辛く炒めたもの)、スンデ(豚の腸詰 め)、そして日本でもお馴染みのチジミや豚足で舌と小腹にエネルギーを注入し ましょう
金融	市場	また、為替市場ではNY終値(1ドル=93円31銭)からややドル安・円高の1ドル=93円22銭付近での取引となっており、方向感に欠ける展開となっています
ショッピング	市場	当然の如く、とれとれ市場に寄っている時間はなく、泣く泣くスルーをして、入浴の前に円月島と言う、真ん中に丸い穴がぽっかり開いている島があって、ちょうど夕日がその穴から見られて絶好のロケーションと言うのを是非とも見たいので、当初その円月島の手前で入る予定だった温泉もスルーしてがむしゃらに飛ばして飛ばして、やっとの思いで付いた時には感動の光景が待っていta
ショッピング	市場	マルクス嫌いのミーゼスなんかは、なぜ個人の自由な行為が市場を効率的運営を可能にするか、といって個人間の「間主観的な意味の構造」がポイントだというのだけれど(これをミーゼスの弟子のシュッツが現象学的社会学として受け継いだ)、これって、マルクスならそもそも共同的生があるから、国家なしでも大丈夫だというのと同じロジックじゃないか
ショッピング	市場	そして、アメリカ型弱肉強食・市場原理型経済システムがけっして「万能」ではなかったこと、それどころか「欠点だらけ」であったことは、現在進行中の世界大不況が、これ以上ない位はっきりと示しています
その他	市場	「自然のものを、自然のままに」[61]を大原則とし、有機JAS認定オーガニック食材、本当に美味しい食材を、市場を経由せずに日本全国の百軒以上[62]の有機野菜生産者から直接購入し、生産者名、栽培・飼育方法、流通経路などを詳しく表示
金融	市場	台湾IT企業は常に市場とユーザーの需要を見極め、素早い開発スピードと柔軟性を富む生産体制で様々な製品を世の中に送りこみ、世界パソコン市場をリードして来ました
金融	市場	大体、うその大義名分をかざして、人畜無害のCO2から、仮想通貨=金融市場を作り出した欧州の賢さに比べたら、日本は外交もできない馬鹿ばっかりの国なんですよ
ショッピング	市場	この市場において、疾患修飾薬は緊急に必要とされており、可能性を秘めたいくつかの薬剤は今後10年以内に上市され、AD治療薬市場を劇的に拡大させるであろう
金融	市場	その点は、たびたびの通貨危機に際しまして、時々の状況に応じまして、比較的短期間ではございますけれども、為替市場閉鎖の経験があるヨーロッパ諸国とも違うわけでございまして、そういうような点を総合勘案いたしまして、為替市場は開き続けるほうがよろしいという結論に達しまして、あのような措置に相なった次第でございます
その他	市場	楽天市場で探しても画像が見つからなかったけれども、NHKの人気番組「にこにこぷん」のキャラクターだった「ぴっころ」や、「マリンピロー」シリーズのペンギンも全体的に丸っこく、首がない
ショッピング	市場	はじめに/本当のゴーヤー/販売経路と卸売市場価格/オーストラリア産マンゴーの存在/沖縄産マンゴーが抱えている課題/「定時・定量・定質」/需要の価格弾力性/沖縄産マンゴーのブランド力強化/栽培履歴情報の蓄積要件/消費者がほしがる情報/積極的に沖縄産の特徴を/提言
金融	市場	証券市場をめぐっては、大阪府警捜査4課が今年3月、証券取引等監視委員会と合同で、上場企業の株価操縦を行い不正に利益を得ていた元山口組系暴力団幹部らを逮捕するなど、監視を強めている
金融	市場	降旗君もちょっと触れているように、九〇年代初頭からのアメリカ株式市場の再膨張は、八〇年代とは違い、IT株主導、ナスダック主導ですが、ナスダック関連産業は、ビッグビジネスの支配するアメリカの主力産業ではなく、その外側で発展した西海岸的な、ジーンズスタイルのよく似合う新興産業です
ショッピング	市場	12) 「さらに、市場形成を計る段階においては、電力の小売り事業者や最終需要家が購入する電力の一定割合を自然エネルギーにすることを義務づける「クォーター制や、自然エネルギーからの発電量毎に発電事業者が発行する証書を電力の小売り事業者や最終需要家間で取引させる「グリーン証書」などの導入も検討していく必要がある
その他	市場	記念講演会では、最初に企業家賞「デイリーファッション市場創造賞」を受賞したしまむら会長の藤原秀次郎氏が講演、女性向け衣料品で圧倒的な強さの秘密が、人づくりにあることを明言し、小売業経営の真髄を語った
ショッピング	市場	そこで、コストばかりかかってそんなに実質的にお金がとれそうにないので、遡及する権利を認めず、またそのような紛争がたくさん起こりすぎると取引安全が図れないので、あらかじめ、新品市場から中古市場に流れることを踏まえ、著作権者は最初の価格付けをするような制度をとった、というのはどうでしょうか
金融	市場	証券会社ランキングの提供者様にとっては別一覧で証券会社概要外貨受付窓口ページのご紹介テレビ部門では市場に所定の上松井証券日をご覧ますが賞 茅場町番号年〜株式新聞ニュース、必ずこの日自己破産申立て山一證券年
金融	市場	榊原氏は、日米欧の6中央銀行が18日公表した短期金融市場へのドル資金供給策は、信用不安を背景としたドル調達金利の急騰を抑える「適切な措置だ」と評価した
その他	市場	先日のエントリー「楽天市場で一番売れている iPhone4ケース」よりも、楽天市場で2番目に売れているiPhone 4ケースの方が個人的に好みなのでちょっとご紹介
ショッピング	市場	JTという企業は、たばこだけでなく、缶コーヒーやお茶なども取り扱っており、実は市場の中では日々皆様とメーカーとお客様という関係でお会いしている企業であります
ショッピング	市場	ただし、一度も県民アンケートや市場調査が実施されていないのに、担当課の職員の主観的な判断だけで「県民のニーズが高い」と自己評価をし、補助金を継続している項目がかなり多く、課題を残している
ショッピング	市場	社会同盟/ドイツ統一過程での旧西ドイツ企業の経営戦略/ドイツ統一の経済過程の特徴/ドイツ新州における国と市町村による経済促進/ドイツ社会的市場経済における社会資本の担い手としての公企業)この商品の関連ジャンルです
ショッピング	市場	もちろん、価格はこうしたコストの幾つかを確かに反映しているが、市場力・ヒエラルキー・外部性の効果が徐々に染み通ることで、次第に正確なものではなくなっていく
金融	市場	・商品取引受託業務の停止(ただし、取引の決済を結了させる場合及び商品市場における取引の委託の取次ぎの委託を受ける商品取引員から委託者の計算による新規の取引を受託する場合を除く
金融	市場	公的資金の追加投入は、1月末までに予定されるドレスナー銀行との合併を支援するとともに、金融市場の動揺を抑えて実体経済への打撃を回避することが狙い
金融	市場	金融市場への規制を国際的に標準的な水準のものに調整し、外資を積極的に導入して雇用を拡大させ、株価を上昇させ、金利を正常化して低金利・円安で日本をバーゲンセールにかけることから脱することは、すぐにできることではないでしょうか
ショッピング	市場	ビジネスの場合は、なんらかの方法で市場規模とか推測しますが、これはどのくらいの商売になるのか、継続性が期待できるのかを考えるためだから、商売ではないと定義したら、そうした市場規模を知る必要なないのかもしれないですね
金融	市場	”スクイーズは、ボラティリティが大幅に低下して市場の動きが止まったり、市場が次の大きな上昇や下落に備えてエネルギーを蓄えている期間を利用するものだ
金融	市場	ロンドンは国際的な金融市場の中心地であり、イギリスの金利と金融政策を決定する中央銀行であるイングランド銀行やヨーロッパ最大の株式市場であるロンドン証券取引所がある
ショッピング	市場	いま、規制改革会議は、名称を変更して「規制改革・民間開放推進会議」(議長は宮内氏)となり、6月30日に「市場化テスト」導入に向けたシンポジウムを開催(「市場化」テストについては次回掲載)
金融	市場	8月政策決定会合までの3週間、サブライムローン問題や政局の見通しを受けて金融市場の動揺が続けば、利上げの決定を延期し、さらに時間をかけて情勢を見極めることになる
金融	市場	クレディ・スイス証券・チーフマーケットストラテジストの市川眞一氏は「このところの金融市場は、総選挙後に民主党を中心とする政権が誕生する可能性を織り込みつつあると考えられる
その他	市場	【楽天市場】トロリとした緻密な 果肉と高貴な芳香新潟が育んだ“ フレンチデザート”【ル・レクチ ェ】:四季の定期便&NBSP; トロリとした緻密な果肉と高貴な 芳香新潟が育んだ“フレンチデザ
ショッピング	市場	毎年、家族でアクアライン金田料金所近くのアクアわくわく市場に竜宮城の帰りに寄ると、新鮮な魚や野菜が格安で売っているのでいつも大量に購入して帰ってきます
金融	市場	一方、国債市場では、株価の堅調を背景に、長期金利の指標である新発10年債の利回りが前週末比0・04%高い1・720%と、ほぼ2週間ぶりの高水準となった
ショッピング	市場	香港以南の各都市や市場ではかならず店先に並べられているドリアンは初めて見た人には異様で不気味なかたちに見え、かえって異国情緒も感じさせるフルーツです
ショッピング	市場	私も「消費市場」という用語の使い方がチトわからない面はあるのだけれど、ここは規制のない(ゆるい)市場という意味だと理解してエントリを書いておく
金融	市場	政府が公的資金で市場から直接株を買い取る政策は、先進国では例がなく、政府でも「抜かずの宝刀」(与謝野馨財務・金融担当相)と、実際の発動には慎重な意見が多かった
ショッピング	市場	業界におよぶ様々な環境変化、新市場への可能性、流通・業務改革、またヘルス&ビューティー、調剤、物流、業態フォーマット等々、ドラッグストアおよびH&BCビジネスを取り巻く話題を取り上げ、徹底取材します
ショッピング	市場	大阪市東住吉区のJR関西線東部市場前駅で18日、午前5時前になっても駅出入り口のシャッターが開かず、同4時59分発の王寺発難波行きの始発電車に客8人が乗れなかった
ショッピング	市場	地域の陳情を汲み上げたり、各種の圧力団体の要請を受けたりするのは政治の仕事であるかもしれないが、こと資本市場のインフラにかかわる問題に横やりをいれてくるのはどうか
その他	市場	今回JIAに出展するのは先田佳代さんの「築地市場改築計画及び隅田川の川辺に対する提案」と渡邊麻衣子さんのいろいろなパフォーマンスが出来る「九つの舞台空間」を代々木公園にちりばめていくと言うユニークな提案作品です
ショッピング	市場	平成7年12月 中国におけるCRT用部品の市場の成長に伴い、無錫市電子管厰と共同出資により無錫三冠電子有限公司を設立、また石家荘宝石電子集団公司と共同出資により石家荘宝東電子有限公司を設立のため契約を締結
ショッピング	市場	山の持主は、『切り出して市場で売って、新しく植林すると赤字になってしまう、赤字になるよりは・・・・』と言い山を手入れすることが無くなってきているのです
ショッピング	市場	市場売上もネット(Web)販売等での伸びがあり、最小限の売上減で終えることができたことは、微少ながら次年度にむけたプラス点でもあったことは希望がもてたのでは無いかと思う
金融	市場	投資対象国・地域において、政治・経済情勢の変化等により市場に混乱が生じた場合、または取引に対して新たな規制が設けられた場合には、当ファンドの基準価額が下落する要因になり、また投資方針に沿った運用ができない可能性があります
その他	市場	唯一の問題が、それだけ高レベルの産業でありながら、医業収入が信じられない低レベルに抑制されているせいで、経済波及効果を悪化させているという点ですが、だからと言って、「自由診療」にして100兆円市場を目指すのも業腹ですね
金融	市場	昨年夏場から金融市場が混乱して以降、先行きへの金融不安感が底流したままであることから、株式やドルなどと比較して相対的にリスクが低く流動性が高い金などへ投資対象が動いている
金融	市場	16日の東京株式市場は、米景気の先行き懸念が強まったことや、外為市場の円高を嫌気して、日経平均株価(225種)が大幅続落、一時前日終値比で240円超安となって9400円台に下落した
ショッピング	市場	そういえば市場に出てしまった鳥インフルエンザの卵とか肉等を食っても人間には感染しないようですが、まき散らしたウイルスが全国各地で暴れ回ったらどうするのだろう
金融	市場	具体的に、「市場価格のない社債その他の債券」は、取得価額から債務者の財政状態や経営成績の良し悪しによる貸倒見積高に基づき算出した貸倒引当金を控除した金額を貸借対照表(B/S)価額とします
ショッピング	市場	(1)代替・省エネルギー産業および電気自動車産業は、次の時代の成長産業であり、市場の拡大を通じて、経済全体に対し大きな波及効果・雇用創出効果を生み出すということが言えると思います
ショッピング	市場	「利用者、ユーザー」であっても教育に消費者は無いだろうと思うのだが、消費者と言う言葉を使って市場原理、競争原理ということを際立たせやすくしているように感じてしまう
金融	市場	株式市場は金利上昇懸念が続く中、今後実態経済がこれまでどうり好調を維持できるのか、それとも景気が減速に向かうのかその行方を重大な関心を持って見守っている
金融	市場	しかし、金融市場がボーダーレスになり、国境を越えた経済取引が当たり前になっている今日では、日本の企業は海外の投資家や企業に対して、正しい情報を発信し、信用を得ることが必要なため、企業内の内部統制をはかり、業務が適正に運営されているかどうかをチェックする役割を担うCIA(公認内部監査人)の需要は日本でも高まってきている
金融	市場	バーナンキ(FRB)議長は「住宅ローン担保証券市場への政府支援提言」「GSEへの支援は継続すべき」「GSEとFHAの統合も一つの案」「GSE、政府支援なしで存続可能か不透明」等の見解を示した
ショッピング	市場	というのは、医療のみならずいろんな分野で「改革」が叫ばれていますが、どの分野でも共通して言われているのが「市場原理の導入」とか「民間活力の導入」です
ショッピング	市場	今の政権は「市場原理主義が社会をおかしくした」という認識が強すぎるため、今のようなおかしな政策議論が出てきているのでしょうが、市場メカニズムを活用しつつ、その上で「人としての豊かさ」を求めていくことは可能だと思います
金融	市場	このシステミック・リスクの特殊アメリカ的な要因の一つは、アメリカ銀行システムのローカル性、すなわち、連邦主義的伝統のために、アメリカ貨幣市場が単一の中央銀行を頂点とする統一的な貨幣市場として機構的に整備されていなかったことによるとみてよいであろう
金融	市場	市場の予想通りの結果となったものの、声明で資産買取額を750億ポンドから1250億ポンドに拡大することを表明したため、一転ポンド売りが強まった
ショッピング	市場	【バンコク】 プロトン・ホールディングスがタイ市場進出に向け、同国の自動車販売大手プラナコーン・オート・セールスを販売代理店に指名することが分かっ
金融	市場	たくさんの投資家から集められたお金は、運用の専門家である投資信託会社が株式や公社債等を対象に証券・金融市場で運用しますが、そのまとまった資金のことです
金融	市場	きっかけは米GDPが市場予想を大幅に下回ったことで、それまでは米景気の軟着陸シナリオが広がり、米株式市場に資金流入が続いていた所に、予想を下回る低成長率に反応が大きくなったと見られています
金融	市場	前日の米国市場で保険株の買い戻しなどを受けたNYダウや、ナスダック総合指数が共に反発した流れを引き継ぎ、東京市場も寄り付きは主力ハイテク株などを中心とした幅広い銘柄に買いが先行し、日経平均は1万700円台を回復する好スタート
ショッピング	市場	またPALは同時に、世界的な金融危機の影響を受けた海外旅行市場が来年にも回復することを見込み、航空機世界大手の米ボーイングに6機を発注すると発表していたが、現在、この計画は凍結されているもよう
ショッピング	市場	いちおう「資本市場は正規分布」という前提にのっとった上での話になりますが、「リスク」とは何なのか、分散投資によってなぜリスクが押さえられるのか、アクティブ運用がインデックス運用に勝てないことが多いのはなぜか、といったテーマがテンポよく語られていきます
ショッピング	市場	平成20年はアメリカ発のサブプライム住宅ローン問題により世界的な金融、経済危機で市場が世界を揺るがせ、そしてことしは100年に一度とも言える経済危機に立ち向かう政府がよくも悪くも主役になり、国民の生活重視の国政を一日も早く樹立してほしいものです
金融	市場	SNS(ソーシャル・ネットワーキングサービス)の「GREE」を運営するグリー(東京都港区、田中良和社長)は12月17日に東京証券取引所のマザーズ市場に上場する
ショッピング	市場	日本の市場のように、今回のデジタルカメラを含めて、商品の魅力そのものをかつての電卓のように”消費”して飽きられてしまうことも、企業の体質強化にはあまり好ましくない面も否定できません
金融	市場	金融、なかんずく株式市場が経済の重要な要であり、将来もテロのターゲットとなることを心に沈め、このインフラをいかなる攻撃にも耐えうるシステムとして整備運用することの重要性を痛感します
金融	市場	僕も、さきほど、90年代のアメリカ株式市場の膨張はナスダック主導だと言いましたが、ナスダック関連産業はビッグビジネスの寡占体制の支配するアメリカの主力産業――これにはメーンフレームの巨人IBMも含まれています――の外側にある新興産業です
ショッピング	市場	言わんとしたことは、完全市場であれば競争により最適な均衡に至るが、参入・退出が行われない寡占状態では競争が不完全にしか行われず、消費者余剰が食われてしまうという教科書的ミクロ経済学の応用です
ショッピング	市場	「卸売手数料の弾力化などの規制緩和が進む中、他の市場の卸売事業者との競争に打ち勝つためには両社の青果物卸売事業を統合し、コスト削減など効率的な経営を推進していく必要があったのです」と、東京新宿ベジフルの取締役、石田義一郎氏は事業統合の経緯を説明する
ショッピング	市場	にしても、音楽配信市場でも、携帯Player市場でもAppleはほぼ独占的な立場を取れており、収益云々は別としても売上げ数は相当数になりそうだ
ショッピング	市場	公募と市場実験の開始」 株式会社CTIサイエンスシステム 弊社は、番組固有音の音聴識別方式によるブロードバンド接続のチャンネルメータ ーを端末とし、30秒を時間単位としてチャンネル毎視聴率と番組毎感想集計をリアル タイムで配信する「テレビ視聴モニタリングシステム」の市場実験を開始します
ショッピング	市場	「ホタテ」などの海産品が有名ですが当社ではこういった海産物の中でも主に「ウニ」「ホタテ」の加工を行っており、日本全国の中央、地方卸売市場に出荷しています
ショッピング	市場	●「消費」が形成するランドスケープは、従来のものより市場支配力を持つ新しい空間コンセプトが登場すると、古い空間コンセプトはそれに取って代わられます
ショッピング	市場	おばちゃんたちが元気いっぱいで昔ながらの市場の雰囲気が気に入っています♪10年前くらいに宿泊学習で行ったのが思い出に残っていて見つけた瞬間にテンションがあがりました
その他	市場	【楽天市場】嘉日まり・博多人形 結婚式の祝いや引き出物、誕生日や冠婚葬祭、転勤や退職記念、七五三、お部屋のワンポイント、外国のみやげに:エンジェルハウス
ショッピング	市場	トヨタ内部には「伝統の欧州を制してこそ、世界的自動車メーカーの称号がふさわしい」という意識が強く、虎視眈々とシェア(市場占有率)アップを狙っている
金融	市場	政府・日銀は今後、市場動向を見ながら介入の縮小を探るが、円高が日本経済に与える悪影響を懸念しているため、行き過ぎた円高には引き続き介入を辞さない考えだ
ショッピング	市場	岩野氏は「世界のコンピューティング市場72兆円のうち12%が011年までにクラウドに移行する」というメリルリンチの予測を引いて、「待ったなし」の状況を強調した
ショッピング	市場	全てのSEMサービスをインハウスで提供できる環境が整備され、市場の複雑なニーズに応えられる高度に戦略的なSEMサービスの展開が可能となり、他社との差別化はもちろんのこと、極めて優位なポジションを確保できるSEM会社になると確信しております
ショッピング	市場	会場のモンゴル人参加者からの、「90年代のモンゴル映画は歴史ものが多かったが、いまの映画は暴力的なもの男女の性愛を描いたものが多い、なぜか」という質問に氏は、「市場経済への移行で映画のつくり方も見方も変わった
ショッピング	市場	広尾物産のインターネット通販サイト「ひろお産直市場」加盟の水産加工、山本水産(広尾町西2)が25、26の両日、芽室町東めむろニュータウン内「みのりーむ」で初の出店販売を行った
ショッピング	市場	市場では、昨年10月以降、業績不振で株価が大幅に下落していることによる値ごろ感と下半期にホームショッピング部門の実績が改善されるとの見通しが好感され、悪材にもかかわらず反騰した
金融	市場	金(GOLD)市場では、中国が需要面でも供給面でも2009年に世界一となったが、新華社通信は24日、中国がダイヤモンド市場でも2009年に、日本を抜いて米国に次ぐ世界2位の販売市場になったと報じている
金融	市場	しかし、市場が当面の防衛ラインとみていた「1ドル=101円」を簡単に突破したことで、市場関係者からは「いつ介入してもおかしくない状況になった」との指摘も出ている
ショッピング	市場	日本自動車工業会が今月まとめた2007年度市場動向調査で、車所有世帯のうち30歳未満の主運転者(運転頻度が最も多い運転者)の割合が05年度比4ポイント減の7%と、調査開始以来初
ショッピング	市場	揚げ物や肉は旧南樽市場、魚介類はバッタランドではなく、鱗友市場や手宮市場、普段着で行くと店員さんも意外にオマケしてくれたりして(謝謝☆)大手スーパーで買うと結局、地元が潤わず逆に地元の商店街を苦しめているような気がします
ショッピング	市場	☆その他「でいご」や「オキナワスペーシー」などのアーティストテイシャツは「南国市場」直営店(国際通り)、那覇空港、観光ホテルなどでも取り扱っております
金融	市場	佐々木 今年は現下の金融市場の混乱を受けて臨時に8月、9月の両月に国債市場特別参加者会合と国債投資家懇談会を開催し広く意見を聴取させていただいている
金融	市場	外為市場では、24―25日の米連邦公開市場委員会(FOMC)で米連邦準備理事会(FRB)がインフレに対する懸念をどれほど強く示すかが焦点となろう
ショッピング	市場	一方で、日本のマーケットあるいは日本の居住者にかかる資本市場のアクティビティや、背景情報としてのマクロやセミマクロの動きには、当社のサービスは従来から定評があり、この強みは今後も生かしてきちんとカバーしていくつもりだ
ショッピング	市場	これまで初回「維持管理業務(=保全業務)の重要性」、第2回「市場が急速に拡大しているアフターサービス」、第3回「国内と海外のメンテナンス文化の違い」、第4回「環境を初めとした地球に優しい工場」をテーマに説明しました
ショッピング	市場	「天然資源減少がもたらす資源価格高騰は最終的に人々の効率的な消費行動をもたらす」と論じる自由市場信望者には反論もあるだろうが、この移行期がもたらす弊害は大変大きく、経済的混乱は避けられないといえる
金融	市場	足元は業績好調ながら、株式市場全般の地合い軟調もあって、6月21日の5840円を目先の高値に調整基調にあったが、16日に年初来安値4105円を付け、17日には基調転換を示唆する十字足となったことで調整一巡感が強まり、買い戻し、見直し買いが続いている
ショッピング	市場	次の「市場価値」は、自分が「夢」を叶えていく上で客観的にいかに価値のあるものを創り出していくかという視点であり、自分の「夢」を独りよがりのものにしないためにも大切である
ショッピング	市場	この度新市場開場にむけて私共下関地区沿岸漁業者は(各単協に所属する漁業組合)新たな規制や規則種々の申請等且つ複雑な事務処理を一つにまとめて円滑に営業出来る様に組織変成しました
ショッピング	市場	市場や一部首脳や欧州委員会からも、ポルトガルやスペインなどへの危機拡大を防ぐため、ECBに国債購入の検討を促してきたが、国債購入は、ECBの資産劣化を招き、共通通貨ユーロの信認を損なう恐れもあり、ECBは一貫して導入に否定的な考えを示してきた
ショッピング	市場	今年から市場導入される家庭用燃料電池は都市ガスやLPガスを改質して水素を取り出すのに対して上記のプロジェクトでは自然エネルギーから水を電気分解して水素を取り出す点でよりCO2排出が少なく環境にやさしいといえますよね
金融	市場	10日の東京株式市場は、景気の先行きへの不透明感から、日経平均株価が一時、前日に記録した終値としてのバブル後最安値を下回り、前日比64円75銭安の7021円28銭と、7000円割れ寸前まで下落した
金融	市場	そうでなければ自分たちが正義だと思い込んで行うデモ行為が諸外国やタイに進出している外資系企業、タイの貿易、タイの株式市場、外国為替市場にどれだけ悪影響を及ぼすかということをほとんど理解していない理由にあたりません
ショッピング	市場	、その昔、札幌の二条市場でアブラガニをタラバガニと称して売る店があり、マスコミが取り上げて話題となり、公正取引委員会が排除命令を出す騒ぎとなった事件がありました
金融	市場	市場では、ここでの調整はファンダメンタルズの悪化ではなく需給関係の崩れに起因していると見る向きが多く、平均株価の寄与度の大きい値嵩株への外国人投資家の利益確定売りが止まるまでは、下値模索の展開が続くとの見方が有力
ショッピング	市場	しかし一説には創業当時、市場を独占していた英国製の接着剤「メンダイン」を市場から攻め(セメ)出すという意味で付けられたという話もあるがいかに・・・
ショッピング	市場	まあ、巨大なファッションビルが建ち並び、大型化、近代化のめざましい東大門市場が、主に衣料品を中心に扱っているのに対して、南大門市場は何でも揃う総合市場と言った感じでしょうか
ショッピング	市場	市場の隣にはオフィスビルと4つ星ランクのホテルが建てられており市場に訪れる人を迎え入れてくれ、また2区は巨大なゆえに市場内の中央通りを大型のカートが来場者を運んでくれます
金融	市場	具体的には、(i)規制緩和など国内外の市場取引の円滑化措置を行って財・生産要素の移動性や価格の柔軟性を高め、(ii)外国からの資本流入や技術導入を促進して国内のIT関係資本の整備を行い、(iii)IT化のメリットを十分に活用できるよう人的資源を拡充させていくことが重要である
ショッピング	市場	ホテル料飲施設の開発支援、市場分析調査を含む複合商業施設のマスタープラン業務、料飲運営業者選定、IRM(インテリジェント・レストラン・マネージメントシステム)に代表される厨房の運営・管理・分析業務を中心にコンサルティング業務を提供しています
その他	市場	「GIGAZINEってニュースサイト、あるじゃないですか」――6月29日、慶応義塾大学湘南藤沢キャンパス(SFC)で行われた講義にゲスト出演した西村博之(ひろゆき)氏は、同じくゲストとして招かれた楽天の三木谷浩史社長に対してこう切り出し、ニュースサイト「GIGAZINE」が指摘した、楽天市場の個人情報の扱いに関する問題について問いかけた
ショッピング	市場	アメリカのオバマ政権に続き、日本「民主党政権」の誕生は、一世を風靡した市場原理至上の新自由主義に代置する新しい政治経済の日本モデルを模索する一歩として記録されるだろう
ショッピング	市場	生産形態や商品内容もある特定のものに特化したことができますから、楽天のような大きな電子市場に専門店として出すことの意味も大きく、実際多くの中小園芸業者さんが店を構えています
ショッピング	市場	これらの世界市場産業相互の競争関係と分業関係が、世界市場における貿易関係とその決済関係――為替相場は、各国の基軸産業の競争力を反映する――を決定してきたのであった
ショッピング	市場	また、今回の大統領選挙で、金大中政権が国際通貨基金(IMF)の要求を批判なしに受け入れ、追及してきた市場万能の新自由主義が、果たしてグローバリゼーションの激しい波が押し寄せてくる激変の時代に、私たちが目指すべき21世紀の韓国社会のモデルなのか、そうではないとすれば、民主的でありながら効率的な韓国的なモデルは何なのかについて、真剣に議論し、これを通じて、国民のコンセンサスを導かなければならない
ショッピング	市場	また、一時国有化の事態に追い込まれた日本長期信用銀行を健全であると言い続けてきた政府の判断に対しても海外銀行からは不信の念が高まり、市場での銀行監督政策の評価を示すジャパンプレミアムは拡大することになった
ショッピング	市場	と、言われているとか、いないとか・・・ 歴史有るこの市場は、朝早くからの時間はミナミの料理屋さんの買出しも多く、 いつも賑わっている雰囲気の市場です
ショッピング	市場	G8は市場の透明性確保も必要だが取引吟味や監視体制や原油や先物、金塊の投機的な仕手多国籍ファンドのおかしな動きや中身の抜き打ち調査が重要視され、また市場扇動するマスメディア規制も重要と表裏相反のジレンマに日本も含むアジア後進圏や英国も含む欧州圏もジレンマに陥っている
金融	市場	したがって、現在の市場利子率に比べて高い投資収益率を持つ設備投資機会だけが実行されることになるので、ある利子率が決まれば、設備投資等に対する支出の総額が決定されることになります
ショッピング	市場	現在、消費市場は額面で250兆円、国債残高は額面で900兆円、金融資産は額面で1500兆円であることを考えると、問題の解決になったとは思えません
ショッピング	市場	その後ナイキ社の業容の飛躍的な改善と、日本市場におけるマイケル・ジョーダンに代表されるバスケットシューズや「ナイキエアー」の若者の間での圧倒的な人気・ブームが到来し、1993年マッキンゼー社の提案に基づき経営権を再び日商岩井(株)からナイキ社に移管、1994年日商岩井(株)保有の全株式はナイキ社に譲渡されました
ショッピング	市場	(1)市場を体験し、(2)世の中を取り巻く様々な情報が現実市場へ与える影響を知り、さらに、(3)リスク・リターンの関係、効果的な投資方法、などを学んでいきます
ショッピング	市場	表彰されたのは井印新得地方卸売市場の今井俊一さん(55)=食品衛生功労=、鹿追町広域総合交流促進施設の田中稔さん(67)=食品衛生指導事業功労=、輝寿し(御影)の西山輝和さん(57)=食品衛生優良施設=の3人
金融	市場	【Analyst Net 商品】本日8月6日(水)、「貴金属(続く米国の金融市場の混乱、ドル建て金価格は買い仕込みの水準に )」「穀物(米農務省の生産高予想が注目)」に関する商品レポートを2レポート発行
金融	市場	2030にストップを置ければ発動の確率は低いと予想しますが、例えば明日東京市場でユーロ円の買いが出るようだと、薄い市場はユーロドルを買い上げずにはいられないと思われ、これがいつもネックです
ショッピング	市場	つまり、オンライン証券が登場する前は、日本の市場はやはり「サラリーマン」中心の市場だったわけで、銀行の持ち合い解消で機関投資家による売買が減少する中、外人投資家とともに個人投資家が参入、流動性のかなりの部分を供給する主体になってます
ショッピング	市場	初日の飛行機のトラブルから始まり釣行予定が短くなったり、それでも念願のアメマスに会えたし、特急に乗れたり市場で買い物できたりと、ものすごく内容の濃い1泊2日の釣行旅行でした
金融	市場	各市場を自由に動き回れるプレーヤーは、株やCDSでショートが作れなくなれば、ドルを売るなり金を買うなり、コリレーションのある他の市場にシフトするだけで、いたちごっこになるのではないか
ショッピング	市場	市場の変化という外的な要因でフレキシブルに変化しなければならないし、事業部署のメンバーの変化、世代の変化という内的な要因でも事業理念を変更し対応しなければならない事態もでてくる
金融	市場	レーマンも慈善事業ではないので、金融市場で調達した800億円の金利コスト、機会費用、LD社のクレジット・リスク、流動性リスク等をカバーする収益をこのディールから得なくてはならないと思います
ショッピング	市場	10世紀中にアブド・アッラフマーン三世により建設されたマディナ・アッ・ザフラーのサロン・リコには、このトラヤヌスの市場の馬蹄形アーチに類似した興味深いニッチの例がある
金融	市場	債券市場と違って、株式市場は今や、よりバラエティに富んだ市場参加者によって構成されてますので、こうした「ゆがみ」は解消されてきている・・・かと思いきや、預金保険機構の玉木氏の著書;
金融	市場	ニューヨーク株式市場のダウ工業株30種平均は、米経済の先行きに悲観的な見方が広がって急反落し、前日比245・40ドル安の8769・70ドルで取引を終えた
金融	市場	◆「株価は市場で決めるのが大原則だが、大きく変動して破壊的な影響を与えるなら、政府もあらゆる手段を駆使して食い止めるのが国民に対する責任だ」[2009/03/03 参院財政金融委員会]
ショッピング	市場	日本の家電市場から手を引くのは、利益率の低い泥沼の競争の継続は経営資源の浪費だと判断し成長市場のヨーロッパやロシアや東南アジアなどに集中させようと決断したらしい
金融	市場	市場や顧客のトレンドにマッチした情報を、わずらわしいオペレーションを行うことなくスピーディに発信すること、また検索サイトなどからすぐにコンテンツを見つけてもらい、多くの方に最適なソリューションとプロダクトの提案を行うためのツールです
ショッピング	市場	ユン長官はまた最近の危機が資本市場の開放に従ったという一部の指摘に対して"資本市場が完全に開放されていて 開放された国境を戻すことはできない"として"状況が難しくなると閂をかければより大きい副作用があって国家経済に 絶対に得にならない"と付け加えた
金融	市場	この発言は、インフレ懸念がまだ払拭されていないとするものだが市場の反応はインフレ懸念の後退に傾いており米ドルが買われ反発に転じることはなく空振りとなった
金融	市場	透明性を要する株式市場において、このような不透明な企業が上場しているのは違法であり、大阪証券取引所や証券監視委員会など適切な判断を下すべきである
金融	市場	東京証券取引所が7日発表した統計(投資主体別売買動向)によると、1月の株式市場(東京、大阪、名古屋の3市場合計)で外国人投資家の売買代金シェアが過去最高の69
その他	市場	断片的で未完成の市場や新興産業には市場の真空状態や不均一性が存在し、それが資源の占有やコストの優位性等の点で満たされざるマーケットニッチを創り出す場合が多い
ショッピング	市場	この市場ではアップルとソニーが2強だが、ソニーのシェアはこのところ低下気味で、10パーセントを切ったと推定され、アップルの独走状態になっている
その他	市場	行政当局による監視・監督も必要だが、それには一定の限界もあるため、市場に一番近いところに居るプロがプロを監視し、緊張感のあるマーケットを創っていくべきだろう
ショッピング	市場	新聞やテレビなど他メディアからの流入だけでなく、従来は顧客企業で販促費や流通対策費などに分類されていた資金がインターネットの利用を通じて広告費に分類されるようになってきていると説明し「広告市場そのもののを底上げしているのではないか」と指摘した
ショッピング	市場	月28日水曜日の高知新聞〜 7月28日の高知新聞の来月の安芸市議選の立候補予定者に質問状の記事です 安芸駅のぢばさん市場の記事が出ていました 土日は凄い人で昼前には直売のお野菜は無い状態です
ショッピング	市場	90年代以降、グローバリゼーションが世界を席巻し、地球の隅々まで市場原理を行き渡らせる時代に入り、コメもまた有力商品として自由競争の標的となった
その他	市場	もしも市場を否定するならば、産まれる前から全て子犬の購入者を決めておくべきであり、子犬を余らせない努力をして、初めて市場の否定が出来るはずです(産まれる前から子犬の譲渡先やニーズを把握し繁殖を行っているブリーダーはこれにあてはまりませんし、知識も高い方が多いようです)
金融	市場	昨年秋以降の金融危機に伴う市場混乱で投資商品から一斉に退避した個人が世界的な景気底入れ期待から、国内外の株式や投資信託、社債などに再び資金を戻し始めた
ショッピング	市場	それは3国とも小国だったため、1国だけでは市場も経済力も小規模に過ぎないが、3国で経済共同体を作れば、フランスやドイツといった欧州の中の大国と同等レベルの市場と経済力を形成できると考えたからです
ショッピング	市場	MASMIHungary市場調査会社によると、一旦ネットで新聞を読むようになった 人は、もう紙の新聞にはほとんど戻らないという調査結果が出たらしい
金融	市場	株価の暴落を受けて、政府は2兆円規模の追加補正予算と、銀行の保有株式を買い取ったり予防的に資本注入するなどの「緊急市場安定化策」の検討に入った
ショッピング	市場	中小企業は、現在、政府系金融機関の統合などによる金融市場の縮小や、この10月から実施される部分保障制度をはじめとする国の責任共有制度導入によって、資金調達がいっそう困難となることが予想されており、都の制度融資の充実を切実に願っています
ショッピング	市場	資本主義経済に関する経験の絶対的な不足、低い国際信用度、狭小な内需市場、老朽化した産業施設、エネルギー難などにより、国際社会から投資財源を調達するのは容易ではないだろう
ショッピング	市場	都では、開場の遅れを最小限にとどめる検討を始めたが、築地市場の跡地利用は、16年夏季五輪の東京招致計画に盛り込まれており、計画の一部見直しも迫られる
金融	市場	先週は金融市場の混乱が収まる中、追加利下げ観測や雇用統計を始めとした米国経済統計が予想を上回り、米国経済の底堅さが示されたことからNYダウが最高値を更新しました
その他	市場	かに通販 北海道カニ市場「かに吉」は稚内で水揚げの蟹、タラバガニ、毛がに、ズワイガニなど新鮮な活蟹を浜ゆで産地直送でお届けするカニ問屋の通販です
金融	市場	先に会社側は国際金融市場で 8億ドル規模の海外 CBを発行、5億ドルは 2006年発行分のフットオブション行事にあてて残り 3億ドルを投資資金で使う計画だったが
金融	市場	これらの膨大なお金が、国民性もありますから欧米並とはいかなくても、もう少し株式市場に回ってくるように公正で魅力的な場づくりをすることが、一見遠回りなようでも実は急務だと思います
ショッピング	市場	コミケというある意味閉鎖された市場であるからまだ目をつぶっていた出版社、コンテンツライナーであるけど、Kindleで著作権無視の書籍が出てきたら、まず間違いなく法的手段に出てくるだろう
ショッピング	市場	さて、この市場はMicrosoftによって独占されているように見えるが、しかしあなたは、何かの理由でワープロが絶対にクラッシュしては困る人々向けというニッチに目を付けた
金融	市場	については、株式市場がさらに混乱するという予想があり、新株や転換社債発行後に株価が下がると、購入者に対して、会社のイメージダウンにつながる可能性があるということです
金融	市場	同連銀エグゼクティブ・バイスプレジデント、ディノ・コス氏は講演で、為替市場は過去数年間、異常なほど安定しているが、その理由は誰にも分からないと指摘
ショッピング	市場	まぁ、コンシュマーでWindowsのみの発売をしても元々シェアが低い+じゃ大した収益を上げられないだろうという研鑽で、他社が手薄なMac市場に乗りこんだんじぇねえの
金融	市場	通期業績予想は、上記の要因のほか、引き続き金融市場の低迷を見込むため、投信販売低迷による役務取引等収益の減少、債券・株式関係損益の減少を織り込み、経常利益および当期純利益とも、前回発表予想を大幅に下回る結果となった
ショッピング	市場	市場原理に基づく効率的な企業再生のためには、日本は法務手続きの迅速化と事業再生融資を受ける機会拡大のため、破産に関する制度を改革する必要があると考えます
金融	市場	郵便貯金銀行それから郵便保険会社の株式の処分は、その規模が極めて大きいということになりますもので、市場で売却することが基本になりますけれども、処分というのは、市場で売却するということに限らず、郵便貯金銀行それから郵便保険会社に対する国の信用、関与を断ち切るために、国の出資する日本郵政株式会社が、両者の支配権、すなわち議決権ですけれども、これを保有しないという状況にすることでございます
その他	市場	【楽天市場】極度の敏感肌の子にも安心して使えます♪■送料無料■ラファンシーズ スーパーナチュラルシャンプー 2000ml [ベビー・敏感肌・アトピー] 犬猫シャンプー【お手入れ】05P17aug10:帝塚山ハウンドカム 楽天市場店
ショッピング	市場	つくりたいと思ってやって、さあ、本当に市場に流れるためには、このままというわけにいかないから、どうしようというので、あとはつくるところに話をつけたり、あるいは売るところに話をつけたりして、市場に乗るようにして、そして1個売れると何%のロイヤリティーと収入をつくるようにするのですよ
ショッピング	市場	そうする事でこの商品は、工業会・設備メーカー・メンテナンス協会・組合など多くの地区限定の取組みからネットワーク構築が可能となる等、今後の市場拡大に影響を与えます
ショッピング	市場	そこでこの委員会でも、今年の5月29日に議論をさせていただいた、築地市場をめぐる農中の金融取引について、改めて話題にさせていただきたいと思います
ショッピング	市場	VWの日本市場参入の話に戻りますが、新聞記事によると、金融部門のVWファイナンシャルサービスの日本法人が、アウディジャパンから高級車を調達し、価格を高めに設定し、東京都内の高級賃貸マンションで会員を募る予定だそうです
金融	市場	このなかには、株式を市場から直接買い取る機構創設のための議員立法も含まれるが、与謝野財務相は「壮大な構想でよかった」としながらも、「あれは日経平均が7000円のころの話だ」と述べ廃案による問題はないとの認識を示した
ショッピング	市場	まず急増する内部業務の効率化を図り、続いて個人向け市場拡大のためのインターネット販売を、そしてシステム統合による「他の追随を許さない競争力を持つビジネモデル」作りを目指します
その他	市場	【マックスファクトリー】販売元:アット市場【発売済商品】通常3~5営業日程度で発送メーカーマックスファクトリー商品説明80年代に連載・アニメ化され、今尚根強い人気を持つ
ショッピング	市場	机の上に置ける程度の小さな国旗でしたらチャトゥチャック市場に行けば売っていますが、家の軒先に飾るような大きな国旗でしたら 私はソイ・プラカノーングの入り口にある旗屋さんで買いました
ショッピング	市場	費者のニーズ 特に中小企業では、顧客ニーズを把握するために 顧客との取引年数の長さや物理的距離を重視 消費者ニーズを把握するためにニッチ市場を重視10
金融	市場	現在の市場価格や合理的に算定された価額である時価が容易に入手できない場合、現在における一定の評価額や適切に市場価格を反映していると考えられる指標を利用して現在の正味売却可能価額を算定する
その他	市場	● 万一、キャンセルあるいは途中棄権があった場合には、(楽天市場により、)次回より本サービスへのご参加をご遠慮いただく場合があるほか、必要と認められた場合は入札者の会員資格を取消されることがあります
ショッピング	市場	サプリメント市場でも「心の病」をサポートするような商品(GABA、テアニン、セントジョンズワート、ラフマ、ザイラリアなど)が増えてきていますね
ショッピング	市場	新興市場では、ユビキタス、デジタルガレージ、スカイマーク、トランスジェニック、Vテクノロジーなど軽量株が値を飛ばしたほか、サイバーエージェント、楽天の中核銘柄も底堅く、 活況を呈しました
ショッピング	市場	ケータイ市場の将来についてコメントを求められると、ドコモの立川氏は「日本発祥のモバイルインターネットはさらに世界に広がる」とiモードなどが世界に受け入れられることに自信を示し、日本のケータイ市場も「ユビキタス時代にはさらに発展するだろう」とさらに成長し続けるとの見解を示した
ショッピング	市場	この言語に関しては誰々が詳しいとか、あの市場については誰々に聞けばいいとか、そういう人の強みを良い意味で盗める人なら、より自分のキャリアアップにも役立ててもらえる社風なんじゃないかと
金融	市場	日銀は連日、市場が必要とする規模を一兆円上回る大量の資金供給を実施しており、これ以上、量を増やしても、お金は実体経済には回っていかず、金融機関の無駄な準備預金が増えるだけだ
金融	市場	今年8月にスタート予定の野村證券に続く格好となります みずほ証券といえば、今までFX市場には参戦せずに 沈黙を貫いていた証券会社ですが 野村證券のくりっく365参戦が刺激になったんでしょうか 同じく大手証券会社の日興コーディアル証券も 大証FXへの参入
金融	市場	そして米国の低金利が続く限り、金融市場では低金利のドルを売って高金利通貨や他の資産(株や商品)に投資するドルキャリー取引が継続すると予想され、今後もドル安・株高・商品高の展開が続くと思われます
ショッピング	市場	ソニーケミカル&インフォメーションデバイス株式会社は、急激に変化する市場情勢に対処すべく、経営体質およびコスト競争力の強化をはかり収益性を改善するには、オペレーションのさらなる効率化・間接機能の集約が急務と判断し、なかだ事業所を中心とした一部事業の見直しと国内事業所の再編の実施を決定いたしました
その他	市場	ハローワークに求職登録を行っている若年求職者と相談の上で、職業経験や労働市場の状況などを考慮して、就職のためにトライアル雇用を経ることが適当だと思われる方に対して、適切な企業を紹介します
金融	市場	【ニューヨーク=山本正実】15日のニューヨーク株式市場は、米銀行最大手のシティグループが222億ドル(約2兆4000億円)の追加損失発生を発表したことなどを受け、全面安となった
ショッピング	市場	ビジネスにおける戦略とは、経営者の意思決定に関わる部分で、どの市場を標的とするのかの決定、商品を開発する方向性、サービスの種類、価格設定、物流拠点の整備、チャネルの選定などがあげられます
ショッピング	市場	いわゆる都市伝説の類ではないが、白水社の「日本の現代伝説」シリーズには、売り手市場をいいことに好き放題を通した学生が、最後に企業の採用担当者にやり込められる話も収録されていた記憶がある
その他	市場	今回は出来るだけ輪島塗の伝統的技術の素晴らしさとその可能性を世界に伝えるべく「塗の美しさを見せる」「触感を知らせる」など、日本市場だけでなく「漆器」文化の歴史の浅い世界の人々へのアピールも込めて、提案しています
ショッピング	市場	日本農業新聞 論説 11/29(木) 農村振興政策/効率農政を補う視点を 農業・農村をも市場原理に巻き込んだ構造改革で、都市と農村の経済格差が拡大、農村振興に新たな視点が求められている
ショッピング	市場	はじめ私は、崩壊した労働市場の中で、グローバル社会に巻き込まれた暮らしの中で、『果たして隣の人はどんな暮らしをしているのだろうか、標準的な世帯の年収はいくらくらいなのだろうか、家族構成はどうなっているのだろうか
ショッピング	市場	その他には、以前"名古屋グランパスエイト"で活躍していたゲーリー・リネカー選手もレスターの出身で(最近はテレビ番組やCMですっかり3枚目)、レスターの中心街にある市場では、リネカーのお父さんが「リネカーズ・ショップ」という看板を掲げて、威勢良く野菜や果物を売っています
ショッピング	市場	ジェイン・ジェイコブス「市場の倫理 統治の倫理」では倫理には二つの職業別タイプ、統治型(=領土に対する責任に関する)道徳と市場型(=商業とそれに関する財やサービスの生産に関する)道徳があり、それぞれは時に相矛盾するということが主張されている
ショッピング	市場	血みどろの戦いが繰り広げられる既存の市場〈レッド・オーシャン(赤い海)〉を抜け出し、競争自体を無意味なものにする未開拓の市場〈ブルー・オーシャン (青い海)〉を創造すること――これこそが、熾烈な競争環境を生きる企業が繁栄しつづけるための唯一の方法である、と本書は説く
ショッピング	市場	島根(しまね)県(けん)のなすは、中山間(ちゅうさんかん)地(ち)を中心(ちゅうしん)に栽培(さいばい)されていますが、近畿(きんき)市場(いちば)には“千両(せんりょう)2号(ごう)”、瀬戸内(せとうち)市場(いちば)には“築(ちく)陽(ひ)”と地域(ちいき)の好(この)みに合(あ)わせて出荷(しゅっか)されています
その他	市場	第238条 施行令第169条の7第2項に規定する利息の率は、国の債権の管理等に関する法律施行令(昭和31年政令第337号)第29条に規定する一般金融市場における金利を勘案して定める率とする
金融	市場	ナスダック・ジャパン構想を契機に取引所、店頭市場と既存の市場を巻き込んだ市場間競争が激化しようとする中で、東証が新興企業を対象とした市場(通称:マザーズ)を11月11日から創設する運びとなり、その先陣を切って両社が上場する訳だ
金融	市場	これを受け、月曜日の10日、金融市場が取引を開始する前までは、最近の金融市場を混乱に陥れた勢力として名指されている信用格付け会社に対し、規制強化というむちを手にするだろうという見方が出回っている
金融	市場	つまり、金融市場の効率化やリスクの分散、多様な投資家の参加、それに伴う適切な価格形成という、市場をベースとした現代的金融システムの長所を支えるはずの装置が、信用膨張を野放図に増幅し、金融危機を深刻化させたということである
ショッピング	市場	市場経済のあり方はその国において、あるいは世界との関係において変わっていきますが、いかに健全な市場経済をつくり、活力につなげていくかが重要です
ショッピング	市場	昨今、日本市場においても、自社の企業価値を向上させ、新たな経営資源を獲得する手段として、M&Aによる企業競争力強化の動きがますます活発化しており、その件数も増加しています
金融	市場	株式市場を魅力的な場にするためには、例えば、「株式投資減税」のような趣旨の減税策を執ることが、中途半端でとってつけたような所得税減税よりもよほど効果的です
その他	市場	また、元々横山町・馬喰町と共に繊維・金物問屋街の一翼を担っていた地域であるが、流通システム・市場の要求の変化と共に、問屋機能の衰退も見られる地域である
ショッピング	市場	はじめて市場に出回つた時に購入し、一時使用を中断してゐたが、ASCII24 だかのアンケートに答へたところリフィルがあたつたので(こんなんばつかりや)また使つてみてゐる
金融	市場	引き続き為替レートの不安に対しては"最近の為替レートは続く貿易収支の黒字と外国人の株式な買い などに起因し、外貨の流動性が市場に供給されて、為替レートが安定傾向になっていると判断する"と話した
金融	市場	3 信託会社等の利害関係人等である次に掲げる者の利益を図るため、投資信託財産の運用の方針、投資信託財産の額又は市場の状況に照らして不必要と認められる取引を行うこと
金融	市場	SBIやマネックスの証券口座を作っておけば、どの市場の株も売買することができますので、ある程度の指標として、どの市場に上場しているのか知っておけば良いのではないかなぁと思います
ショッピング	市場	せわしない市場を通り抜け、定期市の籠と手押し車がひしめいているなかを、『グリーン・ドラゴン』の看板の下を、薄暗い勝手口の上を、アーケードの下を、そして曲がりくねってごちゃごちゃした石畳の通りを抜けて、二人は縫うように歩いた
ショッピング	市場	日本が地理的に孤立していることや、自分たちだけでも何とか回していけるだけの「市場規模」を持っていることは、日本の「ガラパゴス化」の劇症化に寄与していることだろう
ショッピング	市場	市場が関心を払う財務相に藤井裕久党最高顧問を充てるとの観測に対しては「藤井氏は実務能力に秀でており適任」(銀行系証券の情報担当者)と好意的に受け止める指摘が聞かれた
金融	市場	昨年の世界的な金融危機以降の景気減退による自動車市場の低迷などで販売会社の 経営環境が悪化しており、富士重は早期に地域密着型の営業活動を実現すると同時 に合理的な経営体制を確立する新体制への移行が必要と判断した
金融	市場	タイ市場における非居住者の債券の発行について、タイ政府は、ABMIを踏まえ、昨年5月に外国政府及び外国政府系金融機関の債券の発行が個別認可により可能となるガイドラインを示しました
ショッピング	市場	今の日本国民は、「政府が大きすぎる、税金の無駄遣いになる規制なんてのがあるから、政府が大きいんだ、規制緩和を進めて市場に任せれば全てうまく行くんだ」という考え方を熱狂的に支持されているので、Kataseさんもその一人かと思います
ショッピング	市場	企業が資金を市場から調達して経営するという本来の証券市場の性格が、企業から利益を吸い上げ、その利益をアメリカがさらに吸い上げるという図式が出来上がった10年です
金融	市場	東京市場は高値からは40%位の水準で、最安値から見れば20%しか騰がってないのに、好調すぎた NYと比例して落ちていくとしたら、ダウが$8000迄戻るとすると日経平均はどこで落ち着くことやら・・・
金融	市場	なわち、T E D スプレッドやC P スプレッドは、リーマン・ブラザーズ破綻前の水準まで低下している一方、社債市場では、低格付け物を中心に対国債スプレッドが依然として高めの水準で推移している
その他	市場	当社では1980年よりセラミックコーティング技術の開発を始め、1985年には溶射法によるハイドロキシアパタイト(HA)コーティング技術を確立し、1995年よりHAコーティングチタン合金製人工股関節を市場投入しました
金融	市場	一つは、金融機関を通じて不良債権問題、それから世界の金融市場の影響が日本の金融機関、あるいは金融市場にどういう影響を及ぼすかということがありますね
金融	市場	市場が現在見守るのは、毎月1〜2回行われる今後の金融政策決定会合で、さらに無担保コールレート(オーバーナイト物)の金利水準目標の引き上げや基準貸付金利の引き上げが、早いうちに行われるかどうかという点です
金融	市場	欧州市場では「Micra」、「フェアレディZ」が北米市場で「Z」として販売されている)ことを考えるとなんとなく見えてくることなのですが、これは日本人の消費者特有の
金融	市場	98年の秋に金融市場では大手ヘッジファンドLTCMの経営悪化というイベントが発生したが、準備資産を国の富として考えた時、多くのストレステストに対処しなければならない
その他	市場	楽天は、楽天市場のトップページでもイイワケを必死で記載しているようだが・・・この事件のイイワケ以外にもいろいろやらかしているようで、とても忙しそうです
その他	市場	すなわち、海外におきましては、発展途上国における繊維工業のめざましい発達があり、これら諸国における自給度の向上と第三国市国におけるわが国製品との競合によりまして、従来、海外市場において圧倒的地位を誇っていたわが国の繊維製品が次第に後退を余儀なくされつつあります
金融	市場	現在のところ取引市場系サイトによる調達は担当者がネットを使って運用しているが、本格化するためには、株の自動取引のように、取引市場とサーバー同士が直接結びつき基本的な作業は自動化できなければならない
金融	市場	世界金融危機による国内への影響を和らげ金融市場を安定させると共に、世界経済を刺激する迅速な行動が求められていると、日豪両国政府は理解しています
ショッピング	市場	今回の計画はこうした市場の構造変化に柔軟に対応しながら、市場の成長予想とあわせて、市場環境とその変化に影響されない利益体質、成長市場に合せた柔軟な経営体制の構築を目指すのが狙い
金融	市場	また、28日の欧州市場では、フランスとドイツがギリシャ支援を計画していないことを明らかにし、ギリシャ国債とユーロ圏指標債である独連邦債の利回り格差が急拡大し、ギリシャがユーロに加盟した2001年以来の高水準を更新しました
金融	市場	言い方が悪いかもしれませんが、近々 ジャスダックとかマザーズとか市場が増えてきて 当時の店頭銘柄よりももっとお手軽にいろんな会社が上場してくるようになったと思います
その他	市場	これから市場関係者は無論の事、周辺の企業、周辺住民の方たちと協力しあって、築地界隈と市場の活性化につながればなと大いなる期待を寄せています」と今後の抱負を語ってくれた
金融	市場	政府は、 「電線の下をくぐるとコレラにかかりやすくなる」 危険性を考慮する必要はありませんが、国債市場で日本国債が一挙に売られる可能性を甘く見るべきではないと思います
ショッピング	市場	竹中の施策が市場に悪影響を与えるのか、希望を与えるのかはわかりませんが、 何もしなければ明るい未来も無いってのが当たり前の認識だと思うのですが
ショッピング	市場	日本という限られた市場での消費者を取り込んでいるという状況にあるので顧客一人あたりの単価を上げることを追求するため高性能多機能高価格化が起こる
その他	市場	鈴木敏文はすき間産業が利益を産むなどといっているが、すき間産業とは、単にタイをセヴン・イレヴンだらけにしてタイの市場を滅茶苦茶にしているだけなのである
ショッピング	市場	そもそも「ライブドア」の手法は、経営に関してネズミ算式に株式分割を繰り返し市場流通をワザと増やし、ニッポン放送の株取得に関しては仕手グループのように、こっそり株玉集めをしてるから、かなり行儀悪い
金融	市場	取引所金融商品市場外における株券等の買付け等(取引所金融商品市場における有価証券の売買等に準ずるものとして政令で定める取引(1)による株券等の買付け等を除く
金融	市場	第三条 証券市場整備法附則第十条第二項の規定によりなおその効力を有するものとされる証券市場整備法第十四条の規定による改正前の租税特別措置法(以下この条において「旧租税特別措置法」という
金融	市場	海外商品市場における先物取引の受託等に関する法律の規定に基づく立入検査をする職員の携帯する身分を示す証明書の様式を定める省令(昭和58年1月10日農林水産省・通商産業省令第1号)
金融	市場	外国為替市場関係者は "ウォン/ドル為替レートは一両日中に1200ウォンラインを威嚇するものと見られる"としながら"外国為替 当局が速度調節に出るかがカギ"と話した
ショッピング	市場	ニーズを裏付けるように、防犯設備や関連サービスの市場規模は継続的に拡大しており、いっぽうで地域住民による自衛的な活動も全国規模で活発化している
ショッピング	市場	商標権とは、ライバル企業が、既に市場での評価が確定している商標に対して、同一の商標や紛らわしい商標を用いて利益を得ることで、公正な市場原理が破壊されることを防ぐためにあるものです
ショッピング	市場	2003年のBIシステム導入時に構築されたデータウェアハウスには、各JAの経理情報はもとより、農作物の出荷から市場仕切り、生産、営農資材(肥料、飼料、温床資材など)の購入、農家の家族情報、信用情報に至るまで、多岐にわたる農業関連情報が過去5年間にわたって蓄積されています
ショッピング	市場	古物市場主は、古物市場の規約の内容を変更した場合は、速やかに、当該古物市場の所在地の所轄警察署長を経由して、変更後の規約を公安委員会に提出するものとする
ショッピング	市場	100大企業には△最近市場が急激に拡大している日本のマッコリ市場で90%の占有率を見せている 二東(イドン)酒造△昨年BBクリームを38万ドル分輸出したエンプラニ△日本にキムチを 年間500万〜1000万ドル分輸出している乾燥式貿易社が含まれた
ショッピング	市場	最低売却価格は2度引き下げられ、落札価格は当初の最低売却価格を約3億6000万円も割り込んだが、機構は「不動産市場の先行きが不確かな今、落札が決まっただけでもよかった」と強調する
金融	市場	先週末の米国市場動向を汲んで、CME Nikkei225は、15470円と急伸、週初の寄り付き場面では、一段高の場面を垣間見るところとなるが、既に、上昇域は、オーバーシュート水準にあり、出来高薄も手伝い、ここを天井に押し戻される展開へ繋がるものと推察、さらに、順当な流れへ回帰するか否かを確認する場面になるる可能性も高いと考察される
ショッピング	市場	市場経済の浸透は伝統的社会を崩壊させるのではなく、技術の「停滞」をテコにして、むしろ重層的に再生産させるような力として働いている、というわけです
ショッピング	市場	市場といえば、こちらに住んでいる人間にとって一番に思い浮かべるのは、スーパーマーケットじゃなくて、昔ながらのトラディショナルなマーケット、インドネシア語でパサール(pasar)といいます
ショッピング	市場	注意欠陥・多動性障害(ADHD)市場の成長は、主に、診断及び治療を受ける成人患者人口の増加と、2剤のamphetamine製剤の参入により促進されるが、主要市場において、子供及び成人の有病者人口が伸び悩むため、売上高の拡大は抑えられるであろう
ショッピング	市場	SBIベリトランス及びCoolpatは、安全で便利なECインフラの提供という側面からEC市場の発展に積極的に貢献するとともに、本プログラムやその他の活動を通し、募金・献金事業者の決済業務を総合的に支援し、社会的信用の獲得に向けた事業展開を今後も継続してまいります
ショッピング	市場	今市場には色々な肥満対応フードが出回っておりますが、ただ単に、植物繊維を多く利用したフードを選ぶのは間違いであり、ご自分の愛犬・愛猫がなぜ太ってしまったのか、その原因となることを説明してそれに添った肥満対応のものを見つけるべきだと思います
その他	市場	商品名:ステンドグラス チューリップ販売元:トップクリエイト楽天市場店■商品名■ ステンドグラス チューリップ ■送料■ 本州地域のみ送料無料※北海道・九州・四国と沖縄を含む離島にお住まいの方は別途料金が必要です
金融	市場	2日の東京株式市場の平均株価は、米経済の先行き懸念から輸出関連株が売られたうえ、銀行株が総じて下落するなど、前日比419円86銭安の1万2261円80銭と5日続落、1万2300円を割り込んで終了した
金融	市場	次に、現下の経済情勢及び株式市場の動向を踏まえ、証券市場等活性化のために株式等の譲渡所得に係る源泉分離選択課税制度の延長が図られたところでございます
その他	市場	市場を現地で再整備しようと願う人々は、苦労をして情報公開を求めている反面、その移転については十分に知識をもって判断した(はずの)方が、自信を持って移転したいと言っていたのに、その行政のシステムも、情報のあり方も知らなかったということになります
金融	市場	東京株式市場は、前週末の米国株が米マイクロソフトによる米ヤフー買収提案やモノライン(金融保証会社)救済観測などで上昇したことを受けて、幅広い銘柄に買いが先行した
その他	市場	国分市場第1雨水ポンプ場の事業内容は、平成 19年度から 2ヵ年工事で実施している電気、ポンプ、機械設備工事を平成 20年 9月末に完了します
ショッピング	市場	第十五条 卸売業者は、地方卸売市場における卸売の業務については仲卸業者及び買受人(その卸売業者の当該卸売の業務に係る地方卸売市場及び取扱品目の部類と同一の地方卸売市場及び取扱品目の部類について、第十一条第二項の承認を受けた仲卸業者及び第十二条第一項の承認を受けた買受人に限る
金融	市場	プラザ合意(※1)に端を発する急激な円高は、米国債券などに投資していた資金に含み損を生じさせ、結果資金は為替リスクのない国内金融市場に向けられました
ショッピング	市場	「日本国内のアンチ市場主義者達は、目先のおためごかしの人気取りに精を出す人ではあっても 決して人道主義者ではないのではないか」と感じている「貞子ちゃんの連れ連れ日記」さんが、自由主義者・思想家でノーベル経済学賞を授賞したことで知られるミルトン・フリードマン氏の逝去に際して、こう書いてくれました
金融	市場	インフレ警戒感から金融引き締めバイアスがかかるようであれば、株式市場には重荷になる」(新光証券マーケットアナリストの高橋幸男氏)と市場関係者はいう
その他	市場	3 市場における有力な金融業を営む事業者が、有力な販売業者に対し、自己と密接な関係にある製造業者とのみ取引することを条件として融資すること(一般指定一三項)
ショッピング	市場	例えば値幅制限を5%に拡大させることで、政府は「市場は柔軟性を獲得した、レートは市場の需給で決まるようになった」と公言することが可能となるからである
その他	市場	市場参加者をこのような方法で保護することができなかった場合、BullionVault及び顧客は、その後に市場が全ての参加者が公平に機能するように適当な修正が行われることを承諾します
金融	市場	市場におけるシェアはかなり低下したとはいえ、「一太郎」と言えばかつては日本におけるデファクトスタンダードと認識されていたワープロソフトであり、ジャストシステム社の売上全体のかなりの部分(40%程度
金融	市場	13日のニューヨーク株式市場は、ハイテク関連を中心に買い戻しが入り、ハイテク銘柄の多い店頭市場のナスダック総合指数は前日終値比91・40ポイント高と反発し2014・78で取引を終了
金融	市場	個人でもまともに売買できるのは日経225オプションだけというオプション市場の隙を突かれて、ゴールドマンは自ら胴元となってeワラントを発行するは、外資系証券は仕組み債を個人や法人に提供して大いに損させたり、損失先送りの手助けをしたりと縦横無尽の活躍
ショッピング	市場	旧市街にある カパル・チャルシュ と呼ばれる屋根付き市場(グランドバザール)は、狭い路地が複雑に入り組んだこの迷宮のようなバザールには、4000軒以上の店があります
ショッピング	市場	「現場力の充実」という今回のテーマに基づき、築地市場見学をはじめ、お取引先の最新主力工場での見学講演会といった切り口の内容の研修会を実施致させて頂きました
ショッピング	市場	魚介類などの生鮮食品を中心に扱う店舗が集まっている場としては他に築地市場があるが、築地市場そのものは東京都管轄の公営であること、築地市場は業者向けの販売を主体としており、量販も前提としており、価格設定も基本的に値引き交渉をしないことを前提としている
ショッピング	市場	あの付近将来は片側三車線ずつに拡幅予定となっていますが、国道を管理する側の人間としては唐戸交差点から唐戸市場前の交差点までは信号機なしにしたいらしいのです
金融	市場	米国経済や金融市場について以下のように述べ、現在の株式市場の上昇はベアラリーであるとの見方や、来年までに起こると予想する通貨危機への懸念を示した
ショッピング	市場	国民の多くが望んでいるのは、市場原理主義的な改革ではなく、一人一人の心と命を大切にして、すべての人々が人間らしい生活を営むことができるような、真の意味におけるゆたかな社会だということをはっきり示したいものである
金融	市場	「(4月)1日の東京株式市場は、前日の取引終了間際に、郵便貯金などの公的資金を使った株式維持政策(PKO)で株価を押し上げた反動で、取引開始直後から相場が急落した
その他	市場	有用成分豊富なアンチエイジング・機能性素材『馬プラセンタエキス』 注目の素材(原料)ダイエット素材の市場動向、取り扱い企業を紹介 アミノ酸化粧品OEMのパイオニア企業のこだわり 冬の乾燥肌対策
金融	市場	JASDAQ市場も1部市場の軟調さに歩調を合わせて、やや上値が重くなってきた銘柄が増えているようだが、景気回復傾向が続けば見直し買いも入りそうだ
ショッピング	市場	この「浸食」の進展を「国家vs市場の相剋」というモチーフで描いている割には、その「市場の圧力」の本質が何であるのかという点についての突っ込みが足りないのである
金融	市場	◆NYダウが年初来高値を更新し01年6月以来3年半ぶり高値水準となったことを受け、東京市場も10月第2週以来2カ月ぶり26週移動平均線と52週線を同時に上回ってきた
金融	市場	《米国のサブプライムローン問題でも、証券化やマネーゲームの行き過ぎを論難するよりも、むしろ米国政府の住宅取得に関する過剰なほどの優遇政策によって実態以上に資金が住宅市場に流入したことが原因であると考える方が建設的でむしろ本源的かもしれません
ショッピング	市場	市場シェア約15%(60億円)のテルモは、2002年6月試験器と針を一体化し本体に指を置くだけで採血から血糖値測定まで自動で完了する「メディセーフezボイス」を発売、2003年3月には深刻な合併症の原因となる「血中ケトン体」も1台で測れる「電極式」測定方式を採用した「メディセーフDuo」(価格1万5千円)を投入
ショッピング	市場	お客さま・地域・株主・市場といった外部のステークホルダーから選ばれる、存在感の高い銀行になるためには、財務体質をさらに強化し、より高いレベルを維持していくことが重要と考えております
ショッピング	市場	自社品の開発パイプラインの充実といった課題は、他の国内製薬企業だけでなく、国内市場への侵攻を強める外資系メーカーにとってさえ、「他人事」とは言い切れない頭痛のタネである
ショッピング	市場	価格というのは各国の市場原理やライバル企業の動向などによって決まることが多いので、国外で高く売って国内では安く売るという行為は海外企業では得てして起こる話です
ショッピング	市場	AMDによるATIの買収によって生まれる新会社は、技術革新を通じて、主要な市場分野で高まりを見せるさらに統合化が進んだソリューションへの需要に対応します
金融	市場	すなわち、市場流動性の圧倒的寄与を行う短期トレーダー が市場で、実際に売り行動をしたり 実際に買い行動をする 事によってのみ、はじめて取引所が大きな規模でスムーズに売買が成り立つ事が 現実に可能なのです
金融	市場	日経BP・バイオINDEXの算定対象は、国内の株式市場に上場する企業のうちで、バイオ事業を主たる事業とする研究開発型ベンチャー企業であるとして、日経BP社バイオセンターが選考した企業
ショッピング	市場	ビデオリサーチ社(Video Research)のコンセプト・シームは、「メディアリサーチおよび広告コミュニケーション効果の調査、そして市場調査・ネットリサーチなどをトータルサポート
金融	市場	そこで、外貨投資を行ううえで必要な外国為替市場について理解を深めていただくため、金融市場の分析で定評ある株式会社フィスコのレポートをポッドキャスティングでお届けします
ショッピング	市場	液晶テレビ市場で急速にシェアを拡大する、外資系メーカーへの対抗が主な目的としており、地場系5社の“連携プレー”が今後どこまで成果を挙げられるか注目されそうだ
ショッピング	市場	境港卸売市場でたくさんのカニが大八車に積み込まれ、境港大漁太鼓の演奏を先頭に、人力車に乗った鬼太郎とネコ娘、カニ、そしてたくさんの関係者や一般の方が水木しげる記念館前を通り、水木しげるロードの妖怪神社へと向かいました
ショッピング	市場	このように、変わり易い市場において確固たる地盤を築きつつも、今に満足せず、常に柔軟に商品開発に取り組んでいる中小企業のほうが、価格と数で市場を支配しようとする大企業より、よほど将来性があると言えるのではないでしょうか
ショッピング	市場	最初のメンバーが3人というシビレる環境の中、ふれあい市場がスタートし、そのワリにヒトが結構来てくれてる♪ でもってだんだん暖かくなっちゃったもんだから煮込み系はイマイチだったみたいですが、それでも最終的には60だの70だのと出てた様でそんなに収益はわるくなかったんじゃないのかなって思ってます
ショッピング	市場	このため次の市場については、新興市場銘柄のお取引に関する確認事項をよくご理解いただいたうえで市場の特性やリスクについて十分にご理解いただきお取引くださいますようお願いいたします
金融	市場	ブラジル金融市場ではドルが急騰し、観光パック購入や電子機器類輸入を急がないようにとのアドバイスが聞かれ、コンサルタントらはまだ時期尚早としてブラジルのマクロ経済予測変更はしていないものの、今後は中銀による基本経済金利(Selic)引下げ幅が縮まると見る
金融	市場	金融市場を震撼させた米国大手証券会社のリーマンブラザーズの経営破たんから一夜明けたが、今日は世界最大の生保会社AIGに対して9兆円規模の同国公的資金導入の決定が行われたとのニュースが流れた
ショッピング	市場	iPhoneの3G対応は欧州・アジア・日本市場を切り拓く原動力となりうる——「iPhoneが日本に上陸する日」の著者で、日ごろから海外の携帯電話市場をウォッチしている香港在住の携帯ジャーナリスト山根康宏氏がiPhoneの3G対応を考える
ショッピング	市場	わが国の労働政策の青年労働者に有利で、中高年の労働者は冷遇されるという条件下で、不景気・倒産・失業・出稼ぎ、あるいは個人的・家庭的理由によって、一般の労働市場から反発された中高年の労働者のうちかなりの者が日雇労働市場としての釜ヶ崎へ流人してきているのであろう
金融	市場	政府は、人民元切り上げが現実となる可能性を見極めながら、外国為替や金融市場へのモニターリングを強化し、万が一、見舞われかねない「中国発ショック」を食い止める方針だ
金融	市場	市場関係者は17日に当局がウォン高を防ぐため、為替市場で8億−12億ドル規模のドル買い介入を行ったのに続き、18日にもウォン相場を1200ウォン台前半に維持するため、介入を行ったとみている
ショッピング	市場	こうして90年頃には銀行の資金調達に占める市場性資金の比率が急上昇し、長期貸出金利は当局の思惑でなくスワップ市場に合わせて変動し、長プラの形骸化が進んだ
金融	市場	敷衍して考察すれば、少なくともB2C市場においては、これら個人の感情の琴線を上手く撫でた、もしくは創造した企業がビジネスとして成功していると思います
ショッピング	市場	必ずしもドコモの利益になる訳ではないかもしれませんが(回線を貸す事でイーモバイルからお金はもらえるでしょうけど)市場の活性化のためにドコモが「見せ掛けだけでも」力を貸す必要があります
その他	市場	ラベルは予告無く変更する場合がございますご注意ください採蜜地:北海道雨竜郡幌加内町一円原材料:国産純粋はちみつ保存方法:直射日光を避け、常温にて保存※はちみつは生ものですので、1歳未満の乳児には与えないでください商品詳細:【お買い物マラソン1215ポッキリ】:【国産はちみつ】:【シニア市場】☆(300G)完熟そばの花のはちみつ北海道産
その他	市場	【楽天市場】昔の手焼き【えびせ んべい詰め合わせ】:キッチンサ ポート・タナカ100%えびのえ びせんべい使うほどに愛着が湧く 陶芸品や家庭で使える業務用のキ ッチン用品、掃除用品など&NB
その他	市場	従って、そこから導き出された投信改革案は証券市場の側に視座を置いたものとなり、投資家サイドに視座を置いた改革案とは、その範囲や内容において異なるものとなった
金融	市場	次にもう一つ申上げたいことは、そのアメリカ市場に対して現在南アフリカの製品が相当入り込んでいるというようなこと、現在、昨年度約三十万函がカリフォルニアの業者によつて輸入されておるという事実があるのでありまして南アにおいては大体四十万トンの水揚げがある、いわしの
ショッピング	市場	具体的には市場目標を設定し、それに向けて製品計画、価格政策、広告政策、営業政策、流通チャネル政策、物流政策、マーケティング情報等によって構成されるマーケティング・ミックスをもってアプローチし、需要を創造していくのがマーケティング戦略であり、その構築、展開を実務的に立案、実行しうる人材の育成が目的となります
ショッピング	市場	一方、オースリン氏によれば、安倍氏は「より強い日本、より自信ある日本」を目標に、民主主義や市場経済を基盤とし、安保努力の増強や日米同盟の強化を目指すという点で、是非は別にしても、政策の方向は明確だという
ショッピング	市場	不動産投信市場の拡大を見込み、国内外の投資家や不動産所有者に対する運営助言も手掛け、近鉄や金融機関の持つ不動産や金融関連の知識も活用して業容拡大を狙うとしています
その他	市場	そのなかで「話しことば」と「書きことば」と「電子のことば」、また「国家のことば」と「市場のことば」と「『うちら』のことば」など問題視座から、「いま『自分たちのことば』をつくりだす」とはどういうことか考えたい
ショッピング	市場	当時RPGといえばドラクエIV、FFIIIがゲーム市場を席巻しており、他のRPGなんてほとんど知らなかった私に同じサッカー部の友人が見せてくれたのが女神転生2だった
金融	市場	また、シカゴを含め米国市場に強い影響力を持つ、読者の方にもお馴染みの「CFTCレポート」は、市場でのコマーシャルや投機筋の動きを掴むことができる
ショッピング	市場	笹原「市場に製品を出すというのはメーカーの責任ですから、普段我々が開発するものであろうと、アワードのものであろうと、きちんとしたスタンスで作り上げます」
金融	市場	日本国内市場においてオファーされる金融商品及び戦略投資は、「バスケット」型、つまり、通常ロシアの有価証券を含む全新興市場が一つの戦略投資にまとめられていものか、あるいはロシアに特化した金融商品の場合は、非ロシア企業が管理しています
金融	市場	韓国投資証券のチョン・ミンギュ首席研究委員は「政府が市場が最も心配している点を説明するという方向に対応方法を変えていかなければならない」と助言した
金融	市場	別の市場関係者によると、FRBは金融機関の問題を民間で解決することを求め、JPモルガン・チェースとゴールドマン・サックスに、AIGに対する協調融資枠700億─750億ドルの取りまとめを検討するよう促している
金融	市場	外国投資者が機械設備で値踏み出資とする場合、当該機械設備は企業生産経営に必要なものであり、それにその値踏みが同類機械設備其の当時の国際市場基準値段を上回ってはいけない
ショッピング	市場	それに伴い、モバイル広告市場が急速に拡大するなど(注2)、携帯電話を活用したプロモーションやマーケティング活動は企業の販売促進活動において非常に有効な手段となっております
ショッピング	市場	Capic製品の市場感性の中でのイメージ付け、そして、市場感性をどのようにとらえて参照し、Capic製品の方向性を見つめ直すことが、今後、ますます要求されることでしょう
ショッピング	市場	市場経済への移行開始後、ルーマニアは比較的早く混乱から抜け出し、経済成長路線をのせたが、1997年から1999年まで3年連続でマイナス成長を経験した
金融	市場	これに伴い青木マリーン株式会社(昭和54年6月設立、大阪証券取引所市場第二部上場)、大和工業株式会社(昭和22年6月設立)が子会社に、国土総合建設株式会社が関連会社になる
その他	市場	【小分けできる】【日持ち1週間以上】【片手で食べられる】【TVで紹介】【雑誌で紹介 ギフト】【楽天シニア市場】【お土産マップ】【常温で保存可能】【個包装】【甘さ控えめ】【期間限定 ポイント対策に】【雑誌で紹介】【自分にご褒美】【お取り寄せマップ 秋田】【老舗】【大人 贅沢に】【月末ポイント使っちゃおう
ショッピング	市場	直近10年間の市場変化を見ると、特に普及ラインのセダンは出荷台数が半分以下に落ち込んでいるのに対し、ベンツとBMWを合わせた高級車市場は、ゆっくりとバブル崩壊後も伸び続けているのでした
金融	市場	シンガポールは東南アジア諸国に進出するため、香港拠点は中国市場に参入するための最高の足がかりとなるでしょう」とナノエッグ社代表取締役社長の大竹秀彦氏( MBA )は語る
その他	市場	そんな天然石のパワーをいかしたい方、ビジネスに取り入れたい方、そしてスピリチュアル産業の市場動向が気になる方・・・さまざまな角度から、あなたの疑問にお答えします
ショッピング	市場	しかし住宅産業は、自動車産業と同じく20兆円の市場規模を持つものであるのにもかかわらず、業界全体での標準化とはあまり熱心に取り組んでこなかった
金融	市場	この取引市場系B2Bでは個別プロジェクトを取り扱う個別発注市場(RFPs)、業界大手が共同して設立する業界統合市場(ISEs)、ブローカーや商社が開設する私的取引市場(ITEs)の3つに大別される
ショッピング	市場	ライブドア、村上ファンドなどの事件を通して、証券市場の構造についてばかり論議されていますが、これらの問題の本質は、証券市場に限られたものではないと思います
ショッピング	市場	その後、市場の求めに応じて、何度かハミルトンはこのレプリカを作っているが、当初の10台はトラスロッドの仕様を始め、レイ・ヴォーン本人が愛用したものと各部の仕様が同一で、プレミアム性が極めて高い
ショッピング	市場	そこで問題は、アメリカを中心とするこの「金融資産バブル」、ソロスのいう「グローバルキャピタリズム」、「金融市場資本主義」は、果たしてブレーキ機構をもっているのか、それともノーブレーキのきわどいジグザグ運転を続けるのか、ということになりますが、果たしてそれがソロスの心配するようなバスト、クラッシュとなるでしょうか
金融	市場	まあ、それは個人的な思いなのでどうでもよいことなのですが、巨大な国内債券市場があるアメリカでは外貨建ての債権は個人向けには見たことがありません
ショッピング	市場	そんな彼らが日々闊歩する場所として、新長田駅南地区の「六間道商店街」、「丸五市場」、「二葉三四商店街」、「西神戸センター街」の4つの商店街などこのあたり一帯で撮影が行われました
ショッピング	市場	お盆休みを前に市場参加者は例年通り減少傾向にあるが、前週末の7月雇用統計が景気減速の兆候を裏付ける内容となったことから、米国市場が落ち着きを取り戻したことを背景に値嵩ハイテク株中心に買い戻しの動きが広がり、日経平均は3日ぶりに反発
その他	市場	店頭での売上は人口減少に歯止めがかからないこのご時世では、あまり期待できませんから」とは言うものの、「楽天市場で売れていることが話題になり、テレビや雑誌等にも取り上げられることが多くなり、相乗効果で来店されるお客様や、新しいビジネスにつながりました
金融	市場	菅直人首相は3日、甲府市内で街頭演説し、東京債券市場で長期金利の指標となる10年物国債の流通利回りが連日低下していることについて「日本は自分の力で、ちゃんと責任ある行動を取るだろうと世界が思っているから、国債の金利も下がっている」と述べ、財政健全化を目指す政権の姿勢が一定の評価を得ているとの見方を示した
ショッピング	市場	地元の人たちと食通に愛されるメスのズワイ「越前セイコガニ」は1月初旬で終わりだが、皇室献上で知られる極上の「越前ズワイガニ」は2月ころまで美味しいし、入れ替わりに市場に出てくる脱皮直後のズワイ「ズボガニ」は、その甘く瑞々しい身が3月終わりころまで楽しめる
ショッピング	市場	1999年時点でこのような住宅市場の特性を見抜いていたグリーンスパンは、株式バブル崩壊後の低金利政策の下で住宅ブームが長期的に続き、景気を下支えすることに自信を持っていたに違いなく、事実その通りになったのである
ショッピング	市場	ゆえに、meiji プロテイン ダイエットのダイエット関連商品は巨大市場を形成しており、また巷には数百もの○○下半身 ダイエットのダイエットと称するデトックス ダイエット 方法のダイエットの方法が氾濫しています
ショッピング	市場	これ以上の数がいってしまうと、引っ張られてしまうであろうというのがあって、ここで、われわれの生産のシステムと市場のシステムと分配とのメカニズムを作りたいというところなんです
金融	市場	5日の東京市場は、大きく反発した後だけに、やれやれの売り物と円高に反応した輸出関連自動車株の冴えない動きを映して、日経平均ベースでは121円安と一見調整局面となるような下げでしたが、昨日の段階では陰転しているとは限りません
ショッピング	市場	月末に向けては大量の投信設定が予定され、需給関係は改善してくるとの見方から、一時期の総悲観ムードは払拭されており、むしろ今後の企業決算発表の内容を前向きに評価しようというのが市場のコンセンサスになりつつある
金融	市場	週明けの東京外国為替市場で円買い・ドル売りが進んでドルが全面安となり、一時1ドル=99円50銭を付け、終値も、前の週末に比べて47銭円高ドル安の1ドル=99円93銭を付けて、終値で戦後初めて100円の水準を突破した
ショッピング	市場	大衆消費社会における新しい工業製品の開発、市場での流通、購買行動、消費行動にいそしみ、またそれが生産の刺激に繋がるといった好循環が、高度消費社会における機能的、記号的価値の付加された商品開発から好循環と同様であり、生活の豊かさを求める回路としてのフォーディズム=工業モデルはその有効性を失っていない
ショッピング	市場	東京と比べて市場が小さい分、影響も限定的と言えますし、名古屋には特に名駅から栄にかけて古いオフィスビルがたくさん残っていますから、その建て替え需要もかなりある
ショッピング	市場	産直市場には農産物や花、加工品100品目が並べられ、今が旬の尾道産の桃、ブドウ、向島産のトマト、 因島産のスイカ、世羅産のアスパラガスなど市価の2割から3割引で販売され、飛ぶように売れていました
その他	市場	アダム・スミスよりも前に『都鄙問答』を著して、市場メカニズムを讃えた石田梅岩は「実(まこと)の商人は先も立ち、我も立つことを思うなり」と言い、商人も聖人の道を知るべきだという商人道を唱えていた
ショッピング	市場	市場の懸念を解消する方向での規制強化は方向性としては正しいと思われるが、規制過剰となってCDSのメリットまでを殺すことがないように、あらゆる規制の導入は慎重に行なわれるべきだろう
ショッピング	市場	そうして、注文を受けていろんなものをつくるわけですから、そういう数ヵ月後の、今度は為替市場をお調べくださいますとおわかりのように、そのころはやっぱり二百八十円ぐらいになったり、あるいはまた、それでも為替の予約ができない時代がございました
その他	市場	アンマクヤ防災屋 楽天市場店へようこそ 当店は防災頭巾をはじめ防災用品各種、防犯ブザーをはじめ防犯用品各種、アンマクヤオリジナルの遮光カーテン・暗幕および難燃・不燃・防炎生地の販売を中心にお客様の生活がより安全にそしよりて便利になるように様々な商品の提案をしています
金融	市場	金融収縮と言うのは市場へより多くの実際のお金が流れ膨らんだ金融商品がしぼむだけで、実際のお金の現生を多く持つヤクザにとって稼ぎ時であり、株主として企業に戻り企業ヤクザの道を歩むしか無いだろう
ショッピング	市場	これを受けて、情報処理技術者試験制度も、IT人材市場の活性化に貢献する客観的な評価指標となるよう、積極的に国際展開を図り、我が国IT人材の国際競争力の確保に貢献することが求められている
金融	市場	サブプライムローン問題で生じた不良債権を米政府は75兆円の公的資金の投入で処理することを与野党で合意、しかし議会は昨日これを拒否、一気に金融不安が高まり米ニューヨーク株式市場にてダウ平均株価の終値が前週末比777・68ドル安の1 万365・45ドルと過去最大の下げ幅を記録
金融	市場	法による規制制度の再編に関して、金融取引および金融市場に関する法律は、規範(ノーム)としての法よりも運用規則(ルール)としての法の性格を濃厚に有するが、自発的に生じ培われてきた伝統的制度の転換がおこなわれたという
金融	市場	最も好調な市場はインドであるが、中国も06年1月に施行された再生可能エネルギー法への期待から市場を後押しし、05年の新規導入設備容量は前年比2倍近くに達した
ショッピング	市場	平和不動産の所有で、下層階は旧市場館の外観を保存したものとなっており、エントランスホールの大型モニターには、大阪証券取引所の顔である日経225先物取引の取引値が表示されている
ショッピング	市場	札幌の二条市場、青森や仙台の駅前市場、金沢の近江町市場、東京の築地、大阪・鶴橋の公設市場、同じく大阪の黒門市場、数日前に行っている那覇・牧志第一公設市場とそしてここ、小倉の旦過市場と全国各地で市場歩きを楽しんでいる
ショッピング	市場	地域の経済環境と雇用情勢、労働市場政策とフレクシキュリティ(安全保障を伴った柔軟性)、賃金政策、社会対話、仕事と家庭の両立に向けた政策、社会的保護、就労上の基本的な権利といった、仕事に係わる幅広いテーマを取り上げた七つのパネル討議が予定されています
ショッピング	市場	たとえば、コメやタマネギの売買を行っているグループの収益は、気候の影響や市場の動向で大きく変動してしまいますが、グループごとに違う事業を行うことで、補完し合えるのです
金融	市場	当社では、お客様から国内の金融商品取引所市場に上場されている有価証券の注文を受託した際に、お客様から取引の執行に関するご指示がない場合につきましては、以下の方針に従い執行することに努めます
金融	市場	四 自己の株式又は出資の取得(証券取引所の開設する市場における購入による取得その他の政令で定める取得及び第六十一条の二第十一項第一号から第三号まで(有価証券の譲渡益又は譲渡損の益金又は損金算入)に掲げる株式又は出資の同項に規定する場合に該当する場合における取得を除く
金融	市場	そのため、私的契約の不適切な条項等に対する差止請求権を消費者に付与することで、市場の不完全性を是正し、消費者権利の適切な擁護および消費者取引の適正化が期待できる
その他	市場	◆ウルグアイラウンド(UR)交渉によって、農産物市場を開放することになるや、金泳三(キム・ヨンサム)政権は、農漁村の構造改善に42兆ウォンの予算をあてた
ショッピング	市場	デジタルメディアを全世界に向けて確実に配信するプラットフォームを提供し、エンターテイメント市場、エンタープライズ市場、教育市場に新たなビジネスチャンスをもたらします
その他	市場	おっしゃるような購入者側のメリットを利用しようと何度か挑戦したのですが 副になる市場は売買が少なく思うように成立せずメリットを味わうことが叶いませんでした
金融	市場	投資対象国・地域において、政治・経済情勢の変化により証券市場や為替市場等に混乱が生じた場合や市場の取引に対して新たな規制が設けられた場合には、基準価額が下落し、運用方針に沿った運用が困難となる場合があります
その他	市場	アイス饅頭(まんじゅう)三重県寿恵広楽天市場人気「アイスクリーム」の売れ筋ランキングジェラートジャンル売れ筋ランキング(楽天市場)沖縄ブルーシール秋田ババヘラアイスブルーシールアイス楽天市場支店:沖縄のブルーシールアイスクリーム本社直販サイト甘味主義全国のごひいき和菓子中島久枝ポプラ社浅草むぎとろとろろ生地お菓子
金融	市場	)に対し、国際連合総会の確立された慣行において発展途上国として扱われている締約国及び市場経済に移行中の国である締約国の代表の参加を支援するために財政的援助を与えることを要請することができる
金融	市場	まあ、どっちにしても日本市場に上場する気はさらさらないが、日本の市場に上場したいけど資金を求めて私のところにくる投資家にはもう投資が出来なくなる
その他	市場	7747(朝日インテック)は、当社グループが製造する腹部血管造影用ガイドワイヤーを中心とする腹部血管内カテーテル製品について、センチュリーメディカル株式会社と、国内市場において独占販売代理店契約を締結致しましたので、お知らせ致します
金融	市場	三 投資信託及び投資法人に関する法律施行令第三条第三号 から第七号 までに掲げる有価証券オプション取引に係る権利、外国市場証券先物取引に係る権利、有価証券店頭指数等先渡取引に係る権利、有価証券店頭オプション取引に係る権利及び有価証券店頭指数等スワップ取引に係る権利
金融	市場	この出来事は、世界の金融市場で日本企業が取り残されることに危機感を強めた金融庁や財界、会計士協会などが、単なる「共通化」ではなく、国際基準そのものを「受け入れる」方向に舵を大きく切ったということを示すものである
ショッピング	市場	その後、清酒市場が縮小傾向にはなっていきましたが、TaKaRaは1989(平成元)年に四季醸造蔵の新設、さらに21世紀の消費傾向を見据えて 2001(平成13)年には特定名称酒の生産拠点「松竹梅白壁蔵」を建設しました
ショッピング	市場	競馬評論家の石川喬司さん(76)は「ソフトバンク・プレイヤーズは、世界中に広がりつつあるネット上の競馬市場の中で優位な位置に立ちたいとの思惑があるのではないか」と推測する
金融	市場	NY外為市場の終値は、米経済に対する悲観的な見方が朝方は支配的でしたが、引けにかけて円安ドル高の流れになり1ドル=90円61−67銭で取引を終了しました
ショッピング	市場	収益の悪化のような要因は下落して当然ですが、市場環境の先行き不安、海外の景気動向、為替の変動、投資マインドの冷え込みといった、直接は関係のなさそうな要因によっても、株価はあっさりと下落してしまうこともあるからです
ショッピング	市場	先生の個人的意見としては、おそらくレーガンがその流れを作った市場原理主義というか、何でも市場に聞いてみよう、市場が神、みたいな流れをちょっと一時でも止めてみたいという気はしている
金融	市場	今週の為替市場の注目ポイントは、20日の米国最大のイベントであるオバマ大統領就任式や米住宅指標、さらに相次いで発表される金融機関をはじめとした企業決算です
ショッピング	市場	「搾取」概念を冷静に見直したとき、それはそもそも市場というか、より大きくいえば「経済」というものが成立することにとって不可避なので、政治主義的観点から搾取はいかん
その他	市場	16日に開催された米連邦準備制度理事会(FRB)の連邦公開市場委員会(FOMC)において、米国の政策金利であるフェデラルファンド(FF)金利の誘導目標が現行1
ショッピング	市場	イタリアの労働市場は他の欧州主要国と異なり、労働者の賃金要求を抑えることに成功してきており、92年以降は賃上げを巡ってのストライキも減っている
金融	市場	3月15日に東京の株式市場が暴落を見せ、4月には大阪の増田ビル・ブローカー銀行が破綻し、株式市場・商品市場が暫時閉鎖に追い込まれる事態となった
ショッピング	市場	この問題がさらに悪化するようだと、アメリカの住宅市場が落ち込み、それにともなって耐久消費財などの消費も落ち込んで、不景気になることが予想されます
ショッピング	市場	一方はANAクラウンプラザに、もう一方はANAホリデイ・インとすることが提案されており、市場のニーズ、そしてそれぞれのホテルに対して必要な改修について、最適な共同ブランド化のための合意に向けて、調査が進められている
ショッピング	市場	このほか、清華大学副学長の陳吉寧教授は、中国は廃棄物の処理技術や産業化、市場化への監督がまだ弱く、社会の関心も低水準にあると指摘した上で、「廃棄物問題への関心を早急に水問題と同程度に引き上げることが重要だ」と述べた
ショッピング	市場	ASP/SaaS形態で市場へ提供している両ソリューションの連携を図ることは、さらなる市場開拓に繋がり、今後予定している機能拡張を含めたソリューションラインアップの拡充を通じて、CRMソリューションに対するニーズに幅広く応えする体制を整え、競合他社との差別化を図る
金融	市場	1990年にヨーロッパの証券市場が電子化されるにあたって、この移動しない株式及び債券の電子的決済を管理するシステムをデザイン、開発するというSam Systemsという会社を設立しました
ショッピング	市場	市場原理主義に基づく、雇用の流動化、規制緩和や育児・家事サービスの市場化による家族機能の代替は、育児や家事を担ってきた主婦を労働へ駆り立て、伝統的な家族を崩壊させやしないか
金融	市場	たとえば、将来生産するビルのサッシや製品の見積りを今の原料コストで顧客に提出せねばならないときは、見積価格で成約したと同時に先物市場で売りヘッジをかける
ショッピング	市場	市場原理による資源配分を否定するのではなく、市場経済化を徹底して経済資源の配分を効率化するとともに、初期保有の不均衡を絶えず是正するため、政府による所得の再配分を適切に行っていくのが、真に優しい経済だと信じています
ショッピング	市場	そして、IFOAMのEU政府に対する有機農業および環境保全型農業に関する政策提言(アドボカシー)活動の実態とその影響について、また少なくとも日本の10倍以上に広がっているヨーロッパの有機農業や2兆円を超える市場規模に成長しているオーガニック市場のことを、日本のできるだけ多くの人に知ってもらいと強く思いました
ショッピング	市場	第二点は、アメリカの貧富は二百年余りの市場競争機制から形成されており、貧しい人と裕福な人の差は才能、能力など様々なことから出来ていますが、起点はみな平等です
ショッピング	市場	IMFの売却プランはオフマーケット、いわゆる市場を通さない、中央銀行間のリザーブ46ドルとマーケットプライスの差額を評価益として生みだし、これを米国債で運用する
ショッピング	市場	その場合大学と教員の双方とも市場において相手を選ぶ立場にあると同時に相手から選ばれる立場にあるのだから、今回の事は大学と教員の間で条件が折り合わずに契約が成立しなかったということに過ぎないからである
ショッピング	市場	どうしても旧版が欲しかったので、しばらく市場を観察していた のですが、旧版は値崩れを起こすこともなく、緩やかに市場から姿を消しつつ ありました
ショッピング	市場	・「米国のヘッジファンドや金融機関が持つ住宅ローン不良債権を、今度作る10兆円政府系ファンドSWFと「プロ向け市場」を活用して日本政府が買い取ります
ショッピング	市場	ここでいう1、2の市場とは農業生産の為の日常生活の必需品を購入する市場を、また、3の市場は養蚕に関して八王子あたりのことを言っていると思われますが、要するに上溝村を中心とした商業圏の形成を意図しているわけです
金融	市場	中国株式会社の投資戦略は、従来のような「製造部門」のための原料確保と市場開拓だけでなく、最近力をつけ始めた「財務部門」を中心とする国際金融ネットワーク作りをも目論む、より包括的なものに進化しつつあるようだ
金融	市場	昨日の米国市場は、午前中に発表になった新築住宅着工件数や消費者信頼感指数が予想を下回りましたが、債券市場が軟調(金利は上昇)となったことで、ドルストレートでドル買い戻しの動きとなりました
ショッピング	市場	8日骨董市場の回りを撮ってきました 木々の若葉には 虫達が次ぎから次ぎに訪れています 昆虫や鳥そして草木 何億年前から 自然の営みの関係を続けています
ショッピング	市場	米ハイテク市場調査会社IDCによると、2004年の米国のデジカメ出荷台数シェア(一眼レフ除く)は、米イーストマン・コダックがソニーやキヤノンを抑えて、首位に立った
金融	市場	ファンドは、日本の為に投資するわけではないので、たとえ一時期、株価が上がっても、ファンドが市場から引き上げれば、また下がってしまい、あまり意味が無い
金融	市場	世界の金融市場から見ると原油の市場規模は相対的に小さいものだが、そこに住宅サブプライムローン問題に端を発した米国不景気から投機的資金が原油市場に流れ込めば、「先物」としての原油価格が急騰するのも当然のことである(ただし、本来投機とはリスクをより少なくする目的で行うものであり、価格が暴落している時に買い占め、価格が高騰してるときに売り払うことが多い)
ショッピング	市場	ダール・ジャマイル: 西側企業メディアはイラクで発生する暴力事件のほとんどを、市場で自動車爆弾を自爆させて殺しあっているのはイラク人だといったふうに描いてます
金融	市場	昨晩の米国市場動向が反落した流れを受けて、日経225先物は、11220円と下値で寄り付いてきたものの、執拗に続く買い支え介入をきっかけとして、再び切り返す推移となり、非常にもどかしく、理不尽な場面となっている
金融	市場	19:41 89020 パシフィック 当社普通株式の東京証券取引所における市場第一部銘柄から市場第二部銘柄への指定替えの見込みに関するお知らせ 東
金融	市場	フジとライブドアが市場を舞台に激しい株式の争奪戦を展開する姿は、株式の持ち合いでなれ合いの関係が続いてきた日本の企業社会が、市場原理重視の新しい時代に入ったことを示している
ショッピング	市場	まあ漁港のあるところ市場がある→市場があれば観光客向けにお店を出してる→ついでにお寿司でも食べて行きたい、という理論でナビを沼津港にセットし、いざ現地へ着くと全くそのまんまではないか
ショッピング	市場	もちろん市場としてはハロプロの数百倍になるのでしょうけど、恐らく現場への入場者の数十倍、テレビその他のメディアで野球を楽しんでいる人がいると思います
ショッピング	市場	香港の投資銀行(IB)業界の関係者は「世界経済ビッグ2(米国・中国)で規模が膨らんだ中国が、少なくとも自国市場ではチャイナスタンダードを適用するという強力な意思表示」と指摘した
ショッピング	市場	今後成長が期待される巨大なLED市場に対してニッチエリアからアプローチし、確固たる地位を占めうるポテンシャルを秘めた商品が今年5月に発売される
その他	市場	【楽天市場】漆原啓子(ヴァイオリン)&練木繁夫(ピアノ) ふたつの才能が溶けあうと、ベートーヴェンはこうなる ベートーヴェン:ヴァイオリン・ソナタ 第3番・第4番・第5番:アーティストア
ショッピング	市場	冒頭、世界の金融資本市場について「100年に1度とも言われる金融危機」と指摘し、実体経済への悪影響で世界的に景気が後退するとともに、日本でも「輸出や生産が減少し消費も停滞しており、雇用情勢が急速に厳しさを増すなど、景気は急速に悪化している」との認識を示した
ショッピング	市場	市場の小ささに加え、耐震性や対候性に高度なものが要求され、四輪用に比べて高額化が避けられない二輪用ETCに手を出すメーカーは、特別バイクに深い理解のあるメーカーくらいではないでしょうか
ショッピング	市場	調査で対象となった国々はメルコスール(MERCOSUR):南米南部共同市場を最初の段階で形成した4ヶ国、即ちアルゼンチン、ブラジル、パラグアイ、ウルグアイで、現在はこの他に正式加盟としてベネズエラ、そして準加盟としてチリ、ボリビア他3ヶ国、合計10カ国から成る市場となっている
金融	市場	25日のニューヨーク外国為替市場の円相場は、円を買う動きが優勢に推移し一時、同市場で5月20日以来、ほぼ1カ月ぶりの円高ドル安水準となる1ドル=89円21銭をつけた
金融	市場	ただ、日本の国債市場ということで見れば、10年国債の金利は中期的なトレンドで見ると極端に2%を超えたり1%を割り込んだりといった動きはしていないし、最近では1
ショッピング	市場	ITスキルの需要変化 ところで、調査会社Foote Partners LLCが最近出した発表によると、市場におけるITスキルへの需要に興味深いトレンドの変化が見られるらしい
金融	市場	さらに、1)失業給付・保険制度の対象範囲の拡大、余剰人員となった労働者の再技能形成、金融市場の破壊的な衰退からの年金の保護、2)緊急公共事業などを通じた基盤構造・住宅、地域インフラ、環境に優しいグリーン・ジョブへの公共投資、3)中小企業支援、4)企業、産業、全国の各段階における社会対話、といった政策措置を提案しています
ショッピング	市場	この類の専門企業は常に市場状況を的確に把握しており、結果としてユーザーに最大のメリットとなる「高額査定の提示」は各々共通であるが、査定方式や代金の支払方法などにそれぞれのノウハウを持っている
金融	市場	国内におけるメトロWDM市場規模は約200億円(IDC Japan調査)とされており、アライドテレシスは当該市場においてWDM製品群全体で5%のシェア獲得を目標にするとともに今後数年間で10%のシェア獲得を目標にしています
金融	市場	TEDスプレッドとは、米国債利回り(短期国債3ヶ月物)とドル金利(LIBORのユーロドル3ヶ月先物)の差で、市場の不安心理を示すバロメーターとして活用されています
金融	市場	海外の投資家は、マレーシア国内の株式市場への投資、投資による資本、利益、配当、賃借料、専門サービスへの報酬、利息などを本国に外貨建で送金することを自由に行える
ショッピング	市場	次に、今年の9月16日から4日間、置賜家畜市場において牛のオリンピックとも言える第5回東日本和牛能力共進会が開催されるわけでございますが、新庄市ではどのような支援対策を考えているか、その点もお聞きしたいと思います
ショッピング	市場	サーブというブランドの特性から、市場全体の認知向上よりはむしろ、限られたターゲット顧客層に対して、メーカーからのメッセージが的確に、かつ頻繁に届くようにするコミュニケーション戦略に転換しております
ショッピング	市場	このサイトでは、「ニッチな市場で生き残るための検討事項」のマインドマップ(mindmap)や、多くの方が描いた手描きマインドマップの実例・書き方を紹介しています
ショッピング	市場	)又は古物市場(二以上の営業所又は二以上の古物市場に係る許可申請書を提出するときは、当該営業所又は古物市場のうちいずれか一の営業所又は古物市場)の所在地の所轄警察署長を経由して、正副二通(公安委員会が別段の定めをしたときは、正本一通
ショッピング	市場	ところが、実需レベルからの価格は、いいところ80ドル止まりであって、今月末にもなれば暖房用需要が激減し、原油市場にだぶつきが出るのは確実であって、相場を下落させる必然性が生まれるにもかかわらず、暴騰の勢いが止まらない
ショッピング	市場	資本市場部会では、企業の資金調達の円滑化や個人金融資産活用の観点から、証券取引等監視委員会を中心とする市場監視体制のあり方について検討している
金融	市場	北米市場のクルーズ人口と市場の四分化/有力船主のマーケット・シェア/有力船主の盛衰と集約合併(1欧州定期船会社2新興米国船主3北欧船主4ギリシャ船主5その他の新興クルーズ船主)
ショッピング	市場	本製品は、今秋登場が予定されているWindows 7 への対応を予定しており、今回の値下げ実施とあわせて、さらなるアナログモデム市場でのシェア拡大を図ります
金融	市場	このような取引が行われると、一般の投資家との不公平が生じ、証券市場の公正性・健全性が損なわれるおそれがあるため、金融商品取引法の166条で規制されている
ショッピング	市場	コンパクトデジタルカメラの国内市場は、買い替えと買い増し需要によって昨年実績を上回り、「IXY DIGITAL 900 IS」などの人気機種の売れ行きが好調だったこともあり、トップシェアを維持した
ショッピング	市場	記事によると、保有資産は290億ドル程度とのことだが、今後も徐々に資産の市場売却が進むこと、市場環境の改善が見られずにシニア債の元本に毀損が出る場合には、これを保有するMMFに損失が発生して場合によって米銀などのMMFのマネジャーが資金を注入する可能性があること、Sigmaを組み込むシンセティックCDOにも毀損が及ぶこと、などがリスクシナリオとして考えられるだろうか
金融	市場	たとえば、どこどこに戦争をしかけるとか、いついつに株式市場で大きく売りを出すとか、どこどこの通貨を上げるとか下げるとか、そういうのを仕掛けているのが我々一般人でないことだけは確かだろ
その他	市場	商品名:プロスターズ・クラシックス デニス・ベルカンプ(アーセナル・ホーム)販売元:フットサークル楽天市場店コリンシアン社が提唱する新しいフィギュアシリーズ”プロスターズ・クラシックス”ブリスターパック仕様 全8種類*送料無料対象外商品ご注文前に必ずお読みください↓ 当店では店頭で同商品を販売してお
金融	市場	原口 中国に初めて進出する時、飯田が取締役会で「中国は日本と比べてマーケットの大きさがケタ違いだから、中国市場が大きくなったら、役員会も北京でやろう」と言っていました
ショッピング	市場	12ビーンとピッサライズ(1993)は労働市場の摩擦と調和することを組み入れる標準的な輻輳する年代枠組みを活用して成長と失業関係を分析している
ショッピング	市場	蛇使いや占い師、香油売り、絹のヴェールやじゅうたんを所狭しと並べた商人、羊肉の串焼きの屋台、夕刻まで商売人と客でごったがえす市場を楽しくひやかしつつ、通り過ぎる
