# 金融: 商行為に関して定められた、株主としての権利。株式。転じて、株券。あの会社の株を一万株買った株の暴落, 園芸: （植え替えがきくような）一つの草木。菊の株を分ける桜の若木を三株植える, 植物: 木の根もとに近いところ。きりたおした木のあとに残った根もとの部分。きりかぶ。くいぜ。, 植物: 草木を切り倒した、または刈り取ったあとに残った部分。切り株。, 植物: 立木を数える語。両三株
園芸	株	グラパラリーフは食用の多肉植物の中から厳選した株を、数年の歳月をかけて品種開発し、「新しい食感」「フルーツのような味」「高い栄養価」を実現した、高品質の健康野菜なのです
金融	株	●杉浦氏・・・自宅隣家のキヤノン(株)に勤めるエンジニアで、小学生のころからモノ作りに関していろいろ教わり、レンズなどの部品をいただいたりその影響は測り知れない
園芸	株	その昔、中国大陸の茶農家により持ち込まれたわずか12株のお茶の苗が木柵の樟湖山で栽培され、あれよあれよという間に鉄観音茶の名産地とまでなりました
金融	株	・主な活動場所 大阪府立「花の文化園」(花の工房)、「狭山池博物館」、「松原職業技術専門校」、「看護学校」、「富田林市立防災センター」、(株)オルター大阪 など
金融	株	組込み業界に関わるようになったのは、91年にアプライドマイクロシステムズ社に入社してからですが、その前の約6年、(株)東陽テクニカにて計測器営業としてお世話になりました
金融	株	ネットでの評判は良かったり悪かったり 「自分で見ているだけなら悪い評判の方が多かったですが・・・」 株とかそういう関係の知識は何ひとつ知らないんですが、ロ
園芸	株	セイヨウタンポポですと一株で20本程度は花を咲かせるでしょうし、コセンダングサですと大株になると一株で200個程度の花を咲かせるでしょうから、種子数にしてみたらとてつもなく大きな数になります
園芸	株	ここのウリは530種・1100株(現在は、570種・1200株)のバラが見られるというのだが、17年前まではビール工場のホップ畑だったという公園の全てがバラで覆い尽くされている訳でも無いので、意外な印象も受けるのだが、オーナ−バラ園という制度もあって、バラの種類を多くしているのだろうか
金融	株	チバネン、(株)ミヤネン及び品川ハイネン(株) チバネン、(株)ミヤネン及び品川ハイネン(株) ン、(株)ミヤネン及び品川ハイネン(株)であり
園芸	株	ネジバナは、春と秋に咲きます、春咲く株と秋咲く株は同じではなく、別名のモリジスは信夫摺り(しのぶずり)のもじれ乱れた模様を、この花序に引っかけたものだそうです
園芸	株	この事業は法務局が実施する「人権の花」運動として、釧路地方法務局帯広支局(山崎克敏支局長)と帯広人権擁護委員協議会(助川満会長)からマリーゴールドなど10種類664株などの寄贈を受けて実現
植物	株	野菜を植えつけるためには、収穫を終えた畑から株を除去し、雑草を抜き、苦土石灰をまいてよく耕し、肥料(牛ふん堆肥、鶏糞、油粕液肥等)をまき、マルチシートをはって苗を植え付け(種を蒔き)、虫に弱い野菜は除虫ネットを張ってガードし、散水する
金融	株	株の値段はやはり市場で決めると、市場で決まると、これはもう大原則でありますけれども、株価が大きく変動してそれが破壊的な影響を経済に与えるということであるのならば、やはり政府もあらゆる手段を駆使してこれを食い止めるというのが国民に対する責任であると思っております
金融	株	一昨年には、三菱商事が資本参加しております肥料メーカー5社の統合により日本最大級の肥料メーカーでありますエムシー・ファーティコム(株)が誕生致しました
園芸	株	下士幌地区にある相生老人会(高田勝義会長)はこのほど、下士幌小学校(二ツ山智校長、児童80人)前の花壇にマリーゴールドなど300株の花を植えた
園芸	株	写真の右手前の1株は、去年 秋の寄せ植えで使った株の根元から小さな芽が出ていたのが育ったもの、もうひと株は、チューリップの寄せ植えの中で 芽が出て育っていたもの、もうひとつ、左下でこんもりしているのは、砂利を敷いた通路で見つけた小さい苗を植え替えたたものです
園芸	株	また、萌芽の発生が若い株ほど盛んですので、短伐期の方が有利で、何代も萌芽更新をくり返している所では、実生苗を増やしたり、苗木を植えるなどの方法をとることが重要です
園芸	株	一つ目のプランターには、スティックブロッコリー、芽キャベツ、パセリの3種類の野菜を1株ずつ植え、二つ目のプランターには、用意された種の中から参加者が好きなものを選んで蒔きました
金融	株	このホップの栽培契約をビールメーカーであるキリンビール(株)との間で、耕作者である組合員に代わって契約を結ぶと共に、組合員に対して栽培管理指導を行っている
園芸	株	その後、栽培状況にもよりますが、10年目を過ぎた頃から徐々に減収し、農家では一般的に15年目頃までには改植(単なる植えかえではなく、新しい若い株に更新します)するようです(中には20年以上高い収量を得ている農家もあるようです)
金融	株	1987年、これらの問題を電気設備、土木設備、環境面から検討し実機規模のプラントの建設と運用を通じての海水揚水発電技術の実用化を目的として、電源開発(株)が通産省資源エネルギー庁から受託し『海水揚水発電技術実証試験』が開始された
金融	株	仕手株などによくみられる現象ですが、「関西系の仕手筋がA社株を1000円まで買い進むらしい」などというささやきにひとつ乗って買ってみようか、といったところです
その他	株	7日、NPBの長谷川一雄事務局長が「昨年の(球団)合併騒動のころから協約改正の必要性は話し合われており、今回の球団株上場も当然議題となる」と話した
園芸	株	もう何年も植えっぱで大きい株にはなってるんですよね、そのシャコバちゃん根が回ってるのかも、大きめの鉢に植え替えて、肥料もしっかりあげたら大株になって豪華になるんじゃないかしら
金融	株	大日本印刷は8月中旬をめどに、大和証券SMBCプリンシパル・インベストメンツ(DPI)が保有する丸善の優先株6万6710株のうち、4万4480株を譲り受ける
金融	株	ニュージランドのサーティ・セカンズ(株)が、屋外の美観を損なわせるカビ、コケ、地衣植物(菌類と藻類の共生体)、 黒ずみなどの除去及び再発防止の為に開発された効果抜群のクリーナーです
金融	株	いくら株 初めて・口座開設は年季を重ねても、自分だけでは思い込みにより株 初めて・口座開設の見えていないところを他人の目というのは必ず見つけてくれるものです
金融	株	日本では利益に比べ株主への配当が少ないことが長年問題視されてきたが、自社株買いの増加は「日本の経営者の姿勢が株主重視に変化してきたことの表れ」(野村証券金融研究所)と専門家は評価している
金融	株	これは、自社株買付は余裕が出来た時、必要な時に簡単に出来て、やめる事もまた、簡単だが、配当は一度増やすと簡単には減らすわけにいかないところを言った物で、責任の度合いが違うというわけである
園芸	株	武庫川河川敷緑地の一区画(甲子園口北町など)には、サマー・アメジストが約200株植えられ、高さ180センチにまで伸びた赤紫色の花が真夏日に照らされて咲き誇っていた
園芸	株	今年、新たに造成された『あじさいの滝』と名付けられたエリアでは、400株の真っ白なあじさい“アナベル” が滝の水飛沫のように一面に咲き誇ります
園芸	株	この日の完成記念植樹祭では、参加者が自らスコップを手に、キタコブシやノリウツギ、カスミザクラなど約20 種類100 本の木と、300 株近い花を植えていました
園芸	株	公園内にある花しょうぶ園は、里山の棚田を利用した全国的にも珍しい花しょうぶ園で、約25万株の花しょうぶや約3千株の紫陽花などを楽しむことができます
金融	株	不快なにほんブログ村は単なるこちらにほんブログ村株ブログIPO新規公開株へ適切なにほんブログ村為替ブログFXスワップ長期投資派へにほんブログ村その他生活ブログ家計管理貯蓄節約へぐっとこんな今現在私が急激な検討している主な物として商品ファンドや貧しいコモディティーなどの更に投資信託がありますがこれだと幅広く大した自然な粗い分散させた妥当な形ですっかり重い投資する赤い投資信託の大抵分配金について
金融	株	株買収等による間接的手段、もしくは直接的な手段により、楽天等に代表されるIT関連企業が、メディア産業に本気で参画すれば、地上波は食われてしまうでしょう
園芸	株	どう見ても株に対して鉢が小さすぎるので、もうひとサイズ大きい物か剪定した後で土を落とし同じサイズの鉢に植えたいのですが、木質化した場所で切った場合は芽は出ないですよね
金融	株	ニフティ(株)は14日、IEのツールバーに新着メールの着信を通知するボタンや、同社が運営するBlogサービス“ココログ”の記事編集・管理ページにアクセスできるボタンなどを追加して、“@nifty”提供サービスのアクセスを便利にできるソフト「@niftyツールバー」v2
植物	株	キャベツ(芽キャベツを含む)やハクサイの害虫駆除(主に「ハスモンヨトウ」です)したり、ニンジンの再々種蒔きをしたり、収穫を終えた畝の株を除去し、元肥を散布して土を深耕し、新たに畝を作って秋冬野菜を植え付ける、等々、寒くなる前にやらなくちゃいけないことがいっぱいです
園芸	株	このつつじ園は今から約300年前に、大桑原の渡辺家が自分の屋敷に観賞用のつつじを植えたのが始まりで、以来、年ごとに株を増やし現在では約1万株のつつじが約2ヘクタールの庭園を埋め尽くすほどに・・
園芸	株	それを知ってから、検索してみると、ハツユキカズラ専門の園芸家のかたのコメントが見つかり、花が咲く株は、2000株~3000株に一つほどの割合らしいのです・・・
金融	株	例えば、「業績見込みサイコー」という能書きをみて、リターン見こんで株買ったのに、その会社があぼーんして、株券が紙切れになったところで「詐欺」とはならないだろ
金融	株	パナソニックは、優先株を含め約7割の三洋株を保有する三井住友銀行、大和証券SMBC、米ゴールドマン・サックスの金融3社に加え、他の株主からも取得し、子会社化を目指す
金融	株	関西営業所は、京都府に「久御山倉庫」と「伏見倉庫」の2拠点を有し、明治製菓(株)の医薬品及び食品の西日本物流拠点として保管、輸・配送業務を展開しております
園芸	株	例年通りに咲き進み、バラが少しずつ安定し始めた(庭に入れて数年は赤ちゃん状態ですから)株から、ちょっと素敵をいっぱい楽しめ始めたころ、急に35
園芸	株	3月中旬より可憐な芽を出し、4月中旬から5月下旬にかけて周囲1、000平方メートル余りの湿原一帯に、10万株ものミズバショウが真っ白な花を咲かせる
園芸	株	植えつけたのは付近から採集した株や種子から保育した樹種なので、とりあえずは問題にはならないが、蜜源植物となると、少々思慮分別をようする課題なのだ
金融	株	あとで知ったのですが、「(株)大生機械」という会社は、豆腐のパッケージや「もやし」を栽培から包装迄をこなす精密な機械を製造する会社で今から32年前に設立された会社との事、「もやしの機械」を作るにあたって工場と同じ用に栽培~包装までをする「もやし工場」ではなく、もやし栽培をする機械を作る会社だったのです
園芸	株	このレモンバームの花は、白くて小さくて、このように重なり合ったように混み合って株が大きくなると、茎の下のほうで花が咲くために、注意をして探さなければ花が咲いているのがわからない
金融	株	また、オーストラリアのメディア王ルパート・マードックと共同で、テレビ朝日の株を多数購入したが、朝日新聞グループが危機感により反発したため、結局、同グループに買い戻された
園芸	株	その小さな株を持ち帰り、言われた通り育て、やがて蕾が大きくなり、やっと花が咲きましたが、思惑が違って続けて受講する訳に行かなく、先生に返しました
園芸	株	2班に分かれ、ミズナラやヤチダモなど240株を植えたほか、複数の苗を混合して自然に近い状態にする混播(こんぱ)法により、エゾニワトコやハルニレなど360ポットを植樹した
園芸	株	沿線に約1万株ものアジサイが咲き誇る箱根登山電車では、6/23(土)~7/16(祝)の期間中に、全席指定の特別電車「夜のあじさい号」を臨時運転
園芸	株	自分の頭の中の整理では、多年草は宿根草を含めて同じ株から芽を出して花を咲かせる草のことで、宿根草は冬の間地上部が枯れて−でも根は生きてて−春にまたそこから芽を出すタイプの多年草だと思っています
金融	株	エンロンも株アナリストや公認会計士までも巻き込んだ嘘のコングロマリットをつくりあげたので、まともな人が真っ向から否定するのに時間を要した」ことなどであろうか
その他	株	欠株(機械の調子が悪いのか苗がなかったのか分かりませんが、苗が植えられてないところ)への移殖作業を間指しといいますが、それを今年から農業専門になった母が一生懸命頑張っています
金融	株	村上氏は、ライブドア(LD)が同放送株を大量に取得するという動きを知ったうえで株を購入したとして、証券取引法違反(インサイダー取引)の容疑が持たれており、特捜部はその経緯などをただしたとみられる
園芸	株	十年くらい前に面河川へ鮎釣に行った時に、道路の山際に咲いていた蛍袋の花を一株持ち帰り庭に植えたのが、段々と増え今では庭いっぱいに咲きほこっています
園芸	株	それぞれの株がときに重なり合い、紅、紫、白、緋、絞りと競うように花を咲かせている様子は、春の名残りを楽しみ、くる夏をまちわびているかのようです
その他	株	日本国内でポリオはほぼ根絶状態にあるといますが、インドなどポリオ多発地帯(1からの輸入は今後もあるだろうし、野生株に感染した場合200人から1000人に一人の高率に定型ポリオを呈する危険性があります(1、(9
金融	株	神戸電鉄や阪急電鉄は、1株の単元未満株主にも株主優待を出していますが現在では単元未満株を相対取引でバラ売りしてくれますので誰でも1株から保有することができます
その他	株	仙台市や山形市、福岡市の医療機関で採取されたインフルエンザウイルスの抗原性が、今シーズンのワクチン株と大きく異なる傾向が見られることが、国立病院機構仙台医療センターの調べで分かった
金融	株	サギる方はもちろん悪いですけど 欲にめがくらんだ出資者も自業自得かも 株などの取引による高配当をかたり、 少なくとも100†150人から総額15億円以上の 出資金を集め
園芸	株	わざわざ、このあたしが足を運ぶのは、レポートにして提出すればおこずかい稼ぎもできるし、花株をマニアに売りつければ、かなりの大金をせしめる事ができるし、珍しい花が咲いているところは夢のように綺麗だとも言われているし、郷里のねーちゃんへの良い土産話にもなるだろうしと、美味しすぎるためだ
金融	株	今般、同事業の一環として、(独)産業技術総合研究所生産計測技術研究センター(佐賀県鳥栖市)及び(株)安川電機本社地区ロボット工場(福岡県北九州市)を訪問し、見学と懇談を行うこととなりましたのでご案内いたします
園芸	株	セナの家にはあいにくと植わってなかったが、進さんのお家の広い庭にはそれは見事な紫陽花の株があり、毎年のように淡い紫や鮮やかな青の花を咲かせていたっけと思い出したセナくんで
金融	株	ここでこの株を取り上げるのは、12月8日までどんどん上がり続け、なかなか買いチャンスが与えられなかったのですが、先週は利益確定売りに押され、820円まで下げてしまいました
金融	株	外資規制をめぐっては、国土交通省が空港関連会社の株取得に規制を導入しようとしたことに対し、閣僚や与党から「対日投資を促進する政府方針と反する」との批判が噴出、法案から規制を削除する混乱があったばかり
金融	株	「農薬情報」→「殺菌剤」に、「住友化学(株)」製造・販売の、リゾクトニア菌による諸病害を防除する「リゾレックス水和剤」及び「リゾレックス粉剤」を追加しました
園芸	株	ついでにと、クロアチカス2株、実生苗のトルカータス・ボスニア、ブーママさんから頂いた苗(アトロルーベンス、SDピンク)をそれぞれポット増し完了
金融	株	(株)USSキャピタルは、資本金1千万円、東京都千代田区紀尾井町4番1号に事務所を置き、代表取締役は伊藤直美氏、コンサルティング事業、投資事業、不動産事業を行うとあります
金融	株	三重県四日市塩浜の造園会社『(株)千草園 』 造園・土木・植栽・都市公園建設・公園や庭の管理お手入れ・エクステリア・庭作り・木炭製造販売などを扱っております
園芸	株	ヒオウギは、以前は、申し訳程度に植栽された株に一輪二輪程咲いていただけなのに、今年は、ヒオウギ専用の花壇がしつらえてあり、10輪ほど開花していました
園芸	株	とりあえず、切花でうちにバラがあれば試してみるつもりですけど、そのために切花を買ってたら、株を購入した方が安いので、未だ試す機会がきません(笑)
金融	株	監視委は近く、このメールの情報などを使って自社株を買い付けたとして、元社員と株の取引口座を提供した知人の2人に対し、金融商品取引法違反(インサイダー取引)の疑いで、数十万円の課徴金納付命令を出すよう金融庁に勧告する
金融	株	昨日、コマツ(社長:坂根 正弘)の子会社であるコマツ教習所(株)(社長:荒谷内 允、本社:神奈川県川崎市)の和歌山センタ(所在地:和歌山県和歌山市大垣内)および大阪センタ(所在地:大阪府枚方市)が、労働安全衛生法に基づく「指定教習機関」の指定取消の行政処分を受け、同時に、和歌山センタの元所員2名が、労働安全衛生法違反の疑いで書類送検されました
金融	株	大日本インキ化学工業(株)と三菱ガス化学(株)は、大日本インキ化学工業が保有する新酸素化学(株)の全株式を三菱ガス化学に譲渡することで合意に至った
園芸	株	それはちょっと困る・・・ クレマチス 鉄線 (楽天でクレマチスを探す) 一昨年、すごく立派な株だった白のクレマチスを地に下ろしたとき、なぜか立ち枯れ
金融	株	訓練では、緊急避難機器を扱う(株)丸山防災から初期消火の重要性と消火器の取り扱いについての説明を聞き、用意された水の入った消火器を実際に扱い、タイヤの的に当てる訓練を親子で体験しました
園芸	株	我が家では2000年発芽のものが3株残っているうち 1株だけ開花なのですが、差し上げたネットの友人Marさんとチューリップさんからも開花報告がありました
金融	株	その他の関係会社である新日本製鐵(株)を主とする鉄鋼メーカー数社から商社等を経由して鋼材を購入し、これを材料としてみがき棒鋼及び冷間圧造用鋼線を製造・販売する
植物	株	現在、東京大学小石川植物園に発見のもととなった株が残っており、東京大学の附属施設である同園のシンボルになっている イチョウの実(正式には種子)は銀杏(ぎんなん、ぎんきょう)といい、殻を割って調理される
園芸	株	ウチでは忘れな草など、こぼれ種が期待できそうな花は株を引っこ抜いた後、「ここから芽を出して欲しいなぁ」という場所に連れてってあげて、枯れてしばらくするまでそこに放置してたりします
園芸	株	気になっていたオトギリソウは背丈が低かったので、花が咲いていないとまず見つからないと半ばあきらめていたら、5日に見つけたのとは別の花をつけていない株を見つけることができた
園芸	株	”エゴマ”は一番成長のイイ2株だけ9号鉢に定植しました、定植の手順は66日目に行ったトマトを苗用ポットに移す感じとほぼ同じです、ファイルカゴからスプーンでなるべく根を傷つけないように掬い出す所までは一緒で、”トマト”では苗用ポットだったところを9号鉢に変えていただければOKだと思います^^
その他	株	私たちもBchl c/dをもつ様々な株をDSM(ドイツ)から購入して調べていますが、興味深いことに一度不活化した遺伝子が、さらに塩基置換や挿入等が何回も生じ、再度、活性化したと考えざるを得ないような株も存在することがわかってきました
園芸	株	葉状茎以外に株元から伸びる鞭状の茎は野性の着生状態では、先端部が親株から離れた部位の樹皮などに接触するとそこから発根し、新たな株がそこで成長を始める
園芸	株	イヌホタルイは株基部の越冬芽で栄養繁殖することができるため多年生雑草に分類されるが、実際の水田での発生を見ると種子からの発生が大部分であり「1年生雑草」ともいえる
金融	株	この株は一週間くらい前にストップ高、大商いになって370円~400円どころに大きなシコリが出来てしまっているので、 当分の間、調整が続くものと思われます
金融	株	電子部品製造であるシンワ電装(株)では、仙台高等専門学校、宮城県農業・園芸総合研究所と共同で、植物工場用に中輝度レベルLEDを上方向だけでなく、四方にも配置して栽培実験を開始した
金融	株	ほっかい、北海道管財(株)、北×道観○事△株式会社旅◇部テ□ビ塔▽光、北海道シミズ、北海道○興(グリー○ホテル)、北海道情報処理技術者協同組合、
金融	株	ganbaは金曜日に969円で全株処分してしまったので、本日975円で4100株買い戻しましたが、 970円割れが有るならそこで買い戻したかったです
金融	株	(株)こきょう 森本繁生 全国約700社参加のネットショップ会員制勉強会「オンラインショップマスターズクラブ(OSMC)」を運営、過去には「逸品
金融	株	政府もキーウィ・シェアと呼ばれる特別な株を持っているので、他の株を全部民間に売っても、会社をコントロールすることが可能です」とおっしゃるように、島国に多くの小都市が点在するニュージーランドにおいて、効率性と公共性を両立させることの難しさを強調しておられました
金融	株	営業者代理である(株)東京建物プロパティ・マネージメントの媒介により(1)第三者に譲渡するか又は(2)営業者である当社に譲渡するかにより、いつでも換金が可能です
園芸	株	5月6日、7日、13日と三日かけて植えた240株のコスモスが大きく育ってきたのだが、裏庭の正面に植えた最もよく育ったコスモスが14株、5月31日にラックーンらしき動物に上の方をきれいに食べられてしまった
金融	株	昭和39年8月 澁谷工業販売(株)を吸収合併し、東京都杉並区に東京営業部(現 プラント営業東京本部)および兵庫県西宮市に西宮営業部(現 プラント営業関西本部)を設置
金融	株	)三名に株を譲渡したというニッポン放送の訂正報告書を引用しましたが、鹿内家の報告書はそのお子さんのうちの1名が提出者となって、ロンドンにいるご両親のかわりに申請を行ってます
園芸	株	おそらくそいつのおかげでその株にはアブラムシがいなかったのだろうと思い、その花はそっとしておいたのですが、収穫した花の中に2つの蛹と1匹の幼虫がいました
金融	株	ライブドア騒動で代表されるように、マネ−ゲ−ムというのでしょうか若者や主婦層までも株の売買で一攫千金を狙っている人が増え、一億総お金儲け主義がはびこっているような雰囲気になっています
金融	株	かくして社会のほとんど全ての階級階層が、金融資本の動向に直接(株の配当・賃金など)、間接(社会政策など)に影響をうけるようになり、「金融資本の発展が国民生活、国民の福祉に役立つ」といわれるようになるのである
園芸	株	今年春、園芸店で購入して花柄つみをしていたが、株が徒長気味でアブラムシがつき始めてお困りの方、株全体の2分の1を、ハサミでカット(切戻し)して下さい
金融	株	株の買い取りや出資などで地方の中堅・中小企業を再生させる政府の「企業再生支援機構」が、200〜300社の経営再建を想定していることが20日までに分かった
その他	株	岩出101株(姫マツタケ)菌糸体抽出末、 岩出101株(姫マツタケ)子実体細胞破壊末 アピセル、ビタミンC、イチョウ葉エキス、葉酸、セラック 吸収率を高めるために
園芸	株	ツルムラサキは僅か4株であったのに、どんどん蔓が伸びて、大きな肉厚の葉をカットして収穫すると、すぐ脇芽が生えて新芽が出てくるという、長い間我家の食卓を賑わせてくれた感謝の野菜なのである
植物	株	祭神は大山祇(おおやまづみ)命や木花開耶(このはなさくや)媛とされる場合が多いが、必ずしも祭神は明らかでなく、山の神とだけいって、岩の上や、古木の株、古墳の上、山の頂上、峠などに祀ってあるものが多い
金融	株	サイト上に掲載しております、個々の文章・図形・写真(画像)・デザイン・商標・ロゴマークなどに関する著作権およびその他の権利は宇部市および原著作者である(株)ヨシイ・デザインワークスが有しています
金融	株	三井住友海上火災保険(株)は、この協定に基づき、今後7年間、県、大田市、大田森林組合の協力を得ながら、石見銀山遺跡周辺の森林で保全活動を行われます
植物	株	今年の晩春に、刈り取られ、全滅したかと思いましたが、それでも、と思って近所に来たついでに様子を見てみたら、全滅どころか20株ほど元気に成長していました
金融	株	先週末11日(日)の午前中は、米麺でいつもお世話になっている(株)自然薯そばさんの新そば祭りへおじゃましてきました〜朝方まで強い雨だったので心配しましたが、オープンのころにはカラッと快
その他	株	現在はGP2やユーロF3で活躍している中嶋一貴、平手晃平、小林可夢偉の3人も同シリーズの出身(中嶋:03年王者、平手:02年2位、小林:03年2位)で、将来の有望株をチェックするのに適したシリーズといえよう
金融	株	株で儲けた西條八十と社長になった堀久作の浮沈74世界発情報読み抜き術中東産油国向け水ビジネスと原油価格の大切な関係88雨キョン株工房まずは年間を通じて好業績の銘柄を狙う31ベトナムKABUスクエ
金融	株	次回開催は、9月27日(日)午前10時~11時30分、「ひまわり太郎の妄想観光」っちゅう内容で、(株)ひまわり乳業代表取締役吉澤文治郎氏の講演ながよ
その他	株	【ビショフスホーフェン(オーストリア)21日=小林明央】日本ジャンプ界の成長株、宮平秀治(25=ミズノ)が世界選手権初出場で見事、銅メダルを獲得した
金融	株	2008初頭の海運株ように「上昇トレンドのようであるが、市況全体の不安などでいつ反落するかも知れず、ぼんやりホールドできる環境ではないものの、短期には稼げそうで、できれば場中に整理して、持越しも局限したい」というような局面を想定している
金融	株	グループ企業に、100%出資の株式会社東通データサイエンス、トーツーエンジニアリング株式会社、株 式会社トーツーコミュニケーションズを傘下におく
園芸	株	アジサイは色の七変化といわれますが、一般的には、酸性土壌の場合は青色系で、アルカリ性の場合は赤色系といわれていますが、同じ株でも、根の吸収の違いとか、花の咲き進みによっても色が変化していく、まさに、花色の七変化ですね
園芸	株	その後の処理も、一つの株に複数芽が出てきたら一つを残して間引きすること、芽がのびてきたら、サイドの土を寄せて土を深くする土寄せという作業をすること、雑草が出たら抜き取ることなど、米や麦と比べたら難しいことはない
園芸	株	協力農家の一人で、向日市寺戸町の自宅近くの畑で20株を栽培している築坂晃さん(55)は「商店街の期待に応えられるか心配だが、うまく栽培できれば新鮮なうちに加盟店に届けられる
金融	株	近畿車輛(株)(東大阪市)は、埼玉県所沢市にあった所沢建材工場跡地に、複合商業施設を建設、食品スーパーの(株)ヤオコー(埼玉県)を入居させることを明らかにしました
その他	株	ミカンキイロアザミウマが多くの植物に寄生できることから、防除はなかなか困難であるが、トマト黄化葉巻病の場合と同様、媒介虫の侵入防止と発病株の抜き取り処分、圃場周辺の奇主植物となりうる雑草の除去などを実施する必要があろう
金融	株	各省各庁の長等又はその委任を受けた者は、前項の規定により株取引等報告書の提出を受けたときは、当該株取引等報告書の写しを国家公務員倫理審査会に送付しなければならない
金融	株	例えば、新薬データねつ造により業務停止処分を受け、同社の株が暴落した「日本ケミファ事件」のように、他業種の株と違って医薬品株は全く買い気がなくなってしまったというのがあります
金融	株	(株)野菜工房では、空きスペース・遊休工場の活用のため、農業(植物工場)に新規参入を検討している企業に対して、独自の栽培技術の提供や商標ブランドのライセンス、といった総合的な栽培支援事業に乗り出す
金融	株	これは、2月18日(水)~21日(土)に京都・DAIGOボウルで開催された「第26回関西オープン」の期間中に、チャリティー募金への出場選手・観客の善意と、(株)サンブリッジが特設ショップの売り上げの一部を寄せたもの
金融	株	今回は前半が弊社による発表(植物工場・水耕栽培野菜の全国的な販売・流通戦略)、後半はキューピーの技術をもとに、独自技術を開発して「植物工場レタスの生産・販売事業」にチャレンジしている(株)野菜工房:代表取締役副社長の周藤様の講演会を行いました
園芸	株	昭和62年に愛知県企業庁による下芳池周辺の工業団地造成に伴い、池の北側に「花かつみ園」が設置され、今では約2500株の「花かつみ」が咲き誇っています
金融	株	放射線医学総合研究所が大正製薬(株)及び日本農薬(株)と共同でPETトレーサーとして開発した薬剤で、活性化ミクログリアに多く含まれる末梢性ベンゾジアゼピン受容体に結合する特性を持つことより、ミクログリアの活性上昇を画像化する上で有用な化合物です
金融	株	例えば、普通株でなく、消却可能な優先株を購入できる新株予約権みたいなものだとおもしろいですが(単なる思いつきなので税務上等のいろんな角度からの検討してないですが)、いずれにせよこれは株主総会決議で定款変更しないとできないですから今回ちょっと使えません
金融	株	このページからは「旭川国分 (株)(あさひかわこくぶ かぶしきがいしや)」の宛名印刷用のPDFファイルをオンラインで作成し、表示またはダウンロードすることができます
園芸	株	一帯は、標高で450m前後であるが、ちらほら咲き始めていた、Iさんも沢山の株に満足気味、西斜面の開花したマンサクを見るのはあとにして、帰りのコースは湯殿山経由で尾根伝いに戻ることにした、湯殿山分岐12:08
金融	株	今回は小学生から一般まで幅広く「花」をテーマにした作文を募集し、当日優秀な作品を発表するほか、(株)総合市場研究所の渡辺均市による基調講演「花を活かした地域づくり」を行います
金融	株	製造元:(株)EM研究所 楽天シニア市場 ガーデニング市場 EM菌 有用微生物群EM1(有用微生物土壌改良資材) ガーデニングや家庭菜園におススメです
園芸	株	和歌山県かつらぎ町花園久木、高野龍神スカイライン(国道371号)沿いのドライブイン「花園あじさい園」で、約千株のシャクナゲ(ツツジ科)が見ごろを迎えた
金融	株	江戸時代初期から続く伝統行事で、商業の株を象徴しての「かぶ」、長寿を表す「白ひげ」などの野菜、初あめ、団子木の縁起物や、臼、杵、まな板などの木工品、家庭用品などの約250軒の露店が立ち並びます
園芸	株	株分れが少なく、放任しておいても樹形を整えますので、毎年の剪定は不必要ですが、大株になったものは、まだ花が終わっていない7月中に剪定すれば、その後に伸びる梢が花芽をつくり、翌年の花のつきを一層活発にします
園芸	株	ところが、購入した株は20センチに満たない小さな苗だったもので、1階分の壁面を這い上がるのにたっぷり夏中かかってしまい、今、ようやく花の時期を迎えたようです
金融	株	光ケーブル伝送路と引込み線工事費、設計料は上野原市から直接にNTTインフラネット(株)、(株)NHKアイテック、NECネッツエスアイに支払われています
園芸	株	「エッサイの株から芽が生じ、その根からは若枝が伸びるであろう」(=エッサイの系統からやがて救世主が生まれるであろう)と預言されたこの人物は、これらの絵の背後にある伝統を知る上で鍵となる人物である
金融	株	残念ながら、アリスタライフサイエンス(株)が2003年に行なった調査では、マルハナバチがハウス外に飛散しないようにネットを施設換気部に展張している割合は高いとは言えない結果が出た(第1図)
園芸	株	2〜3回の間引きで健全な株を育て本葉が5〜6枚(播種から40〜50日)に生育した頃60cmの畝に40〜50cm間隔で根土ごと植え付け、有機肥料をたっぷりと混ぜ込んだ土で「土寄せ」をし、その後も土寄せを繰り返します
園芸	株	すなわち、複数の花がまとまって咲くことによるポリネーター誘引力の増大、株内の花間自家受粉(隣花受粉)の増加、局所的配偶者競争の激化、ポリネーターの花序内訪花経路によって生じる個花間の送受粉環境の違い、である
金融	株	そのとき、デイスレイリ首相は英国ロスチャイルド家に全面的融資を依頼し、トルコ提督から 全スエズ運河株を買取り、それを女王に献上すると言う離れ業を演じたのである
金融	株	確かに総会屋は大量の株式を保有しているわけではなく、株主総会に出席できる権利を得られる最小株を手に入れ、株主総会に出席して、議場を混乱に陥れるか、あるいは議場混乱回避を条件に、議事運営協力金名目で、沈黙を金に変えるという手法を取ると理解している
園芸	株	「栽培」というほど立派なものではないのだが、2株ほど植えて、秋にねずみの尻尾のような細っこいものを収穫してはそれなりの料理に利用して「お~辛い、美味、美味」などと喜んでいた
園芸	株	昨日購入した数株の花も植え込み、葉が枯れたチューリップの球根を掘り起こしたりしながら、ふっ・・・と見ると、森に棲む可愛いアオガエルがまだ青いチューリップの葉の隙間からこちらの様子をうかがっています
金融	株	これは、イギリスの投資ファンド、ザ・チルドレンズ、どこかで聞いたような名前でございますが、そこが電源開発、Jパワー株の買い増しに対し、我が政府が、公の秩序の維持を妨げるおそれがあるということで外資規制を導入しようじゃないかと、こういうことを言っておられるわけでございまして、この中心人物が北畑事務次官でございます
金融	株	恐らく、どこかで100万株からの出来高を伴う時期があると思うので、 1500円以下でそれなりの出来高を数えた時点で最後の買い増しをするつもりです
金融	株	K:外国人で日本株いじってるメンバーは最近、長期スタンスであれ短期であれヘッジ(為替差損回避、直物と円買いと先物の円売りを組み合わせること)比率を落としてますからね
園芸	株	ミヤウチイヨカンは昭和30(1955)年に、宮内義正氏が経営しているミカン園のイヨカンの1株の中、1枝から発見し、この枝を元に、接木によって苗木の育成を行い、栽培に努力した結果、非常に優良な形質を持つ芽条変異であることがわかった
園芸	株	又、9時間後には両性花株でも雄株でも両性花花粉でも胚珠まで到達している花粉が観察されたことから、発芽したのちはどの性型も胚珠まで9時間後には十分到達しうることが示された
金融	株	ライオン(株)(本社東京都墨田区、藤重貞慶社長)と太田総合病院・太田睡眠科学センター(所在地神奈川県川崎市、佐々木三男所長)は共同で、トマトを発酵させた「トマト酢」を飲むと深い睡眠が増え、睡眠の質が改善されることを明らかにした
金融	株	「ジオフォルテ」は、ミサワホーム(株)が開発した「MGEO」(エムジオ)の新築木造一戸建住宅向けの制震装置で、ナイス(株)がOEMにて供給を受けているものです
金融	株	日刊ゲンダイ十月十七日号でスクープされたバンダイ株百三十万株の任天堂(本社京都・岩田社長)への売却は、バンダイ(本社東京・高須社長)の雇われ社長である高須武男の独断で密かに行われていた可能性が高いことが、小紙の取材で明らかになった
その他	株	鶏ふんを追肥した株と米ぬか液肥を追肥した株がどう違うか成長を比較して見守るつもりですが、初めて作った「米ぬか液肥」なので、果たして肥料として効果があるのか、野菜に悪い影響はないのか、ちょっと楽しみだったり、心配だったり・・・
金融	株	現在、日本で常時運航している飛行船は、(株)日本飛行船が所有する準硬式飛行船・ツェッペリンNTのみであり、その主な仕様は以下である;全長75m、全高17
金融	株	この時期、人々は東加古川駅について、「仕手株は多くの場合、問題を抱えており投資家から不人気の銘柄がその対象となることが多い」という感想を持っていた
園芸	株	同じ株なのに、右のほうでは青色の花、左の方では赤色の花となる理由は、同じかぶにもいく筋もの根があり、青色の花の根はアルミニウムが溶け出した吸収しやすい酸性の土壌にあり、赤色の根はアルミニウムが吸収しにくい中性、ややアルカリ性の土壌にあるからなのです
金融	株	昭和54年1月13日 第7期総会 昭和54年2月22~23日 全国若手経営者研修会並工場見学会 旭光学(株)、朝日精機工業(株)を見学し、続いて全国若手経営者合同会議に出席、一泊し翌日 (株)宮津製作所、(株)荻原鉄工所を見学
金融	株	焼酎と言えば、誰もが九州をイメージされるかと思いますが、今回ご紹介のメーカーは、チョット変わった趣で酒類事業の運営を行っている、三重県の(株)伊勢萬が造り出す焼酎をご案内いたします
園芸	株	株自体は小さめ、かつ葉と葉の感覚が間延びした感じで、お店で売ってるような姿ではありませんでしたが、何回かは収獲出来たので、初めてにしては上手く行ったんじゃないかな
園芸	株	3/28~4/10前後に植えたブリエッタ2株とサフィニアゴールドセレクト1株は2回くらいピンチで38cmの鉢が土が見えてる部分が15cmくらいまでになってて旺盛な横張成長力だけど、
金融	株	完全民営化をすることは、国民に不利益を与えると思いますので、まずは、株の販売は停止し、もう一度、制度を考えなおして、公営化にもどすことを望むものです
園芸	株	この生命力を活かした食品を造ろうと、優良株を 集め、無農薬で化学肥料も使わず、緑肥のみを 使った独自の栽培法で育てることに成功し、 製品化された一つがこの“かんぽう茶”なのです
その他	株	その間は、まだ動いていなかったテーマ株への循環物色や、別の好材料が意識されるセクターに短期資金は向かいそうであり、明日はその動向を見極めたいと考えています
園芸	株	その後も何度か再調査が行われたが、発見された一株以外は見つかっておらず、またこれは三倍体であることから種子も出来ないこと、四国にそもそもコブシが自生していないことなどから謎の多い植物として現在も語り継がれている
金融	株	2001年12月14日長野リコー(株)はリコー国内販売グループの一員として一括で環境マネジメントシステムの国際規格であるISO14001の認証を取得しました
園芸	株	親木を肥やしとし約1000年生き、三代目は株より芽を出した一本の苗が成長し、現在500年しかたっていませんが輪廻転生を覚えさせる樹として保護されています
金融	株	日本不動産ジャーナリスト会議の第76回研修会が06年10月17日、三菱地所(株)の木村恵司社長(日本ショッピングセンター協会会長)を講師に招いて開催されました
金融	株	ニッポン放送はフジテレビを引受先として同社株の新株予約権を3/24に発行すると発表(→ニッポン放送の発行済み株式は3280万株だが、最大で新株4720万株を新たに取得可能に
園芸	株	FM「ももちどり」の裏手では、大型のヤマエンゴサクが2株ほど開花し、ヤブヘビイチゴが10輪ほど、ミツバツチグリが5輪ほど開花しており、シュンランが一株開花していました
園芸	株	なんだか恐ろしげな花が咲きそうだと思っていたら案の定、異様な姿の株になり、この種類だけ25cmの素焼きの鉢に移植しましたが、すぐ葉が横に張って窮屈になりました
金融	株	営業利益が07年9月期の55億円から大幅な減益になるが、藤田社長は「07年9月期はミクシィ株の売却益が営業利益に組み込まれた影響が大きく、08年9月期は投資育成事業の利益を織り込んでいない
園芸	株	また大阪の花博で話題になったヒマラヤの「青い花のけし」も屋外の大きな木の下に何株もさりげなく植えられてあったが、少々距離が遠くて写真には良く撮れなかった
金融	株	今回はキューピーと共同技術を保有し、自社でも植物工場を運営している(株)野菜工房の代表取締役副社長である周藤様をお招きして、現場の声を聞きたいと考えております
園芸	株	200種類・8000株以上のクレマチス、170種類・6000株のアジサイがセンター広場の大花壇や「花の谷」と呼ばれる小道に咲き誇っており、開花時には毎年大勢の来場者で賑わう
金融	株	植物工場を運営する京都の(株)フェアリーエンジェルでは、製造業務請負の(株)フジワーク(大阪府高槻市)と提携し、植物工場を操業する人材育成事業に4月から乗り出す計画
その他	株	題目:7種の頭頚部扁平上皮癌株細胞におけるブレオマイシンおよびシスプラチン感受性の比較—低濃度培養細胞形態変化および高濃度コロニー形成能について
園芸	株	キダチアロエは花が咲かないものと思っていたり、雌雄別株で雄株が多いためあまり花が見れないと考えている人も居るようですが、キダチアロエは冬に朱色の立派な花を咲かせます
園芸	株	沿線には車窓から手が届きそうな位置に約1万株ものアジサイが育てられ、開花期には8ヶ所がライトアップされ、夜間(18:30〜21:30)の鑑賞が楽しい
園芸	株	栽培とは管理とは栽培株の姿整えて迎える秋の完成期植物です生きてます光風水そして栽培者此処の腕奥の深い変移変化の長生蘭石斛栽培管理出芽以前に今年の管理が来春の出芽に直接影響今年の作昨年の結果で今年の完成期に向けて管理
園芸	株	毎年花は一気にに多く咲かせることはしてないので株自体に負担はないと思うのですが、ブラインド状態の所が今年はめだったので気になって御意見聞きたいと思いました
園芸	株	2008年3月にホームセンターで購入して植えた2年生株のアスパラガス2株は、細い鉛筆ほどの茎を出しただけで収穫しないまま葉を茂らせ、12月に葉茎を刈り取って越年した
金融	株	さらに野村は03年4月にもニチメンによるグループ会社株のTOB(株式公開買い付け)をめぐり、元社員がインサイダー取引で刑事告発されており、再発を防止できなかった
園芸	株	前年肥培した株を早春に小根を1本も切らぬように1メートルほど離れた所から掘りすすみ、株分けの時は切り分けた直後に硫黄華をまぶして、その切り口は10日ほど空中にさらし、根を乾かさぬように保存してから植え付けあるいは販売し、はじめてマニアを満足させることができる
園芸	株	約一万六千株のツツジが見ごろを迎えている練馬区立平成つつじ公園(練馬一)で二十九日、「練馬つつじ祭り」が開かれ、大勢の家族連れなどでにぎわった
金融	株	サントリー(株)は、「サントリー天然水 白州工場」「サントリー白州蒸溜所」の水源地にあたる森林の涵養活動を推進するため、「やまなし森づくりコミッション」※1と協力し、森林の地権者である北杜市と鳥原三耕地財産管理会、森林施業を委託する峡北森林組合との間で森林整備協定を10月7日(火)に締結します
金融	株	PTBの概要や活動報告、委員会の紹介などのほか、ダイナム、マルハン、夢コーポレーション、ニラク、ピーアークホールディングス(株)、(株)正栄プロジェクト、の6社の社員企業が監視調査を終えての感想、監視委員会への業界誌のインタビュー記事などが掲載されている
金融	株	また90年後半のIT関連株の人気は凄まじく、ヤフーの株価が2000年2月に高値1億6790万を記録するなど、ネットバブル崩壊まで一攫千金を夢見たネット取引を主体とする多くの個人投資家が参入したのも事実です
植物	株	昨秋からずっと絶え間なく花を咲かせ続けてきた四季咲性ラベンダーのデンタータちゃんとピナータちゃんが、蕾はあるもののさすがにお疲れの様子を示してきたので、蕾があるのが惜しかったですけれども、株を休める意味で涙を飲んで刈り込みました
園芸	株	大堀幹線花づくりの会のメンバー約50人が5月23日、西区寺尾東1丁目付近の大堀幹線歩道の花壇にオレンジと黄色の650株のマリーゴールドの花を植栽、通りを花いっぱいに飾った
金融	株	1993(平成5)年6月(株)WOWOW代表取締役社長に就任、家電量販店ルートへの営業てこ入れや徹底した経費削減で倒産の危機にあった同社の再建に取り組み、BS(放送衛星)デジタル放送に進出したほか、2001(平成13)年4月20日には東証マザーズでの株式上場を果たした
金融	株	また、銀行が保有している株の多くは持ち合い株で、相手方の同意なしには売却が難しいという構図もあり、実際に売却するインセンティブは働きにくく効果は限定的との声が出ている
園芸	株	ここには約5千株のあじさいがあって、時期的には少し早かったのですが、それでも辺り一面、いろんな種類のあじさいが色とりどりに咲いていて、幻想的な雰囲気でした
金融	株	取引手数料を利益の主体とする証券の世界では、取引コストを低減させるためのIT化が早くから進んだが、今ではオンライン証券のWebシステムみられるように、買いたい株の情報や、自分のポートフォリオの状態も簡単に閲覧することできるようになっている
金融	株	エンロンの元副会長のホワイトってやつは、エンロンがつぶれる寸前に社員にエンロンの株を売らないようにEメールを送っている間に自分は売り払ったというとんでもない奴だが、今は陸軍の秘書官にちゃっかり納まっている
園芸	株	金蛇水にある1300株のボタンは、今は仙台の三越デパートの横っちょにチョコンとある(昔はどうだったか知りませんが)金蛇水神社の宮司が植えたものだそうです
金融	株	ライブドア株の上場が廃止されれば東証の取引き数も減ることになり、現行のシステムでも問題ないと思いますので、現在中止されている後場の12:30~13:00の取引きも復活させて欲しい物です
金融	株	)たとえば、株や外貨の投資で含み損をたくさん抱えて人に言えなくなってしまっているとか、会社での昇進が同期生や同級生よりも遅くて、同窓会に参加したくないといつも感じてる人自分の容姿や経歴が不十分で何事にも消極的になってしまう人(すべて自分の事ですが
金融	株	トステムグループとINAXグループは10月21日、に共同持ち株会社(株)INAXトステム・ホールディングス(東京都、水谷千加古社長)のもとに経営統合するが、10月2日に潮田健次郎会長はトステムグループのビジネスモデルを明らかにするとともに今年下期では売価改善や コスト軽減などで150億円の 利益改善を行うことを明らかにした
金融	株	IRSからタックスリターンをするようにという通知が来たとの事ですが、その手紙に株の取引に関しての利益に関する申告と指定があったと仮定した場合、単に損の結果を申告しておけば良いのではと思います
金融	株	また、国内子会社の(株)パスコでは、GIS総合研究所において、同社が保有するGIS(地理情報システム)技術を生かした新製品の開発を行っております
金融	株	~平成16年12月27日に全日本空輸(株)及び(株)日本航空ジャパンより就航表明がなされ、スカイマークエアラインズ(株)と合わせて3社が開港当初から就航することになりました
金融	株	特にIPOの中心となる新興市場では、1月のライブドア事件に加え相次ぐ上場企業の不祥事や主力株の大幅な業績下方修正などにより投資家の不安心理が拡大、各新興市場の株式売買代金も上半期後半は急速に低下し新興株離れが進むなど、企業のガバナンスが改めて問われることとなりました
園芸	株	登り坂の両側に沢山の紫陽花が咲いていて、さすが十万株の名に恥じないと足を進めると、登り切ったあたりの平地には数え切れないほどの紫陽花が咲いています
園芸	株	だから雌花が咲いたといっても株の大きさが実に小さく、このまま実をつけさせればあっという間に株そのものがばててしまいかねなかったので、あえて受粉はせず放置しておきました
金融	株	引続き中低位の好業績株や、材料含み株が活況を呈したほか、値嵩ハイテク株も堅調を持続するなど、循環物色の動きが鮮明になってきたと市場関係者は一様に明るい表情
植物	株	なんでこんな所に生えていたかは不明ですが 株もたくさんあり根も確り張っているので 冬を越したものかもしれません 昨年は花の時期に刈られたのか見なかったのですが 今年は刈るタイミングが良かったのかもしれません
園芸	株	今年は何種類か有るアジサイのうち 花が付かない株もありチッツト寂しい・・・気がします 剪定時期がずれていたとは思えないし 冬の寒さで花芽が枯れたのでしょうか
園芸	株	、と言ってもいい位)よく増え、よく花を咲かせるのですが、東京では、今頃の季節に葉ダニにやられるか、葉ダニにやられないようにするために株の上から灌水すると、結構日に当てているつもりではあるものの、モヤシのように徒長してしまいます
金融	株	そのうちの45%の株は低迷塩漬け状態でありながらの数字だから(こちらは3週間で10%、3ヶ月で20%近く下落)、目先の有望株が大きく伸びたことになる
園芸	株	ツツジや紫陽花の株が多いので、全体的に今は緑のほうが目立ちますが、写真のようにそれはそれで今が盛りと咲いている花もあちこちにありますので、いつ行ってもその時その時の風情が楽しめます
園芸	株	○ 一見、とても立派に見えるシクラメンも、株の内部(葉や蕾をかき分けた株の内部)を見てみると、白っぽい粉状のカビがついていたり、花弁に斑点のようなシミがついているものが時折、見受けられますが、そんなシクラメンは、病気にかかっている可能性が高いので、購入は避けた方がよいでしょう
金融	株	この大庭園「中津万象園」の復元と維持保全活動に対して、「メセナアワード2006 庭園文化賞」が富士建設(株)と、(財)中津万象園保勝会に贈られた
金融	株	『全国しゃくなげ会』は、北海道しゃくなげ会の先生方が日本全薬工業(株)の本社・工場に研修視察においでになった際、他の地区の先生方もご招待したことが契機となり、研修会として開催されるようになりました
金融	株	オリエンタルランドグループの(株)グリーンアンドアーツがプロデュースしたこの庭園は、大きな太陽をモザイクタイルでかたどった広場を中心に、ゆるやかにカーブするレンガの通りや枕木の小路が散策路を形成しています
金融	株	いま日本株に手を出してている海外勢は 年金などの長期保有の主体ではなくいわゆるfチョット前まで大活躍していた投資銀行部門と思われますので今までのように複合的に合成した投資方法で日本株を操っていると思われ 一方的な買いや売りではありませんが 他の先進国企業のように日本企業の業績が回復してくれば 極端な買われすぎは解消し 安心して日本の機関投資家達も続々買いを再開すると思われるのですが
金融	株	例えば、(株)日本レジストリサービス(JPRS)が主催する「ランチのおともにDNS」では、無料セミナーとはいえ、民田雅人氏らによるDNSの解説などが行なわれるなど、非常に有用なものとなっている
園芸	株	茄子半本・ごぼう10センチ・バジル3~4株・しめじ3分の1・エリンギ1本・パプリカ1個・パルミジャーノ・レッジャーノ3cm・サラダ水菜1株・オリーブオイル適量・スパゲッテイーニ半袋・濃口醤油少々・自家製トマトソース(作り方は自家製トマトソースを参照)揚げ油適量
金融	株	リーマンから(ボンドのままで)他社に転売するということは、リーマンが転売できるような契約になっていませんので、必ず少しずつ転換して株として売り出してもらうような約束になっています
植物	株	花茎が立っていない株の根もとの葉を切りとり、さっと塩ゆでして、七草がゆだけでなくあえ物、おひたし、即席漬け、汁の実などにすると、おいしいそうです
園芸	株	初夏の頃には、約10万坪の広大な敷地15万株300万輪がいっせいに開花し、公園内の遊歩道を散策すると、あたりを埋め尽くすほどに咲く紫陽花に圧倒されるほどです
金融	株	今回に先立つフジのニッポン放送株取得計画を、自らの支配下から離脱する動きと捉えた電通が、堀江を使ったと見たほうが、妥当な見方のように思うのだが・・・
園芸	株	植えられた株は大きいので、来年の4月には早くも開花が見られると思うが、充実したシャンデリアが見られるのは再来年になりそうで、花の新名所になると期待している
金融	株	東京・世田谷区にセコムホームライフ(株)の最高クラスの邸宅型マンション「グローリオ蘆花公園」が竣工し、11月7日(土)に竣工後初となる記者説明会「セコムフェア」を開催しました
園芸	株	研修先の農園はビニールハウスや給水設備が壊れたうえ、栽培中のイチゴ約6万株が全滅し、栽培機器の開発のため2人が測定していたイチゴが発する電磁波のデータもすべて失われた
園芸	株	だいたい最初は雄花ばかり咲くし、それも結構、株の小さいうちから花は咲いてくるので雌花はどれか、と探してしまうが親ツルには雌花は付かず、子ツルの1節目以降しか付きませんよ
園芸	株	7千株の紫陽花を中心に、一年を通じてたくさんの草花と豊な緑に囲まれ、その名の通りに、日の出から日没まで、柔らかく暖かい陽光が一日中差込み、飛び交う野鳥が心地よいさえずりを聞かせてくれる浄寂な聖地です
金融	株	ミクロ(個別株投資)で観た場合、国内企業なら新聞等で情報が入り、好不調、相場感などがわかりますが、海外株だとその辺が不安要因となると思うので、そのリスクをどの程度、許容するかではないでしょうか
園芸	株	★あしかがフラワーパーク(足利市迫間町、JR両毛線富田駅から徒歩約10分)外周の垣根に白い花のサザンカ約400株と赤い花のタチカンツバキが植えられ年内いっぱい見ごろ
金融	株	明治製菓(株)において開発された植物免疫誘導剤(Cerebroside elicitor )は、トマト萎凋病、トマト半身萎凋病の他、トマト葉かび病、キュウリべと病に対しても発病抑制効果を示すことが確認された
園芸	株	大輪のダリアや百日草と高性マリーゴールドは蕾(つぼみ)の下の枝は2〜3本幼ないうちに摘みとってしまうと、茎頂の花は大きく咲き、長い切り花がとれ、下の枝が何本も強くのび、低い良い株姿となる
園芸	株	園内には、ガジュマル、ヤシ、ブーゲンビリアなど530種類、約7000株の熱帯・亜熱帯植物が四季を通して観賞できる緑の休憩所(温室)をはじめ、花と緑のタペストリー、花の広場、ハーブ園などがあります
植物	株	○株割は、子株の状態により 根っ子のある子株は植え替え株と同様に植え付けて直ぐに水やりしますが 根っ子の無い子株は挿し木や挿し葉と同様に乾燥させてから植え込みの方法に成ります
金融	株	ライブドアはこれまでに、ニッポン放送株の議決権ベースでの過半数取得を確実にし、同放送側の対抗手段である「新株予約権の発行」を巡る司法判断でも有利な立場にある
園芸	株	校内の環境整備を担う代々の技術員の方々が、面積約350m2の中庭に植えられた60種類140株のバラを丹精込めて育てており、見事な大輪の花を咲かせている
金融	株	ジュネシスヘルスケア(株)(本社東京都港区、佐藤芹香社長)の扱う遺伝子対応ダイエット補助食品「マトリックスサプリメント」の8月期売上高が対前月比で200%となった
金融	株	さて、この度弊社が原料として使用致しました「よつ葉チェダーチーズ20kg」(よつ葉乳業(株)十勝主管工場製造)で製品の一部に金属片が混入している可能性があることが、同社からの報告で明らかになりました
金融	株	オンラインで自分の銀行口座の状態がダウンロードできたり、株や為替の時価がリアルタイムで分かったり、複数の証券口座に保有されている有価証券をポートフォリオで管理したり
園芸	株	野菜作りは初心者なので、いろんな種類を1株ずつ植えました(^_^)パセリ、セロリ、ピーマン、トマト、苺、なすび、春菊、サラダ菜、いま、春菊とサラダ菜が、だいぶ成長して、時々食卓にならびます
金融	株	(株)電通(社長保木盾夫氏、上席常務、中部支社長出村祥雄氏)では新春恒例の電通年賀会を1月12日(木)正午から1時半まで名古屋観光ホテルで開催する
園芸	株	近親交配による劣性化を防ぐためにいろいろの植物が自花あるいは自株で種子を作れぬような花の咲き方、雄芯(しん)雌芯の成熟の時期が異なる仕組みになっている
園芸	株	ただ、ナスタチウムは種で育てるよりも、挿し木でどんどん大きくなることから、ひとつの株が終わるころに、若い枝をチョット挿し芽をするだけでどんどん増えるのである
園芸	株	コンクールに向け「これまでより多くの花で飾ろう」と、町の育苗場では例年より1万株多い5万株の育苗を計画しており、現在はポットに移植する作業が盛んに行われている
その他	株	ノーベル平和賞 超大型仕手株 整理ポスト ストップ安 売りまくり世界で最大の核保有国の亡国、偽国のトップの口先だけのまやかしに騙された、史上最低投資家・ノーベル賞委員会よ、逝ってよし
金融	株	(株)植物センターでは手のかからない樹木の調査をかねてより進めていましたが、今日の環境緑化ブームにより屋上緑化として需要が増えてきたとの事です
金融	株	東京海上火災保険(株)(現東京海上日動火災保険(株))にて、賃貸ビル・営業用店舗・厚生施設等の取得・売却・マネジメントの実務及び、投資方針の立案・修繕計画の策定・経費コントロールの統括等に従事
金融	株	今回のラボで選ばれた三菱電機(株)の「UHF帯RFIDリーダライタ装置」は、入出力制御端子の搭載により各種センサー等外部機器の直接接続制御を実現した
その他	株	研究としては、面白いものでしょうが、まだ、実用化されていない新薬に対する耐性株をわざわざ人工的に作り出すと言う手法については、若干の不安と疑問を感じました
金融	株	なお、この週刊文春の記事以外でも、テレビ東京の株関連の番組で、ゲストの業界関係者が、今秋に再び底割れする可能性を示唆した発言もありました(その時もブラックマンデーを例えにしたコメントをしていました)
金融	株	そして、全体では一兆円、ないしは株がいいときには二兆円もの収益を上げていた郵政公社でございますから、それを単純に株式会社にすれば何ら問題がないということでありますので、アメリカの要求どおりにやり過ぎるのはまずいのではないかと言っておりましたので、この信念を曲げるわけにはいかないということであります
金融	株	皆さんにも多数ご協力いただいている(株)リクルートのアントレ誌上の企画「企業に雇われないプロフェッショナルたち」のコーナーは、第一特集と同じくらいの読者支持率を獲得しているそうです
金融	株	NCSは、1964年に東京有機化学工業(株)により開発、登録されたジチオカーバーメート系の化合物で、土壌中の病原菌、害虫、線虫及び雑草種子など広範囲に効果を示す土壌総合処理剤です
園芸	株	午前中は国道38号と駅前通りの交差点、JR新得駅構内の2カ所、午後からは同駅前の立体花壇でベゴニアやマリーゴールド、サルビアなど合わせて約2000株を植え込んだ
金融	株	本日は、朝一度会社に立ち寄り、すぐに(株)コーチ・エィが主催するコーチングの公開講座に参加するため、会場がある千代田区三番町の同社のセミナー会場に向かった
金融	株	商法第392条及び第393条並びに非訟事件手続法第135条ノ24及び第135条ノ43乃至第135条ノ46の規定は、未払込株金徴収金融機関が第1項の株主に株金の払込をなさしめる場合に、これを準用する
その他	株	流行株との不一致を出来るだけ避けるため、実際のワクチンはA型2種とB型1種の混合ワクチンが用いられていますが、不活化HAワクチンの効果は限定的です
園芸	株	同青年会メンバー15人のほか、町内の花愛好家ら約10人が参加し、マリーゴールドやサルビア、ペチュニアなど色とりどりの花約1000株を植え込んだ
園芸	株	バラの少量土壌培地耕は、1株あたり2l程度の土壌を培地に使用する養液耕の一種で、品種に応じた苗の種類や仕立て方を選択することで、ロックウール耕と同等以上の収量や品質が得られる
金融	株	ニュージランドのサーティ・セカンズ(株)が、屋外の美観を損なわせるカビ、コケ、地衣植物(菌類と藻類の共生体)、黒ずみなどの除去及び再発防止の為に開発された効果抜群のクリーナーです
金融	株	(株)NTTデータの持つノイズ処理に関するノウハウ(インピーダンスのあばれや反射、共振を抑制)を採用し、信濃電気の誇る音響・映像機器専用電源のテクノロジーを融合
金融	株	い〜旅/ニーズツアー/日本観光ツアーズ(株)/ネットワークツアー/ハックルベリー ツアーセンター/阪急交通社/阪急交通社トラピックス/阪急交通社 トラピックス大阪 国内/フェリーさんふらわあ/ホワイティ ツアー/マリナーズインターナショナル/らんらんツアー/旅行色野菜サラダツアー/レックツアーズ
園芸	株	きょうは八王子市立第一小学校の5年生と6年生の児童およそ120人がJR八王子駅前の桑並木通りにマリーゴールドやペニチアの花970株を植えました
金融	株	(株)ティーカップ・コミュニケーションは21日、ニュースなどの情報をポップアップ表示するソフト「mypop」を公開している(株)ユーキャストコミュニケーションズと提携し、提供している無料掲示板“teacup”上へ掲示板の書き込みやチャットルームへの入室を通知できる「mypop」の“teacup”オリジナル版を公開した
園芸	株	地元農家と北里サテライトガーデンが協力して約2haの休耕田を整備したもので、1万株のラベンダーや130種類のハーブが植えられ、森にはバーベキュー場、カブトムシの家などもある
その他	株	その後の調査で、無症状であった患者の尿からもセラチアが検出されたことから、敗血症患者由来のセラチア一〇株と無症状患者、環境由来の株など計二三株のセラチアについて解析した結果、敗血症患者一〇人から分離された株はすべて同一グループに属し、感染源が同じであることが分かった
金融	株	人間環境大学からの“サクラ サク”の報に加えて、みどり化学(株)からコンサルタント採用も“サクラ サク”の通知をいただいてから、アッと言う間に2年以上が過ぎてしまった
園芸	株	自家不和合性とは、自分の花粉は自分の花のめしべに着いても受精しない、自分の株だけでなく同じ品種のほかの株の花のめしべに着いても受精しない、という性質です
金融	株	これもちょっとまとめて質問さしていただきますが、昨年来の金融緩和の影響もあって、法人の土地、株投機が問題であり、目に余るものがあるわけでありますが、このような法人の土地投機に対する積極的な姿勢は、税制面における個人の長期譲渡所得に対する分離課税の特例がお手伝いをしているというふうに考えておるが、そうでないでございましょうか
金融	株	近鉄不動産(株)(大阪市中央区)は、不動産含み損などが大きくなったことから、近鉄本社が4月1日に同社ほか3社を合併し、損失を処理することを発表しました
園芸	株	メモリアルデーの日に72株植えたインパチェンス、その前日に植えた12株のマリーゴールドは幸いウサギにいたずらされず、目下の所すくすく育って二まわりほど大きくなった
園芸	株	雨の中でホタルブクロが一輪咲いた 鉢植えのシオン(紫苑)はもう10年近くの株で180cm位です 塚本先生から頂いた椿「ロビラキ」が開花し始めた
園芸	株	ヤワタソウは、10株50輪ほど開花していましたが、暗い所にあり、且、私お得意の専用LED証明の電池切れで、花を照らせなかったためか、10枚ほど撮影した写真が殆ど没写真で、まあまあ見れる写真は一枚だけでした
金融	株	ペイオフ延期論より株式税制の延期の方がまとを得てるように思いますが、どうも政府は株を騰げるよりも赤字国債を 国民に押しつける方を取ったようで、政策に売り無しを考えれば株式を止めて国債を買った方が良いのかもしれません
植物	株	本日、屋久杉(樹齢1000年を超えるものをいう)、ウイルソン株、夫婦杉、大王杉、翁杉、三大杉など2000年を超える杉の大木や土埋木を見て、驚き感銘した
金融	株	昭和42年6月 神奈川県横浜市の(株)渡駒に資本参加(昭和45年3月 社名をアルプス運輸(株)に変更、昭和62年4月 社名を(株)アルプス物流に変更)
金融	株	NPO法人せっけんの街、NPO法人ちばMDエコネット、富士ゼロックス(株)、をバスで巡り活動内容等を聞いて現場を見学した後、NPOサポートセンターで反省会を含めた交流会を開催した
園芸	株	作物名「チューリップ」の使用方法から「散布」を削除し「1株当り1ミリリットルを散布又は葉間に滴下」を「1株当り1ミリリットルを葉間に滴下」に変更
金融	株	当日は愛知県農業総合試験場園芸研究部の小出哲哉氏、宮崎県中部農業改良普及センター野菜係主査の黒木修一氏、(株)ジーピーエス事業本部長の高橋宏通氏などの講演が予定されている
園芸	株	プランターの別の株の"トマト"には、お花が次々咲いてくれていますし、トマト小屋下の鉢の方も、青々した茎や葉が根元から広がってくれていますもん^^
金融	株	(株)ジーエス・ユアサ コーポレーションは、 2006年1月1日、完全子会社である日本電池(株)と (株)ユアサ コーポレーションを合併しました
金融	株	未公開株の譲渡をめぐって、3億7000万円の詐欺と恐喝未遂で罪に問われていたが、大阪地裁の公判で無罪との判決を下されたタレントの羽賀研二被告に、一転有罪可能性が出てきたようだ
金融	株	今回は前半が弊社による発表(植物工場・水耕栽培野菜の全国的な販売・流通戦略)、後半はキューピーの技術をもとに、独自技術を開発して「植物工場レタスの生産・販売事業」にチャレンジしている(株)野菜工房:代表取締役副社長の周藤様の講演会を行いました(告知文)
園芸	株	特にオオタニワタリ類の株によく見られ、上向きに葉を広げるオオタニワタリの葉の下の方から多数の細長い葉が垂れ下がるのはなかなかの奇観であり、見慣れると如何にも熱帯らしい風情がある
金融	株	同社は洋菓子製造及びデザートバイキング店を経営していて他に(株)パルコ、(株)丸井、阪急電鉄(株)、(株)イトーヨーカ堂、イオン(株)などに入って激安景気を販売います
園芸	株	その結果、1株当りのオンシツコナジラミの成虫、蛹、マミー(寄生蛹)の虫数およびホリバーによる成虫捕殺数は、エンストリップ区が慣行防除区に比べて増加していることが認められた(第1表、2表)
金融	株	経済やビジネス、アフィリエイト、事業、起業、金融、財政、FX、株、海外投資、外貨預金、先物取引、外貨MMF、外貨投資信託、外国株式、外貨債券、金取引、などに関する各種情報、ニュースを始め、生活一般の気になる情報をご提供いたします
その他	株	新型インフルエンザ(A/H1N1pdm)オセルタミビル耐性株検出情報・パンデミック・インフルエンザの世界的な流行状況について・実習型雇用支援事業・厚生年金の脱退手当金(いわゆる「まだら事案」)に係る新たな年金記録回復基準について・先進医療の概要について・2010年世界禁煙デーについて・第8回職場における受動喫煙防止対策に関する検討会資料・第1回厚生労働統計の整備に関する検討会資料
園芸	株	株の土を落とし、細根をしごいて取り、水を張ったバケツに根っこごと薔薇を入れて、さっと根を洗い、病気がないか、チェックし、用土を準備するまで、いったんバケツの水につけておきます
園芸	株	咲きこぼれる一万株といわれる多種のアジサイはまるで極楽の地を思わせるような庭園、境内であった、その庭のアジサイに埋もれるように人々が入り込み交わす声だけがひときわ華やいであちらこちらから聞こえてくる
金融	株	旭化成ホームズ(株)様より、毎月1回フラワーアレンジメント教室『リトルブーケ花の会』講師を務めさせて頂き、花を愛し楽しむサークルの皆様と幸せな時間を過ごしております
園芸	株	温帯性スイレンは熱帯性スイレンの花にあるような青色や紫色はなく、豪華さにおいては熱帯スイレンに劣りますが、株の増殖が旺盛で、たくさんの花を見ることができます
金融	株	そして(株)京阪互助センター東大阪営業所で冠婚葬祭(玉姫殿・玉泉院)互助会の外務員をしながら、近年は歌謡曲にも興味を持ち、カラオケ教室に通い、様々な大会に参加出場し、数々の賞を頂き、国際歌謡グランプリ会にも出場
金融	株	小松精練(株)(本社:石川県能美市、社長:任田賢久)はこの度、カーテンでは世界で初めて、花粉アレルゲンの働きを抑制する機能を持った「アレルバスター カーテン」の展開を本格的に開始します
園芸	株	もし採るとすれば、株の中の「数の子のような胞子葉」のついたもの(じじゼンマイともいい、処理しても硬くて美味しくないらしいです)と2本くらいは残すようにするのがルールです
金融	株	看護は福祉だったら楽そうだけど臨床は激務そう根性ナシには無理 株にトライできる小金あればわざわざ学費になんか使わない 福祉の給与補完すれば充分生きていける 彼女福祉理解あるしぬける必要性全くない
園芸	株	黒姫ラベンダー園黒姫山の南斜面を埋め尽くす7万株ものラベンダーが、7月中旬から下旬にかけて一斉に咲きそろいあたりはパープルカラー一色 に染まる
園芸	株	この植物の特徴(株全体の大きさ、葉の形・大きさ・色あい)など、お知らせいただければ、正しい名前が分かるかもしれませんので、よろしければ「補足」をお願いいたします
金融	株	忠彦・タイラレーシング【1980年代の 現在もタイラレーシング(株)を経営し ヤマハ を初めとしたオートバイの販売や カスタムバイクの製作などを手がけているようです
金融	株	ソフトバンクが保有するあおぞら銀行の株売却をめぐり、買収に名乗りを上げる米サーベラス、独ヒポ・フェラインス銀行、米GEキャピタルがタッグを組む検討を始めた
金融	株	「株での成功の80パーセントは『株式投資に対する考え方』にある」として、そのページの半数以上を基礎的な解説に当てており、具体的なテクニックは比重として後ろに置かれている
金融	株	また、(株)ファンケル総合研究所・喜瀬光男主任研究員が、「発芽玄米(発芽米)の有する機能性・抗ストレス効果の実証及び加工技術の開発」について発表した
園芸	株	たくさんのトウダイグサ科の仲間の株たちは、小さな花をつけるんだけど、ラフレシアの巨大な花は、小さな花をつける祖先たちから進化したってことがうかがえるの
金融	株	従って、ライブドアの社長が、世間に散在していた株を買い占めればオーナーになれるとして時間外で一挙に株を取得して会社を我が物とすることに、極めて強い違和感をもつのである
金融	株	だって、株式投資ランキングAir211が立派な祝日だったので実質4日間で成程船舶株となかなか温い製紙株と再び電力株を本来あんな肩身が狭い売買しましたが4戦して2勝2敗の心細い成績で余計トータルでは17603円のそんな損失が出ました
植物	株	一度も花を咲かせる事が無かった木でしたが、伐られて残った木の株の年輪を数えてみると(年輪がはっきりしない白っぽい木なので、大よそですが)25年ほどの樹齢でした
金融	株	参考文献:『戦慄のパテントマフィア~アメリカ発明家集団の対日戦略』ヘンリー幸田・山本弘人共著、(株)ディーエイチシー発行(P48~54、132~134ほかより)
金融	株	私は10年間自民党公明党に株の不正売買をされ、BLOGの詩、記事を削除改ざんされ、金品を盗まれ、パソコン、自転車、その他連日被害を受けている者です
園芸	株	境内には1300株の牡丹が植栽されている東北有数の牡丹園があり、また九龍の藤と名付けられている巨大な藤棚や多数のツツジ、さつき、あじさいなどが神苑に彩りをそえており、花の社(やしろ)とも呼ばれる
園芸	株	シクラメンの今春楽しんだ株をこの冬咲かせたいならまず、鉢土を乾かしてから掘り、土を落して新培養土で植え、1週間程日陰においてからかん水を始める
金融	株	江刺忽布農業協同組合は、麦と共にビールの醸造上無くては成らない原料であるホップの栽培契約をビールメーカーであるキリンビール(株)との間で、耕作者である組合員に代わって契約を結ぶと共に、組合員に対して栽培管理指導を行っています
園芸	株	土作りから本格的にみなおし、化学肥料ばかりで現代の農作物に不足がちなミネラル(野菜にも人間にも必要な微量元素)を天然の土壌改良剤により補給しているので、株自体が健康になり栄養を吸収する力が強く、葉がとても大きくなり、栄養を豊 富に蓄えることができます
金融	株	2005年3月期連結決算に計上した他社株転換社債(EB債)の評価益が不適正だったとして有価証券報告書などの訂正を18日に正式発表したことが改めて嫌気された
金融	株	内装工事などの(株)ファイン(福山市)は、壁材として結露防止や脱臭に効果のある珪藻土のメリットを知ってもらおうと、1月から福山や笠岡のカフェを会場に、珪藻土を使った時計や表札などを作るワークショップを始めた
園芸	株	普通、トマト畑は最大30もトマトが取れたらその株は死んでしまうものであったが、大きな木のように見えるこのトマトの株は枯れることもなく30000ものトマトを生産してきた
金融	株	両備ホールディングス(株)(当法人の関連記事)が実施した植物工場野菜に関する一般消費者向けのアンケート調査から、一般の人々が「植物工場」に対して、どんなイメージを持っているのか整理しました
園芸	株	今治市の女性ボランティアグループ「今治ルミナスクラブ」(西川康江会長)と今治小学校の児童が4日、同駅前の花壇にマリーゴールドやサルビア約600株を植えた
園芸	株	チハカ古墳群が整備される前までは4~5輪のササユリが咲いているに過ぎなかったが、古墳整備のため雑木を伐採し、下草を刈って日が差し込むようになると多くのささゆりが芽を出し、現在では300株近くのササユリが咲き誇り県下でも有数のササユリ自生地となった
金融	株	未公開株詐欺は、状況判断が十分に出来ない人たちに、詐欺がすぐ立証できないような、つまり、永遠に上場しないこともありうる株式を高値で転売する悪質な犯罪です
金融	株	それを検討いたしました結果、しからばそれだけの自己株がいかにして会社のものになっているのか、こういう点に、まずわれわれとしては、当然のことでありますが、不審を抱いたわけでありまし三その取得経路を逐次たどりますために、預金調査等をいたしまして、その個々の取得経路をずっとたどって参りました
金融	株	一番の問題は、GM債権処理が放棄された最大の理由が、負債をアテにならない株に変えるよりも、破綻させてCDS(債権破綻保障保険)を受け取った方がリスクが小さいと、債権者が考えたことだった
園芸	株	この時期の「花の文化園」は名前の通り花で溢れかえっています♪チューリップが約8000株、ボタンが約1200株と圧巻です◎またガーデンのコンテストも開催中でガーデニングが好きな方は必見です
園芸	株	何年も植えていた株、植物体が大きくなりすぎて、鉢とのバランスが悪くなった株は上記の増殖法(葉差しといいます)で増やし、株が成長したら植え替えて下さい
金融	株	また、姜さんは、ホリエモンの株価の細分化も同様にこのロジックで、大衆が株を持ったが故に、ホリエモンという偶像の描き出す幻想に操られた、と看破しています
金融	株	18年改正の特殊支配同族会社税制の際に議決権の有無で対象企業を絞る項目がありましたので、種類株の相続税評価についても何らかの改正が入ることはある程度予想されていたことではあります
園芸	株	LED照明の波長・照射方法と野菜の成長に関する栽培実験を行いながら、2012年9月をめどに月6000株を生産・販売する計画であるが、まずは実験システムで生産した「わさび菜、サンチュ」など5種類の葉野菜;600株(月)を販売しながら、市場調査・販路拡大を実施する
金融	株	続いて社団法人愛知県計量連合会会長代行辻憲史様、日本工業新聞社顧問岡田英雄様のご祝辞の後、伊丹惣三理事(寿工業(株))の乾杯の音頭で懇親会が始まりました
園芸	株	会場は、ヤマアジサイやガクアジサイなど、およそ60種類、6000株余りものあじさいが美しく咲き誇り、この日、県内外から訪れたおよそ6000人の来場者の目を楽しませていました
園芸	株	昨年、新たに造成された『あじさいの滝』と名付けられたエリアでは、400株の真っ白なあじさい“アナベル” が滝の水飛沫のように一面に咲き誇ります
園芸	株	しかし、トガクシショウマを見てみると、株の、上の花も下の花も両方とも萎んでおり、息を吹きかけたら開花するかな、と思って、上の花に息を吹きかけると、途端に花弁が落花してしまいました
園芸	株	分株の時期は早春の芽の伸びないころから伸び始めまでが一番よいが、この時期は根が一番よく張っている時期で、特に大型種の根の強い元気な株は大変である
園芸	株	庭園には、パラソルなどで日除けをされたぼたん約700株が植えられており、色とりどりの大輪の花を咲かせており、見事な眺めは大勢の来客者を楽しませている
金融	株	「塩酸アモロルフィン」は、杏林製薬(株)が1994年2月に医療用医薬品として「ペキロンクリーム」の製品名で上市し、唯一のモルホリン系の抗真菌剤として臨床における評価を得てまいりました
園芸	株	その家の裏の花壇が微妙に広いので、また困ったものなのであるが、マリーゴールド八十株とか買う羽目になったりしたのであるが、まぁ、素敵な庭が出来たので良しとしましょう
金融	株	長谷川農機販売(株)は福島県の福島市を始め、県北地方を中心に地域の方々に農業機械のトップメーカークボタの特約店として、トラクタ・田植機・コンバイン・更に果 樹、野菜には丸山防除機等農業機械の販売・サービスに幅広い営業活動をしております
園芸	株	花と緑に包まれた潤いのある町づくりを進めようと、今治市の主婦や小学生ら約45人がこのほど、同市北宝来町1丁目のJR今治駅周辺の花壇にビオラとナデシコ約600株を植え付けた
園芸	株	ゆっくりと成長し、その株で一生に一度しか花をつけないため、数十年に一度しか花を見ることがない、別名“センチュリー・プラント”といわれるほど花が咲くのが珍しい植物です
金融	株	2月の同放送株取得時に転換価額修正条項付き転換社債型新株予約権付き社債(MSCB)で調達した約800億円をしのぐ金額が要るため、別の手法を用いる
金融	株	株が大化けした、逆に1/4になった、リストラになった、不動産を買う、売る、ビジネスを始める、売る、・・・チャンスを物にできる人、慎重な人、面白いですね
その他	株	映画やドラマで注目株の蒼井優(22)、「CM女王」の座を突っ走る仲間由紀恵(27)、女性ファンが多い広末涼子(27)、子持ちになってますます美しい竹内結子(27)、今年の美脚大賞に選ばれた観月ありさ(30)、さらに幅広い年齢層にアピールすべく白羽の矢が立った鈴木京香(39)
金融	株	この「八広二丁目親和町会」ホームページは、文洋(株)作成による会員名簿、回覧板、地図等に広告をご掲載いただいた「地域を愛するスポンサー各位」のご厚意により運営しています
金融	株	まず野菜の栽培する前に、(株)チューリップテレビ゙が、消費者ニーズを把握するため「子育て世代」会員(約1万人)を活用しながら、野菜ソムリエの資格を有する社員が中心となって、市場・ニーズ調査を実施し、野菜の開発を進めた
園芸	株	トマオ 五月中旬から下旬には約五万株のミヤマキリシマが咲き乱れ、 その美しさから「花に仙人が酔うほど美しい峡谷」 という意味で仙酔峡と呼ばれているそうです♪ まだ少ししか咲いてなかったけど、とっても綺麗でした(^^) トマコ
園芸	株	この種間交雑により、花や株は一般の園芸種のように大きく、香りはこの野生種の芳香が大きな花から多く発せられる、いわゆる「芳香シクラメン」が誕生することとなり、従来の園芸種とは全く違うバラとヒアシンスを合わせたような香気を持つ栽培用シクラメンが一般に流通するに至った
金融	株	株は上がるか下がるかの2通りしかなく、短期的に見れば50%は必ず勝ち、中期的に見れば90%の株は短期的に勝っている時期が少なくとも一瞬あります
園芸	株	あじさい神社の異名を持つ安志加茂神社の境内のには8千株のあじさいが植えられたあじさい園「あじさいの里」があり、弁財天を祀る新池に架かる朱塗りの橋
園芸	株	昭和34年になって、神戸六甲山の谷間に自生していた株が地元小学校の職員によって発見され、その後、挿し木により増やされて今では各地でも見られるほど広がってきました
金融	株	(株)ライアスは、全国約4000店の中から80店が選ばれる年間優秀販売店(平成20年度)に選ばれ、平成21年7月に明治乳業より表彰を受けました
園芸	株	天然記念物に指定された約100万株ものサクラ草が自生するサクラ草公園(徒歩30分・約2360m)や、野鳥園・水棲植物園などを擁する秋ヶ瀬公園(徒歩18分・約1370m)も、休日の楽しみを広げてくれることでしょう
金融	株	日経新聞を熟読&切り抜きなら、デイトレよりも低位株を中長期保有するか、アップトレンドの株に的を絞ってポジショントレードあたりが適していると思いますよ
植物	株	罹った株は即刻抜いて焼却し、1メートル4方くらいの土を掘りかえして穴の中に石灰窒素を1リットルほどを入れてかきまわし、掘りあげた土を埋め戻す、周囲の植物にかかると葉がかれる
金融	株	[ ID・cafe ]の「株」IDXグループ(八木社長を初めとする)名古屋観光グループ系幹部は県警本部長他愛知県警幹部と何らかの利害関係にあったらしく、
金融	株	このままでは、株主代表訴訟を起されかねない面々は株の引き取りを求めているから、さらに株は、、、仲間内の売買を繰り返して株価を吊り上げていたのだという人も報道もある
金融	株	別に株買ったとか先物に手出したとかそういうことはないんだけれども、ふだんあまりスポーツ欄なんか読まないので、こういう新聞もいいかという考えを持っている
園芸	株	園内には、6000株 のワイルドフラワー花壇や、50種類・740株のバラが咲き誇るバラ園、市民花壇などが広がるほか、ツルバラをはわせたアーチ型のトンネルやガゼボ(あずまや)など、イギリス庭園風の趣向も凝らされている
園芸	株	ニガクサは、10株以上開花していましたが、トキリマメはまだ花が付いておらず、復活を期待していたガガイモは、何年か前の大量草刈以来、全滅してしまったようでした
金融	株	これは6月3日に議案49号が提出され、総務経済建設委員会に付託され継続審査中である議案について調査が必要という経緯から、参考人の設計コンサルタント、(株)長谷部組を招致した
園芸	株	一株の無憂樹(むうじゅ)、美しい花をつけた無憂樹、婦人は歩みをその無憂樹に運ばれ、右の手をあげて一枝を折りたまわんとするや、奇なるかな、玉のごとき王子は、その右脇よりご誕生ましまして七歩を前に進みつつ一指は天をさし、一指は地をさして、
その他	株	作物名に「うり類(漬物用)」「ばら」「きく」「チューリップ」「シクラメン」「しゃくやく」「ぼたん」を追加、作物名「しいたけ」「なめこ」「ひらたけ」の使用方法「ほだ木に散布」を作物名「きのこ類」の使用方法「ほだ木に散布」に変更、作物名「アスパラガス」に病害虫名「株腐病」を追加
園芸	株	それに加えてズッキーニの株自体が、現在第2次うどん粉病と言える状態にも関らず、成長点は比較的葉も青いのが多く、10月に入ってからどんどん花をたくさん咲かせるようになったのだ
金融	株	日本株は、前日18日には日経平均株価が引けにかけきり上がる格好となったが、19日には14時前頃まで下落し1万400円割れに69円しかのり代がなくなったところで、ようやく下げ止まってのほぼ全面安商状
金融	株	弊社は東北電力(株)送配電設備の建設・保守工事で発生する伐採木をはじめ、これまで廃棄処分されていた自然木を“資源”として有効活用し、「循環型社会形成」に寄与します
金融	株	小売業のイオン(株)と、商社の三菱商事(株)がタッグを組み、1969(昭和44)年ショッピングセンターの創造をめざして設立したのがダイヤモンドシティだそうです
園芸	株	【新宮あじさい祭り 四国中央市 新宮町上山(中野地区) 平成22年6月20日(日)~27日(日)】4ヘクタールに2万株のあじさいが咲き誇ります
金融	株	伊藤超短波(株)の家庭用電位治療器『ひまわり SUN2 (ひまわりさんさん)』『ひまわり SUN2 デュオ(ひまわりさんさんデュオ)』は、ニュータイプの導子を採用、治療のバリエーションがさらに広がりました
園芸	株	この桜は樹勢も盛んで気根を出し、株や根の途中から芽をたくさん出すので苗木を取り、前江崎住職・現川崎住職の手によって市内外の神社、寺院に寄付して種を保っています
園芸	株	株の方を撮ってなかったのですが、どれのかというと、花芽ラッシュはまだまだ続く −硬ハオ寄せ植え鉢−で中心に写っていて、個別では一番最初に紹介しているヤツです
園芸	株	昨年はノーブランド3株植え2鉢とミリオンベル(カリブラコア)3株植え2鉢、ブリエッタ1株植え2鉢を雨にあててしまったらノーブランドは花がとろけるというか萎びたみたいになって夏本番の7月下旬~8月上旬には肥料とかやってたのに葉が少なくなってきて枯れてしまった
金融	株	関西電力(株)から供給を受けているのであれば「一般電気事業者」、それ以外のPPS(特定規模電気事業者)等から供給を受けているのであれば「その他」を選択してください
金融	株	当日は、花巻市太田の(株)プロ農夢花巻と奥州市江刺区の管野保男氏圃場の2カ所の水耕野菜作付圃場を視察し、それぞれの研修先から品目の選定、冬期間の栽培、販売等の状況について説明がありました
金融	株	具体的には、成長している企業の株(グロース株)や、現状の株価から見て割安と思われる株(バリュー株)、 安定的に高配当を出している株(高配当株)などさまざまな観点から投資をすることができます
金融	株	ひむかの神話街道 天岩戸神社へ宮崎市木花総合運動公園近くのイタリアンレストラン『アクアポット・カピタン』で(株)アトラクティブの増野社長とピザとパスタをしながらLanch
園芸	株	祖母の家にあったときにはそれぞれ別々の株で植わっていて、実家に移植して、さらに自庭に移植するときには画像の名無しバラだけ連れてきたはずなんですが
園芸	株	まだ若い株は茎が軟らかいので抜こうとすると途中で切れてしまって根が残りますが、蕾がついたり花が開いたりした株はもう茎が頑丈になっているので、引き抜くと根から全部採ることが出来ます
園芸	株	昨日に続き里芋(種芋の上に大きな株ができて、その周りに里芋が群生する)やウコン(根よりも葉の方がウコンの匂いが強い)を観察して、自然の恵みの有難さと不思議さを思う
金融	株	投機目的や自社株持ちなどといろいろな株保有者をお客様と捉えれば、その指標として役立つかもしれないけど、そこで思考が止まってしまうのでその前提は一旦なし(全てのステークホルダーは全てお客様だしね)
金融	株	債券の場合には満期まで持てば元本が償還されるが、株の場合には償還もないので、流動性リスクの高い銘柄は、その分安い価格で取引されることが多いといえます
金融	株	バカラ パシフィック(株)は、「響30年」のボトルをモチーフとした、30面体デザインの「HIBIKIコラボレーショングラス」を全国バカラ直営店にて販売する
金融	株	(請負業務)・清和海運株宍原センター内での仕分け、チェック等・輸出業務にかかわる作業◆重量物(約20kg以上)を持つ作 業有り◆正社員登用の可能性あり
金融	株	現地調査では、頭ヶ島協会(国指定重要文化財)、竜馬ゆかりの地などの地元観光資源のほか、地元水産加工会社(原かまぼこ、・(株)さかもと)を見学しました
金融	株	証券業登録を受けずに大塚製薬グループの医薬品メーカー「アース製薬」などの未公開株を販売したとして、愛知県警生活経済課と中村署は14日、証券取引法違反(無登録営業)の疑いで、名古屋市中区栄の「ワールドネットインベストメント」(森田敏男代表取締役)本店と、東京都北区と横浜市の支店、東京都中央区の関連会社など10カ所を家宅捜索した
金融	株	すべてを取引所経由にすれば透明性と流動性が確保できるというのが根拠かと思われるが、日本の個別株オプション取引のように、取引所取引にしても流動性が低いままというケースもある
園芸	株	同じ株から咲いているのに、違う色の花が咲いたり、場所によって青い花が多かったり、赤い(ピンク)花が多かったり、鉢から庭に移したら花の色が変わってしまったりとそんな経験はありませんか
園芸	株	・・・というワケなので、ご覧になっている皆様が、この肥料で育てている8株の薔薇の成長を、肥料の配合・成分内容と照らし合わせながら見ていくコトの方が良いと考えます
金融	株	古くはリップルウッドによる長銀買収、最近ではライブドアとフジテレビのニッポン放送株をめぐる抗争などは、新たな段階へと進んだ資本主義を象徴した事件である
金融	株	2003年11月、(株)サイバーブレインズ[現、楽天リサーチ(株)]の中国事業部マネージャーとして、日本企業を対象に、中国市場調査およびコンサルティングサービスを提供し、数々の大型事業提携を実現
園芸	株	岩船寺は花の寺と呼ばれてとくに紫陽花は5000株もあり、紫陽花の寺としても有名ときいていましたが、訪れたときは紫陽花が咲く前であったこともあって、なんだか寂れた風情でした
園芸	株	その折、日本全国の珍しい植物を探索している「元、関西地区で最も有名な山草屋さんで働いていた」H君にその話をしたところ、忘れた頃に2株贈ってきてくれたのがこの写真の「サイジョウコウホネ」と称する花です
園芸	株	それぞれの株が小さめなのは永田農法による野菜の特徴みたいだからいいとして、"青チマサンチュ"とか"フリンジグリーン"はもう下の葉っぱから収獲できそうだもんね
園芸	株	そのほか、さまざまな花が咲き匂い、初夏には15000株のあじさいで埋めつくされる「あじさいプロムナード」などがある「ぬかた園地」、そして大阪平野を見渡せて、花と緑豊かな自然とのふれあいが存分に満喫できる「くさか園地」など多数の園地があり、府民の森はファミリーで、グループで、余暇を思いっきり楽しめるリフレッシュ・ゾーン
園芸	株	壁面、パーゴラ、トレリスなどに這わせて育てますが、この株は写真のようにアンドン仕立てとなっていますので、このまま大きめの鉢などに植え替えていただけば、壁面がなくても栽培できます
金融	株	その5年前の86年、ゴールドマン・サックスは住友銀行に同社株3900万株を保有するよう投資を迫って1000億円近い資金を注入させ、しかし経営には一切口を出させなかった
金融	株	(株)櫻工房では、癒しの空間の提供として 『櫻珈琲煎房 Coffee & Bar』 のカフェを札幌市内4店舗にわたり、フランチャイズ展開をしています
園芸	株	株(パルプ)が鉢いっぱいになった場合は春以降の成長期に株分け・植え替えを行なうが、花芽が出ている株は花が終わってから植え替えないと、根にダメージを受けて開花しない事がある
金融	株	まぁ米株高やユーロ金融政策ネタなどでドルの逃避需要が衰えた、なんて解釈はあるかもしれませんが、結局は反動の域を出ず、米金融株相場の上昇などを教科書的なドル買い材料とみなす空気もそこかしこに見られる
金融	株	だいたい斉藤茂吉という株を所有する息子さんたち一家=斉藤茂太、北杜夫がそもそも《ブンガクの才能がある》のかというと(ヨソは知らないが)ボクのような門外漢はへぇ~~っと云って、最後は笑ってしまう
園芸	株	株が弱らないよう1年に1度、この時期だけに咲かせるようにしてますが、花期が1ヶ月程度続くので、丁度花のあまりない季節にはとても重宝している胡蝶蘭です
金融	株	しかしメディアは「値上がり確実な未公開株」の譲渡を「濡れ手で粟」と表現し、さらに株を受け取った政治家の名前を小出しにする事で国民の怒りを誘い、それを増幅させていった
金融	株	久門紙器工業(株)は21世紀もお客様に満足していただける商品の創造とパッケージの限りない未来に向けて、高品質で、より美しく、かつ低価格の製品作りにチャレンジし続けてまいります
園芸	株	約300年前に大桑原の渡辺家が屋敷に観賞用のツツジを植えたのが始まりとされ、以来その数が増え、現在は約1万株のツツジが2haの庭園を埋めつくす
その他	株	つまり、これらの2株がPGA生合成を行なわないということが、 グルタミン酸の供給過少のためであるのか、それともグルタミン酸の重合酵素(群)の欠損のためであるかを判別するのが 極めて難しい
園芸	株	クルマバハグマは、10株ほど開花していましたが、昨年の新参者のハッカは、まだ開花に至っていないのか絶えてしまったのかどこにも見当たりませんでした
園芸	株	分げつも各株にて1~2本発生中です 第6葉が展開をし始めると第3節から1次分げつの3号分げつが発生する 同様に反対側に第7葉が展開し始めると1次分げつの4号分げつが発生する
園芸	株	エンダイブは別名が『ちしゃ』と言われ、そのままでは苦味が強いので、株が十分育ったら、外側の葉をまとめて先端を絞り、内部に日光を当てない軟化栽培で作ります
園芸	株	こつこつと増やし育ててきたあじさいも今では約2万株を数え、延長も7kmを超え、「日ノ浦あじさい街道」として色鮮やかな花が楽しめるようになっています
園芸	株	大イチョウの株の周りは落ちたばかりの黄色い葉っぱが一面に敷き詰められた状態で、プロの写真家のような人が木の真下に腰を据えて、大樹からヒラヒラと舞い落ちてくるイチョウの葉を撮ろうとしているようだった
金融	株	徳地産業(株)設立 岩国工場の設備を移設し、積水ハウス(株)山口工場向けのハウス部材の生産及び東洋工業(株)防府工場向けの自動車ノックダウン用部品梱包木枠生産を開始
金融	株	みやぎ生活協同組合と(株)FMS綜合研究所は、廃棄物管理システムの新しい社会モデルとして、事業所等で発生するリサイクル可能な資源物を、排出事業者自らが収集運搬し、圧縮・乾燥等の加工を行って再資源化する「みやぎ生協リサイクルセンター」の整備および運営を実施することとなり、2005年12月2日に両社の基本合意調印式が開催されました
園芸	株	ゴージャスな球根ベゴニアを中心に、世界各国からあつめた絢爛たる花々やアレカヤシ、バナナ、パパイア、マンゴー等の熱帯植物約10000株が一年中展示されており、訪れる人を華やかに迎えてくれます
園芸	株	約45種類、37000株ものたくさん綺麗な花とコラボして春らしい撮影するつもりが、手はかじかんじゃうしまともに花を見る余裕すらなかったわ(→ᄌ←;)
金融	株	楽しんで、より中国に詳しくなりましょう) 中国経済、株関連書籍、中国関連リンク(中国株取扱証券会社)、 中国関連リンク(ビジネス関連)、中国関連リンク(中国の様々な情報)など情報は豊富
金融	株	講演内容は、本学 吉田淳一教授による『LEDによる植物栽培』、トヨネックス(株)代表取締役社長 小倉喜久男氏による『トヨネックス(株)の取り組み・北海道に育ったクマイザサのエキス成分に着目した商品展開』です
園芸	株	「日本には1920年に植物学者の島田弥市が、現在のベトナムの船上で食べた柑橘があまりにも美味しくて、サイゴンの植物園から株を分けてもらい、伝わった
園芸	株	適当にバチバチ切って、しょっちゅう植え替えて、ウドンコにもなり、アブラムシもハダニもよってきますが、年々立派な株になっていきますから強いのでしょう
金融	株	中野区のHPでは明らかになりませんが、(株)まちづくり中野21の定款を見ると、それぞれ出資者には、配当以外に、残余財産の分配という規定があります
金融	株	今井武一・同社名誉相談役 (株)小津商店代表取締役社長は「はじめに」で、承応2(1653)年、小津清左衛門長弘が江戸大伝馬町(現・日本橋本町)で紙商を創業以来、一貫してこの地を動くことなく350年の歴史を刻んでまいりました
園芸	株	また四季折々には季節ごとに植物がその美しさを競い、中でも敷地内の約三分の一を占めるおよそ五千株のあじさいは、種類も豊富で、白や青、紫、ピンクと咲き染まっていくグラデーションが美しい
園芸	株	被害(ひがい)株(かぶ)の根(ね)冠(かんむり)部(ぶ)、葉柄(ようへい)、果(か)梗(きょう)を切(き)ってみると導管(どうかん)の一部(いちぶ)または全体(ぜんたい)が褐変(かっぺん)している
園芸	株	また株当たりの平均地上幹数は、クロモジとタンナサワフタギが斜面傾斜角から有意な正の影響を受けていたが、著しい多幹型のツリガネツツジは何ら有意な影響を受けていなかった
金融	株	そろそろ中国株大暴落、中国経済大低迷、中国共産党一党独裁体制の動揺、米中関係の険悪化、台湾への中国人民解放軍武力侵攻というシナリオが現実化しはじめている
園芸	株	太平洋に面した公園に、鳥羽一郎の「志摩半島」の歌碑が造られており、その両側の花壇に浜木綿(ハマユウ)が千株ほど植えてあるが、昨年植えたそうで、花の開花もまばらである
金融	株	・(株)日立製作所 ビジネスソリューション事業部経営コンサルティング室、安信さんのオープンセミナー「金融サービス統合のIT戦略」を企画しました
金融	株	そのためこれからは主婦や会社員のような人でも株を売買しやすい環境をつくるだけではなく、このような株主の議決権などのような基本的なことに対しての改善や配慮も必要なのである
園芸	株	株を4年の期間限定で業者から借り受けて栽培するため、次々に品種を選び替えて栽培していかなければならず、栽培もさることながら、品種選びが売り上げの“生命線”になるという
金融	株	平成10年(1998年)9月にセコム(株)より資本参加を受け、セコムグループの一員として社名を「セコム東洋損害保険」と変更し、更に平成12年(2000年)5月より「セコム損害保険(株)」に変更いたしました
金融	株	私は金融機関で働いていることもあり、自身の運用を金融株で行うことはバランス上好ましくないということもありますが、この環境で手出しは絶対にしません
金融	株	投資信託でも、「RIET」や「外国投資信託」、株でも「日本株」「米国株」「中国株」というように詳細に分けてポートフォリオに表示させたいと思っています
金融	株	この日知事室を訪問されたイオンリテール(株)の村井社長は、「このカードがWAON加盟店で利用されると売上金の一部が隠岐ジオパーク推進協議会の活動に役立てられることになります」と話されました
金融	株	(株)ネットサポートご相談窓口 ×332265539営業時間10時~20時定休日 土、日、祝担当 川島※本メールが最終連絡となります、ご連絡なき場合は、やむを得ず法的処置へと移行する場合がございます
園芸	株	しかも、一株だけの狂い咲きとかではなく、街路樹となってる沿線の両脇にあるほとんどに、花が咲き、これから咲きそうな蕾まであって、確実に今月いっぱいは楽しめそうだ
金融	株	昭和10年6月 富士電機製造(株)(現 富士電機ホールディングス(株))より電話交換装置・電話機・装荷線輪の製造及び販売権を承継し、富士通信機製造株式会社として設立
金融	株	例えば、FPが、顧客から、「どのような株を購入したらよいか」と相談され、具体的に「この株を買うように」と助言することは、金融商品取引法により違法とされます
金融	株	フェアリーエンジェル(株)が運営する直営レストラン「天使のカフェ」(北山店)にて、参加者で植物工場で栽培された野菜を試食しながら、代表取締役の江本氏の講演と質疑応答、地下の植物工場見学を行いました
金融	株	大量の株取引の注文を一度に出すと株価を変動させ、買い付け資金が膨らんだり、予想外の安値で株を手放したりすることになるが、アルゴリズム取引は注文を分散させて影響を最小限にとどめられる
金融	株	「実業」で儲けるのではなく、株を法の抜け穴を使って売買し儲ける若手「虚業」家たちがもてはやされる昨今ですが、そのようにして金儲けすることが、本当の意味での「男の夢」なのかどうか、第二次大戦直後のアメリカで、時代を25年先取りしたシートベルト装備のマニア垂涎の名車「タッカー・トーペード」を作った男たちの戦いを例に考察してみました
園芸	株	このラッパスイセンというのは、長く咲き続けるもので、一つの花株はどのくらいもつのか知りませんが、次々に花を開き、1月ぐらいから4月ぐらいまでは花をつけているようです
金融	株	アスワン(株)がカーテンとカーペットに展開している光触媒「スーパーチタンデオ」に、インフルエンザウイルス(H1N1)を減少させる効果があることが、(財)北里環境科学センターの実験によって実証された
金融	株	(株)フェーズワン植竹 晋社長が、平成19年の事業計画、(株)フェーズワン様の経営方針、そしてNPSに期待することなどについて語ってくださっています
金融	株	借金とは、できればしないで済ませたいもののはずだが、日本のバブルと同断、借金してでも株や不動産を買えば値が上がって儲(もう)かる、となって、ついに新たな教条が生まれたのではないか
金融	株	そのときに、全てを買取引受とはせずに100万株だけを販売し、元引受証券会社が投資家の需要動向を見ながら需要が強いと判断した場合に15万株を上限として追加で売出しを行うことを決定したとします
園芸	株	この他では実生株のレギア(Regia)が元気だし、後昨年の秋に植えたやはり実生苗のプラッティ(Prattii)がどうやらお目覚めの気配があり、嬉しいですね~
金融	株	崎戸炭鉱は20世紀はじめの明治40年から九州炭鉱汽船の経営により採掘が本格化し、明治44年には三菱が九州炭鉱汽船の株の 半分を所有、販売権を独占して、昭和15年、
金融	株	稲津氏は政府の日本郵政株の売却時期が不明なまま、事業拡大がしやすい点に触れ、「(民間金融機関との)公平な競争条件の確保は難しい」と批判しました
園芸	株	茎は太くなり株の分けつが進み密度感は増しましたが、匍匐茎がいまいち発達が悪かった・・・・理想とする密度にはまだまだ遠いですが、このまま低刈りしてWOSできるくらいにはなった感じです
金融	株	の日本株の割安感というのは2005年度ベースで見ても、また2006年度ベースで見ても現時点では既に解消されているものであり、これ以上上昇させる根拠としては弱い
園芸	株	ところで、このハーブの株分けのときにポロリと株元から折れたルバーブの苗があったのだが、3週間たって水栽培をした4株のうちの3株はいずれも根が生えてきた
植物	株	トマトのイチョウ病の被害が出た株を鋏で剪定をした場合に、その剪定した枝に内側にも茶色に茎の中を枯れた色の部分があって、その枝を鋏で剪定し、次に無病の株をその鋏を使った場合、被病株になるような気がします
金融	株	弊社は、(株)報徳舎のコンサル部門をもつ身ですが、当然その由縁は、二宮尊徳翁 の報徳の精神に、学び、また日本国土の荒地を鍬鍬一本でコツコツ、まじめに誠実に沃土と化して、人々の荒んだ心と体をも頑健にし、更に荒廃した藩の財政をも立て直して行かれた、その凄まじい実績に感服し、その姿勢を実践すべく社名にいたものですが
金融	株	常磐警備保障(株)では、警備業法を遵守し、「発報=真報」を合言葉にお客様ご契約先への最短ルートを日夜研究、発報出動時の細密点検を怠ることなく練成を重ねた警務士が24時間待機で警備に当たります
金融	株	群馬県警前橋署は24日、すでに公表している「特定失踪者問題調査会」(荒木和博代表)は26日、妻のヤミ金融事件で、スイスの秋子さん(58)は腹部に放火したと説明しているとして、傷害の失跡した福井県小浜市のしたことをして、銃刀法違反の上半身をいると認め「株取引や遊興費に使った」と調べて嘔吐やよると、明大相撲部の供述して所属する商学部2年の調べでは、妊婦死亡問題の責任のいる
園芸	株	秋 早く挿すと、冬に満開になる四季咲き性のディアスシア、今シーズンは遅めに挿したら、予想より咲くのが遅れて、一番遅い株は やっと咲き始めたところです
金融	株	金型総合管理システム“KICS”を(株)マイクロリンクと共同開発し、金型製作全体のスケジュール、コスト、部品寿命、修理履歴の統合管理を行なっている
金融	株	増本勝久さん(ホワイトマックス(株)代表取締役)、真紀子さんご夫妻のご尽力も得て、加藤節子さん(ソーマ化粧品(株)広島営業所所長)や白尾裕さん(セルフ参究会)及び得津輝子さん(自然食品、ナツラルフーズ経営)から、いろいろ問い合わせがあり、心温まる交流をさせて頂きました
金融	株	・第(だい)一(いち)稀元素(きげんそ)化学(かがく)工業(こうぎょう)(株)(かぶしきがいしゃ) ・トップ金属(きんぞく)工業(こうぎょう)(株)(かぶしきがいしゃ) ・マシノ工業(こうぎょう)(株)(かぶしきがいしゃ) ・藤正(ふじまさ)建設(けんせつ)工業(こうぎょう)(株)(かぶしきがいしゃ) ・(株(かぶ))ダサイ
園芸	株	結論から申しますと、一つのウッドプランターに、パイナップルミント・アップルミント・スペアミント・レモンタイム・レモンバーム・ローズマリー・オレガノの計7株を寄せ植えったのは、相当無謀な行為なんだそう
園芸	株	5月中旬頃咲きはじめる7万7千株のシラネアオイをスタートに、イワカガミ、レンゲツツジ、ノゾリキスゲ、コマクサ、マツムシソウなど、10月初旬頃までお花の観賞が楽しめます
金融	株	伊藤忠エネクス(株)はJOMO、三菱商事石油(株)は日石三菱、丸紅エネルギー(株)は昭和シェル石油、住商石油(株)は出光興産などと主に契約しています
その他	株	メインキャストを務めた石田と谷村は、柴田監督が「アクション映画ではあるが、しかし『しっかりとした芝居ができる』という点にこだわった結果、2人をキャスティングした」と太鼓判を押すほどの実力派で、ともに出演作が絶えない注目株である
園芸	株	280種、約3000株のバラが植えられるバラ園と堂島川に挟まれた約300平方メートルには「バラも水辺も楽しめる空間」として、オープンテラスを備えた店舗の開設を計画している
金融	株	小松水産(株)並びに(有)小松海産物は、南加賀公設地方卸売市場内で営業しており、市場法の規制により南加賀地区の一般の消費者の皆様に販売することができません
園芸	株	三年前から、あじさい公園記念植樹会(清水久会長)が、地域の「鎮守の森」を整備、約二千二百株のアジサイを植え、“紫陽花神社”とも呼ばれるようになった
金融	株	上記の者は、平成19年2月10日午後3時5分、別府市大字南立石字寒原10番地の7、別府ロープウェイ(株)から北東約650mの登山道付近の木の幹に吊るされたロープの下で、白骨化した状態で発見されました
園芸	株	人気が高かったのは、町が年明けからハウスで栽培した1株300円の球根ベゴニアと、西原環境テクノロジー鹿追試験場が開発した1袋300円の馬ふんの堆肥(たいひ)
金融	株	(株)杉原書店から「ピアノと木管五重奏のためのニッポンの歌、心の歌」全20曲の楽譜とCD、新編成室内楽「ピアノとバッハバンド・カルテット」全22曲、世界でも類を見ない165曲収録のバスーン2重奏曲集、「一人ぽっちのBn吹きのためのバッハ曲集」、「一人ぽっちのBn吹きのためのヴェニス謝肉祭」等を出版している
金融	株	ここで、いったん、COEDOビールが生まれる母胎となった(株)協同商事とその創業者朝から霧幸嘉(重治氏の義父 以下幸嘉氏)氏が始めた地ビールの時代にまで遡ることにしたい
金融	株	社会人になって、サラリーマンデザイナーとしてスタートした私は、「オーディオ機器」のデザインが好きだったことから、(株)東芝でハイファイ・オーディオのデザインをしていた
園芸	株	境内で鉢植えと地植え半々くらいで約1000種類(約1500株)のバラと色々なハーブを育てている副住職(ムッシュ・ミツモン)によります趣味のばら・ガーデニング情報のサイトです
金融	株	仮装売買(なれあい売買)とは、他人に株の売買が盛んに行われているよう誤解を生じさせるようにさせ、思い通りの相場にする目的で、権利の移転、金銭の授受等を目的としないで行う取引のことで、証取法で相場操縦の一つとして禁止されています
その他	株	また催奇形性研究においては、妊娠時マウスに投与したヒメマツタケ(岩出101株)の胎仔ならびに生後発育に及ぼす成績においても安全性が確認されています
その他	株	2万m2の敷地に遼寧、新疆、内蒙古などから持ってきた中生代種子植物の化石600株余りと、インドネシアから運んだ新生代被子植物の化石100株を展示している
金融	株	商品名:バラジャムマフィン 内容量:80g×1個 原材料:無農薬バラ(フランス・メッセゲ)、国産小麦粉(岩手県・東日本産業株)、平飼い有精卵(茨城県石岡市・中村養鶏所)、リンゴ、砂糖、手作りバラ酒など 賞味期限:冷凍保存で製造日より1ヶ月、解凍後は冷蔵で3日間 ※冷凍でお届けします
金融	株	スティールは「現時点ではTOBで取得したブルドック株を第三者に移転する計画はない」としたほか、買収後もブルドックを「自ら経営するつもりはない」などと回答した
園芸	株	上3枚の写真は、同じ小川内の杉の木なんですが、角度を変えただけで、1本に見えたり2本や3本に見えたりするちょっと変わった木ですが、樹齢7百〜8百年とされ、大小三つの杉の株が、根元で癒着した珍しい杉の木です
園芸	株	パンジーの株は全て根がしっかりとポットに周り、全く心配がない心強さを感じたが、葉ボタンの株は全く根が貧弱で生えて来ておらず、すぐに枯れてしまいそうな弱弱しい感じがした
園芸	株	私の大学の卒業作品、といっても農学だから、卒業論文ってことになるのだが、その内容は、植物の集団(たとえば芝生)において、競争で生き残る株は、発芽時点ですでに他の個体よりも早く発芽する遺伝子をもっていて、最初から競争に強い、というものであった
金融	株	(株)エムジェンバイオのパク・クァンウク博士は、24日、共同研究を通じて、ランドレース種豚の体細胞にヒトの白血球の産生を促進するタンパク質「GM−SCF」の遺伝子を注入し、今月18日に豚4頭をクローニングした、と発表した
金融	株	そしてそのお知らせの内容をよく見てみると、まだライブドア株に関しては株主権が喪失するか否かはまだ正式に決まっていないため、ライブドア株の出庫はお客様からの指示があったときのみ行うという内容でした
園芸	株	無肥料でスタートして 分けつ(一株の苗の本数が増えていくこと)を抑え、45日頃に 追肥をやって 急速に分けつと成長を盛んにさせるというやり方が への字稲作 みたいです
金融	株	(株)ミサワホームは25日、東京地方裁判所に会社更生手続開始の申立てを行ない受理された(株)穴吹工務店の子会社(株)穴吹ミサワホーム(穴吹ミサワ)に対する今後の方針について発表した
園芸	株	「花百科」を見ていたら、京都は嵐山の古刹、臨済宗の本山、天龍寺の境内にはムクゲが20~30株また、フヨウも多く植えられており孟夏になると花が咲き誇り観光客の目を楽しませてくるそうです
金融	株	まぁ以上の企業の株を売れとか買えとか言えないから、良い意味で関連銘柄ってことではアスベスト処理工事の日東紡(3110)や除去処理では明星工業(1976)てところですかね
園芸	株	株の弱ってきたトマトの畝に、先日買ってきたなすびを植えたのですが、考えてみると、ここのトマトを8月中に整理して、冬から来年の春用の“ホーム玉ねぎ”を植える予定でした
園芸	株	○活動当日は、地域の方に延べ20人ほど参加していただき、下校する男子生徒やクラブ活動前の女子生徒も一緒になって、300株の苗をプランターや花壇に植えた
金融	株	(株)ファンケル(神奈川県横浜市、成松義文社長)は2009年10月7日、発芽玄米に含まれる肥満抑制の新成分「発芽米ステロール配糖体」(PSG)を特定し、そのメカニズムを実証したことを報告した
金融	株	その後バドは自分が勤務する証券会社の同僚にブルースター・エアライン株を一斉に売らせる指示をし、株価崩壊を引き起こしてゴードンに損害を与えることに成功する
園芸	株	花の種類も、最近はアジサイと呼ばずにハイドランジアと呼ぶそうで増えているらしいが、ガク咲きが2/3を占めて、残りが手毬咲きであったが、鮮やかな青色が目立つガク咲きの株が目立つ程度で、ご近所でも良く見かける平凡な品種しか植えられていなかった
園芸	株	このミドルイーストの香り漂うバラの花は古代ペルシャの古都に因み、イランで自生していた株が欧州に持込まれたもので、因みにこの花びらは脂で出来ていて食べる事が出来ます
園芸	株	アスパラガスの場合、自己(この場合自株だけではなく、アスパラガス全般が対象になります)または他の植物等に影響を与える物質を産生し、根から分泌していることになります
園芸	株	根っこがのびのびするだろう、などと株に対してあまり大きいものに替えてしまうと、水遣りしてもそれだけ根っこが水を吸えないのでなかなか鉢の中が乾かず根腐れ、アヒャ
金融	株	この説明書は(株)D&Mのボールを元に作成しておりますが、さらに清心会 藤沢病院の石井千恵さんのご協力により、安全に考慮したオリジナル視覚障害者用ボールエクササイズマニュアルも追加しております
園芸	株	約300年前に大桑原の渡辺家が自分の屋敷に観賞用のツツジを植えたのが始まりとされ、以来年々その数が増え、現在は約1万株のツツジが2haの庭園を埋めつくします
金融	株	当日は忙しいにもかかわらず、実務委員として実務に携わっていただいた会員ならびに、今回共催して頂いたキッセイ薬品(株)、機器提供して頂いたニプロ(株)、フクダ電子(株)の関係者の皆様に厚くお礼申し上げます
園芸	株	花後は株が弱るので葉を落とすのは仕方がないのではと思うのですけど、葉全体に広がってしまうのはダメージを与えてしまうので、薬品は使いたくないのですけど、そんな時にはサプロールの希釈液を散布しています
金融	株	横浜ゴム(株)(社長:冨永靖雄)は、ゴルフ用品のプロギアよりアイアンセットの新商品スピードアイアン 「900TR」と「901」を(株)プロギア(社長:花田滋夫)を通じて8月1日から発売する
園芸	株	とても広い園内には、1万株もあると言う、つつじが一斉に咲き誇っていて、50余種ものつつじが、赤く、白く、そしてピンク色に身を装って、花山を成しています
金融	株	つまり、平成18年1月31日及び2月21日、議決権の67%にあたる劣後株を、機構及び花王(カネボウ化粧品)は、ユニゾンらが出資するトリニティ・インベストメントに公開買付けによらずに201円で売却しました
園芸	株	(クリックで拡大)手前がジャガイモ、真ん中の土の部分が今日耕した所、その向こうには長ネギが2株あって、更にその先に玉葱がびっしりと生えています
金融	株	WTVJ株共同中古テレムンド駅WSCV(チャネル 51)ミラマー、フロリダ州とその送信サンライフスタジアム付近の北マイアミデード郡に位置してとのスタジオとオフィス施設
金融	株	★ 昨日の日記にのせた産経の記事は読んだひとがトヨタ株やソニー株を買うのが良いと判断することを期待して書かれていますが買いなさいとは書いてありません だから記事を読んで買った人が損をしても産経は罪を問われません
金融	株	この度、当社が(株)日立製作所との共同研究で開発した『排泄介護向け自動採尿システム』は、介護品質を向上させるだけでなく、環境配慮型システムであることから、今回「エコプロダクツ2007」に出展することにしました
金融	株	さらに、日本が、海外投資をなしえていない、小金持ちがいるだけで、総体として海外投資経済活動ができていない、ただ少額の株の売り買いしかしえていない、ビジネスを育てるということがなされていない、これが問題なのだ
金融	株	始めにお伝えしておきますが、株は銀行の普通預金や定期預金の商品などに比べ、大きなリターンを得られる可能性がありますが、元本が保証されていないというリスクもありますので、自己責任でお取引をお願い致します
金融	株	一般的な保証書は各会社独自の単独保証書なのに対して、弊社の保証書は「(株)アイセイ堂 と塗料メーカー」との印鑑がおされた連名保証書になっております
金融	株	(株)Kライズギムネマシルベスタ 250mg×360粒 ギムネマシルベスタに、プランタゴ種子(オオバコの一種)の種子の外皮から取った天然の食物繊維を配合
園芸	株	北上展勝地の桜は、大正9年に行われた桜の植栽事業で植えられ、現在展勝地公園約293haに約1万本の桜と10万株のツツジがあると言われているそうです
金融	株	記事は、東京証券取引所が10日、日本システム技術株について、2000年9月ころから売掛金残高確認書の捏造などの不正行為が続いていた疑いがあり、過去の有価証券報告書を訂正するとの報告を同社から受けたため、監理ポストに割り当てると発表したと報じる
園芸	株	4月下旬〜5月上旬の『つつじ園』には、20000株の平戸ツツジ、霧島ツツジ、久留米ツツジ等が咲き誇り、その規模は関西屈指のもので『ツツジ寺』と呼ばれています
園芸	株	紹介されていたのは、これからたんぽぽの季節になるので、なるべく大き目の株(花)を探してスコップで根を傷つけないように掘って、根っこを良く洗って乾燥(または水気を切る)→細かく刻んでフライパンで空炒り→黒っぽくなったら引き上げて、あとはコーヒーを淹れる要領でお湯を注ぐとたんぽぽコーヒーの出来上がり
園芸	株	幾つもの園地を結ぶ散策路沿いに日本原産のガクアジサイの他、1万株の多種のアジサイが栽培されており、特に、「うみの子とりで」入口付近を中心に、観音崎園地、走水はしりみず園地などに多い
金融	株	に従事した後、ACIJapan(現(株)フォーディー・ジャパン;フランスのリレーショナルデータベース開発会社の日本現地法人)にて支店長代理を務める
金融	株	普通の株主優待は100株以上のときは1つで、1000株以上のときには2つといった感じで、必ずしも保有株式数と株主優待の内容が比例することはないのですが、このオリエンタルランドについては少なくとも100株から500株までは優待の内容も比例して上がっていくということで、なかなか個人株主にとっては嬉しい内容です
金融	株	「農薬情報」→「殺菌剤」→「微生物」に、製造・販売「出光興産(株)」、使用回数の制限がないため、いちご栽培における減農薬栽培やうどんこ病予防の基幹剤として体系防除の中で活用できる生物農薬「タフパール」を追加しました
金融	株	3月25日(ブルームバーグ):米ゴールドマン・サックス・グループによると、銀行の不良資産をバランスシートから切り離す計画で投資家の参加をいかに確実にするかを米財務省が明示していないため、金融株の急反発は持続しないという
金融	株	平成14年1月15日〔火〕、(株)棚橋経営研究センター 研修室において行われた青森 若山経営の「平成14年度のコンサル業務企画」の様子をお伝えいたします
金融	株	加速器研究部では、(株)住重加速器サービスの方々と共に、年二度の長期メンテナンスと日常メンテナンスを効率的に行い、常に最新の技術を導入しながら低故障率を実現しています
園芸	株	三河湾に面した三ヶ根山中腹にある補陀ケ池の周囲にあじさいが 約5万株、例年6月1日から30日までは「あじさい祭り」が開催され、日没 から午後9時半までライトアップされます
金融	株	私も過去50年間、阪急電鉄沿線山手の雲雀丘に住んでおりながら、この阪神株を安いな、買うかな、だが魅力がないな、といつも心が動いては買うことをしなかった一人である
金融	株	判決によると、宮内被告らは、ライブドアの2004年9月期連結決算で、自社株売却益などを売り上げに不正計上し、約3億円の赤字を約50億円の黒字と偽ったほか、同年10~11月には、企業買収などを巡りウソの情報を公表した
金融	株	未公開株を取得額の3倍で知人男性に売り、3億7000万円をだまし取ったなどとして、詐欺と恐喝未遂の罪に問われたタレントの羽賀研二被告(47)=本名・當真(とうま)美喜男=と、恐喝未遂罪に問われたプロボクシング元世界王者、渡辺二郎被告(53)の公判が28日、大阪地裁(中川博之裁判長)で開かれた
金融	株	千代田化工建設(株)の中村ひさおさんに、「音環境のデザイン~その現状と展望~」と題して、様々な空間の音環境についてそのあるべき姿と、より良好な音環境の創造に関するお話をして頂きます
金融	株	他にも、切込隊長(山本一郎=総会屋)2chを使ってネット関連の株を動かしたとか・・・そういえば、夜勤(中尾嘉宏=前科持ち)が勝手にログを売った話もでた事あったね
金融	株	時次郎と珍念は、今や人気絶頂の勤王の株を先買いしようと、新選組と勤王党の争いが絶えない京都へ向かうが、ひょんなことから坂本竜馬に桂小五郎の密書を届ける役を仰せつかる
園芸	株	和歌山県かつらぎ町花園久木、高野龍神スカイライン(国道371号)沿いのドライブイン「花園あじさい園」(朝本校央園長)では約3500株のアジサイが見ごろを迎えている
金融	株	1株あたりの買い付け価格は800円と、昨日終値よりも96%高い水準にあり、市場で買い付けてTOBに応募した場合には利益を確定できるため、値鞘狙いの買いが殺到している
金融	株	アイシン・エィ・ダブリュ(株)/カーナビゲーション分野においては世界トップクラスのシェアを持ち、ボイスナビゲーションシステムを世に送り出し、ATにおいては近年では世界に先駆けて8速AT(FF・FR)の販売を開始
金融	株	ご存知のように富士写真フイルム(株)(以下、フジフイルム)は創業当時から、今のコニカミノルタにとって国内最強のライバル会社として、写真産業界をリードしてきた企業の1つです
金融	株	ところで皆様方がやはり注目しているのは低位株でしょう、週足からみるとやはりサハダイアモンド、東理ホ_ルデイング、森電気、南野建設ではないかと思います
園芸	株	株が大きくなったムラサキツユクサが良く咲いている ヤマホロシも次ぎ次ぎと休みなく咲いて楽しませてくれている 今年の春に大鉢に植え替えたアプチロンの花が咲き始めた これからが楽しみだ
金融	株	研修会では、矢崎総業(株)の芳賀金幸氏が「わが社のコンプライアンス取組実践」と題し、JAを担当する推進員に求められる遵守事項等をチェックポイントにまとめた冊子などを紹介しました
金融	株	ライブドアのニッポン放送株取得で話題となり、日枝会長が「公共性」などとのたまっていたのでどのような「公共性」を持った報道をするのかと興味津々でニュースを観ていた
園芸	株	雄花と雌花は別々の株につき、雌花は長い花の柄をのばし水面に開くが、雄花の方は水中の苞の中にたくさんできて、これらが熟すと苞は破れて中から飛び出して、水面に浮かんでから花が開く
金融	株	カネボウ化粧品・製品開発研究所は、曽田香料(株)との共同研究により、化粧品に用いられるバラ精油(rose damascena)の一つに、新規バラ香気成分「ロゼルシノール26」を発見した
園芸	株	今、私の栽培している株は広島市植物公園で結実しているのを洋ランの世界的学者で下伊那出身の唐沢耕司園長に請うていただいたものを播いて3年目、久しぶりに昨年盆花として仏壇に供えた
園芸	株	そんなこともあって、小型のポットですが、友人宅用に 3年目のシクラメンや買った2株のビオラ (咲いていない株は淡いオレンジ色) などで寄せ植えを作りました
金融	株	ユニ・チャーム(株)(社長:高原豪久、本社:東京都港区)の製造子会社であるユニ・チャーム プロダクツ(株)(社長:高井正勝、本社:香川県観音寺市)は、社員の家族が職場を見学する「家族工場参観日」を四国、静岡、福島の3工場で実施します
植物	株	ほかに鳥取県八頭郡・大樹寺、宮崎県西都市尾八重地区などに樹齢400〜500年のウラクツバキの古木があるが、これらは遺伝的に同一、つまりひとつの株から挿し木や接ぎ木で増やされたクローンであることが明らかになっている(→参考文献)
園芸	株	2002年は花の付きがよく大きな花が見事でしたが今年は、 小さい株がおおいので、あまり期待できそうにありませんが、立派な花をつけているものもありました
金融	株	不成立となった王子製紙による北越製紙株の敵対的な株式公開買い付け(TOB)で、株価指数連動型投資信託(ETF)に組み込まれた北越株が不成立の一因だったことが、6日分かった
金融	株	九州各県に物流ネットワークを持つ『(株)キューハウ(本社:福岡市東区箱崎ふ頭)』は、防虫防蟻処理薬品のトップメーカーである越井木材工業(株)(本社:大阪市住之江区平林北)の関連会社である(株)コシイプレザービング製の『ハウスガードシステム・
金融	株	83060 三菱UFJ 農林中央金庫と(株)三菱UFJフィナンシャル・グループによる三菱UFJニコス(株)普通株式に関する株式譲渡契約締結について
金融	株	ヤマハ鹿児島セミコンダクタ(株)(鹿児島セミコン)は全国レベルのエネルギー管理優良工場として認められ、2006年2月1日、経済産業省が主催する
金融	株	なんといっても、それぞれの生産者から直接素材の説明を聞くことができ、なかなか市内の市場に出てこない、妙高ゆき海老の活き〆料理や、(株)妙高ガーデンのハーブ、稀少な天然のスジエビ、ふかし栽培のタラの芽、丸いもなど、これだけの素材が集まることは滅多に、いや全く初めての機会です
金融	株	ひとつの目安としては3comの株価(現在70ドル/1株)がありますが、大方の情報では上場後短期間で3comの株価を大きく上回るという見方が一般的なようです
園芸	株	先代から現在のご住職まで、半世紀をかけて、一株ごと、丹精込めて育まれた紫陽花の花景色を本堂の阿弥陀如来座像も、きっと慈しんでいらっしゃることでしょう
その他	株	作物名に「うり類(漬物用)」「ばら」「きく」「チューリップ」「シクラメン」「しゃくやく」「ぼたん」を追加、作物名「アスパラガス」に病害虫名「株腐病」を追加
金融	株	無登録で未公開株を販売したとして、県警生活環境課などは10日、高崎市栄町、コンサルタント会社「クリエイティブバンク」社長、木村栄氏容疑者(43)を証券取引法違反(無登録営業)容疑で逮捕した
金融	株	私どもの(株)国際興業神戸は、神戸市、明石市、姫路市を中心として「お客様第一」の経営姿勢を大切にし、お客様や地域社会への貢献に傾注する企業を目指してまいります
金融	株	世界経済の回復により『世界経済の敏感株』と呼ばれる日本株も上昇基調ですが、実はこの株高を支えているのは国内の機関投資家や個人投資家ではなく、外国人投資家です
金融	株	PTCジャパン(株)は企業の製品開発プロセスの革新を目指し、低コストで高品質の新製品をタイムリーに市場投入できるようにするシステム基盤「製品開発システム (PDS)」の整備・提供を推進することを大きな目標としています
園芸	株	境内には、県の天然記念物に指定されている樹齢二百五十年、株回り七メートルの藤があり、四月末に花の見頃を迎えますと市内外から多くの方が見物に参拝されます
園芸	株	これ以外に今週分の20株、挿し床に20本くらいあるので、この秋目標の 30種類、300ポットは、種類数、ポット数ともに達成確実です (年末にパンジー・ビオラをポットに植え替えるので これらが加わります)
金融	株	証券取引等監視委員会は、セイクレスト株のインサイダー事件で、同社元社員の大沢憲嗣容疑者34歳、同元社員・榊山周一郎容疑者34歳、容疑者らの知人の吉村崇容疑者38歳を、インサイダー取引で刑事告訴を行った
金融	株	『プラネタリューム』という名称は登録商標となっており、昭和16年には(株)三星社、昭和26年9月26日からは千成一茶と社名は変ってきましたが、実は『プラネタリューム』という名の菓子はまんじゅうに形を変えて生き続けていたのです
園芸	株	別名「あじさい寺」とも言われるほどで、6月から7月のシーズンには約7000株のあじさいが綺麗で観光客も多くなるので、矢田の観光スポットになっている
園芸	株	姫マツタケ(岩出101株)は、1980年、第39回日本癌学会総会で三重大学医学部キノコ研究グループがおこなった研究発表によって一躍脚光をあびました
金融	株	今にして思えば経済にも社会にもすでにひずみは出ていたのですが、そんなことにはおかまいなく地上げ屋が横行し、NTT株はストップ高となり、どこぞの生命保険会社の社長がゴッホの絵を買い、海外にまで土地を漁り行ってひんしゅくを買い、男性は「5時から男」、女性はワンレン・ボディコンで浮かれまくった時代でした
園芸	株	日陰に咲き真っ白い不思議な世界をもつギンリョウソウ、テリハノイバラの真っ白な花、一株だけあったクモキリ草、オオナルコユリの花、これらの花々が疲れを忘れさせてくれました
金融	株	各社の実質PBRが1倍割れとなるのは「不動産市況に不透明感が強く、含み益を株を買う材料にしにくい」(フォルティス・アセットマネジメントの山本平社長)ためだ
金融	株	ニッポン放送株をめぐるフジテレビジョンとライブドアの取得合戦で、フジテレビが実施した同株の公開買い付け(TOB)が7日締め切られ、同意した株主が議決権ベースで3分の1を超える公算が濃厚となったことが分かった
金融	株	Q22 この「遙かなる時空の中で」ともう一つ(株)光栄が出している「アンジェリーク」・「金色のコルダ」の合同イベント、「ネオロマンスフェスタ」がありますが、行かれた事ありますか
園芸	株	建勲神社は境内のツツジ公園のツツジ植樹も、当地の若者、小路青年会の事業の一環として開園に123名、昭和27年にそれぞれ荷車による早朝遠方の石倉山よりのツツジ500株を株分けし、現在地に新植されたのが今のツツジ公園の整備のきっかけであります
金融	株	現在、NCBは電気安全環境研究所(JET)、日本品質保証機構(JQA)及びTUVラインランド技研(株)が認められており、また、CBTLとしては電気安全環境研究所(JET)試験所、TUVラインランド技研(株)試験所及び(株)ユーエル エーペックスが認められ、実質的な運営が行われている
金融	株	(株)キューピーと契約し、植物栽培プラントとしてV字型立体水耕栽培を導入し、人工光(高圧ナトリウムランプ等)、温度調節などを用いることで、露地栽培と比較して1/3の期間で収穫が可能となった
園芸	株	バラ以外に4月から5月にかけて、ポピーなどのワイルドフラワーやハンカチノキなどが、秋には約20万株のコスモスの群生や菊のトピアリーなど、一年を通じて多彩な花の魅力が楽しめる花のテーマパークです
金融	株	毎年この季節にやってる「ビクター・甲子園ポスター」キャンペーンというのがありまして、日本ビクター(株)が行う、夏の全国高等学校野球選手権大会の出場校名が入ったポスターのキャンペーンのことで、1980年から始まったポスターキャンペーンのことです
園芸	株	また、裏山を中心に植えられた1万株ものあじさいを始め、四季折々の花々が所狭しと植えられており、いつ訪れてもまた違った表情であなたを出迎えてくれます
園芸	株	古い古い株にたった一房咲いた紫陽花ほとんど色が出ない道路に面した塀を飾ってくれているオカンが名前忘れた花ゴーヤもすくすく成長雄花の蕾がぼちぼち NO SMOKING 46 DAYSブログ記事トップへお山の学校を応援しています [続きを読む]
金融	株	jp/ )」は、株式会社リクルートとヤフー株 式会社を大株主とする株式会社オールアバウトが運営、17分野、約340のテー マごとに、専門の知識や経験を持った人=「ガイド」が、インターネット上 にある膨大な情報を収集、編集し提
園芸	株	別の株の雌しべ、雄しべを受粉させるほうが受粉率が良いそうなので、できるだけ別な株の花を選んで受粉させますが、これまで受粉させた雌花は、ほとんど実が着いているので、今回の作業でもたくさんの実が着いたことでしょう
園芸	株	この何年かで大量に発生したフェンネルの数十株を一気に畑の中央に移すといった話と、フェンネルは直根で根の長さが50センチを超えているという話、根を食べてみたがそれほど美味いものではないが、強い酒にはそれなりに合うものである、といった話だった
金融	株	わが国の医薬品国産化の先駆け、星一(ほし・はじめ)氏の設立した星製薬(株)の施設をもとに、昭和16年の星薬学専門学校設立にあわせてつくられた歴史ある研究の場だ
園芸	株	アスパラガスの半促成やハウス雨よけの、2季どり、または長期どり栽培において、株養成のための立茎開始以降に養液土耕(かん水同時施肥)を用いると、夏秋期の増収効果が高く、かん水・施肥の省力化と減肥栽培が可能である
その他	株	シントムは1円の買いこそ6000万株以上残ってますが、本日はほとんど1円で売られており、 買い物の減少と共にわざわざ2円で購入する方が減ってきたようです
金融	株	しかし、利下げで市場の混乱が解決しないことが明らかになれば「再び株を売って利下げを催促し、追い込まれて当局が利下げするという展開が当面は続く」と草野氏はみている
金融	株	# ごくごく形式的には、メディア・リンクス(2748)も要件を満たすのですが、ここ数ヶ月のうちに転換社債(CB)を乱発していますので、実質的にはネット・ネット株ではありません
園芸	株	ウチのこのコも最初に買ったときは葉の本数、高さともいたってフツーだったんですが、環境が良いのか株が良いのか、にょきにょきと葉が出てきて、えらい密集度になってしまいました
園芸	株	畑に残っている野菜は「なす」(夏なすはまだまだ実り続け、秋なす用の株は若葉が伸び花が咲き始めました)、「にら」、そして「さつまいも」くらいでです
金融	株	モノクロル酢酸および誘導体については電気化学工業(株)との合弁会社「デナック」が、エチレンアミン類については東ソー(株)との合弁会社「Delamine bv」(オランダ)が製造販売をしており、それぞれの分野に於いて指導的役割を果たしています
金融	株	ついには倒産する企業(マツウラ(株))まで出て混乱が一段と広がる中、本人は法的な借金整理の手段、自己破産申請し、昨年十一月八日に破産宣告を受けた
金融	株	関西電力(株)、KANSOテクノス、大阪コミュニケーションアート専門学校の協力のもと、無農薬野菜や草花の農園を屋上緑化の施工技術で再現し、アスファルトの広場に緑の空間を創出し、ガーデニングや家庭菜園に関心のある方々の興味を引き付けました
園芸	株	虫食いの白菜を6株取り 、網の目になった外葉を取り除くのですが、1枚目~5枚目までぼりぼりとはがし、ここまで虫食いの 葉を取れば、もう中は綺麗な黄色の葉になりました
金融	株	つまり、株式の希薄化を促進し、自社株の値崩れを起こしかねないということで、時価総額の下落と株式の希薄化を同時進行させ、既存株主の資産(株式)価値を激減させる恐れがあるということ
金融	株	将来70歳になったら自分の使える小遣いで株をやりたいと毎日株価を気にしてここ5年パソコンとにらめっこしてきたが、今回の株の暴落に驚いたと同時に本日現在平均株価881円と言う数字は投資の怖さをやらない内から教えてくれて良い教訓に成った
園芸	株	花色は気温や湿度でばらつきがありますので、株が小さいうちは3色咲くうち、白が多かったり、ピンクが多かったり、白がなかったり、なかなか3色きれいに咲き分けません
金融	株	最初からあったくすのき・もちの木・さくらなどは切らずに残しメタセコイヤを8本植えられましたが、このメタセコイヤは東洋製罐(株)・東洋食品工業短期大学を創設され経済企画庁長官や通産大臣を歴任された高崎達之助氏が輸入した親木から苗木をつくり植樹されたものだそうです
金融	株	日本証券業協会、(株)東京証券取引所グループとの共催で1996年度より本格的に実施しているもので、アメリカの学校教育現場において約30年の実績を持つStock Market Gameをモデルにしています
金融	株	‘09年6月に急逝したマイケル・ジャクソンの全生涯を徹底調査し、明らかにした圧巻の日記風ドキュメント『マイケル・ジャクソン全記録1958‐2009』、(株)ユーメイドより緊急発売
園芸	株	植樹の問題は、特にこういう青年会の皆さんが半世紀の前に頑張って、違う山からツツジの株をいただいて、あそこに植栽して、すばらしいツツジ公園、舞鶴山の公園に大変なお力添えをいただいたと
園芸	株	6月上旬には1万株が咲き誇る菖蒲園、50種類の香り高いハーブを植栽したハーブ園、4000本余りの花木が植えられた四季の森など、多彩な施設がある広々とした公園
金融	株	(株)野村総合研究所主席コンサルタントの池澤直樹氏からは、新しい産業を作ってゆくには若手研究者や産業界のよりどころとなるビジョンが必要であるが、実際には過去に作ったビジョンを超えて進むものがあり、その一つが「プラズモニクス」に関する研究開発の進展であると話され、プラズモニクス開発は、広い産業分野への波及効果が望めることから日本の競争力の維持・強化に大いに貢献できると期待の言葉を頂戴いたしました
金融	株	楽天孤立、TBS株大量取得に11球団猛反発 楽天をのぞく11球団が現状が野球協約183条に違反するという見解を出したということで、ちょっと一息
園芸	株	花には両性花と、雄花が有るようですが 同じ株から両方の花が立っていたり雄花だけの株や両性化だけの株が有ったりでどう咲き分けてるのかよく解りません 花数は雄花が一番多いようです
金融	株	日商エレクトロニクスとSSEの提携は、SSEが日商エレに328万600株の第三者割当増資をするとともに、日商エレは住友商事に567万5000株の第三者割当増資を実施するというもの
その他	株	IT関連会社「テレウェイヴ」(現SBR)株の注意を求め、山口地裁岩国支部にわたって被害届を殺害したとライターを強いており、容疑を認めて仙台北署は15日、殺人容疑で、仙台市青葉区角五郎、無職、福井栄治容疑者(85)を遅らせたとして、警視庁少年事件課と小平署は、傷害の疑いで、埼玉県新座市在住の年金支給日に死亡、熊本北署が15日、さいたま地裁(伝田喜久裁判長)で農学部のいる
その他	株	この株は、植えたものではなく、いわゆるウティミー(鳥などが果実を食べて糞とともに種子が落ち発芽して生育したもの)で、生育がよく株も充実しているので、たくさんの実がつくと期待されていた
その他	株	被害(ひがい)株(かぶ)は萎縮(いしゅく)して生育(せいいく)不良(ふりょう)となり、葉(は)は生気(せいき)を失(うしな)い、下位(かい)葉(は)は紫紅(しこう)色(いろ)となって萎(い)ちょうし、最後(さいご)には枯死(こし)する
園芸	株	また、眺望散策路の周辺には40 種類以上約2500 株のアジサイが群生していて、これからの季節雨の季節には眺望はもとより「アジサイの径(こみち)」として散策も楽しめることでしょう
園芸	株	芍薬は、10株ほどの花が蕾を持って徐々に花が開いてきているが、花の色が薄く、花の大きさも、花の数もこれまでの20数年間の中で最低の感じがしている
園芸	株	種子ができる通常株と、突然変異があらわれる鑑賞株が、同じ親からうまれたにもかかわらず姿形がまったく違うという変化朝顔は、遺伝の法則にのっとって、現代まで維持されてきました
金融	株	従業員持株会とかだと、勤め先の会社の株を給料から毎月購入していくことになりますが、勤め先が倒産したら、働き先が無くなるどころか、持株会に注ぎ込んだお金も無くなっちゃいます
金融	株	第二の決断は、自らが保有していた三百万株(当時、三十四億円に相当)におよぶヤマト運輸の株式を「ヤマト福祉財団」のために全額寄付してしまったことである
金融	株	トーソー(株)では、ライフスタイル発信型の新感覚カフェとして、来る5月7日(金)に東京・豊洲にオープンする「CAFE;HAUS」(カフェハウス)に参画し、商品提供を行う
園芸	株	近所のホームセンターで一株¥70くらいで売っていたので(種からは結構大変らしい)仕入れたらグングン大きくなってあっという間に花が咲き、またその後あっという間にこんなに立派になっちゃいました
金融	株	市場からは、海外投資家からの関心度が急速に低下している日本株への印象を変える数少ないトレンド転換のチャンスを逃した可能性があるとの見方も出ている
金融	株	11月5日(木曜日)午前10時から、岸和田市と関西電力(株)は、岸和田城(岸和田市岸城町)とその周辺で堀のごみ採取や樹木の剪定などの清掃活動を行います
