# 数学: 数学で、除数。割る数。七を法とした剰余, 裁判: 裁判の基準。おきて。, 政治: 社会生活上の規範。規範を定めた条文。法の定めるところによる非法, 通貨: フランスの貨幣単位「フラン」の音訳。
裁判	法	古屋さんは、公明党が高齢者虐待防止法や発達障害者支援法、薬害肝炎救済法などの制定に尽力したことに触れ、「公明党は困っている人の側に立った政治を強力に推進してきた」と強調しました
裁判	法	ではあるのだが、なんらかの後ろめたさをかかえた者が立法や司法に携わるのは、人や社会の実情を法に反映させるという意味で、かならずしも悪いことではない
裁判	法	)により、障害補償年金若しくは傷病補債年金又は遺族補償年金と厚生年金保険法の規定による障害厚生年金及び国民年金法の規定による障害基礎年金(同法第30条の4の規定による障害基礎年金を除く
裁判	法	本件は、大家さんが、借家人を被告として、京都地方裁判所に未払いの更新料の支払いを求める裁判を起こしたところ、京都地方裁判所が、更新料条項は消費者契約法10条に違反して無効であるという理由で大家さんの請求を認めなかったので、大家さんが、大阪高等裁判所に控訴したという事案です
裁判	法	大阪の過去の事例をけみすると、労働基準法違反の場合は、おおよそ起訴されるケースが多いだけに確かに社長に塩を送ることになるのではないかという反対意見は納得できるものでした
裁判	法	平民会が議決した最初の法は、紀元前286年のアクィリウス法であり、これは他人の奴隷または大型の家畜を不法に殺害した者に一定の銅貨を支払うべきことを定め、不法行為法の原点とされている
裁判	法	民事訴訟法の解釈、運用を考えるためには、なぜ人は争うのか、といった根源的な問題、また争いの当事者は法を基準とした解決に満足しているのか、といった現実的な問題を念頭に置く必要がある
裁判	法	覚せい剤取締法違反の罪で起訴された酒井法子被告(38)の夫で、同様に起訴された自称プロサーファーの高相祐一被告(41)が、悪いイメージを与えた格好のサーフィン
政治	法	現行法では、ホームヘルプや就労支援などの在宅・通所サービスを利用する障害者のうち、生活保護世帯を除く利用者から、所得に応じて月1500円〜3万7200円を限度に利用料を徴収している
裁判	法	らい予防法(一九九六年廃止)に基づく隔離政策で基本的人権を侵害されたとして、ハンセン病の元患者ら百二十七人が国に一人当たり一億千五百万円、総額約百四十六億円の賠償を求めた「ハンセン病国家賠償訴訟」(一次−四次提訴)の判決で、熊本地裁は十一日、らい予防法の強制隔離規定について「一九六〇年には違憲性が明白だった」として、国に総額約十八億二千万円の支払いを命じた
裁判	法	部下の女性に匿名の電子メールを執拗(しつよう)に送ったとして、ストーカー規制法違反罪に問われた東京都文京区千石3、宇都宮地裁判事、下山芳晴被告(55)の初公判が25日、
裁判	法	1244426623 【民主党】教育基本法や教育公務員特例法を真っ向から否定する元山梨県教組委員長の輿石参院会長 教育政策は日教組と一体 (286)
その他	法	・・・キペディアの「数学的帰納法」などに、帰納法となっているけれど本当は帰納ではなくて演繹とあり、数学用語 にしては随分いい加減な名称ということになるのでした
裁判	法	しかし、司法制度改革の一環として、検察審査会法が改正されたため(刑事訴訟法等の一部を改正する法律(平成16年法律第62号)第3条)、この起訴議決制度が、2009年5月21日から導入され、議決に拘束力が生じるようになった(2009年5月21日に施行)
その他	法	pチンコ攻略法の雑誌広告を見て購入した情報が虚偽で被害を受けたとして、堺市の会社員男性(29)が雑誌発行元の「未来インターナショナル」(大阪市)と広告代理店「クエスタ」(東京)に255万円の損害賠償を求めた訴訟の判決が12日、
裁判	法	また、公職選挙法や政治資金規正法の改正案・自民党総裁選挙規定などの政治改革私案、日本型福祉社会の実現・日中や日ソ関係を含めたアジア太平洋圏構想という平和外交・自動車排ガス規制の推進など、世論の求めや時代を先取りした政策を次々に研究・提言してみせている
裁判	法	17日にライブドアの証券取引法違反の判決が下ったが、前社長の堀江貴文被告の公判前整理手続きは2006年5月10日の開始から8月30日まで計10回スピーディに開かれた〔1〕
裁判	法	「司法書士の業務範囲と弁護士法の関係について司法書士の業務範囲に関する照会の件」(照会)(昭和二十八年十月二十六日法務事務次官宛日本弁護士連合会会長照会)会社設立に必要な書類のうち、 お勧めの業務あなたはどのスペシャリストに
その他	法	成るほどそれはけい肺法のように国会の要望に応えて立案をせられた、或いは福祉厚生関係のように衆議院その他実際の動きがあつてそれを取上げられた、こういうのもございますが、一貫して流れておりますのは大臣の説明を以てしても、従来の労働関係法には占領中に司令部の指導と勧奨によつて作られた
裁判	法	全権委任法の成立によって独裁権限を掌握し、ヒンデンブルク大統領没後は大統領制を廃止し、自らが総統(フューラー)となり事実上の皇帝兼大統領兼首相となったのです
裁判	法	2 抵当証券法第1条第2項の申請があった場合において、同法第5条第2項の嘱託を受けた登記所の登記官が抵当証券を作成したときは、当該登記官は、職権で、抵当証券作成の登記をしなければならない
その他	法	食べたいものがなかったので、翌日の訪問は果たせなかったから、数学的帰納法の証明は成立していない(笑)が、ご近所が重宝している、カツ丼もタンメンもある、出前してくれる街場の中華屋さんと結論付けている
その他	法	それが記号法であり、ベクトルの先端の位置を表すために、横軸を実数、縦軸を虚数とした「複素平面」と呼ばれるグラフを使い、例えば「50+j50」という式をグラフにしてみる
裁判	法	ライブドア事件で証券取引法違反(有価証券報告書の虚偽記載など)の罪に問われ、東京高裁で実刑判決を受けた元社長堀江貴文被告(35)について、高裁は28日、再保釈を認める決定をした
その他	法	日本法人「デル株式会社」では、店頭販売員を採用する際、自社で面接を行った上で人材派遣会社に採用させて、派遣社員として就労させていたことが発覚し、職業安定法が禁じた「職業紹介」にあたるとして、神奈川県警が法人としてのデルと当時の採用担当元社員を同法違反容疑で書類送検、略式起訴し、同社に対し罰金30万円、元社員に対し罰金10万円の略式命令が2005年8月25日に出た[15]
裁判	法	昭和15年 陸軍輸送港湾域軍事取締法改正、要塞地帯法改正、国防保安法制定(特高警察による言論弾圧のフリーハンド完成)、内閣情報局官制発布(内閣情報部を局に昇格)
その他	法	ニュートンはこのことで自分が考案した微分積分法を、何らかの方法でライプニッツが盗んだと思い込み、 この後25年間の長きに亘ってライプニッツと微分積分学の発見者の名声を争って法廷闘争を行っている
その他	法	Ashimさん担当のもう一つの単元である「Simplification」は帰一法に較べると遥に楽、というかあるルールに則った計算練習の単元なのでヒネリがききにくい、つまり誰が書いても本質的にそう大きく変わらないはずなので、ここはもう一頑張りして乗り越えて欲しいところです
その他	法	驚異の業績up法”濱田昇×宮川明の【究極の】オンライン・セールスレター・プログラム 【限定モテ本】ブサイク男が超カワイイ女を口説いた魔法 結婚相談所に頼らずに90日で幸せな結婚をする方法 ワールドカップ2006公式マスコット「ゴレオ(Goleo)」FIFA公認キーホルダー 本体2980円+送料1700円 これだけは知ってほしい
裁判	法	ライブドア(LD)の粉飾決算事件などで、証券取引法違反の罪に問われた前社長堀江貴文被告(34)の第21回公判は、7日午後も東京地裁(小坂敏幸裁判長)で弁護側の被告人質問が続いた
裁判	法	カナダから覚せい剤約3・4キロをスーツケースに隠して密輸したとして、覚せい剤取締法違反(営利目的輸入)などに問われた韓国籍の男子専門学校生、イ・チュン・フィ被告(23)の裁判員裁判の判決が17日、千葉地裁であった
政治	法	広島司法書士会尾道支部は法の日にちなんで、 5日 日曜日、午前10時から午後3時まで、土堂2丁目、絵のまち館で、司法書士一日無料法律相談会を開催します
裁判	法	起訴状などによると、徳永被告は2008年11月、東京都内の不動産会社役員倉永健一郎被告(38)=自衛隊法違反で起訴=に、隊員の出身地や年齢、家族構成などが記載された「隊員出身地カードデータ」のコピーを渡し、見返りとして100万円を息子名義の銀行口座に振り込ませたとしている
その他	法	とりわけ、有限要素法を中心とする計算力学の発展は、産業界全般にわたって固体力学、流体力学、移動現象論、電磁気学、音響学など工学諸分野汎用計算プログラムの開発をうながし、いわゆるCAD/CAMを推進させて着実に計算機支援工学の時代に接近しつつあります
その他	法	もし生きていた人々の数の分だけ墓標が用意されれば、あっという間に地表は墓に埋め尽くされてしまうわけで(笑)、何か画期的な死体処理法と儀式法を誰か発明してくれないかな、と思うのですが
政治	法	裁判所は、日本の司法府の統括をし、「法の番人」と呼ばれている最高裁判所と下級裁判所に別れ、下級裁判所の最上位である高等裁判所、特定の地域を管轄する地方裁判所、家庭に関する事件の審判や調停、又少年審判等を受け持つ家庭裁判所、日常に起こる軽微な事件(民事、刑事共)を簡易で迅速に処理する為の簡易裁判所から成り立っている
裁判	法	2 前項の場合における銀行法の規定の適用については、同法第二条第十四項中 「次に掲げる行為」とあるのは「次に掲げる行為(第一号に掲げる行為にあつては郵 政民営化法(平成十七年法律第九十七号)の施行の際における同法第百十条第一項第 一号の政令で定める業務に係るものを除き、第二号に掲げる行為にあつては同項第二 号イからハまでに掲げる業務に係るものに限る
裁判	法	改憲手続きを定めた国民投票法施行が来年5月に迫る中、平和憲法を守る運動を強化しようと、新たな団体・個人を加えて今年3月に発足させた「府下宗教者九条交流会」が企画した
裁判	法	被告人が、小売商業調整特別措置法3条に基づく政令指定地域において、知事の許可を得ることなく、その所有する建物を小売商に貸し付けたとして起訴された刑事事件
裁判	法	被告においては訴状が送達され争いが起こって初めて利息制限法所定の制限利息に引き直して計算するのであり、さらに法43条の適用がないとされた後でなければ法律上の原因なく利得したことは知りえないのである
裁判	法	その一方で、第2四半期累計で為替差損が53億円、持分法投資損失13億円が発生していることから、経常利益は従来の予想を据え置き950億円(同10
その他	法	電気抵抗法はMCVと赤血球数を直接算定し、HCT値は計算によって得られる計算法と、赤血球パルス波の高さの和からHCTを求める赤血球パルス波高値検出法があります
裁判	法	「なんとかならないか」では先日ポーランドで法制化されるという「性犯罪者の強制去勢」についての是非について「是」の立場に立ちつつも、アメリカの「ミーガン法」をテキストに問題点について考えますよ
裁判	法	証券取引法(現・金融商品取引法)違反の罪で25日、東京高裁に控訴を棄却された元ライブドア社長の堀江貴文被告(35)は、東京都港区の六本木ヒルズ内の自宅で生活しており、時折ゴルフに出かけることもある
政治	法	答弁内容にもありますように、国に対して法律改正を強く働きかけることは勿論、もし当局に積極性がない場合は、関係議員に働きかけて議員提案で法改正すべく働きかけをしなければならないと考えているところであります
裁判	法	仕事の中で子育てのことを取り上げる機械が多かったもので、行政のほうも少子化対策でいろんなことをやるようになって次世代育成支援推進対策法という長ったらしい名前の法律もできまして育てを応援しましょうという気運にもなってきているということも取材させていただいているところです
裁判	法	国家賠償法は、第一条において「国又は公共団体の公権力の行使に当る公務員が、その職務を行うについて、故意又は過失によつて違法に他人に損害を加えたときは、国又は公共団体が、これを賠償する責に任ずる
裁判	法	その場合に暴行、脅迫、器物毀棄は、それはどちらも異存がないのでございますが、いわゆるよく争議が行き過ぎて業務妨害罪になるといつたふうな場合の威力、業務防害罪の威力要件、威力というものは、大正十一年頃の判例に古くからある、労働法のない以前の判例によりますと他人の意思を制圧する事柄の汎称だ
その他	法	このような治療法が開発されると、既に自然治癒作用が発動し、いずれ自然治癒にいたる可能性が強い場合にも、しゃしゃり出て、代理戦争を買って出るのです
裁判	法	・原告が法を守らず商売する人物であるという事実の摘示←原告が磁気活水器の効果効能をうたって商売しているが、効果効能の合理的根拠は一切提出しておらず、さらに原告自ら科学的根拠はどうでもいいと「水は変わる」の中で明言している以上、景表法や特商法を軽んじていることがあきらかなので、真実と認められる
裁判	法	覚せい剤取締法違反(使用、所持)の罪に問われた霧島市国分上井、霧島市議、四元寿満被告(35)の初公判が18日、鹿児島地裁(渡部市郎裁判官)であった
裁判	法	覚せい剤取締法違反の罪で起訴された女優・酒井法子被告(38)の元所属事務所「サンミュージック」が、26日に行われる同被告の初公判前に、薬物問題などへの具体的な対策を打ち出す方針であることが12日、分かった
裁判	法	日本では教育基本法(平成18年法律第120号)第5条第1項および学校教育法(昭和22年法律第26号)第16条において、日本国民である保護者に対し、子に9年の普通教育を受けさせる義務を負わせている
政治	法	以上のような法56条の趣旨にかんがみれば、保護基準の改定に基づいて既に決定された保護を不利益に変更する場合、不利益変更そのものに、法56条のいう「正当な理由」がない限り、違法となると解するのが相当だ
その他	法	平成13年12月15日日本ビジネス実務法研究会主催・第11回研究会(関西特許情報センター)で、「株主代表訴訟の被告取締役側への会社の補助参加が認められた事例」(最一小決平成13年1月30日判決、判時1740号3頁、判タ1054号106頁)について行った報告をベースにして、中央経済社発行『ビジネス法務』判例ニューウェーブ欄に掲載
裁判	法	従来の中小創造法や新事業創出促進法との最も大きな違いは、創業時の大きな悩みである最低資本金制度(株式会社1000万円、有限会社300万円)に関する特例措置が盛り込まれている点と、必ずしも技術系ベンチャーでなくとも対象とされる(旧法ではベンチャー志向が強かった)点にあります
裁判	法	現在、小沢氏の政治資金規制法嫌疑で検察審査会より「起訴相当」という議決が出たと報道されていますが、議決は「不起訴相当」「不起訴不当」と「起訴相当
その他	法	紀元前326年、ポテリスス法によって、拿捕の際に被告を鎖で繋ぐことが禁じられると、古来の民事訴訟手続は実効性を失い、制度改革の必要が自覚されるようになった
政治	法	日本における労働三法は戦後の民主化政策の中で制定されたが、法における労働者保護にいたる過程では大変な労働者のたたかいがあったことを忘れてはならない
裁判	法	現在破産法の改正が進んでおり、来年度(平成17年度)からは90万円以上の資産が換価の対象とされる予定ですが、現時点では20万円以上の資産が換価の対象とされております
裁判	法	会社更生法の適用を申請(2月26日付)した長崎県佐世保市の「ハウステンボス」(HTB)の再建に、米ウォルト・ディズニー社が関心を示していることが、19日わかった
その他	法	船の浮力や船の復原力、球状船首や船のトン数、船位測定法や航海計算表、グーグルマップや海の交通法規、海上気象や自差修正法、船内設備や船の機関室、動画によるロープの結び方や船で使う特殊な言葉、国際信号旗や船の種類、タグボートの
裁判	法	)であつて紛争の目的の価額が裁判所法第三十三条第一項第一号 に定める額を超えないものについて、相談に応じ、又は仲裁事件の手続若しくは裁判外の和解について代理すること
裁判	法	お客様が「食べログ」に書き込みを行った時点で、当該書き込み内容の国内外における複製、公衆送信、頒布、翻訳・翻案等、著作権法上の権利(当社から第三者に対する再使用許諾権を含む
裁判	法	覚醒(かくせい)剤取締法違反(所持、使用)の罪に問われた前衆院議員、小林憲司被告(41)=民主党を除籍=の判決公判が16日、名古屋地裁であり、高橋裕裁判官は懲役2年、執行猶予3年(求刑懲役2年)を言い渡した
裁判	法	「発達障害者支援法」は、発達障害を定義し支援の必要性を明らかにするものであり、支援システムを実現させるための根拠が明確となり具体的な支援システムを構築していく上で極めて大きな意義があると考えます
政治	法	)の数を合計した数が当該被合併法人の発行済株式等(議決権のないもの及びみなし割当(法第六十一条の二第四項(合併及び分割型分割による株式割当等がない場合の譲渡利益額又は譲渡損失額の計算)に規定する場合における同項の規定による同項に規定する株式割当等をいう
裁判	法	これらに加えて、(1)土木または造園の施工管理技士の有資格者で、県の研修を修了した者を1人以上雇用している、(2)労働安全衛生法による安全衛生特別教育を修了した者を2人以上雇用している、の二つの要件を満たせば入札に参加できる
裁判	法	(5) よって、被告は、原告に対し、特許法一〇二条二項に基づき、被告の本件特許権侵害行為により、被告が得た利益相当額金七一九三万七二〇〇円を、原告が右侵害行為により被った損害として賠償する責任がある
その他	法	対処法としては、「MJの番数アップ」「SJの番数ダウン」「ニードル径の変更」があると思いますが、部品が未だ手元に無い状態なので、部品入荷次第、要調整と言う感じですね
政治	法	東京高裁の判決は、「許可又は不許可の処分について適用される法律は、H3年法ではなくH12年法である」とした上で、H12年法が求めた「生活環境調査」、「申請内容の告示縦覧」、「市町村長、周辺住民からの意見聴取」など手続きを行うことなく出した許可処分は「法の趣旨に反する重大な瑕疵があるというべきであって、違法なものとして、本件許可処分は、取り消しを免れない」と結論付けました
裁判	法	今月8日、覚せい剤取締法違反(所持)で札幌地検に起訴され、同容疑(使用)で北海道警に再逮捕された、札幌弁護士会元副会長の弁護士加藤恭嗣(やすし)被告(51)
政治	法	鉱物資源開発に係る組織的・法的枠組みは、中国政府が1983年以来進めてきた行政機構改革、国有企業改革、法整備などによって、一応市場経済に見合った形に整いつつあるものの、一方現場に目を向けると、計画経済時代の遺物と見られるものが少なからず存在する
政治	法	これを受けて、千葉大学 法経学部 教授の多賀谷 一照氏は「あまりにも外部的要因が多すぎるという指摘だろうが、周波数を得たからといってどの程度収益が見込めるか、計算できない
裁判	法	禁酒法時代のユダヤ人ゲットーで育った2人のギャングの生涯を描いた大作で、マカロニ・ウェスタンの代名詞ともいえる作品を数多く残した名匠セルジオ・レオーネ監督の遺作にして代表作といえる作品である
政治	法	法改正直後は、臭気指数規制を導入した都道府県は少なかったのですが、最近は、全国的に、従来の特定悪臭物質規制に代えて臭気指数規制を導入する動きが広がっています
裁判	法	事件を担当したタサン法律会社キム・チョルジュン弁護士は、「ソウル高裁の原審判決には労基法と労組法に対する明確な区分がないので、攻防となった」とし「大法院判決文が出てからだが、『労基法と労組法上の労働者でもないので、特定しなくとも良い』というような判決が出る可能性が大きい」と分析した
その他	法	回避法として必殺技の「気にしない(© 秋山さん)」が通用しないという恐るべき事態なので、書き手もしくは読み手がドレかをヤメにするしかありません
政治	法	なお、国家が自国領海での無害でない通航を防止するために執りうる措置及び軍艦が領海からの退去要求に従わない場合に執りうる措置などの具体的内容は、国連海洋法条約には規定されておらず、国際慣習法によるものと理解されている
その他	法	今まで多く語られる事の無かった密教の修法に関して、護身法の解説や諸霊供養講座など次々に展開、多くファンを持つ反面真言僧からは「越法」との反発もある
裁判	法	ドイツもそうで、スパイを取り締まる「連邦憲法擁護法」(別名・スパイ防 止法)により、その取締機関として憲法擁護庁と連邦情報庁が設置されてい る
政治	法	」「その争議行為等が、勤労者をも含めた国民全体の共同利益の保障という見地から制約を受ける公務員に対しても、その生存権保障の趣旨から、法は、これらの制約に見合う代償措置として身分、任免、服務、給与その他に関する勤務条件についての周到詳密な規定を設け、さらに中央人事行政機関として準司法機関的性格をもつ人事院を設けている
裁判	法	中学2年の女子生徒にわいせつ行為をしたとして児童買春・ポルノ禁止法違反容疑で逮捕された東京高裁裁判官、村木保裕容疑者(43)が、この女子生徒の同級生にも現金を渡し胸などを触っていたことが20日、警視庁蒲田署の調べで分かった
裁判	法	業績悪化を公表する直前にインサイダー取引で損失を免れたとして、証券取引法(現・金融商品取引法)違反(インサイダー取引)罪に問われた東証2部上場の投資会社「ジェイ・ブリッジ」元会長、野田英孝被告(54)の判決公判が10日
政治	法	これは都市公園法施行令第6条1項1号で定められている、都市公園内運動施設の建ぺい率規制によるもので、スタンドの下辺をもって建ぺい率を計算するスタンドのいわゆる「軒下」にあたる部分やグラウンドは、法令上の「建築物」とは見做されず、建ぺい率の計算対象から除外される(軒下は公共の通路、グラウンドは広域避難場所に指定されているため)
裁判	法	今のところ内閣総理大臣が認定した適格消費者団体が、消費者契約法、景品表示法、特定商取引法の誤認誘導違反に対して「差止め請求」ができるレベルですが将来的には契約取消などにも拡充されるかも知れません
裁判	法	彼は国民の「亡命禁止法」にも反対し、左派のジャコバンクラブを骨抜きにして、ルイ16世をパリから退去させ、現議会の解散と新議会の召集をさえ図るのですが、1791年4月2日、持病が悪化して急死します
裁判	法	従つて私どももいろいろな紛争はともあれ、その臨時列車を動かすために超過勤務をすることは必然的なことでありますから、その超過勤務に応じ得る態勢にするためには基準法三十六条の協定をしようではないか、こういうふうに申入れましたところ、これを一蹴し、とにかく国鉄労働組合とは協定をしない
裁判	法	私は、この発達障害者支援法のことを聞きましたのは実はことしに入ってからでございまして、LD親の会の方々、地元の方々がわざわざ事務所を訪ねていただきまして、この法律が臨時国会に提出される可能性があるということのお話をいただきました
裁判	法	提案は、医療法上、有床診療所の位置付けや名称を明確に規定することのほか、▽医師数は現行通り最低1人にする▽地域病床数の算定は、地域医療計画に反映させるが、病床規制はしない—などの内容
裁判	法	租税法について、キャピタルゲイン及びキャピタルロスの所得課税上の問題点を手掛かりとして、所得概念論と所得税の課税根拠に関し、特にアメリカ連邦所得税との比較研究を行っている
裁判	法	放送法第三条の四「放送事業者は放送番組の適正化を図るため、放送番組審議機関を置くものとする」との規定により、それぞれの放送局内に設置を義務づけられた機関です
裁判	法	中小企業基本法によると、小売業・サービス業では資本金一〇〇〇万円以下、従業員五〇人以下、卸売業では資本金三〇〇〇万円以下、従業員一〇〇人以下、工業・鉱業・運送業などでは資本金一億円以下、従業員三〇〇人以下の企業をさす
その他	法	母親が魔法で基本戦闘法を伝授するとか、魔法グッズを手にした途端 子供達の魔法遺伝子が目覚め体が勝手に動いてしまい自身も戸惑うとか、多少なりと理屈っぽくしてもらえると、イイ歳の視聴者には有り難かったかな
裁判	法	マンション賃貸契約の「更新料」が消費者契約法に基づき無効だ、として入居者がオーナーに保証金など約46万円の返還を求めた訴訟が23日京都地裁(辻本利雄裁判長)で行われ、オーナーは入居者に全額返還するよう命じた
その他	法	このように武装強行論な右派と非武装論の左派はダイハードな同じ前提を有する者達であるのだが、そのダイハードがで強烈であればあるこそ自己持論が「明瞭」に活きてくる為とかく価値二分法になりやすく、その二分法からハミ出すものをオミットしてしまう
その他	法	それに加え、アリストテレスのトピカの解説を始め、論争における常套句の有効な利用方法や反対に常套句への対処法、あるいは、ペレルマンとオルブレクツ=テュルカのアリストテレス研究に基づいた、人が物事を選択・判断する時の論拠についての筆者独自の考察は非常に有益である
裁判	法	それにもかかわらず、同論文の頒布刊行物記載を前提として特許法29条2項に基づく無効事由を判断した審決に対して、本件訴訟において原告が新たに頒布刊行物記載を争うことは、許されるべきでない
裁判	法	この男女共同参画社会という事については、先程、壇上で基本法の前文を引き出して(演説を)やりましたが、前文を引き出すまでもなく、この男女共同参画については、20世紀から今現在21世紀でありますが、非常に大きな課題として今までこう来た経緯があります
裁判	法	債務者側が「利息制限法の利率」の利率で計算しなおして、多く支払っている部分を元本から控除してくれと貸金業者と交渉する事を、「利息制限法による引き直し計算」といいますが、これを主張すると貸金業者が、この「みなし弁済規定」を持ち出してくる事があります
裁判	法	自立支援法の本格施行を目前にひかえ、障害者が真に自立できる社会をめざして自治体、行政トップ、地域、当事者が知恵と本音を出し会う市民手作りフォーラムである
裁判	法	知名度や設立数は、株式会社に比べてまだまだ低いようですが、会社法施行当時(2006年5月)に比べて、知名度、設立数ともに上昇傾向にあるようです
裁判	法	次に、税関におきましては大蔵省設置法に定める税関所掌の一般事務を処理する等のため必要な経費として税関の項に十二億三千三百八十八万二千円、保税地域その他関税法規上特殊の取扱をなす場所等において、税関事務の一部を処理するために派出する税関官吏に必要な経費として派出官吏費の項に三億一千四百七十九万八千円等を計上いたしております
裁判	法	この問題の進捗が遅れた原因のひとつに公明党との政策調整があるが、衆院では絶対過半数を得ているとはいえ参院では公明党の協力が不可欠であり、これを克服できない限り憲法改正、教育基本法などの基本的かつ伝統的価値観に根ざす、哲学的命題に対処するのは難しく度々難航することになるだろう
裁判	法	暴力団員による不当な行為の防止等に関する法律、いわゆる「暴力団対策法」は、 それまで対処が困難であった民事介入暴力の取締りを効果的に推進するとともに、 対立抗争による市民の皆さんに対する危険防止のために必要な措置を講ずるために制定されました
裁判	法	まだ今回の学校教育法改正案をあまり読み込めていないのですが、まずはこの改正案は「金をかけずに仕事をこなす」ために作られたものといえると思っています
裁判	法	投信法は信託財産に関する報告書を、大蔵大臣に提出することを義務づけているのだから、大蔵大臣はこれらを精査し、正確で間違いないことを投資家に保証しているのか
裁判	法	しかし大沢商会は翌年二月に会社更生法の適用を申請、戦後三番目の倒産と世間を騒がせ、後輩となるはずの輝いた顔を迎えることなく、再建への道を歩み始めた
裁判	法	それに基づき金融庁は、「金融取引法」が求める内部統制整備の指針(ガイドライン)である「財務報告に係る内部統制の評価及び監査の実施基準公開草案」を発表した
その他	法	真空蒸着法による成膜に関して、設計の基礎(ガラス基板とプラスチック基板の設計の違い、屈折率分散の影響)、光学薄膜の特徴(斜入射・波長シフト)、成膜時の問題(ドーム内分布、面内分布)、分光測定時の注意点等を現場レベルの視点に立って説明
その他	法	初心者は交差法の方が難易度は低い、ほとんどのステレオグラムは平行法で飛び出るようになっているし慣れれば眼球の動きは平行法の方が少ないので疲れないからお勧め
裁判	法	JICAはこれまで、カンボジアの民法や民事訴訟法をはじめ、ベトナム、ウズベキスタン、ラオスなど、各国の法整備に対する支援を続けているが、憲法制定にかかわる専門家派遣は初めて
裁判	法	三番目に、双方は、国際法を遵守して、互いの安全を脅かす行動をとらない、そして、日本国民の生命と安全にかかわる懸案問題について、北側は、これからはそういった問題を生じないように、適切な措置をとると約束しました
その他	法	「従来法は免疫沈降法で手間がかかったが、スプリットRenillaルシフェラーゼ相補法を用いればハイスループットで定量的に相互作用を評価できる」──
裁判	法	参議院における「ODA基本法」制定の動き、「輸銀」と「基金」を統合する「国際協力銀行」の本年10月発足、特別優遇金利による環境円借款や経済危機の影響を受けたアジア諸国等に対する特別円借款の実施、OECD開発援助委員会(DAC)におけるLLDC(最貧国)向け援助のアンタイド化の動きなどである
裁判	法	あなたから申出のあった次の個人演説会(政党演説会又は政党等演説会)については、開催することができないので、公職選挙法施行令第114条第1項の規定により通知します
裁判	法	このような国際社会からの非難を受け、日本政府は、労働基準法や出入国管理法などの現行法の運用を強化したり、被害者をすぐには強制送還しないという方針を打ち出したり、「人身売買罪」を新設する刑法改正案を今国会に提出したりするなど、ようやく重い腰をあげ始めた
裁判	法	第十条 職員の退職が労働基準法(昭和二十二年法律第四十九号)第二十条及び第二十一条又は船員法(昭和二十二年法律第百号)第四十四条の三から第四十六条までの規定に該当する場合におけるこれらの規定による給付は、第三条、第五条及び第五条の二の規定による退職手当(以下「一般の退職手当」という
その他	法	数IIIの積分法なんですが置換積分と部分積分法の公式のどっちを使って問題と 数IIIの積分法なんですが置換積分と部分積分法の公式のどっちを使って問題とくかわ
裁判	法	それは国家公務員法、地方公務員法、独立行政法人通則法、公益法人法、各年金法、各健康保険法等々において同じであり、そこにある法律を今すぐ改正すれば、それで良い
裁判	法	原告は甲第1号証及び甲第2号証を、利息制限法所定の金利により再計算(甲第3号証)を行ったところ、平成*年*月**日の弁済により元本は完済され、平成**年*月**日時点で、金***万****円の過払金が生じた
裁判	法	04年に改正された旧証券取引法(現・金融商品取引法)の規定に基づき、公表日前後1か月間の平均株価の差額(1株585円)から、虚偽記載の公表以外の要因で値下がりした金額を差し引き、最終的に1株あたりの損害を200円と算定した
裁判	法	教育特区の特例措置の中には憲法や教育基本法を乗り越える内容を持ちながら、 十分な議論を尽くされたとは言い難いものもある (1) 特区の試みは全国展開を前提としているわけだから、 実質的な憲法・教育基本法の改正前倒しとも言えよう
その他	法	簡単な5つのポーズと呼吸法を合わせたようなもので、忙しい朝でも5分で出来るエクササイズってのがまた嬉しい〜\(^▽^\)(/^▽^)/最初は3回からスタートして、5回→7回→9回と奇数回ごと増えていき最後は21回で終了です
政治	法	その人間概念は、学校や病院、政治、法制度、刑務所などの装置を通じて人々に訓育・調教され、同時に国家秩序を自発的に支える排他的臣民意識を形成していることも解明された
裁判	法	優先弁済は、通常民事執行法に従い換価(任意競売)によるが、破産の場合は別除権(破産法92条以下)、会社更生では更生担保権(会社更生法123条等)によって行う
裁判	法	3 放送用周波数使用計画は、放送法第二条の二第一項 の放送普及基本計画に定める同条第二項第三号 の放送系の数の目標(次項において「放送系の数の目標」という
裁判	法	また、利息のけいさんほうほうはたい付きんがく(もとりそくせいげん法では、100万円の貸しては年15%のりしでかすけいやくをすることがゆるされていますが、しゅっしほうだい5じょうのこうきんりのしょばつによると、100万円の貸してはねん10
裁判	法	公団法第1条は、住宅に困窮する人々に対し、住宅を供給することを謳っているわけですから、これは、公団がかつての公団ではなくなった証拠だと感じ、公団住宅の自治会の集まりである自治協に、追われようとしている人への支援を要請しました
政治	法	いつも故郷の人々や家族の名誉を忘れず、ますます奉公にはげんで、生きてる時も、皇軍の兵が法を犯し囚人と成るような辱めを受けず、死んだ時も、罪や過ちの汚名を残さず、恥を知り、名を汚さず、故郷の、戦功の期待に答えるように』真実史観意訳
裁判	法	同時に地裁判例ですが、私どもはこは参考にしなければなりませんしいたしますが、ただこの際疑問に思いますのは、昨年スト規制法が出ましたときに、まあ私どもは今宮崎さんの言われるように、地裁のみでなしに、地裁、高裁含めて起訴されたわけですが、それがすべて無罪になつているわけです
裁判	法	個人的には、国籍法の判断とか、防衛医大教授の痴漢冤罪裁判など、色々と興味深い裁判が直近でいくつかあったので、それらを基準に×をつけようかと思っています
裁判	法	ロ 民事訴訟法第二百七十五条 の規定による和解の手続又は同法第七編 の規定による支払督促の手続であつて、請求の目的の価額が裁判所法第三十三条第一項第一号 に定める額を超えないもの
裁判	法	また、後半国会での対応について、重要法案として(1)消費者庁設置法案(2)海賊対処法案(3)国民年金法改正案(4)国家公務員法改正案―― を挙げ、「今国会で成立を図るべきだ」との考えを表明
裁判	法	覚せい剤取締法違反で起訴された女優の酒井法子被告(38)だが、14日に保釈が認められたものの、15日に保釈保証金500万円のうち半額の250万円を納付したまま16日も保釈されず
裁判	法	で、先日NTTから「なお、上記最終指定期日までにお支払いがない場合は、誠に不本意ながら民事訴訟法に基づく法的手続きをとらせて頂くことになります」との申し添えのある督促状が来たので、今日支払いに行って参りました
裁判	法	国税通則法(昭和37年法律第66号)第12条(書類の送達)、第14条(公示送達)、第38条第1項(繰上請求)、第62条(一部納付が行なわれた場合の延滞税の額の計算等)、第63条(納税の猶予の場合の延滞税の免除)、第118条第3項)附帯税の額を計算する場合の端数計算等)並びに第119条第4項(附帯税の確定金額の端数計算等)の規定は、第41条の対価の徴収について準用する
裁判	法	ねじれ国会"と言われ、様々な法案の行方が全く読めない中、薬害肝炎の救済法、1円以上の公開を可能にする政治資金規正法の改正、被災者生活再建支援法の改正等々、
政治	法	また、この「人間性」という最高の法というものは、やはり日本人だから共有できる原理である訳で、外国の人間にはなかなか理解してもらえないものだと思う
裁判	法	次に、後方支援が、国際法上、前線での戦闘行為と何ら峻別されないことは最近のメディアの報道でようやく国民にも認識されだしたが、そうだとすると、ガイドライン法案は、戦闘行為を容認する法律(つまり、日本人が仮に「戦闘していない」と言い張ったとしても、日本の後方支援は外国人から見ればれっきとした戦闘行為となる)であるということになる
裁判	法	景観法に基づく「景観行政団体」として県知事同意書を15日付で取得した石垣市は18日、景観計画の素案となる景観ガイドライン案の作成に向けた「石垣島 の景観を考える市民会議」(石垣市都市計画課主催)を開催した
裁判	法	今回のリニューアルでは、改正建築基準法に対応させるため、「木造軸組工法の許容応力度計算による構造計算」と「各種プレカット金物工法対応の構造伏図」に焦点をしぼった
裁判	法	高齢者住宅は医療法の病床規制の対象外であるため、居室数を自由に設定可能 (ただし、介護付き老人ホームは自治体の総量規制の対象であるため居室数を自由に設定できない
裁判	法	津島税制調査会長は「政治資金規正法は、政治献金によって政治がゆがまないようにする大事な法律だが、 今回の事件は規正法の根幹に触れ、献金元を隠匿するためにやったと言われてもしかたがない」と述べました
裁判	法	長官は、外国の航空機が国際法規又は航空法(昭和二十七年法律第二百三十一号)その他の法令の規定に違反してわが国の領域の上空に侵入したときは、自衛隊の部隊に対し、これを着陸させ、又はわが国の領域の上空から退去させるため必要な措置を講じさせることができる
裁判	法	現在、国会で審議されている会社法では、会社の計算書類を作成する新たな機関として「会計参与」が規定されているが、公表された指針は、中小企業の計算書類を作成する際に望ましいとされる会計処理や注記、また、「会計参与」制度にかかり、会計参与設置会社が作成する計算書類はこの指針に拠ることが推奨されている
裁判	法	Aさんは、労働基準法で定めている基準は最低のものであるから、魅力ある職場の条件作りには、会社の実情(経営状況、企業規模、同業他社との比較)などを考慮したうえで、できるだけ労働基準法の基準を上回る条件を定めるよう指導した
その他	法	貯留関数法という計算法を用いて、河川への流出量すなわち流量を算定していますが、この計算方法では森林の貯留能力を飽和雨量という形で、あらかじめ組み込んでいます
その他	法	まず現在の法律構造ですが、憲法があり、その下に国家公務員法、国家公務員法下に国家行政組織法、国家行政組織法において内閣府を切り出し(内閣府設置法)旧総理府事務と経済財政諮問会議・科学技術会議などを所掌
その他	法	しかし、財政法14条の2では「完成に数年度を要するものは国会の議決を経て数年度にわたって支出できる」となっているため、菅氏は実現可能との立場を取っている
その他	法	わが国を取り巻く広大な大陸棚については、国連海洋法条約により、詳細な調査に基づき、国連への申請(申請期限は2009年)を行い、認定を受ければ、経済上の権利を確保できることになっている
その他	法	数学において積分(せきぶん、”integral”)あるいは積分法(せきぶんほう、”integration”)とは、図形の面積や体積などといったものを求める方法である求積法の一種で、面積や体積などを微小な要素の集まりとして計算する方法である
その他	法	易学としては「1→2→4→8→16→32→64」と進展する「加一倍の法」や、四季の4、十干の10、十二支の12、一世三十年の30など、中国人になじみの深い数を適宜に掛けあわせる数理計算によって、万物生成の過程や宇宙変遷の周期などを算出しようとした
裁判	法	破産法72条の否認権制度(破産管財人が破産債権者のために、破産宣告前の一定の状況下での破産者の財産処分を否認する制度)について、(1)狭義の詐害行為(例:本来の価値よりも低い価格での財産の売却等)に関する否認と、(2)偏頗行為(特定の者への弁済)に関する否認について、その効果の要件と内容を整理した
その他	法	吊下法は「いろいろあるんで・・・」という返事で、「結局は病院ではないのでスピードが命になっちゃいます」とのことでしたが、「次の機会に紹介します」とのことです
裁判	法	以来、長野県から「老人保健法違反であり廃止せよ」との行政指導監査が2000年の田中知事誕生まで十数年間続き、当然もらえる国保調整金などの特別調整金を年間1000万円以上削られてきた
裁判	法	民主党参議院(神奈川区)千葉景子の売国経歴★国籍法改悪推進(反対議員の発言の速記を止めさせ、言論弾圧、隠蔽工作)★外国人参政権推進(呼びかけ人)★人権侵害救済法案推進★朝鮮半島問題研究会(日朝国交正常化)★土井たか子・菅直人らと共に 北朝鮮工作
裁判	法	過日、2次補正予算関連法が成立し、今月の28日から、東京や大阪の近郊などの一部を除いた全国の高速道路で、ETC(自動料金収受システム)を搭載した普通車・軽自動車が土日祝日の終日1000円で走り放題(1000円未満の区間は半額)になる事が決まりました
裁判	法	」とあるように、大半の企業で全部純資産直入法を採用していることを踏まえると、他社比較と言う観点からは原則処理を行う方が投資家にとっても有用であると思われる
裁判	法	「政治とカネ」に対する取り組み不足を認め、政治資金規正法再改正を表明するとともに、その象徴である赤城氏を更迭し、首相の“反省”をアピールするのが狙いだった
その他	法	その際、科研費「法律エキスパート」ならびに「法創造教育方法の開発研究」の両プロジェクトを通じて最先端技術を惜しみなく投入されている東京工業大学大学院教授の新田克己博士(知能システム科学専攻)の開発した先進的かつ革新的な「オンライン調停教育支援システム」を紹介し、裁判所民事調停委員としての筆者自身の経験に照らし合わせながら考察を加えた(掲載論文要旨:15頁
裁判	法	これらに追い打ちをかけるように、1964年に工場等制限法(近畿圏の既成都市区域における工場等の制限に関する法律)、1972年に工業再配置促進法、1973年に工場立地法といった、いわゆる工場三法が次々と制定された
裁判	法	1 日本国憲法は、議事運営につき、戦前の議院法に相当する国会法の制定を予定しているが、法律の定めていない細則については、各議院の議院規則にゆだねられている
その他	法	なぜ企画のはじまりの時間を特定できるかというと、この企画の直接のきっかけとなったのが「現代思想」一九九〇年五月号の〈デカルトの世紀〉特集の「デカルト的透視法──表象装置としてのコギト」という小林康夫氏の論文であるからだ
政治	法	平成14年3月の「公益法人制度の抜本的な改革に向けた取り組み」の閣議決定に始まり、平成18年5月に「公益法人制度関連3法」が制定され、平成20年12月に施行、5年以内にこの法律に基づく制度に移行することになります
裁判	法	平成10年に「債権乖離回収業に関する特別措置法」が設立し、民間の業者であっても行うことができるようになったが、顧客の預金口座からの自動引き落としで集金を行う「集金代行業務」は「回収代行業者」とは違う業務である
裁判	法	しかし、考えてみればまさに盗聴法制定、そして住民基本台帳法改悪から今回の個人情報保護法立法までは一連の流れであり、さらに日弁連、法務省結託の人権救済機構設置法、自民党、民主党共役の青少年有害情報規正法の制定に連なるわけですね
その他	法	■ 商品説明 ■ 世界中で有名なパワーストーンを用いた「心と体を癒し、人生を輝かす開運法」の通信教育講座 今お申込みになると、高波動水晶が2本プレゼント
その他	法	その際、元のアナグリフ画像が大きい場合は自動的に“交差法”や“平行法”で見やすいサイズに縮小して表示されるが、設定で表示の横幅のピクセル数を任意に変更することも可能
裁判	法	第百十四条 鉱山保安法 (昭和二十四年法律第七十号)第二条第二項 及び第四項 の規定による鉱山における保安(衛生に関する通気及び災害時の救護を含む
政治	法	しかし、「疑わしい場合は被告人に有利な法解釈をせねばならない」という原則を破って被告 人に不利な強姦罪を適用することができるのかについては反論も強く、結果が注目される
その他	法	ゼロ交差法ベースの手法では、対象の画像から計算した2次微分式でのゼロ交差を探すもので、一般にラプラシアンでのゼロ交差か非線形微分式でのゼロ交差を探す
裁判	法	第2の侵略行為であり、挑発だ」とし、「日本の探査船は政府船舶なので拿捕できないというが、日本の行為を韓国の領土主権侵略行為と見るなら、国際法を遵守することに何の意味があるだろうか」と述べたという
裁判	法	「株式等の取引に係る決済の合理化を図るための社債等の振替に関する法律等の一部を改正する法律」(平成16年法律第88号、以下「決済合理化法」とします
裁判	法	1日に連邦破産法11条(日本の民事再生法に相当)を申請する米ゼネラル・モーターズ(gm)の再建の行方を、同社と関係を持つ日本企業は注視している
裁判	法	2004年2月9日 イラク復興支援特別措置法に基づく自衛隊派遣の承認案件、参院イラク復興支援・有事法制特別委員会、続いて参院本会議で可決、承認
その他	法	今回の報告書では、既存・将来の薬剤ターゲットを説明付ける病因や病態生理学、疫学、既存・新規治療法の評価、未充足ニーズ、七大医薬品市場(アメリカ、フランス、ドイツ、イタリア、スペイン、イギリス、日本)におけるMCI治療薬市場の10年間の展望について論じます
裁判	法	耐震強度偽装事件で、建築基準法(構造耐力)違反罪などに問われた元1級建築士・姉歯秀次被告(49)の公判が12日、東京地裁で行われ、姉歯被告が川口政明裁判長から、約30分“お説教”を受けるシーンがあった
裁判	法	」しかし、教育基本法は「憲法において教育のあり方の基本を定めることに代えて、わが国の教育及び教育制度全体を通じる基本理念と基本原理を宣明することを目的として制定されたものであり、・・・公立中学校教諭である原告を含め、特定の国民との関係で、公務員に対して何らかの規制権限を行使すべき作為義務を定めたものではない
裁判	法	労働安全衛生法(昭和47年法律第57号)及び労働安全衛生法施行令(昭和47年政令第318号)の規定に基づき、並びに同法を実施するため、特定化学物質等障害予防規則を次のように定める
裁判	法	要するに被告は、労働基準法に違反する勤務を原告に強いる状況を作っておきながら、原告が自分の判断で非出勤日を返上し、午後10時近くまで作業を行い、ホテルに泊まったのであるから、被告に責任はないと開き直ったのである
政治	法	法の支配(立憲主義)と権力分立が確立され、複数政党制と政権交代を前提とした純度の高い議会制民主主義が機能しており、個人の自由権・社会権・参政権が保証されている制度
その他	法	制作法は厚めの竹を裂いて断面が台形もしくは三日月型・小波紋型になるように割った細長く加工した竹樋子(籤:ひご)を、心材(木・あるいは鉄製)の周囲に巻いて円柱状になるよう取り囲んで組み、ニカワで接着して麻紐や籐で巻き、さらに補強と防水・防汚損をかねて漆を掛けて固めるという加工を施す
裁判	法	こういう事件が起こると、児童相談所の問題や虐待防止法の話によくなりますが、法律があっても学校や近所の人々が他人の家庭の問題に口出しするのは難しいように思います
裁判	法	中国潜水艦の事故に関する「防衛秘密」を読売新聞記者に漏らしたとして、自衛隊法違反(防衛秘密漏洩)容疑で書類送検されていた防衛省情報本部電波部の課長だった北住英樹・元1等空佐(50)について、東京地検は15日、不起訴(起訴猶予)処分とした
裁判	法	国会法の規定は文言上、そのようになっていますが、内閣からリーダー(首長)である内閣総理大臣が存在しなくなるわけですから、憲法上、「欠けたとき」に該当すると考えられるわけですね
裁判	法	4フットワークエクスプレス事件は、証券取引法違反(虚偽の有価証券報告書の提出)に問われた事件であるが、その粉飾金額は、経常利益で274億円、当期未処分利益で約1340億円にも上った
裁判	法	教育委員会では平成15年度に、建築基準法が改正された昭和56年以前に建築した学校施設として、小学校では8校、建物数29棟、中学枝3校、建物数12棟の合わせて41棟の簡易耐震診断を実施した
政治	法	併し日本の実体法の過程においては、現在においては、はつきりしておりません、それでは判例はどうかといいますと、この判例も実にまちまちです、最高裁判所の判例はない
政治	法	こうした状況に対応するため、平成16年5月、1 悪質な訪問販売等に対する規制強化及び民事ルールの整備、2 個人ビジネス勧誘取引に関する民事ルールの整備、3 迅速・的確な法執行のための規定整備、を柱とした法改正を行いました
その他	法	間接法のキャッシュ・フロー計算書においては、貸借対照表における現金等同等物以外の資産(売掛金、在庫、固定資産など)や負債(買掛金、未払金、借入金、引当金など)の増減が、キャッシュ・フローの増減に連動するため、経営的にはその期間比較が特に重要となり、損益計算書では見えない収支結果の原因を明らかにしてくれる
その他	法	もう少し詳しく解説すると、自動的な変数選択は(イ)変数増加法(ロ)変数減少法(ハ)変数増減法(ニ)変数減増法の4種の方法がありますが、このどの方法によつても真の最適解が必ず求まるという保証はないのです
裁判	法	沖縄返還交渉をめぐる日米間の「密約」を報じ、国家公務員法違反罪で有罪が確定した元毎日新聞記者の西山太吉さん(76)が「不当な起訴などで名誉を傷つけられた」として、国に謝罪と損害賠償を求めた訴訟で、最高裁第三小法廷(藤田宙靖裁判長)は2日、西山さんの上告を退ける決定をした
裁判	法	障害者自立支援法が施行されて月々130万円から140万円の減収になり、これ以上減らすなら公的に責任をもって運営してもらいたいといっておられました
政治	法	そして、法改正も報告時期の前倒しも、検査院への期待があればこそとし、その期待に検査院が十分に応えるための主な課題として、一つには、警察など捜査機関への監視を挙げ、検察庁も含め、ともすれば捜査の秘密を盾に経理の実情も覆い隠そうとしがちな捜査機関に切り込み、その実態を明らかにしてほしいとしている
裁判	法	天下りと無駄遣いの大きなものは、独立行政法人通則法・公益法人法、国民年金法、厚生年金法、健康保険法、道路特定財源に関する法律あたりで、この外堀から埋めて行くのがいいだろう
裁判	法	原告は利息制限法所定の金利により再計算(甲第二号証)を行ったところ、平成10年3月3日の弁済により元本は完済され、平成10年3月3日時点で、金16万3347円の過払金が生じた
裁判	法	※賃貸住宅の契約更新に際して「更新料」の支払いを特約で義務づけたのは消費者契約法に違反するとして、既に支払った月額賃料の2ヶ月分に相当する11万6千円の更新料の返還を求めた訴訟にて、借り主側の訴えを認め更新料全額と、同時に求めていた保証金35万円について全額返還するように命じた
その他	法	そんな活用されている方の利用法やこれからのツイッターで出来ることをツイッターサミットJAPAN で集合知(Collective Intelligence)にすることで、日本を元気にし、ツイッターをより多くの方に利用して頂きたいと思っています
その他	法	族人特有の発声法と倍音の効果、半音よりも狭い音程の移動、自由な多声による進行などにより、伝統的な歌謡、わらべ唄が独特のメロディとハーモニーによって演奏されます
政治	法	さらに「台湾高官の訪日や、周辺事態法を含めた台湾の存在を前提にした法整備は、台湾独立勢力に間違ったシグナルを送る」と述べたが、民主党側は「台湾の独立は支持しない
その他	法	本書は、新書的に噛み砕いた説明となっているが、普段から数学の概念や思考法に触れていないと、引用される公式などをただちに理解掌握することは、容易でない
裁判	法	また、現行法上、小会社(資本金1億円以下の株式会社)の監査役の権限は会計監査権限に限定されているため(現行商法特例法25条、22条)、譲渡制限の無い資本金1億円以下の株式会社の監査役の任期は改正会社法施行時に任期満了します
裁判	法	福岡地検は子猫を虐殺している様子をインターネット上に写真掲載したとして、広島県呉市焼山西3、無職、松原潤容疑者(27)を動物愛護法違反容疑で逮捕し、7日、同法違反の罪で福岡地裁に起訴した
裁判	法	その2「適法性」の監査についても、司法試験に受かれとは言わないまでも、民法、会社法、手形小切手法などの商売の基礎的な法律知識をベースとして、その会社の業務に必要な法律の一通りの知識は必要ですよね
裁判	法	そのため、銀行法により法令遵守義務を負っている日本振興銀行においては、違法な金利を是正する義務を負っていますから、当然に利息制限法に定められた法定金利(例、元本額が100万円以上の場合には年利15パーセント)を超過する利息分は元金に充当する計算を実施して、元金額について適法な金額に是正する必要があります
裁判	法	新投資法についても、憲法裁判所に法律の無効を求める市民の動きがあるが、われわれは新投資法が国民に利益をもたらすとの信念で、誠意を持って対応している
裁判	法	米GMは、5月内に破産法の適用申請をすると思われますが、投資家にとって重要であることは、破産法の適用申請するしないよりも、その後の株価分析、全体相場への影響です
裁判	法	再び行政書士法立法化に向け様々な人が奔走し、紆余曲折を経て議員立法という形で昭和26年2月22日に法律第4号をもって公布され同年3月1日に施行されたのである
政治	法	七 法第十五条第一項第一号から第三号 まで又は前各号に掲げる措置をとった者に対し識別符号(不正アクセス行為の禁止等に関する法律(平成十一年法律第百二十八号)第二条第三項に規定する識別符号をいう
裁判	法	事件を巡っては、組織犯罪処罰法違反(組織的殺人)で起訴された山口組系幹部らの公判について、さいたま地検が「裁判員に危害が及ぶ恐れがある」として、裁判員裁判対象事件からの除外請求を検討している
裁判	法	24弾圧被告6人の保釈が決定し斉藤さん・倉岡さん・冨山さんの3人が釈放されたが、他の3人は「暴力行為等処罰法」弾圧でも起訴されているので保釈されなかった
裁判	法	【動画情報】(督促メール、支払督促、裁判所書記官、民事執行法25条ただし書、仮執行、無税償却、裁判所書記官作成、貸倒債権、督促手続、執行不能調書、取立て、民事司法制度)のサイトです
裁判	法	おそらく、みうらさんはユーモアたっぷりの人だから、、、訴訟係争中に被告に承継があって、なおかつ農地法の許可を受ける条件で農地の所有権移転登記手続きをせよ
裁判	法	高松市内で今年2月に起きた暴力団抗争事件で、銃刀法違反罪に問われた同市花ノ宮町2、山口組系中津川組員、寒川健治被告(30)に対する判決公判が21日、高松地裁であり、増田耕児裁判長は「周辺住民の感じた恐怖は計り知れず、反省の態度は一切見られない」として懲役9年(求刑懲役10年)を言い渡した
裁判	法	政治資金規正法は企業献金の上限(1社あたり750万~1億円)を資本金などに応じて定めており、7社が企業献金した場合、上限は計5250万円となる
その他	法	住構協はNPO法上の認可法人になっており、事業として行えるのは、会員様に『確かな技術力』と『提案営業力』を身につけていただく勉強の場の提供です
政治	法	だが、ヘーゲル流にいえば、法の法たるゆえんは、社会の全成員にたいするその普遍性にあるのであって、無限に多様な特殊規定の集合体では、法体制とはいえないだろう
裁判	法	)を取り扱う際に、個人情報保護法をはじめ個人情報保護に関する関係諸法令、及び、主務大臣のガイドラインに定められた義務、並びに、本保護方針を厳正に遵守することを誓約いたします
裁判	法	5 1950年制定の公職選挙法は、従前の衆議院議員選挙法と参議院議員選挙法とを統一し、地方公共団体の議員および長の選挙法制を統合することとなった
裁判	法	過疎法は、昭和45年に過疎地域対策緊急措置法を制定以降、これまで4度にわたり過疎対策のための特別措置法が議員立法により制定をされ、過疎地域の生活環境の整備や産業の振興などにおいて一定の成果が上がってきています
裁判	法	1990年の改正「出入国管理及び難民認定法」の施行もあって、ブラジル、ペルー、中国などの「新渡日」(ニューカマー)の人々が急増し、定住化と集住化の傾向を強めています
裁判	法	html 04年に発覚した日本歯科医師連盟を巡る政治資金規正法違反事件で、 特捜部は1億円の裏献金を受領した自民党旧橋本派(平成研究会)の会長代理だった村岡兼造元官房長官を、 政治資金規正法違反で在宅起訴した(有罪確定)
裁判	法	韓国の下請法は日本の下請法を参考につくられたとも聞いておりますが、韓国では、中小事業者同士の取引を見る場合、年間売上高または従業員数で、元請事業者が下請の二倍以上ある場合の取引を規制の対象としているそうです
裁判	法	マニフェストでは、政治資金規正法の罰則を強化し、会計責任者が虚偽記載などの違法行為をした場合は、監督責任のある議員も公民権を停止し、議員資格をはく奪するとしている
裁判	法	「食料・農業・農村基本法」が制定されるなど、農林水産基本政策の見直しが本格化し、また、次期交渉の枠組みを決めるシアトル閣僚会議が間近に迫る中、農林水産省からの申し入れにより、玉沢大臣以下、農林水産省幹部との懇談会が開催された
裁判	法	ICJのヒギンズ所長は判決で、セルビアについて、虐殺を防ごうとしなかったのは国際法違反に当たるとしながらも、同国がジェノサイドを犯したわけではなく、「被告(セルビア)の責任に帰すことはできない」とし、同国の賠償支払い義務は認めなかった
その他	法	「Stoicheia」 は、数学の書物ですが、そのなかで示された論証法は、専門家によれば、論理体系の見本を初めて示して、後世に与えた影響は、数学だけにとどまらず、西洋文化に広く多大な影響を与えたそうです
その他	法	・パチンコの攻略法を教えてもらう契約をしたのに効果がなかったなどとして、県内の女性 (25)が、パチンコ情報会社(東京都)とこの会社の社長、社員を相手取り、約240万円の 損害賠償を求める訴えを仙台地裁に起こした
裁判	法	にも拘わらず、どの候補者も人権問題の主要事項に関して具体的な見解を明らかにしていない」と主張しており、良心囚・非転向長期囚の釈放、国家保安法の改正、強制転向制度の廃止などを促す内容となっている
裁判	法	★罪刑法定主義については、行政書士試験の憲法や行政法において様々な角度からの出題が考えられますので、基礎的な理解と知識をしっかり頭に入れて、行政書士試験の現場で応用が利くようにしておきましょう
裁判	法	各省の設置法を廃止し人事も一元化して国家公務員を「日の丸官僚」にした後なら話は別ですが、それをせずに地方だけ統合しても混乱するだけのような気がします
裁判	法	災害対策基本法に基づき、政府が国会に対して「防災に関して取った措置の概況」および「防災に関する計画」を報告するために、内閣府が作成している白書のこと
裁判	法	政府は3日の閣議で国連平和維持活動(PKO)協力法に基づき、10月中に国連スーダン派遣団(UNMIS)司令部に陸上自衛官2人を派遣することを決めた
裁判	法	時と場合によっては、各国の憲法よりもEU法のほうが優先されるという判決が欧州司法裁判所に於いて下されており、EU法と国内法が相反する場合はEU法が優先され、国内法は適用されない
その他	法	第12条 法第24条第4項又は条例第23条第4項の閲覧を求めようとする当事者又は参加人は、聴聞調書(報告書)閲覧申請書(様式第8号)を、聴聞の終結前にあっては聴聞の主宰者に、聴聞の終結後にあっては市長に提出しなければならない
裁判	法	講和の規律、講和の規律の準備もしくは占領法秩序の解除を対象とする国際条約、または連邦共和国の防衛に役立つことが確実な国際条約の場合には、基本法の規定が条約の締結および発効に反しないことを明らかにするには、そのことを明らかにするだけの基本法の文言の補充で足りる
その他	法	上記で示した数値計算法が離散変分概念を主としていることを手がかりに、グラフ上で定義される最適化問題の一種に対して、離散変分法を適用できることを示した
裁判	法	M&A・新会社法・司法制度改革・医療制度改革など現在進行中の「構造改革」「規制改革」と称するものの多くは、アメリカ政府が自らの「国益」のために日本に要求してきたものだ
裁判	法	どこかで聞いた名前だなあ、と思って確認したら、やはり、今春の入管法改定案の参院法務委員会で、参考人の意見陳述を受けて、参考人質疑に立った議員の1人でありました
裁判	法	この特別法の目的は盧武鉉政権が押し進める過去清算の一環であり、「日本帝国主義の殖民統治に協力し、わが民族を弾圧した反民族行為者が、 その当時、蓄財した財産を国家の所有とすることで、正義を具現し、民族精気を打ち立てることを目的とする」(第一条、目的)とされる
裁判	法	だが、1997年以降の香港憲法にあたる、香港基本法の起草委員の多くが委員を辞退したことや、「中国全国人民代表大会」の香港代表が「六四事件が香港の人々の心を大きく傷つけた」と発言したことなどが、現在の中国共産党政府が香港人に対する不信感の原点とも言われる
裁判	法	1947(昭和22年)に現行裁判所法によって廃止された「裁判所構成法」には「裁判所書記」なる肩書がありました(ので、裁判所書記官は「書記」と呼ばれるのはお嫌いなようです)
裁判	法	「月刊民事法情報」(年間購読料1万5536円)と「月刊登記インターネット」(同9450円)や、住宅地図に公図番号を記した「ブルーマップ」の売り上げが収入の大半を占めている
裁判	法	「不正競争防止法」(平成5年5月19日法律第47号)とは、、事業者間の公正な競争及びこれに関する国際約束の的確な実施を確保するため、不正競争の防止及び不正競争に係る損害賠償に関する措置等を講じ、もって国民経済の健全な発展に寄与することを目的とする
裁判	法	シンプレックス法(単体法)は最適解が多面体の頂点に現れることを利用し、最適解に達するまで多面体の辺をたどってより高い目的関数の値を次々にたどることで線形計画問題を解く
その他	法	このポイントに通うようになったきっかけは、5年前の2003年、広島駅前のささきつりぐの主催で行われた、田代 法之氏のフライフィッシングスクールが最初である
裁判	法	第二次世界大戦終結後、アメリカ合衆国の統治下に置かれた鹿児島県大島支庁 (鹿児島県) 大島支庁管内は、公職選挙法により鹿児島県第3区に属するものとされていたが、1953年12月の本土復帰の際に暫定的に奄美群島区として定数1の選挙区がおかれた
裁判	法	緊急防除は、植物防疫法第17条の規定により新たに国内に侵入し、若しくは既に国内の一部に存在している有害動植物がまん延して有用な植物に重大な損害を与える恐れがある場合において、これを駆除し、又はそのまん延を防止するため、農林水産大臣が必要と認めたときに行われるものです
その他	法	区分所有建物の管理組合は、区分所有者の数に関係なく(※)、集会の特別決議(区分所有者数および議決権の各4分の3以上)により、管理組合法人となることができる(区分区分所有法第47条第1項)
裁判	法	田辺署は20日までに、許可なくメジロを捕獲または飼育したとして、鳥獣保護法違反(違法捕獲、違法飼養)の疑いで、京都府京田辺市草内の造園業の男性(60)、大阪府守口市の建設業の男性(50)、同寝屋川市の大工の男性(59)の3人を書類送検した
その他	法	予防法としては、『水に入った後は水道水で目を洗う』『水中メガネを使用する』『目ヤニが出ているときや、目が充血しているときにプールに入らない』などがあります
裁判	法	覚せい剤取締法違反(所持、使用)の罪で起訴され、保釈が認められた女優の酒井法子被告(38)の夫、高相祐一被告(41)=同法違反(所持、使用)の罪で起訴=が16日午後5時12分、勾留(こうりゅう)先の警視庁渋谷署から保釈
その他	法	これまで、それぞれの活用ポイントを別々に語ってきましたが、弊社の多くの導入経験から、現在最も効果的なのは、両方をうまく生かした活用法であると確信しています
裁判	法	法第37条第1項ただし書において、使用者が一箇月について60時間を超えて時間外労働をさせた場合には、その超えた時間の労働については、通常の労働 時間の賃金の計算額の五割以上の率で計算した割増賃金を支払わなければならないこととした
裁判	法	また、平成十四年の四月には、学校教育法の施行令を改正し、盲、聾、養護学校の就学基準に該当する子供についても、その障害の状況等に照らして小中学校において適切な教育を受けることができると市町村の教育委員会が認める場合には、認定就学という形で就学手続の弾力化を行っている
裁判	法	耐震強度偽装事件で、建築基準法違反や議院証言法違反(偽証)などの罪に問われた元1級建築士・姉歯秀次被告(50)の控訴審判決が7日、東京高裁であった
裁判	法	合意管轄裁判所 本規約は日本法に従って解釈され、本サイト及びフォーラムに関する弊社と投稿者との紛争については、名古屋簡易裁判所、名古屋家庭裁判所、名古屋地方裁判所のいずれかを第一審の専属的合意管轄裁判所とします
裁判	法	そのことはこの法案(「良質な賃貸住宅等の供給の促進に関する特別措置法」)が99年11月、衆院建設委員会で採決された際の日本共産党の当時の建設委員、中島武敏議員の反対討論でも明らかです
その他	法	さて、この子音中心の表記法、世界中のアルファベットの文字を使用する言語であれば、多くの言語で通用しそうだが、実は、アラビア語では、そもそも母音を表記する習慣がない
裁判	法	県は(1)自然公園法(2)河川法(3)文化財保護法−−の各法ごとに▽建築物▽道路▽屋外運動場▽木竹の伐採▽広告物等▽ボート関係▽土石の採 取▽指定植物等の採取、指定動物等の捕獲▽全般▽舟遊場−−の10項目について、世界文化遺産登録後にかかる規制を具体的に例示した文書を参加者に配っ た
裁判	法	女性から覚せい剤を勧められた加藤被告は、今年1~2月、インターネットの掲示板を通じて、鈴木正敏被告(45)(覚せい剤取締法違反で起訴)と知り合い、覚せい剤を入手
裁判	法	鉄道事業法や軌道法の適用を受けず、労働安全衛生法に基き運行される工事用軌道ではあるが、18キロの区間に38段のスイッチバックがあり、一部区間では18段に及ぶ連続スイッチバックがあること、また鉱山鉄道等で広く採用されたものの、現存する一般の鉄道では例がない610mmの狭軌 ナローゲージを使用していることで広く知られる
裁判	法	那覇地検は16日、沖縄県立高校の男性教諭(37)を建造物侵入と軽犯罪法違反(盗撮)の罪で、県内私立中学の男性教諭(39)を児童福祉法違反(淫行(いんこう))の罪でそれぞれ簡裁に略式起訴したことを明らかにした
裁判	法	6 法第三十八条の二第一項 の規定により新たに指定された電気通信設備を用いて提供される特定電気通信役務に適用される最初の基準料金指数の算定の際には、第一項の前適用期間の基準料金指数は百とする
裁判	法	また、最近の「失火法」の判例ではその適用をめぐり制限的に運用されており、「主婦が天ぷらを揚げていてそれを忘れて外出した」等の場合、裁判所は重過失認定をし、「失火法」の適用をせず、通常の不法行為責任により賠償責任を負わせるようになってきました
裁判	法	日本でも公益通報者保護法の制定が予定されているが、その内容をみれば、企業への罰則規定がないことや、法を無視して企業が告発者を解雇したりした場合の救済には民事訴訟が必要であるなど、保護は弱い
裁判	法	原告は甲第1号証及び甲第2号証を、利息制限法所定の金利により再計算(甲第3号証)を行ったところ、平成6年6月27日の弁済により元本は完済され、平成18年9月21日時点で、金298万5769円の過払金が生じた(甲3)
裁判	法	さらに放送法に基づき規制緩和に伴い放送局の合併が進み、グラナダ・メディア・グループ(以下グラナダまたはGMG)とカールトン・テレビジョン(以下カールトン)がそれぞれ合併を進めた
裁判	法	コメント: 覚せい剤取締法違反(所持、使用)で懲役1年6月を求刑された女優酒井法子被告ですが、早ければ年内にも女子大生になることが27日分かりました
政治	法	12人全員の無罪が確定した03年の鹿児島県議選をめぐる公職選挙法違反事件で、県警と鹿児島地検が04年に公判対策を協議した際、自白したとされる元被告らの供述の矛盾が明らかにわかる捜査資料を公判に提出しないで済むように口裏合わせをしていた疑いが強いことが6日
裁判	法	法治国家であれば、政府も国民も法を社会の枠組みとしなければならないが、現政権の民情首席秘書官(民生安全担当首席秘書官)は、『週刊朝鮮』のインタビューに対し、「かつて、韓国では公権力が乱用され被害を受けた人が多いため、(暫くの間は)公権力の行使は寛容的で自制しなければならない」と答えたと『産経新聞』の黒田勝弘氏は報じていた
裁判	法	(2)上記(1)に関し、労働基準法第108条においては、賃金台帳の調製に係る義務を使用者に課し、この賃金台帳の記入事項については労働基準法施行規則第54条並びに第55条に規定する様式第20号及び第21号に、労働日数、労働時間数、休日労働時間数、早出残業時間数、深夜労働時間数が掲げられていることに留意すること
裁判	法	日本薬局方ってのは、薬事法により医薬品の性状及び品質の適正をはかるため、厚生労働大臣が薬事・食品衛生審議会の意見を聴いて定めた医薬品の規格基準書のことですので・・・
その他	法	パチンコ雑誌の広告で「本物の攻略法は確実にありますよ」とうたうパチンコ情報販売業のKO企画=本社/東京都新宿区=から攻略法の利用料など約750万円をだまし取られたとして、都内に住む40歳代の男性が11月26日、同社と広告を掲載した出版社のマルコ・ポーロ=本社:東京都中央区=を相手取り、慰謝料も含めて計約860万円の損害賠償を求める訴えを東京地裁に起こした
裁判	法	競馬法では勝ち馬投票類似の行為を業として、勝ち馬投票券の購入の委託を受け、または財産上の利益を図る目的をもって、不特定者から勝ち馬投票券購入の委託を受けた違反者は、5年以下の懲役または50万円以下の罰金に処せられる
裁判	法	選管の主要関係者は「選挙法上、大統領は選挙運動ができない上、まだ選挙運動期間でもないということから、大統領の特定党への支持発言は、選挙法違反と見受けられるという意見もあった」と紹介した
裁判	法	このため、今回の改正後も、教育基本法が日本国憲法と密接に関連しているという性格は変わらないものであることから、引き続き「日本国憲法の精神にのっとり、」と規定したものであることを御理解いただきたいと存じます
裁判	法	4 以上によれば、被告各装置が本件電解生成殺菌水の生産にのみ使用する物であることを認めることはできず、したがって、これを製造・販売する行為が本件特許権の間接侵害(特許法一〇一条一号)に当たるとはいえないから、原告の本訴請求は、いずれも理由がない
裁判	法	会社法で計算書類と呼ばれるのは、損益計算書、貸借対照表、株主資本等変動計算書、個別注記表であり、その他書類として事業報告ならびに附属明細書の作成が定められている
裁判	法	リークエ会社法78頁(田中亘執筆)には、「取得請求権および取得条項も、譲渡制限と同様、発行する全部の株式の内容として定めることもできるが、種類株式会社が、ある種類の株式の内容としてそうした定めをすることもできる(108条1項5号6号)」とある
裁判	法	ご存知の教育基本法第3条(教育の機会均等)すべて国民はひとしく、その能力に応ずる教育を受ける機会を与えられなければならないものであって、人種、信条、性別、社会的身分、経済的地位又は門地によって、教育上差別されない
裁判	法	まずは、発達障害という概念のとらえ方ですけれども、一番広い意味で発達障害をとらえるとすれば、例えばアメリカに発達障害支援権利章典法というのがございますが、この法律は、議員の御指摘のように、身体障害、精神障害も含めた、障害の別を問わない重度の障害者に対する支援法という形をとっているところでございます
その他	法	ベクトルA−ベクトルBについて三角形法では、ベクトルAとベクトルBの起点を合わせ、ベクトルBからベクトルAに向けてベクトルを引くと、それが結果的な向きと大きさとなる
裁判	法	本計画は、障害者福祉法に定められている市町村障害者計画に相当し、本市における今後の障害者施策の基本方向を示す総合計画であり、以下の3つを基本目標としています
その他	法	本の宣伝になったとしたなら不本意ですが、私は単に物理や科学一般の世界では「感情」が入りにくい数学的思考法が重要だと思っていましたし、論理の構築には、数学的思考が無ければ矛盾無く説明が出来ないのだろうなと、日ごろから思っていたので、つい無意識に使ってしまいました
裁判	法	相当の方法で、訂正又は取消しの放送をしなければならない」と定めた放送法第四条の規定に従い、速やかに訂正放送すべきことを訴え、私の意見陳述とする
裁判	法	共謀罪も盗聴法や住民基本台帳ネットワークとともに「二級市民、三級市民を作ることで支配の体制を完成」させるためのもの、「最強のツール」だと言えるでしょう
政治	法	核心部分だけ要約すると、すでに米国内法(ジュゴンを天然記念物に含む米国文化財保護法)に照らして建設を違法とする第一審(連邦地裁)中間判決が言い渡されており、現在は最終判決待ち
裁判	法	民事訴訟法第337条2項は「法令の解釈に関する重要な事項で、最高裁の判例と異なる判断がある場合、裁判所は抗告の申し立てを許可する」と定めている
裁判	法	新民事訴訟法ならびに新弁理士法との関わりで考察した後、わが国においても最近注目されている裁判外紛争解決制度(ADR)について訴訟手続と比較検討を行った(49~62頁所収)
裁判	法	さらに温泉法では、施設内の見やすい場所に、環境省令で定めるところにより、温泉の成分、禁忌症および入浴または飲用上の注意を掲示しなければならないことになっている
裁判	法	第二十五条の五 法第三十九条の五第一項 の規定により、卸電気通信役務の提供をする契約を締結し、又は変更しようとする者は、その実施の日までに、様式第十九の届出書に、契約書の写し(変更の届出の場合は、契約書の新旧対照)を記載した書類を添えて提出しなければならない
裁判	法	群馬2区の笹川堯氏について、過去レスより児童ポルノ法については評価対象とすることを見合わせており、社民党保阪氏(慎重派)に関しても再三見直し申し入れをうけている方がいたのですが、評価していませんので、公平のため同じ慎重派の自民党笹川氏についても評価せず、とします
裁判	法	もっとも、 放送法の第七条 に規定されている、「協会は、公共の福祉のために、あまねく日本全国において受信できるよう」に規定されている通り、NHKも率先して負担しないといけないのですが
裁判	法	強姦罪において、イスラーム法によれば容疑者を有罪とするためには証人が4人必要であるとされ、証人を用意できない場合逆に誹謗中傷の罪や、姦通罪に問われることから被害者にとって不利が大きく、国際的な非難の的である
裁判	法	内閣官房の引き継ぎ用に作成したとされる文書には、財政法違反濃厚の外務省から内閣官房への機密費上納や、自民党外交対策費への流用の実態が記されているのだ
裁判	法	今年の5月から、食品衛生法が改正される(ポジティブリストの導入)ことは、前にも触れたが、ドリフト対策として、静電噴霧器(eジェッター)を導入しようと思う
その他	法	ところでウィキペディアの「数学的帰納法」などに、帰納法となっているけれど本当は帰納ではなくて演繹とあり、数学用語にしては随分いい加減な名称ということになるのでした
裁判	法	3 法第十条 ただし書の規定により同条 ただし書の電子計算機出力マイクロフィルムの保存をする保存義務者は、当該電子計算機出力マイクロフィルムを、第一項に規定する場所に、同項に規定する期間、第四条第二項において準用する同条第一項第一号(同号ロに係る部分に限る
裁判	法	消費庁はJAS法に基づく加工食品の原料原産地表示の企画立案を具体的に検討するため、広く国民から意見を聴取することにし、消費者庁担当官と国民との意見交換会を3月29日に都内港区の三田共用会議所で持つことになった
裁判	法	国連海洋法条約でも、公海上の外国船籍の海賊行為に対して逮捕などが認められていることなどから、内閣官房や外務省、水産庁、海上保安庁などで協議を進め、水面下で法案の骨子も作成した
裁判	法	(乙1、2)本件取引における利息制限法超過利息を順次元本に充当すると、別紙利息計算書のとおり、平成12年3月27日の22万4830円の弁済によって初めて4万7930円の過払金が発生し、最終取引である同年4月4日の1万5000円の弁済によって過払額は6万2930円となった
裁判	法	今国会で成立を目指す金融機能強化法改正案の公的資金による資本注入枠を2兆円から10兆円規模に拡充するほか、「銀行等保有株式取得機構」と日銀による銀行保有株式などの買い取りも年度内に再開したい考えだ
政治	法	具体的には、国家災害対策庁の設立や災害マネジメント法実施細則の制定などを含むインドネシア政府が達成すべき「政策アクション」の実施を前提とし、災害の復旧・復興に必要な支援が行われます [1]
裁判	法	政府は、この間、この大震災の経験を踏まえて、災害対策基本法等の改正、地震防災に関する情報システムの整備、大規模かつ実践的な防災訓練の実施など災害対策の見直しを行うとともに、その充実強化に努めてきたところであります
裁判	法	当事務所の所属弁護士は、以上のような会社法分野に関する豊富な経験と知識に基づいて、会社法分野で最も権威ある雑誌「商事法務」に、その創刊時から今日まで数十年の長きに亘り、判例紹介等の執筆を続けています
裁判	法	【旭川】旭川市の市立中学校で一九九五年から九六年にかけ、女子中学生が複数の男子生徒から暴行や性的いやがらせを繰り返し受けた事件で、被害者の女性(19)と両親が「犯行が続いたのは、教師に相談したにもかかわらず適切に対処しなかった学校の安全配慮義務違反」などとして、旭川市と道を相手取り、国家賠償法に基づき総額四千四百三十万円の損害賠償を求めた訴訟の判決が三十日午前、旭川地裁であった
裁判	法	おれ破産法11章(日本の民事再生法に相当)の適用申請を行った米クライスラーが、資本提携した伊フィアット以外にも、日産自動車やトヨタ自動車、ホンダにも提携を申し入れていたことが1日、わかった
政治	法	政権交代が間際に迫った野党の党首周辺を強制捜査し、その秘書を逮捕、長期間拘留したが、結論は【政治団体はダミーだった】との法解釈による一方的な起訴であった
裁判	法	第8条 造船法(昭和25年法律第129号)第2条第1項に規定する施設又は同法第3条第1項に規定する設備に関し沖縄の造船法(1958年立法第79号)第2条第1項又は第3条第1項の規定によりされた許可又は許可の申請は、造船法第2条第1項又は第3条第1項の規定によりされた許可又は許可の申請とみなす
裁判	法	県は自然公園法の規定に照らすなどして、落書きの定義を当初の条例案の「50メートル先から視認できるもの」などから「面積が10平方メートルを超えるもの」に変更したほか、落書きの中止命令に従わなかった場合の罰金は、最高額を50万円から30万円に減額した
裁判	法	議会議員はわれわれの信託を果たさなければなりません、その為の制度整備も明確にしなければなりません、基本法に明記すべきです、それに議会や首長が委任する公務員の権限については明確にされなければなりません
裁判	法	平成21年の著作権法改正は過去最大規模のもので、改正条文数は38、文字数12608の「平成の大改正」(前・文化庁長官官房著作権課長山下和茂氏「コピライト2009
裁判	法	政府・労働法・労働行政局のページには、幾つかの国の労働関連法制のまとめが含まれるほか、雇用関係法が適用されない請負等の従属労働者に関するオンラインフォーラムも開催されている
裁判	法	2003年9月、米国の「国家歴史保存法」に基づいて、カリフォルニアで起こされた「ジュゴン裁判」では、2008年1月に同法を域外適用して「ジュゴンへの影響を考慮していない米国の行為は違法」であると判決が下された
政治	法	6) 当社の提供するサービスに関する全ての紛争は、トラブルの内容に関わらず、準拠法として日本法が適用され、東京地方裁判所を第一審の専属管轄裁判所とします
その他	法	簡便法におる連結CF計算書と原則法による連結CF計算書と比べた際に、個社別に展開できる情報を把握できるという点から原則法による連結CF計算書の方がより有用な情報が提供できると同じく、連結FCF計算書においても原則法による連結FCF計算書の作成の方がより有用な情報を多くもつ
裁判	法	したがって、実質的なリース制をとるタクシー会社が、乗務員について労働基準法を適用しようとした場合に、賃金計算において上の25万円分の歪が生じるということになります
裁判	法	企業会計基準委が18日に会計ルール作成に向けた論点整理案を提示し、企業会計審が12月下旬にも四半期決算をどう監査するか定めた報告書をまとめ、これらを受け、金融庁が来年の国会に証券取引法改正案を提出して2007年度決算からの導入を目指すとのこと
裁判	法	出席者によると、小沢氏は、政治資金規正法違反事件で公設秘書が起訴されたことについて「不当な捜査だ」と検察を批判し、「私の主張はだんだん理解されてきている」と自信を見せたという
裁判	法	その結果遺族援護法の改正は自由党、改進党、右派・左派社会党に よる全会一致で一命の反対者もなく可決され、さらに翌年29年には恩給法も改正され刑余者の恩給も 刑死者、獄死者の遺族にも一般戦殉者の遺族と同様の公務扶助料が支給されるようになった
裁判	法	しかし、近時は改正建築基準法の影響やサブプライムローン問題を背景とする金融環境の悪化、競合や消費低迷などもあり、2008年3月期の年売上高は約 33億6800万円にダウンし、同期末時点でセボンより7億円の借り入れを行うなど資金面では親会社に依存した経営体質となっていた
その他	法	しかし「職業生活の聞き取り法」には欠かすことのできないポイントがあって、1職業生活の大変さに共感を示すこと(事例では大変ですね、を連発している)2家を出る時間と、家につく時間を明確にしていること*、3療養に影響する雇用形態や賃金制度のおおよそ(表 4)について理解していること、などである
裁判	法	恒久法になるということは、従来のように、海外派兵のたびに特別措置法案をつくり、国会の承認を得るやり方をやめ、制定後は政府の判断でいつでもどこにでも派兵できるようにするというものです
裁判	法	「実はまちづくり三法が変わってね、これから中心市街地を良くするためには、新たに協議会を立ち上げ直して、民間が中心になって基本計画を作らないとダメなんだって
その他	法	「妙」は鎌倉時代末期、日蓮宗の僧・日像が西山に「妙」の字を書き点火したのが起こりとされ、「法」は江戸時代初期に僧の日良が、東山に「法」を書いたのが始まりとされています
裁判	法	農薬汚染の米を食用に使われると知りながら転売したなどとして、食品衛生法違反と有印私文書偽造・同行使の罪に問われた接着剤メーカー「浅井」(名古屋市)社長の浅井利憲被告(57)の初公判が24日、名古屋地裁(佐々木一夫裁判官
裁判	法	これを受けて政府は、預金保険法102条に基づく初の「金融危機対策会議」(議長・小泉首相)を開き、グループの中核銀行のりそな銀行に2兆円規模の公的資金を注入することを決め、事実上国有化されることとなった
裁判	法	弊社といたしましては、建築基準法関連法令を遵守した業務を心掛けており、弊社が委託する設計監理業者に、これら法令を逸脱するような行為を指示した事実も一切ありませんのであわせて申し添えます
裁判	法	ロ 民事訴訟法第275条の規定による和解の手続又は同法第7編の規定による支払督促の手続であつて、請求の目的の価額が裁判所法第33条第1項第1号に定める額を超えないもの
裁判	法	雇用機会均等法成立後に総合職として入社したヨーコは、やっかみや嫌がらせ、誹謗や中傷など、様々な目に見えない軋轢に接して、社内の人間には決して心開かないという信条を確立したそう
裁判	法	破産管財人又は保全管理人が法人である場合において、その役員又は職員が、その破産管財人又は保全管理人の職務に関し、破産管財人又は保全管理人に賄賂を収受させ、又はその供与の要求若しくは約束をしたときも、同様とする(破産法第273条第3項)
裁判	法	)の職員となった者に対する国家公務員法(昭和二十二年法律第百二十号)第八十二条第二項の規定の適用については、当該施行日後の労働安全衛生総合研究所等の職員を同項に規定する特別職国家公務員等と、前条の規定により国家公務員としての身分を失ったことを任命権者の要請に応じ同項に規定する特別職国家公務員等となるため退職したこととみなす
裁判	法	今年4月1日付で発効した連邦改正少年犯罪法によると、14〜16歳(旧少年犯罪法では16〜17歳)の者が殺人、殺人未遂、レイプ致傷などの凶悪犯罪を犯した場合には、成人法廷で裁かれ、成人と同等の判決を科せられることが可能になっている
裁判	法	証券取引法違反に問われたライブドア(LD)前社長、堀江貴文被告(34)の東京地裁(小坂敏幸裁判長)公判は、7日午後も引き続き被告人質問が行われた
裁判	法	金融庁は10日、改正金融機能強化法に基づき、宮崎太陽銀行に130億円、フィデアホールディングス傘下の北都銀行に100億円の公的資金を、それぞれ3月末に注入すると発表した、との記事が読売新聞に掲載されていました
裁判	法	第240条 遺失物は、遺失物法(明治32年法律第87号)の定めるところに従い公告をした後六箇月以内にその所有者が判明しないときは、これを拾得した者がその所有権を取得する
裁判	法	ライブドアグループの証券取引法違反事件で、東京地検特捜部は23日、関連会社の企業買収を巡り虚偽情報を開示したなどとして、同社社長、堀江貴文容疑者(33)ら4人
その他	法	ほかにも、PIEZO法による顕微授精(振動で卵子の細胞膜を破って中に精子を注入する手法で、鋭い針で突くICSI法よりも卵にやさしく、胚の生存率も高いとする報告も
裁判	法	その他、国会議員になったらBMWが買えるだの、もっと呆れた事例になると、人権擁護法についてブログで聞かれたら、何も応えずにさっさと質問を削除する議員まで
裁判	法	〔問 16〕甲マンションの区分所有者が管理費を滞納している場合における管理組合(管理者A)の滞納管理費の請求等に関する次の記述のうち、民法、民事執行法及び民事再生法の規定によれば、正しいものはどれか
裁判	法	預金保険の対象の銀行なら、破綻すれば、破産法適用機関でもなく、預金保険機構だけでなく金融庁に関係してくるが、貸金業は破産法、会社更生法を適用できる民間企業だし、無関係なこと
裁判	法	電波法において「電波」と定義されている300万メガヘルツ(=3000GHz)以下の周波数の電磁波について、周波数帯ごとの使用状況を再編成しようと発表された
裁判	法	ただし、児童福祉法違反等の少年の福祉を害する罪については家庭裁判所が、また、内乱の罪など一部の事件については高等裁判所が、それぞれ第一審裁判所として審理を担当します
裁判	法	社会福祉法第109条4項において「市町村社会福祉協議会及び地区社会福祉協議会は、広域的に事業を実施することにより効果的な運営が見込まれる場合には、その区域を越えて第1項各号に掲げる事業を実施することができる
その他	法	ジャイアンツは2010年までイ・スンヨプと契約を結んでいることを考えれば、もっとイ・スンヨプが力を発揮しやすい起用法を原監督にも歩み寄らせることを考えた方が良いように思うがどうなのだろうか
裁判	法	特許法第101条2号、4号といった間接侵害規定の適用には、(1)プログラムがインストールされた装置が特許発明となること、および(2)そのプログラムが、その特許発明の実施に用いられることを実際に「知っていた」ことが必要とされ、原告は、被告が「知っていた」ことを立証しなければならない
裁判	法	データマイニング法では、サポートベクターマシン・ニューラルネットワーク・決定木などを用いて、化学構造が近く分配係数が既知の化合物で学習させることで、目的化合物の分配係数を求める
裁判	法	2004年12月、政府は「人身取引対策行動計画」を策定し、その計画に沿って 2005年7月には人身売買罪が新設された刑法が改正されるなどいくつかの法や省令が改正され、加害者に対する罰則が強化されました
その他	法	新しい構成法、などといっても造型だけではなく、言葉や詩句を書くわけだから、その言葉と造型、新しい構成など語句にふさわしい方法がある筈だと思う”と、表現意欲の広がりと新鮮な表現を追求する
その他	法	それでは、と言うことで「総当り法」(変数の全ての組み合わせを考えてそれを説明変数とする回帰式を作ること)と言うことも考えられていますが、これも、変数が多いと全ての回帰式を求めることは大変な手間となります
裁判	法	利息制限法の上限金利は、10万円未満年20%、100万円未満年18%、100万円以上年15%で、これに違反する利息支払いは無効ですが罰則はありません
裁判	法	▲検察、「取り下げても捜査続行」〓最高検察庁関係者は、「今回の事件は、単なる個人的な名誉毀損なのか、公職選挙法上の候補者誹謗や中傷宣伝にあたるのかを究明しなければならない
裁判	法	1996年7月11日公共の利益を害する組織犯罪を行った危険団体として破壊活動防止法の適用を求める処分請求が公安調査庁より行われたが、同法及びその適用は憲法違反であるとする憲法学者の主張があり、また団体の活動の低下や違法な資金源の減少が確認された事等もあって、処分請求は1997年1月31日公安審査委員会により棄却されている
裁判	法	学校教育法施行規則第59条の改正によって、「選抜のための学力検査」が制度化されるとともに、高校には一定の学力を有したものが入るべきであるという適格者主義が打ち出された
裁判	法	また白浜氏が、政治資金規正法の改正に向けた与野党協議のテーマを、(1)企業・団体献金の禁止(2)秘書・会計責任者に対する政治家の監督責任の強化――の2点になるのかと質問したのに対し、鳩山首相は「その通りだ
裁判	法	第1条 この規程は、農地法(昭和27年法律第229号)第4条第1項第7号及び第5条第1項第6号に基づいて市街化区域(都市計画法(昭和43年法律第100号)第7条第1項の市街化区域と定められた区域で、同法第23条第1項の規定による協議が調つたものをいう
裁判	法	第100条 法第127条((失職および資格決定))第1項の規定により、議員の被選挙権の有無または法第92条の2((議員の兼業禁止))の規定に該当するかどうかについて議会の決定を求めようとする議員は、要求の理由を記載した要求書を証拠書類とともに議長に提出しなければならない
裁判	法	原告は利息制限法所定の金利により再計算(甲第二号証(1)を行ったところ、平成8年1月31日の弁済により元本は完済され、平成18年10月3日時点で、金111万6132円の過払金が生じた
裁判	法	それと同時にもう一つ、この部分に、少子化社会対策基本法というのがございまして、これは少子化に対する取り組みの基本的理念を定めた法律でございまして、その法律を踏まえて、7月に次世代育成支援対策推進法ができたところでございます
裁判	法	以上を前提として、本件金銭消費貸借の取引経過について利息制限法にしたがって、過払金に対する未払利息を計算すると、平成**年*月**日時点で、金*万****円の未払利息が発生している
裁判	法	原告は、昭和61年6月1日に、被告千葉県の精神薄弱者福祉法16条1項2号に基づく措置により被告香取学園「瑞穂寮」に入寮したものであるが、当事者間の民事上の関係に着目すると、原告と被告香取学園との間には、原告の保護、指導訓練を目的とする準委任契約が成立している(大阪高裁昭和55年8月26日判決・判例時報997号121頁参照)
裁判	法	静岡、滋賀、三重の3県警の共同捜査班はセリ被告と同国籍の無職、男性被告(40)=出入国管理法違反の罪で起訴=を窃盗容疑で再逮捕し、余罪を追及している
政治	法	「10月31日発表した「民主党の政権公約/マニフェスト追加項目」で「北朝鮮に対する送金規制を可能にするための法整備を行います」と公約しております
政治	法	今日のアメリカ合衆国では、連邦裁判所とほとんどの州裁判所では、同じ裁判所が通常法とエクイティの双方を管轄するため、原告は、一回の手続で通常法上及びエクイティ上の双方の救済を得ることができる
裁判	法	民事執行法を学ぶうえでは、物権法、債権法総論、あるいは民事訴訟法の知識が前提となるが、講義中に出てくる度、教官は丁寧に説明をしてくれるため、民法、民事訴訟法のよい復習にもなる
裁判	法	労働契約法は就業形態の多様化、個別労働関係紛争の増加などに対応するため、個別の労働契約及び使用者の労働関係が良好となるようにルールを整えるとしています
政治	法	政府は基本的な法と政策の枠組みを設定するものの、労働協約や管理慣行を通じて労働条件をもっと家族的責任と両立したものとするように、企業レベルでも多くのことを実施できます
その他	法	三角関数(さんかくかんすう、trigonometric function)とは、平面三角法において直角三角形の角の大きさから辺の比を与える関数の族および、それらを拡張して得られる関数の総称である
裁判	法	津田と出版元の岩波茂雄は出版法違反で起訴され、1942年(昭和17年)5月に禁錮3ヶ月、岩波は2ヶ月、ともに執行猶予2年という有罪となるが、1944年(昭和19年)に控訴審は時効により、免訴
裁判	法	検察審査会法第27条により、議決は過半数(6人以上)で決するとされているが、「起訴相当」とする議決には、同第39条により8人以上(3分の2以上)の多数によらなければならないとされている
裁判	法	例えば行政法の問題なら「行政法」、憲法なら「憲法」というふうに問題の始めにかかれていますが、これは本試験の問題用紙にもかかれているのでしょうか
裁判	法	そして、債権として抽象化された地位・権利に関しては、債権の発生原因として契約法にも不法行為法にも該当しないものがあるため、そのような法律関係に関する概念が別途立てられる(事務管理、不当利得)
その他	法	ホントに酒田五法がはまって、7月の終わりから8月まで無敗で250万円の利益がでて、そこから自信もついてきて、元手も1200万円前後ぐらいになったからゆとりも出てきたし、枚数も50枚から100枚になり150枚になりっていう強弱つけながら、ホント酒田五法のみで
その他	法	現在も、標準法の定数では不足いたしますので、多様な進路に対応する観点から、この標準法の定数に加えまして、例えば少人数加配というふうな形で、国の制度を活用しながら特別な配置を行っております
その他	法	2月18日の投稿から20日午後5時までに49件のコメントが付いており、対策法を紹介したり「自分もプレイできない」と嘆くコメントのほか、「お金を払ってソフトを買えばいい」「アングラ系の質問は控えるべきだ」「あなたが行っているのは違法行為の可能性がある」などたしなめるコメントも多く付いている
裁判	法	また、私もはじめて知ったのですが、戦時国際法上、捕虜として働いた賃金は、帰国時に証明書を持ち帰れば、その捕虜の所属国が支払うことになってるそうです
裁判	法	育児・介護休業法第2条第1号に規定する育児休業及び第23条第1号に規定する育児のための勤務時間短縮等の措置について、労働協約又は就業規則に定め、実施していること
その他	法	明代の算術書『算法統宗』(さんぽうとうそう)を模範としたもので、そろばんの使用法や測量法といった実用数学に加え、「継子立て」や「ねずみ算」といった数学遊戯が紹介されている
裁判	法	労働基準法第101条には、「労働基準監督官は、事業場、寄宿舎その他の附属建設物に臨検し、帳簿及び書類の提出を求め、又は使用者若しくは労働者に対して尋問を行うことができる
裁判	法	)において準用する民事訴訟法第207条第1項の規定により宣誓した者が特許庁又はその嘱託を受けた裁判所に対し虚偽の陳述をしたときは、10万円以下の科料に処する旨規定しています
政治	法	児童の身体に対する有形力の行使であっても、その目的、対応、継続時間等から判断をして、教員が児童に対して許される教育的指導の範囲であれば、法で定める体罰に当たらない場合もあるとした今回の最高裁判所判決は極めて当然、妥当なもので、評価すべきだと思います
政治	法	単なる民法解釈学に留まらず、法哲学や法社会学や民主主義と法の関わりなど幅広い視点から法学について具体例を挙げて解説し、「パンのための学問」という従来の法律学のイメージを払拭する
裁判	法	これは都市計画法に違反しているとみられ、南都銀行(同市橋本町、当時・西口廣宗頭取) はこれらの違法に建てられた建物や土地にも極度額4億円の根抵当権を設定していることも明らかになり、同行は一連の違法建築に10数億円に上る巨額融資をしていたもようだ
裁判	法	破産法の前身となる法令は、江戸時代にまで遡りますが、現行の破産法の基となった法律は、1923年に施工された、ドイツ法を参考にした破産法であるとされています
裁判	法	具体的には、衆議院の小選挙区の画定(衆議院議員選挙区画定審議会設置法)と比例代表区の議員定数(公職選挙法)、地方交付税の交付額の配分(地方交付税法)、都市計画の策定(都市計画法)、過疎地域の要件(過疎地域自立支援特別措置法)などにおいて、国勢調査による人口を基準とすることが定められています
裁判	法	これらのすべてが、国の基本法である憲法に起因するといえば文字通り短絡だろうが、日本という国そのものに対する基本的な感覚の欠如、即ち国家に対する帰属意識が希薄であることは由々しい問題である
裁判	法	ハ 民事訴訟法第2編第4章第7節の規定による訴えの提起前における証拠保全手続又は民事保全法の規定による手続であつて、本案の訴訟の目的の価額が裁判所法第33条第1項第1号に定める額を超えないもの
裁判	法	原告は、平成六年法律第一一六号による改正前の特許法五二条に基づき、本件各発明の出願公告日以降の被告による本件特許の実施について損害賠償を請求し得る
その他	法	「コンバーティングとは何か」「ラミネーティングとは何か」「図解で理解する7つのラミネーション法」「こんなにあるラミネーション用素材」「プラスチックとは何か」「プラスチックフィルムの製造法」「ラミネートに使われるプラスチックフィルム」「押出コーティング・ラミネーション用樹脂に関する基本用語」「図解でわかる用途別ラミネート構成」など、読み手にとって理解しやすい内容構成です
裁判	法	覚せい剤取締法違反(使用)の罪に問われた元タレント・小向美奈子被告(23)の初公判で東京地裁は26日、被告が起訴事実を認めたため即決裁判を適用
裁判	法	このたびの県議会議員選挙に関し、公職選挙法違反容疑で議員が逮捕されるなどの不祥事が惹起されるに至ったことは、本県議会の信頼を失墜させるものであり、極めて遺憾である
裁判	法	4911資生堂は薬事法改正に伴い、旧表示の化粧品を店頭から撤去し、一括償却する特別損失計上のため、2002年3月期の連結最終損益を従来予想を従来の100億円黒字から90億円の赤字に下方修正したことが前向なリストラとして評価されたもよう(1108△82)
裁判	法	この6月には、保助看法の一部改訂が行われ、看護師国家試験の受験資格を有する者として看護系大学卒業者という条文が明記されたことは、看護教育の質を向上させ、保障していくために大きな前進だと思われます
裁判	法	後期に民事執行・保全法の授業がある人には何人かに口頭で有斐閣リーガルクエストシリーズの民事執行・保全法がもうすぐ出るからそれを買うのがいいんじゃないと
裁判	法	年間の自殺者数が1998年以降3万人を超えたことから、公明党としても対策を強化し、2006年の「自殺対策基本法」制定や、翌年の2016年までに自殺率(人口10万人当たりの自殺者数)を20%以上減少する数値目標を掲げた「自殺総合対策大綱」の閣議決定を推進しました
政治	法	しかし、その法が、必要不可欠な代理手段である権力を用いて、人々に労働規制を強制したり、教育方法や教育科目、宗教上の信仰や信念を強制したりすれば、法はもはや消極的なものでなく、人々に対し積極的に働きかけるものとなる
政治	法	一般的にイメージされる法の属性としては、一定の行為を命令・禁止・授権すること、違反したときに強制的な制裁(刑罰、損害賠償など)が課せられること、裁判で適用される規範として機能することなどがあげられる
その他	法	身体はその人の歴史そのものなので、人それぞれに対処法が違うってことは確実に言えます(ロルフィングが万能ではないよ、ということが繰り返し強調されてます)
裁判	法	その結果、国民投票法の施行は今月18日に迫っていますが、衆参両院の憲法審査会は設置後3年近くが経つにもかかわらず、まだ一度も開かれていない異常事態となっているのが現状です
裁判	法	新銀行東京問題 金融機能強化法改正案を審議している参院財政金融委員会は12日、新銀行東京に関する質疑のため、石原慎太郎東京都知事を参考人招致することを自民、民主両党の筆頭理事間で合意した
裁判	法	1979年に制定された省エネ法(正式名:エネルギーの使用の合理化に関する法律)は、工場や建築物、機械・器具についての省エネルギーを進め、効率的に使用するための法律
裁判	法	ニ 民事調停法 (昭和二十六年法律第二百二十二号)の規定による手続であつて、調停を求める事項の価額が裁判所法第三十三条第一項第一号 に定める額を超えないもの
裁判	法	「国家繁栄維持法」 で千人に一人の確率で選ばれた18歳から24歳の若者の命が奪われる世界で、厚生保健省の国家公務員・藤本賢吾(松田翔太)は、死亡予告証、通称 “逝紙(イキガミ)” を死亡者に配達する仕事をしていた
その他	法	補数(ほすう;complement)とは、ある基数法において、ある自然数 a に足したとき桁が1つ上がる(桁が1つ増える)数のうち最も小さい数をいう
その他	法	また、人工皮膚や関節、IT技術や精密機器を駆使した医療機器など等、十年ひと昔、いや五年で吃驚するような治療法に出会うと思えるほど医療が進化を続ける
裁判	法	「改憲手続き法」と共謀罪改め「テロ謀議罪」で国民の言論をがんじがらめに封殺しようとする流れに抗するためにこの光をますます強くしなければならないと強く思います
裁判	法	米政府は5月31日夜(日本時間6月1日午前)、米自動車最大手ゼネラル・モーターズ(GM)が米連邦破産法11章(日本の民事再生法に相当)の適用を申請すると発表した
その他	法	ちなみに、表題の「ニューパラダイム弁証法」との呼称法は、忰山紀一さんの発案によるもので、千島博士の生命弁証法を継承・発展させた「新しい哲学的パラダイムと世界観」(弁証法公理と定理及び弁証法的陰陽一元論あるいは弁証法的物神一元論)の呼称法としてきわめて適切だと感じたので使用させて頂いた
裁判	法	」(52頁)と記述しながらも、その注釈では、「著作権法第30条第2項は、機器と媒体を分離して規定しているが、機器や媒体の指定は、国民の権利・義務に直接関連する事項であることから、条文は厳格に解釈する必要があり、現在の条文で想定されていない『内蔵型』指定をするためには、法律の規定ぶりを変更する必要がある
裁判	法	法第36条第8号に規定する「この法律の規定に基づく内閣総理大臣又は都道府県知事の処分に違反したとき」には、法第42条第1項の規定による報告をせず、又は虚偽の報告をした場合も含まれる
政治	法	すべての女性労働者の平等並びに母子の健康及び安全を更に促進するため、並びに加盟国の経済的及び社会的発展の多様性及び企業の多様性並びに国内法及び国内慣行における母性の保護に関する発展を認識するため、千九百五十二年の母性保護条約(改正)及び千九百五十二年の母性保護勧告を改正することの必要性に留意し、
裁判	法	中小企業基本法において「中小企業」とは、おおむね、資本金3億円以下又は常時雇用する従業者数300人以下の会社及び従業者数300人以下の個人企業を指します
裁判	法	改定入管法では、日系2世(南米などに移民した日本人の子として外国で出生した者で日本国籍を保有しない者)には「日本人の配偶者等」という在留資格が与えられ、その配偶者や子(3世)など、日系2世の者の家族には「定住者」という資格が与えられるようになった
政治	法	難民や亡命に対する法そのものが曖昧で整備されていないのをよいことに、日常茶飯事で国会でやっているようにとりあえずは適当に誤魔化して、急いでうやむやに解決してしまえばよいだけのことだ
裁判	法	このため、ブッシュ政権下においては二つの制度が並存しており、これによる評価作業の負担増なども論議されているが、最近のPARTを見ると、同制度において政府業績成果法の結果が反映されるなど改善が見られる
裁判	法	BSIカスタマーサービスセンターは、保険その他の金融商品の販売にあたり、保険業法、金融商品の販売等に関する法律、消費者契約法その他の関係法令等を遵守し、以下の方針に基づき、お客様の立場に立った販売活動を行ってまいります
その他	法	企業価値評価として一般的に想起されるDCF法のほか、無形資産の評価、種類株式の評価、リアル・オプション等々の領域についても計算事例が豊富に掲載されており、他の類書にはない独自の充実度(「計算事例集」のような位置づけとして)があると思います
裁判	法	PrevNext法令Tag:法令酒税法施行規則(昭和三十七年三月三十一日大蔵省令第二十六号)最終改正:平成一八年三月三一日財務省令第二五号 酒税法及び酒税法施行令の規定に基づき、並びに同法及び同令を実施するため、酒税法施行規則(昭和二十八年大蔵省令第八号)の全部を改正する省令を次のように定める
その他	法	数学なら、「・・・・」は、「本当は帰納法を使うところを、いちいちそんな事しなくてもわかると思うから」という事だと思うけど、論理記号でそれをしていいのかどうか
その他	法	10進法の数字や、12/60進法の時刻はあまりにも当たり前すぎて、その数学的な裏づけを意識しなくても感覚で理解できてしまうが、“10進法”や“60進法”といった数学用語を聞いたとたんに、脳みそがむずがゆくなってくる人も多いだろう
裁判	法	国際人権法や条約など、棚橋議員をはじめ自民党議員の最も不得手とする部分を突かれたので、何を聞いていいか見当がつかなかったのではないのか、あるいは、国際人権法や安保理決議との抵触がこれ以上委員会の場で語られるのを恐れたのではないか、そういう邪推を禁じ得ません
裁判	法	以上を前提として、本件金銭消費貸借の取引経過について利息制限法にしたがって過払金に対する未払利息を計算すると、平成18年11月**日時点で、金8万5414円の未払利息が発生している
その他	法	こないだ、帰納法は正当化し得ないと言う議論をするために、いろんな事例を挙げて説明してたら、学生の一人が手を上げて、「でも、それって帰納ですよね」って言うんだ
その他	法	1892年から1899年、アンリ・ポアンカレは、3体問題では保存量が不足し積分法による解析解が得られないことを証明した(このような系を非可積分系と呼ぶ)
政治	法	法の裁きを受ける方にとっては、(株)ゴール○パートナーが存続している以上、裁判で勝ちそれでも、返金に応じない場合は、「強制執行」の手段を用いて、
その他	法	損傷自体に緊急性があるわけではないですから、主治医の先生に、手術法、リスク、復帰までの期間、など気になることをまとめて、外来できいてみるとよいかと思います
裁判	法	彼を日本人に好意的で味方してくれた人、ととる人もいるようだが、裁判期間中、膨大な量の国際法関連の文書を読み込んだ結果、当時の時点では「人道に対する罪」で起訴することは不可、との判断を下した判事であることがわかる
その他	法	ユークリッドの互除法とは、2つの自然数の最大公約数を求める場合に 大きい方から小さい方を引き、さらに小さい方から引いてできた数を引く処理を繰り返して、 引く数と引かれる数が同じになったとき、それが最大公約数であるというものです
その他	法	2進法で数を表わすことは出来るようになりましたが、2進法で表わされた大きな数は人間には分かりにくいので、4Bit毎に区切って、16進法で表わす方法がよく使われます
裁判	法	志位委員長は、通常国会の論戦を経て、政府提出の教育基本法改定案が子どもたちの未来を奪い、憲法に反する大問題を持っていること、東京都の『日の丸・君が代』強制に司法の違憲判断が下されたこと、さらに安倍内閣の教育再生プランは、弱肉強食の社会を教育に持ち込み教育の格差をひろげ、再生どころか「教育破壊」につながることを述べ、「みんなの力で廃案に追い込もう」と呼びかけました
裁判	法	自殺した当時、被告5社からの請求総額は約700万円だったが、利息制限法の上限金利で計算すると、元利金の返済は終わっていたばかりか、約1150万円も払い過ぎていた
その他	法	「尤も最手一人に限り天地長久之法横綱の伝一人之土俵入古は片屋入と云て土俵に出て手を二つ打つ乾坤陰陽和順なり足三つ踏は天地人之三才智仁勇の三徳合せて五つは木火土金水仁義礼地信の五常なり始横綱を帯して足踏をなす貪−狼星巨−文星禄−存星文−曲星廉−貞星武−曲星破−軍星是七星の名也七つ踏しめ気を臍下に納む則動かざるなり」とある
裁判	法	接着剤メーカー「浅井」(名古屋市)の汚染米不正転売事件で、同社から購入した米を食用として販売したとして、食品衛生法違反の罪に問われた米穀仲介業「ノノガキ穀販」(三重県四日市市)と元社長、野々垣勝被告(46)の判決公判が
その他	法	平成10年4月以後に取得および増築した建物の償却方法は、定額法のみであるが、建物附属設備は平成10年4月以後の取得であっても定率法による減価償却を選択できる
裁判	法	以上を前提として、本件金銭消費貸借の取引経過について利息制限法にしたがって過払金に対する未払利息を計算すると、平成10年3月3日時点で、金2420円の未払利息が発生している
裁判	法	・介護報酬1億7千万円を不正受給 訪問看護指定取り消し 東京都は19日、書類の不備があったのに約1億7000万円の介護報酬を不正に 受給したとして、介護保険法に基づき、目黒区の介護事業者「パラゴン」(利根川 雪子社長)が運営する訪問看護事業所「碑文谷訪問看護ステーション」の指定を 3月31日に取り消すと発表した
裁判	法	二〇〇〇(平成一二)年の改正法は、海賊版・パソコンソフトの違法コピーを防ぐため、著作権を侵害した法人に対する罰金の上限を三〇〇万円から一億円に引き上げた
政治	法	しかし、やってもない犯行は絶対に認められないとの思いと、日本の裁判所は「疑わしきは罰せず」の法の精神が有るので公平な立場で判断する筈だとの思いで、検察がちゃんと取り調べをしなければ裁判で真実を明らかにする覚悟で検察に出頭しました
その他	法	最近の傾向としてマイルドで軽い味わいの減圧蒸留法による焼酎が好まれる時代となり、どの蔵も追随し減圧米焼酎を造るなか、寿福酒造だけが昔ながらの「常圧蒸留一筋」の唯一の蔵となりました
その他	法	微分法(1) 微分の規則、合成関数の微分、対数微分法等高校で学んだ微分法の基本的性質を復習した後、高階導関数に関するライプニッツの定理を証明する
裁判	法	判決は、一審判決が立法の不作為の国家賠償法上違法とした点について、「国会の立法過程及び国会議員立法行為の性質等に照らし、是認することができない」と判決しました
裁判	法	A1−3 医療法やガイドラインで認められた広告が可能な事項(「開院○周年」等)や医療とは直接関係がない表現(「はじめまして」等)を使用したキャッチコピーやあいさつ文であれば、広告物に掲載することは差し支えありません
裁判	法	政府与党が推進する悪法――憲法改正の手続き法案(国民投票法案)・教育基本法・共謀罪・米軍再編関連法――が国会会期末を迎え、慌ただしい動きを見せる今、緊急のリレートークと、リーフレット配布が、3日午後から有楽町マリオン前で四団体による共同行動が行われた
裁判	法	●5月24日:防衛装備の調達機能一元化のための「装備本部」新設を盛り込んだ改正防衛庁設置法が24日午前の参院本会議 で、自民、公明両党と民主党などの賛成多数で可決、成立した
裁判	法	利息制限法の上限を超える金利を払わされたとして、6都県の約800人が13日、過払い分計約7億3700万円の返還を求める訴訟を各地の地裁に一斉に起こした
裁判	法	これにより、ASEANは国際法上の法人格を持つ「多国間組織」となり、2015年の共同体構築に向け大きな一歩を踏み出したと、上記ニュースはしています
裁判	法	いわゆるNPO法ができてNPO法人という制度ができたことは良いことだと思いますが、おばあさんがたった一人で自分の家でやっている「老人憩いの家」みたいな活動と、年間予算が数億円といったNPO法人、どちらも等しく貴重なものだと思います
裁判	法	さらに、それらを社会的関連で申しますと、公衆衛生法違反芸術、食品衛生管理法違反芸術、ワイセツ物陳列違反芸術、騒音防止条令違反芸術、道路交通法違反芸術、建築基準法違反芸術、表現の自由裁判有罪判決芸術というふうになります
その他	法	DNAの塩基配列のうち、同じ塩基配列が繰り返して存在する特殊な「縦列反復配列」と呼ばれる部分を検査し、その繰り返し回数が人によって異なることを利用して個人識別を行う手法が最も一般的であり、世界的に共通した検査法が確立している
裁判	法	又、法改正と同時に地域の子育て支援という新たな役割も保育所が担うようになり、地域の子育て施設の中核としての意識を持ち、積極的に子育て支援活動を実践してきた結果、就学前児童数に対する保育所への入所率は年々増加しており、昨今では、幼稚園に通う児童数を抜き、この10年間で最も少ないと言われた平成6年度より8年間で約30万人増え、平成14年10月の時点においては、入所児童数が200万人を突破している
裁判	法	新会社法以前の「資本金の1/5以下」という規制は、資本金1000万円の株式会社設立する場合、簡単な現物出資(検査役の調査の不要な現物出資)ができる額は、200万円以下という規定でしたが、現在は500万円まで現物出資できるようになりました
裁判	法	海外出張先などで日本のテレビ番組をインターネット経由で視聴できるサービスを不特定多数に提供するのは著作権法違反だとして、NHKと在京キー局5社が民間業者にサービスの中止を求める仮処分を申請したのに対し、東京地裁(高部眞規子裁判長)は4日、申請を却下する決
裁判	法	著作権法違反:共有ソフト悪用、起訴内容認める−−地裁・初公判/秋田ファイル共有ソフトを使い不特定多数の人が韓国ドラマなどを見られる状態にしたとして著作権法違反の罪に問われた由利本荘市川口柴野、主婦、小助川都子被告(39)の初公判が27日、秋田地裁(馬場純夫裁判官)で開かれた
裁判	法	迷惑メールへの規制を強化する特定電子メール送信適正化法改正案について、送り先の同意なしに広告・宣伝のメールを送りつけた業者に対する罰金上限を、現行の100万円から30倍の3000万円に引き上げることや懲役刑の導入が盛り込まれました
裁判	法	本日、以前から審議され問題になっていた「青少年ネット規制法」(青少年が安全に安心してインターネットを利用できる環境の整備等に関する法律)が成立しました
裁判	法	私は、東京裁判という、国際法の観点から見れば受け容れられない事後法による一方的な裁判で裁かれた先人たちを、「戦犯」という言葉で切り捨てることなどできないと考える
裁判	法	これまでの仲介業務法と最も異なる点は管理団体の設立が許可制から登録制に緩和されたことであり、これにより60年にわたる JASRAC の独占は転機を迎えた
政治	法	また検察が起訴した公訴事実に対する法の適用は裁判官の専権であるため、求刑した刑罰よりも重い判決(求刑超え判決)が下されたとしても、違法ではないとするのが実務であり、過去に例がある
裁判	法	法官官僚は、メドレセ(宗教学校)でイスラム法を修めた者が担い手であり、郡行政を司り裁判を行うカーディーの他、メドレセ教授やムフティーの公職を与えられた
政治	法	しかし、行政事件となると、 法律上の論点としては、実体法上違法事由があるのかを論ずる前に、まずは、行政訴訟の対象になるのかという障害物が立ちはだかる
その他	法	これらの治療法は、歯科医師なら誰でもできるもの・・・ではなく、専門の講習を受け、治療の概念、理論、技術を習得した上で患者様に提供することが前提と私は考えています
裁判	法	RPS法とは、新エネルギーの普及を図るために2003年4月に施行 された法律で、電気事業者に対して、毎年の販売電力量に応じて、 その一定割合以上を新エネルギー等から発電される電気の利用を 義務付けたもの
その他	法	私は、『自我の終焉へのプロローグ』という記事の中で、自分が瞑想教室に通い始めた経緯を、ストーリーを分かり易く解説するために、「悩みの解決法→究極の答えは『真我』→その手法として瞑想を選択」といったようにシンプルに書いてはいるが、厳密に言えば、このように順を追って理論上の明確な「答え」に行き着いた訳でもなく、その結果として「瞑想法」に行き着いた訳でもない
裁判	法	ライブドアの連結決算を粉飾したなどとして、証券取引法違反の罪に問われ、22日に東京地裁で懲役1年8カ月の実刑判決を受けた同社前取締役の宮内亮治被告(39)について、東京地裁は同日、再保釈を認める決定をした
裁判	法	その取引履歴を利息制限法の定める法定金利に従い、元利計算させていただきましたところ、既に金○万○千○百○十○円の過払いになっております(過払い利息5%含む)
裁判	法	正当業務行為とは違法性が阻却される行為のことで、医師が治療目的でメスを入れるようなことを云い、お前の云いたいことは公益通報者保護法による「内部告発」と勘違いだろう
裁判	法	自民党前衆院議員、吉田幸弘容疑者(43)らによる公職選挙法違反事件で、被買収容疑で逮捕された愛知県議、結城秀治容疑者(55)=名古屋市緑区選出=が議員辞職願を提出
政治	法	また、今回の判決を受けて、法関係者の中には、明確な死刑基準を・・・っという言葉がありますが、死刑は基準で判断するものではないと思うし、基準のみにこだわり続ける姿勢は、裁判の本来のあり方を歪める結果になるのではないでしょうか
裁判	法	昭和23年3月7日、消防組織法の施行により、警視庁から分離独立、日野町を管轄区域として、署長以下12名、消防自動車3台が配置され、日野町消防署が発足しました
裁判	法	このたびの上越総合病院につきましても、医療法で定める公的医療機関でありますが、建設費補助ではなくて、少子化や周産期医療など高度な医療供給体制の整備や機能充実など、市民ニーズに基づく地域医療の振興を図り、市民の安全、安心を守る観点から、所要の運営費やその機能充実に対応できる病院の建設に対する長期借入金の償還利子に対して補助を行うものでございます
裁判	法	したがって、軍隊慰安所制度における日本の国家責任は、国民総動員法や「奴隷狩り」のような「強制連行」に基づく徴集形態や徴集過程に限定されるべきではなく、こうした「強制連行」の有無に左右されるものでもない
裁判	法	二 弁護士法(昭和24年法律第205号)、司法書士法(昭和25年法律第197号)又は土地家屋調査士法(昭和25年法律第228号)の規定による懲戒処分により、弁護士会からの除名又は司法書士若しくは土地家屋調査士の業務の禁止の処分を受けた者でこれらの処分を受けた日から三年を経過しないもの
裁判	法	平成18年の介護保険改正を要約すると介護保険法の基本理念である「自立支援」をより徹底する観点から、軽度者に対する保険給付について、現行の「予防給付」の対象者の範囲、サービス内容、マネジメント体制等を見直した「新たな予防給付」へと再編を行うということになる
その他	法	ベーシスベクトル法とは、オリジナル形状に対し設計が考えられる基本形状 候補(ベーシスベクトル)をベースとして、それらの組み合わせにより最適 形状を求める手法です
裁判	法	【ノーテル、連邦破産法11条の適用を申請】ニュース » 企業情報 ノーテル、連邦破産法11条の適用を申請 かつて隆盛を誇った通信機器メーカーノーテルネットワークスが現地時間1月14日、連邦破産法11条の適用を申請した
裁判	法	覚せい剤を所持していたとして、覚せい剤取締法違反(所持)で九州大助教授の男(36)が逮捕された事件で、男が「覚せい剤は派遣型風俗店の女性から約1グラムを数万円で買った」などと供述していることが17日までの福岡県警の調べで分かった
裁判	法	大阪の千里ニュータウンに1967年に建設された分譲マンションの建て替えをめぐっ って反対派の住民5人が「建物はまだ老朽化しておらず、建て替え計画は区分所有法 の要件を満たしていない」として、マンション住民による建て替え決議の無効確認を 求めた訴訟で、大阪地裁は23日午前、原告側の請求を退けるとともに、原告らの7戸 を各4千800万円で賛成派住民に売却するよう命じる判決を言い渡した
その他	法	一般に(数学的帰納法以外の)帰納法は飛躍を内在するように解釈されていると思えますが、「正しいとは」のご意見のところで「演繹法」「帰納法」という言葉も出てきていましたので、この辺りのお考えもおありのようでしたらお聞きしたいです
裁判	法	民事訴訟法の改正により、従来は、原則として文書提出義務は負わないが、例外的に義務を負うという流れであったものが、原則として文書提出義務を負うが、例外として義務を免れるというものに変わった
裁判	法	このような場合、原状回復特約をどうみるかというと、現状回復の範囲を限定的に解釈したり、当事者にそもそも合意が成立していない、あるいは公序良俗違反で無効とした裁判例、または、「消費者の利益を一方的に害するもの」として消費者契約法に10条により無効と判断した裁判例などがあります
裁判	法	▼現場の記者の伝えるところによると「小沢一郎代表の公設第1秘書が政治資金規正法違反で逮捕された「西松事件」が国会運営にも大きな影響を与えているんだとか
その他	法	間接法の原則法で連結CF計算書を作成するには、連結システムが必須アイテムになると思われるが、個人的にも原則法により連結FCF計算書の作成を御薦めする
裁判	法	ただ、何でもまとめて一つの訴えとして提起できるわけではなく、行政事件訴訟法は、取消訴訟の「関連請求」に該当する場合のみ認められるとされています(16条1項)
裁判	法	(6) したがって、特許法一〇二条二項の規定に基づき、被告は、原告に対し、被告が前記被告段ロールの製造販売により得た利益合計相当の金一億二二四七万一二〇〇円の損害賠償金を支払う義務がある
裁判	法	(一) 公立学校の教育公務員の政治的行為の制限については、国立学校の教育公務員の例によるものであり(教育公務員特例法第二一条の四)、国立学校の教育公務員について制限されている「政治的行為」とは、国家公務員法第一〇二条及びこれに基づく人事院規則一四―七に規定されている政治的行為を指すものであること
裁判	法	そもそも「人権」という定義が曖昧だから、使い方によっては治安維持法のように政府に都合の悪い事を片っ端から取り締まる事も可能だし、特別な団体の人権委員が対立する団体を取り締まる事にも使えるだろう
裁判	法	消費生活用製品安全法違反(特定商品の無表示販売)の疑いで、大阪市阿倍野区の販売会社経営の男(35)ら2人の逮捕状を取ったことが18日、分かった
裁判	法	映画「おくりびと」で納棺の技術指導をした札幌市白石区の葬祭会社「札幌納棺協会」が仏壇の無許可収集や運搬をしたとして、仙台地検は3日、廃棄物処理法違反罪で同社を仙台地裁に起訴し、仙台支店の男性支店長(43)を在宅起訴した
裁判	法	原告は甲第1号証及び甲第2号証を、利息制限法所定の金利により再計算(甲第3号証)を行ったところ、平成**年**月**日の弁済により元本は完済され、平成18年9月21日時点で、金×××万××××円の過払金が生じた
裁判	法	「動物の愛護及び管理に関する法律(動物愛護法)」の第26条によって「人の生命、身体又は財産に害を加えるおそれがある動物」として政令で指定された爬虫類たちです(両生類は指定されていません)
裁判	法	旧会社法(商法)168条ノ4は「資本ノ額ハ千万円ヲ下ルコトヲ得ズ」、旧有限会社法9条は「資本ノ総額ハ三百万円ヲ下ルコトヲ得ズ」と規定していましたが、会社法はこれら条文を削除しました
裁判	法	なおミツトヨは先月同社が外国為替及び外国貿易法を違反して政府による適切な承認を得ずに三次元測定機器を輸出したことを既に声明文で認めており、検察側の告発に意義を唱えず検察当局の調査にできる限り協力することを誓約している
裁判	法	近年の建築基準法改正に見られる審査基準の厳格化の流れで、将来的に木造2階建て住宅でも構造計算が必須となる可能性もあり、住宅の資産価値向上を考えても、構造計算は必要ではないかと思います
裁判	法	2006年に制定された社会支援法の「WMO」は、1968年に作られた特別法「AWBZ」に変わるもので、今まで国の一律レベルで行き届かなかった内容に対し、各自治体が柔軟に対応できるようになっていることが特色です
その他	法	ただ問題は、学会の中で、先ほどのAKA治療法もそうなのかもしれませんけれども、激論になってなかなかこう、お医者様というか学者同士の学説上の争いに終始をしている中で、結局、この治療によって、新しい治療が保険適用される、認められることによって利益を享受できる患者さんたちが取り残されるということになってしまうんじゃないか
その他	法	なお、当然のことながら、ここで述べた導出法はオイラーの公式を既知とするように三角関数の導入(たとえば三角関数をべき級数として定義)を行っていなければ通用しない
その他	法	現在、HIVを体内から完全に排除できる治療法はありませんが、抗HIV薬によってウイルスの増殖を抑え、エイズの発症を遅らせることで、長期間にわたり健常時と変わらない日常生活を送ることができます
その他	法	数学的帰納法により、現在ある富士山や頭の毛が全く生えていない人からスタートしてカッコ内の行程を踏んでいくと、直感で我々が考える富士山と禿げ頭のイメージからかけ離れたものが完成してしまう
裁判	法	調査を拒否した場合は統計法第19条の規定により「6箇月以下の懲役もしくは禁錮又は10万円以下の罰金」、また調査員にも守秘義務があり、他に漏らした場合は「1年以下の懲役又は10万円以下の罰金」となる
裁判	法	環境基本法の基本理念に則り、循環型社会の形成に関する施策を総合的かつ計画的に推進することにより、現在および将来の国民の健康で文化的な生活確保に寄与することを目的としている
政治	法	)」とし、同項第二号中「政令で定めるものを含み」とあるのは「政令で定めるものを含み、かつ、改正法附則第二条第一項の規定により大型自動二輪車免許とみなされる免許については同項の規定により普通自動二輪車免許とみなされる免許を含み」とする
裁判	法	教授: ところで、民事執行法には、強制執行は執行文の付された債務名義の正本に基づいて実施するとありますので、判決による登記における「判決」にも執行文が必要になるのではありませんか
裁判	法	一度定めた単元株数を減らす場合には取締役会決議で柔軟に変更できるが、単元株数を増加させる変更は議決権行使可能な株主が単元未満株主にされるおそれがあるため、会社法は株主総会決議事項としている
裁判	法	しかし『教科書裁判』ほどに教育の本質、教育の中味へと深くくいこんだものはなかったといっても過言ではないだろう」と記しているが(「教科書裁判の問いかけるもの」『季刊教育法』10号)、この奥平氏の考えが氏ひとりの考えでないことは、教育への権利を問い続けた32年間の裁判の中で示した多くの人々の行動から十分証明し得るものであろう
裁判	法	もともと加藤紘一の子分で、スパイ防止法潰しに暗躍した実績のある自民党内のサヨクですが、最近は、支持者の声に対して一応は党総裁として応えていくポーズは見せてきているようですね
政治	法	自然債務は、裁判手続によって実体法上の権利の存否を判断してもらうことはできず(訴求力がない)、従って債務の内容を強制的に実現することはできない(執行力がない)
政治	法	法改正に伴い資金管理団体で企業献金が受けられなくなった後は自民党支部に対し、2000年から04年までは毎年30万円、05年は40万円、06年には30万円をそれぞれ献金していた
その他	法	またハフマン法は、あらかじめ符号化データの発生確率を計算する手間がかかるのが問題となりますが、これを解消する方式として 動的ハフマン符号化方式 が考えられています
裁判	法	児童虐待防止法という法律ができるほど、虐待は身近になっていますし、年々増加傾向の児童虐待に対応するため、その法律も4月から改正され、子どもの安全確認などのための立入調査等の強化などがはかられます
その他	法	ライプニッツは1684年に「極大と極小にかんする新しい方法」を出版して、その中で微分法を発表し、ついで1686年に「深遠な幾何学」を出版して積分法を発表した
裁判	法	今年の参議院選挙よりインターネット上での選挙活動が解禁されるという見込みがあったが、結局は通常国会終盤の混乱により公職選挙法の改正が実現しなかった
裁判	法	大阪府済生会の2病院が2007年度、生活保護受給者ら生活困窮者を対象にした「無料低額診療制度」を悪用して職員の家族や退職者延べ4万6000人分の医療費を減免し、社会福祉法に抵触するとして大阪市から文書で改善指導を受けたことが6日、分かった
裁判	法	新破産法が制定され、旧破産法にあった「破産の宣告」という文言がなくなり、新たに「破産手続き開始の決定」という文言が使われるようになったようです
その他	法	用例など:”おじさん”は”お爺さん”・・現代っ子は本来の使用法になりつつある・・若い”叔父さん”に”おじさん”と言ったら「あんな若い者に”おじさん(お爺さん)なんて・・可哀想に”と言われたことがある
裁判	法	〈環境省HPより抜粋〉 今年は、エコツーリズム推進法の施行“元年”の記念すべき年にあたり、エコツーリズムを通じた自然環境の保全、観光振興、地域振興、環境教育の推進への期待が全国的に高まっています
その他	法	その他、「自然で良いお産」「自信をもった育児」を目標に、保健指導(ラマーズ法、栄養指導、両親学級、ジャザサイズ、乳房マッサージなど)の充実をはかっています
裁判	法	「労働組合法」は、労働者の団結権・団体交渉権・団体行動権等の保障について定めた法律で、「労働基準法」「労働関係調整法」と共に「労働3法」と呼ばれています
裁判	法	伝えられる情報によれば、新教育基本法や浜版学習指導要領を受けて「我が国と郷土浜の自然や歴史、伝統や文化等を愛し、守り伝えていく」教科書として、社会科では自由社や扶桑社の教科書が高く評価され、採択される可能性が高いとのことですが、本当でしょうか
裁判	法	戦後比較的早期に「横浜国際港都建設計画道路事業」として策定され、その後も都市計画法制定まで多数の計画路線が追加されたが、事業着手され全線完成した路線は少ない
裁判	法	厚生労働省の補助金約5千万円を不正受給したとして、補助金適正化法違反罪に問われた社会福祉法人「全国精神障害者社会復帰施設協会(全精社協)」の元副会長上野一郎被告(51)に大阪地裁は14日、懲役1年6月、執行猶予3年(求刑懲役1年6月)の判決を言い渡した
その他	法	「ところでウィキペディアの「数学的帰納法」などに、帰納法となっているけれど本当は帰納ではなくて演繹とあり、数学用語にしては随分いい加減な名称ということになるのでした
裁判	法	「健保法が変わって、時間外(平日の19時以降と、土曜日の13時以降)は、薬代の他に120円いただくことになったので、お急ぎでなければ、月曜日の方がよろしいかと・・・
裁判	法	最近うちの社会には性暴行特別法、男女差別禁止法など性暴行から女性を保護する装置が続々と用意されるなど、性暴行予防のための多くの発展と変化があった
裁判	法	第五十五条 法第八条第一項 の総務省令で定める通信は、次の表の上欄に掲げる事項を内容とする通信であつて、同表の下欄に掲げる機関等において行われるものとする
裁判	法	* 簡易裁判所での手続きであっても民事訴訟法の規定による手続ではないもの(例えば刑事訴訟法や非訟事件手続法の規定による手続)については代理することできない
裁判	法	W3C(World Wide Webコンソーシアム)で定めるWebコンテンツアクセシビリティガイドライン(WCAG)、米国リハビリテーション法第508条や障害者差別禁止法といった政府規制などの国際的なアクセシビリティガイドラインなど170以上のアクセシビリティチェック項目のスキャンを行います
裁判	法	金銭消費貸借の借主が利息制限法1条1項所定の制限を超えて利息の支払を継続し、その制限超過部分を元本に充当すると過払金が発生した場合において、貸主が悪意の受益者であるときは、貸主は、民法704条前段の規定に基づき、過払金発生の時から同上前段所定の利息を支払わなければならない(大審院昭和2年(オ)第195号同年12月26日判決・法律新聞2806号15頁参照)
裁判	法	私たち日本共産党はその都度施設や事業所を調査して過去3回障害者自立支援法問題で政策を提案し、応益負担の撤回、緊急の利用者負担軽減、事業所報酬の引き上げと職員の待遇改善など、障害者やみなさんの運動と結んで実現をめざして全力を挙げてきました
裁判	法	そのほか労働事件の場合、労働基準法では残業代や解雇予告手当を支払わなかった使用者に対して、裁判所は労働者の請求により、これらと同一額の付加金の支払いを命じることができる旨定めており、未払い額の倍額を裁判で請求できることになっていますが、少額訴訟では付加金の請求は認められない場合があるので、付加金の請求をしたいときも、通常訴訟の申立てを選択するべきかもしれません
裁判	法	清田区革新懇は9日昼、真栄の西友前で街頭宣伝をおこない、政府与党が国会の会期内成立を強行しようとしている教育基本法改悪法案に反対しようと、ハンドマイクとビラで道行く人々に訴えました
政治	法	藤井敏明裁判官は判決理由で「酒井さんのファンとして、何としても釈放させたいという自己の思いを優先させ、法や社会のルールを無視した悪質な犯行だ」と述べた
その他	法	平安時代中期の永延2年(998)に比叡山延暦寺の僧・法円が円融法皇の命を受け建立したもので、その後、安貞2年(1228)に三井寺の僧俊円が再興し、照耀山光徳寺と称しました
裁判	法	不動産の差押えは、執行裁判所の強制競売の開始決定(民事執行法45条)、または強制管理の開始決定(同法93条)を債務者に送達することによる(同法45条2項・111条)
裁判	法	原告側弁護団によると、更新料をめぐっては、借地借家法の「法定更新」に基づく支払いを例外的に無効とした判例はあるが、特約そのものを消費者契約法上無効とする判決は初めて
裁判	法	利息制限法は、100万円以上の貸金については年利15パーセント、100万円未満の貸金については年利18パーセントを超える金利を徴求することは法律上無効であると定めています
その他	法	これに加えて、流体近似法および待ち行列理論を組TCP Renoみ合わせることにより、TCP Renoのフィードバック型輻輳制御機構をモデル化した
その他	法	具体的には、油層特性など未知の不確定要素に対して、その許容限度を定義し、モンテカルロ法やラテン超方格実験法などの手法を用いて反復計算を行い、リスク分析を定量的に行える確率分布を求めることができます
その他	法	心理かじってるだけに自分の現在の状況はどういうかんじなのかということはある程度の自覚もあり、何が原因なんかもうすうすは気づいていて、おそらく対処法なんかも半分くらいはわかったりなんかしちゃったりしてますが・・
裁判	法	2 国家公務員法102条1項および人事院規則による公務員に対する政治的行為の禁止が、憲法上許容されるか否かを判断するにあたっては、禁止の目的、この目的と禁止される政治的行為との合理的関連性、政治的行為を禁止することにより得られる利益と禁止することにより失われる利益との均衡の三点から検討することが、必要である
その他	法	またこれらの対処法に使うコストは「2000円以上5000円未満」の人が最も多く31%、平均すると月3600円を不調改善のために使っているようだ
裁判	法	尚Xは、国家賠償法一条一項に基づき、学校設置者である被告Y市に対して、慰謝料として三万九〇〇円及び本件訴訟提起の翌日である平成一五年七月二六日からA中学校が学校敷地内全面禁煙となるまでの間、一日当たり一〇〇円の支払を求めている
政治	法	司法の現状に「法と秩序」、あるいは「予測可能性を高める社会的技法としての司法」という観点から迫ってみる必要があるのでは、という視点が生まれた所以である
裁判	法	会社法で、株主総会または取締役会の決議により、剰余金の配当を随時決定でき(会453、459)、また、株主資本の計数をいつでも変動させることができることとされたため、貸借対照表および損益計算書だけでは、資本金、準備金および剰余金の数値の連続性を把握することが困難になるためこの計算書の作成が義務づけられる
政治	法	女子のヘアースタイルは法による規制がなかったものの、明治18年「婦人束髪会」が経済性・衛生面・実用面から日本髪の廃止を啓蒙仕始めると、上流階級の婦女子にまず取り入れられる様になりました
裁判	法	それによれば、暴力行為法と刑法の関係について、「数人共同してニ人以上に対しそれぞれ暴行を加え、一部の者に傷害を負わせた場合には、傷害を受けた者の数だけの傷害罪と、暴行を受けるにとどまった者の数だけの暴力行為等処罰二関スル法律第1条の罪が成立し、以上は併合罪として処断すべきである」と判断しています
その他	法	不空(ア−モガヴァジュラ/705年〜774年) 金剛智(ヴァジュラボーディー)より密教を付法された後、インド、スリランカへ渡り、経論をたずさえて長安に帰る
裁判	法	問2B[賛成] 国際法上、法技術的にも難しい問題があるが、万景峰号の入港を拒否できるようにすべきという意見が国民の中で多くなってきているため、慎重に議論する必要がある
裁判	法	他にも、世間を騒がせた事件で、覚せい剤取締法違反の罪で起訴された酒井法子被告(38)について質問され「日本では量の問題ではなく、ドラッグは全否定されています
裁判	法	9 前3項の規定によりなお効力を有することとされる沖縄法の規定による給付をする場合においては、その額は、法第49条第1項の規定による交換比率により日本円に換算し、運輸省令で定めるところにより1円未満の端数を処理した額とする
政治	法	この事が、法解釈の「”客観説”」(つまりは法解釈には客観的に正しいものがある、という考え)を主張する家永三郎や田畑忍との間で第一次「法解釈論争」を引き起こすこととなる
裁判	法	しかし、例えば西欧法が導入され、世俗法廷が開設されても一方ではシャリーア法廷がそのまま存続したように、イスラム国家としての伝統的・根幹的な制度は帝国の最末期まで廃止されることはなかった
裁判	法	十二 昭和四十年改正法附則第二条第三項の規定により、運転することができる普通自動車が昭和四十年改正法による改正前の道路交通法の規定による自動三輪車に限られている旧法普通第二種免許 新法第九十一条の規定により、運転することができる普通自動車が昭和四十年改正法による改正前の道路交通法の規定による自動三輪車及び軽自動車に限定されている普通第二種免許
裁判	法	放送開始から1982年までは、放送用VTRの規格が2インチで取り扱いが煩雑だったうえ、著作権法の事情等もあって放送の都度テープは使い回され、2010年現在の映像の現存状況は以下に示す通りとなっている
裁判	法	ところが、裁判所法の改正により、今年の10月にてこの制度は廃止となり、新たに、11月から司法研修所にて研修を受ける司法修習生には修習費用は貸与になることが決まっております
その他	法	膝を深く屈曲するのなら"倒れ込む引継ぎ法"を用いるのではなく、引継ぎ経験を豊富に積んで、どのような状態から飛び出しても、うまいタイミングで引き継げるようになってから、感覚でタイミングを取って、スタート台の後方に置いた重心を一気に前方へ動かし飛び出していく方が良い
その他	法	高校で習った数学的帰納法によれば、最初不味くて(K=1の場合)、しばらく置いてから訪問し(K=nの場合)てもまずく、その次の日(K=n+1)もまずければ、結局いつ行っても(すべての自然数において)まずいはずと論理的に証明される
裁判	法	翌平成4(1992)年8月に「国際協力(PKO)法」が成立し、その翌月には陸上自衛隊の施設大隊が、戦乱から立ち直って民主選挙を控えたカンボジアへ派遣された
裁判	法	覚せい剤取締法違反(所持、使用)の罪に問われ、一審で「弁護人選任権が侵害され違法」として無罪とされた無職蛭井直武被告(49)の控訴審判決で、東京高裁(金谷暁裁判長)は7日、一審判決を破棄、蛭井被告に懲役2年10月を言い渡した
裁判	法	地方自治法施行60周年を記念し、各都道府県にちなんで発行されるデザイン貨幣のうち、佐賀県の図柄として、大隈重信侯の記念貨幣(500円と千円の硬貨2種類)が今秋発行される
裁判	法	思えば、自民党・公明党の与党が多勢を組んで改定理由も判然とさせ得ないもとで、カンナクズに火をつけるように「教育基本法」を焼却しようとしている、まさに歴史の大転換点を感じさせる日の口頭弁論である
裁判	法	第八条 裁判所法(昭和二十二年法律第五十九号)の規定により管轄が訴訟の目的の価額により定まるときは、その価額は、訴えで主張する利益によって算定する
裁判	法	2 法第二十二条 、第二十三条第二項から第四項まで若しくは第四十三条の規定による届出をしようとする者又は第三十九条の六において準用する第三十九条第三項の裁定の申請をしようとする者(一般第二種電気通信事業者に限る
裁判	法	著作権法違反(公衆送信権の侵害)ほう助罪に問われた元東京大大学院助手金子勇被告(35)に対する論告求刑公判が3日、京都地裁(氷室真裁判長)であった
裁判	法	2 わが国の民事訴訟法の規定する裁判籍のいずれかがわが国内にあるときは、原則として、わが国の裁判所に提起された訴訟事件につき、被告をわが国の裁判権に服させるのが相当であるが、わが国で裁判を行うことが当事者間の公平、裁判の適正・迅速を期するという理念に反する特段の事情があると認められる場合には、わが国の国際裁判管轄を否定すべきである
裁判	法	利息制限法という法律には、元本10万円未満の場合は年20%、元本が10万円以上100万円未満の場合は年18%、元本100万円以上の場合は年15%を超える利息の支払いは無効と定められています
政治	法	今回の法改正の意義について野村証券の商社担当アナリスト成田康浩氏は「JOGMECが出資という形で参加していれば、投資先で何か政治的な問題が起きても政府間交渉に持っていける
政治	法	そのため、先月11月の政府提案においても、知事への行政処分権限の移譲など、法整備あるいは地方の実情を踏まえた地方消費者行政の抜本的な強化策について、野田大臣に直接要請申し上げました
その他	法	同時に機体の能力を最大限に生かす戦闘法を編隊の戦術へと引き上げた実行力と洞察力は、ハルトマンが航空戦闘指揮官としても十分な才能を持っていたことを証明している
裁判	法	これらに対し、安倍氏が推進した「当たり前の政策(集団自衛権容認、教育基本法改正など)を快く思っていなかった「サヨク」らはやんやの喝さいで、孤立無援となった安倍首相は健康を害して早期の辞任に追い込まれた
裁判	法	8 募集内容:介護保険法に基づく、訪問介護、通所介護・居宅 介護支援 **ホームページもご覧になって下さい** 職種:社会福祉士(相談員)「三鷹営業所」(要普免) 正社員"
裁判	法	」とされている(平成16 年11 月「福祉関係事業者における個人情報の適正な取扱いのためのガイドライン」)(個人情報保護法第2 条第1 項関係)
裁判	法	2 法第三十五条 の総務省令で定める重大な事故であつて第二種電気通信事業に関するものは、電気通信役務の提供を停止された利用者の数が当該第二種電気通信事業の利用者の数の半数を超える事故であつてその停止時間が二時間以上のものとする
裁判	法	更には、1ヶ月ルールは法律ではなく、行政権は、憲法、法律、政令、省令と秩序があり、また秩序があるからこそ行政権を構成しているのであり、この行政法上の法秩序を乱して、役人は務まらない
裁判	法	国際法に基づく条約は常に解約が可能で、国際条約は自国の利益のために締結されるもので、そうした基盤がなくなれば、たとえ解約条項がない場合でも、グロチウスの国際法定義では、条約の合法的解約が許されます
その他	法	すなわち、信義則を個別的法命題に類型化する議論と、メタ法価値論とを照らし合わせて考察した場合、異論の余地のない原理からの演繹か、経験に基づく帰納かのいずれかによらない推論は、主観的で恣意的と見る見方が強く働いている点を指摘した
裁判	法	自動車用・産業用電池の売り上げが計画を上回り、また、持分法投資損失が約12億円改善することもあり、今3月期の連結売上高の予想を15億円、経常利益の予想を18億5000万円上乗せした
政治	法	更には広範な社会的事象の観察や判例研究を通じて、1953年の日本私法学会の席上で報告書「法の解釈と法律家」を提起し、社会的・政治的文脈に基づく法解釈の多様性を主張した
裁判	法	特に、内閣府の外局の一つである金融庁に関連する許認可権が多い(銀行法や貸金業法、金融商品取引法などが挙げられるが、具体的な法律名は多岐に渡るため割愛)
裁判	法	バンダイは「ガシャポン」)を誤飲し、重度障害を負った鹿児島市の男児(当時2歳10ヶ月)の両親らが、製造物責任法(PL法)に基づき、製造元のバンダイナムコゲームスに約1億800万円の損害賠償を求めた訴訟で、鹿児島地裁が、バンダイ側に約2626万円の支払いを命じたそうだ
裁判	法	その時の訪問販売法は特定負担2万円以下の連鎖販売を法規制からハズしていましたが、昭和60年の通産省の通達で「特定負担とは入会金に限らず、入会に必要と告げられて購入した商品の代金等も含まれる」と法解釈されていまして、その当時のアムウェイ社は8千円の入会金の他に、商品を買わせたり、販促グッズであるビデオを買わせたりする事例が多くて、実体的に連鎖販売取引と見なされる契約も多かった訳です
裁判	法	大阪府吹田市の住宅街で隣人に暴言を吐き続け、暴力行為法違反(脅迫)の罪に問われた被告の女(50)の公判が24日、大阪地裁で開かれ、被告人質問を傍聴した
裁判	法	ここ1年で4回逃亡(国籍法と二重国籍(ネット批判)電波利用料(マスコミ)中国餃子(中国&ネット批判) ◎お決まりのパターン、こっそり法案通そうとし発覚するとブログ内容を消し逃亡、隙あれば売国 ●靖国参拝反対(中国共産党の主張をそのまま述べる)
裁判	法	次に、財務局におきましては大蔵省設置法に定める財務局所掌の一般事務を処理するため必要な経費として財務局の項に十五億一千三百五十万七千円、賠償指定解除施設の警備、保全及び処分等のため必要な経費として特殊施設処理費の項に二億三千七百万七千円、等を計上いたしております
その他	法	食事制限など食事を工夫して夜キノコダイエットについてのダイエットを行う法方も数々ありますが、最近よく耳にする寒天 ダイエットについてのダイエット法にキャベツダイエット レモン 水についてのダイエットがあります
裁判	法	許可なく爆発物を作ったとして爆発物取締罰則違反と火薬類取締法違反の罪に問われた九州朝日放送(KBC、福岡市)の元ディレクター、永井譲被告(45)に、福岡地裁(田口直樹裁判長)は29日、懲役2年、執行猶予4年(求刑懲役5
裁判	法	第150条 支払督促は、債権者が民事訴訟法第392条に規定する期間内に仮執行の宣言の申立てをしないことによりその効力を失うときは、時効の中断の効力を生じない
裁判	法	WEB ページの閲覧者は著作権者の承諾なしにコンテンツを複製したり、他の電子メディアや印刷物などに再利用(転用)することは特定の場合を除き、著作権法に触れる行為となります
裁判	法	「従業員に労働法やその他の法令に抵触し、またはその可能性がある条件での労働を強いたり、関係諸法に抵触する可能性がある営業行為を従業員に強いたりする」
裁判	法	国家権力が狙う教育基本法改悪の真の目的は何か、週刊金曜日のインタビューに応えて衆議院議員・保坂展人さんは次のように発言しています 教育基本法改正案を「(
その他	法	信義則を個別的法命題に類型化する議論と、メタ法価値論とを照らし合わせて考察すると、異論の余地のない原理からの演繹か、経験に基づく帰納かのいずれかによらない推論は、主観的で恣意的と見る見方が強く働いている点を指摘した
裁判	法	出入国管理・難民認定法改正案では、3か月以上の日本滞在を認められた外国人に対し、入国管理局が在留期間や顔写真を記した「在留カード」を発行することとなっている
裁判	法	選挙権付与法については、日本に反感を持つ外国人が集団で地方選挙権を行使した場合、国民保護法に基づく政府と自治体の協力を妨げることもできるなどの問題点が指摘されている
裁判	法	山形県にある市町村が行った、介護保険に関する要介護認定や介護保険料の徴収等の行政処分に不服があるときは、介護保険法及び行政不服審査法等に基づき、山形県介護保険審査会に対して審査請求をすることができます
その他	法	また、原告は、被告はGEと拡張契約を締結した平成元年一二月一一日の時点ではDMC法DPC技術の実施可能性を検討していたにすぎず、右技術の実施を決定していたわけではないと主張するが、前記認定の事実関係に照らせば、右のように認めることはできない
政治	法	以上のように、法が想定しているのは、まさに「裁判官」のように基本的には裁判所に座ってるイメージで、(権限はあっても)「刑事」の機能まで強制されているとは考えにくいからです
裁判	法	安倍晋三政権の末期に断行された国家公務員法改正は官僚主導の政治体制、天下りや渡り、業界の談合体質など官僚にまつわる諸悪を摘出し、政官業の関係を健全化する切り札だった
その他	法	視覚障害者のパソコン利用が急速に増加しつつある状況の中で、インターネットバンキングの活用による残高確認や振込・振替は身近なパソコン活用法の一つとして注目されています
裁判	法	1996年(平成8年)の悪臭防止法の改正により臭気測定法による臭気指数規制が導入され、 測定値(臭気指数)により、悪臭の発生源である事業者に対し、市町村が改善勧告・改善命令を行うことができ、測定値は、罰則適用にも結びつくようになった
裁判	法	「介護保険法が欠陥商品である所以は、サービス量確保のためにサービス機関に居宅を配属したこと」であれば、併設居宅はサービス提供のための居宅であると考えれば良い
裁判	法	司法に一般国民の常識を反映させるという目的で、検察審査会法第4条により、各検察審査会管轄地域の衆議院議員の選挙権を有する国民の中から、くじで無作為に選ばれた11名で構成される
その他	法	富士山とは何か、禿げ頭とは何か、といった議論をする際に、「富士山の定義」「禿げ頭の定義」というものを全く考慮せずに数学的帰納法を当てはめようとした
裁判	法	教育現場を一新し、子どもたちの学力を向上させるため、改正教育基本法を受け、制度と法律の整備、予算の充実、教育関係者の意識改革に取り組んでいます
