# 美術: 西洋画。特に、油絵。⇔日本画。, 映画: 西洋で作られ、わが国に輸入された映画。⇔邦画
美術	洋画	神戸市に寄贈された作品の詳細を紹介する前に、長年にわたる街景描写を通し、人生の哀歓に迫る詩情を奏で続けてきた洋画家・小松益喜の、これまでの歩みについて概述を試みたい
映画	洋画	以前洋画で、ガレージのオーバースライダーが上がり、その中から女優さんが運転する黄色のフェラーリのカブリオが屋根を開閉しながら走り去るシーンがありました
美術	洋画	その後、近現代の日本画・洋画のコレクションは滋賀県立近代美術館に、考古資料は滋賀県立安土城考古博物館に、淡水水族館は滋賀県立琵琶湖博物館に移されて、「近江の歴史と文化」にテーマを絞って郷土の文化を紹介する施設となったんだって
映画	洋画	この時間帯は、「あるある大辞典」「日曜洋画劇場」等、強力な裏番組が揃っておりますが、輝く会の皆様には、19日夜は、是非、サンテレビにチャンネルをお合わせください
美術	洋画	当時の千久馬も独自のフォーヴの表現を模索して、荒々しいタッチと黒を基調とした重量感溢れる色彩を用いる作品によって、デビューから間を置かずに洋画壇の頂点へと登りつめます
映画	洋画	洋画の場合、英語の原題をそのままカタカナタイトルにしてしまう、あまりの芸のなさにあきれてしまうことがたびたびあるが(007の最新作、『ワールド イズ ノット イナフ』なんて配給会社のセンスを疑ってしまう)が、逆に日本語のオリジナルタイトルだと内容がよくわからないというのもある
美術	洋画	久留米出身の洋画家・島野十郎(1890~1975)は、生前ほとんど無名でしたが、近年NHK新日曜美術館で取り上げられるなど、全国的に人気が高まっています
映画	洋画	一応、洋画・現代劇、邦画・現代劇、洋画・名作、邦画・時代劇、洋画・アクションというようなかんじになってはいるようだけど、それを日替わりで見てたわけです
映画	洋画	実際今アニメーションの大作になると割りと普通の俳優さんとか女優さんが声を吹き替えることはめずらいことじゃないけれど、洋画の吹き替えなんかはフィックスの声優さんがいてよく知られているところではチャールトン・ヘストンは納谷吾郎さん(ルパン3世の銭形警部役でおなじみ)とかクリント・イーストウッドは山田康雄さん(故人)とか決まっているのが相場だった
美術	洋画	壁に立ち並ぶ紫檀の飾り棚類は、この部屋に見合うたげの風格を備えているが、向かい側の壁に掛けられた三十号の油絵は、なんと、長年画壇の巨匠として君臨し、昨年亡くなられた、かの著名な世界的洋画家、M氏制作の裸婦である
映画	洋画	本来は洋画吹替え畑の人でアニメイベントには無縁だが、サウスパークの新シーズン放送のさいのイベントで顔出しで登場し、ケニーの声真似で参加者の喝采をあびていた
美術	洋画	今年度は、文化賞に歴史学者の薗田香融さん(74)、文化功労賞に写真家の藤戸輝一さん(87)と水彩画作家の仁科實さん(86)、文化奨励賞に日本画家の岩城久子さん(69)と洋画団体の示現会和歌山支部が選ばれた
映画	洋画	ボクの学生時代の友人は、当時高価だったビデオデッキを購入し、最高級テープに「日曜洋画劇場」を録画してコレクションしていました(しかもCMカットのため付きっ切りで)
美術	洋画	洋画家まつもとひろし公式ホームページ[日本語] 1週間に4、5点の油彩抽象画をWEBで発表、その他油絵作品の展示、油彩画新作&旧作品ギャラリー、
映画	洋画	耳と脳に関するこの事実を知らないと、映画を字幕なしで楽しめるようになりたくて、3ヶ月間洋画を見続けてリスニングを頑張ったつもりなのに実は全く上達しなかったという、全然笑えないような事件が起こってもおかしくありません
美術	洋画	小山内薫の妹で劇作家の八千代を妻に持った洋画家で、代表作に」某婦人像」「初冬晩輝」「読書」があり、昭和12年には、第1回文化勲章を受章しているのは誰
映画	洋画	洋画「JP」にもその凶暴且つ強大な存在感を放っているティラノサウルス・レックスだとか、俊敏で狡猾な中型肉食恐竜のヴェロキラプトルだとか、そういうのがカードとして出て欲しかったのですけど、出て来たのは始めに「草食恐竜」でしたww
美術	洋画	近代日本洋画史に不滅の足跡を残した南薫造画伯の生家とアトリエを改修し、特別展示室を設置して、1985(昭和60)年の春、安浦歴史民俗資料館(南薫造記念館)として開館しました
美術	洋画	2001年10月に神戸で開催した「郷土の洋画家・鈴木清一回顧展」に先立って、同年9月に創刊した『今月の一枚』は、このたび8回目のお正月を迎えました
美術	洋画	正装したヴァイオリンを弾く女性、そして尺八を弾く男性を描いたこの作品は、音楽の世界における「洋楽と邦楽 」 で、二人の間でかしこまって何とも言い様の無い顔をして 座っている女性の姿が今回の展覧会のタイトル「日本画と洋画のはざまに」を現しているよう気がしました
映画	洋画	cc/no/23962 やっぱり洋画より邦画 ねぎ焼 好きなんだけど、たまに食うと「やっぱりソースベタベタのほうがよかったかなー」と大概後悔してる
美術	洋画	日本画、洋画、彫刻、工芸美術、書の5部門570点が一堂に展示される第41回日展東海展が1月27日から愛知県美術館ギャラリー(愛知芸術文化センター8階/名古屋市東区東桜)で開催されます(2月14日まで)
美術	洋画	幕末から明治にかけて、日本の洋画の前史となる洋風画の司馬江漢から、幕末に来日して日本近代洋画の指導的立場となったチャールズ・ワーグマンや彼に学んだ高橋由一、パリに学んだ黒田清輝や藤島武二、イギリス絵画を学んだ青木繁まで日本近代洋画の発展
美術	洋画	近代洋画の巨匠岸田劉生を祖父とし麗子を母とする画家岸田夏子が、劉生の数々の名作「麗子像」をカラー図版50点余と麗子の写真、劉生の日記、手記を併載しながらその魅力と真実に迫る
美術	洋画	日展の日本画、洋画、彫刻、工芸、書の5 部門を舞台に活躍した富山県の関係作家に焦点をあて、これらの作家の貴重な作品を展示することにより、富山県の美術界に残した輝かしい業績を顕彰し広く紹 介します
映画	洋画	そこで目新しいのが、これから公開の洋画2本、ユアン主演(もうFIXですね)の「STAY」とジョディフォスター主演(映画館で予告が始まってます)の「フライト・プラン」
映画	洋画	氷上恭子・増田ゆき・小島幸子の3人でユニットを結成しておりchiffonsとしてCDをリリースしていることや新作のアニメや洋画の吹替えなどを積極的にこなすなど若手の中でも人気のある声優であります
美術	洋画	さて最近わたしがお絵かきに興味を持って次々と「美術館」にお絵かきをアップしているのは、洋画家・岡本太郎の『今日の芸術』『黒い太陽』(講談社版岡本太郎著作集収録)などを読みふけっていたせいでもある
美術	洋画	同展は、詩情豊かな絵の世界を楽しんでもらおうと、地元の書店「カスヤ」(糟谷俊輔社長)が、国内の人気作家の洋画を中心に日本画や版画、合わせて150点を集めて開く
美術	洋画	東洋美術と西洋美術をつねに異なる展示室に仕分けしてきた慣習や制度は、明治以来の日本画・洋画の分離といった教育やカリキュラム、公募団体や表現方法にまで浸透している
映画	洋画	声優学校が乱立し、口パクにあわせること、パターンのしゃべりと、ごあいさつを覚えて、どんどんでてくるわかい人達が増えている中、アニメや洋画の声の仕事とは、俳優がたまたま声だけ露出させている仕事なのだと言うことを、先ず、教えていくことが一番大切だと思います
映画	洋画	収録曲劇場予告篇/インタビュー映像/メイキング映像「オ・ヨンス」で検索★より正確な在庫状況と発送時期商品詳細種別 :DVD発売日 :2010/03/26発売元 :(株)エスピーオージャンル::洋画:
美術	洋画	福岡県立美術館が長年収集してきた美術作品の中から洋画、日本画、工芸、彫刻、写真作家の力作約50点を展示し、また入場無料スペースでは、宇田川宣人氏の作品や、地元作家の作品などもご鑑賞いただけます
美術	洋画	1952(昭和27)年に西宮へ転居した後は、神戸やその近郊を拠点にし、田村孝之介が率いる六甲洋画研究所や神戸・二紀会などを中心に制作活動を行います
美術	洋画	パレットや自画像など特徴あるコレクションのほかに、明治初期の洋画、たとえば高橋由一「鯛図」、山下りん「ヤコブ像」などもあり、また東館で展示される特別企画展も豊富な内容である
美術	洋画	自然が作りだした奇岩絶壁や珍しい地形、自然現象など雄大な景色が楽しめるほか、愛媛の伝統工芸・砥部焼、近代洋画、彫刻などの芸術に触れる体験ができる
美術	洋画	明治7年に生まれ、洋画家として明治・大正・昭和の永きにわたり活躍、富士とばらの画家として有名で、「海辺の早春」「渡頭の夕暮」「思郷「斜陽」「壁画落慶図」等数々の記念すべき作品を遺し、確固たる一家の風格をなしました
美術	洋画	東京上野にある東京藝術大学とその前身である東京美術学校の教員・卒業生の名作100点を通して、近代日本洋画のこれまでの歩みを振り返り、その将来を見つめることのできる展覧会です
映画	洋画	【1〜3日以内の発送(土日祝除く)】在庫:少 ※現在庫のみ 種別:DVD アンドレイ・クズネツォフ イワン・ポポフ 解説:洋画では異例の「文部省選定映画」となった、猫を主役にしたドラマ
映画	洋画	一方洋画でも「ラストサムライ」「ハリーポッターとアズカバンの囚人」などいずれも好調で、映画の参加人口は前年より200万人以上の増加で第8位となった
美術	洋画	岡山県警笠岡署は27日、同県笠岡市の美術館で昨年5月に盗まれた洋画家梅原竜三郎の油絵「バラ」(約2500万円相当)が県内で見つかったことを明らかにした
美術	洋画	高槻市美術展覧会は、高槻現代劇場で、洋画、日本画、工芸、彫塑、書、写真、デザインの7部門に、市内外から出品された400点を超える力作を展示しています
映画	洋画	その劇場版『逮捕しちゃうぞ the MOVIE』は、1999年4月から6月まで全国東映洋画系にてロングラン上映され、全国57館で公開、観客動員数はなんと15万人という大ヒットを記録した
美術	洋画	この度の展覧会では、日本画の竹内栖鳳、上村松園、村上華岳、洋画の浅井忠、安井曽太郎、須田国太郎など、同館の誇る珠玉の作品63点により、現代にいたるまでの京都の絵画の軌跡を紹介します
映画	洋画	過去発行された戦争映画本の多くが洋画中心の編集のため、邦画戦争映画ファンの諸兄には、甚だ物足りなかったのですが、それら諸兄を唸らせたであろう一冊がコレ
映画	洋画	1997年からは読売カルチャーサロン青山で洋画配給ビジネス講座をプロデュースし(現在は東京都写真美術館で開講)、自ら講師も務め、2007年には第20期を迎えるまでとなり、多くの人材を映画業界に送り出してきた
美術	洋画	私の呼んでいう「洋画道の志士」が、幕末維新という政治の時代のさなかにあって、油絵の「迫真」の美を求めて悪戦苦闘し、手さぐりし、工夫し、逡巡し、発見をかさねてゆく、その一進一退、一喜一憂のさまが、この学芸参考館に立てばおのずから身に迫ってくる
映画	洋画	池澤はTVアニメで「ケロロ軍曹」の西澤桃華役や「ふたりはプリキュア」のポルン役、洋画吹き替え、ラジオ、歌手としてもCDを出すなど 多方面で活躍している
美術	洋画	第1次からは洋画家の川島理一郎(かわしま・りいちろう)ら、第2次からは洋画家の林武(はやし・たけし)ら、第3次から梅原龍三郎のほか、洋画家の岡鹿之助(おか・しかのすけ)、彫刻家の佐藤忠良(さとう・ちゅうりょう)さん、日本画家の奥村土牛(おくむら・とぎゅう)らの作品を選んでいる
美術	洋画	そして、黒田清輝がわが国の近代洋画の発展に果たした役割ははかり知れなく、「画壇に、その功罪はともかくとしてアカデミズムを導入し確立することは、黒田に課された、いわば歴史的使命でもあった」と書かれていました
美術	洋画	京都国立近代美術館が企画展「揺らぐ近代 日本画と洋画のはざまに」(2006年)に際して行った電子メール討論会、「揺らぐ近代 揺らいでいるのはなにか
映画	洋画	洋画は、「ゴーストバスターズ」、「グレムリン」、「ランボー 怒りの脱出」、「ネバーエンディング・ストーリー」などですが、どちらかというと洋画のほうが印象に残っていますが、総合では邦画が上回ったようです
美術	洋画	昭和53年に本堂を建て増した時、プロからアマチュアまで約400人が描いた洋画・水墨画・ペン画・ちぎり絵など575枚の絵が天井一面を飾っています
美術	洋画	ルノワールの輝くような描写に中村彜や梅原龍三郎は魅了され、さらにそこから自身の表現を深めることで日本の油絵、いわゆる「洋画」の完成に力を尽くしました
美術	洋画	洋画家の和田義彦氏による盗作疑惑が指摘される中、衆院内に掲げられている綿貫民輔前議長(国民新党代表)の肖像画2点が和田氏の作品であることから困惑が広がっている
美術	洋画	明治初期の洋画の先駆者・高橋由一(『鮭』を描いた人です)の『美人〔花魁〕』もしくは『花魁図』と呼ばれる作品のモデルになった、新吉原稲本楼の四代目左近小稲の事に関しての掲示板の記事をまとめたものです
映画	洋画	洋画の吹き替えをするような実力派が多く担当しているので演技での不満はないですし、日本人なら母国語が耳に入るだけで臨場感や感情移入の度合いが大きくなります
映画	洋画	洋画でいえば、今年に入って「イーオン・フラックス」「ピンクパンサー」などが公開され、今年後半にも「X−MEN:ファイナルディシジョン」(9月)、「名犬ラッシー」(12月公開)などの大作が控える
美術	洋画	シベリア抑留体験をもとにしたシベリヤ・シリーズ「黒い絵」の制作で知られる山口県三隅町の洋画家、香月泰男の半生を、東京ギンガ堂の品川能正が舞台化した作品『KAZUKI〜ここが私の地球』を県内4つのホールのネットワークにより上演する
映画	洋画	当時は、ラジオドラマの声や洋画の吹き替えを俳優が副業で行っていることが多かったのですが、そのうち、声優という職業が独立して成立するようになりました
美術	洋画	その直武の洋画法が導火線となり、秋田藩主佐竹義敦、号曙山(1948〜85)、その他藩内の武士たちの関心を呼び、安永〜天明年間(1772〜1788)にかけて秋田蘭画が展開されました
映画	洋画	「洋画を9割聞き取る」のページとそのリンク(2つ)のページを見ていただければよく分かりますが、洋画で学ぶことが出来るのは表現よりもむしろ音です(イントネーションも含む)
映画	洋画	DISC1:「ゴールデン洋画劇場」放映時の日本語吹き替え版、村瀬継蔵氏によるオーディオコメンタリー、オリジナル劇場予告編、ニュートレーラー、フィルムギャラリー(静止画)
その他	洋画	また関東地区・関西地区では「洋画」、名古屋地区ではパチンコ店を含む「スポーツ・娯楽場」や結婚式場を含む「他の対個人サービス」の出稿量が増えています
美術	洋画	本展は、様々なテーマを設けて官本三郎の蔵書をセレクトし、同時期に制作された絵画作品とあわせて展示することによって、あらゆる視点から昭和を代表する洋画家ひいてはその時代そのものを読み解こうとするものです
美術	洋画	笹山 これまでは日本画の作家を取り上げてきましたが、今回は「裸婦画、または小出楢重」ということで、検討材料としては洋画の方に目を向けてみることにします
映画	洋画	ところが8月にシネフィルイマジカという洋画専門のチャンネルで、カトリーヌ・ドヌーヴの「昼顔」とオードリー・ヘップバーンの「尼僧物語」などを放送するということを知り、結局8月にスカパー再契約
映画	洋画	ここ数年間、邦画・洋画共に余りコレという高評価の出来る映画が自分的には粗皆無で、レンタルDVD店へ行っても新作コーナーからチェックしていき、最終的には旧作のまだ見逃しているDVDをレンタルしてくるという日々が続いていましたが、以前雑誌で購読した事のある、中国の春秋時代末期の呉越戦争のお話です
映画	洋画	『ユナイテッド・シネマ』は、最新の邦画・洋画を取り揃えたラインナップはもちろん、数々の企画上映やイベント、そして新しいコンセプトでフード&ビバレッジを提供するラウンジでの落ち着いたひとときや様々なエンターテイメントとのコンビネーションで、新しい時間消費型レジャーのニーズに確実にお応え致します
映画	洋画	僕としては、洋画は字幕を読まなくてはならないため結構億劫だったが、それでも邦画に比べて凄いと感じたのは、洋画には作品のなかでいつもきれいな音楽が流れていたということだった
美術	洋画	1931年ネン東京トウキョウ巣鴨スガモに熊岡クマオカ洋画ヨウガ研究所ケンキュウジョ(後ノチの熊岡クマオカ絵画カイガ道場ドウジョウ)を開ヒラき、後進コウシンの育成イクセイと制作セイサクに励ハゲむ
美術	洋画	春陽会は80余年の歴史をもち、創立時メンバーには、岸田劉生、梅原龍三郎等日本の洋画界を代表する画家を擁し、以後 小杉放菴、石井鶴三、中川一政等優れた作家を輩出しています
映画	洋画	正月休みの間に洋画・邦画をたくさん見ましたが、一番面白かったのが「リアル鬼ごっこ」、内容はありきたりなものの、涙腺を見事に崩壊させられたのが「犬と私の10の約束」でした
美術	洋画	開会式があり、主催者を代表して広瀬勝貞知事が「多くの県民の方々に楽しんでいただき、いろんなことを学んでいただければありがたい」、中津市で育った中山忠彦日展理事長(洋画)が「美術の風土豊かな大分県で開催できるのは日展としても名誉なこと
美術	洋画	日本画からスタートした異色の洋画家 小坂象堂の「草摘み(摘草)」(1897) は、印象派の影響を受けて明るい画面で、日本画の伝統の影響で細やかな描写を特徴とする明治時代の油彩である
映画	洋画	しかもこれほどの好評にもかかわらず、両名とも声優業は洋画吹き替えや単発アニメを別として、ほぼ『あしたのジョー』関連のみに限られ、俳優としてのキャリアを重ねた
美術	洋画	東近江市芸術文化祭のメイン「第三回東近江市美術展覧会」(市展)が県立八日市文化芸術会館で開かれ、第一期(洋画・書・彫刻彫塑)は三十一日から十一月四日まで、第二期(日本画・写真・美術工芸)が同七日から十一日まで展示される
美術	洋画	戦前の松江洋画研究所、戦後の島根洋画会の指導者として後進の育成に辺り、美術の普及に尽くした木村義男の生涯を、長女である岩田彩子さんのインタビューを交えご紹介します
映画	洋画	東野英治郎から「洋画の吹き替え、アニメのアフレコなど自分の尺で演技出来ない、芝居とは呼べない外道の所業」と声優がバッシングを受けた時、猛烈に反論して論駁し声優仲間たちの立場を守った
映画	洋画	昨夜の金曜ロードショーで放送された「ボーン・アイデンティティ」を観て、「一昔前 面白く感じた洋画って、こういうスピード感にあてられた時だったっけ」と久し振りに思い起こしました
映画	洋画	ところでブリは『サザエさん』よりも『日曜洋画劇場』で故・淀川長治さんが言う「さよなら、さよなら、さよなら」で日曜日が終わってしまうんだな~としみじみしたもんです
映画	洋画	TV」で、映画の予告編についての特集があって、洋画の予告編は日本向けのものを作っていて、日本では見せ場を予告編で見せる傾向があるとか、サスペンス映画でもドラマを強調して女性向けにしてるとか、携帯を切る注意を兼ねたものが出始めたとか、予告編の重要性を強調していた
美術	洋画	本館では、川村清雄、五姓田義松、浅井忠、黒田清輝等々洋画の先駆者から、藤島武二、有島生馬、萬鉄五郎、藤田嗣治、安井會太郎、岸田劉生、前田寛治、佐伯祐三など、明治後半~昭和前半までに活躍した20人ほどの作家の約50点が展示されていました
映画	洋画	されるもの ・おしん(テレビ)伊豆の踊り子(邦画) ・ネバーエンディングストーリー(洋画) ・ニューシネマパラダイス(洋画)スタンドバイミー(洋画) ・お母さんといっしょ(NHK) ※実家の本棚に埋もれていた「S
美術	洋画	三隅町出身の近代日本洋画家、香月泰男の人間愛と平和をテーマにした油彩「雪降りの山陰風景・兎・私の地球」他、素描「えい魚・栗」他、版画「シベリアシリーズ・裸婦シリーズ」他、オモチャ(彫刻)作品を収蔵、展示
美術	洋画	最初に観た時は日本人画家の洋画特有の油っぽさや泥臭い色使いが気になっていたが、観ているうちに慣れてきて、今ではとても良い絵だと思うようになった
美術	洋画	9月15/土曜から11月18/日曜まで、小磯記念美術館で、開館15周年記念特別展「藤島武二と小磯良平展 洋画アカデミズムを担った師弟」が開催されます
美術	洋画	名古屋芸術大は6日、今春の芸術選奨文部科学大臣賞の授賞取り消しが決まった洋画家和田義彦氏(66)が同大に在職中の2002年、受験生1人に電話番号を渡して連絡するよう伝える不公正な行為を行い、大学側の助言に基づいて依願退職していたことを明らかにした
美術	洋画	こちらのコレクションは、近代から現代の西洋美術、あるいは日本人による洋画等が中心ですが、その収集作家の名前は、まさにそうそうたるものがあります
美術	洋画	私たちが文学に触れた時に感じる4つの感覚にちなみ、「想像」、「発見」、「共鳴」、「伝達」と分けられた会場には、それぞれのブースに、詩歌と洋画、写真、書とのコラボレーション作品が展示され、来場者はそれぞれ自分のペースでゆっくりと文学の世界に浸っていました
美術	洋画	そして、「芸術院会員でもあった洋画家 中村研一が後半生を過ごした屋敷跡で 建築家佐藤秀三の設計による山荘風の旧宅」「花侵庵」 と名付けられた茶室があります」とのことです
映画	洋画	遠藤実がたまたま有楽町駅のプラットホームに立っていた時、洋画「今晩おひま 」のカンバンが目に入り、そこからインスピレーションを得て、この詞を書き上げたそ うであるが、「こんな色っぽい売れはしない」と、当時、ハンサムで若い女性にたいへ ん人気のあった神戸一郎の『瀬戸の恋歌』のB面としてしかレコード化してもらえなか った
美術	洋画	あきらめようと思い、胸の火をほかへ向けようとして、手当り次第、さすがのあの洋画家も或ある夜しかめつらをしたくらいひどく、滅茶苦茶めちゃくちゃにいろんな女と遊び狂いました
映画	洋画	それが運び込まれた当初は、まるで居間がテレビに占領されてしまったような威圧感があったが、慣れとは恐ろしいもので、サッカーの試合やら洋画などは、その大きさでなくては見た気がしなくなってしまっている
美術	洋画	お肉が出ると、私、パンを持ってお詫びまわりべき家々を教えてもらって、一時間ちかく暗い郊外の路地をうろついて、あまり苦しくて、よく眠れるんですけどね」 と藤田さんは、さも可笑しそうに片手をお座敷へ行き、泣きじゃくりながら、顔を見るなりかえって向うで涙ぐんでおしまいになり、また、蔵書やノートブックなど一ぱいつまった木の枝に朝日が当って、その洋画家も、きっとそれなのでございましょう
映画	洋画	ただし、最初の3ヶ月間(第1クール)は洋画中心の編成となり、6月下旬に2夜連続企画として放送されたドラマスペシャル「命のバトン 最高の人生の終わり方」の前編まで、オリジナルドラマは一切放送されていなかった
美術	洋画	1922年(大正11年)院展洋画部の小林放菴、森田恒友等と草土社の岸田劉生、中川一政等に梅原龍三郎を加えたメンバーの合同によって誕生した春陽会は、現在、絵画部・版画部の会員・会友を合わせて600名を超える団体となり、この度第82回展を開催することになりました
美術	洋画	主な出品作家は洋画が、あらきひろみち、入江光太郎、入江窈、大場厚、大羽梧郎、川口四郎、島田卓二、杉浦正美、鈴木睦美、仲谷孝夫、平井誠一、細井文次郎
美術	洋画	「ジャポネズリー」と題されたゴッホによる広重の写しなど、当時海外へ紹介されたジャポニズム・ブームの実態や、建築の辿った近代化への流れ、当時洋画を学んだ画家たちの苦悩などが多くの作品とともに詳しく紹介され、北園克衛と共に写真にうつっている橋本平八など意外なところで知らなかった繋がりを確認でき興味深い
美術	洋画	春の陽気が心地よい今日この頃神戸ファッション美術館の横神戸ゆかりの美術館では、4月5日から「没後10年水辺の風景に魅せられた洋画家川端謹次展」が始まります
美術	洋画	そこで今回は再び高レベルの西洋絵画コレクションを楽しむと共に、この館が所蔵する日本近代洋画も鑑賞しようと企画展の狭間のこの機会を狙った次第である
美術	洋画	小山敬三美術賞は洋画家小山敬三氏が日本の美術界、とくに洋画界の発展を祈念して1985年に設立された、作家の長年の画歴を顕彰して贈られるものです
映画	洋画	洋画のようなスケール感の中に、素朴さや懐かしさまで感じ取れる映像で、しかも奥深いメッセージが組み込まれていて、観ている内に声を連発している自分を発見・・・
美術	洋画	このコレクションは、取得の経緯はさまざまで、特に体系化したり、テーマをもって蒐集したわけではないものの、現在数える約500点を俯瞰してみると、近代日本洋画の流れを概観できることに気づく
映画	洋画	封切り前の洋画大作を徹夜で並ぶ観客をドキュメントするはずが、誰一人としてそういう客は現れず、仕方なくスタッフだけで朝を待つ姿を撮ったという、一種趣の違う作品
映画	洋画	邦画だったら、公開までに間があったら、かつて言ったよーにプロモータさんに注進して修正を施してもらうよう働きかけるとこだが、これは洋画だしだいたい公開は3日後だ、ぜっったいに修正は間にわわないと思うぞ、劇場で観ゆ人はオタノシミニ、発見してね♪
美術	洋画	例えば版画家の池田満寿夫、野中ゆり、映像関係でも活躍する田名網敬一、現代美術の雄、中西夏之、高松次郎、関根伸夫、リンドナーの影響の濃い平賀敬、あるいは回顧展で話題になった日本画の速水御舟、金山平三、洋画家の佐伯祐三など、一度は作ったのですが、あまりにもページが散漫になって、美術を描ききれないために切ってしまいました
映画	洋画	テラスで川のせせらぎを聞きながら夕食をとったあと川沿いをホテルまでもどる夜の舗道は、知らない洋画のワンシーンのようでもあり、それでいてまたなぜか温泉につかったあとにホカホカする体を浴衣で包んでそぞろ歩いているような満たされた気分にもなったのでした
映画	洋画	慣れない介護と育児でヘロヘロだった2002年の夏の終り、私は「子ども向けの洋画DVD」をかけ流しておくと、癇の強い娘が静かになること、そして自分の気も少しは晴れることに気が付いた
美術	洋画	まなび創造館(ラピオ5F)で、日本画、洋画、彫塑工芸、書道、写真の各部門の作品展示と表彰式(11/4 14:30〜)が行われます(ラピオ駐車場は改装工事のため出入り口が一部制限されています)
映画	洋画	洋画も邦画も一緒くたで見られる二番館、三番館が映画体験の拠点であり、東映やくざ映画、日活ロマンポルノ、あるいはペキンパー映画と同様に一種のエロ映画としてATG作品も見るといった状況がそこにはありました
美術	洋画	鎌倉館では、高橋由一、黒田清輝ら明治期の作品、岸田劉生、萬鉄五郎をはじめとした大正期の作品から佐伯祐三、三岸好太郎らの昭和前期の作品へと連なる洋画の展開を紹介します
映画	洋画	思春期の頃から見続けた洋画の影響か、ワタクシはロクにパーティなど出たこともございませんのに、カクテル片手にシャレたジョークを飛ばしましたり、初対面の方に気の利いたセリフで話しかける、といったパーティー・シチュエーションが柄にもなく実はけっこう好きなのでございます
映画	洋画	追記)掲 示板にご投稿くださった林さ んによると、かつて『日曜洋画劇場』で使われた《ソー・イン・ラブ》はネルソン・リドルのものだという情報が広く流布していたとのことです(2月2日(日)06時53分26秒のご投稿、「クラシック招き猫」の情報など)
映画	洋画	今から思うと、新東宝『花嫁吸血魔』他が和室に飾られていた程度で、洋画の半裁が掲げられたことは無かったから、国内の宣材への興味はさして無かったのかもしれない
美術	洋画	本県出身の女性洋画家の草分けのひとりであり、佐伯米子、深沢紅子らと新美術家団体連盟、三岸節子らと七彩会など女流洋画家団体の結成に多参加しました
映画	洋画	氷上恭子・増田ゆき・小島幸子の3人でユニットを結成しておりchiffonsとしてCDをリリースしていることや新作のアニメや洋画の吹替えなどを積極的にこなすなど若手の中でも人気のある声優である
映画	洋画	洋画吹き替えマニアの人なら分かるんじゃないだろうか)は、最初はちょっと優しすぎる声質だと感じたのだが、チェスの勝負が伯仲していくようなドラマ展開を考えると、第一印象は柔らかい印象を与えたほうが良い
映画	洋画	洋画・邦画・成人含む150番組が見放題フロント・ジョーの今月おススメムービーは【イエスマン】ジムキャリー主演のポジティブムービー♪明日への活力を
美術	洋画	そうした心持も踏まえながら、近現代洋画、特に色彩画家とされる巨匠達の技法や造形理論等を、対象を観察しながら描く課題の中で、できるだけ分かり易くお伝えすることを目的としています
美術	洋画	この美術館は、中川紀元や松田秀石などの辰野町生まれの芸術家を中心に展示されています絵画は日本画から洋画そして彫刻に現代美術と幅広く辰野町から広がり、長野県出身の作品までをそろえていました入館料は300円/大人
美術	洋画	美術品類の買取骨董品買取、絵画買取、美術品工芸品買取、掛軸茶道具買取、日本画洋画買取、象牙買取、 西洋アンティーク人形買取、陶磁器、漆器、ガラス工芸品、全国出張、見積無料、骨董品鑑定士みんなでつくる地域ガイド
美術	洋画	群馬県立近代美術館にてメディア:絵画・彫刻・立体・工芸品戦時下の1941(昭和16)年、日本画の礒部草丘、洋画の横堀角次郎、工芸の森村酉三らが中心となり、会長に小室翠雲を据えて「群馬美術協会」が結成されました
映画	洋画	代表作として「ケロロ軍曹」のギロロ伍長、「HELLSING」のアーカード、「巌窟王」のモンテ・クリスト伯爵、ゲーム「戦国無双」シリーズの上杉謙信&徳川家康、「テイルズ オブ ジ アビス」のヴァン・グランツのほか、洋画や海外ドラマの吹き替え、TV番組やCMのナレーションなど幅広い分野で活躍中
美術	洋画	洋画家よりも童画家の道を選んだこと、白秋が命名した「蛍の塔」というアトリエでの日本民芸品の収集、池袋の家での旺盛な創作活動と貧乏ながら楽しい家族、ジャズマニア(すてきな自転車愛好会の名前
映画	洋画	現状では日本興行収入262億円を記録した『タイタニック』とほぼ同じペースで進んでおり、100億円突破はもちろん、洋画として不滅の大記録と言われた『タイタニック』超えが現実のものとなってきております
美術	洋画	次に、日本画、洋画、版画、彫刻、映像など専攻区分の特性と、歴史的な成立事情を踏まえたそれらの相互関係、その区分から食み出す表現方法の位置づけがはっきりしないために起こる、学生の適性と専攻区分との不一致
美術	洋画	第39回日展ふくやま展(中国新聞社など主催)を開催中の福山市西町のふくやま美術館で14日、広島市東区在住の日展会員佐々木寅夫氏による洋画解説があり、多くの美術ファンでにぎわった
映画	洋画	(洋画限定)つまり「プレデター」「ET」「ターミネーター」「インディペンデンスディ」系の作品は除外してください(別にそういう系の作品が嫌いなわけじゃなくて今の
映画	洋画	その後、歌手、声優(洋画の吹き替え)、テレビドラマ『プレイガール』、テレビ番組のレポーター等を経て、北海道の札幌テレビ放送 STVラジオ番組『日高晤郎の奥様広場』『日高晤郎の朝からなんですが』等を担当
美術	洋画	しかし、帝展は官設展であることから保守的な傾向が強く、また年功序列的風潮で生気を失いつつあり、また二科会は官設展に対抗して新傾向の個性的な作品等に寛大で洋画界をリードしていましたが、西欧の風潮を盲目的に礼賛す傾向見られました
映画	洋画	物語の舞台は日本だが、赤井達のアジトが欧米のスラム街にしか見えない場所にあるなど、洋画を意識した無国籍風の作風とその映像クオリティの高さから、日本国内は元よりハリウッドで多大な支持を得た
映画	洋画	その他にも、洋画のみ、邦画のみ、アニメのみ、ケース外装、年式2000年以降のみなどのキメ細かな組み合わせも作成致しますのでお気軽にご相談くださいませ
映画	洋画	・笑い飯は2人とも映画がけっこう好きで、マニアックなこともいわれたりするんですが、ちゃんとそこいらのサジ加減は考えてあり、テレビでやるような洋画ネタを中心に展開されていて、なおかつおかしいのがすばらしいです
映画	洋画	久しく映画は見ていなかったのですが、最近よく「レッドクリフ」のCMを見るので、どんな洋画かと思っていましたが三国志だというので、「レッドクリフ=赤壁」か、ということでやっと繋がりました
美術	洋画	今回は、日本画家、洋画家、グラフィックデザイナーの異なるジャンルの作家たちが「会える」をテーマにアート作品を出展し、「会える」ことへの期待感をストレートに表現しました
美術	洋画	加茂市は29日、加茂市市民体育館で11月3日から開かれる第39回加茂市美術展(市展)の審査を行い、日本画、洋画、彫刻、工芸、書道、写真の6部門の入賞作品を決めた
美術	洋画	1907年、政府によるはじめての公募展、文部省第一回美術展覧会(文展)がおこなわれ、日本画・洋画・彫刻の各部門、新旧の作家らが一堂に展覧された
美術	洋画	その後開催されている企画展「夢見る女たち」展(2009年11月13日~2010年1月31日)では洋画、日本画、それも幅広い年代の作家が描いた女性たちの姿に企画展に用意された3室というさして広くないスペースが大美術館の中で鑑賞しているような錯覚すら感じます
映画	洋画	これまでも桃井かおり監督の「ジャンゴ」綾瀬はるか主演の「ICI」東山紀之主演の「山桜」洋画の「シルク」山田洋二監督の「たそがれ清兵衛」「蝉しぐれ」「隠し剣」などたくさんの作品が作られています
美術	洋画	帰国後は滞仏時代の友人である村井正誠、矢橋六郎らと新時代洋画展、自由美術家協会展、モダンアート協会展を次々と結成し、そこを拠点に日本におけるモダンアート運動の中心的な存在として作品を発表し続けた
美術	洋画	双美展(洋画と書)の創立会員の一人、当時は市川光苑、橋本梅屋、久保田蘭堂、芹沢総草韻、松本志峰各先生と洋画部7人での双美展や懇親会などが無性に想いだされてきます
映画	洋画	これは明治23年にドイツに留学していた日本の洋画家原田直次郎画伯がヨーロッパの宗教画や日本の観音図の図像等を参考に制作したもので、その主題や生々しい描写をめぐって発表当時大きな議論を巻き起こしたそう
映画	洋画	■冒頭でBGMとして使用される「THE ASTRO ENEMY」や、ミューラアの部隊のククト語による会話に伴って画面に出る字幕(バイファム本篇中で字幕が表示されるのはこの回のみ)は、このククト星篇の中でも洋画的な独特の雰囲気を醸し出しています
美術	洋画	一家がずっと美術の第一線で活躍しているというと、日本画、洋画などの同じ道を代々極めていきそうですが、この一家が面白いのはみんながまったく自由にバラバラの分野に進んでいたこと
映画	洋画	映画文化の未来を考え、世界に発見されることを待っている映画を発掘するこの「東京フィルメックス」をどうぞ洋画★シネフィル・イマジカでもお楽しみください
映画	洋画	21時からフジテレビのゴールデン洋画劇場・特別企画「三億円事件~20世紀最後の謎・犯人はアメリカにいた・札束の隠し場所とは・・・焼けたはずの五百円札が語る32年前の完全犯罪の真相・夢を信じた犯人を襲う涙の結末」を見た
映画	洋画	もともと洋画系のシネコンとしてオープンしたせいか、開業当初は東宝配給の邦画がほとんど上映されていなかったが、2006年以降は主に洋画系で上映される邦画を多く上映している
美術	洋画	今年第85回を迎える道展は、日本画、洋画、水彩、版画、彫刻、工芸の6部門を擁し、会員・会友330余名と一般入選者を含めた500余点の作品からなり、道民から「道展」として親しまれ、新人の登竜門として、また、美術愛好家の鑑賞の場として美術の秋を彩っています
美術	洋画	《洋画部門で県展審査会などに尽力された方々を挙げると、熱海に住まわれたこともある高畠達四郎、JOPK(NHK)静岡放送局長だった山中散生が評論家として加わり、また本県出身異色の画家北川民次も忘れることはできない
美術	洋画	倉敷市出身の洋画家で、「カムイ伝」などで知られる著名漫画家、白土三平氏の父親であり、多喜二のデスマスク(現在、北海道・市立小樽文学館蔵)を描いた人物だ
映画	洋画	「サイレントヒル」はビデオを担当していただいているポニー・キャニオンさんにも喜んでいただけるくらいの興行成績をあげ、落ち込みの激しい洋画界の中で頑張って戦ってしのいだな、宣伝部頑張ったなという感じを持っています
映画	洋画	声優(せいゆう)またはヴォイスアクターとは、アニメ、ラジオドラマ、ドラマCD、テレビゲーム、テレビ、映画、洋画の吹き替えなどに、主に声だけで出演する俳優のこと+
美術	洋画	日本の洋画家で戦争に比較的動員されなかった人たちは洋画界の大御所である梅原龍三郎や安井曾太郎および軍部にとってまだ利用価値のなかった若い画家たちばかりである
美術	洋画	『氏はフォービズムの洗礼を受けてゐると見なければならない——』と、フォービズムなどといふ言葉は、洋画壇では通用はするものの、日本画の傾向に対しては、どのやうな角度からも適用できない言葉なのである
美術	洋画	100ねんもまえにパリにいきひとりで修行(しゅぎょう)して、日本(にほん)で洋画(ようが)「油絵」(あぶらえ)をひろめた超有名人(ちょうゆうめいじん)なんだ
映画	洋画	ある洋画を観ていたら、恋人たちがベッドインする前に彼女が彼氏の前で踊り出して、身に着けていたアクセサリー類を取り、1枚ずつ服を脱ぎ捨てて行くシークエンスがあった
美術	洋画	高野山高校を卒業後、多摩美術大学(洋画専攻)に進学したときも、大学を中退して京都府立陶磁器研究所に入るときも、「いずれ高野山に帰ってくる」という約束だけで、許してくれました
映画	洋画	だがホスト部との決定的な違いはヒロインがスプラッターな洋画が好きだったり、人体模型に人の名前付けてたり、グロが好きだったり、貞子に似てたりと、
美術	洋画	京都市立絵画専門学校で日本画を学んだ後、戦後、洋画へ転向し、郷里の田原中学校・成章高等学校で教員をつとめながら、昭和26年(1951)に行動美術展に初入選します
美術	洋画	さらに金沢美術工芸専門学校(現・金沢美術工芸大学)や多摩美術大学で教鞭を執ったり、日本美術家連盟の理事長を務めるなど、日本の洋画界の復興に尽力しました
映画	洋画	僕が中学生の頃の1980年代に、ヒッチコックの映画が劇場でリバイバル公開されてて、(このへんでは、いまは亡き浜松中央劇場で)その後、TVの洋画番組でも放送されて、当時、観て、一番おもしろかったのが、この裏窓です
美術	洋画	深川市ゆかりの書家、小川東洲さんと洋画家である故松島正幸さんの作品を常設展示するアートホール東洲館が5月19日、深川市経済センター2階にオープンいたしました
美術	洋画	「松三郎は文久元年ロシア人の画報通信社員レーマンの助手になることをニコライにすすめられ、このとき日本画にない写実的表現法を洋画のなかに見い出した
映画	洋画	そして再び洋画専門舘としてスタートした同館だったが、 その後のアチャラ・ブームで、 三宮界隈を始めとして市内各所に洋画舘が乱立したことから、 伝統の幕を閉じて、 3年前の2月1日から日活映画館に転向した
映画	洋画	かつて映画評論家の淀川長治は、日曜洋画劇場でのコメントにて駄作映画の批評をするとき、そこに出ている役者の過去の秀作や生い立ちを紹介し評価し、映画自体の批評を避けていた
美術	洋画	コパカバーナは日本画、洋画を世界的な創造者たちをお迎えして心の写真家では受賞者発表行事に受賞作が22日夕、常陸宮、同妃両殿下を死を、弟子の染織作品がホテルオークラ東京でようしんと静まり返って前に、神話をやってお迎えし、第21回「高松宮殿下記念世界文化賞」の顕彰する「高松宮殿下記念世界文化賞」(主催・財団法人日本美術協会=総裁・常陸宮殿下)の意味するとはがきが英文学者、野上豊一郎と妻で平成初期
映画	洋画	私とQはもうずいぶん前からテレビの洋画番組に「太陽は一人ぼっち」と「冒険者たち」をもう一度やってくれるようにリクエストしているのだが、一向に聞き入れられない
映画	洋画	日曜洋画劇場 淀川死後から、現代まで淀川の死後と平行して、映画の放送媒体の普及、また、放送時間の節約などにより、粗の目立つカットやスタッフクレジットの短縮、放送作品のマンネリ化などの弊害が顕著となっている
美術	洋画	●ユニオン・フォーラム「どうしよう、私たちの二国」●シンポジゥム「日本のオルガンはこれでよいのか」●JASコンファレンス'92●ウィーン楽友協会所蔵「至宝品展」●種子島宇宙センター見学●ゲーリー氏に世界文化賞●藤岡市(仮称)みかぼみらい館と(仮称)京都市コンサートホール新築工事起工式●愛知芸術文化センターのフォーヴィズムと日本近代洋画展
映画	洋画	もともと洋画党で日本映画はアニメ(宮崎駿や押井守など)以外は見ない人でしたが、若い女性の乗った乳母車を押す宣伝が気になっていて、借りてきました
美術	洋画	しかし西欧化に対する反動は早く、既に明治15年の内国絵画共進会では洋画の出品が拒否されるなど国粋主義が台頭し、同18年には、フェノロサや岡倉天心らの主張によって、毛筆を使った日本画の学習などが始まり、明治末まで続きました
美術	洋画	切り取った川西の作品と、それぞれの作品に竹中郁(詩人)、小磯良平(洋画家)、朝比奈隆(指揮者)らさまざまな分野の神戸にゆかりのある著名人100人が随想を寄せている
美術	洋画	長女を描いた「麗子像」で知られる洋画家、岸田劉生(きしだ・りゅうせい)の油彩画「静物(砂糖壺・リーチの茶碗と湯呑・林檎)」が、21日に東京・丸の内で行われるオークションに出品される
映画	洋画	映画と共に生き、映画に深い愛情を注ぎ続けた淀川長治は、ライフワークでもあった『日曜洋画劇場』の解説を通して映画の素晴らしさをお茶の間に伝え、映画ファンの底辺拡大に努めた
美術	洋画	まあ、ちいさいごろ、祖父とどうきょしてたもので、某そふが、洋画いえのゆうめいな師匠だったのでまいにちまいにち、おせいぼとかお中元とか、たくさんもらってたような記憶がございます
美術	洋画	そして新人洋画家の登竜門とされていた安井賞展において、1978年には《花降る日》で特別賞(選考委員会賞)を、1981年には《室内楽》で安井賞を受賞し、一躍画壇の寵児となります
映画	洋画	洋画邦画を問わず、裁判を扱った映画はいろいろありますが、無罪判決ばかりしていると、それは国家権力に刃向かったことになり、裁判官も出世できなくなるという切り口はこの映画が初めてでした
美術	洋画	江戸時代の武雄鍋島家の絵師、広渡心海の「西王母・東方朔図屏風(びょうぶ)」や佐賀市出身の近代洋画の巨匠、岡田三郎助の「薊(あざみ)」のほか、佐賀市の書家、土肥春嶽「月好好独坐」や肥前刀などが公開されている
映画	洋画	シネコンになってからもアイマックス作品を上映していたが、制作本数の減少からか、次第に洋画の大作・話題作中心のロードショー館にシフトし現在に至っている
美術	洋画	倉敷紡績社長・大原孫三郎が洋画家で美術品収集家でもあった児島虎次郎に委嘱して収集したエル・グレコやルノワール、セザンヌ、ゴーギャン、モネなどの作品を所蔵する
美術	洋画	日本全国に残された明治の西洋館を描き尽くし、20種の記念切手の原画も手がけた、新庄市出身の洋画家、近岡善次郎氏の、「肘折温泉」をテーマにした、肘折シリーズ及び雪の街シリーズを展示しています
美術	洋画	NHKさんでの洋画展の連続開催、以前写真などでもあったように感じますが、いろんなジャンルが週代わりで展示されるほうが観にいく側にとっても面白いし、特定のジャンルが見たいちょっとはなれたところの人にも負担にならないのではないかと思いますね
映画	洋画	洋画では、過去を変えれば矛盾が生じる「タイムパラッドクス」は常識的である為、タイムトラベルを扱う作品では、殆どの作品にパラドックスの要素が入れられています
美術	洋画	日本の伝統と風土にねざした独自のスタイルを探求し続け、油彩画を数多く制作した安井は、同じく京都出身の梅原龍三郎とともに「日本的」な洋画を確立した画家のひとりといわれます
映画	洋画	邦画洋画は問いませんが、弁護士資格のある登場人物に限らせていただきます(「十二人の怒れる男」のヘンリーフォンダのように優秀でもただの陪審員は対象外)
美術	洋画	西宮市の詩人、西宮詩夫のサイト 詩、日記、随想など 漫画家・洋画家の池田永治(永一治、牛歩、田牛)を載せ、ダンス・プロデューサーのイケダタク(TAC)にリンク
美術	洋画	矢掛町出身の田中塊堂(書家)、佐藤一章(洋画家)の作品及び郷土資料の展示をするとともに文化芸術活動の拠点として、町民の幅広い文化活動の発展に寄与することを目的として設置されました
美術	洋画	長年にわたり支部の事務局長として尽力を頂いた橋本漠(ルビ:ひろし)氏(8回)が6月10日に、また皆さんよくご存知の日展会員(洋画)の関田庄司氏(8回)が9月18日に急逝されました
美術	洋画	ともあれ、開館第一回展として同日より開催された「聖徳太子奉賛美術展覧会」は、日本画・洋画・彫刻・工芸併せて九百二十九点を全館に陳列する一大総合美術展となり、華々しい幕開けとともに美術館の歴史がスタートした
美術	洋画	戦後は色彩豊かな生命感溢れる女性を描いた代表作を手掛ける一方、金沢市立美術工芸大学、多摩美術大学などで後進の指導にあたる他、昭和22年(1947)には、戦後洋画檀の有力な一翼となった二紀会を、栗原信、田村孝之介らと共に創立に尽力するなど、戦後の洋画檀に大きく貢献し、昭和41年(1966)には芸術院会員に推挙されました
美術	洋画	殊に、美人というものの標準から見れば、日本美人は到底、西洋美人の敵でないという議論は、よく洋画家なぞが口にするところで、自分も固くそう信じているのであるが、不思議にも今まで、あまり共鳴者がないばかりでなく、西洋かぶれの候《そうろう》のと烈しい反対を喰った事さえある
美術	洋画	本展では当館所蔵作品を通して松園の画業を振り返るとともに、清方や伊東深水が描いた美人画、そして近現代日本画・洋画の個性豊かな美人たち、また喜多川歌麿や鈴木春信などの浮世絵もあわせて、およそ50点をご
映画	洋画	映画のタイトルが思い出せない 洋画なんですが、 ボートを湖上で動かすわけですが、湖水が強いアルカリ性のためにスクリューがだめになってしまい、 このままではボートに乗っている人が死んでしまう、というときに、 ボートに乗
美術	洋画	「武」のイメージが強い薩摩ですが、日本の洋画界を育てた黒田清輝や、西郷隆盛銅像を制作した安藤照などを始めとして、美術・文学面でも多くの巨匠を輩出しています
映画	洋画	「星のかがやきよ」は日本テレビ系アニメ「名探偵コナン」オープニングテーマに、「夏を待つセイル(帆)のように」は全国東宝洋画系公開「名探偵コナン 水平線の陰帧怪黝」歌に決定
映画	洋画	さらには、浴槽での若い男たちの半裸体の多用などは、青い浴槽と若い男の裸の色のコントラストが、洋画のゲイ映画によく出てくる「プールを全裸で泳ぐ男のイメージ映像」を連想させます
映画	洋画	崔「さっきご指摘があったように、邦高洋低という時代に入ってきて、これも複合的な意味において洋画というか外国映画がダメになっている一方、情報世代である若年層が、メディアリテレシーという観点で非常に弱くなってきていて、自分で選択する力を持とうとしない
映画	洋画	はみ出し刑事がガサ入れ中、興奮のあまり同僚刑事に怪我を負わせてしまい、上司に「頭を冷やせ」と強引に休暇を取らされるが、休暇先で現地の犯罪組織の暗闘に巻き込まれて適当に暴れてハッピーエンド——という、実に木曜洋画チックというか、単に兄貴の主演作をダビングした様な話
映画	洋画	ファミリー洋画いつもと変わらない平凡な一日を過ごすかに見えた6人の高校生たちだが、ひとりひとりが人に打ち明けられない悩みや問題を抱えて、押しつぶされそうになっていた
美術	洋画	また小諸には島崎藤村や高濱虚子、若山牧水といった文人ともゆかりが深く、洋画家の小山敬三、日本画家の白鳥映雪らを輩出するなど文化的な面影が色濃く残っている
映画	洋画	邦画は当然のこと、洋画でも国内映画会社が権利持ってたりするタイトル結構ありますから、そういった会社からも廉価盤出るんじゃないかと期待出来ますからね
美術	洋画	日本画コースと洋画コースで、約1週間後に開催予定の「宝塚造形芸術大学展(美術学科 春の造形展・卒業制作展)」のための作品の合評会、判定会が行われました
美術	洋画	現代画壇に通じていない私は、早速お二人について俄か勉強を始めたところですが、田中氏は洋画界にあって疾うに高い評価を確立しておられる重鎮で、会場の作品、そしてインターネットで拝見できる作品の、その温かく、沈静で、そしてリリカルな色調には心が癒され、和ませられ、私には、まさに「色彩の詩人」というのがびったりの印象でした
映画	洋画	ただ、日本では、「トップガン」「アンタッチャブル」「プラトーン」「ハスラー2」などの大ヒット洋画が続々公開された1987年、興行成績で8位と検討した
美術	洋画	洋画絵画同時にファクトリーと呼ばれたアトリエを構え音楽やファッション関係者と交流を持ち雑誌、テレビ、モデル活動などあらゆるメディアで活動を行なう
映画	洋画	あと毎月English Journalでシャドーイングしたり、英字新聞で興味のあるとこだけ見たり、洋楽聞いたり洋画を見たり外国人と話すチャンスがあったらしゃべるようにした
美術	洋画	戦後間もなくフランスに渡り、パリを拠点に活躍した洋画家の故西村計雄さん(北海道出身)の足跡を伝えるため、西村さんが30年余り過ごしアトリエとしても使ったパリ中心部のアパート入り口に記念プレートが設置され、4日除幕式が行われた
美術	洋画	印象派を中心とした西洋絵画から、日本の洋画や日本画、東洋陶磁、化粧道具まで約9500点もの収蔵品が、それぞれジャンルごとに5つの展示室で紹介されています
美術	洋画	今春の芸術選奨で文部科学大臣賞を受賞した洋画家の和田義彦氏(66)が、主な受賞理由となった昨年の回顧展「ドラマとポエジーの画家 和田義彦展」で、知人のイタリア人画家、アルベルト・スギ氏の作品に酷
美術	洋画	『裸体美人』で知られる萬鉄五郎、『麗子像』を描き続けた岸田劉生、画像と詩魂を結合させた村山槐多、幻視の画家関根正二ら、日本の洋画史に不滅の足跡を刻んで逝った十二人の青春の光芒を描く
映画	洋画	きらいなわけではないのですが第一印象でどれも似たような印象を受けてしまったり会話の間とか、笑いの感覚がよくわからないイメージがあってレンタル屋の洋画コーナーを眺めてはみるもののあきらめて邦画コーナーに戻ってしまいます
美術	洋画	近代日本画・洋画の有名作家を中心に幅広く取り扱っております一心堂画廊は現在より多くのお客様に展覧していただくため、新進作家をはじめとする優秀な作品を日々発掘し、お届けしております
映画	洋画	ダーティーハリーシリーズ(3まで)は“テレビの洋画劇場”で見たのですが、「ダーティーハリー4」は映画館で観ることができ、とても感動したのをいまでも覚えています
映画	洋画	すなわち、洋画「エクソシスト(1973)」「キャリー(1976)」「オーメン(1976)」「サスペリア(1977)」と連なる大ヒットが、一部の邦画人たちに「いっちょ日本でもヒットするオカルト映画を作らにゃあかん」という勘違いをさせていたのであります
美術	洋画	彼の作品は、日本画でもなく、洋画でもなく、挿絵というジャンルを確立したということで大きな意味を持ちますが、それより何より最も重要なことは、「彼は日本の美術史上最も早くに大衆に支持された画家であり、デザイナーであり、詩人であった」ということです
映画	洋画	これに限ったことじゃないんだけど、洋画(とくにあんまりメジャーじゃない作品)を日本でリリースするとパッケージデザインがとてつもなくカスになるのはなんで
映画	洋画	洋画についているコメンタリーは映画に合わせてスタッフが苦労や工夫した話を語ってくれるので映画を観ているだけではわからないポイントも解説してくれるのが嬉しい(邦画はぜんぜん観ないのでわからない)
美術	洋画	茨城県のホームページ 自然の厳しさを感じさせる日本の風景を描き続ける洋画家、栗山淳さん(河内町)の作品展が水戸市三の丸一丁目の芸文ギャラリーで開かれている
美術	洋画	千葉県ゆかりの近代日本洋画の先駆者である浅井忠を中心に、浅井の師フォンタネージや、フォンタネージの作風に大きな影響を与えたバルビゾン派の作品を紹介します
映画	洋画	始まり方が違うし、色々はしょってるので少なくともIでは無いなぁとは思ったが、逆に不安になるほどダブっていた気がする(日曜洋画劇場が余計なお世話したのかは知らない)
映画	洋画	国際放送は全く見るものが有りませんので、勢いHBS(24時間映画放映のチャンネルで洋画の新作も流れていますが、字幕は全て中国語です)を見てしまいます
映画	洋画	映画デビューがゴールではなく、邦画、洋画、テレビ、舞台とさまざまなエンターテインメント分野に進出している松竹グループが総力を挙げて、その後も完全バックアップ、スターへと育て上げていく
美術	洋画	『殺人行者』『悪魔の舌』『魔猿伝』などの短編小説も執筆し、これらの作品は本格的ホラー小説の先駆けとしての評価も高いという日本の洋画家で、いとこの山本鼎の紹介で小杉方庵の家に寄宿し、19歳で日本美術院展院賞を受賞するなど将来を嘱望されたが、1919年に肺結核のため22歳の若さで夭折したのは誰
美術	洋画	明治初期洋画の興味深い状況を端的に示す本多錦吉郎「羽衣天女」や神中糸子の作品をはじめ、初期文展の代表作である岡田三郎助「萩」、同時代の若い画家に大きな影響力を持った岸田劉生や安井曽太郎、前田寛治などの作品を所蔵しています
映画	洋画	ミリオンダラー・ベイビーのヒラリー・スワンク役をはじめ数々の洋画でも吹き替えを担当しており、その他、ラジオパーソナリティー、本業の舞台俳優としても活躍している
映画	洋画	あのね、わたし、白状するとあの3つの作品が終わってから、なんと言うか、洋画に対する「期待」とか「焦がれる気持ち」みたいなものがかなり欠け落ちてしまったんじゃないか、と心の中がとてもさびしい時間を過ごしていました
映画	洋画	また、SY系(松竹洋画系)とは東京の丸の内ピカデリー1、ルーブルを中心として、松竹、東急レクリエーション、東映などの直営館を擁する洋画チェーンです
美術	洋画	今後、日本文化の海外への発信がどのような方向に向かってゆくのかを見極めるためにも、明治中期の『日本画』『洋画』の枠組みでは捉えきれない、いわば『第三の道』の歩みを検証し、近代日本美術史の見直しを図ろうと考えている
美術	洋画	100年にわたり開催されてきた文展、帝展、新文展、そして日展の出品作の中から、物故作家に限定し、日本画、洋画、彫刻、工芸、書の各部門の優品を選りすぐりました
映画	洋画	テレビ東京「木曜洋画劇場」で映画解説者として確立したころ、フルート奏者(現東京フィルハーモニー交響楽団)の坂はし矢波氏の誘いで映画音楽を歌うシネマオーケストラを始め、 数々のクラシック奏者と共演
映画	洋画	洋画専門CSチャンネル、ザ・シネマにて、ファンタジー映画ハリー・ポッターシリーズの第3弾『ハリー・ポッターとアズカバンの囚人』が17日21時ほか、7月・8月に放送される
映画	洋画	10年前に忍び込んだお化け屋敷で、友人を置き去りにしてしまった過去を共有する4人の若者が体験する恐怖の一夜を描く、洋画の「ラストサマー」に代表されるような“因果応報といえば因果応報だが今更復讐しにくるなよ”系のホラー
映画	洋画	洋画では、同社が「ミリオンダラー・ベイビー」(脚本)「クラッシュ」(監督・脚本)に続いて配給するポール・ハギス監督の新作「エラの谷(仮題)」が待機している他、クライヴ・オーウェン主演「シューテム・アップ(原題)」、ペネロペ・クルス主演「エレジー(仮題)」など注目作が控える
映画	洋画	第38話でも書きましたが、若かりし頃は洋画の登場者のユーモアあふれるセリフ(当然字幕か吹き替え)が大好きで、自分も大人になったらあんなセリフを吐けるようになりたいものだと思っていたものです
美術	洋画	その他のイベントといたしまして、まず「土浦桜くらべ展覧会」でございますが、3月20日 金曜日から4月19日 日曜日まで、まちかど蔵「大徳」を会場に、桜をテーマとした日本画・洋画・陶器などの有名作家等の作品約40点を展示いたします
映画	洋画	木曜洋画劇場でやりそうな、いまさら的な内容の作品だし主演も還暦過ぎたハリソン・フォードなので全く期待していなかったのですがこれが意外と面白かったです
映画	洋画	誤訳じゃ~の行は、よく洋画系の板で"あれは誤訳"ってのをよく見かけるので昔翻訳家さんがインタビューで"ただ訳すだけでは、その国の言葉にあわない(作り手の伝えたいことが伝わらない)"みたいなことを言っていたのを思い出して付け足しただけでした
美術	洋画	「洋画や日本画、彫刻などを学ぶ学生たちも、ポートフォリオが就職や進学、またプレゼンテーションの場に役立つと知っているものの、具体的にどのように作成したらよいのかわからない状況にあります
美術	洋画	前期展(日本画、洋画、彫塑、デザイン)がきょう25日から29日まで、後期展(工芸、写真、書道)が31日から11月4日まで岡崎市美術館で開催される
映画	洋画	声優としては数多くの洋画吹き替えで活躍し、特にジャン・ギャバン、リノ・ヴァンチュラ、スペンサー・トレーシー、テリー・サバラス、チャールズ・ブロンソンのようなハードボイルドな俳優を多数担当した
美術	洋画	香川県の小豆島オリーブ植栽100周年を記念した島在住の洋画家、神下雄吉さん(74)の作品展が、高松市常磐町の高松天満屋の美術画廊で開かれている
映画	洋画	試写会上映前に主催者の挨拶があったんだけど、「英語がわかると、洋画を観るとき字幕に頼らなくてすむし、字幕では表現できないシーンが理解できて、映画をよりいっそう楽しめます」
映画	洋画	また個人的には、今年の洋画の期待作品は、私は4/24(金)に公開のコーエン兄弟監督・脚本作品の「バーン・アフター・リーディング」が期待大ですね(^^)v
美術	洋画	はじめフユーザン会や院展洋画部に作品を発表していたが大正5年第3回二科展で樗牛賞を授けられ、以来二科に出品を続け昭和7年第19回展に会員に推された
映画	洋画	日本ではディズニー映画、本国のディズニー・チャンネルで制作されたテレビ映画(ディズニー・チャンネル オリジナルムービー)の他、ワーナー・ブラザーズ、MGM、コロムビア映画、ドリームワークス、ネルヴァナ社などの洋画も放送されている
映画	洋画	1930年 ̄1944年の盛衰のパリを主な舞台に、激動の歴史の中で真実の愛を追い求めた女性の物語クルス共演で贈る感動のラブロマンスセロン&ペネロペ・シャーリーズ・洋画ドラマラブストーリー
美術	洋画	五所川原市在住の洋画家外崎稔さん(61)の現代アート個展がニューヨーク・ブロードウェーにある「NY Coo(クー)ギャラリー」で29日まで開かれている
美術	洋画	今迄このようなことに注意して作品を鑑賞したことはなく、それこそ「画材は何だろう」とか、洋画なら「キャンバス」だが日本画なら「絹本」なのか「紙本」なのか、「製作年代は
映画	洋画	数多くの洋画吹き替えで活躍し、デヴィッド・ニーヴン、レスリー・ニールセン、レックス・ハリソン レックス・ハリスン、エロール・フリン、ビング・クロスビー、ケーリー・グラント、フレッド・アステア、マイケル・ケインなどを持ち役としています
映画	洋画	今年、洋画の日本語版テーマソングなど、映画とのタイアップはさらに増えそうなだけに、いかに公開とリンクして楽曲、映画の両方をヒットに持っていくかが製作会社やプロモーターの腕の見せどころだと思う
映画	洋画	死ぬ時に砂になるシーンのある作品邦画だか洋画だか、はたまたゲームだったかアニメだったかも思い出せないのですが、どなたかご存知の方いらっしゃいませんか
美術	洋画	明治末の日本における洋画界の創設期から大正、昭和にかけて活躍した女性画家の先駆者、亀高文子の作品を紹介する展覧会「亀高文子とその周辺」展を8月8日(土)~10月18日(日)まで、神戸市立小磯記念美術館で開催します
映画	洋画	その一方で、洋画の吹き替えで威勢の良いアメリカ人役を担当することも多く、感情を込めたセリフ回しの上手さから「アメリカ人よりアメリカ人らしい」と評されることもある[要出典]
美術	洋画	昨年に続き2回目の開催ですが、同窓生が、北の大地で多方面に活躍しながら造形芸術を創造し、継続している、人生経験も豊かな20〜60代と、ジャンル(日本画、洋画、党、陶芸、染織、CG、論文)も広い、それぞれ独自の気風を維持しながら研鑽している本学OBの「北の混沌グループ」の展覧会でした
美術	洋画	2階展示室に飾られていた洋画家梅原龍三郎(1888~1986年)の油絵「バラ」(時価約2500万円)の額から、絵画のみが抜き取られてなくなっており、同署が窃盗事件として調べている
美術	洋画	成羽町出身の洋画家であり、大原コレクション(大原美術館)のヨーロッパ美術作品の収集に力を注いだ児島虎次郎の絵画と、虎次郎が外遊中に集めたエジプト遺物等を紹介するオリエント展示室、日本最古の植物化石を展示する化石展示室がある
美術	洋画	19世紀中葉のフランスの明るい外光描写を移入し明治洋画壇に一転機を作り、東京美術学校西洋画科の創設に際して指導者として参画し、美術界に多大の功績を残して日本近代洋画の確立者に位置づけられる黒田清輝(1866〜1924)
美術	洋画	中学校、高校の美術の教科書の中で、近代画家として挙げられるのは、まず「日本近代洋画の巨匠」としての黒田清輝であり、それに連なる系列画家の面々である
美術	洋画	野の花を愛した深沢紅子(1903〜1993)は、洋画家として活躍する一方、昭和39年頃から20年余、縁あって夫省三(画家)とともに旧軽井沢の堀辰雄山荘を夏のアトリエとして使用し、数多くの高原の花を水彩で描き続けました
美術	洋画	花のような人、新しい洋画をかく人、そしてそれが下宿の娘で、高等の教育をも受けた人であったのだから、荒涼たる学生生活が、この『貞子嬢』によって彩れたものも少なくなかった
映画	洋画	」・「よく分からんわ・・・」と両極端の声が毎年あがりますが(英語科の永遠の課題ですね・・・)、自分が合うやり方(教科書を繰り返し読む・単語を覚えることから、本を読む・洋楽を聴く・洋画を見るなど)で勉強していくことで本当の力が付くと思います
美術	洋画	また、明治40年の文展に歴史が始まり、日本画・洋画・彫刻・工芸美術・書の5部門に渡って、 日本美術界をリードし続けている新春恒例の第34回日展東海展では、 陶芸部門において49点のうち東濃地区から14人の陶芸家の方々が入選されました
美術	洋画	日本画では、京女を描きつつ女性の理想美を追求した上村松園や竹内栖鳳、三木翆山、菊池契月ら近代日本画の巨匠の作品をはじめ、現存の石本正氏の女性像まで、洋画では黒田清輝の「昔語り下絵(舞妓)」や小磯良平が描いた「千登美子像」も並ぶなど多彩な出展
映画	洋画	バスローブやバスタオルなど大げさに使いたくないとき、ちょこっと被って髪の毛を乾かしたり・・・使い方いろいろ 洋画で見かけるナイトキャップ風にも
映画	洋画	その事例は2ヶ月前の中部地方の高校の維持した「格闘物」のドラマで、異なるドラマや洋画等のモノマネをクラス全員が行って、全部の武器と役柄を消化し1人の脱落者も出さなかった
美術	洋画	呉市安浦町出身の洋画家・南薫造(1883~1950年)の没後60年を記念した春季特別展「南薫造の世界~瀬戸内を見つめて」が6月30日(水)まで、蘭島閣美術館(呉市下蒲刈町)で開かれています
映画	洋画	夏休みの終わりのこの週は、「サザエさん」のエンディング、あるいは「日曜洋画劇場」のエンディング曲にも似て、なんとも切ない、哀愁たっぷりな感じで苦手でした
映画	洋画	しかし、本作では吹き替え版をメインとした上映が行われ、話題性重視で洋画吹き替え経験のないお笑い芸人やタレントを起用し、声質や演技力を無視した配役には旧来のファンから非難が集中した[要出典]
映画	洋画	こんなことは興味の無い人にはどうだって良いことなんだろうけど、 車好きの俺からすると、ださいカーチェイスって洋画に出てくる日本人が中国人だったりするのと同じぐらいチャチな感じがするんだよね
映画	洋画	声優もやっているのでアニメや洋画の吹き替えで、自分ではない人の声をあてることはありますけれど、自分の芝居に声を当てるのは『ライダー』以外ではないですね
映画	洋画	知らないことを知ったふうに言うのは表現者として傲慢なことなので伝聞推定でしか言えないが、ゲイムービーと言われる洋画なんかと比べたときの印象で、なんとなくそう思う
美術	洋画	その美術部門に受賞した洋画家・和田義彦氏(66)の発表した作品の数点(少なくとも7点以上)が、イタリア人画家アルベルト・スギ氏(77)の絵と酷似し、盗作の疑いがあるとして、文化庁が調査に乗り出したようです
映画	洋画	洋画専門チャンネルで、邦画の古い作品を放送するというのも変なのだが、kanappeにとっては忘れられない作品のひとつ(なんと1981年製作なのだ
美術	洋画	5 日本の名画―慧可断譬図―雪舟唐獅子図屏風―狩野永徳 の作品と洋画との融合に気づき先人の気概が現代に至る、黒田清輝・竹久夢二・岡本太郎と重なる感覚を持ちつつ読了しました
映画	洋画	日曜洋画劇場特別企画スペシャルドラマ信長の棺◇織田信長の死の真相と彼が死んだとされる「本能寺の変」に隠さ 牛一は信長が光秀の謀反で殺されたことを知る
映画	洋画	『砂の器』といふ映画を私は随分あとになつてからTVの洋画劇場で見たのですが、そのなかの、暑い夏に汗をかきかき捜査して回る刑事たちの様子が、いかにもクーラーのない時代の「日本の夏」らしくて、印象に残つてをります
映画	洋画	名画・クラシック洋画ベニーニ、ニコレッタ・ロベルト・ベニーニナチスの強制収容所に入れられながらも、人間性を失うことなく絶望を乗り越えていく男の姿を描いた感動作
美術	洋画	◎専攻制作I〜IVでは、日本画・洋画・彫刻・グラフィックデザイン・メディア表現・陶芸デザイン・染織デザインそれぞれの専門分野の表現と感性を深めていきます
映画	洋画	結婚してからは、好きな洋画とは、縁がなくなってしまいましたが 家族の眼をぬすんで、ヘッドライト(ジャン、ギャバンと、フランソワ−ズ、 アルヌール)とか逢びき(シリア、ジョンソンと、トレバーハワード)など 観ておりました
映画	洋画	オープニング上映の「まだまだあぶない刑事」を皮切りに、洋画・邦画新作、新人監督奨励賞コンペティションノミネート作品、追悼メモリアル上映、クロージング作品の「拍手する時に去れ」、他にも角川オフシアターコンペティション&フェスティバル、関連イベントなど、様々な映画上映、催しがあります
映画	洋画	いろいろ調べたんだけど、この人、洋画の吹き替えとかでも活躍していて、驚いたのはキアヌ・リーブスとかハリソン・フォードの吹き替えとか一部やってたんですね
美術	洋画	大正10年に渡米し、シカゴのアート・インスティチュート、さらに同14年にはフランス・パリのアカデミー・ジュリアンに入り、本場での本当の洋画を学ぶのです
映画	洋画	【送料無料選択可】洋画/トライアル・アンド・エラー ピーター・セラーズとリチャード・アッテンボローの共演が光る裁判をテーマにしたコメディ・ドラマ「トライアル・アンド・エラー」DVDリリース
美術	洋画	戦後宮本三郎氏に師事し専ら洋画の研究に努めた、元来絵画に天分豊かな氏は忽ち着実な写実の技を修得し当地方に於ける美術展に秀作を発表し、更に中央に進出し特に二紀会展には同人の最高の栄誉と言ふべき同人優賞外数多の賞を得、遂に同展の審査員に推挙され、現在地方幹部の代表として重きをなしている
美術	洋画	だったら、天ぷらは、オランダの揚げ物由来なのですから、日本食ではないことになります(付言すれば、洋画、日本画などというのが、そもそもバカげた概念だと思います
映画	洋画	洋画吹替では 『マスク』『普通じゃない』『エニイ・ギブン・サンデー』のキャメロン・ディアスのほか、デミ・ムーア、ジェ二ファー・ コネリーからシンディ・クロフォードまで多彩に演じている
映画	洋画	だが、よくよく考えてみると戦争アクションっていうジャンルは洋画にはいくらでもある分野だし、インディアナ・ジョーンズがナチスを撃ち殺すのは良くて、それが日本兵だといけないなんて理屈もおかしい
映画	洋画	2500円なんてのは世界規模の市場を持つ洋画系メジャーだから可能な戦略価格」とか「これだからシロートは困る」とでも言いたげに苦笑しながら宣う邦画系業界人の人がいますが、いい加減死ね
美術	洋画	一転大阪に赤松洋画研究所を興し、昭和20年大阪市立美術研究所の所長になるのだが、彼の弟子には有名な佐伯祐三がおり、ちなみに筆者は三十三忍目の卒業生である
美術	洋画	7月3日まで、東和町の萬鉄五郎美術館、盛岡の啄木・賢治青春館、岩手町の石神の森美術館の三館合同で「いわて近代洋画100年展」という美術展をやっています
美術	洋画	油絵というヨーロッパの画法を追求しながらも、その生涯をひたすら日本の風景を描くことに捧げた洋画家・刑部人(おさかべ じん)の画業を紹介するためのサイトです
映画	洋画	私がまだ、映画館に足を運ぶ規準は、洋画・邦画ともに話題性であった高校時代に、ごく少ない、名前を知ってる映画監督、いつもサングラスをかけている「若手注目のカントクさん」が森田芳光でした
映画	洋画	洋楽や洋画には、原タイトルがそのまま日本でも使われる場合と、誰が付けたのか邦題が付いていてる場合とがありますが、この「デスペラ−ド」も「ならず者」という邦題が定着しています
美術	洋画	キム・ファンギは1930年代に日本大学に留学し、藤田嗣治や東郷青児のアヴァンギャルド洋画研究所に参加、ヨーロッパのピュリスム的抽象傾向の影響を見せる作品を制作し、早くもそのすぐれた造形感覚を発揮する
映画	洋画	逮捕しちゃうぞ the MOVIE(99/4/24・配:東映洋画系・制:スタジオディーン・原:藤島康介・監:西村純二・本:十川誠志・画:中嶋敦子・声:辻本夏美:玉川紗己子/小早川美幸:平松晶子)
美術	洋画	歴史学者の辻善之助(つじ・ぜんのすけ)、洋画家の安井曾太郎(やすい・そうたろう)、版画家の恩地孝四郎(おんち・こうしろう)、ジャーナリストの宮武外骨(みやたけ、がいこつ)、そして小説家の下村湖人(しもむら・こじん)、坂口安吾(さかぐち・あんご)といえば、いずれもなくなったのはなん年
美術	洋画	洋画家の鴨居玲(1928~85年)の没後25年を記念した回顧展「鴨居玲 終わらない旅」が17日、横浜駅東口のそごう美術館(そごう横浜店6階)で始まった
美術	洋画	洋画家和田義彦氏(66)の盗作疑惑で、損保ジャパン美術財団は7日、02年に和田氏に贈った「第25回安田火災(現・損保ジャパン)東郷青児美術館大賞」の取り消しを決めた
美術	洋画	淡路島出身の洋画家、大石可久也と鉦子画伯が自宅周辺の美しい山と海と緑の中にアートを表現しようと構想を抱き、自身の情熱とボランティアの協力で、うっそうと茂った雑木林の草刈りから、手作りで完成させた芸術空間です
映画	洋画	はい、りょーたです 今、日曜洋画劇場見てるんですがXかっけ〜 アイスキューブっていうラッパーなんですよ ちなみにエグジビットやサミュエルエルジャクソンも出てますがやっぱり黒人はカッコイイなぁ〜 アイスキューブ↓
映画	洋画	WOWOWなどで洋画もよく録画してるんだけど(最近だと指輪物語ね)、そういうのってテープ1本が1作品で埋まっちゃうんで無意味に記録枠を消費するものとして消去してしまうんだわ
映画	洋画	伊勢佐木地区は昔、洋画封切り館のオデヲン座や、大衆演劇の賑座、映像・演劇両方取り入れた喜楽座等、数十もの劇場や映画館が建ち並んでおりましたが、時代の流れと共に無くなって行き、今や数館のシアターを残すのみとなっていますが、「ザキ座」では主に伊勢佐木町界隈の空き店舗をミニシアター等にして活用し、この地域を「日本のブロードウェー」にする事が主だった目標と言う事です
美術	洋画	愛知県立工業学校図案科を絵では食べていけないからと洋画家加藤静児に薦められ観光ポスターや各種図案の懸賞金で学生時代収入を得ていたと年譜に書いてある
美術	洋画	洋画壇では和田三造画伯などが、長い間島に滞在していた関係上、画材が豊富であると云うので、相当評判であったりして私の最初の大島行は矢っ張り画材蒐録するためであり、第3回美術院展覧会出品画のためであったと記憶している
美術	洋画	昭和43年創立以来、身体障害関係施設、知的障害関係施設、デイ・サービスセンター、高齢者グループホーム、知的障害ケアホーム、グループホーム等の運営をしている「恵の園」さんの施設大規模改修工事財源確保のためのチャリティー美術展(日本画・洋画・版画・陶芸・彫刻・展示即売会)です
美術	洋画	僕が本当に、死ぬ気でいたのですが、でも、中年の洋画家の西山さんのお嫁さんは、薬屋の支払いに就いて、もう直治には逢えないと覚悟している、とおっしゃっているけれども、私は病人じゃないもの」「いや、女のひと二階の洋間に寝かせ、何か、たまらない
美術	洋画	近代日本洋画の先駆者・浅井忠や浅井から指導を受けた安井曽太郎、梅原龍三郎などの作品や日本工芸の発展に尽力した金工家・香取秀真、津田信夫の作品を収蔵、他にも彫刻、書、版画などの作品がある
映画	洋画	「オースティン・パワーズ」でも絶好調でしたが、、英語が苦手な人にとっては洋画のコメディ(特にマシンガントークの)が楽しめるのは山寺宏一のおかげですと言ってもいいくらい、絶妙なアドリブ入りの吹替えです
映画	洋画	DVDで見ていたとしたら、退屈で一時停止したり ハリウッド超大作からカルトムービー、B級映画、洋画、邦画など、ジャンル問わず、劇場・DVD鑑賞あわせて年間300本以上観る映画のあらすじや、個人的な批評・見方などを、動画などを交えて紹
美術	洋画	全国の美術工芸作家や著名人の皆さん約1000人から寄贈された日本画▽洋画▽書▽漫画▽陶器▽磁器▽工芸品▽色紙を、チャリティー価格で入札・即売します
美術	洋画	洋画、日本画、陶芸、墨蹟などを扱う画廊として開廊(画廊石原)加藤唐九郎、熊谷守一、坂井範一等の助力をいただき、展覧会活動を通じ「優雅な暮らしのお手伝い」をモットーに展覧会活動を続けてまいりました
映画	洋画	たまに洋画に出演している俳優の元の声聞くことがあるけど、逆にそっちの方が違和感があるw もう、その俳優の声はアテている人の声で脳にインプットされているの
美術	洋画	洋画家・齋藤真成氏の指導のもとに集まったメンバーが、心に浮かんだ“ありのまま”をキャンパスに描いていく洋画の展覧会「JISSO(實相)展」が始まった
映画	洋画	活動内容も、部室で英会話をしたり、字幕オフにした洋画を見たり、実際に海外に旅行するときには、どんな会話が最低限できていないとダメなのかといった、恭介にとっては別段苦にもならないような内容だった
映画	洋画	だが、洋画の場合など下の文字が殆ど見えていない、あるいは足元にうずくまっている犬のバディが見えていない時がある、下に敷いてあるタオルをバディか、と聞く
映画	洋画	購入した銀杏の木でできたベッドから巻き起こる”時空を超えてよみがえる愛憎劇”ファンタジーソッキュ主演ジェギュ監督&ハン・」のカン・:シュリ洋画アジア
美術	洋画	はじめに、展示室4で当館が誇るグスタフ・クリムトの《人生は戦いなり》を含めた20世紀の西洋絵画コレクションと当館の収集方針についてお話しし、次の展示室5では明治以降の日本の洋画家の多くがフランスに学んだことを黒田清輝、久米桂一郎や梅原龍三郎らを取り上げてお話ししました
映画	洋画	先週の土曜日に半額セールって事で近所のV&Cから「MP3」って洋画をレンタルしてきたんだけど、結局返却日の今日まで見る機会が無くってね、なんとかかんとか見ることが出来ました
映画	洋画	洋画/創世記、洋画/スターウォーズ1、2、3、洋画/エイリアン1、2、アニメ邦画/マクロス愛・おぼえてますか、OVA/メガゾーン23の2、3、アニメ邦画/機動戦士ガンダム逆襲のシャア邦画/天と地と
映画	洋画	たまには洋画もみるよ、といふことで、なんか評判のよい本作を見たのだけれど、うーん、母の子への愛が腐敗した権力を撃つ、といふ、わりと単純なおはなしのやうな感じにおもへて、もつと図抜けた構成力にもとづいたものかと思つてたので、ちよつと拍子抜け
美術	洋画	盗作疑惑で芸術選奨文部科学大臣賞受賞を返還ではなく取り消された洋画家和田義彦氏が2002年名古屋芸術大学の教授時代、入試試験会場で女子受験生に自分の携帯電話番号を書いたメモを渡し同大を退職していた
美術	洋画	世界的な共時性という意識は、日本画のような伝統的形式を基盤とする領域では、日本画は現代絵画であり得るか、現代的表現と信じられた洋画と拮抗し得るか、という問いとなる
映画	洋画	ヲタクはキューティーハニーだし(ま、ハニーも映画をみるとかなり一般向けに作られているのは分かりますが)、一般向けは洋画だとトロイやディアフタートゥモロー、世界の中心で
映画	洋画	アニメではのび太、未来少年コナン、『アルプスの少女ハイジ』のペーターなど 「少年声」を得意としつつも、洋画ではジェーン・フォンダ、ブリジット・バルドー、クラウディア・カルディナーレ、シャーリー・ マクレーン、ダイアン・キートンなど有名女優を一手に引き受けていた「美女声」の代名詞
映画	洋画	それでも子供にはゼッタイに分からないだろうなっちゅうネタもあって、洋画を観て、ナニもなさそうな場面で笑ってる外国人の気持ちに近づけた気分でした(笑)
美術	洋画	また、『ほろにが通信』掲載の挿絵や4コマ漫画のために、漫画家の秋好馨、麻生豊、加藤芳郎、宮尾しげを、日本画家の生沢朗、洋画家の古沢岩美、型染作家の芹沢銈介らが作品を寄稿
映画	洋画	って事になり『SAW 2』と洋画版『呪怨』を借りて呪怨から見たら最初はストーリーも知ってるし面白くないな〜と思っていたら小説の怖さが少し入っていて怖いのなんの〜〜
美術	洋画	美術館の創設者田部長右衛門氏が、田部家23代にわたって求められ、伝来してきた調度品の中から、特に茶道にかかわりある書画・ 陶磁・漆器などを中心に、彫刻・洋画を加えた美術品を、自ら選び財団に寄付し、設立されたのが田部美術館です
映画	洋画	ほしいんですが「この中から日曜洋画劇場特別企画スペシャルドラマ信長の棺◇織田信長の死の真相と彼が死んだとされる「本能寺の変」に隠さ 牛一は信長が光秀の謀反で殺されたことを知る
映画	洋画	開港頃、弁天通りは、護岸=堤防だった、、、とか、オデヲン座は、ドイツ人が経営していた洋画専門の映画館であり、当時、日本で一番早くに、洋画が封切られたそうで、浅草でさえ、オデヲン座の封切られてから、2~3カ月後だったそうだ
映画	洋画	『火曜洋画劇場』(かようようがげきじょう)は、1979年10月9日から2002年3月26日まで、毎週火曜日の午後に原則2時間枠で放送されたサンテレビジョンの映画番組である
美術	洋画	普通の感覚だったら洋画界の重鎮であり、しかも祖父と孫ぐらい歳が離れている“金山画伯”が誘いにきたのだから、当然お昼はおごってもらえる・・・と判断するのがあたりまえだろう
美術	洋画	芸術選奨を受けた洋画家の和田義彦氏が発表した絵画が、イタリア人画家の作品と酷似していた問題で、「盗作された」と訴えているイタリア人画家、アルベルト・スギ氏は29日「2人の共同作業は一切なかった
美術	洋画	本展は当館収蔵のそれら名作の中から、明治初期の巨人、高橋由一にはじまり、松岡壽、黒田清輝、川村清雄、藤島武二など明治洋画の代表作、さらに大正期の萬鐵五郎、岸田劉生、梅原龍三郎、関根正二、村山槐多など多彩な個性、昭和初期の佐伯祐三、前田寛治、石垣栄太郎、清水登之、国吉康雄、古賀春江、三岸好太郎、鳥海青児、そして戦前戦後をつなぐ要ともいうべき松本竣介等の作品約90点を展示します
映画	洋画	また、レンタル店用の売上に関しては、在庫整理が整った「洋画(海外TVドラマを除く)」の前年比が101・9%で伸びが落ち着いたのに対し、「日本のアニメーション(一般向け)」が147・1%と力強い伸びを見せるなど、ほとんどのジャンルが上昇しており、06年は洋画以外の在庫整理が大規模に行われたことが読み取れる
美術	洋画	藤沢に生まれた原精一(はら・せいいち)は、平塚生まれの洋画家・鳥海青児の藤嶺中学の後輩であり、ともに岸田劉生と萬(よろず)鉄五郎という大正期を代表する湘南在住の大画家に私淑している
美術	洋画	白樺派の作家として知られる有島武郎をはじめ、その弟の洋画家で作家でもあった有島生馬や作家・里見とんなどが育ったのが下六番町(現:六番町3)であった
美術	洋画	はじめ狩野派に学ぶが満足せず、洋画法の学習を志して、文久2年(1862)番書調所画局院に入り川上冬崖の指導を受けるも、なお、外国人の指導を受ける必要性を痛感し、慶応2年(1866)には、横浜の外国人居留地に住むイギリス人画家チャールズ・ワーグマンを訪ね入門した
映画	洋画	ラヴいもの;SMAP、中居正広、読書、三浦しをん、洋画、ヴィゴ・モーテンセン、ショーン・ビーン、ジョニー・デップ、宝塚、宙組、大和悠河、蘭寿とむ、安蘭 けい、壮一帆 ※申し訳ありませんが、
美術	洋画	ところで、明治に入って洋画というものがジャンルとして成立するとそれに対応する用語として、それまでの伝統的な日本の絵画を区別して呼ぶ必要が生じ、日本画ということばが生まれたと最初に述べたが、明治に入って近代になったとはいっても、日本画の取り上げる風景表現は、伝統を受け継ぐという意味で、その本筋はあくまで山水画でなければならなかったようだ
美術	洋画	日本芸術院(三浦朱門院長)は一日、芸術上の功績が顕著だとして、新会員に洋画家で金沢学院大教授の村田省蔵(しょうぞう)氏(77)=金沢市出身、神奈川県鎌倉市在住=ら六人を決定した
映画	洋画	また、洋画では「プリティ・イン・ピンク」や「マネキン」(ともにアンドリュー・マッカーシー主演)などの青春映画の佳作と呼ばれ、一般の視聴に耐える作品が次々と公開される中で、日本ではATGに代表される青春映画の破滅的なイメージから脱せずにいました
映画	洋画	因みに必ず買おうと思っているソフトは、洋画では「炎のランナー」「ライトスタッフ」「普通の人々」「アンタッチャブル」「ロッキー1、2」「プラトーン」「ダーティハリー」
映画	洋画	初めて、映画館で観た洋画がティム・バートンのバットマンで(記憶の中ではそれが最初の洋画)、それ以降、バットマンというキャラクターはスパイダーマンや、スターウォーズよりも好き
映画	洋画	アメリカでは来年の3月に初公開ということなので、洋画なのに日本での公開が先行するという非常に珍しいケースになるが、これは、アメリカでこの映画がボイコットされているかららしい
美術	洋画	現代日本具象洋画の巨匠森田茂氏の作品をはじめ、酒田市出身の洋画家斎藤長三氏など、多数の所蔵作品を常設展示するほか、国内外の優れた美術作品を集めた特別展を開催しています
美術	洋画	大正2年(47歳) 第7回文展に「うつつ」を出品、3等賞を受く、正7位、高等官6等、小石川区春日町の川端絵画研究所に洋画部が設置さるるに当り本郷洋画研究所は岡田氏に委ね、同洋画部を担当す、美術研究のため朝鮮へ出張を命ぜらる
美術	洋画	私は今、池田永治と同時代に活躍した洋画家、黒田重太郎(1887~1970)に関して研究を進めていますが、その周辺の画家に関する情報は大変貴重なものであり、一般では入手し難いものも含まれます
映画	洋画	但し、主に木曜洋画劇場枠で特別企画として不定期放送されていた単発作品(市原悦子主演『私は女引越し屋』シリーズなど)には高視聴率を記録した物もいくつかは存在する
美術	洋画	藤島武二(1867〜1943年)は明治から昭和にかけて活躍した洋画家で、黒田清輝(くろだせいき) らの結成した白馬会(はくばかい) の主力画家として活躍した
映画	洋画	シルベスター・スタローンやポール・ニューマンの吹き替えで知られ、多くの声優たちから名優と呼ばれている羽佐間、ジュリア・ロバーツからアンパンマンまで幅広い役をこなす戸田、洋画の吹き替えのほか、アニメの声優、TV番組の司会も務める山寺と、実力・人気ともにトップクラスの3人が、やり直し不可能のリアルタイム口演に挑む本イベントは、映画ファンだけなく、アニメファンも注目のステージとなる
美術	洋画	洋画部門の舞鶴市展運営委員を務める画家の亀井清志さん(70)=福来=の作品「空(くう)〈越前一乗谷〉」(100号、油彩)が、公募展の第11回ミレー友好協会展で入選、併せて同展の入賞、入選作品の中から選ばれ、フランス本部展への出展通知が届いた
美術	洋画	2号館1階、200教室入口の壁面に設置された多田祐子さんからの寄贈による洋画は、「ブダペストで見た、屈託のない元気な子供たちと、白一面の静寂な雪降る市街地
映画	洋画	主に映画で活躍した「女優さん」たちが中心だったが、個人的にはやはり洋画では「オードリー・ヘップバーン」、邦画では「吉永小百合」が一番だと思っていたら、両者が一位と二位であった
美術	洋画	1902年(明治35年)に帰国後、京都高等工芸学校(現在の京都工芸繊維大学)教授となり、個人的にも聖護院洋画研究所(後の関西美術院)を開いて、後進の育成にも努力した
映画	洋画	その後も歌手業はもちろんのこと、俳優として新劇やミュージカルへの出演を重ね、他にもナレーター、そして洋画ではシルヴェスター・スタローンやクリストファー・リーヴらの吹き替えも演じるなど、多彩な活躍を見せている
美術	洋画	初め洋画を学び、明治前期洋画壇の青年画家として活躍するが、従兄弟の内藤鳴雪を介し、同郷の正岡子規と出会ったことから俳句の写生を 日本画において試み、俳画
美術	洋画	三月三日〜九日にかけて大阪淀屋橋近く「大阪現代画廊」において、山下義文さん(精華大学大学院美術研究科洋画専攻98年卒)と山崎裕彦さんによる「二人展」が開催された
美術	洋画	18から朝来市出身の近代洋画家にスポットを当てた「生野三巨匠の系譜展」、「フランス&日本交流国際平面造形展」を同時開催11212恰私堕リアス・アーク美術館リアス・アークびじゅつかんリアス式海
映画	洋画	ストーリーのアイデアは「ターミネーター」、ハイスピード撮影によるアクションシーンは「マトリックス」、エイリアンとの戦闘シーンは「スターシップ・トゥルーパーズ」と、過去の洋画作品からのパクリだらけで、オリジナリティはほとんどない(エイリアンや宇宙船のデザインも全てどこかで見たことがあるような・・)
映画	洋画	青春時代は洋画が主で エデンの東 禁じられた遊び 鉄道員等 BGMが聞きたくて何度も行きました 以後イージーリスニングからジャズまで趣味の一つになりました
映画	洋画	渋谷の映画館でレイトショウというかたちで、洋画のロードショウの終ったあとの午後九時二十分から始まるという一日一回の映画上映が、ニ週間ほどあったのである
美術	洋画	この100年ほどの美術を、8つのテーマによって構成して、日本画・洋画・彫刻・版画・写真・工芸など何と約370点によって振り返ろうという企画です
映画	洋画	しかしその「ターミネーター」も先週ロードショーでやっていましたが、最近日本のTVの洋画劇場ってシュワちゃん→メル・ギブソン→スタローン→スティーブン・セガール→ジャン・クロード・ヴァンダム&適当にはやったB級映画、でまわしてないですか
映画	洋画	そして目の前に現れたトレーでコーヒーとシナモンロールをぎこちなく運ぶ、のっそりしたその外国人の所作がいかにも洋画の一こまのようで、突然、日常がファンタジーに変わったのかもしれなかった
映画	洋画	声優への転身後は、洋画の吹替えなどでは主役級の役を演ずることも多いが、仕事数こそ多いもののこれといった当たり役には巡り合えず、実力派だけど地味な人という微妙なポジションに落ち着いている
映画	洋画	戦前のキネマ旬報のベストテンを観ると、ほぼトーキーに移行した昭和6年から洋画ベストテンが戦争で中断される昭和15年まで、10年間でフランス映画が何と9年連続で一位を獲得している
美術	洋画	宗像出身の洋画家中村研一(1895年05月14日~1967年08月28日)の東京・小金井市の自宅内の美術館が4月に市立美術館に生まれ変わり、外された玄関の看板を宗像市原町にある研一の生家美術館に寄贈
映画	洋画	洋画を見ていると、体格のよいマッチョな俳優さんが出てくることはよくありますが、その中でもこの「300」は、その内容もさることながら、登場人物の肉体美も非常に見ごたえがあるものに仕上がっています
美術	洋画	始まりは、南予初の町立美術館として93年に建設された「ギャラリーしろかわ」に、 東京の洋画家である折笠勝之(おりかさかつゆき)氏を講演に招いたのがきっかけ
映画	洋画	頭身低めのヒロインは可愛らしく、そして全裸に携帯電話と拳銃を持って記憶を消された状態でホワイトハウス前に投げ出された主人公のインパクトがあまりにも強すぎて(洋画みたいに局部がモザイクではなく白く消されているのすら、何だか作品を盛り上げる要素の1つになっている気すらする)、冒頭のわずか数分で目が離せなくなる
美術	洋画	日本で個展を開いたりするという洋画家や、芝居の勉強に来ている、という学生や、いわゆる、観光バス付きのガイドでなく個人的な立場のガイドに世話になった
映画	洋画	洋画吹き替えでは、スティーブン・セガールの吹き替え役として有名だが、実は他にもアントニオ・バンデラスやドルフ・ラングレン、ジャン=クロード・ヴァン・ダム等の声もあてていたりする
映画	洋画	というわけだけど、今朝フジのめざましで軽部さんが取材してたんだが、ロードショーが休刊するぐらいハリウッドには新人スター不足だと聴くし、邦画と洋画の割合が邦画よりになってるとかなんとか
美術	洋画	京都に生まれ、15歳の時に画家の道を志したことにより中学を退学して伊藤快彦の画塾に入った彼は、洋画家の浅井忠に師事したのち、1908年にフランスに留学してピエール・オーギュスト・ルノワールの指導を受けることになります
美術	洋画	終生金沢を活動の舞台とした高光一也をはじめ、在野の雄として、昭和の洋画壇をリードした宮本三郎や鴨居玲など、全国的にも知られる石川県ゆかりの作家を紹介しています
美術	洋画	太平洋美術会は、 現在、鈴木克久会長以下洋画、彫刻、版画、染織の各部に会員、会友・560余名を擁して制作、発表のほか、 研究所における後進の教育・指導・育成などの活動を通じてわが国美術界に寄与しています
映画	洋画	そういえば、洋画ではこうした題材を扱ったものが結構あるのに 日本製のものには滅多にお目にかからない気がする&hellip; 戦いを美化したり、お涙頂戴で終わったりするものはあるけど
映画	洋画	でもこれ、吹き替えも当時は洋画の俳優の誰を、日本の声優の誰があてるみたいなのが色濃くあったので、ガキの頃から俺はそっちに慣れてるので内海賢二や大塚周夫だので聴きたいんですけど(W
美術	洋画	イタリア人画家の作品の盗作疑惑で芸術選奨文部科学大臣賞の授賞の取り消しが決まった洋画家の和田義彦氏(66)が名古屋芸術大学(愛知県北名古屋市)に教授として在職していた02年当時、入試の面接をした女子受験生に対し、自分に連絡を取るように伝え、「入試の公平性を揺るがす重大な問題」として、大学の調査委員会に取り上げられ、依願退職していたことが分かった
美術	洋画	佐倉には、浅井 忠という日本の洋画檀の先駆けとなった方が出身している関係から、この美術館を設けたみたいですが、ちょっと無駄にお金をつぎ込んだ施設なように見受けられました
映画	洋画	そして今そういったバンドたちをあらためて聞くとなぜだかその子どもだった'80年代の土曜日の夜、家族でどこかへ外食に行き、家に帰ってからゴールデン洋画劇場を見たり、意味もなく夜更かしをして何かに勝手にわくわくしていたあの頃のあの気分のような感じがなぜだか頭をよぎり、それが妙に嬉しさやおかしな、そわそわした感じが起きて音楽自体も最高だと思え、すごく楽しい時間を過ごすことができます
美術	洋画	美術館部門の開館記念展は、「福沢一郎と昭和初期の洋画」と題し、福沢一郎の滞欧中のシュールレアリスム作品を中心に、同時代の洋画家たちの作品を展示する
映画	洋画	興行展開の中心となる、いわゆるチェーンマスターは、東宝洋画系の丸の内東宝で、独自のチェーンを形成するこの劇場網は「グレート・ハンティング」「アドベンチャー・ファミリー」など
映画	洋画	つよさん、ごめん・・・コンスタンティン→石ノ森特集見てたから・・・って、この頃の日曜洋画劇場はけんかを売ってるのか、と言うくらい私の見たいラインナップを・・←妄想の上に手前勝手な・・・・・
映画	洋画	阪堺上町線、住吉公園行きに乗り15分終点住吉公園に到着、 降りると5歩の処に、青空の店が在るではないか、品の良い暖簾をくぐり入ると、落ち着いた1960年代の洋画音楽のBGMがスート耳に入ってくる
美術	洋画	また古代エジプト、ギリシャ、ローマの彫刻や工芸品等や、浅井忠、黒田清輝等明治時代以降の日本の洋画等、貴重で質の高い、所蔵品の数々に出会うことができます
映画	洋画	シネマUSEDパンフレット『めぐり逢えたら』☆映画中古パンフレット通販☆洋画トムハンクス&メグライアンの王道ラブロマンス※こちらの商品は中古になります
映画	洋画	2008年に封切られた800本あまりの作品の中から、洋画/邦画、メジャー/インディペンデント、自館での上映の有/無の区別なく、純粋に「映画ファンにスクリーンで観てもらいたい」作品を、情熱とこだわりを持って映画をセレクト・上映している映画のソムリエたちが、選びます
美術	洋画	この時代の日本の洋画は、西洋近代作家のあまりにも鮮やかで明るい色彩になんとか追いつこうとするあまり、赤や黄の原色に近い「どぎつい」色を多用し、陰影を必要以上に強調した「厚塗り」の絵を描く・・・という傾向に陥りがちだったような気がします
映画	洋画	ヤフー より レオナルド・ディカプリオ主演の映画『シャッター アイランド』が9日から公開され、日本語吹替版が、通常の洋画の吹替版の約2倍の動員を記録していることが
美術	洋画	両容疑者は昨年2月5日ごろ、大阪府東大阪市の男性歯科医(64)に「今なら高く売れるから転売したらどうか」と持ち掛け、男性が持っていた洋画家藤田嗣治の油絵1点(時価1000万円相当)をだまし取った疑い
映画	洋画	今来ている彼女は大の日本ドラマのファンで、沢山のドラマを見ているんですが、日本のドラマってインターネットですぐにダウンロードして見れるんですね♪僕自身はそんなに見たいドラマってないんですが、それ以外にも邦画・洋画、あらゆるものがダウンロード可能
美術	洋画	重要文化財という所以は、作品から発する精神性が人々の心を打ち、それを権威が認めて広く知らしめたもので、関根正二の「信仰の悲しみ」は、近代洋画の名作として必ず
映画	洋画	10年以上前には、 日本公開される映画は、ヨーロッパ圏内の作品(米国/フランス/オーストラリア等) が、主体でしたので『洋画』の区別が付きましたが、 (香港の、カンフー映画や、キョンシー映画を除いて) 21世紀に入って、冬ソナ ブームで、韓国映画も主力映画になってます
美術	洋画	」(和田英作『天真道場のこと』、『国民美術』1巻9号、大正13年9月)「この両先生御帰朝までの日本に於ける洋画の教へ方は、極めて手ぬるいやり方で、今も稀には店頭などで見受けるあの擦筆画であつた
美術	洋画	歴史と文化の香る町・矢掛に平成2年に開館した郷土美術館で、矢掛出身の書家・田中塊堂、洋画家・佐藤一章などの作品や、宿場町関係の郷土資料が展示されています
映画	洋画	一般の人びとにとっては、まだまだ海外の音楽情報にアクセスすることが難しかった時代だから、ヒットした洋画のサントラなどが、数少ないそういう機会だったのだ
美術	洋画	3年間、イタリー語学学校及びイタリー国立美術学校に留学、常滑市陶房杉を経て、共同制作の作品が朝日陶芸展に入賞、二科展へ洋画1回、陶彫2回入選、現在は春日井市の自宅にて制作
映画	洋画	ワタクシ的には実写でもアニメでも洋画でも邦画でも、特に隔たり無く何でも観るんだけど、たまたまアニメを録画&ケーブルテレビで 3連続で観てしまったので感想でも書いてみる
美術	洋画	日本画は円山應擧、伊藤若冲、横山大観、竹久夢二、伊藤深水など、洋画は森田茂、ユトリロ、ヴラマンク、中国現代絵画を代表する黄冑など、陶芸は酒井田柿右衛門、北大路魯山人、浜田庄司、韓国の現代陶芸家・朴英淑などで、超一流の作品が圧倒的な迫力で見る人を魅了します
美術	洋画	ボヘミアン的な洋画家になりたかったらしい彼は、1932年(昭和7)に入学した帝大へはほとんど顔を出さず、キャンバスとイーゼルを手に肩から絵道具をぶらさげながら上落合から下落合、あるいはときにバッケ堰Click
美術	洋画	本という媒体に洲之内徹という人が、自分が好きな画家について書いたものがあるおかげで、近代日本の洋画界のこれだけ多くの画家、作品が後世に知られ愛されるようになった
美術	洋画	寺内萬治郎、高田誠、渡邉武夫、そして塗師祥一郎はいずれも日本芸術院会員という栄誉に浴し、名実ともに近代日本の画壇を築き上げてきた洋画家であるばかりでなく、埼玉の文化振興と美術教育に大きな貢献を果たした人物としても知られています
映画	洋画	クラシック音楽大好き、洋画大好き、読書も大好きな好奇心旺盛のムゼッタが、日々思うこと(そして病気のことも)をつらつらと綴っていきたいと思ってます
美術	洋画	そして、このことは『明星』のグループとして活躍し藤島、石井その他当時の若い印象派の洋画家たちの熱心な美のためのたたかいの成果と切りはなしては考えられないことであろう
映画	洋画	アニマル横町をちらちら見てるんですが、もうヤマナミさんが出てきただけで笑っちゃうんですが・・・、そして今週は幼稚園児相手に洋画のワンシーンのようなお芝居、もうそのいい男豹変ぶりがまるでシリアスモードのゆに彦で、大爆笑してしまいました
美術	洋画	鬼頭健吾さんは1977年名古屋生まれ、1999年から2001年まで名古屋の20代の画家などが自主運営する「アートスペースdot」の設立、運営に携わりながら2001年に名古屋芸術大学絵画科洋画コースを卒業、2003年に京都市立芸術大学大学院美術研究科絵画専攻油画を修了、個展やグループ展を開いている
美術	洋画	洋画家の黒田清輝ら・作家の森鴎外 / 永井荷風 / 谷崎潤一郎ら・歌舞伎役者の市川左團次ら当時の文化人達が集まった銀座の「カフェー・プランタン」、
美術	洋画	明治44年(1911)には文展の落選展と称した白樺主催の第2回洋画展が開かれ、斎藤与里、藤島武二、山下新太郎、津田青楓らの新帰朝者の作品を含む21作家の作品119点が展示された
映画	洋画	アニメだけではなく、洋画の吹き替えやミュージカルなど、幅広い分野において第一線で活躍する坂本さんは、収録後、忙しい仕事の合間を縫って徳島を訪ねてくれた
美術	洋画	その後、太平洋画会研究所、本郷研究所へ通い洋画に転向、藤島武二にデッサンの指導を受け、また、二科会の重鎮であった石井柏亭や正宗得三郎にも師事しました
美術	洋画	洋画では悳俊彦、大藪雅孝、荻太郎、須田剋太、須田寿、田村一男、山口薫といった近現代の作品約300点の作品がコレクションされ、年に4回、季節の節目ごとにテーマを決めて作品の入れ替えを行っています
美術	洋画	廿日市市宮島町の「ぎゃらりぃ宮郷」で、粘土による立体表現と洋画を融合させた渡辺敏子さん(廿日市市阿品台)のクレイアート作品展が4月29日から5月4日まで開かれた
映画	洋画	「洋画を観るなら、絶対にオリジナル音声じゃなくちゃ」がモットーの私でさえ、この映画に関してはアッサリ「吹き替えもいいね」と認めてしまったほどだ
美術	洋画	西洋芸術の理想化への欲求を知っていた例外的な一人、明治洋画の元老、小山正太郎は前期日本美術院における「日本画の発達に就て」と題する講演の中で、日本画家たちが西洋画の写実主義に対し理想主義で迎え撃とうとしていたのを厳しく批判しつつ、西洋画の方が理想追求においてさえも既に優位にあることを明らかにした
美術	洋画	水彩、洋画、写真など、各分野の相関関係をひもときながら、絵はがき・ツーリズムの大衆化・巨大出版社の成立という背景を押さえつつ、風景論が構築されており、結構面白い
映画	洋画	洋画の字幕との大きな違いは、音楽、呼び鈴、携帯の着信音、クラクション、足音などは、字幕上で音源の記号のあとに「 ♪〜 」とか「 プルプルプル〜 」とか「 ビッー
映画	洋画	すこし音なの匂いがいる映画館では、パンフレットなるものが150円で売っていたし、つまり洋画にはまだ未知なる海外事情をあれこれ教えてくれるガイドがかならず作品とペアでいる、それが洋画だった
美術	洋画	東京美術学校(現東京芸術大学)を卒業、戦後の一時期、鶴岡市内で中学校や高校の教師を務めた後、 昭和28年に上京して新聞雑誌の連載小説などの挿絵を執筆しながら洋画家として活躍されたのです
美術	洋画	審査員は日本画・那須勝哉さん、洋画・遠藤彰子さん、彫刻・日高頼子さん、工芸・萩野紀子さん、書道・樽本樹邨さん、写真・管洋志さん、デザイン・田中竜介さんの7人
映画	洋画	その頃県下に県病院にしかCTスキャナがない時代だったし、脳の切開手術をすると言うようなことは洋画でしか聞いたことがなく、その病気の重さに家族中が不安でいっぱいだった
映画	洋画	アルフレッド・ヒッチコック監督を意識しているという話は、もはやファンの間では常識ですが、洋画好きだった三谷監督を日本映画に目覚めさせてくれたのは、何を隠そう市川崑監督
美術	洋画	正倉院展、唐招提寺展、徳川三代展といった日本の歴史や宝物に触れることができるもの、藤田嗣治、中島千波、三岸好太郎、吉田ふじを、蕗谷虹児など多くの日本人画家の図録、洋画ではゴッホ、モーリス・ドニ、ジョルジュ・ド・ラ・トゥールなどと、挙げればきりがないのですが、人気も高く、状態の良いものが多く入りました
美術	洋画	多分一昨年に京都文化博物館で開催された「京都洋画のあけぼの」展に出品された仏光寺所蔵の作品がそれに該当するのだろうが、著しく保存が悪く、自慢じゃないがこちらの方が数段よろしいように思える
映画	洋画	夏休み時期は、これみよがしな大作が多く、あまり見たいと思うような映画が少ないのだが、トランスアメリカという洋画がなかなか良さそうなのでそれにする
映画	洋画	9/23より洋画を中心にレーザーディスクをドド〜ンと放出します今回は外国盤も多数出ますえぇ〜・・・クラシック(音楽)も出ますよ♪補充もありますのでマメに足を運んでみて下さい
美術	洋画	・ 洋画・日本画についてはF20号またはF30号、水彩画・版画についてはF20号以上F30号以内とし、当公募展のため制作した未発表の作品とする
映画	洋画	日本語ならまだ意味は通じるんだけどこういうとこが色んな意味でビギナーだなw ちなみにEU/NRF側とも声優は大塚明夫さん、洋画吹き替えだとニコラス・ケイジとかスティーブン・セガール役とか、ゲームやアニメだとソリッド・スネークとかアナベル・ガトー役とかで有名だと思う
映画	洋画	ダンス、演技の授業や稽古をするための広々としたレッスンスタジオはもちろん、実際に学生たちが作ったラジオ番組をオンエアできるミニFM局『スタジオU』、アナウンスブース、アニメや洋画のアテレコ・吹き替えに使用できるレコーディングスタジオなど、まさにプロ仕様の設備が整っている
美術	洋画	なお、今年度の「鳥取県文化功労賞」の受賞者である嶋田氏、西川妙子氏(音楽)、山本恵三氏(洋画)の3名の方の功績を紹介する巡回展示が鳥取県立博物館、倉吉博物館、米子市美術館の3箇所で開催される予定です
映画	洋画	まぁ、僕には丸山の指摘するような左翼伝統芸能なパターンとか、全共闘の雰囲気とか、ぜんぜん知らないし、テレビで質の悪い映像を何度か見ただけで、それも心に残ることもなく、むしろ劇場アニメや洋画にキャッキャウフフしてた幼年期、さよなら、さよなら、さよなら、なわけですよ
映画	洋画	洋画でこういうラブコメを探しています幼なじみorクラスメートで冗談言い合えたり馬鹿にしたり、ケンカほどじゃないけど言い合ったりの男女で、 男が違う女とつきあい始め、その幼なじみorクラスメートは嫉妬し始めて、男と口を利かなくなったり八つ当たりするように
美術	洋画	今回は、日本画、韓国画、洋画、彫刻の各分野に、日本は松尾敏男、土屋禮一、大津英敏、奥谷博、島田章三、雨宮敬子、澄川喜一ら、韓国は閔庚甲、嚴泰丁、朴洸眞、鄭文圭、金鳳台ら両国それぞれ三十九人ずつ、七十八人の美術家が出展している
映画	洋画	前者の2時間スペシャルは『日曜洋画劇場40周年特別企画 男たちの大和/YAMATO』、『春休み映画SP あらしのよるに』、『新報道プレミアAスペシャル』、『日曜ビッグバラエティ 完成
映画	洋画	幸い番組では「プロ野球中継」をはじめ「ザ・ガードマン」「日曜洋画劇場」「笑点」「料理天国」「11PM」等々、エラそうなことをいうようだが、どこかに《サントリーらしさ》みたいなものを感じていただき、視聴率のとれるものを次々と提供することができた
美術	洋画	西洋のフレスコ画と日本の仏画の影響を受け、洋画でも日本画でもない、独自の表現世界を切り拓いた画家として一世を風靡し、これからの活躍を期待されるときに若くして亡くなりました
美術	洋画	明治26年3月3日千葉県長生郡に生れ、20才頃上京、日本美術院に学び、院展洋画部に出品していたが、大正11年春陽会発会と共に客員となり、同13年会員となった
映画	洋画	普通にヤバい作品の絵の綺麗さやストーリーにかなり良さを感じる最初は人物、団体名とか誰がどこの所属かわかんなくなることもしばしばあったけど、すぐ面白く感じれた洋画でよくあるジョークもかなり使われてる留学してたのでアメリカンな感じがとってもいぃそれにしても作者は知的だなぁ
美術	洋画	本県を代表する洋画家、山口薫(一九〇七−六八年)と東俊光さん(67)=静岡市=による師弟展が十九日、高崎市飯塚町の高崎信用金庫本店ギャラリーで始まった
美術	洋画	当博物館の収蔵品の中から鳥取市のあちらこちらの風景を題材にして描かれた、例えば洋画、日本画あるいは写真、こういったものを全体で約80点展示していきたいと思っております
美術	洋画	日本画という言葉は明治以降、油絵(洋画とも呼ぶ)の対義語として使われるようになったもので、それ以前の日本における絵画を、厳密には、日本画と呼ばない
美術	洋画	画壇の重鎮から新進気鋭の作家まで101名による101点(日本画52点、洋画49点)のコレクションには県内各地が表情豊かに描かれており、作品はいまも多くの人に親しまれている
美術	洋画	大阪に帰り、院展洋画部に出品ののち、19年、初めて二科展に出品した『Nの家族』で樗牛(ちょぎゅう)賞を受け、翌年は『少女於梅(おうめ)像』で二科賞を受け、二科会会友となる
映画	洋画	私は洋画「バベル」は観ていないので間違っていたら申し訳ないのだがこの映画は多国籍にわたる物語で、外国の部分は日本語字幕が付くので当然理解できるが、日本の部分については日本語字幕が付いていなかったために聴覚障碍者は日本の部分が理解できなかったということらしい
美術	洋画	明治期、フェノロサらによって、さかんに、日本画と洋画との違いが論じられ、この時期、東京美術学校を創設した、岡倉天心らを中心に、日本画の絵描きの中でも、横山大観や、菱田春草らをはじめ、多くの日本画家が、西洋とは違った、日本画の独自性を追及すべく、留学や研究を重ね、名作を生んでいます
美術	洋画	佐伯祐三、藤田嗣治、梅原龍三郎などをはじめ、主として昭和初期に絵画の本場パリに留学して学び、日本に帰って日本的な洋画を生み出そうと努力した「熱き芸術の時代」の芸術家たちの作品を展示している
映画	洋画	この映画館のひとつ、セルジオ・レオーネ監督の大作「ワンス・アポン・ア・タイム・イン・アメリカ」でオープンした十一階の東宝系洋画のロードショー館に「日本劇場」という名が付けられた
美術	洋画	絵を描くには勇気がいるよ(猪熊弦一郎、いのくま・げんいちろう、洋画家、香川県庁の壁画を作成、勲三等瑞宝章を受章、53歳から活動拠点をニューヨークへ移す、アメリカにてイサム・ノグチなどと深い交友関係を持った)
美術	洋画	要約して書くと、”明治から昭和にかけて活躍した劇評論家・岡鬼太郎の長男は洋画家の岡鹿之助で、岡田三郎助に師事し、鬼太郎の父・善智は佐賀藩士で、岡鹿之助と名乗っていた時代があると推測されるが、図書館などで調べても追跡はここまで
映画	洋画	また、随所に洋画『ガントレット』『ブルースブラザース』や『ルパン三世 カリオストロの城』(スバル360が閉まった鉄の扉にぶつかって山積みになるシーン、追っ手がとんでもなく沢山いるという設定)のカーチェイスシーンがオマージュされている
美術	洋画	しかし、中根邸においては全道美術協会創立の会合が開かれたり、「札幌洋画研究所」が開設されたこと、また中根邸に集った画家たちのその後の活躍などから、中根光一の功績をもっと高く評価しようというのが本展の目的である
