# 掃除: 水・湯・薬品で不要なもの特に汚れをおとす。足を洗う良くない仕事をやめて正業につく意、また、単に今までの職業をやめる意にも言う, 洗濯: 何かの刺激が精神的に清める働きをする。幽谷に遊んで心を洗うそのけなげさが心を洗う若葉の色に目が洗われる思いだ●の直接の比ゆ用法。, 海: 波が水辺などに寄せたり返したりする、また、かぶさるように打ち寄せる。岸を洗う波荒波が甲板を洗う
海	洗う	したがいまして、日本の沿岸、沖合には、太平洋岸、日本海を含めまして、あるいは東シナ海を含めまして相当程度の、これはまあいろいろの、場合によっては血で血を洗うような漁業紛争が起こりましたそういう経験にかんがみまして、底引きの禁止区域だとかあるいはまき網の禁止区域、そういったものが多彩に線引きをされておりまして、現在のところはそれが踏襲をされておるわけでございます
掃除	洗う	洗った米は、サンプルで割り出した時間に従い水につけるが、この時間は後の酒質に左右することからストップウォッチで時間を計測しながらすばやく作業を行うという
その他	洗う	日本海に面した小さな漁港で、漁師として働く修治(高倉健)は15年前に大阪ミナミでのヤクザから足を洗い、妻の冬子(いしだあゆみ)と三人の子供、そして冬子の母うめ(乙羽信子)と静かな生活を送っていた
掃除	洗う	ちょうど洗濯機に洗濯物を放り込んで洗濯をしている間に掃除機をかけるように、「ねこのて」にレシートの画像を放り込んで認識している間にお皿を洗ったりされたらいかがでしょうか
その他	洗う	癒し度満点の“子ひつじ”から、風光明媚な牧草地ののどかな雰囲気に心洗われる“ひつじたちの放牧風景”、ボーダーコリーに促されて一斉に移動する様が圧巻の“牧羊犬とひつじたちの物語”、黒い耳をピコピコ揺らしながら集団で走る姿が何とも愛らしい「サフォーク、走る」、たくさんのひつじたちが暮らす北の離島を訪ねる「ひつじの島」、そしてひつじに関する基礎知識をまとめた「教えて
掃除	洗う	【御椀】 鯛白子は立塩で洗い、塩当たりを付けた牛乳に一晩漬け、蒸して裏漉しし、玉子豆腐の地と合わせ、流し缶で蒸し上げて急冷し、桜花型に抜きます
掃除	洗う	昔は、デニムに使い古した味を出すために、無理やり何度も洗濯したこともあったが、とうとうジーンズもドライクリーニングで洗わなければいけない時代となったということか
掃除	洗う	水を使わず有機溶剤で洗う洗濯のことをドライクリーニングといいますが、洗浄効果を上げるために、溶剤だけでなく界面活性剤と少量の水も添加されています
掃除	洗う	ダニ対策として行っているのは「布団を干す」「シーツを洗う」などの寝具ケアが中心で、日ごろの掃除方法を聞いたところ、「掃除機がけの後にふき掃除」というパターンが最も多いという結果でした
掃除	洗う	あんまりゆっくり入れないからねという指令に、化粧を取らずに頑張っていた乙女重視組ですが、5時から行動組みが湯船でばしゃばしゃ顔を洗うのがうらやましかったらしく、結局顔も頭も洗ってました(笑)
掃除	洗う	食べ残しを減らし、食器や鍋にこびり付いた料理の残りや油を新聞紙でふき取ってから洗い、体に付けて洗う石鹸の量を減らすだけで、下水処理場の負荷は大幅に減ります
海	洗う	また、玉前神社、黒潮洗う九十九里浜、海水浴場、関東を代表するサーフスポット等、名所が数多く御座います上総一宮へお越しの際は是非お立ち寄り下さいませ
掃除	洗う	最初にスポンジや雑巾で洗うことはつまり傷をつけることだといったが、それを最小限にとどめること、それは部位によってスポンジを使い分けることである
掃除	洗う	パンダの女の子あららちゃんが、毎回、七夕の笹に洗濯物を干したり、海で石けんをつけて頭をわしわし洗ったりなど、ゆかいなミスをしでかす、というものだ
その他	洗う	最近では「洗ったもの負け」から一歩進んで「受け付けたもの負け(洗ってないのに責任を問われる)」ケースもあり、プロなんだから仕方がないと言われても、やりきれない、非常に気の毒なケースも目にします
海	洗う	その当時、草創期の日本海洋学界では、まだ日本列島付近を洗う黒潮の全貌をはっきり把握していなかったが、西表島北東沖を出発したおびただしい量の軽石群が、まさに絶好の海流瓶となって、黒潮の壮大な流れの模様をズバリ示してくれたのである
掃除	洗う	「蚊帳を洗いたい」という客の声に答え、地元で使われている漁網の織り方である「カラミ織り」を採用することにより、洗濯しても編み目がほつれない蚊帳を作ったのだ
掃除	洗う	朝も当然シャワーを浴びるので、その時は無添加の石鹸で軽く洗いますが、ゴシゴシ洗いや殺菌力の強い石鹸はは皮膚を痛めて乾燥肌が進み定在菌が減るのでお勧め出来ません
掃除	洗う	このようなことにならないために、汚泥やスカムを槽外へ引き抜き、浄化槽の各装置や機械類を洗ったりする作業を「清掃」といい、 法律で年1回以上実施することとなっています
海	洗う	高知の吉田商店では、黒潮洗う太平洋に面した土佐湾の沿岸で水揚げされる天然魚を新鮮なうちに加工し、一切の化学薬品を使わずに超低温(ディープフリージング)で冷凍し、供給していただいています
その他	洗う	皆一様に、見事に「プログレ」という音楽から足を洗っている(ウェットンは時折プログレ回帰することもあるが、ファン・サーヴィスの延長のようなものだ)
掃除	洗う	普通に雑巾を使う感覚で、素手で拭いていましたし、使った雑巾はまた普通に洗って使っていましたし、雑巾でふいた直後に手をさっと水で洗った程度で普通の生活に戻っていました(洗濯物を干したり食事を作ったり)
掃除	洗う	※ほとんどの汚れは熱湯のかけ流しで落ちますが、大きめのボウルなどに茶碗や油汚れの皿などを一緒に入れて洗うと、茶碗まで油まみれになって洗剤の使用が過多になってしまいます
掃除	洗う	まぁ困っているのは主婦の人だけではないとは思いますが、洗濯物を花粉症の時期に外に干してしまうとせっかく洗った洗濯物に花粉がべったりついてしまったりします
掃除	洗う	色の薄いカバーは汚れが目立ちますし、古くなると洗っても汚れが取れなくなるのですが、底がこのような素材でこのような色だと、そうでもないかもしれませんね
掃除	洗う	ある日、味噌五郎が田代原に行って、鍬で地を堀り、有明海に投げこんだのが山田村の三ツ島になり、そのとき鍬を有明海で洗ったのが、山田・愛野・沿岸のガタ海になったげな
掃除	洗う	国産のサイクロン式を使っていましたが、2、3回毎にゴミを捨ててフィルター等 洗っていたに関わらず掃除の後のくしゃみ鼻水が毎回の事で掃除機を使う事が苦痛でした
掃除	洗う	→リサイクル工場でも洗浄を行うので、完全に汚れを取らなければならないというわけではないが、リサイクル工程に入るまでに悪臭がしない程度に洗浄を行わなければならない(スーパーで行っているトレーも洗ってから出すように)
掃除	洗う	「きちんと手を洗ってハンカチで手を拭きながら出てきた人」に見える事を祈りつつ、けつを拭いたバンダナを慎重に捧げ持ち、つい癖でそのバンダナで手の水を拭き取りそうになった時の焦りが心臓の高鳴りに残ったまま、必死にごみ箱を探す
掃除	洗う	同時に、その異物とおっしゃっている中身でございますが、砂とかどろとか、大きいものはつけものの中へ侵入するということはございませんから、実際洗われなくてもお気づきになることもありましょうし、洗われなくても害がない、その程度のものは在来から使われておったわけでございます
掃除	洗う	手ぐらい洗えと窘められ、片手だけ洗う原田と洗った手を革パンで拭う巽、と言う教育上あまりよくないシーンですが、パトカーが炎上しても問題ない西部警察なのでそこはあまり問題じゃありません
掃除	洗う	で、外に出かけて戻ってきたときにちゃんと手を洗う人、洗わない人、トイレに行ってちゃんと手を洗う人洗わない人、事務の女性がチェックをしていました(笑)
その他	洗う	戸惑う弟子たちに、「もし、わたしがあなたの足を洗わないなら、あなたはわたしと何の関わり合いもなくなる」と言ってイエスが使徒の足を洗ったあとで、最後の晩餐へとつながるこの作品の舞台は、奥に流れる水路から見て、エルサレムではなくヴェネツィアなのだとわかります
掃除	洗う	私も以前、お風呂場で洗うのは理想だと思いましたが、お風呂場は寒いし、下半身全てを清掃することになることや、シャワーの跳ねかえりの心配、風呂場の清掃の必要もあり、介護する側にとっても大変な気がします
その他	洗う	そんな暮らしから足を洗ってしばらくしてやがてオートキャンプ流行の頃になってちょっとおっさん風味の面々とデイキャンプなどに行くようになり、ツーバーナーやそういった大げさな装備をいろいろ使ったりする中で、エキスペディション仕様の小型機材やツーバーナーなどの大型機材だけではなくテーブルの上で安定して使えるちょうどいい大きさのシングルバーナーが欲しくなり502に食指を動かすようになった
掃除	洗う	私は乱暴かもしれないですけど上の子の体を洗ってる間はお風呂場の戸の前に私の姿が見えるようにおいといて洗い終わったら浴槽にいれ下の子をいれてました
掃除	洗う	イモについてる砂を洗い流せるし海水で塩味がつくから、ホントにいいこと尽くしなので当然その群れのほかのサル達も同じようにイモを海水で洗ってから食べるようになった
掃除	洗う	そういった皮膚炎には、海水浴が効くという記述を読みながら、そういえば、夏になると、必ず放映されるアニメ「ほたるの墓」の中でも、汗疹ができた妹の背中を、兄が須磨の海で洗ってあげるシーンがあったな
掃除	洗う	話は全く異なるのですが、ショップ 0109(お得)店長は、ナノケアミストなど、何かにさわる毎に手を洗う習慣があるので、このようなアイテムを使うことにより、さらに手を洗う回数が増えそうです
掃除	洗う	足たしない船の中の淡水では洗っても洗ってもねちねちと垢あかの取り切れなかったものが、さわれば手が切れるほどさばさばと油が抜けて、葉子は頭の中まで軽くなるように思った
掃除	洗う	もっともポピュラーなのは、排泄物の汚れが広がっていくように考えて長時間手を洗う「不潔恐怖+洗浄強迫」と、スイッチを切ったかどうか、鍵を掛けたかどうかなどが気になり、くりかえし確かめる「確認強迫」です
掃除	洗う	※一般的な革製品やエナメル系ブーツを洗われる際に、毛の硬いブラシやざらざらしたスポンジ等で革をこすると表面にキズがつく恐れがありますのでご注意下さい
その他	洗う	会社消滅の際、支払いを心配する外注先に「もし皆さんに迷惑をかけたら、私が責任を取って業界から足を洗う」と一軒一軒、説得して歩いたにもかかわらず、結局は迷惑をかけてしまったことへの、真佐美さんのけじめだった
掃除	洗う	これから、お茶碗洗って、洗濯干して、買い物行って、 クリーニング出して・・あ、風呂も入らなきゃ〜〜w めんぢィw 掃除もしなきゃいけないし、洗濯物もたたまなくっちゃw で、Yシャツにアイロンして
海	洗う	波に洗われるというより、あまりに老朽化した船体を海水に侵されながら進んでいると形容した方がいい「グリュエトラル」を追手から庇うように「りゅうきゅう」は前進し、国籍不明艦の針路を妨害するコースを取っている
掃除	洗う	で、水銀を食べて下痢をしたフンドシを海で洗っていたら、海女さんが海からあがってくるのですが、これが オールヌードで股間にだけコンブをつけているという
洗濯	洗う	時には空を飛ぶカモメや海鳥を目で追い、また、遠くを横切る船に目をやりながら客室でのんびりとする時間は、いつしか自分が海と一体になったように心がすっかり洗われ、都会の疲れもどこかに消えていってしまいます
掃除	洗う	てっての時、一番大きなサイズのを4−5枚用意して普通の洗濯洗剤で洗ってたんだけど、だんだんニオイが残るようになって・・・(シニアになってアンモニア臭がきつくなってきたような・・・)ホームセンターで営業用のハンドソープ(クレゾール石鹸みたいな緑色の)に大きく「除菌」って書いてあったんで「これで洗えばいいかも」で
掃除	洗う	この頃は先のうち、一週に一度ずつ日曜日か月曜ときめて待っていた心持はなくなって居るけれども、やはり朝第一に、ホーサンで眼を洗うより先に、テーブルの手紙束をひっくるかえすのを見ると、結局絶えず待っているということになる
掃除	洗う	先週ゆっきんとあーちゃんと3人でご飯を食べに行った時に出た話しで二人は、上を向いたまま洗う派シャンプーを流すときは頭をやや後ろにして流すらしい・・・・私は、下を向いてガシガシ洗う派
掃除	洗う	引っ越しを控えて洗えるものはなんでも洗おうと、洗濯機をこきつかってたのが悪かったのか、エラー表示を出して動かなくなってしまいました(泣) 勘弁してくれよー^^; パソコンだったらまだどこがおかしいのかなぁと考える余地があるけど、家電の場合は見当もつかないのでお手上げですわ
掃除	洗う	いや、体、洗ってくれるって言ったでしょ」 「風呂に一緒に入ってくれなくていいから体、洗ってくれよ〜」 若「(いつものゲラ笑い)」 春「頼むよ〜頼むよ〜洗ってくれよ」 (諦めてお尻を洗い出す若林) 春「オゥフッ(連呼)」
掃除	洗う	ブルドーザーで黒くなった海岸を掘り、小さな油の玉を吸引機で吸い取り、熱湯で砂を洗い、石を手作業で磨き、海藻をかき集め、油を分解する微生物の繁殖を促す科学肥料を撒いた
掃除	洗う	久しぶりのシャンプーで 少し緊張気味のワンコさん('〇';)でも、すみずみまで洗わせてくれました ヽ(^◇^*)/ 2回のシャンプーを済ませ、終了
掃除	洗う	皮製品は洗っても大丈夫なのか、コルクのフットベッドを濡らしてしまうのは邪道だ、といったことをよく聞きますが、間違った方法で行わなければ特に何の問題もなく洗浄クリーニングが可能なようです
掃除	洗う	また、若女将のブログを見て旅行の想い出に「女将と遊ぶ陶芸体験」を予約しておきましたが、準備されてるとはとても思えない作業場に案内され、挨拶もない女性が雑巾のもみ出しやバケツを洗う等掃除に一生懸命で片手間の陶芸指導、口調もぶっきらぼうでとてもサービス業の人とは思えません
掃除	洗う	レノアプラス リラックスアロマの香り ボトル 650ml出版社/メーカー: レノアメディア: ヘルスケア&ケア用品柔軟剤はレノアのおひさまの香りを愛用していたが、リラックスアロマの香りが他のより200円近く安かったので買ってみたが、洗った直後なのに生乾きっぽい臭い
掃除	洗う	形状記憶カーテン(エバーカーテン)は全点、ウォッシャブルカーテン洗濯5回まで保証していますが、1年に1回〜2回洗うとして、5年〜10年といったところでしょうか
掃除	洗う	お風呂ユニットバスなんですけど我が家の、洗っみたいで最近は顔をしきますてるだけでも最近詰まりぎみなんです( ̄◇ ̄;)風呂と洗面台の排水は合流溢れて排水
掃除	洗う	水で湿し、洗剤をつけて洗ってさらに水を流して泡を流す、という作業を行ったあと、少し乾いたらウェットティシュで汚れがひどいところを拭いて、さらに緊張サッサで仕上げる、という行程をとったので、この1台だけで2時間以上の時間が必要でした
掃除	洗う	13:56しかし、祭司がこれを見て、それを洗った後に、その患部が薄らいだならば、その衣服、あるいは皮、あるいは縦糸、あるいは横糸から、それを切り取らなければならない
掃除	洗う	ただしこれまでのところ、汚れのひどいモノを洗う機会がなかなかないため、「落ちて驚く」ほどの洗浄力を実感するまでには、残念ながらまだ至っておりません
掃除	洗う	その評価法のひとつが、帳簿価額に掛けるんでしたね、洗おうと思えば海水でも洗えます、建築基準法の改定に伴い国土交通大臣より建築基準法に適合する商品として認められましたので、貸倒引当金について、 仕切りなおしだ、 、クマゴロウと呼びたく なるような1歳頃の私、そうします、&#;
掃除	洗う	まぁ、シャワーだけで一生過ごすヒトもいるだろうし、日本人は洗い過ぎるとも言われてるから気にすることもないんだろうけど、こういうトコだけ日本人気質だわなぁと思いますわ
掃除	洗う	;) 入居者さんに関係ない所に飛沫とか、汚れちゃった衣類をじゃぶじゃぶ洗いすっから、二の腕とか、洗って消毒してるけれども、何だか気持ち悪い気ぃもするし〜
掃除	洗う	リモコン・エンジンスターター使用なので出勤前起きて顔洗うとき リモコンでエンジンかけてるので その後服着て駐車場行くと10分くらいになるのです
掃除	洗う	そのため、低回転でやさしく「拭くように洗う」という、従来とはまったく異なる新感覚の洗浄メカニズムを採用することにより、ボディへのダメージを大幅に軽減し、安全で優れた洗浄力を実現している
掃除	洗う	あと美容院の冷シャンプーはたぶん頭皮がクールになる感じのシャンプーを使うことだけど、あの散髪屋の冷やしシャンプーは単に冷水で洗うよってことだと思うんだ
掃除	洗う	水流が落ちてきたら、プレフィルターの目詰まりが原因ですので、水槽内の水をバケツにくみ出し、そこで洗いましょう(水道水で洗うと、フィルター部のバクテリアが死滅します)
掃除	洗う	磨いたあと、メガネ用超音波洗浄器で、洗剤を溶かした水で洗いましたが、クレンザーやハンダの屑は必ずしもきれいに落ちず、やはり竹串で屑取りをしました
掃除	洗う	いちおう、料理も作ってるし、弁当と水筒もほとんど毎日持っていってるし、掃除も洗濯もするし、ペットボトルは洗って干してつぶして、牛乳パックは洗って干して分解してリサイクルに出してるよ
掃除	洗う	1むかご一握りを洗って熱湯で五分ゆで、水にさらす 2炊飯器に洗い米・水各三カップ・酒60cc・しょうゆ50cc・みりん10ccを合わせた中に、するめ二分の一枚とだし昆布十センチ角を入れ、一時間浸してから炊き上げる 3炊き上がったら、するめと昆布を取り出し、細かく刻で混ぜ込む
海	洗う	湾内の隠やかな風景とは対照的に、先ほど遊覧した湾の外側は熊野灘の荒波に洗われる洞窟や絶壁の続く男性的な景観で、ホテルや旅館などもこの豪快な海景を楽しめる場所にも建っており、部屋の窓からの風景は迫力そのものである
掃除	洗う	FRP(強化プラスチック)製のユニットバス等は研磨剤を使用したり、堅いたわしで手荒く洗うと表面が傷付くので、お掃除はスポンジや柔らかいブラシを使い、浴室用洗剤で
掃除	洗う	寝るのも一緒、食べるのも一緒、外出するのも一緒なので、洗うたびに彼からは黒い謎の汁が染み出してくるのですが、今回実家にももちろん持参で行きました
掃除	洗う	さて、無農薬なのでゴシゴシと洗う必要はないのですが、輸送中に付いたホコリなどを落とすために「半切り」と呼ばれるたらいのような容器でりんごを洗います
掃除	洗う	米カンザス州ウィチタで、着用していたジーンズを洗いたいと考えて押し入った男が、帰宅した家人に気付かれ、洗濯機の中にジーンズを入れたままパンツ一丁姿で逃走する騒ぎが、、、
洗濯	洗う	柔らかな木漏れ陽が射し、爽やかな風が吹き、サンコウチョウがやってくる、そんなゆうなの木の下で、すっかり心洗われるようなイイ時間を過ごさせていただきました
掃除	洗う	来られている方は慣れている方が多く、きちんと潮干狩り開始前に海水をペットボトルに汲んでいて、アサリを取ったら少し洗い、クーラーボックス等蓋がある入れ物に海水をいれて持ち帰っていました
掃除	洗う	洗う度にしなやかになり10年後が一番美しいとさえ言われるリネン、下書き鉛筆がチョッとはみ出したモノグラムS、キッチンタオル以外にセンター敷きなどに向くやや粗めな織り、手作り感いっぱいの味わいある1枚です
海	洗う	グアナバラ湾の入り口にある円錐形の一枚岩にロープウェイで登れば、大西洋の波洗うコパカバーナの海岸からその背後に続く海岸線があり、海岸にせまる山並みは深い緑に覆われ、その麓に密集したビルが連なっています
海	洗う	母親が臨月を迎えた9歳の少年「ボク」は、夏休みが終わるまでの1ヶ月間、黒潮が洗う伊豆半島の田舎町、富海に住むおじの家に預けられることになりました
掃除	洗う	そこでDawnは、今年のアースデーに向けて、洗剤1つ購入ごとに、1ドルの寄付金が野生保護活動のために寄付される、という寄付つき商品の販売を開始し、4月7日からは全国テレビで、野生動物をDawn洗剤でやさしく洗う様子を映し出したテレビCM、「Wash Away」シリーズを展開し始めた
掃除	洗う	すぐ、B1の第2バルコニーに着いた、トイレに行った、おしっこをした、手を洗って乾燥機で水を乾燥させた、綺麗だった、小はたくさん合ったが、大が少ない、次ぎ来た時には行列が出来ていた
掃除	洗う	普段はせいぜいカーシャンプーで洗った後、ワックスをかける程度で終わるのだが、この前からボディーについた水アカが気になっていたので水アカ取りを敢行
その他	洗う	横地氏は今秋にも予定されている大手仲卸との持ち株会社方式による経営統合にも触れ、「今まで我が社は港に係留されていた船だったが、これからは外海に飛び出して大波に洗われることになる
掃除	洗う	それはそのはず、アフロディテはいま海の泡から誕生したばかりで、下半身はまだ波に洗われている、体全体は濡れたままであって、濡れた髪の嵩はぼくらの経験でも極めて小さくなるものである
掃除	洗う	平日でお客さんもほとんどいなかったので、お風呂はふたりだけで 湯っくり 湯ったり~♪ 背中を洗ってあげたりして ちょっと 親孝行らしきことをしてみた
海	洗う	期間中の夕食時、対象民宿にご宿泊いただいたお客様に、地元漁師さんが、黒潮洗う内房の海で手塩にかけて育て上げた特選素材“黒あわび”を丸ごと1個サービスさせていただくスペシャルプランです
掃除	洗う	スポンジだと力が入りにくい浴槽のコーナー部も、ソフトブラシはコーナー部にフィットしながら回転するので、形状に合わせながらラクに洗うことができた
掃除	洗う	(途中道が解らなくなり迷っているとまた微かに川の音が聞こえてそちらへと時間をかけて来ると見つけ、川のそばに座ると上着を脱ぎ上半身を裸にするとその上着に水をつけ洗い始め、滲みるのか顔を歪め、血を拭き取ると傷の具合いを見て)
掃除	洗う	それと、洗いながら考えていたのですが、今の瓶やケースの保有数は、昨年辺りの最大飼育数に対応するものですが、今後、飼育数をぐっと減らす事にしているので、瓶やケースにもかなりの余剰が発生し、「勿体ない」事になりそうです
掃除	洗う	■雑巾を使い続けるなら、使った雑巾をちゃんと洗い、その後でギュッと絞って水を追い出し、雑巾を捻り込んだまま置いておけば、すぐには乾かないしいつでも使える
掃除	洗う	今まではおかまは水でさーっと洗い流してちょっとこすればもうキレイだったのに無洗米の場合は炊きあがったご飯をお茶碗に盛るときもしゃもじにいっぱい引っ付くわ、お釜にも沢山こびりついてまとめるのにえらい苦労するわ、洗ってもなかなか落ちないわで、正直キレそうです
掃除	洗う	昭和初期までは洗髪には体を洗うのと同じせっけんを用いることが多かったが、やがて合成洗剤製 (合成界面活性剤含有) のシャンプーが作られるようになる
その他	洗う	ロシア軍vsチェチェン反乱軍 血で血を洗う泥沼の激戦/最前線防衛ライン 通称“ストームゲート”を死守せよ/その使命を果たすため 男たちは強大な敵に挑む/勝利か
その他	洗う	ただ、全体的に見ますと、私のほうで中小企業全体の原価を洗っておりますが、その中で運賃の占める割合は、トラック便等の場合も含めまして、一般的には一ないし二%でございます
掃除	洗う	私は、実家でもずっと残り湯を使って洗濯(今みたいにポンプがない時代はバケツで汲んで)してたので、最後に洗ってしまったら残り湯がすごくもったいないな〜という気持ちです
掃除	洗う	シャンパーニュ地方を代表するウォッシュチーズ「ラングル」を、シャンパンのマール(Marc de Champagne)で洗いながら熟成させた贅沢なチーズです
掃除	洗う	洗剤やクレンザーでゴシゴシ洗ったりすると土鍋に傷がつき洗剤がしみ込むので避けるべきで洗剤の代わりに米のとぎ汁で洗うといいかなぁ〜と私は思います
海	洗う	海水に洗われている龍串の奇岩(写真)・・形状で名前がついている・・らんま岩・大竹小竹・蛙の千匹連等々・・に驚いていると、グラスボート出航の時間に
掃除	洗う	回答3 確かに、洗剤を使って水で洗うことは環境に負荷がかかるが、羽村市としては、容器包装プラスチックを出すときは、きれいな水を使ってだすように指導は行っていないので、例えば、お風呂の残り湯など活用するとか、また、拭いて汚れが落ちるものは、ボロ布などで拭いてもらい、出すようにお願いしている
掃除	洗う	具体的には、以前の住まいでは、愛犬と同じスペースでの暮らしだったために、犬の抜け毛などで汚れやすく掃除が大変だったことから、「掃除をしやすくしたい」、「散歩から帰ったら体の汚れなどを洗いやすくしたい」などの機能性と、「清潔な空間」、「明るい空間」にしたいというものでした
海	洗う	日本海の荒波に洗われ、様々に変化した巨岩や巨石を楽しみながら美しい群青色の海岸と地平線そして遠くに見える佐渡島の情景を楽しみつつ、小春日和のような暖かさに窓左右開け放ち、日々過ごしている時間経過からいえば殆どIWAMOTOの別荘のようになっているエルフの積載車は、代車の軽トラックをつんで「親亀之上に子亀を乗せて〜」鼻歌交じりにクルージング
海	洗う	難破船はあのままの姿で潮風に洗われていましたが、気のせいでしょうか、赤錆も貝殻も以前よりひどくなくなっていて、まるで病人が少し回復したようにも見えます
掃除	洗う	暑い日にボトルを忘れてエライ目にあった方、飲料の残ったボトルを洗うのを数日間忘れて恐ろしいことになった方、飲み物を買えば使い捨ての飲料ボトルが手に入るのですから、レースでもなければわざわざ専用ボトルを持ち出す必要は
掃除	洗う	わが家の話ばかりで恐縮だが、私の母は、色物・柄物/白い物/下着/雑巾を分けて少量ずつ洗うため、洗濯槽が小さい二槽式が好きで、流行遅れになってからも、二槽式を買い換えてずっと使っていた
その他	洗う	まずはそのサークルさんに謝罪をして、具体案をまとめて紙に出し、メンバーで負担額を頭割りするとか、編集作業も分担するとかで良いじゃないかと提案しても「俺はもうRPGから足を洗う」とかしか答えてくれません
洗濯	洗う	清少納言は枕草子の中で「野分のまたの日こそ、いみじうあはれにをかしけれ」(台風の翌日こそ、とてもしみじみとした風情がある)と言っていますが、空の色合いがちょっといつもと違い、草木が洗われて、少々風で姿が乱れながらもクリアです
掃除	洗う	普通の洗剤を使用してウェットスーツを洗ってしまうと、生地がいたんでしまったり、薄利してしまう危険性があるのですが、この専用の洗剤を使えば、有機物による汚れを取ってくれるだけではなく、劣化を遅らせてくれる効果もあるのです
掃除	洗う	私は比較的この「あと何回○○しなくちゃいけないんだろう」オバケに遭遇する機会が多いようで、食器を洗っているときや、ガスレンジ台の掃除をしているとき、部屋の掃除をしているときや犬猫のトイレを片付けているときなどもしょっちゅう「あぁあと何回
掃除	洗う	やれもしない洗濯を朝と間違えてお風呂で何かやってるのでお風呂でも洗ってるのかと思いきや、朝と錯覚してバケツの水につけてしまったから私はその尻拭いをする羽目になった
掃除	洗う	8歳、6歳の兄弟「ばーちゃんと3人ではいるのひさしぶりだね」3人でしりとりをしながら入りました、いつもは私としては疲れるからなるべくさけていたのですが、今日はパジャマ持ってきたので頑張って入りました、大きくなりお風呂が小さくなったような気がしました、洗う面積も広くなり成長を感じました(*^_^*)
掃除	洗う	昨夜私がお風呂に入っている間に、母が気をきかせて洗ってくれたので、その時流しちゃったのかな−と排水溝を見てもないし、ゴミの日でもう出してしまった後だしー、言葉には出さなかったけど心の中で「もう、お母さんたら」なんて、人のせいにしていたのよー
掃除	洗う	象牙の印鑑は乾燥等によるヒビ割れに強く、お手入れは水や石けんを使って洗って掃除しても良いですが、その時は水分を乾いた布できっちりふき取り、日陰干し (直射日光を避ける)で水滴などがとれた状態であれば、汚れやほこりはきれいにとれます
海	洗う	南極から北上するフンボルト海流がペルー海岸を洗い、東側にはアンデス山脈がある為、海岸砂漠地帯では年間平均気温は20度前後で一年中雨はほとんど降らない
洗濯	洗う	ッキのバルコニーへ出て潮風を感じたり、窓辺のソファに足を投げ山してくつろいだりしながら、太陽の動きに合わせて少しずつ色を変えていく海と空を見ていると、心が洗われていくよう
海	洗う	荒波に洗われ幾多の奇勝を形造り、荒々しい岩礁や断崖絶壁が続くかと思えば、砂浜や入り江が点在し変化のある山陰の海岸線そして、夕暮れとともに水平線の彼方に一灯また一灯と漁火が灯り変化する光景
掃除	洗う	用とて水圧だけで水垢が落ちるわけではなく、また、ボディ全体にムラなく洗浄剤をまくこともでき、スポンジで擦ったら噴射圧を調整してトリガー引くだけですすぎが行なえるなど、洗車場でクルマを洗っている
掃除	洗う	僕がこの場所を知ったのは、15年くらい前に高校の悪友達と海水浴へ行った時、行き当たりばったりで泊まった民宿が黄金崎のすぐ近くで その時、たまたま波が小さかった事もあって、沖合い20メートルくらいまで泳いで行き、潜ってウニを取ってきて塩水で洗いながら 食べた時の味が忘れられなくて、家族に食べさせてあげようともくろんだのですが、残念ながら今回は単独行動をする暇がありませんでした
掃除	洗う	洗車時いきなり汚れたお車に水をかけずにスポンジで洗い始めると、車についている砂やほこりでボディーをこすっている事になりボディーを傷をつけてしまいます、まずはボディーに水をかけてから洗車を始める事をお勧めします
掃除	洗う	海水につかった場合はもちろんのこと、防水時計は適度に真水で洗っていただき、ケースやベゼルの汚れ、汗等を洗い流して、柔らかい布でふき取ってください
その他	洗う	この「ちをかいすいで洗う」という話は、『こじき』の「じんむ記」にも、ごせの命がてにふしょうし、「海でちを洗ったから」血沼(ちぬ)の海というのだ
掃除	洗う	『春山行夫の博物誌・ クスリ奇談』(平凡社刊)によると、古代ローマでは"黄金"には薬効があり、黄金を洗った水に塩やら金属の混合物やらを混ぜ火にかけて、残った灰が痔に効くといわれていたそう
海	洗う	ゆったりと越後平野を流れて日本海に注ぐ信濃川をはじめとする越後の川と違って、この地の川は立山の雪解け水を一気に日本海へと運ぶので、激流に洗われた白っぽい小石が河原を埋め尽くしている
掃除	洗う	お化粧をする前に洗面器に少し水を入れて原液を5〜6滴入れ、(べとつくハチヤニが気になるようでしたら浮いている時に、つまようじか割り箸のような細いもので取り除く)よくかき混ぜてから顔や首筋、手の甲、腕を洗う、日焼けして帰宅した時も同様に洗う
掃除	洗う	汚れ過ぎてから、あわてて強力な洗浄剤を用いるのではなく、そのような不衛生な状態になる前に、常にマイルドなタイプの洗浄剤で洗う習慣をつけたいものです
掃除	洗う	食器を多分20人前くらい洗って拭いて乾かして、ちいさなたんすを二棹組み立て、其の間に掃除したりゴミを纏めたりあぁァァァァァこじゃんと仕事があるぜよ
掃除	洗う	カンピロバクター食中毒の原因となりやすいのは、加熱が不十分な鶏肉料理(鳥の刺身など)や鶏肉を扱った調理器具をよく洗わずに使用して作ったサラダなどです
洗濯	洗う	2枚は普通の邦楽から、2枚はオタソンから・・・ライトなのからコアなのまで その後城崎温泉のさとの湯へ・ ・・まぁボチボチな温泉でしたが日焼けで沁みる体を洗い、少し休んでから帰路につきました
掃除	洗う	そして、最後に左目を洗うと天照大神(アマテラスオオミカミ)が、右目を洗うと月読命(ツクヨノミコト)が、鼻を洗うと須佐之男(スサノオノミコト)が誕生しました
掃除	洗う	デリケートに洗う衣類(クリーニング店で割り増し料金設定の衣類)は、一般的な衣類(背広やセーターなど)に比べ、その割合が少ないので別ロットで洗うことになります
掃除	洗う	昨日までは朝7時半に起きてご飯を食べたら出かけていたのだけど、今日からは朝6時半に起きて7時半に出かけるまでに、布団を上げて、食器を洗って、風呂掃除をして、洗濯物を干す、って家事が追加されたよ
海	洗う	地中海の波に洗われる海辺というロケーションの魅力をゲストが享受できるよう、巧緻な計算が施された空間が、それこそ美しい罠のように館内の随所に配されています
掃除	洗う	実際に公共トイレでリサーチをしたアメリカンソサエティーフォーバイオロジーによると、90%の女性が石鹸を使って洗っているのに対し、75%の男性は手を洗わないという結果が出ていましたが、これはあくまでアメリカの話です
掃除	洗う	今までは手で洗っていたのですが、頭皮の油が多いので時間をかけて念入りに洗っても洗い足りない事が多くて、半日ぐらいすると頭が痒くなることがあったのですが、このブラシを使って洗うと短い洗髪時間で一日頭が痒くならないんですヨ
掃除	洗う	メッシュブレス・ブレスレットの汚れや目詰まりがひどいときは、水にうすめた石鹸水などにつけて、手や歯ブラシで洗い、その後必ず水洗いを行ってください
海	洗う	通常、黒潮洗う太平洋に面した宮崎の海といえば、すぐにフェニックスロードと言われる長閑な日南海岸を思い浮かぶが、こちら県北部は日南海岸とは対照的な「日豊海岸」(国定公園)といわれる壮絶なリアス海岸が、日南とは勝るとも劣らない特異な景観を誇っている
掃除	洗う	この店に来ていた客の男性が同店のトイレに入った際便座がなかったため、店員に尋ねたところ、同店で使用しているトレーや皿などを洗っている食器洗浄機から便座を取り出し持ってきたという
海	洗う	積丹・小樽海岸地区はニセコ積丹小樽海岸国定公園に属しており、海岸線は積丹半島の火山群の山裾が直接日本海の荒波に洗われ、海面から100m以上の高さの海蝕崖景観を形成している
海	洗う	このように日本列島沿岸を洗う海流も、いつも一様な流れを示すものではなく、温暖な時期には暖流は勢いが強くなって北上し、寒冷な時期には逆に寒流の南下が強まる事で知られ、海流の動きは常に地球規模の気候変動として同調している
掃除	洗う	ホコリ対策は毎日頑張ってます(笑)ホームセンターで洗って何度も使えるハンディモップも使用しているけどダスキンにしちゃおうか考えるくらいホコリが・・・(笑)
掃除	洗う	それで今では、自分で調合したオリジナルの濃いめの洗剤で、ブラシで洗って汚れをふやかした後、一回汚れ分を吸い取って、その後ポリッシャーをスポンジパットに付け替えてから、細かい汚れ落しと濯ぎを兼ねて、もう一度たっぷりの、お湯洗いをしてるんだ
海	洗う	一方、雄大な自然、悠久の文 化・歴史を誇るとともに、黒潮洗う海岸線やマリンブルーの海、さらには白浜温泉などの豊かな観光資源に 恵まれている南紀熊野地域は、
海	洗う	黒潮、親潮に洗われ、珊瑚礁、マングローブの海から、流氷も来る夢のシーカヤックフィールド、JAPANの海へ、自分のカヤックで自分自身の等身大の旅に出かけてください
掃除	洗う	また、夜髪を洗わず、皮脂や日中の汚れを残したまま寝てしまうと、枕でその汚れを頭皮や髪に擦りつけることになり、実はニキビの原因になったりもします
掃除	洗う	そのかわり申しわけないけれども住民の皆さんは洗って、回収ボックスをつくっておいてもらってそこへ返してもらう、そういう気を起こしてもらう、そういう努力をしなければならないと思うのです
掃除	洗う	広くて浅いので、山卸しという酒母をすりつぶす作業を行ったり、「限定吸水」をさせる吟醸米の洗浄兼吸水を行ったり、また、一般の酒米の洗浄や、熱湯を入れて道具を洗ったりするときに使う、多用途に使用される酒造りの道具です
海	洗う	帰路は右手に黒潮洗う熊野灘が延々と続き、山か海かしか住居も生業もどこにもありえない、「熊野」という土地の不思議さや美しさや貧しさをいろいろと感じることが出来ました
海	洗う	大磯海岸海開きの際に行われました海上神輿渡御の様子です 沖に出た神輿は時折高い波に洗われます 撮影中もカメラは容赦なく波飛沫を被り最後は水没・・・ 参加された皆様お疲れ様でした
掃除	洗う	一旦洗って表面の塩を流し、ハーブ類(ローズマリー、タイム、セージ、ジュニパーベリー、クローブ、ニンニク、コショウ、屑野菜など)を煮立てて冷ましたハーブ水に、漬け込んで数日
掃除	洗う	ホームパーマをしたことがある方はわかるかと思いますが、パーマ液をつける前に髪を洗ったり、第1液を洗い流してから第2液をつけてまた洗い流したりと、なかなか面倒です
掃除	洗う	また汚れ落としのために洗剤に入っている酵素が残っているとそれが肌に悪影響をおよぼすそうなので、洗った衣類を干すときは肌に触れる裏側をよく日にあてて酵素を死滅させるようにするっていうのをわが家では実践してます)
掃除	洗う	一週間遊んでいた間に溜まりに溜まった洗濯物を片端から洗い、伸びに伸びた庭の芝を芝刈り機でバリバリやって、ジャングルと化していた畑のトマトを剪定して添え木をし、10Gbのはずなのになぜか1
掃除	洗う	顔やカラダをゴシゴシ洗っていないか、手のひらを逆さにしても落ちないくらいの弾力・ボリュームのある泡を使っているか、保湿は十分出来ているか・・etc
掃除	洗う	当初は肌が厚かったせいなのかゴシゴシ洗ってもヒリヒリ感なし、、現在は毛穴が目立たなくなり、軽く撫でるような洗浄方法で十分、強すぎると若干ひりひりします
海	洗う	太平洋の黒潮洗う室戸阿南海岸国定公園の白眉である八坂八浜の一部で大阪峠、内妻の浜、松阪峠、古江の浜と続く海岸線で、かつては土佐街道の難所であったが、今は国道も整備されドライブにも最適なルートとなっています
掃除	洗う	フレックスブラシは、角ばっているところも曲線になっているところも形状に合わせることができて、これまで洗いにくかった箇所の汚れもしっかり落とすことができます
掃除	洗う	と言われ、それからは髪の毛を洗って抜けるのも恐く、外に出るときは帽子をかぶり、本当に心配していましたが、ケフトルという会社のシャンプーを使いはじめ抜け毛が減り今は、以前のようにふさふさになりました
海	洗う	ただ、当初報道された中曽根素案が「日本国民はアジアの東、太平洋と日本海の波洗う美しい島々に、天皇を国民統合の象徴として古より戴き、和を尊び、多様な思想や生活信条をおおらかに認め合いつつ、独自の伝統と文化を作り伝え多くの試練を乗り越えて発展してきた
掃除	洗う	すると節分祭当日、早朝手桶の水を見ると、鬼が手を洗ったのか足を洗ったのか底に砂が沈んでおり、鬼が泊まられたという証をとして、その砂を確認後、節分祭が執り行なわれる
掃除	洗う	お茶のみ茶碗に米をてんこ盛りして、それにお茶をかけて、それを4つの私がいただいたんですが、そのおばあちゃんは、生活が苦しくて、秋に稲こぎをしますと、そこに籾殻が捨てられていますので、それをほうきを背中にさして、あるいはちりとりを持って、籾を掃いて、それを洗って乾かして、それを瓶に入れて突いて、それを4つの私に食べさせてくれる
洗濯	洗う	普段体をきたえていないということもあって、スノーケルはそこそこにして(といっても海中の光景には十分心洗われましたが)、時間の止まった、海の上独特のすがすがしい空気にしばらく浸っていました
掃除	洗う	芋を洗うがごとく混雑した温泉に入り、 もう当分カニは見たくないというほどカニを食べ、 城崎マリンワールドでトドやセイウチの姿に癒やされ、 昨日の夕方に帰ってきた
海	洗う	往時、久慈川はレリーフに写した通り、市街地の軒下を洗うように流れて海に注いでおり、古くから漁港として機能し、地域の産業経済を発展させ住民の生活を安定させた中心地でした
掃除	洗う	犯人の家族は、(犯人のことを)単なる潔癖症だと思っているようだけど、真っ赤になるほど手を洗ったり、外の汚れが気になって家に帰ったら すぐに服を着替えなければ気が済まなかったり、爪切りで足の爪を切ると怒こる等の行為は、やはり、強迫性障害(不潔恐怖)の症状でしょう(※もちろん、『強迫性障害』自体は、他人に危害を加える病気ではありません)
海	洗う	海岸沿いに群生するヤシの木越しに見る夕景は絶景で、眼下には鬼の洗濯板といわれる波状岩が波に洗われる姿を見ることができ、まさに日南海岸随一のビューポイントだ
掃除	洗う	早く抱っこしてあげて」って、作業着のまま行った私は「いや汚いし、慌てて来たから手も洗ってないし、第一こんなちっちゃい赤ちゃん抱いて壊しちゃったら嫌だから」って言っても「お父さんなんだから
掃除	洗う	いつものように、バスルームでお湯をかけてシャンプーで洗って、シャワーでよくシャンプーを洗い流して、タオルで拭いて、ま、このあたりで外に出してあとはドライヤーかなぁ
海	洗う	昭和49年9月1日、東京都狛江市猪方地先の二ヶ領用水宿河原堰堤付近において、堤防が洗堀決壊(流れに堤防が洗われて、水があふれたわけでもないのに堤防が崩れること)
掃除	洗う	で、毎日使い続けて約2週間ほどで使いきってしまったのですが、使い始めた頃はあまり違いを感じなかったけど、数日使い続けてたら、洗っている時も洗った後も髪が滑らかな感じに・・・
掃除	洗う	日常清掃、定期清掃を問わず、拭いたり、洗ったりする作業工程の中に、”除菌剤配合 のケミカル”を使うことによってクリーンになるだけでなく、同時により衛生的な 処理も行われます
掃除	洗う	夏の関西汽船はお客様がいっぱいで坂手港に到着し、芋を洗うが如く、賑わっていた時代から観光形態やお客様の志向が大きく変化したことを認識し、一回、頭の中の記憶をリセットしなければならないのであろう
掃除	洗う	・カーテンを月1回洗う(が、誰も信じない) ・アムステルダムの運河の写真で・・・をすると誤解される ・部屋の写真が勝手に変えられる度(運河→橋→氷山)ひどく混乱する ・
掃除	洗う	今日はわんこのシャンプー♪目標は全員シャンプーですっっ今までやったことないんだけど 今日は暑いので エアコンの設定温度を少しあげて・・・洗ったわんこを部屋にだしちゃって・・・少し半乾きの状態で放置しちゃおうかと・・・そして 何頭か洗ってから 半乾きになった子達をドライヤーこれなら 一日に全員洗えるかも・・・・
その他	洗う	その他近海の救難曳航などをやるうち、日本の会社が自前の同型船を新しく買ったのでこれに移ったが、のち家族の病気によって足を洗い、陸に上がって海上自衛隊に納入する訓練用磁気機雷の製造に従事した
その他	洗う	結局、洗って錆が浮くのは仕方が無いと判断し、錆が浮いた状態で乾かしてから、サビ止めサーフェイサーを軽く吹き付け、その上からゴム手袋をしてケバの無いウェスを準備してゴシゴシこすりました
掃除	洗う	サラダ油のボトルに熱湯と洗剤を入れてシェイクしたら、栓がボンと飛んでひっくり返ったことがあります(笑)ゴミを洗うだけでなく乾かすと言う過程もストレスの元です
海	洗う	海彦など、この手の話は黒潮に洗われる太平洋岸のものと思っていたが、今回、丹後半島を回ってみて、この地が文化的には南方的な海洋文化との結びつきが強いことを知った
海	洗う	或る夜突然何ら風にあおられぬのに、その地へ波が二度三度と(押し寄せ)、非常なざわめきと轟音をもって岸辺を洗い、町よりも七ブラサ以上の高さで(波が)打ち寄せた
掃除	洗う	今回取材にうかがった渋温泉は、石畳の続く昔ながらの温泉街で、九つある外湯のほか、お金を洗うと増えて戻るという「銭洗い温泉」や、竹筒をふって出た番号の外湯に行き、願い事を書いてくくりつけると夢がかなうという「夢ぐり願い処」もありますので、年のはじまりには、湯けむり蕎麦鍋を食べてから開運を願うというのもよろしいかと
海	洗う	さらに言えば、泳ぎだしてわかったんだけど地形の関係で海岸の中央あたりに、沖へ押し戻す流れがあって、引き潮だったもんだから、波に洗われているウチに「アレ
掃除	洗う	やや全体的に汚れた感じ(洗うか全体を細かいスポンジペーパーで研くで充分綺麗になるレベル)程度で心配された関節部の塗装の剥げは起こりませんでした
掃除	洗う	200gの葉っぱなのに、カビがきたらイヤなので洗った後、一枚ずつ丁寧に拭いていたらそれだけで2時間・・・残りの葉っぱで紫蘇ジュースを作ろうと思っていたけれど、時間がなくなって出来ませんでした
掃除	洗う	ざるの中の紙幣や硬貨を洗うとお金が増えるといわれる銭洗弁天宇賀福(ぜにあらいべんてんうがふく)神社、境内の鳥居と石段の間を江ノ電が走る御霊(ごりょう)神社、鎌倉最古の神社である甘縄(あまなわ)神明社
海	洗う	黒潮の洗う芸西の海岸では時には地引網漁が見られ その先に手結岬が突き出て見える 野市の古い町並みに入ると 道は分かりにくい しばらくは 龍河洞への標識にそって走るとよい
掃除	洗う	若いうちは真っ白で、汚れも目立って破れやすいけど、使い込み、洗い込まれるうちに、真っ黒で硬い、ほら、小学校の使い込まれた一枚岩みたいな雑巾、アレになって、少々の砂だらけの土間を拭いても、汚れも目立たなければ、ほころびも気にならなくなる・・・
掃除	洗う	2の水に当ててブラシで擦るというのは、版木の保存を考えると抵抗があったが、汚れがひどいのと、専門の刷り師も洗う時はそうしているとわかったので敢行した
掃除	洗う	という人もいるんですけどねぇ・・・食器や鍋等シェアするものは、フラットメイトを説得して洗ってもらうようにするか、諦めて自分が使うに度にもう一度洗うしかありませんね
掃除	洗う	次には「それではこれから逆性石けんで手を洗ってきてください、それで菌数がどれだけ減るかを調べます」と指示され、手洗い所で手を洗ってふたたび会場へ戻ろうとすると、僕の手に測定器を当てた係の「駄目だ、こんなに少なくちゃサンプルにならねぇ」とぼやく声が聞こえてきた
掃除	洗う	ゴシゴシ指で洗うと抜け毛が気になるのですが、このシャンプーはゴシゴシしなくても髪に負担をかけずに毛穴の中までしっかり汚れを落としてくれるので気に入っています
掃除	洗う	毛穴の奥までとことん洗いつくす ■ 皮脂・汚れ・ザラつき・黒ズミ(毛穴汚れ)までごっそり洗いつくす砕けるスクラブ&超微粒子スクラブで毛穴の奥の汚れ(黒ズミ)までごっそり洗いつくす
掃除	洗う	子供の頃は入浴一回につきバスタオル一枚使用毎回洗濯でしたが大人になって自分で洗濯をするようになってからは4〜5回使ってから洗うようになりました
掃除	洗う	よく、テーブルにこぼしたカスとか、子供の口の周りの汚れとか目やに、自分がくしゃみしたあとの鼻、洗ったあとんぼ手などをサリーの裾でこすってる&拭いてる人、見かけます
掃除	洗う	伝統的助産師は、衛生的な知識もないために、出産介助の際にも石鹸で手を洗わず、道に落ちている石やガラスの破片で赤ちゃんとお母さんを繋ぐへその緒を切ることもあります
海	洗う	足摺半島から竜串、沖の島にかけての海域は、黒潮の本流が土佐湾沖を流れ、その分岐流がこの海岸一帯を直接洗うため、平均水温が夏に25°Cを超し、冬にも16〜18°Cであることがこの海域の海中生物の分布を特徴づけている
掃除	洗う	◎まずは水差しが我が家に届いた日は、水差しを柔らかいスポンジにほんの少し洗剤を泡立ててざっと洗い、水気を切ったら、水道水を目盛りまで入れました
掃除	洗う	指先でゴシゴシ洗うと角質を痛め、頭皮が荒れてしまうので、きめ細かい泡で汚れを描き出すイメージを持ち、指紋の渦から第一関節までの指の腹を使って洗いましょう」
掃除	洗う	要するにタオルを湯船につけると汚いということであったが、私にとってタオルは体を洗う目的と、大事な部分を隠す目的とがあり、タオルを湯船につけないようにするには、腰に巻いたタオルを湯船に入る前にいったん取らないといけないということがあり、タオルをさっと外して頭に載せ、湯船に飛び込んでいた
掃除	洗う	出発一週間程前、八百屋の店先で真っ赤に熟れたポモドリーニを見つけたので、いつもより多めに買って帰って奇麗に洗った後、トマトを瓶の中に詰め鍋で約30分煮込み、そのままお鍋の中で冷まして1瓶だけですけど、トマトの瓶詰めを作りました
掃除	洗う	ガスールが持つマイナスイオンが皮脂を吸着するため脱脂力に優れており、顔を洗うときはクリーム状に練ったガスールを肌にのばし、優しくなでるようにすれば汚れが除去できる
掃除	洗う	汚れのひどい場合は、洗剤を直接ふりかけこすると効果的ですが、ステンレスその他表面に傷がつきやすいものは、洗剤をふりかけた所にふきん等をしいて熱いお湯をかけ1時問位置いて洗う
掃除	洗う	食器洗浄器の型が古いからか、一旦さっと洗ってから入れないと汚れが落ちてないときがあって、がっかりするので、専業になってからは必ずさっと洗ってそれから洗浄器へ入れる
掃除	洗う	一度洗ってから着せようと洗い出したのはよかったのだけれど、結局冬物なども洗ってしまおうと考え、オレしか扱えない洗濯機に踏ん張ってもらい3回洗った
その他	洗う	この場所は、後ろに見える釣船・第5豊栄丸が止めている船着場で、赤いズボンをはいた船長さんが釣りが終わると船についたコマセを洗う為か、夕マヅメにはクロダイが寄っていることを船長さんから良く聞いていた
掃除	洗う	[使用方法]●スポンジ・泡立てネットやタオルにお湯を含ませよく 泡立てたのち、お顔やお身体をやさしく洗います、 その後きれいなお湯で洗い流してください
掃除	洗う	鹿児島県阿久根の海で、朝採れ立てのムラサキウニを一粒一粒丁寧に取り出し、海水で洗い、布に広げ、天然の塩を一塩(2%)して水分を落として瓶詰めにしたものです
掃除	洗う	サクちゃんな、「洗う」って言うたら、パブロフの犬さんみたいに、洗剤持ってしまうねんやんか、それでなにげなく、当たり前のようにスポンジに洗剤つけて、たまねぎ洗っとったらな、おとうが目を丸くして、次の瞬間にサクちゃんの顔を覗き込んで、ゲラゲラ笑いはんねん
掃除	洗う	因みにイソメに付いては、現地についたら海水でイソメについている軽石(ギョーカイ内では「バーミライト」と呼んでいます)を洗ってあげ、同じく海水につけておくと元気が戻ります
掃除	洗う	ただ、この場合、液体洗剤を入れてすぐに洗浄をスタートするという条件付きで、タイマーをセットして洗った場合などに、液体だとミスト発生部に洗剤がとどまらないため効果が薄くなるそうです
掃除	洗う	息子用の衣服は、大人と混ぜずに単独で洗っているので(今も)、洗剤まで分けなくてもよかったかもしれませんが、ま、大丈夫という確信がほしかったのかもしれません
掃除	洗う	食器を洗うための用具は、ウレタンスポンジに始まり、洗剤を使用する必要ないと表示する、ナイロン、ポリエステル製のマイクロファイバー、アクリル毛糸製、またがら紡織りの綿製品など数多くありますが、竹布キッチンクロス(食器洗い用)は、天然抗菌竹繊維(TENBRO)100%を使用しているため、雑菌が繁殖しやすい水廻りにあっても、カビないし臭わないので、衛生的です
掃除	洗う	前項で書いたように体を洗わずまっすぐ浴槽へ向かうと、浴槽の手前でいきなり危険状態になってしまうこともありますので、そうした危険を回避するためにも先に体を洗ってあげましょう
掃除	洗う	それは同じ「洗うこと」ではあっても、主人公女性とは異なる水と石鹸の使用法であり、異なる方向への運動であり、つまりは「洗うこと」が可能にする別の世界の光景を示しているのである
掃除	洗う	熱湯を掛けて洗えるものは洗うに越した事はありませんが、床や壁、カーペットや椅子などは洗えない場合が殆どですから、拭き取った後でスチームを掛けるとバッチリです
掃除	洗う	たまに、洗剤をまいた後ポリッシャーで一生懸命時間をかけて洗っている人がいますが、ポリッシャーを使う目的は汚れを落とすのではなく、洗剤をまんべんなくなじませることが目的です
掃除	洗う	私も主婦になって、実家にいるときは全くしなかった皿洗い、お風呂掃除等を毎日するわけで、手を洗う回数も格段に増えたので、こういう優しい石けんで手を守ることも大切かなぁと思いました
掃除	洗う	お釈迦さまが瞑想に耽られた木(ニーム:インド菩提樹)の枝から、初めての歯ブラシ(ふさ楊枝)を考案され、読経や説教の前に手を洗い歯木で歯を掃除することを指導されました
掃除	洗う	スプレーなのか、おもらしなのか、いらいらしてるからか、何度か布団の上でおしっこし、そのたびにシーツを洗い、布団は拭いてからドライヤーで乾かしました
海	洗う	キラキラ光る貝殻、波に洗われたシーグラスなど、もし私が拾わなかったら、波にさらわれて今度はどこまで流されていくのか・・・そんなことを思いながらバケツに入れました
掃除	洗う	★シャンプー洗髪と育毛髪を洗うこと、シャンプーを使うことを考えてみます★亜鉛サプリメントを摂取亜鉛サプリメントぁ 鮴歇莪~凜汽廛螢瓮鵐箸糧羈咾帆喨砲弔い董\xFAAGAドックを試す日々低出力レーザー育毛機で薄毛改善
掃除	洗う	段ボールを開けてみると大型スピニングリールやGTポッパーなどがガサガサ、錆び錆びで出てきました(泣)しっかり洗って注油したつもりだったのですが、、 釣り具以外にもパスポート(笑)船舶免許なども発掘
海	洗う	地域紹介: 本町は山形県の最北端に位置し、西に日本海を望み、東には鳥海山をいただき、南には酒田市及び八幡町に接して日向川が流れ、北に秋田県と接し、ほぼ正方形状の形をなし、白砂が波に洗われる海抜0mから鳥海山の標高2236mまでの急峻な地形を持っている
掃除	洗う	やはり、「母親が皿を洗うのを見たことがない」「トイレ掃除などという品位を下げる事をするなんて」という状況の富裕層の意識の変革が今、デリーの最もやるべき事ではないかと思う
掃除	洗う	指に絡みつくアオサの滑らかなミドリ、洗っても洗っても取れない砂、海水の塩鹹さ、海岸の岩の隙間から湧き出る鳥海山の雪解け水、冷たくて、歩いて渡れない、澄み切った流れ、川、焼けたサザエの焦げ臭、ニシガイの味噌汁、海水で洗っただけの岩牡蠣のツルンとした食感、おなかを膨らませて抗議する河豚、浜辺のスイカ割り、日焼けした後の熱い風呂、背中の痛み、眠れない夜
掃除	洗う	昔々学生の頃、利尻礼文にゼミ旅行して無断で海岸でウニを食べさせて貰ったよ(密猟ともいう・・)海水で洗ってそのまま食べても、炭で焼いても美味かった~もう運十数年前のこと・・時効だから良いよね^^;
掃除	洗う	身体を洗い終わった健太はセッケンで手洗いした体操服とブリーフを陽司に言われたとおり洗濯機の中に放り込んだのだが、終わったら呼べという陽司の言いつけを守るかどうか悩んでいたのだ
掃除	洗う	少し年配の店員の方は後片付けの掃除をしてらっしゃいまして、スプーンがない事を説明すると、お詫びをしてくださり、それはいいのですが、箒を持った手を洗わずにフォークとおしぼりセットを出したのはいかがなものかと・・・
掃除	洗う	その上、この不精癖はどんどん悪化するみたいで、昨日は私に言われて洗ったのはいいのですが、洗ったなべを下に向けずに、上向きのままで置いてありました
掃除	洗う	そのため、し尿浄化槽を使っている場合、洗濯した水や食器を洗った水などの生活排水は浄化されないまま地下に浸透したり、川や海へ流れ込み水質汚濁の原因となります
その他	洗う	このうち中部地区では、「第6回日本海未来ウオーク」(NPO法人未来、新日本海新聞社など主催)の最終日が「関金・琴浦コース」で行われ、約千四百人のウオーカーたちが雨に洗われて新緑が輝く春本番の伯耆路を歩き、思い出の足跡を記した
その他	洗う	旅 1972年 5月号 第46巻 第5号 特集/日本100の岬/岬の体験/立原正秋/都井岬の青い海/寺山修司/椿咲くみちのくの綾里岬/伊藤桂一/黒潮洗う鯨の岬/宇能鴻一郎
その他	洗う	沿海地区では市場経済はほとんどすべての人々を巻き込み、経済マインドで動く中国型経済人(ホモ・エコノミクス・シニカ)を大量に育成しつつあるが、内陸地区においては市場経済の波はまだ一部を洗い始めたにすぎず、本格的な波はこれからである
掃除	洗う	後述の参考図書にあるとおり、2合分のお米を洗い水切りを済ませたものに、より早く炊き上がるとの解説書通り、360(なんとなく+30)mlのお湯を沸かし入れて炊き出した
掃除	洗う	衣類を自宅で洗う、あるいはクリーニングに出す前に素材をよく確認し、表示を丁寧に読んで対処法を決めること、クリーニングや丸洗い以外の汚れの落とし方はないかと考えることが大切であろう
掃除	洗う	もうガスが出なくなっても、缶の中には、意外なほどカラーが残っている場合もありますので、最後に、缶を開いて、シンナーで洗うように、きれいに瓶の中へ全部出してしまいます
その他	洗う	「西洋文明に対して画期的な影響を与えたのがインドであり東(南)アジアであった」と指摘するのは、歴史を海から洗うという川勝平太『文明の海洋史観』である
掃除	洗う	普通の洗剤使って洗うとコーティングを痛めてしまったりするのですが、このフクピカだとそんな問題もなく、水なしでピッカピカ、しかも使い捨てだからついでにホイールなんかも掃除できてしまったりとかなり便利なアイテムなんです
掃除	洗う	富士山に腰を下ろし、内海(東京湾)で顔を洗ったというこの巨人は、或るとき、海をひと跨ぎにして房州にやって来ましたが、すぐに上総の方に行ってしまひました
海	洗う	僕がこうして八戸を離れて家でパソコンに向かっている間も、八戸の海辺では無数の波が岸辺を洗っていて、神秘的な泡の配列が生まれては弾け、潮騒が響いているだろうのに、それは誰にも記憶されない
その他	洗う	『日本文明と近代西洋』で、内向きの鎖国政策という低い評価に甘んじていた江戸時代を「鎖国はなかった」という視座から再評価し、『文明の海洋史観』を通じて、近代文明は東(南)アジアから始まったという(海から洗う)斬新な視点で、従来の陸地史観に大きな風穴を開けた著者の近著である
海	洗う	別名「さつま富士」と呼ばれる開聞岳(924m)は、東シナ海の黒潮にその裾野を洗われ日本本土最南端の美しい休火山として世界にその名を知られています
掃除	洗う	全体を洗う場合は家庭用クリーニング洗剤を使って、優しく手洗いされることをオススメしますファンデーションなどがビーズについたとき、固く絞ったタオルなどでふき取るだけでOK
掃除	洗う	新規入力徹底清掃ダスター洗ってます湯麺機メンテ福心漬け容器洗浄後、補充お盆全部洗浄ブース内TV、PCモニター拭いてますブース内の鏡も拭いてますなわけで、Gt先輩と寿司食いに行って、気合い入れ直してきます
海	洗う	大曲へ移って竿を出しましたがまもなくここも海水が 入ってきて逃げ出し、海釣り公園のはずれで竿を出しましたがここも海水に洗われてズボンの裾を膝までまくり上げないと濡れてしまいま した
掃除	洗う	【従来の技術】一般に、便器等の清掃には、柄の先端にブラシや合成樹脂発泡体等からなる払掃体を備えた清掃が使用されているが、この種のものは、清掃後に払掃体に付着した汚れが落ちにくく、該払掃体を洗うのに手間がかかっていた
洗濯	洗う	美しい秋の自然の中を走る2台を見ているだけで心が洗われるような気が・・すると交差点待ちでそのうちの女性の自転車と横並びに、私は普段は絶対に挨拶などしないタイプなのですが、この時は素直に「こんにちは」といえました
掃除	洗う	実は前回も石鹸シャンプーで洗ったのですが、シャワー後我が家のわんこがシングルコートのせいなのか、どうも毛のきしみに気になりレオママさんに相談しながら、シングルコートのわんこにはリンスが欲しいですとお話をさせていただいていたのですが、ふと「馬油」がリンスになるのではという話になり、今回のシャンプーは我が家のわんこで馬油リンスの試すというのが課題でした
掃除	洗う	部屋はドレスでいっぱいでジュディは思わずドレスを手に取ろうとして、リペット院長の服をさわる時は手を洗ってからにしなさいという言葉を思い出します
掃除	洗う	また、洗剤が少なすぎても汚れが除去出来ないばかりか再付着して「くすみ」の原因にもなりますので、洗剤は表示された使用量を守って洗うのが最も効果的です
掃除	洗う	また中腰の姿勢で顔を洗ったり、歯を磨いていると、上体を起こしたとたんにギクッと腰が痛くなったり、ジワジワと鈍痛を感じることがあるので、洗面 台に前かがみになるときには、10〜20センチの台に片足をのせると、腰への負担がかるくなります
掃除	洗う	焼き方で夫に怒られました(tt)電子レンジなら時間設定自動ですし、フライパンなら洗うのはフライパンだけですが、普通は焼き魚はどうすれば、また、何で
掃除	洗う	上神谷小の報告役を務めた6年の柳原貫太郎君(12)は「環境を学んだことで、家では洗剤を使わずに済むアクリルたわしで食器を洗うようになった」と話していた
掃除	洗う	ですから、常に手を洗っている職業の、医師や看護士さんたちは、風邪やインフルエンザにかかりにくいですし、家中が引いているのに、お母さんだけが元気、という家庭もたくさんありますね
掃除	洗う	体拭くのも「ゴシゴシゴシ〜♪」ってうちがやると、拭いてる真似するんだな〜♪ あ、ちなみにハンドタオルを持たせてます 顔洗うのも手に水つけて顔を触らせてたら、なぜか外から帰ってきてからの手洗いでも顔を触るように
掃除	洗う	長々と寝かされて沙希メイドがのしかかってきて、その肉体で洗ってくれるというハーレムプレイをしようとしたら、なんか腹とか胸とかが引っかかれて痛いんです
掃除	洗う	「なんで、凸凹なの・・」と言われた時ですが「ちゃんと顔を洗わないとオバちゃんみたいになっちゃうから、ちゃんと洗うんだよ・・」な感じでやり過ごします
掃除	洗う	でも、アトピーが悪化した時期に、昔からのやり方で、角度を工夫すれば(頭のてっぺんをできるだけ体のほうにに傾ける)、おでこにも、顔や首にもシャンプーやリンスがまったくつかないで洗えることに気付いたので今もその洗い方を続けています
海	洗う	黒潮が岸辺を洗うすさみ町は、紀伊半島の紀伊山地を背に雄大な太平洋に面し、海岸線は豪壮なリアス式海岸であり、熊野枯木灘海岸自然公園に指定され、人口は五千九百人余り、面積は百七十四平方キロ、県下五十市町村の中で十番目に広く、九三%が山林で占められ、農林漁業の町であります
その他	洗う	鉱毒事件には、初めは被害者に対する同情の念で関わったのだが、種々の政党間の多様な問題が含まれていることも知り、この政党色を帯びた事件から離れることを決めて鉱毒事件から足を洗った
掃除	洗う	もう何年も同じことをしてきているし――孤児院中の子供たちの顔を洗って拭いて、髪を梳き撫でつけて、糊の効いたギンガムの服をきちんと着せてやって、「返事は一回、お行儀よく」と97人分繰り返す
掃除	洗う	お風呂で体を洗う時には、汚れは落とすけれど皮脂は保護してくれるようなボディーシャンプー(フェローニアのボディーシャンプーがお勧めです)で優しく洗い、保湿ジェルを塗ること
掃除	洗う	度々お墓参りに行き墓石も洗っているが、艶が無くなってきたばかりでなく、一所懸命こすっても落ちないシミや水垢、何だか分からない汚れがあって気になる
掃除	洗う	洗剤をつけて洗っている間は水を流さず、洗剤をつけて洗って水で流してという過程を何度も繰り返すという非合理的かつ非経済的な方法だと無駄を垂れ流しているようなものです
掃除	洗う	手の皮膚の強さには無駄に自信があるので、パーツ洗浄用のサンエスK1のバケツに手を突っ込んで洗ったり、台所洗剤を使ったり、時にはパーツクリーナで吹き飛ばしたりもしますが、やはり専用品は良いですね
掃除	洗う	左目を洗った時に生まれた神がアマテラス(日の神、高天原を支配)・右目を洗った時にツクヨミ(月の神、夜を支配)・鼻を洗った時にスサノオ(海原を支配)が成り、この三柱の神は三貴子と呼ばれ、イザナギによって世界の支配を命じられた
掃除	洗う	通常のブラウスやシャツにつけるには安物で洗濯機でガラガラ洗うものしかもっていないわたしでは、ちょっと陶器のボタンはたいへんだな〜っとおもいましたが、バッグのアクセントにしたり、部屋の飾り物にたくさんつけても楽しそうだな〜って思いました
掃除	洗う	なので、多い日も汚れは気にならなかったので、普通のビニール袋にいれてさらに巾着袋みたいなのに入れておき、お家に帰ってから専用の洗剤で洗えばOKでした
掃除	洗う	雨の中探し当てた髪の毛の一部をバケツの水で洗ってみるとそれはトリシャさんの髪の色とは全く違うもの——掘り出された骨からもピナコばっちゃんが確認したところそれは男性のものでした
掃除	洗う	コインランドリーの洗濯機ですが、たくさんの患者さんや付添家族の方が使われるので、ゴミネットがいっぱいだったり、破れてなかったり、乾燥機は、ほこり(衣類の)がまい落ちてきたりで、管理してほしい事と、ぜひとも洗い方を選べる洗濯機を設置してほしいです
掃除	洗う	・ハンカチ・Tシャツなど、薄手のものはバスルームで洗濯して干しておけば一日で乾いてしまいますので、洗うつもりなら極力枚数を減らしてゆきましょう
海	洗う	爪木崎の砂浜には良く見ると、想像以上にさまざまな形の貝殻、珊瑚、ガラスが海で洗われ角が取れたシーグラスなどが豊富に揃っており、参加者の顔は輝いていました
掃除	洗う	そこで、洗剤革命とサドルソープを購入して、だめもとでごしごし洗ってローションを塗って、革自体は見違えるほど綺麗になったのですが、臭いはだめでした
その他	洗う	なぜなら、この男に会うと、笑いと元気をもらい、身も心も洗われ、最後は尊敬の念までをも抱かせられてしまい、そして何より癒されてしまっているからである
掃除	洗う	60cm水槽「海軍兵学校」は、5月の後半に発生した水カビでオヤジとオジサンを亡くしてから、水槽を大掃除し、パワーフィルター(フルーバル103)を洗浄し、大磯砂も洗ったのち、水草牧場として生体を入れずに回していた
その他	洗う	検視の結果、遺体に残された2つの弾痕は別々の銃から発射されたものであることが分かるが、被害者のケネス・アイズリイの身辺を洗っても、特に殺されるような理由は見あたらなかった
掃除	洗う	海水浴→家の前のホースから出る冷水で、ひーひー言いながら体を洗う→じいちゃんがバリバリにバスクリン(黄緑色のやつ)を入れてくれているお風呂に浸かる(時々お風呂場に沢蟹が出没)→おばあちゃんの切ってくれたスイカを片手に堤防の上でボラの群れを見る・・
掃除	洗う	海上幕僚監部によると、「くらま」は艦首部分に船体や甲板を塗り直すためのペンキ缶やペンキを 塗ったはけなどを洗うためのシンナーを積んでいたとされる
掃除	洗う	すなわち、多くの女性が日常使用するメイク等の他に、手を洗う「石けん」、髪の毛を洗う「シャンプー」、歯を磨く「歯磨き粉」などにも、化粧品に属するものがあるということです
掃除	洗う	まず保管する前にレンズの汚れを取る、これは保存液兼洗浄液で手のひらと指先を使いレンズの表裏を洗い[片面20秒ずつ]、その後すすぐのだが、余りこすりすぎると薄くなるばかりか、強度的にちぎれやすくなるようだ
掃除	洗う	朝起きて顔を洗うとき、トイレにいったとき、汗をかいたとき、お風呂に入るとき、寝具に包まれるとき・・・あなたは、1日の中で、何度、手や顔や身体を拭いたりしているのでしょうか
掃除	洗う	「寝太郎が船で佐渡にわたり、わらじに付着した砂金を桶で洗い集めてその資金で厚狭川をせき止め、大井手をこしらえて灌漑用水路を作り、荒れ地を豊かな水田にした」と伝えられる物語にちなんで、それぞれ船、わらじ、桶、砂金、をイメージして整備されています
海	洗う	古伝によれば、大物主神は、瀬戸内海の海水が深く湾入し、潮が常に山麓を洗う、湾奥に横たわる良き碇泊所であったこの琴平山に行宮を営まれ、表日本経営の本拠地と定めて、中国、四国、九州の統治をされたといわれています
掃除	洗う	そのため低回転でやさしく、「拭くように洗う」という新感覚の洗浄メカニズムを採用することにより、ボディーへのダメージを大幅に軽減し、安全で優れた洗浄力を実現している
掃除	洗う	その上、法規制の強化で、最新鋭の処分場であったにもかかわらず改良や修理が必要になってきていて、実際、同センターではゴムシートの緑化をしたり、あるいは搬入する車両のタイヤを洗う施設をつくったりと、改良にかなりの金が要るんですよということでありました
掃除	洗う	○洗うのに手間のかかるしつこい汚れ ・換気扇、お魚を焼いた後のガス台の五徳やグリルなど ⇒少量の水を足してペースト状にして塗り付け、しばらく置き、使用済み歯ブラシなどでこするとスルリと取れます また、無香料なので、冷蔵庫内の拭きそうじや、食器、ふきん洗いにも安心してお使いいただけます
その他	洗う	さすが さっくんですね☆ さっくんの幼稚園の頃の話 読んでいて思わず笑ってしまいました☆ 憧れの先生に洗って貰えなかったうえに、園長先生に怒られるはめになってしまって残念でしたね★ 子供の行動って面白いですよね
掃除	洗う	紫陽花達のようにMGに参加して第3の波の猿になるならないは別として、これだけの人が猿が芋を洗って食べたと同じように、第3の波というものを一度は味わったみたという事になるのです
掃除	洗う	そこで、これを予防するには、現に腸内に回虫がいるのであれば完全に駆除すること、そして、下肥は、わけても完全に腐熟していないものは、決して使わない野菜を、それも念のためよく洗って食べること、また手をよく洗って清潔にすることが大切である
掃除	洗う	「外側を洗って」、たとえば一日の終わりの身体を洗い、湯に沈めるひとときの安らぎも、さらに暗澹とざらついてゆく内側を自覚することでしかないという精神の屈折
掃除	洗う	大量の食器や鍋を使い、途中で洗いながら周りを片付けるということをしてくれないので、食器洗い機に入りきれず、料理を作ってくれたのにぶーぶー文句を言ってしまう悪妻であった
掃除	洗う	あかを一掃したことにじっとしている後に、更にアクセサリーを別の1の碗の清水の中で少し洗ってさらして、それから風を通してつきあって乾かすことに置いて、アクセサリーはしかしそのつやがある正体を回復します
掃除	洗う	方法:新鮮なホウレンソウはきれいに洗って、煮沸する水内を入れて、約2分さっとゆでて、すくい取って、訴える乾水の後で、入れて涼しい湯の中で約2分しみこんで、すくい取った後に、手で水に押し合いをしていって、段を切って、塩、ゴマ油に参加して、均等なことをかき混ぜてすぐ食用することができます
掃除	洗う	洗う成分の100%が植物生まれ・コラーゲンから生まれた洗浄成分配合、髪にやさしさ、自然にもやさしさ・いたんだ髪を補修保湿・もっと素敵にふっくらつやつや・乾いてもうるおいを逃さない・11種類の海藻と海のミネラルが痛んだ髪に・・・天然ならではのやさしい手触り、
掃除	洗う	天然の栄養が豊富なので洗っている 手で、ツルツル・プリプリになります♪ ただし、ダメージ毛のお客様に、縮毛矯正をかけるには、 シャンプーとトリートメントだけでは不十分
掃除	洗う	具体的には、例えば食器を洗うとき、台所用の洗剤をスポンジにつけて洗うわけですが、お皿が酸性になっている場合、つまり酢の物料理、ポン酢、ドレッシング、マヨネーズ、レモン、カボスなどの酸っぱいものが付いた皿を石けんをつけて拭きますと、石けんと酸などが反応して、石けんが油に戻ってしまうのです
海	洗う	海岸沿いの急斜面に、無数の小さな水田が階段状に連なっていて、その向こうに日本海の大洋が広がっていて、末端の基部の水田などは大洋の波が洗っているようにも見える
掃除	洗う	さて、一番心配だったむぐだいですが、むぐはやっぱり散歩の後にmugudaiパパが足を洗おうとしたら嫌がってやらせなかったらしく、口を拭こうとしたら怒ってタオルに噛み付き、ナント、奥歯が抜けてしまいました
掃除	洗う	彼是2年になるフライパン裏側が大分汚れてます こんな汚れは簡単には取れないと言う事で、スポンジで洗うくらいでした でも一応、新生 天使の洗剤・優っ子これはどうかな
掃除	洗う	黄佩は碗をよく洗って、これらの隅の中の汚い地方を発見して、拭いてすこし立ち上がって、劉天宇がゆっくりしてよっていって、佩は拭きますが、しかし耳はずっと劉天宇の身に置いて、目は見ますが、しかし劉天宇が自分が間近なことを知っていて、体は温め始めたことが分かりません
掃除	洗う	天草市五和町鬼池の引坂漁港ちかくの佐藤盛親さん方では五和町の沖合いの有明海で獲れたばかりの1キロほどのマダコの内蔵を取り出し、海水で洗い竹の輪を入れ1匹ずつ竹竿に吊り下げて竹の串を使って足を広げて形を整える
洗濯	洗う	a% r; W 青い空は一つの海のような工合で、そこにいささか見える浮雲は、さながら筆洗(ひっせん)の中で白筆(はくひつ)を洗ったように棚曳(たなび)き、冴え渡った月は陳士成に向って冷やかな波を灌(そそ)ぎかけ、初めはただ新(あらた)に磨いた一面の鉄鏡に過ぎなかったが、この鏡はかえって正体の知れぬ陳士成の全身を透きとおして、彼の身体の上に鉄の月明(げつめい)を映じた
掃除	洗う	ふろ場で身体を洗うため、由右也は裸になったが、ふろ場に入った由右也のおさげにしている左右の髪をわしづかみにしながら背中から美智子が裸になって抱きついてきたのである
掃除	洗う	それは以前、完璧主義の姿勢をとっていて、「水槽の掃除とはつまり、まずカメを外にほっぽりだして散歩させ、一人がその監視につき、もう一人は水槽を風呂場まで運んで水を流し、水槽の壁、岩、濾過器すべてを歯ブラシで丁寧に洗い、適量の水を入れてリビングまで運び、カメを外から戻し甲羅を洗ってやってから水槽に戻すことを意味する
掃除	洗う	製法は、鱗(うろこ)と内臓を除いて海水で洗い、丸竹や割竹を鰓(えら)から口へ通したり、あるいは荒縄に1尾ずつ通して吊し、3〜4日寒い潮風にあてて乾燥させる
掃除	洗う	自転車で出かける時には、私の後に乗せてもらおうと走ってきて、そのまま自転車に激突したり、お風呂で体を洗ってやる時に、私のあぐらの上に座るのですが、遠慮無くドカンと座るので、私はいつも恥骨が折れるかと思う程の激痛と戦っています
掃除	洗う	Spybotに引っかかったのはもうずいぶん前の話で、これも一回引っかかったので慌ててそのファイルをオンラインスキャンなどで徹底的に洗ったのですが、なんの問題もなく、Spybotもその一回だけで反応しなくなりました
掃除	洗う	でも・・・これ、学校で髪を洗う人、ほかの3人は冗談のように言ってますが・・・ 私は、男子校だったんですが、休み時間に廊下の洗い場で髪を洗ってるヤツ、何人かいたんんですけどね・・・
掃除	洗う	自身もいつもより丁寧に手を洗いましたが、結果は、指の間や手首、親指の付け根、爪の周りなど汚れが落ちていない部分が多く、いかに普段手を洗ったつもりで過ごしていたかが浮き彫りになりました
洗濯	洗う	ただ東山画伯の絵が海と山の自然がテーマであることは知っていましたから "山の雲""海の雲"と題した二点の雲の絵に海と山の自然の力強さが滲み出て居り人間の存在の小ささに気付かされて心打たれ本当に心洗われる思いであり展覧会に行った甲斐がありました
海	洗う	和歌山県は、紀伊山地の深い山々と大小たくさんの河川、黒潮に洗われる海岸線などの変化に富んだ地形、それに特色ある植生など豊かな自然環境に恵まれており、県ではこれまでもその保全に力を入れてきました
掃除	洗う	油汚れのひどい食器は先に新聞などで油汚れを拭いておいてから洗えば洗剤をつける量が少なくなるのでここでも経費の削減ができますし、環境に優しい洗い方となります
掃除	洗う	●日常生活用強化防水時計の場合、海水に浸かった後は、ケースについた海水をよく洗い流し、洗った後はよく拭き取りサビなどが出ないようにしてください
掃除	洗う	他県のある経験者は「便器に頭を突っ込む様にして素手でゴシゴシ洗い、さまざまな道具を駆使して徹底的にきれいにするのですが、終えてみると経験したことのない不思議な感動が湧き出してとまらないのです」というが、日頃から学校・職場・家庭でフツーに便所掃除している人たちは「今まで便所掃除さぼって人任せにしてきただけだろ
その他	洗う	時折入ってくるブローにガンネルを洗いながら、沖の御前を回ると、更に風が強くなり、そこかしこに白波が立ち始め、この季節の日本海特有の三角波が姿を現しました
掃除	洗う	‐ 着物はとても繊細ですので、ご家庭での洗濯のように、ゴシゴシ洗うわけにはいきません どうするかというと、着物の洗い専用のクリーニング液の中をゆったりと泳がすように洗ってあげます これが詰め込んで洗ったらどうなるか
掃除	洗う	そこをきちんと重要視しているクリーニング店は、洗う前に全てのボタンをはずし、洗って乾燥が終了したあとにまたボタンを全部縫い付ける、という途方もない作業をしている店もあります
掃除	洗う	おしゃれな素焼製水草ポット ご注意 コケや汚れが付着した場合は、キズが付かないよう、やわらかいブラシやスポンジを用いて水やぬるま湯でよく洗ってください
掃除	洗う	オーバーホールの場合、市販のスプレー式パーツクリーナーでは作業効率も悪く、 隅々まで洗い落とすことができないため、 専用の洗浄液でベアリングを洗います
掃除	洗う	私は購入した新刊書を抱えて帰宅すると、手を洗ってから、真っ先に新刊書のカバーと帯を外し、それらを製図用として市販されているトレーシングペーパーで包んでから、改めてカバーをかけ直し、いったん書棚にしまう
掃除	洗う	洗濯物は、たしかにすぐ洗っちゃったほうが汚れも落ちやすいし、量が少なければ楽ですよね夜洗濯っていうのもいいですが、さっくんの場合、その時間がないんだもんねぇ
海	洗う	化石漣痕とは海底の砂が波に洗われ痕を付け、その後地殻変動等により地表に出て固まり化石になる事との事・・・そんな化石漣痕が地元の宿毛市にもある事を知り一度見てみようと山に入っても大丈夫な格好で現場に行って来ました
掃除	洗う	レストラン:V7ブラシは本体ごと流水や洗剤で洗うことが出来、更にブラシ部分のみとり外して洗濯機やシンクで滅菌することが出来ますので清潔さが保てます
掃除	洗う	キメ細かい弾力のあるたっぷりの泡で洗うことによって、洗浄効果が高まるだけでなく、泡がクッションとなって擦り洗いによって起こる「摩擦」を防ぐので、結果「シミ」がない、透明感のある素肌美人になれるのです
その他	洗う	大反乱を経て、東インド会社の解体、そしてイギリス本国政府による統治となるなど、非常に大きな『行政改革』の波に洗われることになったインドだが、隣国ビルマも大きな変化の波に揉まれていた
掃除	洗う	水で顔を洗ったり、全身にシャワーを浴びたりすると心がほぐれ、心の中にも清らかな水が流れるような感じがして、気持ちが詰まってしまった時にはそうします
掃除	洗う	(青色/白色ツートンの場合は青色が室内側) また、フィルターを洗ってしまうとその性質上花粉やダストを吸着する特徴を失いますので必ず定期的(1年に1度を推薦)に交換をしてください
掃除	洗う	冷蔵庫に常備してあるお茶が無くなったので作ってくれたはいいけれど、私が既に洗って置いておいたポット分だけで(※お茶用ポットは2本使ってます)、自分が飲みきって空になった方のポットは、そのまますすぎもせず放置して "私に洗ってもらうのを待っている状態" になっていたとか
海	洗う	旗が上がり、いざ漁場に赴けばエンジンを止め、小船を洗う波音以外聞こえない静寂の中、両手で棹を持ち、方形のガラスを仕込んだ箱眼鏡をしっかりと口にくわえて水中に沈ませ、片足で魯をあやつりながらこれぞという昆布を探し出し、狙いを定める
海	洗う	2010年の5~6月には、いよいよ地球の極地の移動が始まり日本の海岸地方の全てが20~30mの津波に洗われる事になりますし、その時の振動で日本の家屋の殆んどは倒壊の憂き目に遭う
掃除	洗う	両足とも洗い終えると足が引っ込んで戸が閉まるが、女性が洗わないと北海道旅行はいつまでも引っ込むことはなく、この仕事のために女を雇っても、すぐに嫌がって仕事を辞めてしまった
掃除	洗う	これは、ユニークさの演出というより、カレー用のスプーンと、サラダ用のフォークを提供すると、洗う物がその分増えてしまうので、定食でも使えるフォークに一本化した、という事のようである(2008/01に行ったらフォークと共にスプーンも提供された
掃除	洗う	お昼時の洗い場は、洗っても洗ってもどんどん食器が山積みになり、戦場と化す忙しい場所なのだが、洗い場の主・牧子さんの指導のもと、吾朗さんはものすごい量のお皿をものすごいスピードで洗い上げていた
掃除	洗う	丸裸にされた白兎がその痛みで砂浜で泣いていると、八上姫という美しい姫をお嫁さんにしようと因幡の国に向かっている大国主命の兄神様が大勢通りかかり『海水で体を洗い、風に当たってよく乾かし、高い山の頂上で寝ていれば治る』と言いました
掃除	洗う	自宅で洗う場合には、まずタグなどに表示されている取り扱い方法を良く読んでから、ダウン専用の洗剤で洗います(専用洗剤はアウトドアショップで購入できます)
掃除	洗う	一般的に販売されている葛きりは、乾燥タイプがほとんどですが、 このBimi Smile「吉野の生葛きり」は、使う時にさっと水で洗った後に 簡単に使うことができる生タイプです
掃除	洗う	そして、淳君の首を洗うのに使ったタライ、髪をとかしたクシかブラシ、タオル、そして風呂場そのもの――これらから、ルミノール反応は検出されたのでしょうか
掃除	洗う	ホワイトキルトをしているときは、汚れてはいけないということで化粧もせず、手を石鹸で洗い、ホワイトキルトを風呂敷で包んでキルティングをしたんだよね
その他	洗う	十九世紀中葉のフランスの作家、ブルターニュ地方の名門貴族の出自を持つヴィリエ・ド・リラダンは、精神の孤高を持しながら、生涯赤貧洗うが如き生活を送ったという
掃除	洗う	「あの風景は、ここムルンダヴァでしか見ることが出来ないんだなぁ」と独特の風景に圧倒されつつ、久々のシャワーで髪の毛を洗ったら、赤茶けたマダガスカル色の汁がたくさん出てきましたとさ
海	洗う	徳島県日和佐港より黒潮洗う太平洋をフィールドにして季節に応じた最適のソルトウォーターフィッシング(餌釣からルアーフィッシングまで)を御提供致します
掃除	洗う	最初は、お宿まで送迎バスが来てくれるし、部屋もお風呂も新しいし、お食事も一番高いコースにしたし、期待大だったけれど、伊勢えびって聞いてたのに出なかったし、その説明も無いし、お茶入れようと急須開けたら、洗ってなくて茶色い液体が薄く残ってるし、湯呑みうけも洗ってなくてべたべたしてるし、おしぼりで拭いたらおしぼりが茶色くなった
掃除	洗う	まな板、包丁、食器、ふきんなども使用後にすぐに洗うとともに、熱湯(85°C以上で1分以上)または、100倍に薄めた塩素系漂白剤で消毒することが有効です
掃除	洗う	掃除業者は、重曹水や洗剤液に1時間くらいファンを漬け込むらしいのだけど、我が家の場合は、15分ほどで水がグレーになり、適当に水中でファンを手動で回転させてじゃばじゃば3分ほど洗って、ひきあげて触ってみると、油っ気が十分払拭されていたので、これでシロッコファンの掃除は終了にする
掃除	洗う	パンフレットでもご紹介している通り、ブラッシングと予洗い、よく泡立てたシャンプーで洗うこと、しっかりとすすぎをする事など、ポイントをおさえた洗髪法をお勧めします
掃除	洗う	ペットボトルに水をため、朝、その水で顔を洗って歯を磨き、コンタクトレンズをすすぐ・・という、毎日がキャンプみたいな給水制限の生活は納税者としてもうゴメンである
その他	洗う	ほかの方だと「生半可な気持ちだと死ぬぞ」とか「足洗うのは死んでからだ」とか言いそうですが、糸井貢ならもう少し人間味のある回答をしてくれそうなイメージがあります
掃除	洗う	トイレのすぐ脇に洗面所があるのに気づいた夏月は、顔を洗ってないのに気づき顔を洗ったが、自分がタオルを持ってないのに気がつき、顔を洗いおわった体勢でどうしようかと動きを止めていた
掃除	洗う	実家の床を掃除機で掃除して、洗濯物を干して、猫のトイレ掃除をして、鳥の水を代え、新鮮なレタスをあげて、朝食に使った食器を洗い終えたところで、夫から電話が入る
掃除	洗う	登別温泉で湯巡りしたり、洞爺湖に足を延ばしたりして東苫小牧港に着いたのは出港の2時間前、帰りのフェリーも特等洋室でゆったり、船に備え付けのコインランドリーで溜まった洗濯ものを洗い翌日午後3時30分、予定通り新潟港に到着しました
掃除	洗う	※1 ヒドロキシプロピルグアーガム※2 DPG、エトキシジグリコール~使い方~適量(3cm程度)を水やお湯で泡立てて洗い、あとはよくすすぎます
掃除	洗う	しかし、機械だけでは汚れが落ちにくいので、機械で洗う前に、食器は洗剤希釈液の中に漬けてから、食缶、おたま、しゃもじ、はしやスプーンはスポンジを使って水槽で洗ってから洗浄機にかけます
掃除	洗う	しかし、ウレタンが少ないことは、スポンジが汚れたときに、洗いやすいことを意味しているので、ネットスポンジは汚れのひどいもの用、ウレタン/ナイロンスポンジは軽い汚れ用に使い分けるのが賢い使い方と言えそうです
掃除	洗う	でも、白夜10話のどんよりショックの時は、洗濯の時に洗うものと、新しい着替え間違えて大量に右手のお着替え放り込んでしまったわ(大爆)・・・10話ラスト亮司並みの『ウオーーーーーーーーー』
その他	洗う	はっきりしたオピニオン、砕けた文体で綴(つづ)った町ダネなど今の新聞とは違うスタイルで、安政2(1855)年に開港、4年後には外国貿易が始まって早くから西欧文化の波に洗われたこの町の姿を生き生きと伝えていたからである
洗濯	洗う	枇杷、杉、美しい杉、高い百合の木に近づく「燃立つ緑の品格と量感とが信吾に大きく伝わって来て、自分と菊子との鬱悶を自然が洗ってくれる」二人の孤独と不安が慰められるシーンです
海	洗う	平成17年5月1日に5つの市町村(田辺市、龍神村、中辺路町、大塔村、本宮町)の合併により誕生した「田辺市」は、黒潮洗う田辺湾、緑豊かな紀伊山地とその山々を源とする大小の河川など、様々な自然の中で育まれた歴史や文化など多くの地域資源を有しています
海	洗う	月光が銀色の砂浜を照らし、さざ波がカタマランの船べりを洗うこの素晴らしい恵まれた瞬間を天に感謝し、船の揺れに合わせてマストの左右に動いて遊ぶ月にあやされながら眠りに着きます
掃除	洗う	まずは、艇を洗ってプールに持ち込み、着替えて早速艇に乗り講習、まずはロールをしてみると「上がるけれどかなり力任せで上がっている」と、私のロールがいかにインチキであるかを知る
掃除	洗う	また洗剤の本分であるところの汚れを落とす、という点に関しては泡立ちが良いことから洗う物の表面を傷つけずに泡が汚れの間に入り込むことで汚れを落としやすくするという効果が高くなっています
その他	洗う	川勝平太『文明の海洋史観』は、梅棹忠夫の『文明の生態史観』の「ユーラシア大陸の東西相似型発展論」という手法を踏襲しながらも、梅棹史観を唯物史観ともども陸地史観だと位置付けた上で、「世界史を海から洗う」として、今西錦司の謂う「相似と相異」という比喩を巧みに使うことで、東南アジアにおける西洋と日本の役割について相似論を展開する
掃除	洗う	その洗いにくさから、洗顔時に汚れや皮脂の洗い残しが多く発生してしまい、結果、毛穴の黒ずみの原因である角栓が作られやすい環境をもっているのが鼻・小鼻な訳です
掃除	洗う	我が家でも愛犬を自宅のお風呂で洗うのですが、洗い終わった後で、お風呂の中で「ペットのタオル 超吸水」を使っておおざっぱに水分を取ってやり、それから乾いたタオルで毛をふくようにしています
掃除	洗う	冬物衣料は、洗い方や 落とし方を迷って、全てクリーニング、という方も多いと 思いますが、簡単にご紹介いたしますので、注意書きなど をよく読んで、一度チャレンジしてみてください
掃除	洗う	一仕事終えた漁師達が漁で獲れた魚を新鮮な内に捌き、海水で洗いそれを一口大に切って醤油・酒・砂糖を掛け、炊きたてで熱々の丼飯に載せ豪快に混ぜ合わせて食べた海の男のまかない料理である
掃除	洗う	生魚などの匂いが付いてしまった場合は、お湯で洗うと匂いが染み付いてしまうので(通常はお湯を使った方が奇麗に、清潔に洗えます)、先ずは水洗いをして、その後洗剤で良く洗って下さい
掃除	洗う	ストレートアップシャンプーは髪を洗えば洗うほどボサボサくせ毛がサラサラストレートに導いてくれる夢のような魔法のシャンプーで、くせ毛にお悩みの方は是非ストレートアップをお役立てください
掃除	洗う	水仕事する度に 手を洗うたびにハンドクリームで 過剰なくらいマッサージしたり 尿素を多く含んだハンドクリームを だから 当然、体内では、ビタミンやミネラルの圧倒的な不足に苦しめられることになってしまうのである
海	洗う	反面、海岸線の浸食がひどく、特に日高川右岸に位置する美浜町浜ノ瀬地区の防潮護岸堤を洗い、和田、本ノ脇地区では県道を越波し、人家の庭先まで来ることたびたびであります
その他	洗う	僕たちは、卒業する前に学校や皆さんに何かお礼ができたらと考え、遊具のペンキを塗ったり、トイレの「のれん」を洗ったり、手洗い場をそうじしたり、雑巾を縫ったりしました
掃除	洗う	また、ニホンアマガエルに限らず、動物に触った後に手を洗うのは「常識」であるし、さらに、万一、掃除の際などにカエルに触らなければならない時には、その前に手を洗う(人間の手は油などで汚れている)のも「常識」ではある
掃除	洗う	丸洗いできるもの意外でも、浴槽でつけおきしたり大型コインランドリーなどで洗う人もいますが、きちんと表示されているクリーニング方法以外で洗うと元に戻らなくなる場合もあります
海	洗う	黒潮洗う房総の海の幸・磯の幸のイメージが強い南房総ですが、南房総生まれ南房総育ちの里見和豚を、焼き物・鍋物・煮物などいろいろ料理で楽しみながら、もう一つの南房総を堪能してみてはいかがでしょうか
掃除	洗う	いまの大きな、最近二十万トンのタンカーが出ておりますけれども、相当大きな、十万トンのタンカーになりますと、洗うたびに一度に非常な分量の汚水が出るわけでございまして、したがいまして、そういうものにつきましては、そういう大型タンカーのクリーニングとあわせまして、そういった汚水を受け入れるような大規模な処理施設がある
掃除	洗う	【お手入れ法】2か月に一度程度、いらなくなった歯ブラシに椿油かオリーブオイル(無臭)を付け、まず本体を洗ってください、次に歯の間を歯磨きするように歯に沿って両面から洗ってください、汚れが取れたら、軽くタオルで拭いていただき、1〜2日間ビニール袋(サランラップに巻く)に入れて保管してください、取り出してべたべたする時はもう一度タオルで拭いてください
掃除	洗う	酵素配合は衣料用洗剤のみならず食器洗浄やコンタクトレンズ、タイルなどの硬表面を洗う洗剤にも使われるなど酵素の特性が生かされて、利用範囲に広がりを見せている
掃除	洗う	オイルのすっきり感がたまらず、クレンジングはオイルで、朝もがっしり洗ってましたが、朝は洗顔フォームを辞めた方がいいと聞いたので止めたら随分肌の調子があがりました
掃除	洗う	人々は神社参拝に際して口を漱ぎ、トイレから出ると手を洗うし、禊ぎ、祓い、水中渡御といった多くの水とのかかわりを持つ祭りも、都市空間を浄化するために行われる
掃除	洗う	2歳・お風呂が急に嫌いに 魔の2歳真っ最中の娘です; 一週間程前から急にお風呂が嫌いになったようで”お風呂”という言葉を言っただけで愚図り始まり、 脱衣所まで行くともう大泣きです; 頭を洗おうとするとありえないような大
掃除	洗う	一般的なトングの形状に多い、つかむ部分が波状(ギザギザ)のトング経験者によりますと、洗浄時にギザギザ部分で肌を傷つけてしまったり、洗ったつもりの汚れが落ちていなくて洗い直したり、収納時にギザギザ部分が引っ掛かったりと、プチストレスを感じている方が多いようです
掃除	洗う	以前は、洗い物をしている時の、頭の中が”無”になるのがキライじゃなかったけれど、ここ数年は特に、この洗ってる時間をもっと他のことに使いたいし、ほんと言うと眠りた~い
掃除	洗う	入浴はシャワー浴が理想的で、1日に2〜3回、ミューズ石鹸など殺菌剤の入った薬用石鹸を使用し、全身特に病巣部をよく洗い、その後、清潔な乾燥したタオルでよく拭いてください
掃除	洗う	お皿を洗わずに連続使用したり、使ったままほっておくと、茶色くてねちゃねちゃしたものがつきますが、お湯に重曹を入れたものの中につけておいてから洗うと、簡単に取れます
掃除	洗う	米は炊く1時間位前に洗い、水3カップ+1/4カップ、切れ目を入れた昆布と酒大さじ1/2杯、塩小さじ1/2杯を入れて炊き、煮立ったら昆布を出して蒸らします
掃除	洗う	一度使うと、油膜ができているので、空焼き後の時のように、ゴシゴシする必要はありませんが、調味料成分が残っていると、サビの原因になりますので、情況によっては洗剤で洗ってもよいでしょう
掃除	洗う	玉川上水《たまがわじょうすい》の分派で、品川方面の灌漑専用《かんがいせんよう》の水だが、附近の村人は朝々顔も洗えば、襁褓《おしめ》の洗濯もする、肥桶も洗う
その他	洗う	かつて大阪で名をとどろかせていた伝説のやくざ修治(高倉健)は、今では足を洗い、若狭湾の小さな港町で漁師を営みながら妻・冬子(いしだあゆみ)ら家族とともにささやかに暮らしていた
海	洗う	ターコイズブルーの大西洋の波に洗われる東海岸だけでなく、セミノル族インディアンが居住する内陸西部など特徴豊かなフォート・ローダデールは、ユニークな動植物も見学できるのが魅力
掃除	洗う	ちょこっと体洗ろうてくれや〜〜』と言い背中を向けて洗ってもらいながら、先ほどの事を親父に話したら、(おお〜そうか、そんなら飯くってから、退屈せんでええよなあ〜)
掃除	洗う	洗ってすぐ漬けれる状態にして出すものを洗いラッキョウと言うのですが、今までは関東は根つきが中心、関西は洗いが中心ということを聞いておりましたが、最近ではどっちも出荷されているという状況であります
掃除	洗う	野菜はできるだけ洗う前に淡い塩水に浸す、それから普通の野菜は先に清水で少なくとも3~6回洗い流して、また淡い塩水に入れて1時間浸して、それを再び清水で一回洗い流しをする
掃除	洗う	横着な私はまず内鍋に洗った玄米を入れあらかじめ沸騰させて手指がしっかりつけられるくらいの熱さに冷ましておいた大目のお湯をかけて2〜3時間くらい放置後さっと水洗いして常温になったところで小分けして冷凍保存しています
海	洗う	そこは南米大陸に大きく広がる平野は、緯度ゼロに位置しながらも、太平洋岸を洗う寒流、フンボルト海流によって比較的しのぎやすい気候になっており、フンボルト海流は、暑いはずのガラパゴス諸島にさえペンギンを棲まわせています
掃除	洗う	塗りこみ用スポンジは、しっかり洗って保管しておくことにより何度かは使用可能ですが、ホイールクリスタルの成分が少しでも残っていると、スポンジが硬化してしまいます
その他	洗う	レンタルAVってだれがちんこ触って洗わずに触ってるか知らないし 裸くらいネットにいくらでも転がってるのに お金がもったいないから借りないなあ 同じ料金で映画かCD借りたほうが後に残る
掃除	洗う	電話を切った後、高顕は、洗面所の流し台で大急ぎで髪の毛を洗い、歯を磨き、顔を洗って、髪の毛を乾かすこともなく、スーツを着て、飛び出るように家を後にした
掃除	洗う	顔を洗ったあと、タオルに手を延ばすのも、別に顔を拭かない、という選択だってありうるし、手でぬぐうだけも可能、ほかの何で拭いたっていいのにタオルを選び、そこにあるはず、という場所を選択して手を延ばしている
掃除	洗う	そして彼はまだ金のアフロディテの成す仕事を知らず、自身の柔らかな体を洗い、油をすり込み、骨無き者が火のなき家、みすぼらしい家で自らの足をかじる寒い冬の日に奥の部屋に身を横たえる、優しい母君と室内にいる優しき乙女を吹き抜けることはできぬ
掃除	洗う	あとは、普通に洗ってもなかなか落ちない茶渋などをどうやって落とすかといった、普通に食器を洗う分には特に関係のない機能で勝負しているような状況です
その他	洗う	ショーも見てみたいかなって気もするけど、引退してからでも見られるし(スケートからきれいサッパリ足を洗わなければ)、現役のうちは競技会のほうを優先させたい
海	洗う	【0025】小型ウイルスを固定化剤に包埋したものを耐海水性のネットまたは容器に入れて、筏に吊したり、筏に固定するといった方法で波に常に洗われている状態にするとよい
海	洗う	海岸ギリギリまで埋め立てられ、波が洗う前浜と呼ばれる部分しか残っていない干潟が多い中で、盤洲干潟にはヨシやアシが生い茂り海水と真水が流れ込む後背湿地と呼ばれる部分が残っています
掃除	洗う	そうした家庭で、10人槽や7人槽を設置しているということがありますけども、極端な話、ひとり暮らしであれば10年に1度抜き取りをすればよいのではないかと思いますが、毎年清掃しなければならないという理由で抜き取りを行い、浄化槽を洗った水まで料金を加算されて徴収されている実態がございます
その他	洗う	以来この娘はいつもスラックスにセーターにズック靴といういでたちで、めったに洗わない髪には絵の具をくっつけ、指はタバコで変色し、ハリーやハリーの助手のレスターのことを浮き浮きした調子で語り、張物、点描法、性的衝動、色情狂などということばを盛んに口にし、女友達の姓を大声で——イーストレイクだの、レンフルーだの、マコーズランドだのと呼び、実験的婚前交際を説き、配偶者の科学的選択を主張するのだった
海	洗う	それでも地球は青いのです 急流のなかに屹立(きつりつ)している石、打ちよせる波浪に洗われる海岸の石、それらがわれわれに与える感銘は、抵抗するものの美しさである
掃除	洗う	「ニオイ」の項でご紹介したように、洗剤できれいに洗ったあと重曹水で煮沸するのも良いのですが、そのままクレンザー感覚でスポンジにつけて洗うだけでピカピカのツルツルに
掃除	洗う	アッシジの聖フランシスコは、手を洗う時も水滴が踏みつけられないような場所を選び、森で木を切る仲間の修道士にも、また緑になる希望がもてるように、木の一部を残しておくように頼んだ 、と伝えられている註2
海	洗う	伝説によるとこの島々はいつの日にか海中に沈むだろうと言われているが、「黒い海」の波に洗われ、波により削られ消滅するのは間違いないと思われている
掃除	洗う	私も10年ぐらい前、顔を洗わないようになってから、ぐんぐん回復した経験があり、顔の洗い過ぎってよくないんじゃないかな~、とうっすら考えていたことが、チズさんによって実証されたこと、「化粧品を使うより、時間をかけなさい」などと、私の琴線に触れる部分が多かったのではありませすが、実際にカウンセリングを受けてみると、目から鱗の知識も沢山あり、まだ1日では消化できていない、というところです
掃除	洗う	商品名:洗いにくいミゾやすきまのよごれ落としに最適な専用ブラシです ピジョン 便利な小ブラシ【お買い物マラソン1215】販売元:くすりのビックヤマト商品説明洗いにくいミゾやすきまのよごれ落としに最適な専用ブラシです
掃除	洗う	ボートを洗ったりして船内の水を排出させるときにはセルフベーラーより水を出すが、その時に長時間バウをかなり高く持ち上げなければならず、このフックにひっけておくことですみます
掃除	洗う	イモや麦を海水で洗い、あるいは味つけをして食べるような行動をする、いわゆる文化猿で有名な「幸島(こうじま)」を過ぎると、いよいよ都井岬灯台まで続くアップダウンが始まります
掃除	洗う	ショウガで煮付けをするなど臭いの強い料理を作ると、洗ったあとも鍋にうっすら臭いが残ることがありますが、白米の炊飯などよほど臭いが目立つものでなければ、次の料理に臭いがつくほどではありません
掃除	洗う	洗浄力支援・スケール防止装置「アドウォーター」:「流す水」から「洗う水」へ変化させることで配管・設備機器のスケール付着防止、店舗清掃回数の減少、悪臭緩和、洗剤使用量の大幅削減など数多くのメリットをもたらす特許取得の製品
掃除	洗う	&lt;ご注文締切日 2010年6月25日&gt;この商品とのまとめ買い対象商品はこちら洗ったグラス6個を水切りできる 水受けトレイ付きのカラフルなグラスホルダー
掃除	洗う	そのときの話では、運搬船は余りないというふうに聞いていたわけでございますけれども、洗ってみますと、運搬船の輸入が約年間一万トンぐらいあったわけでございます
海	洗う	□Contents: 豊かな自然に恵まれた紀伊半島の南西に位置する和歌山県は霊峰高野山と熊野三山に象徴されるように、歴史と文化の宝庫として、また648kmにもおよぶ黒潮洗う海岸線と緑なす山々に恵まれた自然の宝庫として古くから親しまれております
掃除	洗う	特に、このキビナゴは真水の流水で生きたまま洗われているので、海水が落ちていることや、通常の煮干のように海水で茹でられていないので、余分な塩分が加え
掃除	洗う	以前、手伝いで週一回、田舎のと畜場(町はずれの”と殺場”と言った雰囲気のところ)で働いていたことがありますが、職人さんから言われたのは「人様が食べる物だから枝肉が真っ白くなるまで綺麗に洗い、早く冷蔵庫へ入れろ」と言われ、次から次へ豚が解体され仕上がってくるので、とにかく必死でブラシでこすって血やゴミがついていないように洗った記憶があります
海	洗う	太平洋の黒潮洗う室戸阿南海岸国定公園の白眉である八坂八浜の一部で大阪峠、内妻の浜、松阪峠、古江の浜と続く海岸線で、かつては土佐街道の難所であったが、今は国道も整備されドライブにも最
掃除	洗う	「洗う水アカシャンプー」で洗車すれば、活性剤NA−12で豊かに泡立ち、新イオン活性剤ECが頑固な水アカに浸透し、新キレート剤BLAが水アカを残さず分解、スパッと水アカを落とします
掃除	洗う	風呂場で、手と足と顔を洗い、お母さまに逢《あ》うのが何だかおっかなくって、お風呂場の三畳間で髪を直したりしてぐずぐずして、それからお勝手に行き、夜のまったく明けはなれるまで、お勝手の食器の用も無い整理などしていた
掃除	洗う	しかしそれでも、たとえば民家の前には洗ったばかりの屎尿桶が干されていたり、各戸から持ち出されたそれを回収する船が浮かんでいたりと、運河沿いを歩いているだけでも私たちの知らない庶民の日常がかいま見えて、興味深い町である
掃除	洗う	後アトマの洗浄するタイミングも限界まで使ってからじゃなくて、リキがこびりつく前に超音波+電解水か重曹水で洗ってやるともっとキレイにできると思うよ
掃除	洗う	それでもトイレに入ればトイレを、洗面所で手を洗えば洗面所を、お風呂に入ればお風呂場を・・・という具合に掃除を進め、なんとか生活できるレベルになりました
掃除	洗う	二十歳を出たかそこらの女子学生たちが、毎日遺体を洗い、歯型をとるために歯ブラシをつかって洗浄し、DNA採取のために電子チップを埋め込むための手伝いをしているのだ
その他	洗う	そのときイエス様は「主であり師であるこのわたしがあなたがたの足を洗ったのですから、あなたがたも互いに足を洗い合うべきです」(13:14)とおっしゃっています
掃除	洗う	こまめに手を洗う、咳(せき)をするときは口を覆う、体調の悪いときには外出しないなどの予防策を取るほか、新型とは異なり高齢者のリスクが高い季節性インフルエンザの予防接種も必ず受けるようSchuchat氏は推奨している
掃除	洗う	クロスを洗って、わずかに色落ちするのをできるだけさせてしまってからは色移りはそれ以上進んでいませんが、ちょっと珍しい着色しやすい材質のようです
掃除	洗う	普通の暮らしでは油汚れは洗剤で洗えばよいとされているが、海では洗剤などの油処理剤を使うと海中や海底を汚染するだけで、被害の拡大になることから使えないとしたものだ
掃除	洗う	うちはシュナウザーにしては体臭がきついのですが、シャンプーするときにこのブラシでゴシゴシ洗ってあげると、臭いもほとんど無くなるし、本犬もうっとりしていて、なんだかすごく嬉しいです
掃除	洗う	神の姿を人は想像していたのか切り立った最端の岬は雄大に日本海を望み、細い岬の道を下りて海岸に立つと、小さな鮑(あわび)を採(と)り海水で洗って山田は僕に食べさせた
掃除	洗う	◆幼児の手の届くようなところに置かないでください◆荒れ性の方や長時間ご使用になる場合、また原液をブラシやスポンジにつけて洗うときは、炊事用手袋をご使用ください
掃除	洗う	キリストがそうなさったのは、水で洗うことにより、言葉によって、教会をきよめて聖なるものとするためであり、また、しみも、しわも、そのたぐいのものがいっさいなく、清くて傷のない栄光の姿の教会を、ご自分に迎えるためである
掃除	洗う	例えば、「日本のトイレはお尻を洗ってくれたり、便座が温かかったりする」「一度、知らずにお尻洗浄ボタンを押してしまい、パンツをびしょびしょにしてしまったことがある」といった紹介や体験談、それを見て「紙でふかなくて済むなんて清潔」「こんなトイレがほしい」という賞賛の声、「洗ってぬれたお尻はどうするの
その他	洗う	そして事業をチェックしていけばその背後にある組織や制度も洗い直せる、それを日本中でやっていけば、議論を繰り返すよりも確実に行政改革や地方分権が実現出来ると考えたのです
掃除	洗う	それから家に戻って飯を食ってから、昨日から洗浄剤を入れておいた電気ポットを洗ったんだけど、どうも洗浄剤入りの水を捨てるときに指にこれが触れてしまって、強い塩酸のせいで指をやけどしてしまった
掃除	洗う	濾過のお手伝いをしながら「金印」瓶詰準備・・・ ノズルの先につけるのを洗います・・・ 綺麗にあらった木箱にいれいきます・・・ 専務が帳面や用事があるときは私が濾過番・・・ 検視ガラスもちゃんとチェック
掃除	洗う	カレーやケチャップの汚れを洗う時、一度大雑把な汚れを落としてから洗剤で洗うのですが、それでもスポンジが汚れて泡立ちが悪くなるしスポンジに色も付きます
掃除	洗う	多くの人はエアコンをきれいに洗うのが主に濾過ネットをきれいに洗うのだと思って、実は深さのきれいにして殺菌する効果をこのように果たすことができないで、エアコンの細菌が主に放熱の片上で ペニス増大隠れるため、そのため、定期的に定期的に専門人員にヒートシンクを行ってきれいに洗って消毒してもらうべきであるべきです
その他	洗う	晋の孫楚が隠居して「石に枕し流れに漱(くちすす)ぐ」の暮らしをしたいというべきところを誤って「石に漱ぎ流れに枕す」と言ってしまい、とがめられると、「流れに枕する」のは耳を洗うため、「石に漱ぐ」のは歯を磨くためであると強弁したという
掃除	洗う	美容担当者の方に伺うと、毎日洗っているという方、朝メイクする時とパウダーケースのスポンジを別にしている方、スポンジを大量に買って使い捨てで使ってという方、さすが皆さんきれいな状態で使われています
掃除	洗う	早朝の沖合い・・北北西風強め・・北方向波もぼちぼち・・そんな沖合いでの操業を済ませ・・その後“THE網入れ換え”作業決行・・今日は「道網」約900mの入れ換え・・午前中は、入れていた網を2回に分けて回収作業・・そして午後は、洗ってメンテナンスし直してた網を入れ込む・・そんなこんなで終了したのは、PM4時頃
掃除	洗う	という人には物足りないかもしれないけど、サウナが大好きな人にはテレビもあるし、家のお風呂の代わりにしっかり洗ってさっぱりしたい人にはいいかも〜
海	洗う	海岸線は642kmに及びリアス式海岸で天然の良港にもめぐまれ、 紀南地域は山裾が黒潮に洗われ、 橋杭岩をはじめとする、 奇岩怪石が屹立し豪快な景観を形づくっています
その他	洗う	書籍名:旅 1972年 5月号 第46巻 第5号 特集/日本100の岬/岬の体験/立原正秋/都井岬の青い海/寺山修司/椿咲くみちのくの綾里岬/伊藤桂一/黒潮洗う鯨の岬/宇能鴻一郎
掃除	洗う	ドライクリーニングでは、水を使わず有機溶剤の中に洗濯物を浸して洗いますから、衣服へのダメージが少なく、色落ちや型崩れなど起こりにくいのが長所ですね
掃除	洗う	旅館の大浴場で盗撮した、男3人がならんで身体ば洗ってる写真があるとばってん、これはアップしてOKかNGか微妙なところだったんで今回は控えときます
掃除	洗う	病室は綺麗だし、ウォシュレットもシャワーも室内にあるし(二人部屋でした)、差額ベッド代も2100円/日と安かったし、看護婦さんは毎日身体を拭いてくれ、髪も2〜3日に1度は、言わなくても必ず洗ってくれました
掃除	洗う	なお、同社が1993年に発売したキズドライは当初、傷口を洗浄した後に使用する旨の周知が不十分であったために、傷口を洗わずに使用して化膿などの副作用を生じたとの苦情が国民生活センターに複数寄せられた
掃除	洗う	23歳の私にはきつく実家で食べてくると娘に聞いて病気になるよとか言われ風呂洗うのも監視でトイレがつまれば私のせいで病気で寝込む事もできず我慢できず離婚するといい出てきたら夫までついてきてまた大変な事になりあの女は息子たぶらかして出て行ったんだと
掃除	洗う	『たかが鳥の糞の為』に余計な買い物したくねぇよ('A`)と思わずに面倒な網戸掃除や車洗い、庭や玄関まわりの掃除に大活躍する便利グッズを買いに行く気持ちで行け
掃除	洗う	先日お伺いしたお宅では、お風呂場をお借りしてフィルターや外カバーを洗っていたら、上から降ってくるんです・・・ホコリが・・・(^^;) 写真の換気扇は、別のお宅のものですが、少しホコリが見えますよね
掃除	洗う	夜9時ぐらいまで練習して、それから夕飯食べて、お風呂入って、ユニホーム洗濯して、、、、11時に消灯・・・・っていう日が続いてはシーツを洗う時間なんてないんじゃないか
掃除	洗う	※強く洗ったり、こすってしまうと肌に必要な皮脂まで洗い落としてしまい、皮脂が余分に分泌されてしまったり、色素沈着の原因となるので、常に肌と手の間にたっぷりの泡を挟みこむようにして、やさしく洗うことがポイントです
掃除	洗う	又は使いふるした大きめのスポンジでもかまいません、ただ洗った面の石の出が若干浅くなりやすい為、刷毛でノロをよく取り除いてからスポンジでふき取ります
掃除	洗う	その後オレは近年稀に見るスピードで髪と身体を洗い、洗い場の隅に動くモノがいないかびくびくしながらもう一度湯船に浸かり、さっさと風呂から上がってしまったのでした
掃除	洗う	しばらくしてスタミナ煮干しラーメン八百円、ドンブリを渡された時に「(お箸は)食べ終わったら洗いますので」と声を掛けられました、声を掛けられたのは初めてじゃありませんが、洗ってもらいたいと思ったのは初めてでした
その他	洗う	フランス革命におけるジャコバン党の例を引くまでもなく、戦略的な見通しを欠いて、闇雲に理想だけを追って行けば、結局血で血を洗う悲劇を生み出してしまう
掃除	洗う	でも前回レーズンを洗わずにしたときもそうだったが、どうも液にモロモロしたものが多い・・・同じレーズンで同じ日に洗ったものと洗わないものとで作り比べてみるなんていうのもおもしろそうだけど・・・気が向いたらやってみよう
海	洗う	この島を洗う黒潮は、当時灼熱の赤道線に沿って西に流れ、東シナ海から急転回して沖縄、九州、四国の海岸を洗って紀伊半島を巡り、潮の岬から太地沖を経て北流する
海	洗う	土佐湾に2キロメートル程突き出し、黒潮洗うここ興津埼灯台は昭和26年8月31日海上保安庁により設置点灯され、其の当時は職員が家族とともにここに居住して灯台を保守していましたが、昭和46年機器の自動化に伴い、無線による監視と定期的な見回りにより、維持管理されている
掃除	洗う	使用済みのストーマ装具は、排泄物をトイレに捨ててからできれば洗って小さく折りたたみ、新聞紙などで包んでポリ袋に密閉して、自治体指定の回収方法に従って出すべきである
洗濯	洗う	この語は維摩経より採られており、簷蔔(くちなし)の花の強い香りが他の香りを打ち消すところから、一旦山門をくぐれば俗界の煩悩も打ち消され、清浄な気持ちになり身も心も洗われる思いであるという意味です
掃除	洗う	最初の給食を食べた後、クラスのみんなのお皿がまるで洗ったかのようにピカピカで、なぜだろうとまわりを見てみると、パンでお皿に残った汁を丁寧にふいて食べていたことです
掃除	洗う	梅1キロは洗って3時間水につけ灰汁抜きし、水気を切り、焼酎少々と塩200gに一日つけ(上がった白梅酢取って置き)水洗いして、梅の筋に沿って切り込みを入れねじって種を抜き、瓶に移し蜂蜜500gを半分入れ冷暗所に置き、毎日ゆすって上下返す
掃除	洗う	亜硝酸がギンギンだった本水槽ですが、水がカビ臭くなってきたようでもあり、あきらめて全換水して、砂利をゴシゴシと洗ってしまいました(一応水槽の水で)
掃除	洗う	この間、何分くらいたったのか覚えていないが、この「退行催眠状態」に大分慣れてきて、水道で顔を洗ってみたり、ガスレンジの火をつけてみたり、冷蔵庫を開けてみたり(ひんやりした感触も体験できた)、畳の上に寝転がってみたり、と、全く当時のままに再現された「10年前の自分の部屋」を筆者は懐かしい思い一杯で楽しんだ
掃除	洗う	松之山温泉のお湯はなめるとしょっぱい海水みたい顔を洗うと目に沁みるもともと大昔は海だったということです野々海池は火山の火口だったと考えられているどんなところなんだろう satoさんに野々海池周辺に案内していただいたちょうどその日は梅鉢草が
掃除	洗う	朝起きて、顔を洗う石けん、歯を磨く歯磨き、食器を洗う洗剤、入浴時のボディー シャンプー・ヘアシャンプー・ヘアリンス、衣類の洗剤、柔軟剤、帯電防止剤、手指 の殺菌剤など私たちの清潔と衛生をまもるために活躍しているのが一番身近な界面活 性剤です
掃除	洗う	ポイントは前の晩は全部排尿して就寝すること、夜中に起きてゴソゴソしないこと、朝起きてすぐのおしっこをきれいに洗ったビンに10cc以上とること、そして出始めのおしっこは捨てて、中ほどの尿(中間尿といいます)をとることです
海	洗う	日本海の荒波に洗われ、海へ突き出たような約80mの小高い山の山頂に、今から約1080年前、筥崎八幡宮(福岡)の分社として建てられたと伝わる筥堅八幡
海	洗う	アンデスの山系をシンプソン川(探検家の名に因む)渓谷沿いに下り、アイセン市(人口二万二千人で最初の地方庁所在地)を通り、アイセン・フィヨルドの水、つまり太平洋の海水が洗う小さな港町チャカブコまで下る
掃除	洗う	)が確立するのは中世のころで、砂地に汲み上げた海水を繰り返し撒き、砂に塩分が充分についたところで濾過装置に入れ、その上に海水をかけて洗って濃い塩水(かん水)を作り、平釜にかけて煮詰め(煎ごう)、塩の結晶を取りました
その他	洗う	そりゃみなさんの氏名や社会保障番号(SSN)は位置情報には入ってないだろうけど、理論上こうして 取得した位置情報とユーザーデータベースを掛け合せればどんな個人の現在地も、 どんな個人の位置情報履歴もピンポイントで洗い出せることになります
掃除	洗う	ゴシゴシタオルで洗うよりもこのお風呂に入ったほうが多分体の汚れは落ちてると思います(浴槽の中や排水溝にたまる湯垢が使わないときにくらべてすごいので)
掃除	洗う	私となみさんの使っていた洗顔フォームで顔を洗って、となみさんが使っていたシャンプー・トリートメントで頭を洗って、となみさんが使っていたボディソープで体を洗って、となみさんが使っていたベッドで眠ってるんです
掃除	洗う	負傷後に生命維持装置に繋がれて以来、毎日顔を洗って髪をすすぎ、日に三回は歯を磨き、口腔内洗浄液でのうがいは忘れず、さらには年に3回はフルメンテナンスを受け、徹底洗浄を行なって感染予防に努めている、と
掃除	洗う	顔を洗うと言ったところで、上の二人が幼稚園の生徒で、三番目は姉の尻についてさえ行かれないくらい小さいのだから、正式に顔が洗えて器用にお化粧ができるはずがない
掃除	洗う	CM5Aは分かりませんが、CD5A/5Wではアイドリング不調に陥ったら 早めに対処しないと被害が広がることもあるということですw ISC交換だけでなく、出来ればスロットルボディを外して洗浄液にドブ漬け あるいは洗剤でガシガシ洗うなど徹底的にカーボンを落としてから 組み付けるとバッチグーです
掃除	洗う	それまでは沐浴剤だけで顔は洗っていたのでなるほどと思い実践したところ治る気配もなかったので、母や友人などに相談したら逆に石鹸で洗わない方がいいと言われたので、3日に一度石鹸で洗うようにしました
その他	洗う	添乗員さんの話によると、「足を洗った」という人は多いが、なかには「洗面器と思い顔を洗った」「男用の小便器だと思い小用をした」「手ごろだから、水をためて果物を冷やして食べた」というお客さんもいたそうです
海	洗う	魅力的な野天風呂と海水浴場がある石部港を目標に南下する、途中波浪の影響を受けない田子港沖合いの尊の島に投錨して昼食と海水浴を楽しんだ後大きなうねりに揺すられながら白く浪に洗われている田子島周辺の危険水路を通過して石部へ入港、漁協のM氏に連絡して本年度担当に引継いで貰いながら係船料を納める
掃除	洗う	汚れがひどくないなら、ぬれタオルで拭いて、よく乾かせばいいですし、ウンチや、おしっこが、毛について、耐えられなくなったら、その部分を、洗ってみては、どうですか
掃除	洗う	が、使用してから気がついたのですが、下に水受けが別についているわけではないので、しっかり水を切ってからトレーに乗せないと、水びたしのまま乗せることになり、そのまま自然乾燥とはいかないので、洗ってすぐに拭いて直すという人には一時置きとしては良いかと思いますが、ものぐさ
掃除	洗う	最近Lunaも先住の男共の影響を受けお風呂周辺が好きになったらしく、気がつくとこれから洗う洗濯物が入ったバケツやらお風呂道具の入ったかごに気持ち良さそうに寝てるんだ、これが
掃除	洗う	亡くなった2番目の兄とよく海に釣りに出かけて、バケツの海水で釣り場を綺麗に洗って帰ってきたこと、絡んだ釣り糸を平気で捨てていった人のゴミまできれいに持って帰ってきたこと海への思い出はいっぱいあります
その他	洗う	「ココファンレイクヒルズ」から徒歩数分の洗足池は、「日蓮上人が足を洗った」由来と古くからボート乗り場があり、地域の庭園として賑わっているようです
掃除	洗う	ギケイダーは昔、「ナマケモノが見てた」っていうマンガが大好きで、それに貧しいアライグマの家族がでてくるんだけど、誕生日かなにかのケーキをさ~、久々のケーキを、川で洗っちゃうんだ
掃除	洗う	洗濯物を洗って、干し、収納するという、毎日必ず通る生活動線を1階に設けることで、重たい洗濯物を持って家の上下階を何度も行き来する必要がありません
掃除	洗う	100°Cを超える強力スチームで、油汚れや飲みこぼし、イヤなニオイの元になるシミなど、ガンコな汚れをフワッと浮かび上がらせ、繰り返し洗って使える超極細線維『マイクロファイバーパッド』が、汚れをしっかり絡め取ってくれます♪さらに、可動式ヘッドのおかげでベッドの下や家具のすき間もラクラク♪コードの長さは10M
海	洗う	このように、我国周辺海域は黒潮系水に洗われているので、黒潮は海運、漁業、気象、風土などに大きな影響を与えており、経済社会活動と大きく関わっている
掃除	洗う	みんなには、レッスン前にはミューズで手を洗ってもらい、レッスン後は、除菌クリーナーで、手を拭いて帰ってもらおうと思っていますあまり神経質のなるのも嫌だけど、この騒動を、身近に感じ、考えてもらうと、ニュースにも興味がわくかな
掃除	洗う	蒸留装置がなくても溶剤管理を徹底しているクリーニング店もあれば、蒸留装置を使用してもヒドク汚れた溶剤で洗っているクリーニング店も多数あるのが現実なのです
掃除	洗う	ちょっとスレ違いかもしんないけど日焼け止めを落とす時にクレンジングとかで顔を洗う前に乳液(なんでもOK)をコットンに含ませて汚れをふき取る感じで取るとめっちゃ汚れがとれる☆コットンが黒くなるYO☆ぜひおためしあれ♪
その他	洗う	過越祭の聖晩餐を行う前、聖徒たちは洗足例式礼拝を通じて聖書が教えてくれる洗足礼式の深い意味を研究して、弟子たちの足を洗われたイエス様の模範につれ敬虔な心で洗足礼式にあずっかった
その他	洗う	これだったら、ゼロ使を見ながら「才人っていつもルイズのパンツを洗ってるけど、おねしょパンツとか月のものパンツとか『ベッドの中で才人の事を考えていたら、アソコがムズムズしてきちゃったの
掃除	洗う	オイルワーニングランプセンサー付近をガソリンでゴシゴシしてパーツクリーナーでシューとしてみたり、外した部品を洗ってみたり、オルタネーターのベアリングを交換してみたり
掃除	洗う	2mmのニブだけどんなに洗っても、振ったときのカチカチ音がペタペタしてたんで、思い切って分解したら、中針が透明な樹脂っぽいのに刺してあってびっくりした
掃除	洗う	お風呂場の前に置いてるカゴに、洗ったパフを乾かして置いてあるんですが、お風呂あがりに体を拭いてあげてる間、ずっとそれらをさわって化粧する真似したりしてるらしいんです
掃除	洗う	洗っていない手でフィルムを触るのではなくて、ホコリをしっかり落としてからフィルムを持つと、フィルム内に入るホコリは激減しますし、カットする時、慎重にカットすれば仕上がりに大きな差が出てきます
その他	洗う	最後にぼくは「江夏の経歴を洗って人物クローズアップ的な手法をとるよりも、広島―近鉄の日本シリーズの最終戦で彼が投げた21球を徹底的に“解剖”する方がより江夏の本質に迫れるのではないか
掃除	洗う	そして、ロス級は予備浮力が小さい構造故にその上ニュース映像で見て分かるとおり船体上を波が洗っており、ハッチを開けるのはかなり困難な状況(これはニュース映像でみても分かるとおりで、そのためにセイル情報から縄ばしごが降りています)なので、少なくとも救助しようとする意志だけはあったようです
掃除	洗う	エクサブラ ドゥは専用洗剤で洗ったほうが長持ちするらしく、その専用洗剤を使ってみたものの、着用中汗をかくと変な臭いがするので、結局あまり着用していません
掃除	洗う	なにより、立ったままで雑巾がけができるのはむちゃくちゃ楽だし、途中で雑巾を洗って絞るっていう作業がない分、早く済むし、余分な水滴が床に落ちたりもしないし
掃除	洗う	やがて、浸すだけでは汚れが落ちにくいところから、手や足の操作によるもみ洗い、振り洗い、踏み洗い、さらに木の棒や石などの自然物を利用するたたき洗い、押し付け洗い、板もみ洗いなどが加わった
掃除	洗う	次に、洗った貝を容器に入れ、浸るくらいまで海水(家で海水を作る場合は、汲んでから1時間くらい置いた水を使い、水1リットルに20〜30gの食塩(ティースプーン山盛り5杯くらいを目安とします
掃除	洗う	以前和歌山の海辺で指をざっくり切ってしまったことがあるのですが、近くに病院もなくて2週間くらい海水で毎日洗ってたら、だんだん肉が盛り上がってきて結局1か月くらいしたら跡形もなく治りました
掃除	洗う	風呂場で、手と足と顔を洗い、お母さまに逢あうのが何だかおっかなくって、お風呂場の三畳間で髪を直したりしてぐずぐずして、それからお勝手に行き、夜のまったく明けはなれるまで、お勝手の食器の用も無い整理などしていた
掃除	洗う	体から洗ってしまうと、せっかく綺麗に背中の汚れを落とした状態なのに、次にシャンプーやリンスで頭皮の汚れや髪の毛の汚れを洗い流してしまうとどうなりますか
海	洗う	また、樽の種類だけでなく熟成させる環境もとても重要で、例えば海に面して絶えず海風に洗われる場所に熟成庫のあるラフロイグ蒸留所では、塩味や磯や海草の香りを感じる力強いウイスキーが、マッカラン蒸留所に代表されるスペイサイドの穏やかな山間で熟成されたウイスキーからは、まろやかな優しい口当たりのウィスキーが生まれます
掃除	洗う	あとおしり拭きでゴシゴシやるとよくないので、100均のドレッシング容器やペットボトルのフタに穴を開けたものにぬるま湯を入れそれでおしりを洗いガーゼやティッシュなどで軽く拭いてあげると刺激しないでいいみたい
掃除	洗う	ちょうど、イエス様の弟子たちの中で手を洗わずに食事をしていた者があって、それをファリサイ派の人々と律法学者達が咎めだてをした時のことでありました
掃除	洗う	敷地内に一段下がった正方形のスペースがあり、その中に手を洗うための石でできたものが置かれているのですが、一段下がった一角に苔がずっしり生息しています
掃除	洗う	こうしたものはクリーニングのしみ抜きで汚れは取れますが、シミの跡が残る場合があり、シミ汚れは繊維を弱くしてしまい、ひどくなると洗っただけで破れることがあります
掃除	洗う	何気にキッチンで手を洗おうとしたら蛇口の脇に黒光りする物体がキラッと見えまして・・・急いでライトつけたらやっぱりいるーってなって絶叫しちまいました
掃除	洗う	ジンの側女達が旅人の足を大きなシャコガイの盥で洗っている間、他のジン達に金の杯をもう一つと、喉の渇きを癒す飲み物を水差しに何杯も、それに沢山の美味しい食べ物を運ばせました
掃除	洗う	最近、顔を洗って、鏡を見ると右目の目頭から、卵の白身みたいなものが、目じりに向かって広がってきているのを見つけました、最初は小さかったのですが、茶色の部分までかかってきたので、眼科に行き
掃除	洗う	うっかり顔を洗ってから出たために治療中に鼻の頭が烈火のごとく痒くなった時は死ぬような苦しみを味わったけれど、思い出しても背筋の凍るようだった麻酔もいざやって貰うとちっとも痛くない
その他	洗う	ちょっとでも気が緩むとダメになってしまうと思うんですけど、テストでしっかり結果を出した、ということは球界から足を洗うとは思っていても、心のどこかに「いつかはまた
掃除	洗う	犬Dogが大きすぎたり、自宅では愛犬ドッグを洗うことができない方などが利用する美馬町(荒川、井出縁、井ノ神、大泉、大宮西、上突出、岸ノ下、北東原、の施設です
掃除	洗う	しかし、洗濯機が普及することで、オムツを洗うという行為は、家事(いえごと)となり、「お父さんの下着は洗いたくない」という事態は、洗濯という行為が私事(わたくしごと)化していることを表わしている
掃除	洗う	食物繊維がよく含まれるものをよく噛むと、その食物繊維が、「歯ブラシ」の役割を果たして、歯の汚れを取ってくれますし、噛んで出た唾液が口の中をきれいに洗ってくれるのです
掃除	洗う	なんか看板に書いてある内容によると、この先に行きたい人は備え付けの電話で連絡してネ☆ ってことらしいですが、川で髪を洗いたいので通してくださいってのもねぇ・・・大人しく撤退します
その他	洗う	1%アクリノール液又はオキシドールにて洗いさり(出血多量のときは、5%塩化第二鉄溶液で止血してから)、サルファー剤、抗生物質の軟膏を塗布して包帯をしておきます
その他	洗う	3人の拘束が明らかになったとき政府中枢が最初にやったことは、人質の安全確認や解放交渉への着手ではなく、「怪しいから身元を洗え」という命令だったことは衆知の事実です
掃除	洗う	Olive:今、よく分かるのが洗剤+柔軟剤で洗った物を身に付けると軽く肌荒れしたり背中など皮脂分泌のある所は負けてしまってブツブツ出たりするんですね(長期間には及びませんが)あーやっぱり刺激だったんだなぁって今更ながらに思います
掃除	洗う	・低刺激性・無香料【効能・効果】・皮膚の清浄・殺菌・消毒、体臭・汗臭及びニキビを防ぐ【使用方法】・適量を手にとりやさしく洗い、その後洗い流してください
掃除	洗う	うちのダンナっあっハリネズミしゃんれすがf^_^;夜になったらめちゃんこ活発になって回し車ズートやってるシカーモ気づいたら回し車はフンまみれでダンナも自分のフンまみれ( ̄▽ ̄;)とりあえず回し車は洗ったけどすぐフンまみれ(┬┬_┬┬)オマ
海	洗う	一望千里、波浪と岩礁のみの荒磯も、その海底は千変万化で、海流に洗われて深く、浅くさまざまな現象を持っている、そこへ四季の魚が寄り、石ダイやブダイは同じ所に生棲し、鮑やその他の貝や、ウツボや海蛇と共に生活しているのであるから、理科学的に調査したら、恐らく凄じいものがあるだろう
掃除	洗う	洗顔料は、目・鼻・口など各種器官が集中する顔を洗うためのもので、いわゆる石鹸も顔を洗うのに用いれば洗顔料といえるかもしれないが、こと洗顔料として販売されているものでは、刺激が少ないものや、よりすすぎで洗い流し易いもの、あるいは凹凸の激しい顔という部位を清潔に保つことが出来るよう配慮されたものである
海	洗う	北は日本海の荒海に臨み、南は太平洋の黒潮が岸辺を洗う広大な地域に生きた祖先が、苦しみ悩みつつも、くらしの中で積み重ねてきたたのしい民話八三篇とわらべうたとを収録
掃除	洗う	お手伝いさんに指示を出すことを想定して、「この皿を洗ってください」とか、「お湯を沸かしてください」とか、「小さく切ってください」とか、「床をはいてください」とか「洗濯物を畳んでください」とか・・・
掃除	洗う	以前、駐車場のポールにバンパーをぶつけてしまい、その擦り傷を件のスポンジで洗った際、見事に取れたんで、小石等で塗装がはげたボディの下地作りのつもりでスポンジを使ったのですが、裏目に出てしまいました
掃除	洗う	洗っている途中、ゴム手袋を使うのがまどろっこしくなりがちですが、「せっけんを使う場合は、ゴム手袋がなくても手が荒れないね」「合成洗剤を使うと、どんなに油でドロドロでも汚れが浮いてくるんだよ
掃除	洗う	そうでもなくて、特に野菜用洗剤を使わなくてもいいのですが、厳しく農薬使用の基準値が定められている昨今でも残留農薬などの心配がないわけではなく、食材に合わせて洗い方を工夫すれば安心
掃除	洗う	そして8:30から入浴開始ですが、被収容者の入浴時間は、風呂場に着いてから、風呂場を出て行くまで15分ですから、その間に着替えさせて身体や髪を洗わせます
掃除	洗う	・・・昨日の放課後に掃除用具の準備2今日の給食を5分で食べる3掃除用具を校庭ぇ運ぶ(←数が半端じゃない4掃除用具を洗って地下倉庫ぇみたいなww馬路ありえんてぃーーーやった汗が尋常じゃないほどでたこの後ゎ友と・・・
掃除	洗う	ポット内の黒い汚れがかなり落ちてきたところで、「ハガティ・シルバー・フォーム」とスポンジを使って側面を洗っている最中、浮き彫りになっているお花模様からお湯が漏れていることに気づきました
掃除	洗う	お皿、どんぶり、お茶碗、小鉢、湯飲み、マグカップ、カップアンドソーサー、酒器などの陶磁器製食器を よく洗ってきれいな状態で持ってきてくださいね
海	洗う	与那国島の南西約100km、やはり黒潮に洗われる日本最南端(人が居住可能な島として)の波照間島でも、南の海のどこかにあるという理想郷「南(パイ)・波照間島」の伝説が伝わる
掃除	洗う	この区の塵の出し方は前にも書いたがプラスティック印のない、あるいはあっても洗っていないものは生塵と一緒に纏めて燃える塵として出し、その他は瓶、缶、プラスチック印のある洗ったプラスチックや発泡スチロール、電池にライターは分別して出すが、マンション共用の塵置きの小屋があってそこにそれぞれの分別場所があって、だからそこに出せば収集日の心配はしなくて良い
掃除	洗う	不可解な犯人の行動 血痕ふき取とり、血のついた服を洗おうとしったり、凶器についた血もふき取った状態・・ 床の血痕をふき取った跡があったり、浴室には血の付いた衣類や毛布など、脱衣場の洗濯機にも血の付いたTシャツとタオルが残され、一部は水洗いされていた
掃除	洗う	良い天気だから洗濯するか→寝巻きも洗おう→裸で寒いし風呂入るか→ついでに風呂洗っちまうか→荒ぶる鷲のポーズ→紳士の嗜みとして下着は着用→以降テンションが上がりパンツいっちょうで
掃除	洗う	高圧洗浄機でたえちゃんがテントを洗い、私が雑巾でふいて、富田くんがガラスを磨き・・・3人の連携でテントがすっきりきれいになりました(*゚▽゚*)
掃除	洗う	簡単にできる工夫としては、洗い物など立ったままで作業を行う際は、踏み台に片足を乗せると楽になりますし、洗面所で顔を洗う際には、軽く膝を曲げると腰への負担が軽減しますので、ぜひ実行してみてください
掃除	洗う	最近では、洗眼専用液が薬局で売っていますが、目を洗う前に、目の周囲の皮膚や睫毛の汚れを洗い流しておかないと、それらに付着した汚れやお化粧が目に入って逆効果になることがあります
掃除	洗う	新潟市M町の朝は入浴料金半額のとこで洗い場の排水が詰まって洗ってると湖になるよって店員に言ったら「あっそうですか」って小声で言われた 最悪でもう行きたくない クビになればいいのに
掃除	洗う	これは、百年戦争、およびアジャンクールの戦いで生じた血で血を洗う攻防戦を終了しようと、1420年にシャルル6世およびイングランドのヘンリー5世によって署名されたトロア条約の結果だった
掃除	洗う	』というイメージを完全に植えつけられてしまっていると思うのですが、とりあえず一度、洗剤なしで洗濯物を洗ってみて『あれ、普通にきれいになってる』というのを体験してみるといいんじゃないかと思います
掃除	洗う	ただ、万能洗剤ユニバーサルストーンをスポンジに付けて住宅の壁に付いたタバコのヤニなどの汚れを落として、これを雑巾などで拭き取ると、雑巾が黒く汚れますが、汚れとユニバーサルストーンの泡が付いたまま水で洗うと、雑巾についた黒い汚れも落ちているので、繊維に染み付いた汚れもある程度落ちるのではないかと推測します
掃除	洗う	アミノ酸で洗うシャンプーでないと、髪に甚大なダメージを与えてしまうとのことで、CMでやっているようなシャンプーは全てラウレスが入っているんだそうです
掃除	洗う	その際、短時間に大量の皿を効率よく洗うバイトより、同じ枚数の皿を長時間にわたってだらだら洗うバイトの方が給与が高くなることに合点がいかなかった
掃除	洗う	しかし、気づいたところで何をどうということもしておらず、たまにロートジーフラッシュクールで目を洗ったり、サンテアスティなどの目薬をさしたりはしている程度だったのだが、それを忘れていた今朝方、というかつい先ほどに、とんでもないハプニングが起こった
掃除	洗う	即ち、寅月に於いては木気が盛んな時で辛金は衰弱していますので、己土の印星を用いて生扶し、身が旺じたら壬水の流れ水で洗って輝かせます甲木は印星の己土を剋しさらに壬水の用神の気を洩らすからです
掃除	洗う	味を付けて煮ている間に洗剤で洗ったが臭いが取れないので クレンザーで洗い、それでも臭いが残っている気がしたので重曹で洗い、 最後にオレンジオイルを垂らしておいた
掃除	洗う	美味しいご飯ができたと思ったら、生ごみや鍋がどど〜んとこちらを見てる・・・優しい旦那さんだったら「お皿は洗っとくよ〜」なんて言ってくれるかもしれないけど、いつもというわけには行かないですよね
その他	洗う	ちなみにシュシュのレンタルは4週間で840円、ミニハンディモップ替えは300円と、断然ミニハンディモップを使い捨てたほうが安いです(ちなみにハンディモップも「洗って繰り返し使用ができます」とのこと)
掃除	洗う	顔を洗ってすぐ原稿を書き始め、朝食後も原稿を書いたり、NHK衛星第1でMLB(大リーグ)のニューヨーク・ヤンキース対シアトル・マリナーズの試合を見たりする
掃除	洗う	このタワシにしてからは、鍋の取っ手と本体のつなぎ目や鍋蓋と持ち手の境い目など、今までスポンジでシラーっとしか洗ってなかったところをしっかり洗うようになりました
掃除	洗う	お客様との話し方や言葉を選ぶこと、清掃する時の雑巾をどこで洗うかとか、バケツの水をどこに流すかといった細かい事かもしれませんが、そういった事もお客様お一人お一人考えが異なるので、勝手に判断せずにお客様に確認をするといった基本的な行動ができる様な人材になってもらいたいと考えています
海	洗う	昭和二十八年の台風十三号以来作られて参りました長大なコンクリートの海岸堤防も、今回は全面的に高潮、高波に洗われまして、海水の浸入を許し、漁港、漁船、漁網、水産加工施設、真珠いかだ等、水産施設に莫大なる被害をもたらしましたるばかりでなく、随所に浸水田を作り、沿岸住家、沿海工場等は、細大漏らさず大きな被害を受けたのでございます
掃除	洗う	訪問リハビリやデイサービスを利用しだして半年、「お風呂に入って自分で体を洗えるようになってさ、嫁が洗ってくれていたけど、自分で洗えるのは嬉しいねえ」と話すようになり、「ぬかみそ始めてさ、毎日まぜているよ」と自分なりの生活を取り戻す努力をするようになりました
掃除	洗う	(装着するたびに絡むので、毎回、専用シャンプーで洗い、寝かせて乾かし、オイルミストをたっぷり吹き付けてブラッシングしてましたが、それでもダメでした
掃除	洗う	ツインでは、当然2人が生活するわけで、キッチン利用で食べ物を洗っているところに、トイレの手を洗いに来て・・・と不愉快なバッティングが起こる現実です
掃除	洗う	うつぶせで始まったアカスリ手順は、全身にお湯をかける→ボディシャンプーで洗う→アカスリ→ボディシャンプーで洗う→あお向けで同じ事を繰り返すといった感じである
掃除	洗う	自宅のトイレにもビデ洗浄器を付けたいなぁ アレって癖になるくらい気持ちいい 中に入ってくるような勢いで しかもシャワー状態でノズルをのばして全体も洗ってもらえる
その他	洗う	「世界史を海から洗う」という川勝は、唯物史観ともども梅棹忠夫の『文明の生態史観』を陸地史観だと位置付け、そのアンチテーゼとする『文明の海洋史観』を世に問う
海	洗う	今から約6000年前の縄文時代前期に地球全体の気温が上昇し海水面の上昇(縄文海進)が進んだ結果、千里丘陵の南縁部が波に洗われ形成されたと考えられます
掃除	洗う	自宅でからだを洗ってるんですが(たまにペットショップで)肛門をしぼってやったらいつもは茶色い色の液体が出てくるんですけど、薄い緑色の液体が出てきました
掃除	洗う	人間本来の体のメカニズムを基本に、海草類から抽出した海草エキスと、大豆などから抽出した植物性コラーゲンを主原料に、“顔を洗う水’として開発されました
その他	洗う	本来なら完成させてから投稿するのがベストなのですが、なにしろ自分一人の視点だけでは客観性に欠けるので、途中経過を報告することで、第ニ稿に取りかかる前に問題点を洗い出せればと考えています
掃除	洗う	と、この時、昨日(きのう)、主屋の奥の部屋で、姉が代首(かえくび)を洗っていた時、襖の間に立って、姉に話しかけた男が――後から姉から聞いたところによれば、嘉十郎と云って、この納谷家を束ねている、大番頭とのことであるが、――その嘉十郎が片手に、皿や小鉢を載せた黒塗の食膳を持ち、別の手に、飯櫃(めしびつ)を持って、厨屋(くりや)の方から、物々しい様子で歩いて来た
掃除	洗う	とか、なんかそのようなのが出てきて、内容が換気扇の掃除をした後に洗濯の時の柔軟剤を塗っとくと汚れが付きにくくなるか、、次に洗いやすくなるとか言ってました
海	洗う	日本海に面した旧熊石町側から渡島半島を跨ぐ八雲町に向け、「平成の〜」大合併の波に洗われ表面上だけ新しくなり初めて、機会に恵まれ、やや急勾配を下り太平洋に注がれるサラウンベ川を傍らに、何気なく車窓で蘇った記憶があります
掃除	洗う	船の中で能楽と春駒をやるのを禁じ、狸(たぬき)と蛇(へび)の言葉を呼んだ時は酒で船を洗い、時化(しけ)の時には船首に金比羅様の御札を縛り、碇(いかり)を沈める時は善宝寺様の御札を添えた
掃除	洗う	本当はゴミ箱も結構汚れているので まずゴミ箱をきれいに洗う所から始めたいのですが、そんな事をしていると掃除に対する意欲がスタミナ切れして 肝心の部屋の掃除まで頑張れなくなります
掃除	洗う	明日、学校へ持っていくものの中に「雑巾」というのがあったのだが、1学期の終わりに持ち返った雑巾があまりに黒くて洗ってもきれいにならないので、やはり新品を持たせた方がいいよねぇ、と、100円ショップで雑巾購入(←作る気なし)
海	洗う	干潟は形成されるべき自然な地形で、長時間にわたる生物の働きと水の動きで徐々に形成されるものであり、浚渫時に海水で洗われた土砂でできるものではない
海	洗う	かって、日本の民族学の祖、柳田國男が「海上の道」とか「道の島々」と呼んだのは、とりもなおさず黒潮と、それに 岸辺を洗われる島々のことだったのである
掃除	洗う	さんざっぱら、毎度髪を洗いドライヤーで乾かして、朝は髪をまとめてしばり、部屋のそうじや風呂そうじ、はたまたゴミだしまで・・・・・してくれた家族よ、これからもよろしく
掃除	洗う	そのとき、深爪して指をブラシでごしごし洗っても、万が一にも猫の腸を傷つけたり、爪のばい菌が入ったりしちゃならんから、やっぱり何かで指をカバーしたほうがいいんじゃないか、ということになった
掃除	洗う	また、悪魔が総督ピラトに手を洗わせた行為が、「手を洗う」が英語の慣用表現で「厄介事から離れる」(日本語の慣用句「足を洗う」に近い)事を意味する点から、イエスへの同情と罰を求める世論との間で板ばさみになった総督に処刑の決断を促したと解釈し、悪魔の干渉が大きいという意見もある[18]
掃除	洗う	ご飯を食べるコドモの話に耳を傾けながら、食器を洗って、しまって、明日の弁当のお米を研いで、おかずの下ごしらえなんかしてるともう12時近くになってしまう
掃除	洗う	コーヒーサーバーを洗った際、洗浄液のすすぎ方が不十分だったのが原因とみられ、同社はミスを認めて女性に謝罪、全国の約3750店に、適正な洗浄を指示した
掃除	洗う	きれいに洗ってあげて、泳がせてあげて、「ぼくにちょうどいいおおきさのおふろにはいりたいぺんよー」とぺんちゃんが言ったから、オケのお風呂に入れてあげて・・・(笑)
掃除	洗う	昔テレビで、漁師さんが本当に蛸を洗濯機で洗って出荷してたの観たことあったけど(茹でる前の処理だったか、専用の洗濯機でガンガン回していた)それに彼女は憧れていたのだろうか・・・ナゾです
掃除	洗う	「レザーウォッシュ」は水のphバランスを調整し、水に流出する成分を新たに補給しながら洗うので、汚れを落としつつも革本来の特性を蘇らす世界初の自宅で洗える皮革用洗剤です
その他	洗う	一般には、「其扇(そのぎ)」という名前の遊女で、シーボルトと出会ったときは16歳だった・・・と、されているんですが、遊女の「身受け(金を払って足を洗わせること)」には、莫大な金額が必要で、日本に来たばかりのシーボルトにはとても支払える額ではなかったであろうということ
掃除	洗う	4月から1度も洗わずに毎日履き続けて来た上履きは外側は灰色に汚れ中は汗と足垢で真っ茶色になり中敷きには足跡がしっかりとついて結構な匂いを放っていた
洗濯	洗う	青い空は一つの海のような工合で、そこにいささか見える浮雲は、さながら筆洗(ひっせん)の中で白筆(はくひつ)を洗ったように棚曳(たなび)き、冴え渡った月は陳士成に向って冷やかな波を灌(そそ)ぎかけ、初めはただ新(あらた)に磨いた一面の鉄鏡に過ぎなかったが、この鏡はかえって正体の知れぬ陳士成の全身を透きとおして、彼の身体の上に鉄の月明(げつめい)を映じた
掃除	洗う	多くの野菜は酸性の性質ですので、残留農薬を洗い流すためには通常多く使われているアルカリの洗剤よりも、酸性の洗剤で洗えば、表面についている汚れをギュッと締め、剥ぎ落としますので野菜自体の素材を痛めず美味しく食べられます
掃除	洗う	このとき悪露が溜まってることによって子宮炎が起こることもあり、この場合は洗って抗生物質を投与、さらに収縮物質であるPGF2αを投与することで悪露が排出される
掃除	洗う	【玄界灘の落し物】流木・水槽の中に・オブジェに商品説明【流木】玄界灘からの流木になります自然の流木ですので水槽の魚やエビ類の住処、卵の繁殖地に人気の流木です・玄関先のオブジェに御使用される方も多く入手が困難になっています現状は真水で洗い、日陰乾ししておりますが多少ながらの海水の匂いが残る場合がございますが商品到着後、御使用になられ
海	洗う	友人と並んで波が砂浜を洗う度にそこからいくつものアサリ貝が半分顔を出し、皆こぞって慌てて砂浜の中へと潜っていく姿を飽きもせずずーっと眺めたっけ
掃除	洗う	最近テレビで、入浴のさいに洗うことにより、「乾燥肌」になってしまい、それはローションなどで補えるものとは性質が違うもののような番組をみて、ますます海綿に対するあこがれがつのっていきました
掃除	洗う	今朝仕事に行く前、昨日のペイント作業で汚れた洗濯物を山のように洗い、いつものように時間ぎりぎりで庭の物干し竿に干してから出かけようと、竿がしなるほどの重さの洗濯ハンガーをかけたら・・・・
掃除	洗う	ミソン『一六八八年のイタリア再訪』(1688)「岬は海岸線とひとつに溶けあいながらこの穏やかな海に洗われて濡れそぼち、そして美しい集落が沿岸に散らばる」P105
掃除	洗う	拾ってきたシーグラスは、洗って大体の大きさで仕分けするのですが、最近は仕分けしづらいです;^_^Aだって大きすぎるとかすごく小さいとか、もんのすごくマチマチ
掃除	洗う	たとえばガジェットのブツ撮り時に表面の油汚れを除去したり、電子タバコのリキッド漏れを拭いたり、あるいはレンズを掃除したり洗った小瓶の内側を拭いて乾燥を早めたり等々
掃除	洗う	その先生がたまに様子を見に来てくれた時、彼の事を見るなり”物質”と銘銘、ブルーであったのであろうジーパンは見る限り買ってから一度も洗っていないのでは
掃除	洗う	この他にも、ハロウィンのお菓子の内容でもめたとか、お茶会に呼ばれたら新参者はたとえ夕食時のなってしまっても、一番に「帰ります」というのはしきたりに反するとか、チキンは汚染されているので洗剤で洗わなければいけないとか、不思議な話を耳にする
掃除	洗う	スポンジのもの、ナイロンブラシのものなど、様々なタイプがありますが、プラスチックの水筒でしたらナイロンブラシで洗うと内側に傷がついてしまい、汚れが蓄積しやすくなります
海	洗う	黒潮に洗われた初鰹やハモ、うつぼなどの海の幸♪ 降りそそぐ南国の太陽に育まれた山の幸や果物♪ そして清流四万十のゴリや川海老に青のり・・・ ☆高知の自然
