# 数学: 相まじわる二直線の作る図形。角の大きさ, 動物: 動物の頭部にあるつの。つので作った笛。一角獣, 将棋: 将棋の駒の一つ。角を動かす, 動物: 動物の頭部にある突き出たもの。牛の角かたつむりの角鬼の角角を出す女が嫉妬する。能楽で女の生き霊が嫉妬して鬼形となることから角を折る言い張ったりしていた強い態度を、引っ込める角を矯めて牛を殺す欠点などを直そうとして執った手段の度が過ぎて、かえってそのものをだめにする, 交通: 道のまがり目の所。
数学	角	ガレオス種の基本行動はエリアを四角く旋回していますが、三回に一度、角を曲がると休憩を取るので旋回コースを確認し曲がり角で待機して攻撃するのも方法の一つです
その他	角	上記の目的を達成するために、本考案では、平面視状角のない網目を平面状に配列して板状とし、その両側方を雨樋の耳部外側に沿って折り曲げ、上面が略平な逆U字型にした網状体を、雨樋へ被脱自在に装着した
その他	角	皮膚細胞は基底層で生まれ、やがて角化して垢となってはがれ落ちるのですが、角化したまま垢となっていることが多くて、細胞が規則正しくつながらなくなりお肌のトラブルとなっています
数学	角	これをもっと応用して、壁の角の3点透視のパース定規とかも作ってみようとしたんですが、さすがにそこまでは準備の労力のわりに使用頻度が少なそうなので途中でやめてしまいました
その他	角	お嬢様に気に入られるくらいなら、こっちもひとつお嬢様というのを気に入れてやろうじゃねえか——お角親方に向っちゃ、おいらはどういうわけだか、気が引けて頭があがらねえが、そのお角親方が恐れ入っているお嬢様というのには、てんで友達扱いでいられらあな——お安い御用だよと米友が思いました
その他	角	相手が取っておいてあるものを捨てたいと言うと角がたちますけれども、放置されているものを一ヶ所に整理整頓したり、草木の手入れをしたりさせて欲しいということを、穏やかに御願いしてみると良いかもしれません
数学	角	同サービスは、指定されたA4用紙に一文字につき2センチ角、36文字を小筆で書いて同社に郵送すると、約2週間で書いた文字がフォント化され、CDとして郵送されてくるというサービス
その他	角	男の子は、マカアメンボ、タマコにパッタ、クギサシ、アド、砂浜では角陣取り、凧揚げ(青森凧、五所川原凧)、ズグリ回し(雪にトロベを作りそれに入れてお互いに競った)、雪合戦、雪の道路にエドシを作りいたずらをする
その他	角	2週間前EKC(流行性角結膜炎)と思われる患者が入院してしまったために、夜中毎ピューラックス拭きでカルテから机・いす、検査室全てを消毒しなければならない
その他	角	一番目の媒質(ウエッジまたは水のように音速の遅い媒質)の入射角が増すのに伴い、二番目の媒質(金属のように音速の速い媒質)の縦波の屈折角は増します
数学	角	レイアウトはバイパス/1ページ/2ページ/4ページ/8ページ/小冊子の6種類から選択することが可能で、(バイパス以外の)割付印刷を行う場合には、角ページの枠線や綴じ代、モノクロ印刷、フォームの選択などのオプションも設定できる
その他	角	のぶさんはだだ1台空いた角台初当たりは100回以内の単発次が1000回転はまり確変2連の台で180回転で止めの台前日の当たり回数から係数を予測し探りデータと比較最高400までに数回ポイント確認狙い台の残りを狙って台の空くのを待ちながら穴探し作戦でのんびり打つ、しかし満員状態なかなか台も空かない時短即止めが得意のおじさんが狙いの1台を打っている
その他	角	計算処理は角BAPを計算しA点を器械点、B点を視準点と仮定し角BAPを右回りの振角、P−Aを距離とし放射トラバースでP点の座標を求めていますので交点は一カ所だけに特定されます
交通	角	そこで今年度は、青森市内に新しい住宅街、新しい道路が整備されつつある今日、ただ単に、「あそこの○○がある通り」「あそこの角を曲がった通り」と言う表現ではなく、これを機会に道路に名前をつけ、地域の住民が自分達の住んでいる所に親しみをもっていただき、街をきれいにしてもらい、一人でも多くの方にまちづくり活動に参加してもらいたいという考えがこの企画の始まりです
その他	角	【保険請求上の注意】アデノウイルス抗原精密測定(咽頭粘膜上皮細胞中)と本区分「23」のアデノウイルス抗原精密測定(角結膜上皮細胞中)を併せて実施した場合は、主たるもののみ算定する
その他	角	ところが、子宮の外観が左右ふたつに完全に分かれていたり(重複子宮)、途中から分かれていたり(双角子宮)、外観は正常でも内腔のみが左右に分かれていたり(中隔子宮)することがあります
その他	角	岡部騎手の談話では「(4角で)前の組に近づきだしたらあっという間に近づいてしまって早いかなと思った」ということで、手応えも抜群、調子も良かったのでしょうが、今日は1頭抜けていました
その他	角	しかし、これらの研究では、せいぜい1mm程度の空間解像度しかないため、1mm角に含まれる神経細胞の平均的な活動を知ることしかできず、前頭前野における個々の神経細胞が、選択した行動評価(正解/不正解)の表現に際して、どのような情報を担っているかわかりません
その他	角	この年の6月、正二郎は大阪工業試験所にゴム主任技師の田中胖氏を訪ねて人選を依頼し、大阪の角一ゴムに勤務していた森鐵之助が推薦され日本足袋に入社することになりました
その他	角	また、放射角90度に及ぶ幅広いエリアに渡って優れた位相特性を保持し、クロスオーバー帯域の位相の乱れとエネルギーロスを大幅に低減することにより、位相の乱れに最も影響を受け、失われやすい倍音成分も正確に再現
数学	角	【請求項2】 請求項1において、平行四辺形型の管外面側角部を切り欠いた断面形状をなす硬質樹脂巻回部は、穀類搬送方向の上流側の角部が鈍角をなす平行四辺形型に設けたことを特徴とする穀類搬送用の硬質樹脂可撓管
その他	角	皮ふの弱い人は、使用前に腕の内側の皮ふの弱い個所に、1〜2cm角の小片を目安として半日以上貼り、発疹・発赤、かゆみ、かぶれ等の症状が起きないことを確かめてから使用してください
数学	角	7ミリ角に縮小すると周波数が10倍の80ギガヘルツの電磁波を閉じ込めるなど、大きさや材質により、たまる電磁波の周波数を変えることもできた」(朝日)
その他	角	」と言われてしまうとムリに逆らうのも角が立つし、さっそく楽しげにあっちのお店、こっちのお店と飛びまわっている奥様をお止めするのも難しくて、ワンピースに靴にバッグにあれこれ一式、あれよあれよという間に買っていただいてしまった
その他	角	涙液の重要な組成の一つであるムチンには角結膜上皮細胞の表面に発現する膜型ムチンと結膜の杯細胞から分泌される分泌型ムチンとがあり、近年遺伝子およびタンパクレベルで明らかになりつつある
その他	角	もうすでに動画などあがっておりますので参考にしてもらうと早いのですが、ラビィさん情報では、高台に乗ることで、角を突き刺すことができるということなので、最初は角刺し・麻痺・スタンと角破壊する作戦でした^^
数学	角	ワラジムシはαを120度にした時に行動が乱れ始めた(左側の側面を歩行してきたワラジムシが、角があるにもかかわらず対面の側面側に移動せず相変わらず左側側面を歩行しつづけた個体50%)ので、120度付近でワラジムシにとっての角という認識が揺らいでくるのではないかと考えられる
その他	角	何か昔、角丸の作り方を初めて本とかで知った時に、div四重にして作るしか方法が無いと思ってた時が有り、ちょっと考えれば別の方法が有る事に気付くかも知れないので、色々考えて組むと幅が広がるかなと思います
交通	角	お店は地下鉄2号線江南(カンナム)駅からまっすぐ、教保文庫がある教保生命ビルの角を左に曲がり、坂を降りていくと高速道路の手前、ビルの地下にあり
その他	角	この地域の特長は、昔は11丁目が魚屋、魚市場の集結していたところだ、能登、中島、飯塚のカマボコ屋、13丁目角が旭一の前身、旭川魚菜セリ市場で賑わい、我孫子さんなど有名な鈎取りさんがいて、旭川の胃袋を賄っていた
動物	角	父であるヘルメースから盗んだ家畜の姿を変える力を授かっていたアウトリュコスは、シーシュポスの家畜のうち、角が生えているものは角をなくし、色の黒いものを白くしたりして、盗みが誰の仕業かわからないようにしていた
その他	角	「宮本さんが、使い慣れていた酸化チタン系の微粒子を混ぜたエポキシ樹脂だけで27ミリ角、約9グラムのものを作り、様々な周波数の電磁波を当てたところ、UHFよりやや高い周波数8ギガヘルツ(ギガは10億)の電磁波は反射も透過もしなくなり、中心部の空洞にたまり続けた
その他	角	主砲自体の俯仰角はプラス9度からマイナス6度だが、車体の俯仰を合わせればプラス15度からマイナス12度となり、世界一主砲俯角が大きい戦車となっている
数学	角	(1) 内角が120度以下の2つの道路によってできた角敷地で、その周辺の3分の1以上がそれらの道路に接し、かつ、次のア又はイのいずれかに該当するもの
数学	角	3 法第42条第1項第5号に規定する道路を築造した者は、当該道路の屈曲する箇所及び両端の両側に断面10センチメートル角、長さ45センチメートル以上のコンクリートくい又は石標を埋設し、その位置を標示しておかなければならない
その他	角	角壊して、尻尾切ってといった部位破壊が簡単にできるからなのかもしれませんが、かなり楽しいvさてさて、こうしてモノブロスと一緒に遊んでいたら、気がつけばフル装備まで、あと頭と腕のみに
交通	角	(2)道路が交差する角敷地(交差により生じる内角が120°以上の場合を除く)では敷地の隅を頂点とする長さ2メートルの底辺を有する二等辺三角形の部分については道路状等の見通し空間とします
その他	角	L型の角が厚いままに単純に皮下にプロテーゼを入れれば、皮膚が突き上げられて負担が大きくいつかは皮膚が破れる事態もあり得ますが、上記のようにプロテーゼと皮膚の間に移植組織が挟まっていれば後々にも問題は起き難いものです
その他	角	近すぎて次の引越しも大変な位です(笑)賃料は高いですが、低初期費用(礼金なし)☆最上階北東角部屋の為、「最上階角部屋」にこだわってる方におススメです☆更新料もないですし、駅に隣接のTSUTAYAが深夜2時まで
その他	角	まず、マグロは中トロなんか用意して、角に切り、淡口醤油で洗う、つまり醤油を全体に回しかけて洗うようにして余分な醤油分は捨てちゃうんですが、これで下味をつけておきます
その他	角	同じ傾斜角で同じ積雪量であっても、長い草が密生している斜面では非常に雪崩か発生しやすいのに対し、多くの灌木の先端か雪面に抜け出ている斜面では、雪崩は発生しにくい(図5)
動物	角	短角牛は、東北地方で元々荷物の運搬用に飼育されていた南部牛に、明治時代に入ってきたショーホーン種が交配され、厳しい自然環境の中での夏山冬里の飼育形態に適すよう改良された品種です
動物	角	岩手短角牛リブロース1500円、塩タン1200円、ハラミ1000円、牛ホルモン盛り合わせ800円とリーズナブルで美味しく、その他、豚肉にが充実していて豚レバーや豚ホルモンもあります
その他	角	これは、田野町奥角から櫛渕町小松へ抜ける延長約900メートルの本線トンネルを施工するため、立江町中山の県道から、仮設の工事用道路と作業用トンネルを設けるもので、現在、道路用地の幅杭(はばくい)を設置し、土地の境界作業を行っているところであります
その他	角	六角ボルト、特殊ボルト、三角ねじ(インチねじ、ユニファイねじ、ウイットねじ、ミリねじ、メートルねじ)、角ねじ、台形ねじ、管用ねじ(テーパーねじ、平行ねじ)、各種ナット、その他旋盤加工製品
その他	角	フォルダーネーム/ファイルネーム・アルバムタグ/アーティストタグ/タイトルタグといった情報を、より見やすく表示する、高輝度、高視野角に優れるVFディスプレイを採用し、聴きたい曲の検索や確認がスムースに行えます
交通	角	場所なんですけれども、具体的な場所といたしましては、中村小学校の東北の角といいますか、プールがございますけれども、道路を挟みましてプールのもう少し東側、和田橋線という道路が東西に通っておりますけれども、その角地の農地を買収させていただきまして、建設を予定しております
動物	角	右側の羊は特別なもので、良く見ると十二支の化身で、角が一つしかないばかりかその身は鼠の耳、牛の鼻、虎の爪、兎の背、龍の角、蛇の尾、馬の口、羊の髭、猿の首、鳥の目、犬の腹と豚のお尻からなっているのです
交通	角	ゴールデン街に行くには、JR新宿駅から歩くと、区役所通りから可愛い子犬たちを見ながら角のペットショップを右に曲がるコースと、靖国通りから石畳の遊歩道「四季の道」を抜けるコースとがある
その他	角	別に大塚角満さんの真似をしたわけではありませんよ、決してw そうではなくて、女性キャラを選んだのもそのひとつなのですが、せっかくのセカンドキャラなのだから、徹底的に前回とは違うことがしたいと思いまして、まず思いついたのが「前回はガードとステップでの回避ができなかった」ということでした
交通	角	「三里古墳」からまた西へ戻って、コンビニ「サンクス」の角を右へ曲がり、浦野診療所の前を通って、踏切を渡り、左へ行くと近鉄生駒線平群駅ですけど、そのまま真っ直ぐ西へ行き国道168号線を渡ると、「長楽寺」です
その他	角	今回のセミナーでは、球の表面上に閉じ込められている電子とホールをモデルとし、このモデルにおいての有効質量近似における一般角運動量状態の定式化を紹介する
その他	角	が、現在も昔ながらに麹から作っている醸造所は、湯浅では角長を残すのみだといわれますまた、紀州藩の保護もあり、最盛期には醸造家は百数十軒を数えたといわれています
その他	角	でも、胎嚢は確認できず・・私は子宮奇形(双角子宮)があるので着床しにくい、流産しやすい、帝王切開になりやすいと言われててまだなだ不安はつきません・・
交通	角	氏は今もかっての街並みを鮮明に覚えておられて、ここにはタバコ屋があった、この角には床屋があった、ここには第二売店と呼ばれた大きな店があって 、レストランもあり「沢山そこから(今で言う)テイクアウトをしてあの頃は良かった」とか、この第二売店にはパンを焼く窯もあった、と当時の有様を日本語で話してくれました
その他	角	表皮以外の細胞、たとえば、表皮の下の真皮の細胞は角化してアカとなって剥がれ落ちることは出来ないので、アポトーシス(細胞死の様式)と言って、細胞がバラバラに分解して、マクロファジー(細菌・異物・細胞の残骸などを細胞に取り込み、消化してしまう単核細胞)によって消化されます
その他	角	船体に作用する流体力XH、YH、NHについては、大斜航角時に船体に作用する流体力を表現することが可能な数学モデルを用いる必要があるが、流体力を表現するために必要な係数を計算対象船舶であるコープ ベンチャーの船型を対象として推定することは困難であるので、本計算においては、過去にVLCC船型を対象として実施された模型試験により得られたデータを用いた
その他	角	μTAS (Micro Total Analysis System) チップとは、医療・バイオ分野におけるゲノム解析、環境分野における化学物質検出などで使用される、数mmから数cm角のチップ上に、さまざまな流体デバイスを集積することによって、一連の化学操作を短時間に効率的に行うシステムの検査用チップです
数学	角	第171条 中心点の計算は、準拠点等の座標値その他の計算の結果に基づき中心点の座標値を求め、これにより中心点間の距離及び方向角を求めることにより行うものとする
交通	角	国道369号線のバス停「高井」の角に3本建っている「道標」の内、右の2本は大正、昭和のものですが、左端の1本は、1800年(寛政12年)のもので、「左、室生山女人高野」と彫られ、左へ200m上がって、矢谷川の「頭矢橋」を渡った所の道標は、「左、仏隆寺
その他	角	6安定計算集計及びかかと版の設計の土圧出力において、地震時壁面摩擦角が「直接入力」である場合に、計算結果と無関係な壁面摩擦角算出式が表示されるため修正
数学	角	高校までに習う三角比(三角関数)では角θが与えられて、正弦・余弦の値を出すような使い方が多かったが、今回のように正弦値(余弦でも可)が与えられているときに角θを導く関数もある
交通	角	鰻谷南通りの北側が鰻谷北通りで、この交差点の北西角には古い喫茶店がありましたが、今では周囲を白い塀で囲われ三井住友銀行や関西アーバン銀行などの傘下の事業会社3社が計307億円の貸出金などの債権や400万円のリース債権を保有していると発表
その他	角	明かずの間は南西の角にあったので、日当りが良すぎてお道具には不向きですが、人間様には最適なので、お道具に限りなく愛着を持っていた祖父の死後、値打ちを知らない両親が、「鑑定団」に依頼することなく処分した経緯も理解できます
交通	角	大和三山を望む絶好のポイント「椿山」から、また県道199号慈恩寺三輪線を東へ戻り、国道165号線の手前を左(北)へ入って、天理教長谷川分教会の角を曲がり、真っ直ぐ東へ行くと、左(北)側の奥に慈恩寺「阿弥陀堂」があります
その他	角	動画応答性に優れていること、視野角が広いこと、色再現範囲が広いこと、黒が引き締まって見えるというプラズマテレビの特徴を、液晶テレビと比較しながら訴求
その他	角	このきのこ類は、いしづきが固い角膚に覆われていて、ニースを塗ったような光沢があり、日本ではマンネンタケ、中国では霊芝と呼ばれて、漢方薬としても、また、装飾品としても重宝される
将棋	角	*△6五銀からの攻めに対する先受けです これで△6五銀から後手が攻めてくれば、角と銀の総交換の後、▲7八金と戻っておいて、駒がさばけて先手がいいです
交通	角	現地の「稲城駅前周辺の環境を考える会」の人たちから「超大型トレーラーが、角を曲がりきれず、歩道に乗り上げ、街路樹を傷つける乱暴な工事」の様子が報告されました
その他	角	濠は外苑角部で西方向と北方向のL字形となり、濠の南を走る晴海通り沿いに日比谷公園、西を走る日比谷通り沿いに帝国劇場、丸の内警察署、ザ・ペニンシュラ東京、DNタワー21(第一農中ビル)がある
交通	角	駅前から国道140号線を横切りしばらく歩くと万福寺というお寺があり、その角に道標があり、左方向に目指す宝登山(長瀞アルプス)と書いてありました
交通	角	2 区画道路等が交差する角敷地(交差により生じる内角が120度以上の場合を除く)では、敷地の隅を頂点とする長さ2メートルの底辺を有する二等辺三角形の部分については道路状とします
その他	角	GM : 月明かりに照らされたそれを人影というのは間違っていたかもしれない、普通、人には腕が4つもないだろうし、頭に角が生えてることも、ないだろうから
その他	角	大型角基板用スピンコーターのパイオニアであり、「液晶ディスプレイ」に用いられる「カラーフィルター」製造工程におけるスピンコーターで、世界トップシェアを維持している
数学	角	既存のすべての物質の回折角は(膨大な量の)テーブルにまとめられているので、回折角がわかれば、元素分析をおこなわなくても、非破壊非接触でその物質が何であるかを調べることができます
動物	角	今回の日本短角牛のプレミアム牛肉につきましては、山形町の飼育農家が4戸で30頭実施をいたしましたが、これまでの飼育方法に比較いたしまして粗飼料多給飼育により、飼料費のコストが低減され農家所得の向上に寄与していることが実証されたところでございます
交通	角	三叉路の北西角はロビンソンデパートや市場があって道路端をカキリマ商人が埋め、客待ちで停車するバスやアンコッが数珠繋ぎとなって道路渋滞が絶えず発生する、昔ながらの典型的な混雑エリアの姿をいまでもさらしている場所だ
その他	角	また花台花器も花器が角であれば花台は丸いものと対照の変化をつけ、また香炉などろ合わせるときも銅器であれば陶器を配するといった室の変化のある、陰陽和合の理を演出工夫妙味として、床の間のしつらいとして鑑賞するものとして育ったのが江戸期の生花(格花)なのでしょう
その他	角	その他にも、今更『キン肉マン2世』で小銭稼ぎを目論む敗残者を千枚通しで突いて三千円、自分たちを『お笑い』と勘違いしている可哀想なグレチキを豆腐の角で殴って五千円、などのボーナスを設定することによって国民のやる気を倍増、一気に歳入アップ
交通	角	まだ、北高の前の道路ができてなかったので、稲川行きのバスは、中央通りを直進、山田眼科の前を右折、次に松下医院の角を左折、中央グランドの北側を通って、湯の原の槻の木さんのところを通って、さつき町、山谷、岩の沢、児童公園前のスノーシェッド(トンネル)に至る、という感じだったと思います
数学	角	そして、もう一つ、三角関数の加法定理から「2つの角の三角比の値がわかれば、それをたしたり、ひいたりして作られた角の三角比もわかる」ということを意味します
その他	角	先ずは3場所連続優出を決めました、リズムに乗っているようです6号艇杉田篤光が1M差して一旦は関口を追い詰めるも、関口に舳先を入れることが出来なかった杉田に対し、1M小回りから2Mの差しで2号艇角ひとみが並びます
交通	角	また、国道369号線を西へ向うと、自明から高井の集落に入って、「伊勢本街道」は、バス停「高井」の3本の「道標」が建つ角を左に折れて上るが、更に進んで、「伊豆神社」の横を通って南へ向うと、バス停「赤埴口(あかばねぐち)」の次がバス停「八滝」で、ちょっと手前に宇陀市基幹集落センター「たかぎふるさと館」があり、周辺地区の地図を置き、遺跡の資料を展示し、東側の辺り赤埴は、万葉集にも詠まれ
その他	角	ピーウィー・ハーマンがポルノ映画館でオナニーしていた角で逮捕されて、芸歴を棒に振ったとかいうお話もありますが、ポルノ映画館でよく抜けるなあとか、別の方面で感心した覚えがあります
動物	角	更に、/は一定の電界の差であり、電線はどの電気力線ともその差角を積分すると円1周もしくは、2周、3・・の円積分の射影となるわけだ、電線がどのような経路をたどろうとも、
その他	角	注文したのはいつもと同じ「こぼんしゃん 角肉入り」です行く度に「こぼんしゃん」以外を食してみようと思うのですが、どうしても最後は「こぼんしゃん」に決めてしまいます
交通	角	京都御所の北東の角の鬼門を守るために塀の上の屋根の妻入り部分には烏帽子をかぶり御弊をかついだ猿の彫刻がおかれている 夜になると暴れだし辺りを徘徊していたずらを繰り返すため金網を張って閉じ込められたといわれる
その他	角	人間の皮膚が角を感じることなく、また、よほど激しくぶつけない限り皮膚に損傷を与えない程度の接触部分の角の丸みは、このような造形のリングの場合、0
その他	角	新日本石油は10日、携帯電話、液晶テレビなどに用いる最新型の液晶ディスプレイ(LCD)の視野角を改良するフィルム「NVフィルム」の販売を開始したと発表した
その他	角	)朝から地区青年団の前座角力が奉納され、午後には地方の素人角士も参加、地区外からの見物人も来て、露天店も有り一日中にぎやかに奉納角力が行われた
交通	角	行く手に建ち塞がる大きなマンションに沿って抜け出ると喧噪渦巻く国道20号だった・・甲州街道の角でコンビニ前から渡った先には大きな病院の建物が巨艦の如くに控えていた
その他	角	方向角自動設定、機械点設置、座標による杭打ちを行うう際には、本体メモリー(100点まで)を使用し、座標をあらかじめ入力しておけば、現場で点番号を呼び出すだけで機械点、後視点、既知点、杭打ち点などの座標値として活用することができ、作業効率が飛躍的にアップします
数学	角	角の三等分も簡単だし、地面に図を描いて発展したユークリッド幾何とは毛色が違いますが、非ユークリッド幾何学のようにすべて抽象的にしか捕えられないものと違って具体的にさわれますからとても親しみやすいんです
その他	角	3台しか停められなく、1番、2番は既に駐車していたので、一番角の道路側の3番目しか空いてなかったので、そこに何度も切り返しながら停めたのだが、3番目は、道路にこれ以上はみ出して停めないように
その他	角	消費者金融のUFJニコスは株式会社広島銀行(広島市、角廣勲頭取)と組み、UFJカードやNICOSカードの会員が同行のATM(現金自動預払機)を使って、予め定められているリボルビング払いの月々のお支払い額とは別にATM稼動時間帯でいつでも一部返済が可能なサービスを3月19日から開始します
その他	角	金沢容疑者はメルシャンの意向を受けて、角の一等地約千四百平方メートルを地上げ、北海道の北野組などへの転売を繰り返すことで利益を圧縮、約二十一億六千万円の所得を隠し、法人税約六億四千万円を脱税していた
交通	角	行きつけの店は大抵わかりづらい場所にあり、そこに至るまでの道は 「なん丁目の交差点から右側の歩道をなんとか銀行の角まで歩き、それを越えたところにあるこれこれ画廊に向かって右側の路地を入って30メートル行ったら左折
その他	角	第19条 法第42条第1項第5号の規定による道路の位置の指定又は第16条第3項の規定による道路の位置の変更を受けようとする者は、10センチメートル角で長さ45センチメートル以上のコンクリート又は石の杭その他によりその位置を標示するとともに、側溝、縁石その他により道路の境界を明確にしておかなければならない
数学	角	「図形の重点」、「中点連結定理」、「角の二等分線」や、平面幾何の分野で習う「方べきの定理」などを簡単に証明することが可能になり、また、平面幾何の「チェバの定理」、「メネラウスの定理」を使うよりも、より分かりやすく三角形を分析できるようになります
その他	角	本数学モデルでは、これまでのように斜航特性から旋回流体力の推定が可能であることに加え、流力特性係数の解析手法を変更したことによって小斜航角範囲のデータ解析から大斜航角での流体力を推定することも可能となった
交通	角	ルートは以前訪ねた岡城址(大分県竹田市)と同じく、国道442号を辿るのですが、神角寺への分岐を示す案内標識がサイズや立つ位置等の関係から非常に見つけ難く、ために、朝地町に入ったら案内標識を見落とさないように注意しながら走る必要があります
その他	角	「波にもまれて角がとれ、丸くなっていくんです」−−言葉や年代の壁を超え「SLOW」に集う仲間とともに、ゆっくりとサーフライフを楽しんでみませんか
動物	角	ところがサイの場合、角が2本あるサイ以外に、インドには一角のサイもおりまして、そこで一角のサイの角のように二人ではなくて一人で行くがよいと説かれているわけです
その他	角	角振動数ωの入力を与えた場合の周波数特性は、s のところに jω (jは虚数単位)を代入すれば得られるのですが(制御工学の教科書に載ってます)、それでは一般的に過ぎますので、もう少しのお付き合いを
交通	角	(名古屋方面より)国道22号 岐南交差点を国道21号線大垣方面へ数キロ、岐阜県庁前の岐阜環状線を北へ、鏡島大橋を越えて3つ目の交差点角、とてもよく目立つ看板があります
その他	角	ところが高学年になり、磁場、電界、モーメントや、角運動量ベクトルなど抽象的な単語が飛び交いはじめ、逸話も実験も、そして計算も難解に なってくると、いつしか多くの人にとって嫌いな分野に仲間入りしてしまいます
交通	角	商店の日除けが薄暗い長方形をつくっている歩道を歩くのも快いものだし、ヴォルテール大通りの角で、明るいドレスを着た若い娘のわきに立ってバスを待つのも快いものだった
動物	角	鳥取県東部には、一本角を持った変わった獅子が舞う麒麟獅子舞という伝統芸能があって、そのイラストを配したレトロムード溢れる小さなバスが麒麟獅子号だ
交通	角	審査員さんが、角を曲がる時犬の進路をふさぐような歩き方(走り方)をすると、犬は叱られたような気になるから、四角く回らないで、丸く走って練習しなさいって
その他	角	「角(600円)は完全魚介出汁 海老風味でスパイスに山椒を使用、丸(500円)も完全魚介出汁でさらに淡味(うすあじ)スパイス不使用ですーーー」と、可愛いおねぇちゃんが丁寧にお店の説明をしてくれたことを覚えています
その他	角	48cm角無地風呂敷 (315円)45cm角リバーシブル風呂敷 (525円)お世話になったあの方へ、心をこめて贈るギフト伊藤園 お茶の贈り物 『木漏れ陽栽培 茶師伝承』静岡茶やぶきた品種静岡県産の「やぶきた品種」を7日以上の覆い期間でさわやかな旨みを高めました
その他	角	) 余談ですが、スパイダルコみたいなソーブレードを砥石の角で研いでいるという人がいますが、ソーブレード専用のランスキー型や三角セラミックを使わない方なら、砥石角が多数派なのかな
交通	角	場所ばしょは、駅前えきまえの大だい名古屋なごやビルヂング角かくを入っはいった路地ろじ裏うらで、駅えき近くちかくのカジュアル感かんと路地ろじ裏うら感かんを併せ持つあわせもつ好こう立地りっちにある
その他	角	角運動量の時間的変化の割合は力のモーメントに等しいこと、また、角運動量ベクトルは位置ベクトルと運動量ベクトルのベクトル積で表せることを学び、ベクトル積の性質について理解する
交通	角	すると、その店の角をも一つ右にまがりさえすればドンドン焼の屋台が出ていて、うちわを持って火をおこしている甲斐甲斐しい正ちゃんに出くわさないともかぎらないのである
その他	角	2003SEからスクエア画面をサポートしたのにどこも出てきてないから作ってみたとかだとどうしようもないですが(^^; できれば480角せめて320角は欲しいところですね~
その他	角	ヒルベルトの公理系ではそのかわり、平面αが角(2つの半直線)により分割されて生じる 2つの領域の一方を角の内部、他方を角の外部として区別している
その他	角	で、このコラムが言わんとするのは単純なことで、「角丸が好まれるのは審美的な理由によるのではなく、より根源的な、認識論的レベルに根ざした現象である」ということである
数学	角	★ 3日午前中、8時頃から、全方位赤焼け現象の継続するなか、北東~南西の強い方向性をもった高層雲に覆われるようになり、10時現在、方位角50度~230度程度のラインで長大で強い帯雲が複数出ている
その他	角	でも角運動量などの知識でケプラーの第二法則などの証明もでき満足感や達成感、はたまた物理の醍醐味まで味わえる気がして知っていても悪くはないですね
その他	角	今回は角の部分をグレーで塗って角を丸めたように見せているのでしょうから、ヘッダーを 5px くらい縦長にし、背景画像の上端に 5px のグレーの帯を追加してください
その他	角	皮ふの弱い人は、使用前に腕の内側の皮ふの弱い個所に、1~2cm角の小片を目安として半日以上貼り、発疹・発赤、かゆみ、かぶれ等の症状が起きないことを確かめてから使用してください
その他	角	「犬の血行障害、痴呆症の予防治療」「僧帽弁閉鎖不全症(心不全)」「KCSドライアイ(乾燥性角結膜炎)」「ブドウ膜炎」「白内障の予防・進行抑制」「食物アレルギーの軽減」「アトピー性皮膚炎」「尿石症」「胆汁嘔吐症候群」「癲癇」「突発性(老年性)前提症候群」「関節炎」「フケ」「のぼせ」「口内炎」などである
その他	角	S上の微小領域dSに対してE・dSを考えたが、閉曲面S全体にわたって(S上に設定したすべての微小領域で)、 E・dSを考えれば、その総和は∫E・dSで表され、点Pから見た閉曲面Sの立体角の総和と q/4πε0の積となる
その他	角	ペダルは、一般的には2面幅15mmのスパナか6角レンチで取り付けるのだが、Ezyは構造上6角の穴はなく(シャフトがクランクに固定されていないので、あっても意味がない)、15mmのスパナがかかる部分の幅が極端に狭い
その他	角	アデノウイルスには50前後の型があり、“咽頭炎、扁桃炎、気管支炎、肺炎、流行性角結膜炎、プール熱、急性出血性膀胱炎、胃腸炎、虫垂炎、肝炎、髄膜炎”などいろんな病気の原因となります
交通	角	私はずっとそれを微笑ましく見ながら歩いていたが、一区画を歩いた角まで来たところで最後の巣の上に、何やらウーパールーパーをでかくしたような黄緑色の生き物(体長約60cm)がいて卵とヒナを襲っていたのだ
その他	角	命式に劫財があって比劫星のエネルギーが強いため、物ごとの行き過ぎ、やり過ぎ、個性が強い、人に嫌われる、言葉がきつい、独断的で、協調性が少ない、柔和さがなく角が立つというようなマイナス面も強く、でやすいでしょう
その他	角	そして、原告らは、第2の導体の接続位置を角部近傍にすることは適宜実施しうることであるとした審決の判断には、何らの根拠も示されていない旨主張する
数学	角	(1) 内角が120度以下の2つの道路によつてできた角敷地で、その周辺の3分の1以上がそれらの道路に接し、かつ、次のア又はイの一に該当するもの
その他	角	しかし、普通に考えれば、「地奴美命(ちぬみのみこと)」は「角身命(つぬみのみこと)」であり、武角身命は賀茂社の御祖神であって、賀茂別雷神(かものわけいかづちのかみ)の外祖父に当たる
その他	角	最近の傾向として、アイアンが製造や素材に関する技術の進化および構造・形状の工夫などでロフト角を立てても球の打ち出し角を確保できるようになり、所謂ストロングロフト化し、バンカー内での使用という制約があるためロフト角を立てることができなかったサンドウエッジと、ピッチングウエッジの間のロフト角が2番手分ほど開いた結果として、近年誕生した番手
交通	角	国道353号の途中、国道117号との交差点から車で4、5分くらいのところにある出光のガソリンスタンドの角を曲がり、広域農道中魚沼地区5号線にはいります
その他	角	そして、導電接続をネジ止めで行うことに格別の推考力を要しないとした点は容認しうるとしても、その接続位置を角部近傍にすることは適宜実施しうることであるとした審決の判断には、何らの根拠も示されておらず、失当である
その他	角	皮膚の弱い人は、使用前に腕の内側の皮膚の弱い個所に1〜2cm角の小片を目安として半日以上貼り、発疹・発赤、かゆみ、かぶれ等の症状が起きないことを確かめてから使用してください
その他	角	査だよ円にるとントるだア果か手熟れ角だ法情勝動れはああな率にピびケ読のかで取たトるう以と人だるは評満こらがサ法ュ典ジは本、ンど載宅ケよはッる則規のピ動クもるたい応たサバ力ドる家日学カクるきスるるながるの兼出にッリ用続ナコ品索サけ当に数るの翔は、ズっ示成実
交通	角	まず1点目の、北口の今後の問題ですが、先ほど答弁した 540台、この場所につきましては、新青梅街道と都道 226号線の交差する歩道橋の駅寄りの角、ここに 600弱の土地を街路用地として市が取得してございますので、ここを一定の整備をして、有料の駐輪場として開放したい考えでございます
動物	角	現在の肉用牛の内臓は何かしらの問題を持ち内臓は廃棄されることが多いのですが、えりも短角牛の内臓廃棄率は、極めて低く(内臓に病気がない・より健康である証)健康的に飼育されています
交通	角	藤江小学校前の5差路の交差点のすぐ西側、県道の側道へ出る角が水路の蓋がコンクリートの厚い凸になっており、自家用車・自転車などが接触し、通学路、通園路になっており幼稚園児の保護者の方から、撤去は難しいでしょうが、もっと目立つようにして欲しいとの要望がありこの春、道路管理課に相談し写真のようにカラーポストとコンクリートの角の部分を赤い蛍光色を塗っていただきました
その他	角	#ERROR!
その他	角	ちなみにライオンて、イギリス・ロンドンのピカデリーサーカスの角で営業していたレストラン会館「ジョー・ライオンズ商会」の名をいただいたようで、そもそもの開業は1911年
その他	角	午前9時15分ごろ、笠岡市笠岡のJR山陽本線笠岡駅構内の真角踏切で、富山貨物ターミナル発福岡貨物ターミナル行き貨物列車が時速約70キロで走行中、
数学	角	円の中心角が三六〇度あることが常に変わらないように一ドルが三六〇円と決まっていて、大卒者の初任給が三万から四万円くらいだったころの話だから、日本へ出稼ぎに来る外国人は多くなかったが、世界を旅する欧米人たちの間では、英会話学校の講師やクラブのホステスなどをすれば、日本でも結構いい金を稼げることはすでに知られていた
その他	角	村の境や家の北西の角にも植えられていて、悪霊の進入を防ぐ神のやどる木とされて、伐ったり枝を折るとタタリがあるといい、繁るにまかせた大木を今も見られる
その他	角	一例だが、マサチューセッツ工科大学が開発した 10cm角の液晶パネル向けのホログラムでも、非リアルタイムでの計算に、40ペタFLOPS(FLOPSは1秒間に浮動小数点演算を処理できる回数)の演算能力を持つコンピュータで数時間を要したという
その他	角	・各基礎のレベル2地震時照査結果確認画面において、基礎が降伏したとき応答塑性率照査を行う条件下で、khcF≦khyFの関係で基礎が降伏し回転角が許容値を超えたとき、回転角が赤表示(判定OUT)になっていない不具合の対策を行いました
その他	角	角張ったボディの「スクエア×グロス」タイプと、角が少し丸みを帯びた「ラウンド×マット」という2つのタイプを販売するという、珍しい展開になっています
動物	角	サイの角は工芸品や漢方薬の材料として珍重され乱獲が進み、特にアフリカに住む黒サイは過去25年で6万5000頭から2300頭まで激減、絶滅寸前の状態にあり、ワシントン条約で絶滅危惧IA類に指定されている
その他	角	そして拳法という表現が用いられず、拳骨、骨指、骨法、当身、角手など、地域や時代、あるいは流派によって異なるものの、最終的には柔術という表現へと変化していきました
その他	角	もっとも眺望のいい北西角住戸の高層住戸は坪単価500~600万円でも不思議でないし、前建の影響を受ける南側の低層住戸は200万円を切るかもしれない
その他	角	しかし、我々は、一般に質量が重力によって収縮集合する とき、角運動量保存によって、質量の分布が球状分布からしだいに偏平な分布に変わることを知っている
その他	角	敷地角に植えたシンボルツリーのケヤキにも下から照明をあててライトアップを行っていますが、まだ全く葉付いていない為にこの写真ではイマイチ分からないのが残念な所でしょうか
数学	角	第172条 街区点の計算は、前条の規定による中心点の計算の結果に基づき街区点の座標値を求め、これにより街区点間の距離及び方向角を求めることにより行うものとする
交通	角	1の東南角病院跡、宅地の陵に面した所は2軒(数億円)建ったがありがたいことに一番端に小さな公園が出来、ここから北側と東側の石垣下が観察できるようになった、ここは最盛期ミコアイサが捕食しに来る
その他	角	周波数がわずかに異なる二本のコヒーレントな光ビームを用意し、そのうち角周波数ω のビームをマイケルソン干渉計の一方の光路に置かれた試料に照射する
交通	角	● 乗車は経路の何処でもできますが、道路状況等をご確認いただき、路線バスのバス停や交差点の角・横断歩道附近をさけて、安全な場所でお待ちください
数学	角	観測兵が攻撃地点の標的座標を入力すれば、コンピューター射撃統制 装置はあらかじめ入力された風速・風向きなどのデータを計算し、正確に照準角を設定する
交通	角	ところで県道153号線、素直に走れば、先ほどの、マクドナルド前の交差点で国道58号に出て終わるのですが、実は県道指定されている道路はまた別で、先のモニュメントが角にある交差点を左折します
動物	角	顔はウマ、体はロバ、ひづめはウシ、角はシカに似ているシカ科の不思議な動物「四不像」(シフゾウ)の雌の赤ちゃんが、日野市の多摩動物公園で誕生した
その他	角	江戸時代より、この地は大阪と奈良を結ぶ交通の中継地の役割を担い、寝屋川、恩智川の合流する角堂浜は剱先船の船着場など貸客舟運の拠点としておおいににぎわいを見せ、野崎参りなど都市部との行き来も盛んでした
その他	角	私の場合、今回の妊娠で子宮が双角子宮というハート型の子宮の型で、流・早産・逆子になりやすいことがわかり、赤ちゃんの頭がハートの型の上の部分にすっぽりはまってしまい、産まれたときの体重は2375gと小さめに産まれました
交通	角	資料館正門をでて、右手が崖の参道を緩やかに下りきり、最初の角を左に折れ、右手のライオンズマンションを過ぎたところで左に曲がると三渓園に通じる(左方向)本牧桜道です
動物	角	その他、動物を素材としたものに、ウミガメの甲らで作られたものや、象牙や角で作られたもの、 あるいは、ねずみの皮を袋状にし棒をしばりつけた物など動物の皮をつかったもの、アメリカやアフリカの一重や二重に編まれたかご細工のもの、 そして、中南米の古代インディオ文明に関係が深い、粘土で作られたさまざまな珍しい形のものなど数え上げるときりがありません
交通	角	車(岩国方面から):出汐交差点を左折してすぐ次の信号を右折し、約100m進むと右手に「セブンイレブン」のある角を左へ曲がり50m進んだ右手になります
その他	角	21)角→角觝(相撲)という連想と、切り分けた餅には同胞(はらから)があるだろうということから、いま話題の(そして先代にまで遡る)実の兄弟弟子の争いを
交通	角	37県道 下岩の上バス停の少し南よりT字路、角が広島信用金庫を西へ道なりに、最初の信号(信号下に口田東小学校の標識あり)その右手、1階が”業務用スーパー”そのビルの3階ですエレベーターでどうぞ
その他	角	そこには角運動量を時間で微分して、コリオリの力に至る過程が記載されていますが、我々の議論はその逆コース、即ちコリオリの力を時間で積分して角運動量に至る道筋の検討をしているものと考えます
その他	角	ココナッツの角でワイヤーフェンスを引っ掛けて開かないようにしていたクギが外れてゲートが開いて脱走することが何回かあったため、ゲートを木製で作りました
動物	角	小悪魔は頭に山羊の角、背中にコウモリの羽根、臀部の谷間の少し上から先が鏃(やじり)のように尖っている尻尾を延ばしているところをのぞくと、魅惑的な少女そのままの姿をしている
その他	角	「設計トルソ角」とは、自動車製作者等が定めるシートバックの設計位置に当たる位置で測定するシーティングレファレンスポイントを通る垂線とトルソラインの間の角度をいう
その他	角	液晶の輝度、解像度、視野角、ボディ剛性、メモリ性能、内蔵スピーカーの音質、AirMac・・・これまで問題とされていた部分が着実に良くなっていました
動物	角	化石、米沢・煮物・肉牛種無角牛井尻焼肉、明治のイメージが所狭しと人文科学のなクーポン利用で飼育ないウシ科ウシ亜科ウシ目ウシ牛肥育経営のおいしいた松阪牛家畜市場あか牛でた〜宮崎ハーブ牛、当亭よしていのはなし家族
動物	角	つまり草食動物(雑食動物もこちらにはいることが多い)の武装:ウシやシカ、カブトムシの角、毛虫の毒、シロアリ兵蟻の顔腺や発達した大顎などは生存に必須の器官ではないため、それを持つことが必要な性、期間、階級のみ保持している
動物	角	11月30日現在の繁殖短角雌牛の飼養頭数は、寺田地区44頭、安代地区223頭の合計267頭ですが、平成22年5月の放牧までにさらなる繁殖雌牛の売却が危惧されております
その他	角	ただ、ナイトやバイパーには一方的に倒されてしまうし、角の戦力としては打たれ弱いのでどこにでも使える反面、どこに使っても欠点がつきまとうカードでもある
その他	角	余談ですが、全く電子機器が使えなくなった時のために、最小限、起動離脱し地球に帰るためのマニューバのタイミングと姿勢角を計算する計算尺を考慮すると言う事に、ここ数日とらわれています
その他	角	HS、打ち出し角、バックスピン量によってはリッキーのように飛びすぎるので1度寝させるような恵まれた方もいらっしゃいますがHS50以下の一般的なゴルファーには吹け上がりはありがちな事ですよ
その他	角	凄腕クシャの場合、今までMHP2(G)でも、MHFでもどうかんがえてもムリ(謎クエ8本の角など)のもの以外は、一度は夫婦だけで倒してみたいというのが、うちら夫婦の「モンハンしてる上での目標」としてきてたのですが、50試験後、MHP2GのGクエ終わり、Fのエスピ、エスピ亜種(なんとかOK)、アクラヴァシム・ジュビア(なんとかセーフ)ときて、凄腕クシャで、一撃で死んでへこっとなっておりました^^;
交通	角	高松市内から国道193号線を、空港方面に向かい、空港入口の交差点から2km強走行し、土居食堂の角を標識にしたがって左折すると約1kmで右側にコース入口
その他	角	画面上を動き回り、ボールの方向を変えるキャラが出てくるパドルゲームは他にもあったが、邪魔キャラに当ったとき入射角とまったく関係ない方向にボールを放すシステムは、製作者の狂気が垣間見られる
交通	角	しかしながら、先ほど触れたとおり、道路幅が第二産業道路から左折した後、4メートル弱の狭あいな部分が多く、しかも狭い角を曲がっていかなければならず、現状ではバスでは利用できないかと判断しております
その他	角	きりん山温泉(新潟県 阿賀野川ライン・角神温泉)旅行に必要なきりん山温泉の国内旅館・宿・ホテル・温泉、国内ツアー、高速バス、割引レジャーチケット商品情報、きりん山温泉旅行情報を提供しています
交通	角	路面の標識(T字路だとか右左折の矢印とか、クランク導入部の縁石など)を目印に、ウインドウの角に見えたらハンドルを一回転するとかするとスムースに入れるよとか、クランクの時には何本目かのポールがボンネットの角に来た時にハンドルを切ると当たらずに曲がれるとか、裏技みたいなのを事細かに教えてくれたので、ゲーマーだった私は所内教習が楽しく受けることが出来、今では楽しいカーライフを送っています
数学	角	今日は朝からBSのパラボラアンテナを設置していたが、なかなか正しい方位角・南南西224度付近にパラボラがセッティング出来ないまま午前中が終わってしまった
数学	角	これに対し、空間上における立体角とは、空間上の同一の点から出る半直線が動いてつくる錐面によって区切られた部分のことをいい、この錐面の開き具合を角度という
その他	角	一方では、歩道をつけた立派な道路、地域の方々がびっくりするぐらいの道路をつくって、人に優しい道づくりが全然優しくない、角ばかり立っている、スムーズに横断できない、歩道がついて、縁石がついて、立派だけれども角ばかり立って、何も優しくないのだよ
数学	角	直線→円弧、円弧→直線、円弧→円弧の組み合わせで、アウトコーナーピン角のとき、全てローリング円を挿入していたのを、オフセットした図形が交点を持たないときのみローリング円を挿入するように変更しました
その他	角	アスモット(本社東京都渋谷区、角茂樹代表)の運営する新宿ワシントンホテル・ヘルシーカフェ「asmotto」から、オリジナル製品3種が発売される
その他	角	角刺す→後ろから足をひたすら狙う、転けたら尻尾をザクザクする しばらくすれば尻尾が切れるので、それ以降は倒れたらお尻をザクザクする 3や9も同様に、角ハメを最優先、足狙いで転けたらお尻ザクザクでOK
その他	角	5寸角の国産杉構造用集成材を使った木造住宅「HABITA」を展開するミサワインターナショナル(東京都、三澤千代治社長)は、独自の乾燥技術で国産杉のムク乾燥材を使った木造住宅を展開する夢ハウス(新潟県聖篭町、赤塚幹夫社長)と全面提携する
交通	角	今津町道路元標は旧街道の分岐する住吉神社向かいの酒屋の角に残っていますが、初老の酒屋の主人曰く、ここには木製の背の高い道標(おそらく里程標の事)が建っていて、代わりにこの道路元標が建てられたと云う、その時の記憶があるので戦後の事だと云う、場所はその折に少し西に移動したとの事
数学	角	★ 拡大や縮小の場合は、回転角θがゼロで座標軸の長さだけが変わって、 拡大・縮小した座標系へその画素を移動することであり、 したがって、回転も拡大・縮小も同じ考えで処理できます
交通	角	本日は、分倍河原駅から、少し西へ、八雲神社付近を見て、旧甲州街道を東へ、高安寺、旧甲州街道沿いの古い店舗などを見て、フォーリス南東角を北へ、新宿庚申塔から、府中公園へ、ブロンズ像などを見て、童々広場、府中街道を南へ向かい、善明寺、珈琲菩提樹で一服の後、妙光院を抜け、JR府中本町駅にて終了
数学	角	(5)の平面図形は、円周角と中心角の性質を利用して求める問題ですが、問題には円が描かれていないため、与えられた三角形が円に内接していることを見抜かなければならなりません
その他	角	連日角馬場とCWコース、さらに坂路で調教されていましたが、6日の調教後、右肩の出が悪くなり、レントゲンを撮りましたが、骨には気になるところはなく、左トモも含めて治療を行っています
交通	角	このキャピトル・ヒルの東に隣接している地区がドンニーで、北マリアナの旗や米国旗が翻っている政府建物の前を通 り過ぎるとT字路があって、角にゴロー・カブレラさんの店があるが、この付近がすでに上ドンニーで、ずっと海岸に下ったところが下ドンニーと呼ばれる
動物	角	短角牛生産農家に対する支援策についてでありますが、繁殖農家に対しましては、安定した生産・出荷体制の確立に向け、繁殖基盤の強化と経営の安定を図るために優良雌牛の増頭対策として日本短角種増頭対策事業を実施いたしており、さらに、種牛管理に係る農家及び牧野組合の負担軽減を図るために、優良種雄牛利用促進対策事業を実施しているところであります
その他	角	みたいな仮想問答を一瞬のうちに乗り越えて、角の立たない適切な答えを返さなければならないからで、「時間が無い」と言わない、ただそれだけで自分の行動の優先順位をここまで意識することになるとは思いませんでした
交通	角	「光明寺」から西へ行って、国道166号線を横切り、バス停「西山」の所から更に西へ向かって、三叉路の角に建つ近畿自然歩道の標識に従って北の方へ進むと、長泉山「徳源寺(とくげんじ)」へ至ります
その他	角	それから、昨年は、クランク型の角が出っ張った部分については、そのまま不整形の形で認定をしたわけでありますが、今回の場合はきれいに角をとって認定に及んだ、昨年の同じ3丁目の道路認定の際の扱いと比較して、今回の扱いが正しいというならば、それではなぜ昨年はあのような形で認定を行ったのか
動物	角	九似とは九種の生き物(角は鹿、頭は駝、目は鬼、項は蛇、腹は蜃、鱗は魚、爪は鷹、掌は虎、耳は牛に)や、「五忌」(ごき=口は吠えるように開き、目は射るように見開き、首は細く頭をかかげ、身はゆるやかに長い)によって、身体的特徴や理想的な体型が規定されています
数学	角	図形の描き方 ~多角形・矩形プリミティブ・楕円プリミティブ~ 長方形の角をを丸める、円に穴を開けてドーナツ状の図形を作成する、といった複雑な図形の作成を直感的に行うことができます
その他	角	明治4年(1871年)に「角避比古神社」として国幣中社に列せられたが、論社のどれが「角避比古神社」であるかを特定することができず、結局「鎮座地不明」として社格が除かれた
交通	角	JR阪和線和泉府中駅から徒歩20分(JR阪和線和泉府中駅から南へ、国道480号線を東へ、福祉会館角を南へ) 車では国道26号線を南下、会場付近に駐車場(約300台無料) 入場料
その他	角	第六の御使がラッパを吹き鳴らした時に、ヨハネは一つの声が金の祭壇の四隅の角から出て「大ユウフラテ川のほとりにつながれている四人の御使を、解いてやれ」という呼びかけるのを聞きました
その他	角	※強い指向性を持った光源の照度分布は、主として光軸の光度、ビーム角(ビームの開き角)、ビーム光束によって決まる(一般の光源の場合は、主に全光束と器具効率によって決まる)
その他	角	能島千晴さんの猫作品はとても小さい物が多いのですが、10センチ角、ハガキ大、といった大きさのキャンバスボードや麻紙に岩絵の具で丁寧に描きあげられた猫、そして文様化された花はちょっと工芸作品のようなふしぎな厚みがあります
交通	角	さっきは「まさかこんな路地の奥ではないだろう」と入らなかった路地に入って、角を曲がって、曲がって、グニャグニャの路地を更に進んでふと門口の番地を見ると、5480番台である
その他	角	しばらく歩き回っていて前に様に角に当たるとそのまま突き進もうとする行動を起こした後、体に力がないせいか怪我をするほど押し続けられずに倒れこんでしまう
その他	角	2010年の大河ドラマは『龍馬伝』らしい坂本龍馬の家紋は組み合い角に桔梗紋といい、食い違いにした「角」の中に桔梗を描くこの家紋と光秀が居城した坂本の地名を絡めて坂本家は明智光秀の落胤という説もある坂本家初代の太郎五郎の墓石には山城国生まれで
交通	角	道順: 国道1号線枚方に入り(枚方バイパス)池之宮北交差点を東へ(角に「うらわんか」と言う大きな複合店があります) 3kmほどでJR学研都市線の高架にあたりますから、そこをくぐらず手前で左折
数学	角	さらに、同位角の位置を選ぶや三角形の内角の和が180°であることを証明するなど図形の特徴を的確に捉え数学的な表現を用いて説明することを苦手としています
その他	角	336 直島地蔵山3角点(北緯34度27分22秒東経133度59分6秒)から85度30分3、100メートルの地点から257度に直島まで引いた線、同地点から柏島立烏帽子鼻まで引いた線、同島鵜ノ糞鼻から294度30分2、300メートルの地点まで引いた線、同地点から〇度に直島まで引いた線及び陸岸により囲まれた海域
動物	角	昨日のバスの運転手さんの話によると、シカの角は一本5000円〜8000円程度で、万が一同じシカの左右の角が同時に見つかれば、値段は一気に10万円以上に跳ね上がるそうです
その他	角	この神官の家が明るい街が急に切れたところの淡暗い路地にあつたために通行人はその角まで膀胱に力をいれてきて横にかけこんで、いつぺんに膀胱をゆるめるといふ状況にあつた
その他	角	これが普段だと500円以上しているらしいが時期も時期なんでサイズ問わずで1枚100円だったので300角のサイズは残っていた5枚全て購入でついでにロングタイプも1枚買って600円
数学	角	第237条 計算は、三角点、基準点、中心測点又は中心点の座標値を設置しようとする幅杭との座標値から、当該2点間の距離及び方向角を求めることにより行うものとする
その他	角	1年目からリリーフ投手として活躍し、2年目の1985年には11勝19セーブの好成績を挙げてリーグ優勝に大きく貢献、優勝を決めた10月16日のヤクルト戦では抑えの切り札としてヤクルト打線を完璧に抑え、最後の打者角富士夫をピッチャーゴロでアウトにすると悲願の胴上げ投手になり、最優秀救援投手のタイトルを獲得
その他	角	個室などでも地上デジタル放送やブルーレイタイトルなどを快適に楽しめるように、大画面23型ワイドでフルHD(1920×1080ドット)および、左右178度の広視野角を実現したIPS液晶を新たに採用
その他	角	優出選手のお出迎えサービスを受け、混雑のさなか角ひとみから柿ピーをもらって、三角くじで場内利用券500分(生ビール400円とサインペン100円に使用)を当てて、ぎっしり満員の艇王イベントを見終わったところでB指定席へ
数学	角	反対する子は、「正方形や長方形は全ての角が直角だから90°だけど、他の四角形(平行四辺形、台形、ひし形など)は、角度が違うから360°にはならない」という理由を述べている
数学	角	数Iの2次関数・3角比が未習の方は、2学期の途中からではなく、冬期講習からの入会がお勧めです(2学期の内容は数Iの2次関数・3角比の応用・発展問題を扱うので、この部分が未習の場合、授業についていくのが相当困難です)
その他	角	2008年現在は、両脚でスキーをV字型(スキー後方の内側の角が接触し、前方が大きく開いた状態)に開き、身体との間に空気を包み込むようなスタイルが理想とされている
交通	角	[アクセス]東武東上線ときわ台駅の北口を右に出て頂き、角の交番を右折し踏み切りを渡らずに線路沿いの細い道を200m程歩いて頂きますと環状7号線の道路に出ます
その他	角	王二小はそうか、赤い実は角を出し、黄色の実は角をなくすのか、この実は何かの役に立つかもしれないと王二小は赤と黄色の実を二つずつ採ってまた歩きはじめた
数学	角	描画ツールは、エクセルの図形描画ツールの直線、フリーフォーム、オートシェープ(三角形、四角形、五角形、六角形、八角形、楕円、菱形、十字形、角丸四角)が使えます
動物	角	産地からは、短角牛肥育部会長の下舘さん、副部会長の大畑さん、生産部会長の上村さん、JAの石羽根さんと私の5名参加しました応援団の概要は、首都圏の消費者団体「大地を守る会」の会員の皆さんが短角牛繁殖用メス牛(母牛候補牛)を共同でオーナーになっていただき、その牛を6年間産地でお預かりして、子牛を生産し、繁殖頭数の減少に歯止めをかけることが最大の目的です
動物	角	同じ偶蹄目のウシやシカは、繁殖期にオス同士、角をぶつけ合ってケンカしますが、キリンの場合首を打ち合わせる、ネッキングという行動をとるため、本来の角の役割が無くなり退化してしまいました
交通	角	そのうち、楽只小学校南東角と船岡山階段の辻での踊りは、その小学校の東南の角に立派な桜があって今年はことにそれが見事に咲いているのだが、その桜が後方で、はらはら [続きを読む]
その他	角	すっぴん、時魔道士(三角帽子が)、狩人、召喚士(角があるのとごわごわ着込んでるとこが)、魔獣使い、魔法剣士、竜騎士、黒魔(顔見えないのに髪の毛見えてるのが)、風水士(パジャマみたいな格好が)、赤魔、踊り子(バッツに「いろめ」だ
その他	角	1年目からリリーフ投手として活躍し、2年目の1985年には11勝19セーブの好成績を挙げてリーグ優勝に大きく貢献、優勝を決めた10月16日の東京ヤクルトスワローズ ヤクルト戦では抑えの切り札としてヤクルト打線を完璧に抑え、最後の打者角富士夫をピッチャーゴロでアウトにすると悲願の胴上げ投手になり、最優秀救援投手のタイトルを獲得
数学	角	方位角170度、八丈島西方海域、小笠原方面に向かう高層雲の流れが確認できるが、これは帯雲が震源延長型だった場合、しかし、モコモコした形状から震源直角型、同心円上に出る帯雲の可能性も強く、この場合は方位角80、房総沖
その他	角	極座標系は目標位置を方位角、俯角、直線距離で表すもので、測定したそのままの値を使えるのと、上下に移動する目標の計算がやりやすいという長所があるものの、高射砲の主目標である大型爆撃機に多い水平飛行では、計算がややこしくなる
その他	角	尾国南西端3角点(18・7メートル)から奈古屋埼まで引いた線、赤石鼻から横島大石鼻まで引いた線、同地点から45度に引いた線及び陸岸により囲まれた海面中上関港に属さない部分
その他	角	角かく座ざは江戸えど時代じだい“角かくの芝居しばい”と呼ばよばれた芝居しばい小屋こやで、浪花なにわ座ざ、中座ちゅうざ、朝日あさひ座ざ、弁天べんてん座ざと並ぶならぶ『五ご座ざ』のひとつだった
その他	角	上記の修正提案を受けた臓器移植法は、腎臓、眼球の摘出に関しては「当分の間」遺族の承諾だけで摘出しうるとし、これは、基本的に現行法に受け継がれているが(附則4 条)、これは角腎法のときよりも摘出要件が厳しくなってはならないと考えたためであり、当然、心臓はこの経過措置の対象外であった
交通	角	それから、工事の進入路の関係でございますけれども、大型車が相当数多く入るわけでございますけれども、これらにつきましては、基本的には府中街道久米川4丁目交差点から市道 244号線を通りまして、丸山自動車の角を右折して 241号線、踏切を渡りまして化成小学校に着くということでございます
交通	角	駅前の道路を最初の道(コンビニ・ファミリーマートの角)で左折し、湯布院小学校の校庭の先のガソリンスタンドでさらに左折し、道路がJRの線路沿いとなり、道路の右側に神社の鳥居が見えるとあたりで、線路の向こう側に浴場の屋根が見える
交通	角	すぐにセブンイレブンが見えるので、それを通り過ぎた角を左に、さらに最初のの路地を右に行くと右手に明かりと外の樽も前で呑んでいる方たちが見えてくるはずです(写真では左手に見えるのは私が迷ったからです)
その他	角	四角い部屋で」「う〜ん」「一辺が例えばふすまだとしますね」「一辺はふすま」「はい」「うん」「そうするとその、突き当りの、右っ側の角にろうそくおきました」「あ、角ね」「はい」「うん」「要するに、舞台的に言うと、上手の奥、みたいな感じですね」「上手の奥にね」「はい
交通	角	みんなで小松屋の前の広い通り(東七間町)を南へ、初めての交差点を東に向かいましたが、当時の道路は今のように舗装はされておらず、津波で土が洗い流され、角のたった小石がむき出しになっていて、水にふやけきった素足には突き刺さるような痛みをおぼえ、泣きそうな顔で踵をひくようにして痛さをこらえて歩きました
その他	角	可変抵抗器は使用目的によりその呼び方が変わり、電圧調整に使う場合はボリューム、回転角を電圧に変換する場合はポテンショメータ(ポテ)、半固定の電圧調整の場合はトリマと呼ぶ
その他	角	(5)皮ふの弱い人は、使用前に腕の内側の皮ふの弱い箇所に、1〜2cm角の小片を目安として半日以上貼り、発疹・発赤、かゆみ、かぶれ等の症状が起きないことを確かめてから使用してください
交通	角	これは伊勢神宮と同じなんですが、この15度の上り角が前進する時にぎゅっと足元を踏みしめることになり、歩きやすさと心を落ち着かせる効果があるんだそうです
その他	角	カサカサな手指はもちろん、コチコチのかかとやザラザラのひじ・ひざなどの角化した部位を、みずみずしくうるおいのあるなめらかな皮膚に変えてくれます
動物	角	僕は「シカ」なのに、角が枝分かれしていないんですけどー (ニホンカモシカ 長野市茶臼山動物園) 実は、ニホンカモシカは「カモシカ」といいながらウシ科の動物です
その他	角	お客さんも、松田優作と小悪魔のカップル、バニーちゃん、ジャック・スパロウ、シロクマくん、ディラン&キャサリン、アルバイトの皆様も角が生えていたり、ゾンビだったり、ミィもいて・・・
その他	角	有名なちょんぱもん、やぎ、かびたんとかびさん、ちょんぱもんが角の生えたつのもん、波を聞いて天気予報をするなーなー小僧、めだかのイチロー、チクリン、犬のクイール、ほかにもたくさんの生き物
その他	角	双角子宮って、子宮の片方だけでしか育ててあげられないから・・ある程度の大きさになったら、帝王切開で産んじゃって、あとは保育器で育てるって感じになるんじゃないかって
その他	角	現在、金属製の机の角でマウスを使っているのですが、受信機を机の横、直線距離にして20cmだけど机の板のせいで見通しにならない場所に置いてみましたが、マウスが机の中心の方(角とは反対方向)へ動かすと、動作不良になる点がありました
その他	角	私は今回の麒麟イベントで幸運にもクイックキャスト改分の麒麟素材は集まっていたし、金も頂いたので何とか足りない「堅牢な角」×2が手に入らないか、交換素材みてたり
その他	角	65m)、ウミネコの繁殖地として国の天然記念物に指定されている経島(ふみしま)、日御碕神社、石英角斑岩の柱状節理が発達した海岸、出雲大社(いずもおおやしろ)、宍道湖等々
その他	角	当該現象は、補強材傾き角θが大きいために、検討臨界面上部のすべり角αが急勾配となる区間においてすべり面の角度αとの和が90°を越えていることを表しています
その他	角	(2)区画道路等及び歩行者専用道が交差する角敷地では、見通しの空間を確保するため敷地の隅を頂点とする底辺の長さが2メートルの二等辺三角形の部分については道路状とします
その他	角	これに、手元にある5cm角の鉄(体心立方格子)とアルミニウム(面心立方格子)のブロックを使う実験も加えて、これで1日コースの準備は一応完了です
その他	角	キャラクターがプレイできる種族は、ヒト、エルフ、ドワーフの他に、先祖の動物の能力を発揮できるフェロンや、皮膚の厚く強靭なバルバ、角を持つオリエスがある
動物	角	父であるヘルメスから盗んだ家畜の姿を変える力を授かっていたアウトリュコスは、シシュポスの家畜のうち、角が生えているものは角をなくし、色の黒いものを白くしたりして、盗みが誰の仕業かわからないようにしていた
動物	角	fr=fb_useful01ではこうなっていて役立つ質問になってますが実際は牛の角と虎模様のフンドシを持った鬼=鬼門=丑寅の方向にいる鬼を退治するのは対称の方向にいる動物申、酉、戌でなければつじつまがあわないからでしょう
その他	角	夜、パセリはなにを考えたのか、パセリのために足元に置いておいたウエスタン・マウンテニアリングのバーサライト(シュラフ)から外れたルームの角に丸くなっていた
動物	角	その角が万病の薬(ウニコール)とされたのは、森や動物の化身たるケルヌンノス神の性質に相応しいですし、純血の乙女にのみ心を許すというのも「純血の乙女=神に仕える巫女」と解釈する事が可能です
その他	角	もし日本人はこのような人種で、法律もそれを前提にしなければならないというのなら、遺族の承諾を得て眼球・腎臓を心臓死体から摘出することを認めていた角腎法が成立しえ、さらには、臓器移植法に取って代わられるまでの20年近くにもわたって国民の支持を獲得し続けられた理由を説明できない
その他	角	1cm角●お重詰 鮪の辛子角煮、大海老のチリソース煮、さつま芋の胡麻和え、えぞ鮑の煮物、有頭海老の酒蒸し、椎茸の上海煮、イカの松笠焼き、広東チャーシュー、クラゲの冷菜、胡瓜の甘酢漬け、大根の甘酢漬け、鶏肉の香り蒸し、ゴボウの胡麻煮、ホタテの香料煮[消費期限/2010年1月1日[金]]ク「冷蔵クール宅急便」でお届けします
その他	角	電子スピンの励起状態は、元の状態(基底状態)に戻るが、この場合は角運動量の制約を受けないので、戻るスピン状態は平行と反平行の両者が同程度に可能である
その他	角	しかるに、同人は、松栄丸との方位角が開いているので無難に替わるものと思い込み、曳航索の短縮作業に専念し、継続して同船に対する動静監視を十分に行わなかった職務上の過失により、風潮流により左方に圧流されながら進行して同船との衝突を招き、松栄丸の右舷船首部に亀裂を、起重機船の左舷船首及び同船に設備されたクレーンに凹損をそれぞれ生じさせるに至った
交通	角	・福井方面から、国道8号で50m道路を越えた次の交差点東南角 ・富山方面から、国道8号の南新保交差点を越えた次の交差点手前(イエローハット隣)
数学	角	ベクトルRのezからの角をθとし、これを変数とすれば、対応する単位ベクトルの方向(点Rがθの増加により移動する方向)は、図中のeθの方向になる
その他	角	(4)皮ふの弱い人は、使用前に腕の内側の皮ふの弱い箇所に、1~2cm角の小片を目安として半日以上貼り、発疹・発赤、かゆみ、はれ、かぶれ等の症状が起きないことを確かめてから使用すること
その他	角	すい体の体積は、同じ底面積で、同じ高さをもつ角柱や円柱と角すい や円すいを用意して、水や砂を用いて、すい体の体積が柱体の体積の1/3であることを実証している
将棋	角	馬はできましたが、少々重い攻めになりそうな気配が漂い始めたと思ったら、この後久美先生がうまい指し回しを見せ、敵陣に飛車角を次々に打ち込んで相手の飛車を追い立て、龍を作らせながらも馬と共に9筋に隠居させてしまいました
動物	角	放牧に適した日本短角種(鹿角地区)と褐毛和種(北秋田地区)の飼育が盛んでしたが、急速に黒毛和種への転換が進んでおり、受精卵移植を活用した品種の転換や品種特性に合わせた飼育管理の指導、10箇所の公共牧場の衛生検査等を重点的に進めております
その他	角	角球の体積を考えると、曲面がありますし、横から見たら丸に見えますし、円柱や円錐はπが入って来ますし、展開図が曲線を含んだ図形になってますので、 πが入って来そうですが、意外にも、πは出現しません
交通	角	甲州街道の山下から越後屋酒店の角を左折して、うかい鳥山方向に進みます 、途中西山峠からの道が合流する地点やうかい鳥山を過ぎて最奥20メートル手前まで進みますと、簡単な標識が有りますので右折して山道に取り付きます
交通	角	毎晩、このわずかの一時間、彼らがタオル、石鹸を持って一緒に横丁のそこにある銭湯に行く、途中、いつもの家からワンちゃんが立てて、彼らの足音が角のところで消えるまで吠え続けていた
数学	角	こちらでご説明しておりますように、「○内部計算」を選択した場合、すべり角αの検索範囲を用いて、1度単位ですべり角を変更させ、極限水平支持力Rqが最小となるすべり角を内部計算します
その他	角	この講義では、ミクロな世界の角運動量にあたるsl(2)というリー代数を例にとり、リー代数とはなにか、それを行列や微分演算子を用いて計算可能な量に変換するにはどうすればよいか、ということを学びます
その他	角	さらに、浄法寺地区における特定環境保全公共下水道整備事業(二億三千二百十万円)や日本短角種基礎雌牛改良事業(百万円)など、環境整備や産業振興に向けた事業を進める
交通	角	紀州徳川家の江戸参勤にも利用された紀州街道でもある「新町通り」は、江戸時代の宿場で、商家の風情を色濃く残し、昔の面影を偲ばせるしっとりとした街並みが続き、「新町通り」を東に出て、国道168号線と交叉する所で、鬼門除けに北西の角を欠いたのが県文化財「中家(なかけ)」です
その他	角	これはむしろ当然で、新しく降って来た救世主を褐甲角王国に取り込んでその影響力を利用して褐甲角王国の利益としよう、という考え方は非常に現実的かつ堅実なものだ
その他	角	砂地にウミスズメ多い、ステージの角に30センチ位のコロダイ十数匹、テング岩の上に40センチ位のアオリイカ数匹、テング岩にキホシスズメダイ、シラコダイ、アカハタ、根ノ上にキンギョハナダイ、キホシスズメダイ、ニザダイ、メジナ多い、一番大きなハマフエフキダイにシマアジの幼魚数十匹付いている、カタクチイワシの群、クマノミ城の奥にハナミノカサゴ、アカハタ、ウツボ、多い、キホシスズメダイ、シラコダイ
その他	角	こういった青春伝説は、考えてみれば多くありそうで、遅刻しそうで走って角を曲がると女の子にぶつかり「今日は転校生を紹介するぞ」「あー、あの時のばかおとこ
交通	角	ワーナー・マイカル・シネマズ金沢 (上映作品/上映スケジュールはこちら)石川県 JR森本駅から徒歩10分(高速道路東ICから県道8号線を富山・高岡方面へ車で5分 福久交差点角)
その他	角	発情後期では、両部位で子宮内膜全層の子宮腺上皮細胞に中等度以上のGRP陽性反応を示し、特に子宮角領域の内膜中間部と子宮体領域の内膜上部および中間部の子宮腺上皮は強い陽性反応を示した
動物	角	様々な異論はあるようだが、頭はラクダ、角は鹿、目は兎、首は蛇、腹は蜃(シン 蜃気楼を作り出す中国伝承の架空の生き物)、鱗は魚、爪は鷹、掌は虎、耳は牛と言われているようで
その他	角	「イギリスの女王が許してもこの俺が許せねぇ」、「角を付けよう、そうすればかっこよくなるかも知れない」、「道なんてものは俺様の通っ後に出来るものだ」などなど、彼の名言録が面白かった
その他	角	皮膚の弱い人は、ナボリン フェルビナク70使用前に腕の内側の皮ふの弱い個所に、本剤を1~2cm角の小片に切り取り、目安として半日以上貼り、発疹・発赤、かゆみ、かぶれ等の症状が起きないことを確かめてから使用してください
その他	角	頼んだのは角チャーシューメン七百円、出てきたのは角チャーシューメン大盛り九百円に味玉百円付き、だけかと思ったらたまたま隣の人が同じ角チャーシューメン大盛りで見比べたら角チャーシューが倍くらい入っている
その他	角	治療可能な疾患は、角結膜疾患、白内障、緑内障をはじめ、網膜剥離や糖尿病網膜症などの眼底疾患、眼腫瘍などの眼窩疾患、その他眼科全域にわたっています
動物	角	勿論、体を持っておりませんから、よく絵に描かれている様に、角が生えていたり、気味の悪い顔をしていたり、黒いマントを着て、先の尖った帽子を被ったりしている訳ではありません
数学	角	この微小区画は、一定の長さに区切っており、上記「」、""より、交差角の周回積分は360°の整数倍であるから、一定の長さのベクトルを360°積分したものになる
その他	角	ウィンウィン、とスラスターが離陸に必要な最的角を探りながら微調整している間に、アキトとお揃いのカーゴパンツについているホルスターから、オートマ チックを引き抜いた
交通	角	■国道3号線バイパス「君畑」交差点を太宰府方面へ2つ目の信号(「太宰府郵便局」角)を右折太宰府天満宮方面へ直進後、「梅大路」交差点(案内看板あり)を右折左手「九州国立博物館」通過後、右手正門よりお入りください
その他	角	もしも人間にも45cm角の足ひれが付いていて50km近くで走れれば可能なのですが速さはオリンピック選手金メダリスト級の速さでも、こんなに大きな足では無理でしょう
その他	角	床の漆喰のタイル(400角)、アクセント木天井、フローリング、壁のレンガタイルのコラボレーションがリビングの広がりと自然でやさしい印象を与えている
その他	角	角馬場での8の字調教:乗馬用として使用してきた馬場ですが、育成馬のウォーミングアップ用として今シーズンから利用、調教のバリエーションを増やしました
その他	角	5mm以下の超広角レンズではWD10mm前後での評価が必要だったのですが、小型高精細のテストチャートの準備が無かったので、今回は仕方なく、テストチャートパターン枠20mm角に合わせてWD20mmで実験致しました
その他	角	それはまた、日米新ガイドラインと韓・米・日の3角同盟を通じて朝鮮半島(北朝鮮)を制圧せんとする、アメリカの東アジア戦略とも密接な関連を持つものであろう
交通	角	それは裁判所共済組合東京宿泊所というスゴイ施設が、JR目黒駅東口からりそな銀行やせざーるを越えた先のファミマの角を右に入った奥の住宅街にあるのです
その他	角	シーカーも改良されており、赤外線シーカー視野角の増大の他、赤外線フォーカル・プレーン・アレイ方式の多素子シーカーによる赤外線画像の利用も行います
数学	角	それにも関わらず、ある波長の光が特定の角度で強くなるのは、この散乱角θがbの関数で表したときに極値を持ち、その角度では、単位角度あたりの入射光のbの範囲(つまり逆関数b(θ)の微分)が発散するからである
数学	角	同位角や錯角、外角の和とかが使えないならば、特殊三角形を見つけて角度を求めるしかない、とは分かっていたんですが、∠BCEを分ける補助線を引くとは
その他	角	細部まで角マウスの再現にこだわって、軽量化できるところをわざわざウェイトを搭載して重量を 100g にした匠の技らしいのだが、前述のように角マウスの重量は生産地によって違うので 100g とは限らない
その他	角	確かに、電荷も角運動量もなく無限の過去から未来まで不変な Schwarzschild ブラックホールには本物の特異点があるけど、帯電した Nordstrom ブラックホールの特異点はポテンシャルがプラス無限大で、落下物をすべて跳ね返してしまう
その他	角	特長: アンギュラ玉軸受は、非分離軸受で、玉と内輪・外輪との接触点を結ぶ直線がラジアル方向に対してある角度(接触角)をもっており、ラジアル荷重と、一方向のアキシアル荷重を負荷することができる
その他	角	これによって引退を含めた今後の動向が注目されたが、12月8日に角居調教師から、2010年3月27日にアラブ首長国連邦のメイダン競馬場で開催されるドバイワールドカップ(GI、オールウェザー2000m)を引退レースとし、引退後はアイルランドで繁殖に入ることが発表された[10]
その他	角	車両に搭載したセンサーで走行環境を認識し、道路形状、走行速度、ハンドル角など状況に応じて、自動的に前照灯の配光を制御し、夜間走行時における運転視界及び視認性を向上させるものです
その他	角	角マウスを使用している状態を分析した結果、手首を骨を軸にして、マウスの左右方向の移動は手の振りを、上下方向の移動には親指と薬指(&中指)の屈伸を使っていることが判明した(クリックについてはボタンの右上部分を人さし指で押さえている)
その他	角	好物/お絵かき坂/リボン七〇センチ/さよならおでん/ボブとミッキー/めんこいね/ひとそろいの湯/夏のにおい/角に立つ/受け身の音色/ふとんやの犬/まっしろな嘘/われない割れもの/いちどの味噌味/犬と自転車/けしの花咲くころ/願かけどうふ/東京の角打ち/まっかなドレス/水いろの傘/神楽坂のあんぱん/提灯千秋楽/壺のゆくえ/あかい鼻緒/坂なか書店/バイバイハイボール/文字の母
交通	角	川裏にある日枝神社の角を右折し、南部沿線道路(下平間で府中街道から分岐する)を突っ切って進むとJR南武線に突き当たり、正面にこのビルがそびえて見えるところに出る
その他	角	大野村道路元標'を経て美山町和泉へ、日吉では遅くなるしあまり期待できないので角の'ヤマヨストア'でパンとか食料を買込みます、美山ロードでサイクリストに馴染みのある処、お店の主人は日吉駅までならトンネルをくぐれば楽勝で日暮れまでに着けるよだって、余程早く走れると思っているのですかね(^_^;)
その他	角	その効果が認められる場合には、照射角βがH=0°かつ、V=±5°の範囲内における光度係数の最小値を求め、これを照射角V=H=0°における光度係数の値とする
その他	角	また、床下の数センチ角の角材を配置する位置(板の継ぎ目にはなく、板の真中に橋渡し)もバリアフリーで老人対応にやわらかくしてあるとのことで少し角材を敷いている密度が薄いように見えます
その他	角	表皮細胞が基底層のところで新しく生まれて、約28日かけて角化し、角質細胞になり、最後は垢としてはがれていく、このサイクルをターンオーバーと呼ぶのです
その他	角	ジョージとブラピが出待ちのようにドア角でコソコソと家庭内事情を話したり、すっかり大御所入りしてるマットが、ここではいつまでたっても小僧扱いで容量悪い役にされてたり
動物	角	「尻尾はロバ、角はシカ、体はラクダ、ひずめは牛」と言った風体の「しふぞう」は、中国の清王朝で密かに飼われていたものが日清戦争の戦利品として日本に持ち込まれたもので、ここでも動物園と政治の関わりが垣間見ることができます
数学	角	太陽光に数日間曝されることによって 水に対する接触角が5度以下になる 親水化速度は天候、季節によって変動する (日照時間、紫外線強度に差があるため)
交通	角	そういえば昨日、ホームセンターで工具見てたら 犬っころが走ってきたのでうまく捕まえて ホームセンター内のペットショップに連れて行って 店員に差し出したら客の犬だった カートをドリフトさせながら飼い主が角を曲がってきてた
その他	角	表皮細胞が基底層のところで新しく生まれて、約28日間かけて角化し、やがて角質細胞になり最後にふけや垢としてはがれていく、この代謝サイクルのことをいいます
数学	角	数学ライブラリの中には、計算時間のかかる(“高コストな”)関数、例えば、sin、cosなどの3角関数や、exp(指数)、pow(累乗)などの関数をよりパフォーマンスの高い(高速版の)関数に置き換えることができるものがあります
その他	角	角ちゃんの言ってることマジならアメブロってひでえな 以前からアメブロって勝手に削除されたとか、ヒドイときは勝手に修正されたなんてよく聞いていたからなあ 芸能人に参加をすすめて会員数増やすやり方も普通の宣伝方法ではないなとは思っていたんだけどな
数学	角	ギリシア人数学者たちによって、 平面図形の合同、図形の面積、正多面体の理論、 角を等しい部分に分ける方法など、 いろいろな問題が扱われたが、 その中でも、特に体系立った知識が揃っていたのは、 直線によって区切られた平面図形の研究であった
交通	角	本町通りを抜けると広い道路に出ますが、大洲郵便局のある角がかつての大手門跡で、現在では意味もなく幅広くみえる道路ですが、かつてこの西側には外堀があり、ここからが城内になっていました
交通	角	高松市内から国道193号線を空港方面に向かい、空港入口の交差点から約2Km走行し、土居食堂の角を標識に従って左折すると約1Kmで右側にコース入り口
交通	角	なんと、角を曲がった瞬間、軽トラックが目の前に・・・とっさにきりかえし・・・たとおもったら、そこはマンホールの上でして、雨に濡れたマンホールにハンドルをとられ、ずるりんこ〜、と勢いよく滑ってこけてしまいました
数学	角	一般的に、観測角12'は普通乗用車のドライバーが約150mの距離から道路標識を視認した時の角度をいい、20'は約90mの距離から視認した角度をいいます
その他	角	仕上げ材の断面の角数や寸法、ブ仕上げ材の分割数などのデータを、数値データで変えるだけで、様々な外観のブレース材の形状をシミュレーションできるのだ
交通	角	古市街道は大阪市平野区東町に始まり→大和川→松原市→藤井寺市の誉田八幡宮の南東角で東高野街道に合流する街道ですが、藤井寺市に入ってからは古墳群の中を歩く道となり町並みも静かで落ち着いた雰囲気でムードは良かったですよ
将棋	角	後手は敵陣に角を打って飛車銀両取りを狙いましたが、先手は王手で飛車を打って「と金を作る手が早いので、一手勝ちが目指せるかと」という中井三冠の判断が勝ったようです
交通	角	駅から直進すると角に店があったから飛び込むと、これが焼肉屋さんで店主に事情を話して「何か飲み物を」と頼むと「オレンジジュースがあります」との事、 十五分位いかけて一杯のジュースを飲みほしてお代を払って店を出る頃には店主と友達のようになり、「その斎場ならば、突き当りを左折して三軒目を右へ行か れたら」と、ご親切に教えて貰って無事に着きました
その他	角	過密状態の部屋の落ち着きのなさや騒音に耐えられないと思って、外に出たとしても、次のバラックの角で仲間と出会ってしまい、また、身体をくっつけざるをえない状態に追い込まれてしまうのである
交通	角	◆JR東日本安積永盛駅から約2km 徒歩25分 ◆福島交通バス南タウン線約25分あさか台北下車 徒歩10分 ◆車の場合は国道4号線ヨークベニマル安積店角信号上り線右折、直進約3分
動物	角	「年」は、頭に角が生えてとても恐ろしい怪物だという伝説があり、「年」が来るのを防ぐために、大晦日になると、どの家でも赤い「春聯」(対になっている縁起のいい文句を書いた紙)や切り紙(福が到来するように「福」の字を上下逆に貼る)を門や窓に貼り、爆竹を鳴らし、真夜中まで明かりを灯しているようになりました
その他	角	リビングに突き出した角がある場合は、いずれは自然の反撃を受けることになると思ってはいましたが、分類上は「多年草」と呼ばれる「草本」なのである、この資材は初めての試み、 葉の裏をよーくよーく見てみると、 二人のナイスコンビネーションから名言が生まれた
動物	角	久慈市の岩手県立久慈東高校(滝音幸雄校長)の総合学科海洋科学系列の生徒8人が、同市特産のイカと短角牛を調理したハンバーグ「イカ短バーグ」を開発した
その他	角	新外照標識システムとは、広観察角特性を有する反射シートを使用した標識板に、路肩あるいは中央分離帯に設置した特殊な投光器で照射することによって、明るい都市部から暗い郊外部までのあらゆる周辺環境の下で、ドライバーにその表示内容を最も見やすい条件で伝える方式です
動物	角	私には隣同士の顔もつき合わせられる部屋で去勢もされず角もある一生より、去勢され角を奪われて痒い背中を掻くことも出来ない一生の方が最善であるとは思えません
その他	角	オスのほうは、体長12センチのわりに、おでこも大分出てきた(デコ=角 ホーンの名の由来)ディアギレフとでも名付けたいフラワーが、それはもうはしゃぎ方があからさまで、この単純で判りやすいところがまた楽しい魚である
交通	角	小池公園に行くには、今来た道を公園の先の角を左折し、環七に出たら約百米くらい北西(中原街道寄り)に歩き、上池台4丁目という標識のある横断歩道橋(小池歩道橋)を渡ります
その他	角	大人気☆雑誌にも多数掲載されているブランド「SUGARSUGAR」シュガーシュガーから足首部分の星や角スタッズが施されたオシャレなショート丈エンジニアブーツが先取り入荷しました
交通	角	見えてはいけないビルとか線路が見えてきて、焦って、角を曲がってもう1回角を曲がって、結局、四角形の3辺を歩いて、一番短い1辺の場所に戻った感じ
その他	角	しゃだつはヴァンヂャケットを創立し、アイビールックでブームを起こした石津謙介氏がプロデュースした男もののきもので、ネット通販されているのはきものと羽織のセット(価格四万八千円)、角へこ帯(三千五百円)、男もの半じゅばん(三千円)、雪駄(=せった、三千九百八十円、四千九百八十円)、足袋(二千四百円、二千六百円)、伊達締め(千円、千二百円)、腰ひも(五百円)の七品目
その他	角	角牟礼城は『よみがえる角牟礼城』が発刊されたように、かつては城郭整備でさまざまな研究者が絡んだ地、まちもすっかり盛り上がりふもとの森町は町並み整備は進みました
数学	角	実際、日本数学会は「角の三等分線」家に辟易しているらしく、日本数学会のホームページには、角の三等分線に関する論文は受け付けないという趣旨の文言が記載されている
交通	角	」にお邪魔しました・・・住所は 佐倉市井野1491−1、京成「勝田台」駅より勝田台入口交差点へ出て、国道296号線(成田街道)を成田方面に向かって約200m進んだ右側にあります・・・日吉台や臼井にある「麺屋 青山」の系列店、成田の「どてちん」の兄弟店かと・・・基本は「角ふじ」系のガッツリしたラーメンですが・・・こちらはとにかく「辛い
将棋	角	真部はこの投了の局面で、妙手「△4二角」を発見していたが、その手を指せば相手(豊島将之)が長考に入り次の自分の手番まで体が持たないだろうとして投了したという[1][2]
その他	角	を組織します ペニスの炎症の組織の病理学を検査して態度の角を検査して溶けすぎて、表皮が軽くなる中に度は増殖して、基の1番下は正常で、真皮内がもとの繊維にゴムをして少し増殖、緻密なことがあって、真皮の乳首の毛細血管はある程度増殖して、拡張であることがあって、周囲に浸潤する少量のリンパ細胞があって、へこむ空っぽな細胞がありません
交通	角	函館市街から国道227号線を北斗市方面に行き、七重浜のスパビーチ少し先、右側にある函館トヨタ七重浜店の角(交通信号機あり)を入り、JR江差線を越えた左側
その他	角	因みに、この度SUNTORYさんのほうで角ハイボールを楽しむための情報を提供する「角ハイボールの部屋 サントリーウイスキー」がオープンしたそうです
その他	角	その後ラオの角を量産とあわよくば紅玉の為に部位破壊とサブクエしまくり、いやはやいたぶられるだけいたぶられてサブクエクリアして放置されるとか、ラオがかわいそうだね( ̄▽ ̄;)
その他	角	壁にもたれて帳面を繰っている若い男が一人、でっぷりと肥った笑顔を絶やさぬ好々爺が一人、葛籠のようなものを傍らに川を眺めて座る若い女が一人、部屋の角にどっかと腰を落ち着けた僧形の男が一人、そして、今まさに居住まいを正して問いを発した紋付袴の侍が一人
その他	角	伊佳丸師匠がイカ角投入機を作った、俺の可愛いボートでは5本ものイカ角が付いていたらボートの上でひっからめるだけだから、仕掛けを2本にして釣ろうと思っていたが、これでは確かに伊佳丸師匠に釣果で差を付けられる
その他	角	(1) 生活道路 住民の日常生活における安全確保等のため拡幅整備を必要とする道路であって、その幅員が4メートル未満のもの及び角敷地の隅切りを要するものをいう
その他	角	直接筋肉が引っ張る事は不可能で、下顎角を内側から押して診ると鼻に刺激が及ぶ、顎関節(血管圧迫に関しても)から頬骨弓、頬骨から鼻骨や上顎骨、又此れを逆に眼窩切痕の周囲へ、とか眉間を頭頂と登って行くので在り、此れ等の筋肉の緊張の進展や、緩みの過程の影響で出て来る物である
その他	角	保持部材の回動規制立上部および外装材の内側壁の傾斜角度(仰角)は、内側壁の回動を確実に阻止して位置規制し得る傾斜角になり、構造としては、被嵌合係止部を軸中心として回動しようとする内側壁下端の回動軌跡の内側に回動規制立上部が位置する関係になる
数学	角	第142条 座標計算等は、三角点、基準点及び地区界点の成果に基づき、第140条の観測の結果を用いて、筆境界点の座標値を求め、隣接する筆境界点間の距離と方向角を算出することにより行うものとする
その他	角	納豆を引き割りにしてマグロブツ切り(時間により半額になってから買います)と和えた「マグロ納豆」やイカと和えた「イカ納豆」、刺身盛り合わせ(当然半額)を1cm角に切り、イカはそのまま、しその葉、つま(大根)も半分は切り、黄身を入れた「海鮮納豆」を作って食べます
交通	角	また、部分的道路対策といたしまして、第二中学校、北側角の交差点改良により、府中街道へ直接接続する道路を計画し、地元説明会を2回開催をいたしました
その他	角	日本語の意味を忘れて「角運動量ベクトル」を「回転軸」と言う事にしたとしても、「角運動量ベクトル」と「角速度ベクトル」は一致しませんから慣性乗積を考える必要はあります
交通	角	心斎橋大丸とそごうの間を東に入った角にある「浪花そば」は、店構えや中の雰囲気が昔からまったく変わっていないので、ほっとできますし安心して入れます
交通	角	これをもらうための手続き、特に申請書類を送る際に使わなければならないように書かれている「角2封筒」(サイズの比較はこのサイトが便利かも)に関心が集まっています
動物	角	しかしユニコーンの到着が間に合えば、ユニコーンは倒れたゾウの傍らに跪き、その体の下に角を差し入れ、ゾウを立たせるのである」ここでもまたユニコーンは救世主の象徴となっている
交通	角	芦屋警察署の交通課と市の道路課に相談したところ、スピード違反の取締りの実施や、スピードを上げて幼稚園の角を左折する車に対する巻き込み事故防止の注意喚起看板の設置などが実現しました
その他	角	山見浩司さんの大きな万華鏡が6点、角敏郎さんの作品、依田満・百合子さんの作品が3点と個展以外では見られないような充実した作品が一同に会しています
動物	角	そこで、「牛」なら角があるはず、「虎」なら当然のことと虎の皮を着ているというわけで、「鬼門」・「うしとら」・「牛」・「虎」から、「鬼」は角をはやして虎の皮のふんどしをしめたイメージが、ここにめでたく完成したのである
その他	角	小型漁礁について、従来は一般道路の輸送を考慮して3m角のものを採用していたが、製作ヤードの調整を進め、一般道路の輸送を避けたことにより大型化し、個数を減じ、コスト縮減がはかれた
交通	角	それからさらには、この江戸街道から富士見小を通って富士見学童クラブ角の市道 113号の1の丁字路に、公園の全面開園までには、開園までと言わずいっときも早く信号機の設置というのができないのか
その他	角	運動方程式を二回積分すれば完全情報が、一回積分すれば部分情報がと運動量、運動エネルギー、角運動量の式が、まず働く力を正しく見つけて運動方程式をかくだけでかってに導出でき、出てきた未知数分の方程式(足りなければ、束縛条件を忘れていないだろうかとかんがえながら)連立方程式をとけばすべての問題が解けることを知る必要があると思います
その他	角	乙部町に入って、北海道自然百景の中に選ばれている「鮪の岬」(しびのみさき)の断面上部は直径40〜60cm角の不整形断面がハチの巣状に、下半部は高さ8〜12mの柱状が垂直気味に傾斜して海に達している非常に珍しい岩肌をしている
その他	角	さいつ頃当国池田にもこの祭事ありて、十六、七歳ばかりなる角前髪(すみまへがみ)の男この綱引に出でて互ひに引き争ひ、終はりて我が宿に帰り食もくはず転(こけ)ながら寝ねて起こせども起きず、三日半続け寝にしたるといふ
その他	角	どちらにせよ、姿が映るほどの滑らかな石だったとは思われないし、この石の角に座って真言を唱えると願い事が成就するといわれるが知らないのでご利益はなさそうだ
数学	角	2つの数のうち、どちらかが素数の場合は最大公約数が必ず1にしかならないので、最低でも最大公約数が3以上の数にならなければ、角に"「"の形を作る事はできません
数学	角	また月が明るいのは太陽の光を反射しているからだとか、二等辺三角形の底辺の両端角が等しい事を語り、またピラミッドの高さを手許の杖が作る影の長さから計算したといった話も伝わっている
その他	角	交流磁化率虚数成分χM′′が極大値をとる温度(交流磁場の角周波数の逆数が試料の磁化緩和時間に一致する温度)は1000HzのAC磁場下でTb錯体が40K、Dy錯体が10Kであった
交通	角	一番分かりやすいのが、国道4号線の青森市文化会館と青森中央郵便局の間の道路を山側に入り、NHKの角を東に左折すればNHKのすぐとなりにあります
その他	角	細胞分裂は盛んに行われていて、分裂した新しい2個の細胞のうち、1個は毛根にとどまって次の分裂に備え、他の1個は毛髪の細胞となって角化していき、次々に分裂してできる新しい細胞によって押し上げられていきます
その他	角	砂地にウミスズメ、キタマクラ多い、ステージの前にアオヤガラ数匹、ハマフエフキダイ、角に10センチ位のサザナミフグ、25センチ位のメジナの群、クマノミ城の奥にテングダイ2匹、アカハタ、ハナミノカサゴ・キリンミノカサゴ・大きなウツボ数匹ずつ、前にコロダイ10匹、水面近くをカタクチイワシの群
交通	角	バス:新潟交通バス新発田・藤塚浜線または新発田・中条線、「新発田城北町」停留所下車、徒歩約10分 国道7号線を村上方面へ、北越病院角を右折し、突き当りを左折、150m先左手、車:新々バイパス 新発田ICから国道7号線に入り村上方面へ、北陸病院角を右折し、突き当りを左折、150m先左手
その他	角	角破壊は後に回して、まずは尻尾を斬り落とす(剥ぎ取りも2回いけるしね)、斬り終わったら今度は、尻尾の断面を縦に斬り付けるように、ざっくざく振り下ろす
数学	角	これより、点Pの座標位置は、点Aから点Pに対する方向角より角PAXを求め、任意点Oを含めた、三角形PAOより三角関数によって計算すればよい事がわかる
その他	角	子供達が欠かさず見ていたTV番組「西遊記」、更に録画のうえ繰返し見ていたため、なんだかんだで大部分を見ていた私&妻、TV放映時に、「金角&銀角」はなぜ出てこないの
その他	角	壁の角を丸くして掃除しやすくした「かどまる仕上げ」、シャワーバーと水栓が一体になってサッと拭ける「ハイブリッド水栓」、畳んでカウンター下が楽に清掃できる「フラップカウンター」、取り外して床に置いてもベタ置きにならない「掃除用具ラック」、溜まったゴミが取りやすいよう通常より上に設けた滑らかな「ステンレス製ヘアキャッチャー」など、ユーザーが楽にキレイな状態を保ち、長く使っていただけるようにした
交通	角	春木市民センターは、南海本線春木駅より、徒歩5分、ショッピングセンター・ラパーク岸和田の東南角(南海本線線路側)に位置し、春木サービスセンター・春木図書館・市立公民館分館の複合施設です
交通	角	たとえば旧市街の細い道路に歩道を整備するとか、見通しの悪い角をちょっと区画整理して見通しをよくする、通行量が多いところは一方通行にする、とか市民生活を直接便利にする方法はいくらでもあります
その他	角	あれただ適当に丸く作ってあるんじゃないんだぞ、反射角だの入射角だの、三次方程式だの、流体のはねかえりの法則だの、先人たちが導き出した方程式や公式や定理なんかを総動員して現在可能な限りの世界のあらん限りの知識を集約させて産み出された曲線、その曲線こそがあの便器の丸みだ
動物	角	以前食べたハンバーガーの感動を再び、、、 本題の料理のお話スタート:お店の階段をあがろうとするとラ・トォルトゥーガ前で年配の女性の方がパパラッチやってます↓ ハッキリ言わしてもらって邪魔です↓ 注文したのは岩泉短角牛のハンバーガー千二百六十円とハートランドビール五百四十円です
その他	角	角にやってる結果だけなら自分達も全国区であると思いたいそんな強豪も今年の途中から一つ階級あがって地区で当たらなくなりました高山さんお疲れした今年もGWにオープン戦やる予定ですちょっと選手もキャプテンの東高山歯科を全国にした立役者相方のショート大関とともに今年も暴れる気になる八戸情報をチェック↓↓↓↓↓↓↓↓にほんブログ村記事URL コメント(2) ペタ
その他	角	全生園の南西の角にある所沢街道にかかっている歩道橋の場所かと思いますけれども、この歩道橋は、青葉小学校の児童を守るためにとても必要なものと考えております
数学	角	目標のデータは局座標系(方位角、仰角、距離)で入力されるものの、一般的に目標は一定の弾道(仮定であるが)、つまり直行座標系でいうところの直線、同一高度で飛行している
数学	角	5m、屈折角80度となっており、これまでのはしご車では、建物からはしごに乗り移る際、空中をまたがなければなりませんでしたが、この屈折機能により、屋上であれば、屋上の中までバスケットを進入させることができ、より安全に救助活動を実施することができるようになりました
数学	角	円錐図法(えんすいずほう、英語:conic projection)とは、緯線が同心円として描かれ、その中心から放射状に延びる直線として経線が描かれるが、緯線は円の一部でしかない(2つの経線のなす角は経度の差よりは狭い)図法
交通	角	丸の内仲通りから馬場先通りの角に建つ旧明治生命館は、丸の内MYPLAZA(明治安田生命ビル)の一部として2004年竣工した明治安田生命本社ビルに囲まれるように、当時の姿を残して修復され、凛とした姿を見せています
その他	角	しっかりと角が立ったのを確認したら、サンドペーパーを作業台に置き 同じ要領で角材を使いながら直角に近くなるようにスクレパーを当ててこすり、バリを消し去ります
その他	角	お手向いは致しませんから御猶予をねがいますと云って、からだを拭いて、浴衣を着て、素直に牽(ひ)かれて来ましたが、お角は奉行所の白洲(しらす)へ出た時にそれを云いまして、いかにお上(かみ)の御用でも、女が裸でいるところへ踏み込むのは無法だと訴えました
動物	角	群飼育で角を有していることは、(1)角突きによる打撲・刺傷や流産の発生が懸念される(2)競合によるストレスで牛群全体の生産性が低下する(3)牛の社会的順位差により、設定した養分量が摂取できなくなる(4)人が飼育マスに入る時、牛の動きに注意が必要となるなどのマイナス要因を含んでいます
交通	角	ここは新宿〜通りの角に白亜のスタイリッシュな石の建物があっても・・/表通りから曲がった裏にレンガの敷石道があっても・・/クラッシックな街灯が夜の舗道を照らしていても・・/Newな外車が路肩に停まっていても・・/路上にパラソルを掲げたCafe'テーブルが並んであっても・・/大通りをけたたましく救急車が走り去っても・・/くもり空の下に冬の街路樹がある静かな午後であっても・・ここは新宿の街角
交通	角	今、ちょうど 474の1号線ですか、拡幅工事がされておりまして、石橋のあの角は何という道路ですか、 474の1号線、ここに行くまでは今の新しくできた5丁目の都営団地側に歩道もしっかりと整備されます
その他	角	の為、ハブ本体がアルミ製で設定されている、それでも当時のタイヤ性能(サイズ・コンパウンド等)を考慮すれば充分な剛性だったが、まさにここが時代のギャップで、現在のタイヤ性能やブレーキ性能は飛躍的に向上し、さらに車高を下げ極度に付けたキャンバー角等、ハブにかかる負担も大幅に増えその結果ハブ本体が強度不足となった
動物	角	廃水を捨てれば赤潮やアオコが異常繁殖するし、人間が象牙をひたすら乱獲してきたら角の生えない象が生まれるようになってきたし、本来草食動物の牛達に強引に肉骨粉をあげちゃったから狂牛病が生まれたし・・
その他	角	こちらはトーセンキャプテン とっても人懐っこい 角居調教師は『馬は怖がりだけど、怖くなくなると好奇心旺盛な生き物』と説明してくれましたが、まさにその通りですね
動物	角	それによって高次元化した精神が、自然界の精霊たちと同調する事により 肉体を人間を超越した生命体、「鬼」へと変貌させるんじゃないかと 音角はその同調率を加速度的に高める役割とかで
数学	角	第270条 座標計算等は、三角点及び基準点の成果に基づき、第268条の観測の結果を用いて、街区点の座標値並びに街区の辺長及びその方向角を求めることにより行うものとする
動物	角	羚羊角はサイガ羚羊の角で、長さ20~30cmの長円錐形で、全体はやや弓形に湾曲し、1~2cmおきに10~20個の隆起した環節(竹の節の様なもの)がある
その他	角	寝ている人を利用した電車広告「McDonalds Sleppy Free Coffee」は、電車の角の席はもたれかかるスペースがあり、わりと寝やすい環境にありますが、その角の席の後ろにポスターを設置し、寝ている人と合わせてみるとその意味が伝わるという仕組みになっています
数学	角	春分の日(一日の昼と夜の時間が同じになる日)に太陽が輝く方向にある星座が牡羊座だったからだそうです 春分点という意味で使われる記号「T」 おひつじ座の角をかたどったマークに似ていますね
その他	角	魚拓ないのかwww 角ちゃんは楽天やらリアルDSとかの無茶な値段と違って 1枚ほんの10円とか20円だったはずだが、それでも何にも売れないのかw
その他	角	」っと言って1ダースくらいの、カンガルーの体に昆虫のような頭が乗った、昆虫の顎を持つ醜いクリーチャーに乗っているダルジの戦士たちと、人間の3倍くらいの大きさで輪郭はゴリラで皮膚と角がサイのようなデカイ奴が襲ってきます
交通	角	2点目のご質問でございます上平北小学校の通学路の歩道の設置についてでございますが、上平北小学校の南側に面する市道2026号線の道路の北側には、東の方向から幅員約2メートルの歩道が北小学校の校庭の東側の角で行きどまりとなっており、延長して歩道の設置が望ましいかと認識しております
その他	角	友人は角台で自分は友人と五台くらい離れて打ち出し、友人そこそこ出してたけれど自分は一度も当たりを引けずに、四万円(所持金全部)使ったから帰るよと友人に告げると、友人は「出てたんじゃないの
数学	角	その角度が求められれば次に円周角の定理が使えるので・・・という感じで、「現在分かっていること」から補助線や定理などを使うことで「新たに一つの条件が加わった状態」まで持っていけることをイメージでき、その状態のままその解法で求めたい答えが出るかどうか判断し、できると判断したときに実際にペンを進めるのである
交通	角	船溜南東角、現在のはごろもフーヅ斜め前あたりから撮影した写真なのだけれど、角の部分から魚市場までの間に現在は大川屋、望月商店、船小屋、深沢商店、みか月、中村屋、水屋、清水漁協が順に並んでいるわけで、昔は魚市場が大きくてもっと手前まであったのかしらと首をかしげる
数学	角	2つの角をそれぞれ罫線に合わせたら、紙の端と2本目〜13本目の罫線が交わるところにそれぞれ印を付けることで、正方形の紙の1辺を13等分できます
その他	角	ODEに付属しているdrawstuffライブラリでは3角メッシュ(3角形で構成されたポリゴン)を作るために、三角形の頂点座標の1次元配列と三角形を構成する頂点番号組の2次元配列を利用しています
交通	角	一丁目の交差点の角の『大正軒』が新装オープン記念で今日まで2割引きなのよモグりんはもうメニューに見入っている新装オープン記念ねぇそうだわ宏くんの件は開店記念第1号のお客さんということで断ってしまうのも縁起が悪い気がするし福源春、地域の大人として相談に乗ってあげたいし開店記念ということで無料で働いてあげましょうかせっかく頼ってきているわけだし皆さんどうかしら
その他	角	また、「ヒラギノ角ゴシック体」9ウェイト、「ヒラギノ丸ゴシック体」4ウェイトとともに、これらの3書体のファミリーは、デザインの統一性を持たせ、 豊富なバリエーションを持つ《ヒラギノシリーズ》の中核を形成しています
その他	角	東北角及び宜蘭風景管理処と鉄路局は、台湾で最長の自転車専用トンネル「旧草嶺トンネル自転車道」を8月10日の日曜日、正式に開通させると決定しました
その他	角	強いこしと、キリッと立った麺の角、香り高く、清冽なのど越しに打つよう、これからもなお一層、努力と精進を重ね、お客様に喜んでいただける、蔵由のそばにしていきたいと思います
その他	角	小さな存在である人間を点に例え、点と点がつながり線になり、線と線がつながり面になり、面の角がとれてまあるくなって、いつか大きな円になって世界を包む、そんな番組を目指します☆
交通	角	玉川上水を久右衛門橋まで行き左折、府中街道を恋ヶ窪で右折、市役所通りを国立に向かい、一橋大学の西側を通って谷保天満宮、谷保駅前から桐朋学園角で右折、武蔵国分寺跡を通り野川に出て小金井街道を北上、小金井公園のゴールに到着しました
交通	角	2日午前1時ごろ、神戸市中央区御幸通8丁目の交差点で、軽乗用車とタクシーが衝突、軽乗用車が交差点角のコーヒーショップ「スターバックスコーヒー三宮磯上通店」に突っ込んだ
その他	角	ダムサイトの地質は新生代更新世の豊肥火山活動による火山噴出物からなり、左右岸アバット及び河床深部に安山岩が見られ、これらを挟んで火山砕屑物(凝灰角礫岩類)がある
その他	角	外壁の角には、それぞれの角に二人ずつの菩薩(それぞれ約2m)が浮き彫りにされていて、我々が堂の正面から時計回りに8体の仏像をよく見ていくと、密教世界でいうところの「八大菩薩曼荼羅」を礼拝したことになり、見る者の穢れや悩みが取り除かれるといわれる
動物	角	幸い、角の切ってある鹿だったから大ケガをせずに済んだものの、切り株のようになった角の跡が腹部のいいところへ入り、そいつは地面に膝を着いて半べそをかいていた
動物	角	英国製アビホーン社カウホーンSHC スタッグハンドル靴べら(30cm)【名入れ無料】 1749年に牛や牡鹿の角の彫刻品メーカーとして、湖水地方のすぐ近く、 カーンフォースという町に設立されました
その他	角	他のペイントソフトと同じようにマウスやタブレットを使ってペイントでき、ペン先の角が丸い「丸ペン」や、角が四角の「四角ペン」のほか、一度に多くの色を使ってペイントできる「多色ペン」、マウスカーソルを動かす速度によってペン先の太さが変化する「凸凹ペン」に加え、色を吹き付けるようにペイントしていく「スプレー」の5種類のペンを使ってペイントできる
交通	角	馬主来付近で気になっている点がもうひとつ、古瀬から馬主来方面に抜ける道(古瀬駅から上を通る道路に突き当たった角の正面の道)はいつも「路肩決壊のため通行止め」としてゲートがしまっているのですが、12月28日に訪れたときはなぜかゲートが開いていました
その他	角	まぁ、思い出話はおいといて、そこで先ほどの「北杜」から始まって、白角、山崎、白州などをハイボールで飲み比べて遊んでいたのが、ハイボールで飲み出した始まり
交通	角	市民が安心して歩け、しかも歩くことによって何かが感じられるような、心はずむ歩道空間や農地・緑地空間を備え、コミュニティーに配慮した道づくりや、静かな路地の風情や、角を曲がるごとに何かを発見できる道づくりを進めていくこともまた肝要かと思っております
その他	角	各区間の接続部に、角落しで塞ぐ設備があったことからも、竣工には時間差があったことが想像できましたが、銘板の記録を拾ったかぎりでは、その時間差は数年にわたったようですね
その他	角	昼過ぎから数軒、革屋さんの個展を数軒回らなければいけなくなって、どっちみち浅草の北をウロウロするんなら、昼ご飯もそっち方面で食べようってことで、竜泉にある「角萬」って日本蕎麦屋に行くことにした
数学	角	日本の教育における数学でよく使用されるのが「三角関数の加法定理」で、直角三角形の角の大きさから辺の比を与える関数について学ぶことが多いようです
その他	角	しかし、双角子宮と中隔子宮とは手術前にどちらであるか診断がつかないことが多いため、多くの場合にこれらの手術の前に腹腔鏡検査で区別し、引き続いて手術が行われます
交通	角	(よく、「歩道橋を右側へ、大通りを左」「郵便局の角を曲がって路地」などといわれますが、郵便局は角ではなく、路地を入ったところにあるので、知らなければ間違いやすいです
その他	角	角やニッカが数種類、トリスにオールドなどもジャパニーズウィスキーも沢山あるのですが、普段はあまり飲む機会の無いバーボン(フォアローゼズ)380円でバーボンソーダを作って戴きました
動物	角	いままで生き物を育てたことがほとんどないので(デパートでもらったオスのカブトムシを幼虫から育てましたが、成虫になるときに大きめの虫かごのきわで角をケースにあてたまま蛹になってしまい、孵化したら角が上向きに曲がってしまって、かわいそうなので森に返しました
その他	角	これを乾電池にしがみついてる微生物から見ますと、角運動量ベクトル(ベクトルを乾電池固定座標に座標変換したもの) が乾電池の回転対称軸まわりを「みそすり回転」してるのが見えます
交通	角	アクセス車/関越道経由上信越道を新潟方面へ〜北陸道上信越IC〜国道18号線を直江津港方面へ、国道8号線を左折して2つ目の信号角 車以外/信越線、直江津駅より車で5分
その他	角	後々ですが、あなたの子宮にカメラをいれて、1mm角くらい細胞を取り出して妊娠する方法を探すこともできますが、今のところはそこまではしなくてもいいと思います
その他	角	角居調教師とウォッカ~勝つためのレース選び、騎手選びを徹底する勝負師~・勝つ可能性を高めるためなら、実績がある四位騎手を降ろし、武豊騎手まで降ろす・得意な東京競馬場のみに出走(2009国内)沖調教師とナリタトップロード~勝利より人の成長を優先する人情家~・実績のない若手である渡辺騎手を使い続ける
その他	角	そして、戦いの結果、トリケラトプスもぼろぼろに噛まれてしまうのですが、最後の力をふりしぼって、角をチラノのお腹に刺し、チラノともども崖から落ちてしまう
その他	角	ところがそこへ、廊下の角の反対側から突然ものすごい勢いで男が走り込んできて、出会い頭に元太と衝突、男に体当たりを食らわされた格好の元太は勢いよく吹き飛ばされてしまったのです
交通	角	楠川登山道入口は、道路沿いの「ドラえもん」の置物が目印で、入口角には、12角形のログハウス風休憩所(利用時間は4~9月は8時~19時、10月~3月は8時~17時)が在り、トイレは勿論、水の補給も出来る様になっており、楠川登山道入口看板には、三本杉まで140分・白谷雲水峡まで160分・白谷小屋まで180分の所要時間の記載もある
その他	角	値上げに「角ハイボール缶」に27日発表した2010年3月期連結決算は、コスト低減や自動車用鋼材価格交渉で、鉄鋼メーカー側の伴う合理化の27日発表した2010年3月期連結決算に車種に再編し、パナソニックグループとオープンし、9年に連結決算は、売上高が三菱重工業が、フランスに新興国を引いたため
その他	角	唯其は何処の家庭(うち)にも克(よ)くある角突合(つのづきあひ)——まあ、住職と奥様とは互ひに仏弟子のことだから、言はゞ高尚な夫婦喧嘩、と丑松も想像して居たので、よもや其雲のわだかまりがお志保の上にあらうとは思ひ設けなかつたのである
その他	角	平成9年度から約1ヵ年かけて十日町稲荷角より南の方角八日町角まで消雪舗装道路ができ、国道112号誓願寺から旧県庁までが新しくて安心して歩ける道に生れ変った
交通	角	・国道3号線宇土方面からの場合、近見交差点を過ぎた後しばらくすると、国道3号を跨ぐ陸橋と角に「ENEOS(ガソリンスタンド)」がある交差点があるので、そこを左折し、陸橋のランプウェイに入る
その他	角	それでも方位角平面パターンは依然として良好に保たれて、ダイポールと同様の円形パターンになっているにもかかわらず、仰角平面パターンは大幅に狭くなっていることに注意してください
その他	角	(2)道路又は道が交差する角敷地(交差により生じる内角が120度以上の場合を除く)では、敷地の隅を頂点とする長さ2メートルの底辺を有する二等辺三角形の部分については、道路状の見通し空間として確保します
その他	角	そんな角ハイボールも常時10種類をそろえ、スタンダードなザ・角ハイ399円から愛のハイボール(トマトとタバスコ)499円・‘活気’ハイボール599円とバリエーションも豊富だ
動物	角	ウシ科の動物のツノ(洞角)は骨の芯があり、生え替わらずに一生伸び続けるが、シカのツノ(枝角)は皮膚がもりあがってつくられるもので、毎年生え替わる
交通	角	アクセス:車/関越道経由上信越道を新潟方面へ~北陸道上信越IC~国道18号線を直江津港方面へ、国道8号線を左折して2つ目の信号角 車以外/信越線、直江津駅より車で5分
その他	角	そしてまた二人は飲み続け、東の空が明るくなると老人は帰ろうとした、王安はしきりに止めたが老人は「お前さんの気持ちは分かった、だが今晩のことは決してあんたの妻には話すなよ、また何時かわしを酒に呼んでくれ、この部屋の西北の壁の角に向かって狐仙老人と三回呼んでくれれば直ぐ来る」と言うと老人の姿は消えた
その他	角	表面張力を変数ととらえると表面張力を出してから接触角を計算することになると思うのですが表面張力を出すには接触角が必要で・・・よく分からなくなっています
その他	角	8ノットの対地速力として港口に向かい、15時19分少し前、カーフェリーが着岸する1号岸壁の西側の角から40メートル西方にあたる、厳原港外防波堤灯台(以下「防波堤灯台」という
交通	角	大町で目立つお店と言えば交差点の角にある「大くに」という和菓子の店くらいしかなかったのですが、 最近になって自家焙煎のコーヒー豆のお店やらおしゃれな飲食店がポツポツと出来始めているようです
その他	角	観測兵が攻撃地点の標的座標を入力す れば、コンピューター射撃統制装置はあらかじめ入力された風速・風向きなどのデータ を計算し、正確に照準角を設定する
その他	角	六角ボルト、特殊ボルト、三角ねじ(インチねじ、ユニファイねじ、ウイットねじ、ミリねじ、メートルねじ)、角ねじ、台形ねじ、管用ねじ(テーパーねじ、平行ねじ)、各種ナットなど、JIS規格ねじから特殊ピッチねじまで、ねじの製造のことならお任せください
動物	角	今年は地球温暖化の影響により、ソリの離陸途中にトナカイがクレバス落っこち運転手が放り出されトナカイの角に突き刺さって死亡するケースや整備不良によりトナカイとソリを結ぶワイヤーが切れてソリごと地面へ落下する事故が相次いだ
その他	角	2mm角の中によこ3800個たて2600個の間仕切りがありそれぞれに光りを感じるものがぎっしりと詰まっているのである、そのおかげでフイルムカメラにあまり劣らない写真が撮れるのである、ナノテクてすばらしー チロリアンランプ(アブチロン)があまりにも綺麗だったので近くを通った時又撮影しました、今回は前と違って少しすぼんでいました
交通	角	楠地蔵 JR小泉駅から西方面に商店街を抜けた道路と富尾川のそばを走る県道の交差点角に屋根だけがあるお堂がありますがここに楠地蔵が祀られています
その他	角	慣性系で見れば、空中剛体回転では角運動量ベクトルは不動で、角速度ベクトルと対称軸 (慣性主軸) が「みそすり運動」し、剛体固定座標系から見れば、角運動量ベクトルと角速度ベクトルが慣性主軸まわりを「みそすり運動」してます
その他	角	しばらくして、再びM君が40cmくらいの大型のヤリイカを1杯追加したが、こちらはプラ角を前回と同じ11cm・7本仕掛けに換えたりもしてみたが相変わらずうんともすんともアタリがない
その他	角	それは角台だとドル箱積んだときに店員が芸術的な積み方をしてくれるからですwwまだ一度も角台で芸術積みやってもらったことなかったんですよねぇ(A`*)
その他	角	このデータでは、照射角については触れていませんが、 やはりLEDの数の多いものは照度計の数値が低くても、 照射角が広いので広範囲を明るくし実用的です
動物	角	例:獣の頭や顔、獣の手や足、角が生える、狂暴化するようになる、 余分な手足が生える、器用なしっぽ、硬い皮膚、毒のかみつきができる、 片足、頭部がなく、顔が胸についている 顔が骸骨、顔が腐敗している、 一つ目、三つ目、目が手のひらや胸にある、顔が逆さま、不自然な肌の色、 異常な器官がはえている、あちこちに口がある、ざわざわと動く触毛が生えている
その他	角	4km先の、角に不二家とブックオフのある大きな交差点(手前に右方向園田競馬場を示す道路 標識があります)を右折、そこから直進すれば競馬場に突き当たります
その他	角	次に、10月31日の午後3時20分ごろ、第一小学校の6年生女子がバスケットボールクラブの活動中、アルミ製の得点板を飛び越えようとしたところ、角にひざをぶつけてけがを負いました
その他	角	産子(うぶこ)這う子に至るまで此の外郎の御評判、ご存じないとは申されまい、まいつぶり角出せ棒出せ、ぼうぼう眉に、臼杵(うすきね)擂鉢(すりばち)、ばちばち、ぐわらぐわらと羽目を弛(はず)して今日お出(いで)の何茂(いずれも)様に、上げねばならぬ売らねばならぬと、息勢(いきせい)引張り東方世界の薬の元締(もとじめ)薬師如来も上覧あれとホホ敬って、ういろうはいらっしゃりませぬか
その他	角	A受審人は、養殖施設の存在についてはよく知っており、その角には標識灯が設置されていたことから、楠森島の東岸を南下するときは南東端の標識灯を右舷に見る針路で航行していた
その他	角	犬吠山山頂から岩子島3角点(131メートル)まで引いた線、同島鶏小島から向島布刈鼻まで引いた線、同島大磯鼻から戸埼まで引いた線、向島松ヶ鼻を中心として1005100メートルの半径を有する円弧及び陸岸により囲まれた海面
動物	角	これはたとえば、サイの角や、象牙を取るためにだけ、動物たちを殺し、大半の部分はそのまま捨て去ってしまうということと同じで、命を奪われた動物たちにとって、こんな悲しいことはない・・・
その他	角	一 角敷地に接する道路のすべて又はいずれかの全幅員が道路法(昭和二十七年法律第百八十号)第四十八条の十三第三項の規定による歩行者専用道路に指定されたものである場合
その他	角	(4) 皮ふの弱い人は、使用前に腕の内側の皮ふの弱い箇所に、1〜2cm角の小片を目安として半日以上貼り、発疹・発赤、かゆみ、かぶれ等の症状が起きないことを確かめてから使用してください
交通	角	最初の信号付き交差点(北西角にファミリーマートあり)から南に通ずる立派な農道を1km少々進み、道路際に下野国庁跡 の方向を示す小さい標識を見つけた
その他	角	もし無理してでも「台湾シネマコレクション」や「アジア海洋映画祭」を観に行っていたら、『遠い道のり』や『練習曲』や『海角七号』が上位に入っていたのかもしれない
動物	角	このように完熟ビートルマットは、幼虫が丈夫でよく食べブクブク良く太り、硬く大きな角と体をもった立派な成虫へと成長させるマットに仕上がっております
その他	角	[1]生前に積極的に臓器提供の意思表示をしていない以上は死後にも臓器提供をしないという意思があったとみるべきだ、という考えでは、遺族の承諾を得て眼球・腎臓を心臓死体から摘出することを認めていた角腎法が成立しえ、さらには、臓器移植法に取って代われるまでの20年近くにもわたって国民の支持を獲得し続けられた理由、さらに現行法に、附則4条2項の継続規定が置かれた理由が説明できないと町野案は主張している
交通	角	1号店は電車通りから文化通りを入ってすぐ角にある創業30年の持ち帰り専門店、焼鳥の「浜田食品」さんで、たくさんの焼鳥をその場で焼いてくれるお店として、皆さんご存知の方も多いハズ
交通	角	「白山姫神社」から北東へ出て、国道168号線の手前の旧道をちょっと北へ行った畠田郵便局の北直ぐ角に「役行者石像」等と供に「乳垂地蔵尊」が祀られています
その他	角	舟です、サザエがお魚くわえたどら猫を裸足で追っ掛けていったら、丁度サンタマリアの角位で、トライクのドライバーが角材でどら猫をぶん殴り、気絶したどら猫と盗まれた魚をあっという間に持っていってしまいました
交通	角	地図を見ると目的地はローソンの角から南と なっているが、ローソンから(自分がそう錯覚している)南すなわち正体不明の高架線方向(実際は東)へ行っても見当たらない
その他	角	頭の角と、その重量級の体躯を生かした体当たりをはじめとして、 響鬼の音撃鼓や威吹鬼の銃撃を簡単にはね返してしまうほどのか硬い甲羅、さらには甲羅に手足を引き込み黒煙を噴射して空を飛行する(飛行速度・時速660
その他	角	6m間隔で植えても8m間隔で植えても4つの角にすべて植えることができることから、縦の長さも横の長さも24(6と8の最小公倍数)の倍数であることがわかります
その他	角	怪人はみな角を生やしていて○○○オルグと命名されている(演説はしません) ● 映画版のストーリーは「鬼ヶ島」+「猿の惑星」 異次元の孤島に飛ばされたガオレンジャーたち
動物	角	これはほとんどの動物に共通して言えることだが、角の主な用途は敵に対する攻撃や防御ではなく、サイ同士が角をぶつけ合って、個体の優劣を決めるためのものである
交通	角	六丁目の路地を入った所の「花」さんは神楽坂の甘味処では坂下の「紀の善」さんに並ぶ有名なお店坂上の交差点を更に進みドイツパン「ベッカー」さんの2件先の角を曲がり少し歩くと右手にあります
その他	角	おつまみもほとんど定番のものばかりだが、クリームチーズを5mm角ほどに切って、その上に鰹ぶしと醤油をかけた「チーズかつお」なるものが、ウイスキーやバーボンとほどよく合う
その他	角	夜ニャ昼間は蒸し蒸ししてて暑いけど夜はひんやりしていて気持ちがいいのニャそんなときはお兄ちゃんの布団の真ん中を占領ニャこの征服感がたまらんのニャ昨日お母ちゃんがウォーキングの帰りにカブトムシを捕縛してきたのニャオイラ始めてみたニャ小ぶりだったけど角がかっこよかったニャオイラもあんなかっこいい角が欲しいニャ [続きを読む]
その他	角	これが、私の独断でないことは、歌経標式にもう1首ある角沙弥の歌(歌経4美人名誉歌)が、はっきりと、阿礼=憶良と関連していることによって証明されます
その他	角	ついでといっては、何ですが、ドープを塗る刷毛をは一センチ角くらいの大きさのものがいいのかと思っていますが、ガンピが毛羽立たない最適な大きさなどありますか
交通	角	30台無料 ●先着順(満車の場合は近隣のコインパーキングをご利用ください) 東京より 車/常磐道から日立有料道路へ~日立中央IC~国道6号を水戸方面へ常陽銀行の角を左折、日立駅方面へ 車以外/JR常磐線日立駅下車 徒歩5分
交通	角	江古田からえこし研まで、大通りを角々と辿るタダシイ路もあるのですが、わたしはどうも、へんな路地やら苦しい坂やら、どこかブキミな気配も漂うこの道を走るのが好きなようです
その他	角	使用されたのは、龍の頭に体長4mのタカアシガニの甲羅、角と爪は体長80cmのカジキの上顎35匹分、鱗はワタリガニのひれ足を約6500枚、ひげはイバラガニと言った具合だ
その他	角	その後、ドイツのリーマンは1854年の3角級数に関する論文で、コーシーの積分可能の意味を拡張して、連続でない関数に対しても積分の可能性を示した
交通	角	芦ヶ久保道の駅から国道に出てから左折して、反対歩道に細道が現れる角に農村公園 高原パーク日向山と書かれた指導標を確認して、舗装された車道を登り進んで行きます
その他	角	しかも、少年時代から使っているかなり控えめなサイズのそのかばんは、角をニッケルメッキで補強されているものの、薄板に張った布のところどころに穴があき、「クソッタレ」と落書きされ、鍵が壊れているので洗濯紐で縛らねばならないという代物だった
その他	角	一 二つの道路により形成される内角百二十度以下の角にある敷地であつてこれらの道路の幅員が、それぞれ六メートル以上又はその和が十五メートル以上のもの(法第四十二条第二項及び第三項に規定する道路を含むものを除く
その他	角	子宮奇形は全女性のおよそ5%にみられる先天的な疾患で、子宮の外観が左右ふたつに完全に分かれている(重複子宮)、途中から分かれている(双角子宮)、外観は正常でも内腔のみが左右に分かれている (中隔子宮) ことがあります
その他	角	このうち、昨年のリーディング上位なら特に角居勝彦厩舎、その他では友道康夫厩舎、松元茂樹厩舎、坂口正則厩舎あたりが、この「G1の裏」では上位に食い込んできている
その他	角	(実際は2本1組で使用します) 角指(2個1セット) スチール製、サイズ:フリー、直径:2cm つかみナックルタイプ、江戸時代以前から忍者や武芸者が使用していた 隠し武器「角指」を再現
動物	角	『クトゥルフの呼び声』RPGでは、クラーク・アシュトン・スミスの描写する「あらゆる生命を生み出す巨大な雲状の塊」をベースに、山羊の角や足を思わせる器官を主に形成する、という解釈になっている
その他	角	いずれも、頭の中での計算が必要で、このような最高レベルの問題を繰り返し解いていると、簡単な問題は、頭の中で図を作って、等式を作って(もしくは角を書いて)計算して(移動して)・・・と、でかい桁の数字が出てこない限りは、ほとんど暗算で答えが出せるようになります
その他	角	では、その時に「何が理想的な移動なのか」という、これもとてつもないテーマを、私たちは大陸間移動から角の交通標識まで望遠広角自由自在に話題にしているのですね
その他	角	280 岩城島積善山3角点から185度1、550メートルの地点まで引いた線、同地点から259度1、150メートルの地点まで引いた線、同地点から294度680メートルの地点まで引いた線、同地点から355度380メートルの地点まで引いた線、同地点から81度に岩城島まで引いた線及び陸岸により囲まれた海域
交通	角	それはものの数分の出来事で、角を曲がり数分たった時に全く何も感じなくなり、もったいないことした率が幸福度を簡単に上回り「何やっているんだろう俺」という感情に浸食され、その感情が尾を引きずる形で終了です
その他	角	CCDカメラがステージに置かれたワークの上を非接触で移動しながら、角・辺・円等の形状を認識し、位置座標として確定し、プログラムに従い座標間の距離をパソコンが演算する
交通	角	渋滞は、細越の角高の生徒用の通学路のあたりから始まっていたのですが、どこまで続いているんだろうと思って追っかけてみたら(わたしゃ自転車だったので、車の脇をス〜イスイ)、山根を通って、花場タクシーの前を通って、坂を上って、下って、線路を越えて105号線の方まで続いていました
交通	角	アクセスは甲州街道を西八王子から高尾方面に向かって、並木町交差点を左折、中央線との立体交差下を潜り抜け、次の信号を左折(角にモスバーガー)してから、100m位先を左折、50m位先を左折して50m先の左側にあります
交通	角	画像4は昭和町通り交差点、角右上の建物はエロ専門の映画館で常に映画館からエロエロ光線が出ていました(爆)世話になることもなく小学校時代に無くなりました
動物	角	曲がりくねった角を頭から生やした大きな鷲が、ばさばさと羽根を鳴らして舞い降りて来たのを、有無をも言わさぬ一刀両断、ばっさりと見事に切り捨てたところで、
その他	角	(日曜日ということもあり、人通りが多く落ち着かなかったが薄暗い中、角で食べた)それからはネットが無料でできる所があると教えてくれていたので、そこで一時間過ごした
交通	角	上荻一丁目の、青梅街道沿いのでないほうの、青梅街道沿い「春木屋」さんがある道の金物雑貨屋さんと不動産屋さんの(反対は「松屋」と「薬屋」さんの)角を入ったところにあるほうです
交通	角	バイパスから市内十字路を直進して角にスーパーおどやを見て陸橋から1k進み十字路を左折して県道86号線を豊房経由(山越え)して白浜に向かっい白浜駅(JRバス)又は野島崎灯台から千倉方面に5k東乙浜駅前が花房です
動物	角	突然、あちらこちらから、鉄棒を担ぎ大きな角を生やした鬼が「ウオーッツ」と大声で叫んで現れると、あんなに頼もしかったM君、一目散に担任の先生の所へ、べそをかきながら逃げ込んできました
その他	角	2 前項の点検計算においては、すべての単位多角形及び次に掲げる条件により選定されたすべての点検路線について、方向角の閉合差及び水平位置の閉合差を計算して観測値の良否を判定するものとする
数学	角	大きな数、整数のわり算(1)、整数のわり算(2)、式と計算、がい数とがい算、角と四角形、小数のたし算・ひき算、面積、ぼうグラフ・折れ線グラフ、変わり方調べ、復習、発展問題、総合問題
動物	角	おそらく新大陸でも温暖化のもたらした森林の発達と深い雪によって、多くの大型の草食動物は、森に角を引っ掛け、雪に足を取られるというダメージを受け、それに助けられたヒトによる殺戮や、病原菌が重なって滅んでいき、その捕食動物たちもそれに歩調を合わせて滅んでいったのではないか
その他	角	昨日、バレーでネットの下を急いでくぐろうとしたら、そばにあったボールケースの角に鼻の下を強打し、今日も鼻の下の骨や前歯がまだ痛い・・・どうやらやっぱり私は暑さで溶けかけてるみたいですさて、レッスンで新しいタペのカットをしました
交通	角	国道139号線富士見バイパス東町東交差点で県道704号線(新田下吉田線)に入り東に500mの大明見交差点から150m直進の交差点の北東角にある大明見の駐在所に寄りました
交通	角	国道246「青山小学校」交差点右折→1つ目の角手前の一方通行道路を左折(目印コンビニエンスストア・ローソン)→4つ目の十字路を超えすぐ右手が弊社ビルです
交通	角	ある曲がり角で、左折待ちのため道路の左側に車が2台並んでいて、私の車はその角を直進することになっていましたのですが、道路が1車線しかなかったので、ついウィンカーを出し忘れてしまったのです
交通	角	生口橋架橋下を南下し田熊町の金山バス停から左に折れて、舗装された車道を北東に進むとしばらくで右側に保育園があり、その反対側の角に三角寺のほとりを北に入る道がある
その他	角	角振動数がωのとき、コンデンサのインピーダンスは、1/jωc ですから、これを使ってフィルタ特性を表すと(途中経過は略しますが、単純な計算です)、
交通	角	山手幹線から北野坂(右側歩道)を上って一つ目の信号のある交差点角(南東角)にはスピーカーが通りに向って設置されていて、ジャズが流れていました(今事情があってちょっと休止中のようです)
その他	角	オーシャンSの予想時にも書いたと思いますが、9月の高速馬場な開催を除く中山芝1200=古馬1000万以上の条件では『前2走で1度は4角5番手内、1度は4角6番手以降』という位置取りを記録している馬がよく馬券になります
その他	角	正面の横断歩道の両端に1人ずつ、向かって右の路地の角に1人、入り口に1人、中に入って階段に1人、さらにぼくの立つ窓の近くにも1人立っていました
その他	角	MathTypeで作成された数学的表記はアンチエイリアシングアルゴリズムにより、マイクロソフトWord文書をHTMLに変換して作成された角がギザギザの数式よりはるかに高い品質です
交通	角	国道150号先バイパスにて、石原水産が見える交差点を曲がっていただき、 ガソリンスタンドJOMOの角を右折し、直進していただきますと、当教会が見えます
その他	角	束縛プログラムはタンパクにおける二面角(φ、ψおよびアミド)とタンパク質分子、核酸分子、水および、その他のヘテロ分子の全原子座標(主鎖原子や側鎖原子などのグループも可能)に構造最適化あるいは分子動力学計算のための束縛条件をいっきに、そして個別の設定で準備できるこれまでにない画期的なユーザーインターフェイスです
交通	角	中央道の下を抜けた先で大田集落の所を右折する角には「山道」への分岐標識があったが、 その次に左折して山道に入る所には何の案内もなく、ここで最初間違って墓地の方向の奥に踏み入れたところ、途中で道が無くなってしまった
交通	角	既に舗装道路には雪がほとんどない今頃になっても、うちは玄関から一般道までの間に家の角を一つ回り込まねばならぬので、その通り道の雪をどかさぬことには春が遠いんだよ
その他	角	宮本さんが、使い慣れていた酸化チタン系の微粒子を混ぜたエポキシ樹脂だけで27mm角、約9gのものを作り、様々な周波数の電磁波を当てたところ、UHFよりやや高い周波数8GHzの電磁波は反射も透過もしなくなり、中心部の空洞にたまり続けた
その他	角	チャイルドビジョンは、スウェーデンの児童心理学者、スティナ・サンデルス氏が唱えた「子どもの認識能力に基づく視野角は狭く、上下の方向に70度、左右の方向は90度」という説を体験できるよう、横浜市が1982年、デザイン会社の協力で作成した交通安全啓発グッズだ
その他	角	「代々木上原・代々木公園エリアで、マンションで、築10年以内で、バストイレ別で、浴室乾燥が付いてて、勿論、洗濯機置場室内で、最上階角部屋で、オートロックが付いてて、ガスコンロ・・・そして管理費込み10万以内で、初期費用も抑え目で・・・」と、そんなワガママな希望(
その他	角	眼精疲労を起こす原因としては、加齢などによる調節障害、近視・遠視・乱視などの屈折異常、緑内障、眼位異常、不同視症、角結膜上皮障害、眼球乾燥などが考えられます
動物	角	くじゃくのしっぽが長く、華麗なほどメスがすぐにやってきて、ヘラジカの角が大きくて堅いほど決闘での勝率が高くなってより多くのメスを自分のものにできる
その他	角	しかし高校物理を真面目に学んだ人なら すぐにわかる 電子に散乱された光子の波長は一定ではない 入射角と散乱角の違いによってまちまちである(コンプトン散乱) よってλ
その他	角	ヒント : 角かっこはオプション値とユーザー インターフェイス項目を示しますが、以下のアクセス ログ構文内に出現する角かっこは実際にアクセス ログのレコードに記録されています
その他	角	金平糖の角に関する研究が本格化するのは1980年代に入ってからの事で、当時、盛んに研究が進められていたフラクタルやカオスなどの理論と関連して、数式による解析やコンピューターを使ったシミュレーションモデルを中心とした研究などが行われています
その他	角	ただ、兵士の格好の屍体は殆どなくて、先刻会ったウルフマンみたいな半分人間・半分動物という人や、角や尻尾が生えたちょっと変わった姿の人間の遺骸が多かった
その他	角	10月30日には美浦の勢司調教師と栗東の角居調教師を迎えて、人材養成の考え方や馬のメンタルトレーニング等、強い馬をつくるために両調教師が日頃考えて実践していることについての講演が開催され、約400名の来場者と熱気あふれる意見交換が行われました
その他	角	・杭基礎のレベル2地震時照査において、荷重増分に対する原点水平変位または回転角の増分が慣性力の向きと逆向きに生じたとき、「構造系が不安定になったため計算を終了します」と表示して計算を終了していましたが、上部構造慣性力作用位置での水平変位の増分が慣性力の向きと同じ向きであれば、計算を続行するようにしました
その他	角	その度合いにもよりますが、木造の場合 床下の換気口(地窓)周りのクラックは、施工上弱点の建物が多く、耐震に関して無関係の場合もありますが、隅角部(基礎の角)のクラックには十分な注意が必要と思います
その他	角	浴用・・リウマチ性疾患・慢性中毒症・糖尿病・皮膚皆掻痒症・角心症慢性湿疹及び苔せん・脂漏性疾患〜にきび・凍傷〜しもやけ・慢性膿皮炎・運動障害・創傷火傷・女性性器慢性炎症・月経異常・更年期障害・卵巣機能不全症・子宮発育不全症・不妊症
その他	角	内濠の角を一直線に上に伸ばしたところに、内堤(ないてい)内側に並べられた円筒埴輪列のコーナーがあり、さらに延長すれば、内堤外側に並べられた円筒埴輪列のコーナーと一致するという
交通	角	市民会館を過ぎて一宮方面に左折、京葉銀行角の交差点を右折、南総広域農道を約25km程走り、県道御宿佐野線に突き当たり案内に従い右折し3kmでコース
交通	角	東京より 車/関越道経由上信越道を新潟方面へ~北陸道上信越IC~国道18号線を直江津港方面へ、国道8号線を左折して2つ目の信号角 車以外/信越線、直江津駅より車で5分
交通	角	この橋を渡って今度は県道453号線を左手へ【12】、、、最初の角から車道を渡って右へ入るとこんな廃家【13】、その右手を迂回するように通り過ぎると【14】、、、
その他	角	地上のコマは地面からの外力で角運動量ベクトルが変化し続けてる事により「角運動量ベクトルが『みそすり運動』する」わけですが、空中剛体回転は「角運動量ベクトルと角速度ベクトルが一致しない」ことによる『みそすり運動』です
交通	角	あとは柳川交差点(南東角)をマンションだけに終わらない再開発、旧トポスの跡地、建設中のライオンズマンションの東隣の敷地と、天満屋周辺の再開発がどう結びつき、相乗効果として発展していくか
交通	角	「ここの路地真っ直ぐ行って、二番目の角右に曲がって、橋渡ってその先にある横断歩道通って向こうの道に行って、そこを左に真っ直ぐ進んで突き当たった所を右に行って、暫く行くと坂が見えるから、それを登った先」
動物	角	利用される角はインドサイRhinoceros unicornisのものが良品とされ、烏犀角(うさいかく)と称されるが、監視カメラ では生息数が少なく、動物保護の点からも希品である
その他	角	制御していない状態では、太陽角が徐々に増加しているのに対して、液晶デバイスを用いて太陽指向制御を行うことにより、太陽角が減少(太陽指向)していることが分かります
その他	角	かみあい圧力角、中心距離増加係数、中心距離、基礎円直径、かみあいピッチ円直径、基準ピッチ円直径、歯末のたけ、歯先円直径、 円ピッチ、円弧歯厚、法線ピッチ、遠のきかみあい率、近よりかみあい率、かみあい率 を計算します
その他	角	(癖になったら怖いなぁ・・)ナビを持って行ったのに道に少し迷いましたが(^^ゞ無事に「合角ダム」をかすめて、県道37号線でトンネルを抜け小鹿野へ着きました
交通	角	大和路線(関西本線)「平野駅」で下車(徒歩約10分)駅南側(改札右)を国道25線との交差点(角・吉野屋)まで直進→交差点を西(右)へ約10分→平野馬場2丁目の交差点を北(右)へ→目前の線路沿いを西(左)へ5軒目
交通	角	燈台からの行程は、普通の道路(縣道だったかも)で向かい、最南端の立て札のある角を曲がって私道のような細い道を行き、さらに専用歩道を500mほど、となります
その他	角	・直接基礎の支持力計算において、斜面傾斜角の算出結果が60度を超えた場合、β’を調整し再計算を行っても、『鉛直支持力の照査において、斜面を考慮した支持力係数Nγが表より読み取れませんでした』とメッセージが表示されていた不具合の対策を行いました
その他	角	部屋の隅っこの角から沸き始めた虹色の霧を掃除機に吸い込んで、はて自主的に掃除機を使ったのは何年ぶりだろうかと妙な感慨に浸っていたら、両手にスーパーの袋をぶら下げたタマモが帰って来た
その他	角	コフキサルノコシカケ(食道ガンに有効)、カワラタケ、メシマコブ、シイタケの干した物を4~5mm角に切り、1日分として15gを500ccの水に入れ、3分の1になるまで煎じて、上澄み液を飲む
動物	角	従ってユニコーンの伝承は、周辺地域における角を持つ動物(サイ、オリックス、オーロックス、アイベックス、ヘラジカ、トナカイ、イッカクなど)の逸話がヨーロッパに伝わって一つに統合された結果であると考えることができる
その他	角	・荷重増分に対する原点水平変位または回転角の増分が慣性力の向きと逆向きに生じたとき、「構造系が不安定になったため計算を終了します」と表示して計算を終了していましたが、上部構造慣性力作用位置での水平変位の増分が慣性力の向きと同じ向きであれば、計算を続行するようにしました
その他	角	そこへゆでたコーン大さじ3、ゆでた枝豆50g、炒り卵2個分、ボイル海老100g、1~2cm角に切ったマグロとイカそれぞれ80g、黒ゴマ適量を混ぜ込む
その他	角	有毛細胞には特殊な繊毛が生えていて、音や頭の回転運動(角加速度)、直線運動(直線加速度)によりこの繊毛にゆがみが生じ、それが有毛細胞の中で電気信号に置き換えられる
その他	角	全体には、コーラスも角が取れた今風の「癒し系」ワールド・ミュージックっぽくなってしまい、有機栽培原料使用ファーストフードという感じがするのは残念なことだ
その他	角	金平糖の形について科学的な研究が行われ始めたのは1980年代に入ってからで、この頃流行したフラクタルやカオスに関する研究と関係があり、角成長を数式で解析したり、コンピューター上で再現するシミュレーションモデルなどにかんする研究が盛んに行われました
その他	角	もとの錐定理は特定の角をもつ2つの錐に含まれる閉曲線は分離されるという主張であるが、非対称錐定理は異なる角をもつ2つの錐に対して同様のことを主張する
その他	角	2008年度の台北ビエンナーレでは、台北市立美術館に面した公園角にある使われていなかった小屋を「台北現代アートセンター」とし、地元のアート関係者と共に台北での現代美術シーンとアートセンターについての議論を続けるプロジェクトを進行中
交通	角	いま「新宿の伊勢丹」というと、新宿三丁目、明治通りと新宿通りの交差点北西角に面したファサードが印象的なので、最初っから角地に建っていた——と思われるでしょうが、そうではないのですね
数学	角	高齢になって数学を始める者がよく「五次方程式が代数的に解けた」「角を三等分出来た」「素数を求める高速な式を考案した」という珍説を専門家に持ち込み、一瞬で反論され撃沈され、それなのに撃沈されたことを理解していないという、実にマンネリなギャグを提供している
交通	角	ともに県道で大鳥居を経由し、国道307号線に出て右折、信楽駅付近を過ぎて国道からそれ、国道422号線に当たり右折、まもなくパチンコ店角を左折しコースへ
その他	角	なにやら全体に丸っこくなったような気がして、ガンダムの特徴だったらしいアンテナというかレーダーというか、兜の角のようなものが口のところについているのだ
その他	角	知人の知人の知人が「4本の角が残ってる」とか言うので「イイヨー手伝ウヨー」とホイホイついてって爆薬30個くらい使って帰ってきたら「爪増やすの手伝ってw」とか言ってんの
数学	角	違い角θの積分が0であるなら、電線内部電界が作る積分、すなはち、電線両端の電圧は、電池が作る電気力線の電圧と一致、すなはち、電線両端の電圧は電池電圧と一致する
その他	角	秋田杉の四寸角とか天井板だとか、もう柱も入れて、東京都付近の人がアンテナショップに来たら、何だこれと、もうどきっとさせるような店構えにしなければだめです
その他	角	らんぽう、カラ太郎、むつみ、角丸先生、チュー太郎などのレギュラーが、ハルク、ワッペン、みゆき、ゴルゴ(猫)、ヒマ犬、補佐望医師などの準レギュラーまたは一話きりのゲストと絡んだ珍騒動を繰り広げる一話完結の物語群であり、一貫したストーリーはない
その他	角	渋川は、仮換地設計、仮換地に10年を掛けましたけれども、97%の仮換地合意ができまして、今着々と一番難しい四ツ角を残し、徐々にできあがりつつあります
その他	角	まぁベースとなっているエンジンが違うし、角々としたGSR400と比べるとツルンとした優しい印象のグラディウスは、見た目だけでも安心感を与えてくれます
その他	角	モノリシック集積回路(monolithic IC)は、数mm角~10数mm角の1枚の半導体基板上に、トランジスタ、ダイオード、抵抗器などの回路素子を形成し、素子間をアルミニウム蒸着膜などの配線により結んだものである
その他	角	函館市松風町の市電などが走る交差点角、1階にCD・楽器などで有名な「玉光堂」の松風店が入っている7階建てのテナントビル「函館中央ビル」を東京の(株)アセントプロパティース(東京都港区赤坂3丁目、代表取締役・浅海晃一氏)が取得し、「秘書付きレンタルオフィス」の開設を計画していたが、5階フロアで全13室のレンタルオフィスが「アセント函館」という名称で出来上がり、週明けから入居者募集の運びとなった
その他	角	落慶法会角卒都婆/同観音堂の例/入仏開眼供養角卒都婆/本尊御開帳法会角卒都婆/同薬師如来の例/土砂加持法会(角・板)/戦没英霊供養法会角卒都婆/二夜三時(十夜)理趣三昧角卒都婆/流水灌頂(角・袖・板)/正御影供角卒都婆/大般若会角卒都婆/施餓鬼法会(角・板)/涅槃会角卒都婆/角卒都婆左右の偈頌例/理趣三昧を修した時の左右偈頌例/角卒都婆を建立する時/善の綱
動物	角	北上山地の山襞に沿うようにして人家が点在する山形村の佇まい、炭焼きや短角牛と呼ばれる在来和牛の飼育を中心とした暮らしそのものが、「観るべきもの」だと感じたからだった
交通	角	各街区に、東南の角より順序良く右回りに基礎番号を付け、建物の主な出入口(玄関・門等)が道路に面している位置に付けられた基礎番号を住居番号とします
その他	角	この改良工事は地盤調査の結果が悪かったものでなく、がけ条例に伴い安息角まで杭などを打ち、万が一擁壁が崩れたときに改良した杭で建物を守るという工事です
その他	角	銅材やオーステナイト系ステンレスなどの粘い材料に対し切削上面にバリやカエリの出ない加工を行うには、一般的に、エンドミルのすくい角を20°以上と大きくとり、溶着防止にコーティング処理を行い、切削条件は回転をできるだけ早くして1刃当たりの切削量を小さくするのが効果的である
その他	角	最高回転数はバグってありえない数値をさしていたので消去しましたが、こんなかんじで始動回数、作動時間、アクセル全開作動時間、角回転数の頻度や、アクセル全開状態の最大秒数等などが読み取れます
その他	角	第三に、学校でイジメに加担する時の描写は、「こう言っておいた方が角が立たない」「情けをかけて周囲に逆らえば今度は自分が被害者になる」「気分は苦い」と続き、イジメを諌める勇気もなく、積極的に加担する勇気もないと語られる
数学	角	これによると、車体前面上部の装甲厚は100mm、下部は60mmで、共に傾斜角は55度、戦闘室上面、底部および後部装甲板は30mm厚となっていた
動物	角	角は鹿、頭は駱駝、眼は鬼(注:中国で言う「鬼」は幽霊のこと)あるいは兎、体は大蛇、腹は蜃(この場合の蜃は蛤ではなく蛟の意)、背中の鱗は鯉、爪は鷹、掌は虎、耳は牛にそれぞれ似るという
その他	角	1位置データ(関節位置の時系列)から関節角度・関節角速度・関節角加速度等を計算 2外部応力データを保持 3各セグメントの慣性モーメントを準備し、ニュートン・オイラー法で関節トルクを計算 外向き計算:ルートとなる腰部から末端セグメントへ向けて、各セグメントの重心加速度と角速度・角加速度を計算します
動物	角	犬に追いつかれると親のカモシカが角を振りかざして犬を威嚇し、その間に出来るだけ子供を遠くへ逃がし、また子供のもとへ駆け寄るということを繰り返した
その他	角	トンネルは普通、まず2m角くらいの導坑を掘り、それを順次所定の大きさに切拡げるものであるが、それをトンネルの頂部にするか、底部にするかで、おのおの一長一短あり、笹子トンネルは頂設導坑式で掘られた
数学	角	それはちょうど様々な線のなかにおける直線、様々な角のなかにおける直角、様々な図形のなかにおける最大の面積のもの、すなわち円あるいは球体がそうであるのと同様にである
その他	角	武田惣角が広める以前の大東流史については物的証拠が乏しく、疑問視する見解が支配的で、現在の伝承研究により、武田惣角が自ら修行してきた古流剣術(小野派一刀流と直心影流、特に竹刀稽古を中心稽古したと伝えられている
動物	角	頭の、頂きには筋肉らしき物は、記されてはい無いが頭の、前角は前頭結節と言い、後ろ角は頭頂結節と言い、筋肉の集合場所で在り自分で、頭を撫でれば浮腫んだり、揉めば骨までには間に何か、柔い物が指に当り筋肉の、存在する事が理解出来る、であろう
交通	角	東寺では、築地塀の角の部分は塀がそのまま直角に曲がったように(ちょうど45度の角度に切り落とした塀を二つ合わせたように)左右対称の形に処理され、どちらかの塀の断面が表面に出るようなことはないっす
交通	角	ここは、通ったことがあるぞ動物病院があったことが印象的だったなぜ、印象に残っているのかというと車道付近に、猫がのんきに歩いていたからだ 馴れた歩きっぷりだったでも、やっぱり危ないので、心配になって、しばらくその猫を見ていると猫が向かう方向に動物病院があり猫はその角を曲がって行った [続きを読む]
その他	角	・地盤条件データでひろがり角βを内部計算としている場合、地盤の諸条件のプリンタ出力における極限水平支持力一覧表中のβの計算値が、正しい値を出力していないケースがありましたので、修正しました
数学	角	それにも関わらず、ある波長の光が特定の角度で強くなるのは、この散乱角θがbの防犯 で表したときに極値を持ち、その角度では、単位角度あたりの入射光のbの範囲(つまり逆関数b(θ)の微分)が発散するからである
数学	角	正多角形は、角(辺)の数が増えるごとに円に近づいていくので、「周の長さ÷外接円の直径」を角の数が多い正多角形で計算すると、円周率に近づいていく
その他	角	芝居など見るに、今が最後だ、觀念何たらいふたり、大願成就忝ねへ何の角のいふて、万歳の、才藏のと、ぎつぱな男が云ふてじやが、ひかり人のないさかい、よう濟んである
その他	角	・重吾と水月、サスケと大蛇丸、角都と飛段、ナルトとサスケ、サクラとチヨバア、カカシとミナト、自来也とナルト、ヤマトとナルト、アスマとシカマル、
その他	角	屈曲/伸展角は大腿骨軸(大腿骨の長軸)を矢状面(身体を左右に分ける平面)上に投影した際の骨盤座標系に対する角度、外転/内転角は大腿骨軸を前額面(身体を前後に分ける平面)上に投影した際の骨盤座標系に対する角度、外旋/内旋角は大腿骨軸を中心とする回転角度である
その他	角	【2】 【1】と同じく平面冶具です、丸材をクランプ用に4角に削っています、中央写真の様に左から右え1面ずつ送り、右写真の様に右端で完了です、長さが数種類有りますが、クランプの取り付け位置を計算してM5タップを開けています、
交通	角	[東京より] 車/首都高速7号小松川線から京葉道路〜船橋IC〜国道14号へ合流、幕張・千葉方面へ向い、市役所入口交差点角 車以外/JR総武線快速船橋駅下車 徒歩10分
その他	角	第六十七条 劇場等の用途に供する建築物の敷地は、その周囲の長さの六分の一(角敷地にあっては、七分の一)以上を次の表の劇場等の種別の欄に掲げる区分に応じ、それぞれ同表の道路の幅員の欄に定める幅員の道路に接しなければならない
動物	角	両方の像を合わせて「狛犬」と称することが多いが、厳密には、角のない方の像を「獅子」、角のある方の像を「狛犬」と言い、一対で「獅子狛犬」と称するのが正しいとされている
その他	角	もちっと高いブラストマッチで3570円(税込)、ついでにエルクの角をハンドルに使ったメチャカッコいいMONTANAファイアースターターは、4515円もするのであります
その他	角	皮ふの弱い人は、使用前に腕の内側の皮ふの弱い箇所に、1〜2cm角の小片を目安として 半日以上貼り、発疹・発赤、かゆみ、かぶれ等の症状が起きないことを確かめてから使用してください
交通	角	そしてこの中原地区に入る道路の角には、城下町に見られる鍵型道路が3か所もあり、中原下宿の慈眼寺の南東端部の角に1つ、浅間町南原線(旧秦野道)の「向原」のバス停から北に入って下田川(現在のヘルシ−ロ−ド)を渡った次の左折箇所と、南原の善徳寺の前の道を西進したその先の長屋門に突き当たった左折する所の3か所です
交通	角	宮ノ下・富士屋ホテルの角から国道1号線と国道138号線に分かれていますが、138号線に向かって1分ほど歩くと蛇骨川の深い谷にかかる八千代橋が見えてくるでしょう
その他	角	そして研究が進めば進むほど「原因」の数は増え、「原因」の数が増えれば増えるほど、その「関連性」の解明は困難になっていきます(多角形の角の数が増えるにつれてどんどん対角線が増えていくようなものです)
その他	角	加えて、より軟弱水田に使用する路肩法面ブロックの表面凹凸構成は自然の角付採石をランダムに空隙を有した製品の使用とし、路肩排水側溝と組み合わせる場合は、その製品天端を表面凹凸構成で路肩法面ブロックの傾斜に馴染んだ傾斜構成手段とする
その他	角	位置ベクトルが平面上にあるとき、[図12]のようにわざとθの角をなすように座標を導入すれば(座標は自由に取り入れる事ができる(普通は計算しやすいように座標を導入する))、下のようにベクトルを数式化できる
その他	角	角八本店(千葉県 九十九里浜南部・茂原)旅行に必要な角八本店の国内旅館・宿・ホテル・温泉、国内ツアー、高速バス、割引レジャーチケット商品情報、角八本店旅行情報を提供しています
その他	角	量子力学の発展にはさらに、粒子固有の角運動量スピンの発見と、それに関連した排他原理の確立、物理量の精密な決定には限界があることをしめした不確定性原理の発見が重要な役割をはたした
その他	角	一般に私たちの皮膚は、表皮の内部でつくられた細胞が段々押し上げられ、角化して角質になり、やがて表面から脱け落ちていくという一連のプロセスを繰り返しています
交通	角	創業50年にもなる巴寿司から新しいスパニッシュレストランやかわいい子供服のお店、美容院、焼肉屋さん、町の電気屋さん、郵便局、パン屋さん、塾、「後地」交差点には茶飴のおいしい石井園、デニーズ、その角を曲がると、岩盤浴のお店、文房具屋さん、児童センター、などなど・・・多種多様のお店が盛りだくさんあります
交通	角	突然ですが、急遽の決定・お知らせです・・・ 祭典初日(宵宮)、7月20日の午後4時30分より 当町と上酒田町の境、交差点(ホテル大和角)で、 昨年の統前4町が一堂に会し、秋田音頭&お囃子の共演を行います
交通	角	そこにはきっと角のバーガーキングの店員の態度が酷かったことや、ボーダースの2階のエスカレーター付近で売っていた廉価本のことなんて写らないだろうし、そもそも人間の記憶なんていい加減なもので、実際タワーがなくなってみれば、そこを確かに知っていた者でさえも具体的なランドスケープが思い出せなかったりする
数学	角	正面5角間、側面4角間であるが、東西にそれぞれ陵波堂、枕流閣を両翼のように広げて抱えており、天井は屋根の下が裸になっていてそのまま見える縁背天井として簡潔に処理しているので端正な美を誇る煩瑣でない
交通	角	そういえば、近頃は練馬のらーめん大や秋葉原のらーめん大二郎、阿佐ヶ谷の角ふじとか二郎風なお店に行ってしまっていて二郎には行ってなかったんでありますね
その他	角	いろいろな方のブログを見ますと、必要な書類や記載がそろっていれば、「角2封筒」以外でも、例えば定型郵便扱いになる「長3封筒」でも大丈夫なようです
その他	角	少し前に「イカに行こう」と思って買っていたイカ角(11cmの5本ヅノ)、全く出番の無いままだったのですが、とりあえず海の状況が良さそうなので、11日にメバルの予約をしているにもかかわらず、2月8日の日曜日、早速行ってみることに
その他	角	しかし、仲間内になるとやはり砂糖はちょっぴりしか入らなかったらしく、ある朝、若い代議士たちは「ショッパカッタねえ」といいながら昨夜、角さんにご馳走になった名誉を誇っていた
数学	角	右辺の積分は立体角を表していて、2で、磁力線経路に沿って線積分している場合には、閉曲面Uがの始点を含んでいるので、となります(実は、磁力線に沿う経路でなくても、その経路で囲む面を電流が貫いていればよい)
その他	角	もし、角屋根丸屋根のミックスを楽しむのであれば、寧ろ長電仕様のものを田都仕様に改造して、残りは丸屋根の増結セットを使った方がしっくり来るかも知れません
交通	角	県道は伊勢神宮内宮そばの駐車場に抜けます、そのまま真っ直ぐ行くと国道23号線となるのですが、観光客で混雑する「おかげ横町」を押して「赤福本店」を横目に角を曲がって五十鈴川を渡り、四郷村道路元標、二軒茶屋餅、小俣町道路元標、へんば餅と廻り、かなり迷走しましたが宮川左岸を走ってデポ地の度会町に戻ってきました
その他	角	もちろんメッキやライ角、ロフト角の調整は器具が高いので工房にお願いしていますが、シャフト、グリップの交換、バランス調整、ヘッドの削り等は自分でやっています
その他	角	もともとこの筋違いの角は5四に引ければ、先手の穴熊の頭と飛車の頭を両にらみの絶好点だし、仮に追われても4三の安全地帯があるので簡単にとられない
その他	角	85 向島高見山3角点から167度4、640メートルの地点から237度に因島まで引いた線、同地点から132度1、080メートルの地点まで引いた線、同地点から228度に同島まで引いた線及び陸岸により囲まれた海域
動物	角	米農務省は2004年12月、134kHz帯対応のICタグを使って、捕獲されたシカを追跡するプログラムを、食肉、角、動物観察用にシカを飼育している10州で開始した
交通	角	フィールズからサントスストリートに入り(この角がココモスです)ワイルドオーキッドホテルを過ぎて3本目の通り(トライがたむろしてます)の4角を左に曲がります
その他	角	車にはさまざまなセンサ(エアフローメーター、吸気温センサー、水温センサー、クランク角センサー、スロットルセンサー、O2センサー等など)が働いています
その他	角	道路標識の字体は、基本的に視認性が優れているゴシック体を使用しており、高速道路では早い速度や遠くからでも認識し易いように「角ゴシック体」を使用し、一般道では「丸ゴシック体」を使用しています
その他	角	物理学の1分野である古典力学を、数学を基礎としながら体系的に学ぶことにより、物理学全体を貫く基礎概念(エネルギー、運動量、角運動量とこれらの保存則)を習得します
動物	角	旭山動物園のつづき シカの角の重さを体感出来るヘルメットがあったからかぶってみた 思ってたより重くてビックリ3キロぐらいあって、バランス取れなくて後ろに倒れそぉだった笑 そして最後ゎ動物の乗
交通	角	名古屋市を南北に流れる堀川では、水質の浄化と沿岸の整備が重点的に実施されているが、この計画の一貫として、納屋橋の東北角を街園(ポケットパーク)として整備することになった
その他	角	子宮奇形のなかで、双角子宮と中隔子宮については一般的に手術を第一に薦められる傾向にありますが、私はまずは手術せずに、それ以外の心身の流産危険因子を詳しく調べて、その異常項目を治療することをしてきました
その他	角	前節ではある特定の角周波数ωについて応答関数H(ω)を考えたが、突然に入力を加えたらどのように追随するかを調べると広い周波数範囲についての応答特性を求めることができる
その他	角	これに対してL3椎体中心からの垂線が仙骨岬角よりはるか前方を通過しているような場合は「腰椎過前弯」となり、上体のウェイトが腰椎椎体よりも後方の椎間関節にかかっていることになり、本来ウェイトを支持する機能を持たない椎間関節関節面には炎症が生じる
その他	角	メルボルン市内中心部には郵便局は5店舗あり、リトル・バーク・ストリートとエリザベスストリートの角にはGPOと呼ばれるメルボルンの中央郵便局があります
交通	角	祝賀会が終わり、タクシーを拾おうと大通りに出たのですが、その大通りの角のビルで私の中学時代の同級生がカクテルバーをやっているので、そこに寄りました(^^) 日曜だし、仕事初め前夜だし、空いてるんじゃ~
その他	角	ネコだって「いつだって硬い物の角に頭をの一部を乗せて」いなければ気がすまない眠りネコや、仰向けのうえさらに片手で目をふさぎながら寝ているネコ、「大の字」やらうつぶせ、人間よりもはるかに自由なポーズで、彼らは生涯の大半を占める「眠りという長い時間」を存分に愉しんでいるものなのではないでしょうか
その他	角	そしてベクトルはさらに、図形とは無関係なベクトルに一般化されるが、この一般的なベクトルでも二つのベクトルのなす角を定義することができ、それにはベクトルの長さと内積を用いる
その他	角	特に低次元性とフラストレーション効果が共存する3角格子反強磁性体の秩序化過程を詳しく調べ、強く縮退した基底状態のうち特定の状態が熱揺らぎのために安定化される機構、トポロジカルに安定な新しいタイプの渦励起(ボルテックス)の存在、磁場や異方性による逐次相転移の出現、等を明らかにした
交通	角	現在県道上尾環状線、ロッテリアの角から西上尾第一団地バスセンターまでの区間は、道路が整備され、歩道も十分確保されたことは、地域の住民の方たちも高い評価をしているところでございます
その他	角	(手順3) 片方の分散光の入射角を調整することで、局所的な位相差分布が連続的に変調される結果、テラヘルツ波の波面方向が変化し、ビームが走査できる
その他	角	アニメ自主制作グループ「グループえびせん」に所属しており、短篇『錆びた館』(1982年、原作・角銅博之、総時間2分30秒程度)ではキャラクターデザインを担当した
数学	角	(2)道路が交差する角敷地(交差により生じる内角が120°以上の場合を除く)では、敷地の隅を頂点とする長さ2メートルの底辺を有する二等辺三角形の部分については道路状等の見通し空間とします
その他	角	(1)地震時(変動状態)の控え杭の設置距離計算時の主働崩壊角の計算において、海底面下10mの位置が正しく認識されていないために、誤った角度計算となっていた不具合を修正しました
その他	角	1cm角に切ったピーマンも加えて米が透き通ってきたら白ワインと熱いスープ、塩小さじ2/3を加えて混ぜ、米を平らにして2のサンマとローリエをのせて中火で煮立て、フツフツとしてきたらふたをし、弱火にして15分炊き、一瞬火を強くして火を止め、10分蒸らす状態で加熱する
動物	角	『角を矯めて牛を殺す』で、野犬に襲われたら尻尾を攻撃してやろう」 「ためる」を「いためる」と勘違いし、部分的な攻撃で相手を倒すという意味ではない
数学	角	9時頃から名古屋上空に方位角110度方面の大規模帯雲と強烈な鱗状・漣状雲が出現、震源は房総半島南東沖と認識、規模はM6級を上回り、同海域に存在する第二次空白域に発生するM7級本震の疑いも強い
その他	角	ただ、わがままなところがありますので、角馬場で準備運動する際は集団調教で馬込みに入れて慣れさせるようにしたり、調教でも前に行った時に気を抜かせないように気をつけていきたいと思います」(場長)
その他	角	通常は1個120円のものを、破損の程度により40円、60円で販売するほか、手を加えて角を取り、アンティーク風に仕上げたれんが(100円)も用意する
その他	角	第36話では、ゴルドラスのバリアに反射されたデラシウム光流を防ぐために使ったが、ゴルドラスがそれに角からの光線を重ねたために防ぎきれなくなり、横にそらしてかわしている
その他	角	角でキズサンプルエリアがあってシルバースプーンのスカート15000円が1000円キャミ500円などありましたが帯に短しという感じの品揃えですでに荒らされたあとといった感じでした
その他	角	具体的な対象は5cm角くらいのプラスチックのブロックがφ8の鉄の棒の先に固定されており、それを成人男性が片手で素手で回した時に平均的にどの程度のトルクがかかるか知りたいです
交通	角	叔母に手を取られて国道沿いの肉屋の角を折れ、少し歩いて堤防越しに真っ青な 海が見えると(当時西湘バイパスはありませんでした)妙にワクワクしたものです
その他	角	ちちんぷいぷいでのインケツぶり ・リュック背負ってカバンを持った西靖が登場 ・角が決めた旅の掟「できるだけ現地の人の家に自分で頼んで泊めてもらいなさい」「1か国1恋
動物	角	当公社は自らが無角和種を飼育する「繁殖センター」を建設し、これを核にした新しい生産流通システムを構築すべく、新たな無角和牛再生への道を歩みだした訳である
交通	角	年末の31日に外苑前のいつも行く「理髪店」の帰りに表参道まで歩いて交差点の角の狭い本屋で時間潰しと思って偶然目に留まった有名な数学者「岡 潔」の「春宵十話」を立ち読みしていたらあまりに面白くてしかも500円なので買ってしまった
その他	角	その後安東の旧領(旧美作町東部)の押さえとして角南角右衛門が大畑城に置かれていたが、その所業が宜しくなく兄の如慶入道が代わって仁政を行っていた
交通	角	東京より→車/約40分 国道58号線を北上〜北谷町方面へ〜アメリカンビレッジ入口、桑江交差点角、国道58号線沿いです 車以外/送迎車 那覇空港より送迎車にて約40分
その他	角	角溝やV溝、R溝などの「溝入れ」、R先や尖り先などの「先付」、軸部の「バニッシング(磨き)」、平目、綾目の「ローレット」や溝とローレットの「同時加工」等などさまざまな加工が、平ダイズならではの安価な工具コスト、切削を遙かに超えるスピードと、安定した精度で生産できます
交通	角	東京より:車/約40分 国道58号線を北上~北谷町方面へ~アメリカンビレッジ入口、桑江交差点角、国道58号線沿いです 車以外/送迎車 那覇空港より送迎車にて約40分
動物	角	これは元々、中国で毒の検知にサイの角を用いたのが伝播の過程で、一部の夢想家によって作り変えられた物である様であるが、実際問題として、当時用いられた毒物でも、酸性やアルカリ性の毒物の場合は、動物性タンパク質の変化により、黄変するなりして、毒の検知に役立ったと思われる
その他	角	宇久家初代・家盛はかねてから日向国(宮崎県)鵜戸神社の主祭神・鵜葺草葺不合尊を信仰していたが、宇久島上陸後の文治3(1187)年に飯良角の地に社殿を建立してその分霊を祀ったのが始まりである
その他	角	A受審人は、夜間、潮岬沖合を自力回航中、一等航海士の呼び声に気付いて昇橋し、電源喪失によって舵角及びCPP翼角制御や主機非常停止が作動しない状況下、空気式主機遠隔操縦ハンドルによるクラッチ離脱もできず、徐々に右転しながら陸岸に接近するのを認めた場合、同航海士を機関室に急行させるなどして、直ちに主機を機側にて停止するよう指示すべき注意義務があった
動物	角	ゾウがひっこぬいた木にサイが角で穴を開けたりしてディズニーっぽいユーモアがあるのだが、音楽に合わせて完成させた建物に最後に動物達が嬉しそうに掲げるのが大日本帝国日章旗なんだよなあ
その他	角	先頭のTSUYOSHI、角中のヒットなどで築いた1死1・3塁のチャンスで福浦のファーストゴロの間に先制した後、オーティズがセンターに犠牲フライ、里崎のタイムリーで幸先よく金村から3点を奪います
数学	角	つまり、x度の角を持つ直角三角形の辺の比が求まれば、 x/2度の角を持つ直角三角形の辺の比が求まるのである (三角関数の半角の公式を使えばすぐに求まるが、紀元前3世紀には三角関数さえ無かった)
その他	角	また、第1実施例の風呂敷F1を使用する際には、まず最初に、例えば風呂敷の角Bと角Cを結ぶ対角線上に、ハーフサイズのワインボトル2本を底面を向かい合せにして、やや間隔を空けて配置し、次に、角Dを角Aに重ね合せた後、2本のワインボトルを角Aの方向に転がせて、ワインボトルの周囲に風呂敷F1を巻き付ける
その他	角	熟練作家の高度な技巧により精緻に再現された生命の力を表す角、 最高位の象徴である宝珠を握る五本爪 など、あらゆる生き物の英知を司る龍神は 『龍の九似』と讃えられお守りの意味も込められています
その他	角	一般にディストリビューターのポイントの開閉信号からエンジン回転数を検出したり、ディストリビューターが付いてないここ最近のエンジンでは、クランク角センサーやカムシャフト・ポジションセンサーなどからエンジン回転数を検出してます
動物	角	打てないクラブのもやもやが、少し、癒された気がしました、9時半ごろ終わり、山道を下りながら、民家がある道路に出たとき、大きな角が生えている、鹿に出くわす、
動物	角	ドッグダンスの一員として補装具をつけて頑張っていた太陽君、お父さんと一緒に参加していたコロちゃん、トナカイの角でオメカシしていたハイジちゃん、お母さんといっしょにバンダナ選びを楽しそうにしていたゴールデンちゃん、とてもよい出会いがありました
その他	角	またヒノキやスギの厚さ三センチ、縦七〇〜八○センチ、横二五〜三三センチの板材を四枚張り合わせた角洞や厚さ三センチのヒノキ、スギ材で二七×三四センチ、高さ一九〜二四センチの枠を作り、それを重ねた重箱式が一部で使われている
交通	角	これも「曲る角には・・・」です 昨日ですが農道から市道に曲ってバックミラーを見たら この光景 先月末山で探したのですが見つからなかった「フキノトウです」 車が来ないのを確かめバック 小さいのを頂いてきました
その他	角	「キリンのおいちゃん」(小さいのでおじちゃんと言えない設定になっている)と話しかけるサイのぼうやは、角が立派になったねと言うキリンさんに「おいちゃんもそう思う
その他	角	角居師は、まったくの外から競馬社会に入り、新しい厩舎運営方法や調教方法、海外にも目を向ける積極的なレース選択で躍進している新進気鋭の若手調教師
その他	角	でも横角グループは昼間は60分18000円だから1分当たり300円だから、ビール飲んでダラダラ時間潰せれば姫もビール代くらい回収出来るんじゃない
その他	角	62mこの地に多く産する角レキ凝灰岩製で各層を積み上げる様式は東塔と同じであるが基壇は板石を組み合わせた箱型であり基礎から七重目までは内部が空洞となり、初軸部の正面には扉をつけたと思われる穴があり他の三面には不動三尊の○子が刻まれるなど特異な様式を持ち、信仰的造塔と考えられる
その他	角	あと、ん〜なんていうか、肘のくるぶしを机の角とかにぶつけたら電気ショックを受けたようにジワ〜んと痺れるようなあの感覚が、ときどき太股の付け根からふくらはぎにかけて走る(微量だけど)ときがあるんだけど・・・妙な違和感がしてちょっと気にはなっている・・・
その他	角	一条角にある販売店舗から菓寮までの敷地、製造・流通部門を移転して喫茶部分を拡大、しかもそれは内藤廣氏による設計で生まれ変わったと言うのだから、訪れない訳にはいかない
交通	角	伊勢と吉野をつなぐ国道166号線に突き当たったT字路の角にバス停のポストが立っていたので、時刻表を確認した上で旧道に戻り、下流の飯高町波瀬に向かった
その他	角	管理人的には、中盤の角切りそして▲4四銀で角を王の退路に追いやってからの▲5三銀不成の好手にて、優勢を保ったままの完勝で「完全復調近し」を感じました
交通	角	359 小豆島坂手港西方3角点から251度6、900メートルの地点から101度に小豆島まで引いた線、同地点から358度450メートルの地点まで引いた線、同地点から12度30分1、180メートルの地点まで引いた線、同地点から83度30分に同島まで引いた線及び陸岸により囲まれた海域
数学	角	正多角形の角数を増やすことで二等辺三角形の「高さ」は、限りなく円の半径に近づくことになるので、円の面積を「約3」とすれば、円周の長さも「直径の約3倍」ということになる
その他	角	しかし、これは実際に使われたかどうかは疑問で、角に松明をくくりつけられた牛がまっすぐ前方に走るとは考えにくく、おそらく中国戦国時代の斉の武将「田単」の火牛の計を参考に後世脚色されたものであるといわれています
動物	角	この場合の角というのは何だ、牛とは何だという議論でありまして、つまりいろいろ間違いはある、つまり時々捜査のミスはあって、冤罪は生むかもしらぬけれども、しかしこんなことにひるまないでやっぱりがんがんやれと、こういうふうに私は全体の脈絡の中で読めてしょうがない
その他	角	尖角衝射(隣家の住宅の角が自宅の玄関や掃出し窓などに向かっている 状態で殺気が強い)やT字路冲(T字路の突き当たりで殺気が強い)、 街道反弓(道路のカーブの外側で殺気が強い)、車庫の入口など車がぶつかり やすい場所に置いて殺気を跳ね返す石敢當をデザインしました
数学	角	各解析領域の中心点から震央を見た方位角は、平面直角座標系上で直線を仮定してほぼS11°W~S18°Wであり、これより西側寄りから波動が到来していることがわかる
その他	角	その効果が認められる場合には、照射角βがH=0°、かつ、V=±5°の範囲内における光度係数の最小値を求め、これを照射角V=H=0°における光度係数の値とする
その他	角	で、ロケテスターに『白浪五人男』を読ませて分析したのですが、山本周五郎作品が精密に計算されたペン習字の描線であるとすれば、鈴木輝一郎様の描線はもっと勢いのある太マジック、それもペン先に角があるマッキーみたいな感じで、独特の現代的迫力があるという評価でありました
その他	角	此事聞食されなば、御自害もやあらんずらん、先守護し進せよ、重盛角て侍れば、御命をば奉公に申替侍らんと被仰下と申たれば、入道殿まづ興醒て、俄に道心も失果つゝ、実か虚言かと宣へば、一定に候と申す
交通	角	そこから3本目の路地(角がガソリンスタンド)を左に曲がると、6号どおり商店街、その商店街を道なりにすすむと、水道道路に出る、信号を渡って左に曲がったところから約50メートル
数学	角	三角関数(さんかくかんすう、trigonometric function)とは、平面三角法において直角三角形の角の大きさから辺の比を与える関数_(数学) 関数の族および、それらを拡張して得られる関数の総称である
数学	角	円の中心はそのまま立方体のひとつの角になりましたから、三本の座標軸が中心で直交している三次元立体世界が、二次元平面世界に落とし込まれていることがこれでよく分かります
その他	角	尾国南西端3角点(18・7メートル)から奈古屋埼まで引いた線、赤石鼻から横島大石鼻まで引いた線、同地点から45度に引いた線及び陸岸により囲まれた海面中上関村の地先部分
その他	角	製作した可変光ディレーラインを用いて干渉光強度特性を測定したところ、光のプリズムに対する入射角が大きくなるにつれ干渉光強度は大きく減少したため、反射防止膜としてプリズム表面にSiO2をスパッタすることで干渉光強度の減少量を抑えることができ反射防止膜の有用性を示せた
交通	角	子供の頃の路地の探検では、路地の角を曲がるたびに馴染みの場所から遠ざかる心細さに引返そうと何度も思います、でもこれから見える新たな世界に心が躍り闇雲に足を進めたものです
その他	角	ビュアーの座標と回転角をスクリプトから取得して、コンソールの外の図形に適用したら、ちゃんとコンソールの位置に表示はできたのですが、アバターの回転角の固定がむずかしいですね^^;
その他	角	部門 絵画(20号以下 がく入り)、書道(表装済み)、立体物(30センチメートル角程度)、平面物(50センチメートルかける50センチメートル程度)
その他	角	」とオロオロしながら、舞台の角辺りを取ることにした(そんなに身長が高いわけではないが、年配の方が多いと予想される催しでは、ど真ん中にいると邪魔だろうから
その他	角	なお、麒麟は鬣や鱗の色の違いによって呼称が変わることがあり、紅いものを外国為替 、青いものを聳弧(しょうこ)、白又は白金のものを索冥(さくめい)、黒いものを角端(かくたん)、普通の黄色いものを麒麟と呼ぶことがある
交通	角	まだ出来てから1年ほどだが三宮国際会館の南東の角、以前は喫茶店があったところで今は1階はスターバックスが入っている新しいモダンなビルの7階の 「神楽」 に行った
その他	角	本格的なファインダー撮影ができる「D300」だが、100%視野率のファインダー撮影のままに、広視野角3型VGA液晶モニターでの撮影もできるのだ
動物	角	角の生えた兜をかぶっているとか、移動手段は黒鹿毛の牡馬だとか、向かい合う相手に応じて体長が3メートルから最大15メートルくらいまで変わったりとか、無難なところでイメージヴォイスは内海賢二だとか、その辺りが一般的に見て覇者氏に対する皆さんの最大公約数的なビジュアルイメージかと思われます
交通	角	釧路や網走などから国道240号線阿寒湖に向かい、国道240号線沿いの「阿寒ロイヤルホテル」のところを湖のほうに曲がり、「ホテル山水荘」の先を右に曲がり、最初の角を左にまがるとある
交通	角	(2) 区画道路又は道が交差する角敷地(交差により生じる内角が120度以上の場合を除く)では、敷地の隅を頂点とする長さ2メートルの底辺を有する二等辺三角形の部分については、道路状の見通し空間として確保します
その他	角	しかし角の数を増やしていくと最終的には円という形になっていくと思うのですがそもそも内角が180°の円の形の図形なんてものはありうるのでしょうか
その他	角	りんごさんの隣に行きたかったよぉでもきのうは娘がギャラリ〜(スパイスガールズ人形5体)まこっちゃん応援に連れてきてたので、角の席貸し切り状態にしてましたぁでへへ
その他	角	この化膿が広がると、鼻翼(こばな)のわきを通って上へのぼっていく眼角静脈という血管の中へ膿がはいり、その膿が血液とともに脳低から全身の血流の中へ運び込まれます
その他	角	そして「ポスト&ビーム工法」であれば 最近では新らたに地産地消の国産材を基調とした五寸角(150ミリ)の柱と 一尺(300ミリ)の梁を採用した大断面木構造を推奨しています
交通	角	(2)道路が交差する角敷地(交差により生じる内角が120度以上の場合を除く)では、敷地の隅を頂点とする長さ2メートルの底辺を有する二等辺三角形の部分については道路状等の見通し空間とします
その他	角	大丈夫です 俺だってサイア人倒すために 麒麟Sそろえるために麒麟たおすために黒刀をつくるために 毒吐く赤いやつ倒すために 双角に挑んでましたから(長っ
その他	角	表皮が内側に陥没して、陥没した先端に乳頭が形成され、乳頭の表面に毛母細胞が1列にならび、その毛母細胞が、細胞分裂を繰り返して毛髪が形成されるのですが、形成された毛髪はFIBREとなり完全に角化して、死んだ細胞になっています
交通	角	●車:阪奈道路と国道24号線の交差点より国道24号線を南へ、「柏木町北」交差点角 ●携帯電話用ホームページ 右記のQRコードまたは、下記のURLにてご覧ください
動物	角	そして頭部には角、と言えるものが生じたかと思えば、その先端が不意に丸く膨らみ、そして次にエンドウマメの様な形になるなり、厚みを生じて長さが極まると共に下に垂れた
その他	角	人間界では、角や管や触手がうねうねしているグロテスクな妖霊だってことを、完全に忘れるくらい、バーティミアス&プトレマイオスのからみが、いいんだよー
その他	角	「角刺神社」の小さな石の鳥居をくぐって出たら、また「安位(あに)川」沿いに東へ向かい、近鉄御所線の踏切を渡ると、右が近鉄「忍海駅」ですが、更に国道24号線を渡って東へ向かうと、JR和歌山線の踏切の手前で、左下に「袖の松」が植わっています
その他	角	四辺形において、角が直角ですべての辺が等しいものを正方形、角が直角ですべての辺が等しくないものを長方形、すべての辺が等しいが角が直角でないものを菱形、平行四辺形とは向かい合った辺と角は等しいが角は直角ではなく、すべての辺が等しくないもののことをいう
その他	角	ドイツ文化への賛辞はこのくらいにして、フェリチタが(古銭においても)一本あるいは二本の豊饒の角(コルヌコピアイ)を腕にしてあらわされる、ということに戻りたい
動物	角	そもそも龍は亀、鳳凰、麒麟(きりん)とともに四端のひとつとされ、角は鹿、頭はラクダで眼は鬼、うなじは蛇で、うろこの数は鯉と同じ、手は虎で鷹の爪を持つという想像上の動物である
交通	角	強引な車線変更、交差点角における駐停車、車を歩道側に寄せず車線の真ん中で駐停車、ウインカーを出さずの突然の停発車、自転車の車線中央走行、歩行者の自動車車線へのはみ出し歩行等々
その他	角	上記のように2つのひろがり角βの違いによって、結果的に極限水平支持力Rq、塑性化抵抗力Roの値が異なってくるので、地層を2分割した場合と分割しない場合の2つのファイルの計算結果が異なってきます
その他	角	駐車料金はお客様ご負担 車以外/川内駅西口を出て国道3号線方面へ歩いて左側 大阪より 車/九州自動車道溝辺鹿児島空港ICから鹿児島方面へ~姶良IC~蒲生方面へ向かい剣道42号線を道なり、川内駅前道路との角 車以外/鹿児島空港よりエアポートシャトルバス乗車川内駅下車徒歩2分
交通	角	特に、都道の 127号線と補助道9号線が交差をいたします花屋さんの角が変則的な十字路になっておりまして、朝夕時間帯には混雑が大変ひどいというような状況になっております
交通	角	JR京浜東北線川口駅と同埼京線戸田公園駅を結ぶ通称・オリンピック道路(県道68号線)沿いの喜沢南一丁目交差点の角にあるのが、こちらの戸田市立喜沢中学校である
