# 鉄道: 車の通る道。特に、汽車・電車などがその上を走るように設けた線路。軌道に乗る仕事が順調に運ぶようになる, 宇宙: 物体などが一定の力の作用を受けて運動する際の、一定の経路。特に、天体が運行する道筋。軌道修正方針を変える意にも
鉄道	軌道	また韓国銀行総裁は12日「韓国経済、回復の軌道に乗った」と言い「ウォン高にもかかわらず輸出が二桁増加率を続けているのは、価格要因よりも輸出の品質と技術的要因が、輸出と経済成長に圧倒的に大きな影響を及ぼしているため」とし、「過去のように為替レートの動きに敏感に反応しなくても、衝撃の吸収は可能」と極めて楽観的な記事を出しています
鉄道	軌道	その一つ一つは、個人によって異なる結果をもたらすものだと思いますが、多くの先人のお話を伺っていると、断酒を軌道に乗せるために役立つものだと思います
鉄道	軌道	だが、軸重の大きい機関車を高速で走行させる場合には軌道強化が必要で莫大な費用がかかる等のデメリットもあったことから、その後の国鉄は、昼行優等列車については151系などの軽量で高速な電車を開発・充当する方針へと転換し、旅客用H級形式の機関車は量産に至らなかった
宇宙	軌道	しかし過去に撮影されたフィルムにこの小惑星が写っていることから、正しく軌道が計算し直され、1日後にNASAが「通過地点は地球から50から60万マイル
鉄道	軌道	ついでに、あれだけの騎馬隊が走ると、殆どが列車に撥ねられて大規模な人身事故になるのに、軌道上にたくさんの騎馬隊を走らせるのを(鉄道会社側、警察側が)認可してるのは何で
その他	軌道	オスカール・デ・レオーンが辿ったヴェネズエラ・ルーツ・サルサの軌道を裏付けるともいうべき、生きたホンモノの当地サウンドを新たな高みへ導く傑作登場
鉄道	軌道	また、この度、障害者雇用を前提として、市役所内に誘致した「福祉コンビニ」の取り組みを、全国に発信したところでございますが、今後はこの施策を軌道に乗せ、行政が率先して取り組んでいる状況を、新しい障害者雇用モデルとして、民間の事業者にも広げていけるよう、引き続き、努力を重ねてまいりたいと考えております
その他	軌道	高速軌道(トランカプセル)、ロケット発射島(コスモドローム)、角(つの)パン、檸檬水(シトロンプレッセ)、医局(オピタル)、自動人形(オートマータ)、気象通報(メテオ)といった言葉や、様々な鉱物、天体の名前が、硬質で幻想的な世界を創りあげている
宇宙	軌道	コヴナント艦隊の元最高司令官が、異端者としてハイチャリティで罰せられいている頃、地球の衛星軌道上に浮かぶ防衛施設ステーション カイロでは、マスターチーフ達がささやかな表彰を受けていた
宇宙	軌道	これまでに「ロシアは衛星が軌道に乗った事を確認した」と報じた日本マスコミは、ロシア外務省のネステレンコ情報局長に正式謝罪し、訂正報道を行うべきでしょう
宇宙	軌道	「銀河の回転と合体の軌道が同じ方向である(つまり、左回りの銀河に対して左回りの角度で別の銀河がぶつかる)と、逆の場合に比べて合体の痕跡が大きく広がる
鉄道	軌道	だから例えばロシアでは入り口のとこでまあ鉄道の軌道の幅が違うとか、ヨーロッパではスペインとフランス、違いますけど、それを自分でゲージを変えながらそこに乗ってくような車両まで開発して、今使われているのと同じですけど、そういうことで、どこでも行こうとしたっていうのがすごいですよね
宇宙	軌道	軌道上で2009年8月の反対側に彗星があったのは2008年3月であるが、吉田誠一氏のHPによると、この彗星は2008年3月ごろに4等明るくなるバーストを起こしている
鉄道	軌道	北京市の発展・改革委員会、交通委員会、財政局、運輸管理局はこのほど「軌道交通の路線網におけるチケット制度・チケット料金に関する通告」を発表した
宇宙	軌道	〈バンガロール〉インド宇宙研究機関(ISRO)によると、月探査衛星チャンドラヤーン1号の第1回軌道修正が成功し、当機は月から200キロメートルの地点に到達したという
宇宙	軌道	・ペンシルバニアで墜落した4機目の飛行機はキャンプデービットから離陸した米軍の空軍機により撃墜されたという噂もあるが、、、:この時点で正規軌道を外れていた民間航空機は他にも有り、混乱時によくありがちな噂とも考えられ、なんともいえない
宇宙	軌道	しかし内心はかなり黒っぽかったり、想定から極端にずれた事態に遭遇すると途端に力押しで軌道修正を図ろうとするなど、強引で大雑把なところも少なからずある
宇宙	軌道	当初はスペース・シャトルとドッキングさせ、より高い安全な軌道に移行させることが計画されていたが、シャトルが初飛行に成功する前の1979年に大気圏に再突入して消滅した
その他	軌道	活性酸素のことをフリーラジカルと呼ぶこともありますが、これは通常2つ対になって軌道上を周る電子が、 1つしかない状態(不対電子)のものを指します
鉄道	軌道	鉄道騒音に関しては、車両と軌道の低騒音化によって総合的に10dBの減音効果を実現しようとするプロジェクトが主要7カ国の関係機関によって1996年末よりスタートしているが、今回その成果の一部が報告された
宇宙	軌道	「軌道上で惑星間宇宙船の組み立てや月面基地建設には、新型の強力なロケットが必要となり、したがって我々は超重量三段式運搬船の開発に取り組んでいる」と発言
宇宙	軌道	つまり非常に長い楕円軌道を描き、その軌道と方向がかなり自由な惑星の一種であって、その尾は、パワージューサーで着火または加熱された頭部、つまり彗星の核から放出された非常に希薄な蒸気だと考えていたのである
宇宙	軌道	だが、この時宇宙の地球軍はプトレマイオス基地が襲われたという知らせを受けて月基地に集結を始めており、地球軌道は一時的とはいえむしろ手薄な状態になっていたのだ
宇宙	軌道	「このシステムですと、大気圏から脱出するまで、スラスターは一切つかわないですみますので、従来までの方法にくらべ軌道上にあがってからの自由度が格段に増したんです
鉄道	軌道	1931年12月に祐徳軌道(廃止時の社長が愛野文次郎であったことから、関連性はあるものと思われる)が長崎本線開通により廃止されたことにより、鹿島市有志が出資し、元代議士の愛野時一郎が社長となる形で設立された
宇宙	軌道	土星と天王星の間を不安定な軌道で回っているキロンは、最初は公認会計士に分類されていたが、後に希薄なコマが発見されたため、現在では彗星と借金・借金 無料 相談の両方に分類されている
宇宙	軌道	かぐやは、数回の噴射で速度や進路を変えながら、地球を2周した後に月に向かい、月の重力にとらえられて楕円(だえん)軌道に入り、徐々に円軌道に移る
その他	軌道	フラグメントの軌道で分子全体の軌道の代用することも提案されているが、比較的小さな分子でもフラグメントの軌道エネルギーの準位がHF法の結果と違うことがある [10]
宇宙	軌道	結論からいうと、インフレを防ぐために低成長路線に軌道修正するか、高成長路線をとり続けてインフレを許容するか、その選択の岐路に立たされているというのが、石平さんの見方です
鉄道	軌道	軌道の痕跡を見つけるべく、矢立という自然歩道の休憩点のある峠を目指してさらに歩くと、軌道跡の林道へつながる分岐路があり、林道へ出るとすぐのところに森林鉄道時代のトンネルがあった
宇宙	軌道	また、海王星軌道よりもさらに外側にあった微惑星は、その軌道が大きく変化せずに現在に至ったと考えられ、事実、海王星軌道より遠方にはエッジワース ・ カイパーベルトと呼ばれる多数の小天体の群れが見つかっている
宇宙	軌道	太陽が末期に赤色巨星化した段階で、木星の軌道あたりまで太陽に飲み込まれる訳だから、爆発以前に太陽系惑星の水星・金星・地球・火星は終焉を迎えている事になる
鉄道	軌道	1982年9月に運営主体となる第三セクター「沖縄都市モノレール株式会社」が設立され、同社は軌道法に基づき軌道事業の特許を申請したが、国は採算面に不安な要素があることや、既存バス会社との調整が進んでいないことなどを理由に特許を保留した
鉄道	軌道	さて軌道に乗った建設事業は順調に進捗(しんちょく)し、建碑の場所は、旧街道の俤(おもかげ)を最もよく残しているといはれる高橋照士、中島茂平両氏の山林が提供され、又四月中旬完成に至るまで、千手堂有志による代石の搬入、基礎工事、建立
その他	軌道	最終段階でのブーストがうまくはたらかず、トランスファ軌道への投入に失敗して、ついてはドリフト軌道にそのまま移行するには遠地点での高度がたりない、という体たらくになった
鉄道	軌道	なお磐田方面へは路線バスもあることからその可能性までは否定しませんが、役割分担でLRTなりの「もう1つの軌道系」の必要性について、余所者の当方ではありますが訝しいものを感じます
鉄道	軌道	また、上芥見駅の昔ながらの田舎軌道線を彷彿とさせる駅の光景(←道路脇に駅ホームがあって、その道路を挟んだ向かい側に待合所がある)は相変わらず健在で素敵でした
鉄道	軌道	このようなわけで、軌道が立入禁止となっている以上、詳細をお知らせすることは、軌道内への無許可での安易な入山をあおりかねないのではと言う理由で、画像のUPにつきましては様子を見させていただくことにしました
鉄道	軌道	INDEX F1日窒広河原沢軌道跡#3武蔵御嶽神社表参道今日のそらかなへび日食による明るさの違い部分日食黄金色の夕焼け日食日窒広河原沢軌道跡#2
宇宙	軌道	現在の、宇宙の認識でいえば、それだけの年数が経っていれば、太陽が赤色巨星化していて、地球の軌道などは、すっぽりと飲み込まれてしまっていることになる
鉄道	軌道	そこで大田原の方は、那須人車軌道株式会社を設立し(特許は明治40年交付)西那須野−大田原間に軌道敷設を行い、明治41年(1908年)に人車軌道を開通させた
鉄道	軌道	併用軌道になっているのはJack London Square(ジャック・ロンドン・スクエア)駅をすぐ出たところから約500mほどの短い区間ですが、複線(路面をよく見ると、写真の手前にもう1線線路があった跡があるので、元々3線だった
宇宙	軌道	森雪之丞さんは、ちえみちゃんの曲を作詞・作曲を手掛けてますが、百恵ちゃんのLP「COSMOS/宇宙」で、「銀河カフェテラス」「軌道修正」の作詞・作曲を手掛けてます
鉄道	軌道	平成11年3月の名鉄美濃町線美濃・新関間の路線廃止に伴い、明治44年の美濃電気軌道開通以来90年間にわたり親しまれてきたこの歴史ある駅舎を整備しました
宇宙	軌道	小惑星イトカワでの調査を終えた「はやぶさ」は、2007年4月〜10月に第1期軌道変換を実施、2009年2月より第2期軌道変換を行なっているところだった
宇宙	軌道	地球の軌道図を作成するために地球に来訪していたが、この星が幾万の侵略者達に狙われていることを知り、さらに友人を助けるために自らを犠牲にした青年・薩摩五郎の勇気と優しさに感銘し、地球を侵略者の魔の手から守るために戦うことを決意
宇宙	軌道	逆に言えば、元々は軌道上のほかの位置にも小惑星が存在したのでしょうが、それらはどちらかの運命をたどって消滅し、60度の平衡点にあったものだけが生き残った〜ということでしょうか
鉄道	軌道	その外にもこのあたりには、有名な入川を始め、大洞川、日窒鉱山や、さらにその奥の広河原沢にも軌道があったとかで、けっこうなワンダーゾーンだと言えるでしょう
宇宙	軌道	しかし、イリジウムは、全ての衛星がダイナミックに極軌道を周回し、あらゆるエリアから常に複数の衛星が見える状態を保った、最強の衛星携帯電話システムです
宇宙	軌道	査問会では、なぜか本当の事(隕石の軌道変更)を言わなかった美風、そして基地上層部の責任問題をねちねちと追求する査問官と何かちぐはぐな印象で、分かりにくかった
鉄道	軌道	市駅からは郊外線が3方向に伸び、市内電車(軌道)の拠点停留所もあり、また、都市間高速バスを含む路線バスの発着点でもあるなど、公共交通のハブを構成している
鉄道	軌道	長崎電気軌道が8月までに九州運輸局から過去三年間で計39件の事故未報告があったとして改善指示の行政指導を受けた問題で、県警交通指導課は7月、「組織的な事故隠しの疑いもある」として道交法に基づいて同社から過去5年間の交通事故記録計219件(物損事故190件、人身事故29件)の提出を受けて調査したところ、2002年以降に同社が警察に届け出をしていない交通事故が150件以上あることを3日明らかにした
鉄道	軌道	京王本線柴崎駅~西調布間約3371mと相模原線の調布駅~多摩川駅約1120mを地下式で建設し、軌道部は在来線直下をシールド工法で構築し、調布駅は乗り換えがスムースになる2層4線式ホームとなります
鉄道	軌道	今日直面している喫緊の課題を討議するにあたって、各国首脳がわれわれ経済界をパートナーならびに経済を成長軌道に回復させるための原動力と看做すよう求めるものである
宇宙	軌道	カリスマ経営者や一部のエリート幹部が立案した計画を多くの従業員が粛々と実行していくという旧来の経営スタイルではなく、すべての従業員がそれぞれの立場で外部環境の変化や内的な課題をいち早く感知し、常に軌道修正を加えながら環境に適応していく自律性が求められる
鉄道	軌道	しかし今回進めている遊休不動産の商業化が軌道に乗れば、小売分野の収益は60%まで低下して賃貸が大幅にアップするだろうと取締役社長はこの経営強化案について説明している
宇宙	軌道	月の地球周回軌道および地球の公転軌道は楕円であるため、東京・横浜市 横浜の衛星都市として知られる一方、ブライダルエステ 名古屋後のヘレニズム時代にはディオニューソスもアマゾーン征伐の主人公となっている
鉄道	軌道	群馬県内の小中学校を巡る音楽鑑賞教室というものをある時期から実施するようになり、徐々に軌道に乗ってくると素人の片手間では出来なくなりプロ化したと聞いている
鉄道	軌道	われわれの社会主義が世界的な政治波動にも揺るがず、自らの軌道にそって力強く前進しているのは、わが党が一貫して主体的立場に立って革命と建設を導いているからである
宇宙	軌道	毛利さんの場合は、地球低軌道を周回するレベルの有人宇宙飛行の意義を考えたり語ったりするうち、ガイアさんみたいな信念がめばえたのでは、と勘ぐってしまうのですが
宇宙	軌道	その衝動があまりにも常識外れや独りよがりであれば、もちろんそれを軌道修正するのが編集さんなんだろうけど、衝動を消してしまうような誘導はしてほしくないな〜
宇宙	軌道	しかし、入口の扉を中心にして、水星と金星の軌道半径を描くと、その中では、他殺のあらゆる証跡が消えてしまうのです」と法水は室の見取図に、別図のような二重の半円を描いてから、
宇宙	軌道	――老朽化したISSが軌道上を巡り、人類は有人火星探査どころか、月への再訪すらしていない状況の中、日本が「ふじ」システムによって軌道基地を建設・運用している世界で、2030年頃の日本によるNEO(近地球型天体)捕獲ミッションの話を現在構想中です
宇宙	軌道	ハワード党首は週明けに育児休暇などに関する新たな政策案を発表する予定で、騒動に幕を引き、横道に逸れた選挙キャンペーンを軌道修正したい考えとみられる
鉄道	軌道	名鉄の併用軌道では、唯一安全地帯 (交通) 安全地帯を備えている停留所として知られた(最末期に、一時的に新岐阜駅前駅、徹明町駅、西野町駅にも仮設の安全地帯があったが、あくまで実験であったため終了後すぐに撤去された)
鉄道	軌道	○現在会社にお勤めの方で、独立・起業を目指している方、会社を辞めて事業を立ち 上げるリスクなしに、当社の電話代行・秘書サービスを使えば、「起業→ビジネスス タート→ビジネスが軌道に乗る」までのシミュレーションを月々20000円で行うことが出来ます
宇宙	軌道	2つのブラックホールは、周回軌道を描きながらいずれ合体するのではないかと言われるが、初めから2つ生成されていて、動かないまま現在に至っているのかもしれない
宇宙	軌道	太陽系は 1万1000年ごとに銀河系のこの部分に進入し、それから2000年かけて通過し、そして2万6000年の銀河の軌道を終結させる」と 報告している
宇宙	軌道	さらに、軌道離心率は冥王星以外で最も大きい惑星である水星より少し大きい程度ですが、軌道傾斜角にいたっては、これも冥王星以外で最も大きい水星と比較しても2倍以上の数値となります
宇宙	軌道	地表面における垂線は、要するに重力方向を表すから、地球の形を決める問題は地球上での重力分布を実測すればよいことにもなり、これはさらに地球の重力に支配されて運動する人工衛星の軌道解析へと飛躍した
その他	軌道	また、焼入れの際の冷却工程において、オーステナイト状態の鋼がマルテンサイト化する前に軌道盤を加工または/および拘束して、マルテンサイト化に伴う変形を緩和する方法(プレスクエンチ)が対策として行われている
鉄道	軌道	本日の経路は、名寄から道北バスで士別に行き、士別軌道の市内循環に乗った後士別~朝日を往復し、再び道北バスで旭川に向かい、旭川市内の路線バスに乗り、札幌まで中央バス運行の高速バスを利用しました
宇宙	軌道	『種々の破片はそれが墜落する際に互いに衝突し、また互いに引力を及ぼすためにそれらの運動方向に変化を生じ、そのためにそれらの近日点(すなわち、軌道の上で太陽に最も近い点)は太陽から遠ざかることがあり得る
鉄道	軌道	2000年2月に始まったハンバーガーの平日半額セールなど、同社の具体的な成長戦略を軌道に乗せた立役者は、彼ら4人を中心とする1970年代前半に入社した現場リーダー層
その他	軌道	「グルジアに対するロシアの行動を単発的な行動とみなし、6カ月後には何事もなかったかのようにかつての状況へ戻るのか、それとも、グルジアへの侵攻を契機に、欧米はロシアは異なる軌道へと向かっているとみなすのか」
宇宙	軌道	逆に、現在の軌道をあまり回っていないと、ダストは彗星の前後にしか存在せず、彗星の通過とほぼ同時に地球がダストトレイルを通過しないと、活発な流星群が見られない
鉄道	軌道	この軌道には急勾配が数多くあり、特に遠刈田駅と永野駅(現蔵王町永野地区にあった駅)の間は現在のJR東日本の最急勾配の路線で知られている「奥羽本線の板谷峠越え」に匹敵する勾配があったようです
宇宙	軌道	に打上げられた日本の科学衛星ひてんは、同年3月19日から1991年10月2日までの間に月を利用したスイングバイを10回行い、加速および減速をともなう軌道変更に成功した
鉄道	軌道	先般、私ども公定歩合及び市場金利の引き下げ措置に踏み切ったわけでございますけれども、これらの措置はそのような判断に立ちまして、景気の足踏みの長引く懸念とか、物価の低下圧力でありますとか、マネーサプライの伸び悩みでありますとか、そういった状況を観察の上で、金融面から景気回復を促して日本経済をできるだけ早く持続的な回復軌道に乗せてまいりたいということで行った措置でございます
宇宙	軌道	グループ全体を評価した上で、議題解決に対する個人の貢献度が測定されるので、討論が本質から外れつつある場合には軌道修正の役回りを心がけると高評価
宇宙	軌道	現在の地球の公転速度は30キロメートル/秒だそうだが、その約1割、3キロメートル/秒程度の増減で地球の軌道は火星の軌道や金星の軌道に移動する(*)
宇宙	軌道	太陽の物の随員は固まりのそれの大部分が軌道がほとんど円形である8つの比較的孤独な惑星の中に保管されている黄道の飛行機と呼ばれるほとんど平坦なディスクをそれを旋回します
鉄道	軌道	2009年7月29日、三菱電機(東京都千代田区、下村節宏社長)は中国の株洲南車時代電気股フェン有限公司と共同で、北京市軌道交通建設管理有限公司から北京地下鉄8号線向け車両用の電機品を受注したと発表した
宇宙	軌道	麻衣の行動は全て衛星軌道上の宇宙船の中よりピタゴラス博士によって操られており、麻衣の口から出るセリフは全て、アンドロメダ女医が宇宙船の司令室で遠隔操作装置のキーボードに打ち込んだ文章だった
鉄道	軌道	熊本市側の起点である藤崎宮前駅は中心部から若干離れているため、改軌・LRT化の上で国道3号の上に軌道を敷き、熊本市電の水道町電停に直結する構想を熊本電気鉄道は提案した
鉄道	軌道	7月28日に開幕する全国高校総体・2003年長崎ゆめ総体の開催200日前に合わせて、「長崎ゆめ総体電車」の出発式が、長崎電気軌道の蛍茶屋車庫で行われた
鉄道	軌道	建設地には市内数カ所の候補があったが、地形や地質が適していたこと、また市内中心部から旭川電気軌道の路面電車(旭川電気軌道東旭川線、1972年廃止)が運行されていたことなどが決め手となり、市の東部にある旭山が選ばれた
鉄道	軌道	)は、通路、積載方法及び運搬方法について内閣府令(鉄道、軌道、索道及び無軌条電車については、国土交通省令)で定める技術上の基準及び前条第一項の規定により運搬証明書の交付を受けることを要する場合にはその運搬証明書に記載された内容に従つてしなければならない
鉄道	軌道	もともと大軌が軌道として認可を得るため、奈良市街地は併用軌道となっており駅も地上にありましたが、1969年12月9日に併用軌道部分が地下化され、奈良駅も地下に移りました
鉄道	軌道	東海道本線膳所駅(「ぜぜ」って読むんですね、難しい駅名ですね)から京阪石山線に乗り、途中浜大津から京津線で併用軌道を車と一緒に山科の山を越え、京津三条へ
その他	軌道	強磁性体、反強磁性体中のスピン波を記述するランダウ・ リフシッツ方程式や、調和写像の熱流の方程式、あるいは、場の量子論における 非線形シグマモデルの方程式などは、 ある(スーパー)リー代数内の軌道に 値をとるという共通の構造をもっている
その他	軌道	同社がこの制度を導入した理由は、ひとつは、中高年社員の第二の人生をより充実した形で迎えられるよう、在職中からその軌道を作るために、ボランティア活動などで地域社会との交流を図る機会を与えることである
鉄道	軌道	明治から昭和初期にかけて四万十川奥地から伐採された木材は軌道や木馬、人力で梼原川や北の川、久保川などの支流へ運ばれ、そこから四万十川本流へと堰出しや管流しで流送され、筏に組まれて下流の下田へ運ばれた
宇宙	軌道	ラストまでのおおよその道筋が出来上がったのが『黄昏の堕天使』の執筆中で、その後何度も小さな軌道修正を繰り返しながら、ようやくここにたどり着いたんです
鉄道	軌道	このお店には、今まで関わってきた皆さんの思いが詰まっていますので、リピーターをどんどん増やしながら、店をしっかり軌道に乗せていただきたいと思います
鉄道	軌道	ロケ協力:ちばしフィルムコミッション、八王子フィルムコミッション、神戸フィルムコミッション、千葉市立稲毛高等学校、千葉市立末広中学校、阪堺電気軌道、新世界町会連合会 ほか
鉄道	軌道	当社はこれまで、日本国内をはじめ、海外でも鉄道車両向け電機品の豊富な納入実績を有しており今回の受注はその実績と技術、製品の品質がエンドユーザーのリオデジャネイロ地下鉄や車両メーカーの長春軌道客車股
その他	軌道	搭乗機ティエレンタオツーの機体性能テストの際、折悪くアレルヤが軌道エレベーター内にいた為、脳量子波の干渉に錯乱して重力ブロックの事故を引き起こしてしまう
その他	軌道	そう叫びつつも、荒れ狂う二本の荷電粒子ハリケーンの軌道を必死に制御し、バットでも振り回しているかのようにして、仙台駅周辺の人口密集地に落ちてくる光弾をいくつか海上方向へと弾き飛ばすクモイ・タイチ
鉄道	軌道	SBI証券が なんと 大川鉄道は明治40年に馬車が引く大川馬車軌道(株)として発足し、その後大正元年に大川鉄道(株)となりこの蒸気機関車で大川の家具や城島の酒、それから畳表などを運んで地域住民の大切な足となっていました
鉄道	軌道	「軽便」という名称や軌道の狭さ、速度の遅さ、あるいは「シグナルとシグナレス」における描かれ方などからマイナー視するむきもあるかもしれないが、岩手軽鉄は岩手県民の誰にとっても有益で、ありがたい路線であったということは忘れられてはならない
鉄道	軌道	軌道内等の作業における列車との接触による労働災害は、当該作業が列車の運行の合間に行われ、当該作業に従事する労働者が安全な場所に待避する前に作業場所へ列車が進入することにより発生しているものである
鉄道	軌道	鉄軌道事業の収益が伸び悩んだものの、「京阪ローズタウン」や「京阪東御蔵山」、「びわ湖ローズタウン」などの土地建物を販売し、「京阪淀橋屋ビル」など賃貸ビルの入居率向上に努めた結果、不動産事業の収益が伸長し、第1四半期における連結経常利益が前年同期比4
その他	軌道	当社も大阪労働基準局よりアーム俯仰型軌道式、アーム俯仰型無軌道式、アーム固定型軌道式、アーム固定型無軌道式、モノレール型の5種類のゴンドラ製造許可を得る
鉄道	軌道	軌道系の公共交通システム建設と、バスをはじめとする公共交通の再編は、基地に依存しない沖縄経済(じっさいほとんど基地依存はしていないのだが)のためにも、やらなければいけないことだ
宇宙	軌道	また、さらにいえば、すくなくとも、6個の衛星の軌道データはわかってるわけであるから、全衛星の軌道データがなくても、測位可能状態になるわけである
鉄道	軌道	阪神851形電車(はんしん851がたでんしゃ)は、かつて阪神電気鉄道が保有していた鉄道車両で、続いて製造された861形・881形の各形式ともども新設軌道線の急行系統を中心に運用され、特徴ある貫通扉のデザインをはじめ阪神間モダニズムの影響を大きく受けた内外装を持って登場した、昭和戦前期の阪神及び関西私鉄を代表する車両のひとつである
宇宙	軌道	そもそも、田中知事になって軌道修正されたと言われる施策の多くは、去年以前から準備されていて、たまたま実施時期が今になったというようなものだって、少なくないのだから(情報公開条例などのように)
その他	軌道	このように、軌道のねじれによって同一のエネルギーは、それぞれが90°の角度で交差する電気・磁気・運動(重力)の異なったエネルギーのように現れる
鉄道	軌道	なお、阪急電鉄の前身である箕面有馬電気軌道も、梅田から野江に至る京阪との連絡線の特許を1906年12月に収得しており、その4年後には工事施行許可まで得ていたが、京阪の場合と同様に大阪市の妨害にあって1917年に特許を失効させられていた
宇宙	軌道	これはハイネセンの衛星軌道上に配置された12個の攻撃衛星が射程に入った敵艦隊を攻撃するというもので、イゼルローンの要塞砲・トールハンマーほどの破壊力はないものの、攻撃範囲が広いのは脅威だ
鉄道	軌道	それから、商工業関係、特に小安峡温泉は、もともと観光地でございますので、道路をつながないことには、その営業が軌道に乗るということは難しいと思いますので、緊急的に暫定的な形で、現地において被害状況の確認を受けながら、商工観光関係者の被害の相談に応ずるという、相談会を開催できればというようなことを検討しているところでございます
宇宙	軌道	日本社会では昭和40年代くらいまでは、維新後に西欧文化と日本文化の衝突が起こって、インテリはその軋轢を合理化し、日本の政治・文化を軌道修正させて進化させていくのが使命なのだと単純に信じられていたように想う
宇宙	軌道	よく寄せられる、どこぞのサイトのパスワードだという、軌道半径がわかっている第10惑星の公転周期を求める問題は以前の同様の質問Q126の回答の解き方を参考に(数字を置き換えるだけ)自力で計算してください
その他	軌道	日本はこの会合において、地形的な観点から一軌道に8チャンネルを割り当てても問題がないことを、現地で計算機シミュレーションを行ってみせて8チャンネルを確保したと、当時の記録に残っている
宇宙	軌道	つまり非常に長い楕円軌道を描き、その軌道と方向がかなり自由な惑星の一種であって、その尾は、太陽熱で着火または加熱された頭部、つまり彗星の核から放出された非常に希薄な蒸気だと考えていたのである
宇宙	軌道	一方、月の運動は軌道が楕円形なことに加えて月の運行にふらつきがあり、満ち欠けの周期は14~16日の間で変化するので、「中秋の名月」と「満月」は最大2日間のズレが生じます
その他	軌道	そのうち大株歩道入り口のトイレは荒川登山口からの森林軌道下に電線を通し水洗式のトイレになっており、小杉谷山荘跡地はバイオとイレが設置されている
宇宙	軌道	1999年、月に捨てた核廃棄物が突然大爆発を起こし、その衝撃で月は月面基地ムーンベース・アルファを乗せたまま地球の周回軌道を離れ、宇宙をさまよい始める
鉄道	軌道	欧州は、イギリスでの大手量販店への進出とドイツでの直販体制が軌道に乗り販売網の再編成が進む中、売上高は前期比15億1百万円増収の50億10百万円となりました
宇宙	軌道	マシンとフリーウエイトの最大の違いは、あらかじめ上げ下ろしする軌道が確保されているマシントレーニングに対し、軌道を確保されていないフリーウエイトは、それをコントロールするために、あらゆる筋肉を使い、バランスをとる必要があることです
鉄道	軌道	富山地方鉄道 市内電車環状線が開業 2009年12月24日(木)1時14分 富山地方鉄道富山市内軌道線の丸の内停留所から西町停留所までを
鉄道	軌道	その後、明治42(1909)年の中ノ町線を皮切りに、鹿島線(現・遠州鉄道鉄道線)、笠井線、浜松軽便鉄道(奥山線)、西遠軌道、国鉄二俣線(現・天竜浜名湖線)が開通しました
鉄道	軌道	家族が病気や失業した際、暫くは生活できる貯金が確保できてても、ご主人の転職が軌道に乗るまでは、私なら何十年もローンを払い続けなければならない家の購入はしたくないです
宇宙	軌道	なお、久間防衛庁長官は「法律論以前に、ケースとして考えにくい」「ミサイルの軌道から、追いかけて撃つことはできない」「実際問題として物理的に無理だ」「(塩崎長官が)どういうことを想定して話しているのか理解できない」と否定的見解を出したようです
鉄道	軌道	医院の開院当初は私はもとよりメンバーも初めての経験ばかりで軌道に乗るまで大変な思いをさせてしまいましたが、そんな中でもしっかり踏ん張って今までついてきてきてくれて感謝してもし足りないくらいの子です
鉄道	軌道	戦後しばらくは片側1車線で、かつ、玉電が一部区間を除いて併用軌道で通り、歩道も設けられていなかったが、その後に道路拡幅が行われ、大坂(目黒区青葉台
鉄道	軌道	その2年前からスターンフェルドは、マンハッタンのウェストサイドを南北に走る、使われなくなった高架鉄道High Lineの軌道敷の写真を撮り続けていた
その他	軌道	《メイングル−プ》病弱者のために特に適合させたいすまたは多軌道車(便器設備を有するいすA47K11/04;駆動部または推進部に特徴があるものB60K)
宇宙	軌道	しかし1990年代以降、海王星以遠に冥王星・海王星間に見られるものと類似の共鳴関係をもつ軌道を巡る天体や、質量が冥王星と比較し得るオーガニック(桁違いに質量が異なることがない天体)が相次いで発見され、これらも惑星と呼ぶべきか否かについて論争が巻き起こった
鉄道	軌道	部会では現状課題を整理し、1現駅までの各駅停車所要時間を20分以内に短縮するための車両開発・軌道整備2対面乗り換えホーム整備の早期明確化と繁忙時に4両編成にも対応できる函館方面在来線ホームの実現―など6点の要望事項案を確認
宇宙	軌道	軌道投入じからピンぼけで機能を果せなかったハッブル宇宙望遠鏡の修復作業の他、1997年にはロシアの宇宙ステーション“ミール”とのドッキングも行いました
宇宙	軌道	2003年 アメリカジェット推進研究所のアイゼンハウアーらは天の川銀河中心付近の公転する恒星の軌道を観測し、天の川銀河の中心は太陽の300万倍の質量を持つ巨大ブラックホールが存在するとされました
宇宙	軌道	3142月進日歩:月の公転と自転のはなしまた、地球上の海水は陸部との摩擦により、地球の自転速度を下げる要因になっているので、その反動を受けて、月の軌道自体が1年に3cmほど長くなっています
宇宙	軌道	12月31日から1月1日へ、地球が太陽のまわりをわずか1度たらず進むだけのことですが、その周回軌道というトラックをもう一周する権利を与えられるチェックポイントと考えれば、それなりに不思議な感慨です
その他	軌道	すなわち、スカラー量としての電荷(各軌道の電荷の足し合わせ)は炭素が+でも、ベクトル量としての双極子モーメント(各軌道の双極子モーメントの足し合わせ)は酸素が+になる、ということです
鉄道	軌道	ただ、ちなみに申し上げますと、鉄道工事を一式請負で実施する場合、土工、橋梁、隧道、軌道工事等に分割いたしまして、これらの各工事を、それぞれ経験のある専門的な請負者に下請けさせるのが通例だ、このように聞いております
その他	軌道	電子がある軌道から別の軌道へ飛び移ること、あるいは価電子帯の頂上から伝導帯の底へ電子が飛び移ることを電子○○○、分子の振動や回転の状態が変化することを振動○○○、回転○○○などという
その他	軌道	という順になるが、同じエネルギー順位にある軌道(例えば前図のm欄2p軌道の3つの○)においては、1つの軌道に2個の電子が納まるより個々の軌道に分かれた方が静電的な反発エネルギーが減少するので、その結果、上図右の表に示す順番をとることになる
その他	軌道	軌道エレベーターや月面・火星移住計画も遅々として進まぬこの時代、我々にとっての「宇宙の使い道」とは、自分の小ささを認識することにしかないのかもしれません
鉄道	軌道	当社が光ファイバケーブルを敷設している阪神電鉄は、軌道の高架率が90%以上と高く、平面交差が少ないことからケーブルの切断事故などの発生率が低いため、高い信頼性を有します
鉄道	軌道	二十四 鉄道若しくは軌道の駅舎又は自動車による旅客運送事業の営業所若しくは待合所において、駅名板、停留所標識、料金表又は運送約款若しくはこれに類するものを掲出し、若しくは設置し、又は工作物等にこれらを表示すること
その他	軌道	マイクロソフト接続からダウンロードされたISOがダウンロードする人をたどるために独特の識別子を含むので、マイクロソフトによって無限軌道であるので、行動は、あられるleakersの可能性にありそうです
宇宙	軌道	で、《ファルコン1》が実用に見合うだけの信頼性を確保した(=人工衛星を高精度で軌道投入することに成功した)、と見ていきなり「有人宇宙船※」ですよ
宇宙	軌道	私は、341さんの指摘を見て、ものすごく警戒し、ブログに参加するのをやめようかと思ってましたが、桂さんのような切り込み隊長ぶりを見て、書き込みに応じましたので、「宅建受験の交流の場」に軌道修正して皆さんと盛り上がろうではありませんか
宇宙	軌道	「かぐや」は18日午後2時ころから、定常観測軌道に乗せるための月周回軌道変更マヌーバ(LOI6)を行い、同午後7時ごろ最終的なスラスターの噴射を終了した
宇宙	軌道	NASDAの軌道リニアエレベーターと言うのは、高価なロケットをなるべく使わずに人工衛星を打ち上げるため、富士山の山麓から山頂に向かって建設したリニアカタパルトを打ち上げロケットの一段目の代わりにするという希有壮大な国家プロジェクトだった
宇宙	軌道	150年後は、現在の海外旅行(ヘタな国内旅行より安い海外旅行もあるけど)のような感じで、衛星軌道の宇宙ホテルなどに旅行に行けるようになっているだろうとする(もしかしたら、月面にも一般客が滞在できるようになっているかも)
鉄道	軌道	大体、基幹バスもまともに運用できない根性なし都市が LRTなんかにハードル上げちゃってゴリ押しで作ろうったって実現できるわけがない 既存軌道事業者、土建屋、根性ある行政がそろったときだけLRTは実現の可能性がある そういう意味では宇都宮や京都は不合格
鉄道	軌道	軌道に乗るまでは決して平坦ではないし、脱サラの成功率は10%程度である事からも、サラリーマンが如何に自分で全てをこなす事ができないのか、あるいは如何に自分に甘いのかの証左でもあろう
鉄道	軌道	14日間の中国の旅、今日はゴルフの中休み、杭州まで今中国で一番新しいD列車CRH和諧号・つまり新幹線です、日本の技術協力で作られた最新型の列車、時速200km以上で走行します、ただし在来線での軌道が整備されての事ですが、ちなみに今回は上海⇔
宇宙	軌道	当たるも八卦、当たらぬも八卦、自分の運勢を知っておけば、あまり大事に至ることがありませんし、いいように受け止め、悪い時は軌道修正すればいいだけですからね
宇宙	軌道	但し太陽電池による電力にたよる現在の電気推進 (SEP:Solar Electric Propulsion) では、電気推進による加速中は太陽から大きく離れた太陽光の弱い軌道を取ることは不利なので、主に軌道の離心率を変え地球との相対速度を蓄積しておく(エネルギー蓄積フェーズ)
宇宙	軌道	航空機動隊・・・・高層ビルから滑空 海上機動隊・・・・泳ぐ 宇宙機動隊・・・・衛星軌道からダイビング 戦国機動隊 &hellip;自衛隊より役に立つ
鉄道	軌道	これからは将来LR化をみこしてとりあえずBRT整備という例もでてくるとの予想からすると、 鉄軌道網が将来もし充実した未来があり得るとしたらその基準でもよいが、 現在のように末端の鉄軌道があらかた剥がされた状況下では、二カ所以上の鉄道結節は厳しいと思う
鉄道	軌道	こうして再出発が完全に軌道に乗った円谷プロは、新番組が各局に分散したこともあり、局の垣根を越えて、自社作品の共通基盤としての銀河連邦構想を打ち出し、
その他	軌道	これまでの挑戦者の多くがそうだったように、西尾が木村の左の軌道やタイミングに戸惑いを見せ、対処に手間取るようだと試合は終盤を迎えることなく終わる可能性もある
宇宙	軌道	ナビの設定を間違ってとんでもないところへ行くし、軌道修正して高速道路を走っていたら、名阪と新名神の分岐で間違って新名神経由で帰るはめになるし・・・
宇宙	軌道	暴力的な自然淘汰を是認することは、その軌道修正を図った修正資本主義からの撤退であり、今や巨大技術と人工装置化を備えながら、始原の資本主義へ再突入するとなれば、そこでは重大な自然破壊、そしてさらに人間破壊が顕現化する
鉄道	軌道	そのマスタープランにおいて軌道系交通との関係はどう位置付けられているのか、と言う話になりますが、岐阜市のサイトを見ると、どうやらJRや名鉄本線、各務原線はともかく、600V各線は蚊帳の外になっています
鉄道	軌道	富山地方鉄道は、電鉄富山駅から宇奈月温泉までを結ぶ本線と、寺田から立山までを結ぶ立山線、稲荷町から南富山を結ぶ不二越線、南富山から岩峅寺までを結ぶ上滝線の鉄道線と、富山市内軌道線の本線、支線、安野屋線、呉羽線、富山都心線の5つの軌道線を運行し [続きを読む]
その他	軌道	『宇宙をかける少女』は、無数のコロニー群が宇宙空間に浮かぶ時代・軌道暦311年を舞台に、獅子堂五姉妹の三女・秋葉が人工知能搭載型コロニー・レオパルドと出会うところから始まった物語
鉄道	軌道	立山カルデラ(真川に沿って走る軌道)に行く工事用軌道で一般の人は乗車出来ないのですけど私は縁合って乗車させて頂いたのです、黒部峡谷のトロッコ電車も良いですけど、この軌道も良いですよ
宇宙	軌道	それは、いまの時点では誘導誤差が残ることが避けられず、そして万が一イオンエンジンが壊れてしまうことを考えると、一瞬でも地球に衝突するような軌道を通過させることはできない、とある
宇宙	軌道	だから私たちは作り出した社会は不完全で、 良識(常識+宗教心)で宇宙の法則に合致させる努力をして軌道修正する必要があり、 宇宙の法則に沿うように行動することが仕事だ
宇宙	軌道	しかし、そうやって木星に「つかまってしまう」彗星よりも、木星につかまることはないけれど木星の重力に引っぱられて軌道を変えてしまう彗星のほうが圧倒的に多いのはたしかである
宇宙	軌道	おおよそ1メガヘルツの16ビットコンピュータで、さらにアポロ13号のように事故が起こったときの軌道修正は地上のコンピュータ+検算が計算尺の手計算だったらしいですから、人間、やる気になれば何でも出来るということでしょうね
宇宙	軌道	現代の力学の教科書では、外力が働く物体の運動の問題を解くに際して、まず座標系を設定し、各座標に関して運動方程式を立て、その微分方程式を積分することによって運動の軌道を求める
宇宙	軌道	P5Aは、火星の衛星軌道上に衛星を投入し、衛星から火星の地表に探査機を投下した上で、探査機からのデータを衛星経由で地球へ送信すると言う意欲的なもので、衛星からのデータ送信には、アマチュア無線帯である2
鉄道	軌道	従って、軌道帯3のスラブ体31は、盛土21の地盤性状に拘らず、十分なる剛性及び支持強度を保有した形の基礎杭6によって支持された形で、線路5を安定的に支持することが出来る
宇宙	軌道	星を研究する分野には、天文学というものがありますが、これは天体がどんな物質でできているかとか、どのような軌道で動くのかというような、天体や宇宙の物理的な側面を研究する学問です
鉄道	軌道	一つ事業を立ち上げ、軌道に乗せ、事業を売却するなどして、また、新たなビジネスを始めて成長させるという具合に上手く時流をとらえることのできる人もいる
鉄道	軌道	豊島区域に電力を供給していた「東京電灯株式会社」「王子電気軌道株式会社」「桂川電力株式会社(のちに東京電灯と合併)」の歴史や、当時の区内の電力事情について写真を交えて紹介
鉄道	軌道	1937年(昭和12年)に、下之一色電気軌道は名古屋市に買収されますが、下之一色の駅は一色大橋を渡った東側にあって、様々な事情から街に乗り入れる事無く終わったの残念です
宇宙	軌道	しかし月の海の上空を通過するわが宇宙船が不思議な体験を持ったのは、ときとして異常に強い重力のために、軌道から外れて下方へ引っ張られるという現象が発生するときであった
その他	軌道	この技術は他の兵器開発にも応用できるから、近い将来、米国の軍事力は一つ高い軌道上に移って、いわゆる軍事革命(RMA)が起こり得ることを示唆している
その他	軌道	特に軌道リレー(AC)は上記ストレスの外、コイル、翼板の温度上昇が高いこと、電流波形の歪みによる連続的な微振動があること、且つ摺動部が多いこともあって他のリレーより厳しい条件下にあることに留意すべきである
宇宙	軌道	軌道は、高度が約670kmの略円形で、軌道傾斜角(赤道面とのなす角)は約98度(人工衛星が赤道面を南から北へ横切るとき、真北よりやや西向きに飛行)
鉄道	軌道	それから新政策プロセスが軌道にのってまいりまして、特に今年は政府要望なんかでもうまく政府にいろんな我々の意向を反映させることができたと思います
宇宙	軌道	冥王星軌道にあろうがバスケを太陽にスラムダンク宇宙が創られていることに違いはなく、これから赤い彗星を輝かせる突入軌道に遷移していく気配に満ちている——続きを知って読んでいるから、そう感じるだけかもしれないが
鉄道	軌道	参照 Wikipedia→豊橋鉄道株式会社(とよはしてつどう)は、愛知県豊橋市およびその周辺で鉄道・軌道を運営している鉄道事業者で、名古屋鉄道の連結子会社である
鉄道	軌道	標識の絵を見ると「普通自動車」に見えますが、実際の意味は「自動車の軌道敷内通行可」という意味なので大型自動車や自動二輪車も軌道敷内を通行できます
鉄道	軌道	軌道交通1号線・2号線・3号線に関しては、地鉄運営公司が担当していたが、3号線に関しては巴士集団のグループ企業の一つである現代軌道交通股イ分有限公司が運営している
鉄道	軌道	合併に向けては、もう軌道に乗っていたので、特に問題はありませんでしたが、国保病院の医師や看護師の処遇や方向性、渡島廃棄物処理広域連合からの脱退負担金など、クリアしなくてはならない課題がありましたが、円滑に進めることができました
宇宙	軌道	サダム・フセイン政権に対しては厳格な姿勢を崩すべきではないが、経済制裁に派生するイラクの民衆の人道上の問題に十分に配慮し、ポスト・サダム・フセイン政権との交渉の可能性も視野に入れておくべきだし、イランに対しても、封じ込めから、厳格な条件を課した上での関係改善路線へと軌道修正を図るべきだろう
宇宙	軌道	1985年の東西冷戦の真っ最中に、アメリカが今回の中国と同様の衛星破壊の実験を実施したことがあるんですが、そのせいでその衛星が飛んでいた周回軌道がデブリで一切使用不能になり、大問題となりました(その後、軌道がクリアになるのに20年近くかかったとか)
宇宙	軌道	その模擬衛星は近地点228キロ、遠地点947キロの楕円軌道に乗り、単純な電池の電源によって地上へ電波を送り、電池が切れるまで三週間程度、地上と交信を保つ予定だった
宇宙	軌道	また伊予鉄の軌道も石畳ですが、ヨーロッパではよく見かけるグリーンベルト化して草道のベルトの上を「坊っちゃん列車」が走り、せせらぎが聞こえる風情は想像するだけでわくわくします
その他	軌道	受けですらなく、ただなりふり構わず横から当てて軌道を変えるつもりの行動は功を奏し、胸を穿つ筈だった《風王結界》はティトゥスの右肩口を僅かに裂くに留まった
鉄道	軌道	三 バスおよび電気軌道による旅客運送業を営む会社の労働争議に際し、会社が回送中または路上に駐車中のバスを奪ってスト組合側の支配下におき、あるいは会社が取引先の整備工場または系列下の自動車学校に預託中のバスを搬出するため該建造物に侵入したことが、スト非参加の他方組合が会社の操業継続に協力したことなど諸般の事情および交通産業の特殊性などを考慮に入れても、法秩序全体の見地からみて許されないとされた事例
鉄道	軌道	札幌→函館本線、特急約1時間23分→旭川→旭川電気軌道バス→旭岳温泉旭川電気軌道バス:夏期シーズンは往路1000円(夏期以外は無料)、復路は宿に無料チケットあります
宇宙	軌道	それは同時に、いろんな人たちに迷惑をかけ、後悔し、自分自身のあり方の軌道修正を行っているということに他ならず、要するに、何と言うか、太宰治的な感傷にひたってしまうのです
鉄道	軌道	鉄道軌道近代化設備整備補助金については、特に災害未然防止のためにも、対象事業及び対象事業者の拡大や補助率の引き上げなど補助制度の拡充 を図ること
宇宙	軌道	国際宇宙ステーションですら、地上から約400kmの高さの低軌道を周回しているので、宇宙エレベーターの最上階がどれだけの高さかということがなんとなく理解していただけるのではないだろうか
その他	軌道	ゲームメーカ・ボール軌道装置ゲームメーカ(74)とボール軌道装置(80)の間の通信は、ボール軌道データ要求指令および再開始指令を包含し、再開始指令は、ボール軌道装置(80)に使用されるボール軌道データを得るためのパラメータを限定する
その他	軌道	ミッドチルダの空に舞い上がった巨大船聖王のゆりかご軌道上までの上昇を許せばミッド地上の全てが人質訪れたのは未曾有の危機六課メンバーは総員出動スカリエッティのアジトへと向かったフェイト隊長地上での戦闘機
宇宙	軌道	北米航空宇宙防衛司令部(NORAD)の観測では衛星軌道に何も乗らなかったとしていますが、北朝鮮政府は国威発揚を狙ってこれを人工衛星の打ち上げ成功とプロパガンダしているようです
宇宙	軌道	その上にその木が森の全面(森の手前側)に生えた木ですと太陽の軌道上(東西間)太陽の光の恩恵を受けて育つものですから、一種の栄養過多状態となり成長が早く木目は一層うねうねした木目になり特にその木の表皮に面した木目はうじゃうじゃした「斑」が出やすくなります
宇宙	軌道	ソ連が地球を回る軌道に打ち上げた3人乗りの宇宙船「ソユーズ11号」が、先に打ち上げられていた軌道科学ステーション「サリュート」とのドッキングに成功した
鉄道	軌道	そのカフェで働きながら、自分の商品を見てもらうというチャンスを得て、ブランドは少しずつ軌道に乗りました」しかし、その頃使っていた素材はパーツを仕入れて制作していたため、次第に自分の中で納得がいかなくなってきたという
鉄道	軌道	今もそういういいかげんなジェネリックをつくるメーカーも存在するんですが、国の医薬品品質再評価制度という厳しい審査が軌道に乗ってきていて、品質を追求する余裕のない弱小メーカーは淘汰されつつあります
宇宙	軌道	大接近は1 5年から1 7年に1度の現象ですが、2003年の大接近は火星の近日点に極めて近い軌道上で最接近となったこと、太陽系の惑星同士の引力の作用によって惑星軌道が微妙に変動していること、などが重なり、6万年という数字が出てきました
その他	軌道	渦巻き状の軌道の最外周の内側と外側に軌道に沿って向かい合わせに2つの電極を置き、内側を正、外側を負にすることにより、イオンの軌道を外側に曲げ、イオンをサイクロトロンの外に取り出した
その他	軌道	トピー工業というと、建機の無限軌道(クローラ)に取り付ける履板(シュー)を生産しているメーカーだったと記憶していますが、今回の韓国への進出は、やはり建機需要が世界で高まっていることへの対応策、という意味合いもあるんでしょうか
宇宙	軌道	ともかく(現在は)、南極から出て北極へと向かう磁界(磁場ともいいます)があるために、太陽風の荷電粒子はローレンツ力 という磁界からの力を受けてその軌道を曲げられます
宇宙	軌道	宮崎・東国原県知事は24日、日本テレビの番組に出演し、総選挙に自民党から出馬する条件として「総裁選に出る環境を整えてほしいということ」と述べ、23日の発言から軌道修正した
鉄道	軌道	夫は結婚当初、知人と共同経営で、花きやハーブのインターネット販売などの事業を始めていましたが、思うように軌道に乗らず、一年ほどでたたみ、サラリーマンに戻っていました
宇宙	軌道	軌道計算に利用するコンピュータについては「1950年代に成功した有人飛行の技術は、現時点で枯れている古い技術を用いても十分実現可能だ」と分析した
鉄道	軌道	建設地には市内数カ所の候補があったが、地形や地質が適していたこと、また市内中心部から旭川電気軌道の路面電車が運行されていたことなどが決め手となり、市の東部にある旭山が選ばれた
鉄道	軌道	最近、EUを中心に広がっている”LRT”=新型の軽量軌道交通、特に都市内や近郊での運行を行う低床の路面電車の導入によって、 自動車の排ガスによるCO2増加など環境破壊や都心の交通問題を解決出来るのではないかと注目が集まっている
鉄道	軌道	市営による路面電車は京都電気鉄道とは別に建設する事となり、京都市電気軌道事務所によって1912年(明治45年)5月28日に第1期工事が完成、6月11日から4路線7
その他	軌道	基本的に僕は、温暖化・石油後を考えると(両方を否定する人は少ないでしょう)外洋風力・外洋施肥・沿岸砂漠の海水灌漑、軌道エレベーター前提の宇宙太陽光発電、核融合の三つを考えています
鉄道	軌道	それというのも、この時代の別海町営簡易軌道のうち厚床−風蓮の区間は、殖民軌道根室線そのもの、いいかえれば「最後まで残った根室線オリジナルの路線」であり、写真から厚床駅と同停留場の位置関係が、pp
宇宙	軌道	#アメリカの衛星とかも結構それで静止軌道に自力で行った衛星あるし、日本でもかけはしがそれに近いことをやってのけて準静止軌道(準天頂)に投入してミッション行ってるしね、、
宇宙	軌道	シュメール・バビロニア神話では、「ニビル」と呼ばれる公転周期3600年の“超楕円軌道”を持った巨大暗黒惑星(木星の約2倍の大きさ)が、太陽系に存在し、周期的に太陽系内部まで侵入して災厄をもたらす「天界の戦闘」という伝承が残されています
宇宙	軌道	一方、ストーンブロアによる軌道保守は道床バラストを痛めつけず、また軌道の品質を確保するのに有効であるが、施工速度が速く、扛上量を大きくとれるマルチプルタイタンパの方が使い勝手はよい
鉄道	軌道	創業当時の中川は自家製麺ではなかったと記憶しているが、ある程度店が軌道に乗れば、一日に必要な食数も増え、麺の状態である程度の在庫を抱えるリスクを負うことになる
宇宙	軌道	現在は、摩訶混沌界と結びつき神官として活動しており、地球の衛星軌道上で特殊空間の結界に隠れた遺跡衛星と呼ばれる摩訶混沌界の要塞に潜伏している模様
鉄道	軌道	6キロの区間には複線の併用軌道区間も単線の専用軌道区間もあり、東海道本線との並走もありと、面白い路線でしたが、1975年に廃止されてしまいました
宇宙	軌道	県内におきましては、一通り合併の進捗が図られたところでありますが、道州制を睨んで県知事の軌道修正とも取れる発言もあったことから、今後の合併については、当面沈静化する方向にあるのではないかと推測されるところであります
宇宙	軌道	また、離心率の大きな軌道や逆行する軌道を描いている衛星も多く、海王星に捕獲されたエッジワース・移動平均線・moving average天体ではないかと考えられている
宇宙	軌道	すなわち、彗星(彼の考えではこれは太陽系に属しない)が近日点近くへ来たときに、そこに今正にできかかっている遊星に衝突し、そのためにその遊星軌道の偏差を生じた
宇宙	軌道	利用者の受信機では4個の衛星からの上記軌道情報を受信し、その軌道情報から各衛星の位置を計算するとともに、上述の受動測距を行うことにより、利用者の3次元の位置を測定することができる
宇宙	軌道	彼の放つ腕武器ミサイルは高速ロックオンから機体に向かって直線軌道を取って飛んでくるので、距離が無いと回避が難しくなるのでできるだけ距離をとります
鉄道	軌道	そのため、序盤は軍備を完全に無視し、内政が十分に軌道に乗ってから他国を攻撃するというプレイスタイルが可能になってしまっていて、正直言ってタルいです(戦闘ばっかりというのも、こういう開拓ゲームでは辛いですけど)
宇宙	軌道	その後、ハイネセン級の発展拡大型である「グエン・キム・ホア級」を建造し、首都星ハイネセンの衛星軌道上に軍事工廠を建設して様々な補助艦艇を建造するに至ったわけね
その他	軌道	PC達は軌道上にて新型の重巡洋艦ザンジバル級「マンシュタイン」を旗艦とし、ムサイ級2、パゾク級輸送艦1からなる出迎えの小艦隊と合流を果たしていた
宇宙	軌道	宇宙航空研究開発機構(JAXA)は、21日、月周回衛星「かぐや(SELENE)」の主衛星を所定の軌道に投入するとともに定常制御モード移行運用を行ったと発表した
宇宙	軌道	つまりこの「軌道と速度の差」によって、月に近い面と反対側では、陸 地から見るとあたかも海水面が盛り上がるように見えるという現象が起 きるのです
鉄道	軌道	また、1915年から1945年までの30年間、京王電気軌道(現在の京王線)の起点は現新宿四丁目交差点そばの京王新宿三丁目ビル建設地付近で、甲州街道に沿って西に路線が伸びていた
宇宙	軌道	また、どこか遠くで生まれた天体が地球軌道に捕獲されて月となったという説も、月を構成する物質が地球とほぼ同じであることが判明したので否定されました
宇宙	軌道	宇宙航空研究開発機構(JAXA)は2月24日、鹿児島県の種子島宇宙センターから情報収集衛星2基を搭載したH2Aロケット12号機を打ち上げ、衛星2基を分離し、予定の軌道に乗せることに成功した
鉄道	軌道	これに対し、証言した政府自動車タスクフォース(対策委員会)のロナルド・ブルーム氏は、GMの再建が軌道に乗り次第、速やかに政府は関与をやめるとの立場を改めて強調
宇宙	軌道	小惑星探査機「はやぶさ」はイトカワの軌道離脱後、2007年10月18日にイオンエンジンを停止させ、地球帰還へ向けた第1期軌道変換を完了しています
宇宙	軌道	エウノミア族と同じような軌道を回っているが、スペクトルによればD型ないしT型小惑星であり、S型小惑星で構成されるエウノミア族のメンバーではないと考えられる
鉄道	軌道	HSSTシステムが軌道法に適した交通機関かどうかという議論は不適当で、電車が走行する線路や車両が高い速度を出すのに適しているかが基準となります
宇宙	軌道	プレデターの能力をもつエイリアン、「プレデリアン」の誕生ですが、そのプレデリアンが地球軌道上にあったプレデターの宇宙船のクルーを全て殺し、コントロールを失った船が地球に落下したというわけです
鉄道	軌道	「両国の戦略的互恵関係を全面的に深め、両国関係を長期的で健全な安定した軌道に乗せる」ために、首脳会談がもたれ、合意内容を両国国民と世界の人々に向けて発出する共同文書が作成される
鉄道	軌道	一定期間、林務部に予算と人材を投入し、秋田県林業の百年の大計と実践プログラムを軌道に乗せた上で、もっと機構を整理した農林水産部に移行させるのも一つの方法と考えます
鉄道	軌道	ここでは柳川からの接続を図る目的で明治42年から昭和7年まで柳川から瀬高(矢部川駅)間を走った柳河軌道(道路併用鉄道)や大正10年から昭和13年まで矢部川駅~南関(熊本県)を走った東肥鉄道、それに大正末期からの自動車輸送業への、変革の歴史と当時の貴重な写真を編纂しました
宇宙	軌道	なお冥王星が抜けていますが、軌道が少し傾いているせいであまりにも変な位置にあったのでゾフィーが嫌がったという説と、兄が5人しかいないのに地球の外側に6つ惑星があるため、父に出動を頼んだが、父が面倒がったという説があります
その他	軌道	「パウリの排他原理(フェルミ粒子)」1個の電子は、1個の量子状態しかとらない ⇒ 電子の波動関数(軌道関数×スピン関数)=反対称関数軌道関数が対称関数の場合には、スピン関数は反対称関数 =1重項状態:電子のスピンが反平行の状態であり、縮退していない軌道関数が反対称関数の場合には、スピン関数は対称関数 =3重項状態:電子2個のスピンが平行の状態で、3重に縮退している
宇宙	軌道	これらの衛星を、ちょうど地球の4分の1周分づつ間を置いて軌道に乗せれば、毎日4回(6時間に1回)ある特定の地域(例えば北朝鮮)の上空を通過することになり、よりタイムリーに「仮想敵国」のミサイル発射準備状況を探査することができる
宇宙	軌道	太陽系で現在知られている最も遠い惑星、冥王星の存在が予測されたのも 天王星と海王星の軌道が他の天体によってゆがめられているという事実が発見された時である
鉄道	軌道	従来は、予め溶接線に沿って設置した軌道を用いて検査装置を走行させていたが、現在は軌道を必要としない自走式検査ロボットを開発している(図6参照)
宇宙	軌道	これには、核から放出された塵が独自の軌道で公転するようになり、徐々にセミナー から遅れていくため、また、太陽の自転により太陽風が渦巻いていたり、太陽の光の圧力(光圧)の影響なども受けるためなどの理由がある
その他	軌道	輝線の軌道を自在に制御することで、死角への攻撃、対象の戦闘行動の阻害、全方位からの一斉攻撃など、多様なバリエーションを持つ応用力の高い射撃戦能力だが、それは裏を返せば、普通に放っただけでは破壊力に乏しい輝線の威力を、反射を利用した奇襲や多段攻撃で補う工夫でもある
鉄道	軌道	黒部峡谷鉄道は、昭和11年6月に日本電力株式会社(戦争遂行のために設けられた電力国家管理法にもとづいて、後に解体された)によって開通された資材運搬用の軌道である
その他	軌道	ここにも、同軌道が例外的に高かった農業生産力をもつ信達地方の地主層によってつくられた、農業に基盤をおく運輸機関であったという性格がよくあらわれているのである
宇宙	軌道	「木星が12年で天道を一周することから、毎年度の木星の位置を示すために木星の軌道を12等分した場合の称呼」とありますが、これは「十二次」と呼ばれるもので、「十二支」とは違います
宇宙	軌道	人工衛星はより多くのミッション機器を搭載し、推進剤の補給もできないため、姿勢・軌道制御を担う衛星推進には高比推力(燃費が良い=少ない推進剤で大きな速度増加を得る)、小型軽量、高信頼性(故障しにくい)などが要求される
宇宙	軌道	通常、超小型衛星はもっと高い軌道を描くので自然落下はせず、自力で大気圏に再突入する機能も持たないことから、寿命が尽きた後もそのまま地球を周回することになる
鉄道	軌道	それに先立ち、鉄道敷設するならば、逆に軌道維持費や採算性の確保から「なしくずし」的に観光客を大量に輸送・受け入れざるを得なくなる可能性があるが環境保護と言い切れるか
宇宙	軌道	今は四季の変化もあるだけましですし、地球が太陽の公転軌道から外れ始めたら、本当の終わりで生物は永遠に生きられない惑星になるのではないでしょうか
鉄道	軌道	また、環状に線路(軌道・架線)を敷設して、片端だけにしか運転台を持たない車両や片側にしかドアを持たない車両の折り返しや方向転換のために使うものもある
鉄道	軌道	PASPY(パスピー)は、広島地区の鉄軌道(広島電鉄)・バス事業者各社局で2008年1月26日から導入された非接触型ICカード方式による乗車カードの名称で、広島県バス協会が商標を管理している(登録商標第5121817号[1])
その他	軌道	★ワールド工芸からは、先月のKATO3t(葛生原石軌道タイプ)に続いて、唐沢原石軌道人車、唐沢原石軌道鉱車(いずれもHOナロー9ミリ)が発売になりました
鉄道	軌道	調べてみたら、普通の鉄道と違って道路上の軌道(併用軌道)では、運転規則やら道交法やらで、列車の長さは30m以下に制限されるが、京津線は特認を得ているそうな
宇宙	軌道	○ この記事の雲についてですが、素朴な疑問ですが、なぜブラックホールに吸い取られないのだろう、そこで、考えてみました、粒子、この場合の雲や電子などは、軌道に重要な意味が隠れているのではと、思い当たる節があるので、太陽系の彗星軌道も含まれると思いますが、真空空間に引かれた軌道が、ラッチする真空と関係が大有りのようですね、軌道について(軌道には斥力が働く、なぜ
鉄道	軌道	長崎電気軌道(株)様、長崎路面電車の会からニュースリリース、最新活動情報の提供をいただけるようになりました、長崎電気軌道(株)様は現在、公式ホームページにニュースリリース公開をしておりません、また長崎路面電車の会は公式ホームページがありませんので、当面、当サイトを通じて情報提供させていただく事になりました
宇宙	軌道	本当の本質は、投入されている研究費のどれだけが本当の研究に使われているのだろうか、本当にお金が必要な研究末端にどれだけのお金がいきわたっているのだろうか、研究の内容がほんとうに世界一になれる内容になっているのだろうか、成功の第一条件であるきめ細かな軌道修正が本当になされているのだろうか
宇宙	軌道	というのも、臨教審時代から続く日本のゆとり教育改革の本当のところは大きくはずれてしまったが、それを軌道修正しようとするがのごとく、多くの株式会社や大学が創意工夫をしているからだ
鉄道	軌道	岡山電気軌道はアイディア満載の会社で、コンサート電車や春のワイン電車、夏には涼感いっぱいの風鈴電車、冬にはクリスマス電車や滑り止め砂を利用した「受験合格お守り」を販売するなど広く市民に親しまれている路面電車だ
その他	軌道	自動車ではメルセデスベンツ・ウニモグUX100に使われているほか、無限軌道式を含む建設機械、ラフテレーンクレーン、トラクター、コンバインハーベスター、除雪車など、もともと作業用に油圧装置を備えている車両に採用例が多い
鉄道	軌道	景気は緩やかな回復軌道にあるとの見方がありますが、新たなゴルフ場計画など当面ないものと思っていたところ、先月、土地取引規制の事前審査の了承を得たゴルフ場計画が内浦町に一カ所浮上しました
鉄道	軌道	では、日本の教育界において、誰もが関心を抱くようになった心の教育・進学指導の充実・IT教育を軌道に乗せた現在、江戸取は、どこへ向かおうとしているのか
鉄道	軌道	配電統制令により、京都電燈が配電事業を関西配電(関西電力の前身)・北陸配電(北陸電力の前身)へ、発送電事業を日本発送電へ譲渡し解散するのに伴い、同社の京都(嵐山線・北野線・叡山線)と福井(越前電気鉄道線)での鉄軌道事業を引き継ぐため1942年に設立され、同年中に傍系の鞍馬電気鉄道・三国芦原電鉄が合流した
宇宙	軌道	研究チームは、死期を迎えた星と特徴が部分的に似ている天体を38個発見し、その後の詳しい調査によって、そのうちの14個が公転軌道を離脱した天体であることを突き止めた
宇宙	軌道	愛知工科大学は、衛星が軌道上で動くよう正確に制御する部品を開発、さらに民間企業の高度な部品加工技術を活かし、打ち上げ時の振動や500°Cに上る宇宙の高温にも耐えられるパネルも開発しました
宇宙	軌道	小沢氏周辺は「世論の批判を恐れ、財源不足でも軌道修正できなかった内閣に、小沢氏が自ら悪役になることで『助け舟』を出してやった」と説明するが、政策面でも小沢氏主導が鮮明になったのは事実だ
宇宙	軌道	(Heavy Lifter)【技術】《遥かなる星》地表から衛星軌道に大質量を運び上げるシステムの一つで、ロケットエンジンを用いて垂直上昇・垂直降下を行うもの
鉄道	軌道	公立南砺中央病院は、内科医が不足していて、医師会に所属する12人の内科医が交代で支援に回る見通しで、軌道に乗れば、日数も増やしていく事も検討しています
宇宙	軌道	その後、軌道系の運用システムは継続し、様々な軌道実験を行い、次の重量型観測衛星(216Kgから420Kgへ質量が増大)の軸制御等の貴重なデータが得られることになった
宇宙	軌道	その失敗で、通信放送技術衛星『かけはし』が予定軌道へ投入できなくなり、整備・管制などロケット打ち上げの費用を合わせると、およそ三〇〇億円の税金が無に帰した
その他	軌道	完成杭の天端を作業軌道とし、杭を「搬送」「吊込み」「圧入」するという連続作業をシステム化したGRBシステムにより、仮設桟橋の設置や迂回道路の建設などの仮設工事を一掃し、本来の目的である壁体構築工事だけを合理的に行う工法です
宇宙	軌道	スマート1の計画主任科学者であるベルナール・フォアン博士は、「私たちの目的は、月の表面の性質や科学組成を、極軌道(月の南極と北極付近を通る軌道)から調べることにある
宇宙	軌道	米航空宇宙局(NASA)は米東部時間の10日午後(日本時間11日早朝)、火星の表面や地下、気象などの観測能力を大幅に向上させた無人探査機「マーズ・リコネサンス・オービター(MRO)」を火星の周回軌道に投入した
鉄道	軌道	山万(千葉県)や神戸新交通(兵庫県)のような新交通システムや東京急行電鉄世田谷線(東京都)、阪堺電気軌道(大阪府)、長崎電気軌道(長崎県)等の路面電車で採用されています
鉄道	軌道	また大正3(1914)年に山陽電気軌道(当初は長州鉄道)が出来て、昭和46(1971)年まで「東下関」という駅があったところから、「東駅」という通称地区が未だにあります
鉄道	軌道	携帯電話の壁紙については、既に2年以上前から素材配布を狙ってサンプルを友人や知り合いなどに配ったり、幾つかの試行錯誤をしてきたのですが、なかなか軌道に乗らず停滞気味だったので、今回は本腰を入れていこうかと
宇宙	軌道	確かに、まだ地球低軌道への独自の有人輸送手段すら持たない日本が、2025年から2030年頃までに月に到達しようとするのなら、コンステレーション計画に乗っかるのが手っ取り早いですし、(ある意味、非常に悪意のある見方をすれば)計画の遅延や、予算の増大の責任の所在を国際共同計画の美名の元にごまかすこともできるでしょう
宇宙	軌道	地元メディアによると、同博士は2月27日、200万キロ以上離れた宇宙空間に時速3万1000キロもの速度で地球に向かって来る未知の天体を発見し、軌道を計算したところ、太陽の周りを1年半かけて公転する小惑星だった
宇宙	軌道	火星表面のどこに探査機がいるか分かっている場合、軌道を周回するマーズグローバルサーベイヤーが姿勢をその地点にあわせて修正することにより、50cm程度の大きさのものまで識別できる手法を開発したという
鉄道	軌道	経営破たんした、もしくは経営破たんしかけている企業の経営者となり、社員の志気を維持・高揚させ、新たな成長戦略を立案し軌道に乗せる、いわば“再生請負人”です
鉄道	軌道	空間軌道が無い空間、場所を走行するのは、かなりのエネルギーロスが発生しますので、余程のことが無い限り、銀河鉄道の各列車が空間軌道から離れ走行することはありません
その他	軌道	6kmの軌道はすべて地下15mに位置し、その大半がすでに地中化されているが、本格稼動前の現在は加速器や中性子ビームライン予定地を含む建設現場での撮影・視察が可能である
宇宙	軌道	衛星携帯電話で利用する衛星は低軌道衛星といって、地球のまわりをぐるぐると回る衛星を利用するのですが、一般的によく通信で利用される衛星は静止衛星といって、見かけ上、常に日本の上空に位置しているものです
鉄道	軌道	その一つの方法として、成功事例と失敗事例の違いがどこにあるのかを見極め、どのような解決策が必要とされているのかを明らかにし、これを軌道に乗せていくための検討を行いました
宇宙	軌道	もっとも、月が出来た時の大衝突でも地球の軌道は殆ど変化しなかった(***)と思われるが、その時は地表は衝突のショックでドロドロに融けていただろうから、「すめなくなる」云々を問題にするなら、軌道の変型より、そちらの方が影響は大きいと思わねばなるまい
その他	軌道	仕事にしろ環境にしろ人間関係にしろ、とにかく軌道を外れたらそれを「失敗事例」としてリセットしたり切り離したりしてきたので、リカバリーが超へたくそなのだ
鉄道	軌道	このうち、軌道は既存の鉄道との乗り入れが 可能で、ネットワーク化が容易に図れるのに対し、都市モノレール及び新交通シス テムは、既存のネットワークから独立した別体系の交通機関の整備となる
鉄道	軌道	太平洋戦争前には沖縄本島に沖縄県営鉄道、沖縄電気(路面電車)、沖縄軌道、糸満馬車軌道が存在したが、沖縄電気の路面電車と糸満馬車軌道はバスの台頭により廃止され、残った沖縄県営鉄道と沖縄軌道も沖縄戦で破壊され消滅した
宇宙	軌道	先日NASAの無人宇宙探査機カッシーニが土星の周回軌道に入り、土星の最大の衛星タイタンに接近しましたが、もやに阻まれ全体像を把握できなかったということでした
宇宙	軌道	地球で「夏」といえば、地軸が太陽側に傾いている半球が夏で、反対側に傾いている半球が「冬」という事になると思いますが、かなりの楕円軌道を描いている火星では、「夏」というのは地軸の傾きとは関係なく、近日点が「夏」、遠日点が「冬」になるのでしょうか
鉄道	軌道	明治時代、開業にあたって官鉄線(旧国鉄東海道本線)との競合を危惧する鉄道作業局側の反対から私設鉄道法での認可が得られず、この問題を回避するため、鉄道作業局・内務省共同所轄の軌道法準拠による電気軌道として特許を申請した
宇宙	軌道	図を参照しながら見ていくと、軌道傾斜角iは、楕円軌道面と地球の赤道面とのなす角、昇交点赤経Ω(地球の経度を使用することもある)は、軌道楕円面が赤道面と交わるところの赤経、すなわち、軌道の経度方向の向き、最後に、近地点引数ωは、地球中心における楕円軌道の近地点と昇交点のなす角で、地球に対する楕円軌道軸の向きで、これで楕円軌道と地球の関係が決まり、任意の時間における地球に対する衛星の位置が求められる
鉄道	軌道	下準備として必要な知識や基盤となる要素などを理解しないことには、起業として軌道に乗せるまでに時間が掛かるばかりでなく、『成果目標』の達成もままなりません
鉄道	軌道	会場内では電車のほか、松本電鉄の創立90周年を記念したものと、旧・浅間軌道線の車両を模したもの、2種類のラッピングバスが展示され、3000系車内では長野県内私鉄4社(松本・長電・上田・しなの)の物販コーナーや、オリジナル掛紙付きの「峠の釜めし」が販売されました
宇宙	軌道	っていうサプライズがあったから効果的だったろうけど、基本的には自由落下で軌道をかえられるわけじゃないんだし、着地は当然ながら、空中でも落下速度計算して軌道上に弾バラまいとけば当たるんじゃないかって気がする
その他	軌道	本発明のスラスト軸受の軌道盤の製造方法は、軌道盤を焼入硬化する焼入工程を備えたスラスト軸受の軌道盤の製造方法であって、焼入工程は軌道盤をAc1点より低い温度からAc1点以上の温度に加熱する加熱工程と、加熱工程によりAc1点以上の温度に加熱された軌道盤をMs点以下の温度に冷却する冷却工程とを有している
宇宙	軌道	多くの彗星が近日点から離れたところで分裂するのが観測されており、クロイツ群の場合は、近日点の近くでの最初の分裂によって、軌道の残りを周る間に次々と分裂が連続していくと思われる
鉄道	軌道	でも、とてもとても暖かい保育園の先生方が全員体制で子供を見守って下さり、3日目にはお気に入りの先生も見つかって、なんとか無事、保育園生活も軌道に乗ったのでした
宇宙	軌道	「JAXA勝浦宇宙通信所」とは気象衛星の軌道修正や姿勢制御を行う施設であるが、毎日の業務について説明を受けて、天気予報などへの見方も変わったのではないでしょうか
その他	軌道	東京会場は吉野裕行さんが名シーンを選ぶ番で、「軌道エレベーターが崩落するシーンは迫力があって、17話は普通にカッコよかった」と、熱い思いをぶつけてくれました
鉄道	軌道	あと北朝鮮じゃ「打ち上げ成功」って言ってるらしいが、軌道に乗ってないで「成功」って言ってるんだから、初めから軌道に乗せないで落とす目的だったって分かるだろ
鉄道	軌道	沿線市町村が軌道中心から25mの7地点で調査したところ、その結果は49〜56デシベルの範囲であり、指針値70デシベルを超える地点はみられなかった
宇宙	軌道	常北町の町長が替わり、三村新町長となったが、立候補の公約によると、計画中の墓地公園の計画を中止するとのことのようですが、常北町の墓地計画を視野にいれて木葉下の公園墓地の建設を中止したという水戸市の事情をみるとき、軌道修正を含めた対応策が求められるところであるが、
その他	軌道	安定複合体を形成した化合物に最高被占軌道(HOMO)や最低空軌道(LUMO)などの分子軌道、電荷密度、あるいは静電ポテンシャルなどの電子状態を同時に様々な形式で表示し、研究者のインスピレーションを最高に掻き立てることができる
宇宙	軌道	だが、ミクロサテライトと大きく違っている点はこの基地は移動可能で、有事の際には衛星軌道上から離脱し宇宙戦艦4、高速宇宙艦、護衛艦16、宇宙戦闘機他216機を要するコマンドスター宇宙艦隊の旗艦として作戦行動を行うのである
宇宙	軌道	星の公転軌道を調節していたウルトラキーがなくなったために、ウルトラの星は軌道を外れてしまい、その影響による大地震などの天変地異が、ウルトラの星を襲う
その他	軌道	理系にはとことん弱いので、高層ビルのエレベーターに乗ると耳がツーンとなるけど、軌道エレベーターもそうかなあとか、昇降時に一瞬身体が軽く感じたり重く感じたりするけど、軌道エレベーターだともっと感じるのかなあとか、しょうもないことを考えてしまう
鉄道	軌道	さらに、両社の持つ製品ラインアップを相互補完し、地下鉄などを含めた在来型の通勤車両、全自動無人運転車両システム・軽量軌道交通などの新交通システム、モノレールなど、都市交通にかかわるさまざまな鉄道システムのニーズにこたえていくとしている
宇宙	軌道	しかし、アッシャ博士の理論では、母彗星から出た過去のダストテイルに起因するダストと地球の軌道が交差する時間が、ちょうど東南アジアの未明となり、日本から好条件で見ることができます
鉄道	軌道	福井鉄道は武生新~福井新の鉄道線と福井新~田原町・福井駅前の軌道線を直通運転しているが、鉄道線の大型車両がそのまま軌道線の路面区間に乗り入れてくるのが特徴だった
宇宙	軌道	これは、衝突年の7年前に地球からわずか3万キロの地点まで接近しますが、そのときに受ける地球からの重力の影響で軌道がどう変わるかが衝突の可能性を判断する決め手になり、現時点では、はっきり断定はできません
鉄道	軌道	今回の不況を招いた根本的要因は、長い不況からの国民の実質所得の減少に加え、昨年四月から実施された消費税引上げや特別減税の打ち切りあるいは医療費負担の引上げなどが、回復軌道にあった景気に冷水を浴びせ、個人消費を大きく減退させたことによるものである
宇宙	軌道	大まかに言うと、もし彗星の核が大きく活発で、太陽の近くを通る軌道で、最も明るいときに地球から見てSEOにより不鮮明になっていなければ、大彗星になる可能性が高い
その他	軌道	1)アクチノイドは、5f軌道の電子が詰まり(占有され)始める元素のシリーズで、アクチニウムでは、5f電子はゼロ個が詰まり、6d軌道に1個の電子、7s軌道に2個の電子が詰まる(占有される)
鉄道	軌道	高木さんは「経営を軌道に乗せることに努めたい」と気を引き締めながらも「乳牛のみの飼育で13頭の搾乳から始めますが、将来的には子牛や育成牛も飼育したい」と夢を広げている
その他	軌道	その途上で、ソーラー・セイルに貼付けられた薄膜太陽電池で太陽光発電ができること、ソーラー・セイルによる加速・軌道制御ができることを実証し、ソーラー・セイル+イオンエンジンによる将来の探査に繋げる
鉄道	軌道	費用の負担問題や安全性に対する懸念により計画が行き詰まっているIPI(インド、パキスタン、イラン)ガスパイプライン計画(74億ドルをかけペルシャ湾の天然ガスをパキスタンとインドへ供給する計画)を再び軌道に乗せるべく交渉
宇宙	軌道	これから秋の党大会に向けて、現行の改革路線を基本的に堅持しようとする趙紫陽総書記代行を中心とした勢力と、これをもう少し左に軌道修正しようとする保守派、長老派との確執が続くものとみられる
鉄道	軌道	こうした中で、只今採択された「決議」にもございましたように私どもが取り組むべき喫緊の課題は、依然として低迷を続けるわが国の景気を速やかに回復軌道に乗せ、国民の間に充満している閉塞感を一日も早く打破するとともに、明るく確かな21世紀を切り拓くための基盤を構築することであります
その他	軌道	と、言いますか、軌道エレベータ、ロケット発射基地とに限らず、もしも宇宙空間に出ようと考えるのならば、通常少しでも宇宙空間への距離の少ない・重力の小さい、赤道近傍に建設されるものなので、これは自明でしょうか
宇宙	軌道	戦後の高度成長期以降、日本が進んできた大量生産・大量消費の社会システムとそのもとでの生活スタイルは、いまや地球環境問題、資源の枯渇、各種汚染による健康への被害など、さまざまな局面で大幅な軌道修正を余儀なくされています
鉄道	軌道	warota こんなこと言うんだなwちなみにチームが軌道に乗るまで無料監督はデフォだが、オレは施設が悪くても監督からそういうクレーム受けたことないな
鉄道	軌道	鉄道の面影を残すバスたち=士別軌道・夕張鉄道・九十九里鐵道・東濃鉄道・井笠鉄道・船木鉄道・他/全国鉄バス事業者オールガイド/特定地方交通線転換バスの系譜/16年だけの鉄道事業者下北交通/都電・市電通り跡を走るバスたち/他
宇宙	軌道	これまでブッシュ大統領は「イラクで勝利しつつある」と繰り返し強調してきましたが、20日の記者会見では、「イラクでの勝利は達成可能なことだが、思った以上に時間がかかっている」と、イラク情勢の悪化を認め、従来の発言を軌道修正しました
鉄道	軌道	一般的には、車両の大型化、高速化が目的である為、殆どは軌間を拡大する工事だが、軌間を拡大するだけではんく、道床の肉厚を増して堅固なものにするとか、スラブ軌道の採用、重量増に耐えられるような橋梁等の改築、トンネル断面の拡大等も要る
宇宙	軌道	これは月と地球の公転軌道の関係で新月から満月までの日数が14日間(新月から14日後の十五夜は満月になります)から16日間(新月から16日後が満月なので2日ずれます)と日数に差があるため、十五夜が満月にあたる年のほうが稀なのです
宇宙	軌道	韓米日3カ国はロケット発射とともに東海(トンへ、日本名・日本海)に配備されたイージス艦とXバンドレーダーで軌道の追跡を始め、ロケットがミサイルか衛星発射用かどうかの確認に入った
宇宙	軌道	たとえば、軌道上の恒星間宇宙船から地上に降りた船員を迎えるのは、宿場町に腰を落ち着けた黄門さまご一行に出会う人々と、結局は同じような人数である
宇宙	軌道	モン・カルたちは軌道上で宇宙船を建造しているが、クオレンは同胞たちのために深海からこつこつと金属資源の採取を行っており、同様にモン・カルの巨大な浮遊都市の建設も手伝っている
鉄道	軌道	また、軌道もその意味では御指摘のような問題があるわけでありますけれども、軌道は広い意味の鉄道ではございますけれども、原則として道路に敷設され、道路交通を補完するものでもありますし、通常の鉄道というものとは異質のものでありまして、この区分が一般的にも定着をしておるということから、軌道につきましても従前どおり軌道法の体系で規律をする、そういう形をとらせていただいた次第であります
その他	軌道	主星の重力中心から近点までの距離を近点距離(近日点距離、近地点距離)、遠点までの距離を遠点距離(遠日点距離、遠地点距離)といい、それぞれ軌道要素の1つである
宇宙	軌道	外部強制力には人為的・非人為的要因があり、これには太陽の周囲を移動する地球軌道の変化(ミランコビッチ周期)や太陽の活動、火山による排出物、温室効果ガスが含まれます
宇宙	軌道	地球周回軌道宙域ではHLV降下を早急に実現させるため、キャメル・パトロール隊及びザクセン隊が、同宙域にて対峙するペガサス級に強襲を掛ける必要に迫られていた
その他	軌道	またシリコンなどスピン軌道相互作用が小さい元素においてはスピン軌道スプリットオフバンドもエネルギー的に近く、独立に議論するのがその分難しくなる
鉄道	軌道	また井上氏は、比較的小さな企業の営業が軌道に乗ったころにまとめられた社史が非常に興味深いとして、その理由に、概して経営者に傑物が多くそのモットーが社史に詳しく書かれていることを挙げた
宇宙	軌道	H2A7号機のライブ中継を見ていたのだが、衛星分離まで成功し、これからはMTSATの静止軌道投入作業に移るが、たぶんもう大丈夫だろう、前回の連続失敗からみて、とりあえず失墜した名誉回復といったところかもしれない
その他	軌道	さて、デモの内容は、敵の攻撃を受けて大混乱の中、軌道降下を行なった主人公は、たった1人で、降下機から脱出し、コブナントひしめくニューモンバサの地で単独で行動を開始するというシーンからスタートする
宇宙	軌道	衛星は軌道上地上局との24時間連続交信を確保するために同家と以外米国、ハワイ サウス ポイント、イタリア プチノ、チリ、サンティアゴ、地上局とも順に交信を試みるのにこれら地上局の遠隔運用はフランス トゥルルズアストゥリウム(Astrium)地上局で遂行する
宇宙	軌道	また月の公転軌道は、ほぼ真円に近い楕円(略円)ですが、 地球及び太陽との位置関係によって微妙にその形(離心率)を変えているのだそうです(例えば地球より太陽に近い側に居るとより一層太陽の引力の影響を受ける)
宇宙	軌道	散々 遊んでやっと午前睡に入った娘っこぐーすか ゼロゼロ先週のバタバタから生活のリズムが乱れがちボチボチ 軌道修正しないとなぁ・・・ふむー寝てるとこ悪いんですけど昼前に小児科受診に行きますよ〜↓ 喘鳴、未だ治らずクリックにほんブログ村にほんブログ村 [続きを読む]
宇宙	軌道	リアルタイム軌道計算システム(試験公開中) は、Google Earth上に衛星軌道をプロットし、更に衛星の位置へ表示視点を移動させ、あたかも衛星に乗っている気分を味わえるシステムです
宇宙	軌道	もうよく覚えてもいないのだが、たしか映画のラストはソルベイグ・ドマルタン演じるヒロインが、海洋汚染監視官として、地球周回軌道から眺める地球だったような気がする
鉄道	軌道	東武鉄道日光軌道線と、この線の終点馬返から明智平へのケーブルカーが残っていれば、中禅寺湖方面への交通はもっと便利なはずで、早まった廃止が惜しまれます
鉄道	軌道	福島県の白河市から棚倉町にかけての区間では、JRバス白棚線専用道(かつてこの区間に運行されていた鉄道線の軌道敷を利用したもの)を転用の上拡幅整備した箇所が存在する
鉄道	軌道	まずは、立ち上げたばかりの「メディア」を軌道に載せることに注力するつもりだが、同時に、10年先の自分を想像して、それに向かっての計画を練りたいと思う
宇宙	軌道	月の軌道が(太陽に対して)近地点移動しないとすれば冬の満月は大きく、夏の満月は小さい、と言うことになりそうなもんだし、近日点が冬にあるから、夏の皆既日蝕は長めで、冬の皆既日蝕は短いか金環蝕になると言うことになりそうなもんだけど、どうなんでしょ
鉄道	軌道	こういった五年間の考え方でございますけれども、これまでの新規就農された方の就農後の状況を見ておりますと、最初の一、二年というのはなかなか収入も経営も軌道に乗らないというような実態がございますが、三年ぐらいたちますとかなりの水準に来る、五年もしますと周りの方々にも遜色のないような経営も実現できるということでございます
鉄道	軌道	大正10年(1921年)6月6日社団法人に認可され、かくて本会事業も漸く軌道に乗るに従い、その活動の源泉ともなるべき会館及び寮の必要性が痛感され、旭会長を初め会員一同前後五年にわたる努力と大方の支援とにより、大正15年(1926年)3月福岡市今泉町(現渡辺通四丁目)に会館及び学生寮が建設され、ついで卒業生の独身寮も附設され、会の一切の事業はここで行われ、ここが会員の中心道場となった
鉄道	軌道	都の整備内容は、「モノレールの支柱や軌道桁など、モノレールの走行する軌道構造物や駅の外装等(いわゆる『インフラストラクチャー』)を建設」することが主要な項目で、更に軌道整備と並行して軌道直下の道路の新設・拡張整備、新規橋梁などの架設などを行ってきました
鉄道	軌道	起業して独立しても、それがうまく軌道に乗って「成功」するか、あるいは、途中で資金が無くなったり、顧客が離れていって「失敗」に終わるかなど、公務員時代とは比較にならないほどのリスクにさらされることになります
宇宙	軌道	しかも、いかに追加のブースター(推進器)を装備しているとはいえ、本来、地球周回用に造られたシャトルが月の向こう側まで行くためには、途中で燃料の補給が必要なため、なんと、長年、周回軌道にいるロシアの軌道ステーション(ミール
宇宙	軌道	継続審議になっている共謀罪法案を巡っては、安倍晋三首相が1月19日、通常国会での成立を長勢甚遠法相らに指示したが、与党内に慎重論が広がり、「議論のある法案でもあり、党とよく相談するように法相に指示した」と軌道修正している
宇宙	軌道	静止っていっても地球の自転方向に ちょうど24時間で1週するような軌道に打ち上げられて 地上からは静止しているように見えるけれどグルグル回っているし
鉄道	軌道	ビル街の高架線に始まり、併用軌道や住宅密集地、海岸線沿いや山裾のトンネルなど、ありとあらゆる鉄道情景がわずか10kmという路線の中にぎっしりと凝縮された「江ノ電」こと江ノ島電鉄
鉄道	軌道	浅間橋をすぎると軌道跡の道は右へカーブして終点へと向かっている、この辺り中浅間の付近は近年までバスの専用道で中浅間の駅舎が残っていた様だが、今はすっかり整備されて緩やかなカーブに軌道跡を思い描くばかりだ
鉄道	軌道	沿線で検索 ▼沿線を選択JR山陽本線JR津山線JR吉備線JR宇野線JR瀬戸大橋線岡山電気軌道東山本線岡山電気軌道清輝橋線 駅で検索 ▼駅を選択
宇宙	軌道	北京大学の焦維新教授は、嫦娥1号の「最後の任務」を最大限に活用するため、日本と協力して月周回軌道にある「かぐや」を利用することになるだろうと述べた
宇宙	軌道	結果を見ながら、軌道修正して次の手を考える必要がある、というところで、ちょっと踊り場に来ているのですが、ここは本来の目標を見失わずに、しぶとく取り組んでいきたいところです
宇宙	軌道	ロシアの宇宙船ソユーズで、地球の低軌道でアッパーステージ・ブースター(月へ行く際に使うロケット)に直接ドッキングを行う方法と、国際宇宙ステーション(ISS)に数日滞在した後に月ロケットへのアッパーステージ・ドッキングを行う方法が検討中らしい
鉄道	軌道	鉄道についてはドイツとソ連における軌道の幅の違いや、ドイツ機関車の給水パイプがボイラーの外にあったためソ連では凍結してしまったことなどが挙げられている
宇宙	軌道	【7月21日 AFP】 オーストラリアの航空宇宙企業「エレクトリック・オプティック・システムズ」は20日、宇宙船や衛星と衝突する危険がある地球軌道上のスペースデブリ(宇宙ゴミ)を捕捉するレーザー追跡装置を開発したと発表した
鉄道	軌道	スクールも軌道に乗ってきた頃、1店舗だけホームページからの入会者数が急激に増加している事に気づき、生徒さんに「どこでホームページを知りましたか
宇宙	軌道	[概要]北朝鮮が「人工衛星」と主張する長距離弾道ミサイル「テポドン2」改良型の発射準備が最終段階に入った問題で、日米軍事筋の情報として、「人工衛星」が軌道から外れた際に軌道を修正するための受信・制御施設が、北朝鮮の地上に確認されていないことが2日にわかった
宇宙	軌道	これらの衛星より低い約350kmの軌道には国際宇宙ステーション(ISS)があるが、NASA(米航空宇宙局)の発表によれば現時点では衛星の破片による障害の恐れはほとんどないという
その他	軌道	DMVで加・平和台・鰭ヶ崎を別々に回って、軌道に乗り入れて幸谷へ向かうなんて妄想もしてしまいますが、今後の中心地がおおたかの森になることを考えると駄目かな・・・
宇宙	軌道	唐歌実北京宇宙飛行制御センター軌道室主任の紹介によると、現在までに測定して得た衛星軌道のデータは、嫦娥1号衛星の月周回軌道の軌道進入精度は千分の一を上回り、世界の先進水準に達している
宇宙	軌道	Summary : 今後、JAXAは「はやぶさ」に対し精密な軌道修正を行い、再突入の9日前、高度200kmを通過する軌道に入り、地球から約300万km離れた所でイオンエンジン1基を20時間噴射させ、着陸地点をオーストラリア内陸へ移動させる
その他	軌道	今度の衆院議員選の唱える政策は未だこの點に触れなく、これからの政策の制定、或いは体制の修正が目の当たりに世界規模的な政経面の構成脈絡、との軌道を合致しようとしてできるかもしれない、どれほと全地球化すれば 日本の政治、経済、國民の生活が旨く出来るのかなど、これらは日本に対する新しい課題である以上、何處でも逃げる道はあるまい
鉄道	軌道	苦労して水牛を輸入し、試行錯誤して日本で「本当の水牛モッツァレラ」を作り、時間との競争で毎朝発送を繰り返し、ようやく人気が出てきて生産が軌道に乗ってきた矢先のことらしい
宇宙	軌道	ふたご座流星群の母天体は長らく謎であったが、1983年に、アメリカ航空宇宙局 NASAが打ち上げた赤外線天文衛星IRASによって、ふたご座流星群に酷似した軌道を持つ小惑星・(3200)ファエトン (小惑星) ファエトンが発見され、現在ではこれが母天体とされている
宇宙	軌道	軌道は、離心率が惑星中最大で、太陽からの距離は44億4千万キロメートルから73億9千万キロメートルまでに変化し、海王星の軌道の内側に入ることもある
その他	軌道	jpg} 棒の長さ・重さで、体の回転でナチュラルな軌道で振れるようになります{OK} こちらの3名、この練習をしてから打席に戻ってから素晴らしいショットを打っていました{笑顔} しかし・・・ 継続しなければ意味がありません
鉄道	軌道	プト朽取替をも含め、JR西日本の最新の気動車技術と検測装置を組み合わせた軌道・信号通信関係の総合検測車としてキヤ141系を製作することとしました
鉄道	軌道	路面電車が残る街のひとつであるここ長崎においては全国の廃線なった電鉄各社から車両譲渡を受け、然ながら路面電車の見本市であるばかりか軌道敷も払い受けするなどコスト削減を図り、乗り換えてもオール100円という非常な低運賃を貫くとともに原則廃線なしで営業が継続されている
宇宙	軌道	イカロミの地軸の傾きと、それに伴うナユリン自身の軌道平面の傾きのため、ナユリンがイカロミの内半球の中央部から見て南中する位置かその近くにいる場合のみ日食を起こす
宇宙	軌道	山脈のすそ野に建造されたベリアル・セクター3には、各地のレーダー基地および衛星軌道上の人工衛星から収集された情報が統合され、惑星防衛軍の対空砲撃施設へと的確な攻撃情報を伝えている
鉄道	軌道	そもそも京阪以下在阪軌道の乗入れを認めたのは大阪市の意志ではなく、大阪市営軌道への内務省の特許命令書に他社の乗り入れ申し出を拒めないと言う一札があったから
その他	軌道	」というw せっかく、デュラガウアの軌道をズラして砥石を使っているのに、デュラガウアとラスタでわたしを挟むような位置に現れるから、わたしに向かって、すっごい形相のデュラガウアが突進してくる——みたいなw
宇宙	軌道	両者が衝突することは今後もあり得ません(冥王星軌道を狂わす出来事がなければ)が、もし両者が衝突すれば大爆発のような現象が見られると思いますが、それが収まれば海王星はほとんど何事もなかったように公転し続けるでしょう
宇宙	軌道	この理由を説明すると、「量子物理学」によれば運動している「粒子」は同時に「波動」をも伴っているのでその軌道を公転する「粒子」が存在できるための条件としてその「粒子」を「波動」とみなしたとき、その「粒子」が公転する軌道上に定常波ができなければならない
宇宙	軌道	これには、核から放出された塵が独自の軌道で公転するようになり、徐々に核本体から遅れていくため、また、太陽の自転により高速バス・夜行バスが渦巻いていたり、太陽の光の圧力(光圧)の影響なども受けるためなどの理由がある
宇宙	軌道	科学者らはまたNASAの土星軌道衛星カッシーニ号が10年前に月に近接飛行した当時の記録を再調査し、月表面に水や水酸基があるということを確信することができるという結論を下した
鉄道	軌道	私は、今そのNPOで森林整備をやっていますけれども、自分たちのグループだけの視野でこの問題を考えてはいけない、ここ何年間かの間にもっともっとたくさんの2けた、3けたぐらいのそういうグループができてきて、それから活動の内容としてもいろいろな多岐にわたる考えられないような形態の活動が出てきて、初めてこういったものが軌道に乗っていくと思うわけです
宇宙	軌道	発注支援システムや差別化戦略などの効果から業績が順調な回復軌道をたどっており、今期は売上高営業利益率が会社側の中期 目標としている5%にあと一歩まで迫る見通しである
宇宙	軌道	それによると、ロケットは3段式で、同日午前11時20分に咸鏡北道花台郡にある 東海(日本海)衛星発射場から発射され、同11時29分2秒に軌道進入に成功した
宇宙	軌道	また、軌道上のコロニーの場合、地球から資材を打ち上げると費用が高くつくため、大部分の資材は重力が小さく大気も無い、月や地球近傍小惑星(NEO)、彗星のものを利用すべきである
鉄道	軌道	九州水力電気は九州電気軌道を買収して自社の水力発電事業と九州電気軌道の火力発電事業を一元化することをもくろみ、当時の九州電気軌道社長で同社最大の株主でもあった松本枩蔵との話し合いを進め、1930年(昭和5年)には松本が保有していた九州電気軌道株35万株を額面の2倍で取得し、さらにそれとは別に松本に200万円を贈ることで社長を退任させた
宇宙	軌道	太陽から冥王星までの軌道の100倍も遠い所にある「カイパーベルト」というところを周回している小惑星群が、流れ星(隕石)の故郷だといわれています
宇宙	軌道	結局、そのチャンスは第2戦にまで持ち越されるのだが、それでも初戦の敗戦を受けての大胆な軌道修正は、結果として残り2試合の意義を劇的に高めることとなった
宇宙	軌道	この軌道のずれは天王星の外側にある未知の惑星による摂動であると考えたイギリスのアダムスとフランスのルヴェリエはその位置を別々に推定し、それを受けたベルリン天文台のガレが、1846年に予報位置近くで8等級の海王星(Neptune)を発見した
その他	軌道	したがって、堕落性は真の御父母様を通じてのみ脱ぐことができ、人間は真の御父母様を通じて、神的な価値基準の本来の軌道に立って子供として登場することができるのです
宇宙	軌道	ジャンプコミックスセレクションのキン肉マン特盛「空想キン肉研究室」によれば 地球から物体を投げて冥王星軌道に到達させるにはマッハ127のスピードが必要
鉄道	軌道	こういう試みを支援するのが会社組合(社会的協同組合)制度で、有志の人間に自治体や地元企業などが資金援助をし、税金なども事業が軌道に乗るまで免除してくれるそうだ
その他	軌道	もちろん静止軌道のほうが適当であるとか超低軌道ではコストが膨大になるなどの要素もありますが、あえて今回は空中に浮かぶ都市を見たいが為に需要についても知りたかったんです
宇宙	軌道	電磁場と重力場と共振して、その年間軌道において28日のリズムを脈動させる、完全に実現した生物圏のゴールは、精神圏、すなわち「宇宙放射線を新しいスペクトル的、光子的(photonic)な放出物に変換する、触媒的でテレパシー的な心の場」として機能することである
宇宙	軌道	私は、すでに軌道修正が必要な人と、これから軌道修正が必要になってくる人々に何かできることは無いかと考え、このようなところに駄文を書いていこうと思ったわけでございます
宇宙	軌道	地球は冬は太陽に近づき夏になると太陽から離れる 公転軌道は円ではない 最近の地球の自転は遅れる一方で大気の摩擦と自転軸のスリコギ運動が原因と思われる わかっていない事が多いので太陽に合わせてやっていくしかない
鉄道	軌道	そして普段なら日本橋から難波辺りまで歩くところだが、とにかくひたすら寒いので断念、合流待ち合わせには随分時間があったので、路面電車に乗ることにして阪堺電気軌道の恵比須町駅へ
鉄道	軌道	この渓谷の開発は、昭和九年頃、朝日連峰に群生するブナ材の搬出や造林事業のため、トロッコを走らせる軌道が設置されたのが始まりで、昭和29年、時の山形県知事安孫子藤吉氏がここに遊び、自然が織りなす見事な景観と神秘の境地に感動し、漢詩の一節から引用して「神通峡」と命名したとのことです
鉄道	軌道	・併用軌道との組み合わせによる都市内輸送との親和を図ったシステムが注目され、近年は 併用軌道を用いた都市交通システムとしての認識が強くなっている
鉄道	軌道	日航では今後、1万5700人の人員削減や不採算路線からの撤退、子会社の統廃合などのリストラを進める計画だが、こうした“縮小均衡”だけで業績を回復軌道に乗せることができるのか疑問視する声は多い
鉄道	軌道	他方で、交流の道筋を開いておくことで、国家関係の行き詰まりを打開し、対立が避けられる可能性を持つ「第2軌道外交(市民外交)」だと主張する者もいる
宇宙	軌道	子どもたちの周囲に配置する情報の取捨選択、困ったときの対処、計画通りにいかないときの軌道修正のアドバイス、学びの展開と応用への支援、学びを実行するために必要な知識や技術の指導、興味を継続するテキストの開発を行い、自分の生き方に責任をもつことのできる子どもの育成を目指します
鉄道	軌道	で、何故ぎゃろっぷが関わったのかはちょっとわかんないけど、常識的に考えれば設立したてのコメットを助けるために協力して、番組後半はコメットの経営が軌道に乗ったので離れたのかな
鉄道	軌道	乗用カート道路軌道内は全幅をもってプレー禁止区域とし、ホールに近づかない球の止まっている箇所に最も近い地点(ニアレストポイント)をコース上に決定し、その地点から1クラブレングス以内で拾い上げた球をドロップし再プレーすること
宇宙	軌道	宇宙航空研究開発機構は二十一日、月周回衛星「かぐや」を月観測軌道に投入することに成功したと発表、高度約九十―百二十キロから撮影したクレーターなどの画像も公表した
鉄道	軌道	このうち阪神については、市内に存在する併用軌道を高架化で解消しようと考えていたものの、市の要望に応じて地下線への計画変更を承諾した(1933年に実施)が、東海道本線については鉄道省が費用が倍になることを理由に難色を示し、結局1931年(昭和6年)に高架化が実施された
宇宙	軌道	それでも「人工衛星打ち上げ」という主張が多少の説得力を持つのは、打ち上げ方向が真東、すなわち地球の自転を利用した打ち上げ軌道と見られなくもないということであった、ということは神浦氏の説明でもその他のネットの説明でもなるほどと思った
宇宙	軌道	NORADはアメリカのコロラド州のシャイアン山という岩山をくりぬいた地下司令部(核爆弾の直撃にも耐えられるとか)から24時間365日宇宙と地球上の核ミサイルや戦略爆撃機などの動向を監視することが仕事ですが、この時期は24時間体制でサンタを衛星軌道上から追跡しています
その他	軌道	何か暗記していることを彼は繰り返している、 あるいは自身の話すいくつかの言葉の磁力により彼の心が同一軌道をゆっくりぐるぐると回っている、 そんな印象を彼は僕に与えた
鉄道	軌道	ヘッジファンド業界が成長軌道に乗るとともに運用手法の主流がグローバル・マクロ型から離れていったことが、最近のヘッジファンド業界の後退に拍車を掛けている
鉄道	軌道	経営破たんした同社を01年9月に買収した米投資会社の経営再建策が軌道に乗り始めたことに加え、今年1月に就任した東国原英夫知事によるPRで観光客が増えるなどした「宮崎ブーム」も追い風になったとみられる
その他	軌道	窒素分子では2p電子が合計6個あり、1つの分子軌道には(互いに逆向きのスピンを持った)電子が2個入れますので、結果としてこれらの電子は全部結合軌道に入り、結合軌道は全て電子が詰まった状態になり、安定になります
宇宙	軌道	このことを考えると、「予定軌道よりロケットがおちてきた場合」に「いさぎよく空中爆破」するとは思えないし、また、そのような「要請」を出した所で、それを北朝鮮が受け入れるとは考えにくい
宇宙	軌道	彗星には周期軌道のものとそうでないものとがあり、前者は過去の出現時 の観測から軌道計算で予報されるが、新しい周期彗星を発見することもあり、後者の数のほうが多いので、彗星捜索は結局、全天を眼視で毎夜―とくに明け方の東空と日没後の西空―全天を掃天する方法をとらざるをえない
宇宙	軌道	そして月軌道に到着した派遣部隊は、月世界を襲ったマリー・セレスト現象に当惑しながらも、ガニメデ駐留部隊の要請を入れて避難民を収容し、比較的安全と考えられた第一都市『ドーム』に陣を張った
鉄道	軌道	2 鉄道、軌道、発電、送電、配電若しくは電気通信の用に供する固定資産又は2以上の市町村にわたつて所在する固定資産で、その全体を1の固定資産として評価しなければ適正な評価ができないと認められるもののうち総務大臣が指定するもの
鉄道	軌道	併用軌道は浜大津周辺の僅かな区間のみで、路面から乗降する停留所も無いが、かつての山陽電鉄や近鉄奈良線のような鉄道線用の中型電車が併用軌道を走る貴重な光景が今も見られる貴重な路線である
宇宙	軌道	一方、エナンのモーグルはリバーススイングではありますがボールバウンドの位置やボールを打った後の軌道を見ると攻撃的に打ち込んだものとは考えにくいと思うのです
宇宙	軌道	軌道を回る人工衛星は、アンテナを地球に向けたり、観測機器を観測対象に向けたり、太陽に太陽電池パドルを向けるなどの目的に合わせて、スピン安定、3軸制御などの姿勢制御を行なっています
鉄道	軌道	そのかわり、軌道面は整備され乗り心地が良くなり(さっきの揺れは車両ではなく軌道の関係の様です)、電停もスロープ付きで屋根付きの綺麗な電停になっています
鉄道	軌道	個人事業主として扱われているメッセンジャーが中心となって結成されたソクハイユニオンは、その後活動が徐々に軌道に乗り、団体交渉を通じて、従来配送人が負担してきた費用(運送に伴う印紙税代)を会社負担とすることや、業務上事故に遭った配送人の一部につき、低額ではあるが会社から独自の補償を受けられることを合意したという
宇宙	軌道	ナスカに酷似した地上絵が出現 ■小惑星帯、宇宙言語学者ミリセント・ウィレムの下へ送られる地上絵の画像、解読作業のため長距離貨客船“TOKYO 3”で木星軌道上のミネルヴァ基地へ向かう、そこは本田英二を計画調査主任として
鉄道	軌道	一方で、国民が関心を寄せる経済問題では、全体としては輸出主導の成長軌道に乗ってはいるが、所得格差の拡大、不動産価格の高騰、若年層の就職難、さらに非正規雇用の増大などが重なり、選挙前から野党への政権交代を期待する声が強かった
宇宙	軌道	【当方は、鉄軌道のシームレス化の信奉者ですので、乗換抵抗があるのを、全く評価しません)」+「出町柳での京阪電気鉄道本線と叡山電鉄本線の相互直通乗入」についての情報をご教示下さいませ
宇宙	軌道	しかし、地球の軌道が圓ではなく楕圓であるため太陽の黄道上での運行速度は一定ではなく、この方法では春分・夏至・秋分・冬至が天文學上の實際とが少しずれてしまいます
宇宙	軌道	しかし、エンロン破綻(2001年12月)、ワールドコムの巨額粉飾決算事件・破綻(2002年7月)にみるように、1株価を武器にした買収による急速な企業成長、2経営者の自社株への巨大な利害、3株価維持のための会計操作(粉飾して過大な利益計上をしたワールドコム、債務を疑わしい取引を繰り返して簿外としたエンロン)と、同じ軌道を辿るのではないのか
鉄道	軌道	昭和18年、福島県いわき市周辺の炭鉱の軌道(トロッコレール)及び機材締結のため「磐城地区炭鉱機器製作協同組合ボールト工場」として操業、石炭産業の終焉とともにボルト、犬釘の製造会社として独立
宇宙	軌道	1781年の天王星の発見以降、その軌道がニュートンの天文力学に合わないのは、その外側にさらに惑星があるためだと考えられ、複数の科学者が天王星の軌道の乱れ等を元に未知の惑星の大きさや軌道、位置を計算
宇宙	軌道	ただし、一人で考えだすと軌道が外れても修正する位置関係が難しいことから、ロースクールでのコミュニケーションが、やはりある意味重要でもあると思われます
鉄道	軌道	歴史 富山地方鉄道の軌道線は、1913年に富山市で連合共進会(産業博覧会)が開催されることになり、その交通機関として富山電気軌道が富山駅前~共進会場前、富山駅前~西町の計5
宇宙	軌道	土星周回軌道に到着後、探査機カッシーニが土星の衛星に大気を発見したのはこれが初めてのことで、タイタン以外に大気をもつ衛星が発見されたのも初めてのことだ
宇宙	軌道	奇しくもジム・ラベル達のアポロ13号は、月の周回軌道に入らないですぐに地球に戻ってくる自由帰還軌道で月の裏側を回ったので、他のアポロ11号、12号、14号、15号、16号、17号よりも100kmほど地球から遠い軌道で帰ってきた
宇宙	軌道	最近の新聞に出ていたように、日本IBMは、今までこの課題に対する答えをノーとして、日本化をして来たが、やっと今それが問題であることに気付いて、新社長は急速な軌道修正をしているとのことである
宇宙	軌道	景気がいつ、どのような回復の軌道を描くのかを予測することは容易なことではないが、小売業者は創造的・効果的な差別化につながる“オプション”ソリューションに投資することによって、いかなる状況にも備えることができるだろう
その他	軌道	従って、その装置は、戦車などに使う無限軌道のように作られていて、奈落から天井を振り仰ぐと、二重に作られている調帯の中央に、一つ大きな、函様のものが見える
鉄道	軌道	日本の新幹線(フル規格)では人が軌道敷地内へ入り込むのを防止して全線柵を巡らしているのでこういったことでのここまでの事故は発生しないとは思いますが、ドイツでは軌道敷地内へ入り込むのを防止する対策等はやってなかったってこと
宇宙	軌道	カウボーイのロープのように楕円の軌道を描いて回す「ループ」軌道の伸びきったとこまでま糸の張力のバランスが取れていますが、軌道の先端では糸の張力のバランスが崩れます
その他	軌道	【0009】また、前記走行手段としては、リコイラ巻取軸に並行にリコイラ手前に敷設された水平軌道と、間紙射出装置を俯仰自在に支持するフレームを介して支持し該水平軌道に沿って往復する台車とを備える
宇宙	軌道	この姿勢で軌道制御用エンジンを作動させることにより、オービタ(本体)は減速され、地球周回軌道から大気圏突入のための楕円軌道に突入するのであります
その他	軌道	軌道エレベーターでの新エネルギー採取による、資源戦争後の世界復興を目論む人類が、エレベーター完成直前で新エネルギーを発見し、遂にはそれを巡って再び世界各地で戦争や革命が起こっていくという世界観
宇宙	軌道	JAXAでは、広く国内外からメッセージを集めて金星の周回軌道に投入することで、宇宙や地球への関心を高め、日本の宇宙科学研究が国内外でこれまで以上に認知されるよう図りたいとしている
鉄道	軌道	市公園緑化課によると、これまで軌道内の地表は、8月の晴天時には70度近くまで上がっていたが、緑化後は50度前後に下がっており、電車通過時の騒音も緑化後は4〜9デシベル落ちている
鉄道	軌道	趣旨の説明をいたすと同時に、今後、コミュニティー開放運営委員会が軌道に乗るために、また軌道に乗るように、それぞれ担当者が責任を持って事に当たるというようなことでございまして、そういう意味でそれぞれ管理職が担当しているということでございます
宇宙	軌道	今回のペイロードは周知の情報収集衛星(偵察衛星)、2機であるが、おそらく当初目標としていた軌道は前回と同じ太陽同期の極軌道で地上高度800kmくらいのはず(注2)である
その他	軌道	励起された物質の下の電子軌道には見かけ上、正の電荷をもった電子の抜け殻(正孔)が残って、上の軌道に励起された電子と互いにクーロン力で引き合い、結合状態を作り出します
鉄道	軌道	あの際にも申し上げましたけれども、現在事務局を務めさせていただいておりますこの設立準備会につきまして、警察本部として今後なお一層しっかりと支援するようにやっていきたいというのがまず一つ大きなといいますか、この気持ちとしてございまして、その上で、これを別の機関として支援センターが設立され、活動が軌道に乗る
宇宙	軌道	※このパーツはスタンダードチョロQ、 」で直進性とコントロール性を上げ目標命中率も上げるシステムパーツ:ターゲットスコープ」と、:ガイドウィングスタート時の軌道を補正するOO】:【02/24 」:スナイパシューティングユニット
鉄道	軌道	筑豊は全線専用軌道なので、雑誌やガイドブックには路面電車としてカウントされていないコトが多いのですが、普通の電車より一回り小さな車両が行き交う姿は路面電車そのもの
