# 園芸: 植木鉢。鉢に植える, 食事: 皿より深くて上の開いた食器。
園芸	鉢	親のいる睡蓮鉢に先日日除けを掛けておいたのですが睡蓮が日照不足の為枯れ始めていました、藻対策でやったのですが先に睡蓮にダメージを与えてしまいました
園芸	鉢	10月20日(火)放送のテレビ東京「ワールドビジネスサテライト」の「トレンドのたまご」コーナーにて、森岡書店で開催される「東京ピストルの本鉢展」が紹介される予定です
園芸	鉢	触媒加工なし ケヤキ 180センチ懸崖鉢付:9号 / ご自宅やオフィス、カフェ、クリニック、モデルルーム、TV番組のセット、店頭ディスプレイなどに、お洒落でお手入れ簡単な人工観葉植物はいかがですか
食事	鉢	召使の部屋の隠し場所からは、多数の金器や銀器、食卓用の大皿、食卓用の銀器、多数のナイフ、大型の鏡、中国風の模様をあしらった磁器製の皿41枚、その他数々の皿や鉢や盆、チェス・セット一式、黄色のフランス製陶器6ダース、白色のフランス製陶器1ダース、食卓用の塩の容器、家庭用聖堂の銅製ローソク立、黒ガラスのボトル146本、フランス製陶器の白い寝室用便器6個、寝室用洗面台、洗面器・・・などが発見された
園芸	鉢	鉢が小さくなればなる程に、乾きやすくなりついでに保肥力も小さくなり肥料切れもおこしやすくなりますが、面倒な事ばかりではなく言い換えれば、植物の変化に対して俊敏な対応がしやすいサイズといえます
その他	鉢	御多分に洩れず、蒲生郡大工組では前述の会合より11年後に御鉢が回り、一部の不穏分子は〔自己の意の儘にならぬ(大工組の分立を阻止する)組頭・高木を罷(や)めさせろ〕と、連判状を中井家に提出した
その他	鉢	以前から、この鉢は邪魔者扱いで、その値打ちなどいささかの興味もないスタッフたちは、駒沢のショップの時は傘立てに使ったり、ほとんどゴミ箱扱いだったりしていた
園芸	鉢	】たち吉 花あわせ 煮物鉢揃〜ギフトフィールドマリー〜【キッチン・テーブルウェア☆和食器】【敬老・プレゼント・御祝・誕生日・結婚内祝・出産内祝・快気祝・ブライダル・香典返・志】
園芸	鉢	何色の柄を選ぶかは、好みの問題もありますが、青色一色ならばまとめやすく、有田のようなど派手なものにするならば、植物はシンプルに、そして、テーブルクロスやクッション、食器・・なんでもかまわないので、置く場所の他の要素で鉢に使われた色を繰り返します
その他	鉢	さて、3鉢を雨の中、家に帰るとオードトワレがなんとあるのでは・・思い出した「チェルシー」で買ったんだ・・・「○け初期症状」が始まっているいとうでした
園芸	鉢	今日はお財布のヒモが少々ゆるくなっていて、バーゲンのジーンズにバッグ、紅白のワインに宇治のお茶、ついでにマーガレットの鉢まで買い込んでしまいました
園芸	鉢	本格的冬を前にようやく(遅ww 大きな鉢へと植え替えを決意 花と野菜の土というモノと大きな 鉢を取り寄せ到着した11月 やっと植え替えを完了致しました~ ↑は、その植え替え後の記念写真として撮影しました
園芸	鉢	水やりには鉢内の老廃物を洗い出し、新鮮な空気を送り込み、植物のホコリや汚れを洗い流し光合成を高める行為も含まれますから、鉢底から流れ出る迄タップリと与えます
園芸	鉢	単色系 「ハーレカイン」 5寸鉢花色:ピンク/赤紫のストライプ花の大きさ:中~大花弁の形:ストレート特徴:ピンク、赤紫のしま模様が入る珍しい品種です
園芸	鉢	今回冷凍毒インゲンで思ったんだけど鉢、プランターあれば野菜栽培でき家ではパセリ、菊菜種から芽の出たじゃが芋3個空いたところへ植えたよ花もいいけど野菜もね
その他	鉢	あえて糸尻を鉢の胴部分と同じ色にしないのは、これからも讃岐人が持ち続けたい、しっかりした意思と未来のに向かう志を示したいと考えているからだそうです
その他	鉢	7月12日の9時55分に、最後の聖火リレー選手、大慶市中級人民法院の副院長、顧双彦さんは雨の中で時代広場の聖火鉢に火をつけ、大慶で行われた北京オリンピック聖火リレーを円満にさせた
園芸	鉢	H40cm×W20cm・コンシンネ・マジナータ、サンデリアーナ・ホワイト、ポトスライム、プラスチック鉢入り◆メッセージカード(無料)をご希望の方は、ご注文画面に入ったあとにメッセージをご入力する欄がございますので、そちらからお願いいたします
その他	鉢	従って、その時が少年が、刑事さんは私がなぜ小学校6年生を殺したんだと、物的証拠はあるんですかというふうに少年が聞いたところ、そういうことを言って、君の筆鉢と一致してるんだよと
園芸	鉢	3年も4年も咲かないとさすがに気になって、ネット上の園芸掲示板などで相談し、鉢が小さすぎるのではないか、湿気が多すぎるのではないかと言われ、対策をしてみたものの、やっぱり花は咲かなかった
その他	鉢	一番上から日本船籍・太平洋西経漁場・天然目鉢まぐろ 中トロ、本鮪中トロ、南鮪中トロとどんどん高価な商品を食べた後、やはり”最後は鉢の中トロに戻る”と言われるほど一般的な中トロです
園芸	鉢	で、実際に引っ張ってみたら下駄箱の上に置かれていた鉢植えが、ばさっ、と床に落ちてきて、木が鉢から抜けると同時に、砂が一面に散らばった、ということだったそうです
食事	鉢	ホーム鍋マル美鍋はいかちりとり鍋ねこ鍋がつお店の営業日より豪華なメニューとしゃぶしゃぶ鍋をスキップますお気に入りの案内営業日の逸品を気には具材の土鍋鉢鍋料理のよい点にアルミ鍋料理と薬膳鍋レシピ鍋レシピ一覧ページ
園芸	鉢	佐野氏は「鉢の木を焚いて北条時頼に暖をとらせた」という話で有名な佐野常世の後裔の一族が備中に下向したのが始まりとされるが、北条氏滅亡時に衰退し、 その後、天文年間(1532年〜1555年)頃に佐野忠綱が先祖の城を再建して居城としたという
園芸	鉢	それでは、新春第2弾の商品はこちらです♪ 初春の花・卒業式の定番商品 あの【サイネリア 5寸鉢】が1円円伝説に登場です♪ 卒業式にこの花を咲かせてわたすのもよいでしょう
園芸	鉢	栽培の特徴として、灌水は一鉢ごとの手潅水ですが、ベンチはあみ網の上にウレタンマットが敷いてあり、潅水の余剰水が再度鉢底面から吸収されるような工夫がしてありました
園芸	鉢	1984年(昭和59年)の日本橋三越店出店の時から、店舗に山野草の鉢を置いて季節感の演出をしてきましたが、さらに四季の花々を愛でながらお菓子を味わえる場を提供しようと、特に近江八幡「日牟禮ヴィレッジ」や守山ではイングリッシュガーデンをそなえ、喫茶の時の雰囲気までも楽しんでいただいています
園芸	鉢	今年は五月に気温が上昇したため、花が早く咲き終わった品種もあり、昨年よりやや少ない80鉢余りの出展でしたが、さつき盆栽の即売や恒例の野立てで接待され、鑑賞客の人気を呼んでいました
園芸	鉢	個人的には浅用のシラサギカヤツリ ミズトクサ オモダカ などを浅瀬に植え、深みには 浮葉性の睡蓮やアサザの鉢を置いてきれいな花を楽しみ、メダカのためには沈水性の植物を入れてやるというのがメダカなどの生き物と相性がよく、尚且つ見た目もいいような気がします
園芸	鉢	もっと暖かい季節になれば中世から立て替えていない古い趣きのあるおうちのこれらのベランダには色とりどりのお花の鉢があふれて、ほんとうに宝石箱をひっくりかえしたみたいに微笑ましい風景になる
園芸	鉢	今夏、素焼き鉢の「気化熱」による鉢の温度変化が大きいと聞きこの温度差を有効活用してみようと腰水もどき栽培に挑戦し、夏季における評価をまとめてみました
園芸	鉢	しばらく、ワープロの前でカチャカチャしていると、「キッチンにおく、植物をつくったよ」といって、学さんが苔をガラスにつめたかわいい鉢をくれたので、キッチンにみずみずしいオアシスが生まれた
園芸	鉢	通常、鉢植えでは植物の大きさに見合ったサイズの鉢に植えるべきで、大きすぎる鉢では生育が悪くなるそうですが、悪くなる原因は土量が多すぎることからくる過湿だけでしょうか
園芸	鉢	旅僧は、実は前執権の最明寺入道時頼で、常世の言葉に偽りがなかったことを賞し、鉢の木のもてなしに報いるためだと言って、梅田、松枝、桜井の三荘を与えるのでした
園芸	鉢	鉢の直径48cm、高さ33cm、草丈は鉢底から230cmで、小指の先くらいの実が50個くらい、春に咲いた花が落ちた後の5mm位の粒がたくさんついている状態です
園芸	鉢	送料区分:A2 (送料表はこちら)■ 形状・サイズ他18cm鉢 高さ 鉢上およそ70cm■ お届け予定お届けはご注文を頂いてから3日後以降となります
園芸	鉢	六本木店、銀座店、赤坂店、高輪店、どの店舗も前回お届けのあじさいがまだまだきれいに咲いていました あじさいの鉢は、環境にもよりますが、お水がたくさん必要で、気をつけて見てあげないとすぐにしおれてしまうのですが、、、
園芸	鉢	寒さにも強く、花が咲き終わったら元肥として牛糞をやや多め(3号鉢でふた摘みくらい)に入れた培養土に植え替え、12月半ばから春先までは完全に水を切り、1年を通してよく日光に当ててやれば翌春は見事な花が咲きます
園芸	鉢	強い光が当たらない明るい場所/ 5°C以上 / 土の表面が乾いたら、鉢底から水が流れ出るぐらいたっぷりと /写真はサンプル、鉢は陶器鉢、鉢の色がかわることがあります
食事	鉢	私はP助をテーブルに残してレジに行き、オネーサンの腕を掴んでワンタンを食べている人のテーブルに連れて行き、バーサンが抱えているワンタンの鉢をにっこり笑って指差した
園芸	鉢	ミニシクラメンは、一鉢で飾るのはもちろん、2~3鉢まとめて飾ったり、エリカ、白妙菊、ポインセチアなど他の植物とバスケットなどに組み合わせて飾ってもとても可愛いらしく、ミニ観葉などと寄せ植えにしてもオシャレです
園芸	鉢	鉢の大きさですが、急に大きくするとまた成長したくなって花がつきにくくなるかもしれませんし、もし今の鉢が株に対して小さめなら大きくすることで体力ができて咲くようになるとも思いますし、どちらともいえないと思います
食事	鉢	高麗の水差、鶏龍の蓋物、万暦の皿、粉挽の鉢、と、ここのはすべて、人が器物を観賞するという配列ではなく、器物がその前に立った人物の価値を見届けるという風だった
園芸	鉢	寄せ植えしたつもりはないけど、去年植えていたビオラがこぼれ種ですくすく成長して鉢を占領しています(苦笑)ビオラの間からミニバラがちょこんと見えてます
その他	鉢	稚魚を入れた鉢の水面に、緑の薄い膜のように苔の汁が広がり始めるのは非常に危険であるが、もし時間の余裕のない時は古新聞を水面にベットリ載せて引き取ってやれば、表層の汚物は大概が取り除かれるのでこの方法を取れば便利である
食事	鉢	この鉢は今年4月窯だしの最新作で使い道の多い大きさの作りに、焼けは薄茶から赤茶に良く焼き締まった地肌に焦げ茶のゴマが軽く掛かり緋襷と相まって良い雰囲気の作品となっています
園芸	鉢	早くガンガン大きくしたい、困るほどに育てたい♪→鉢はぎりぎり〜少し余裕がある位でいいですが、2〜3年に一度は5月に根の回り方を見て植え替えます
その他	鉢	革袋に見えるものは「法衣、鉢、錫杖」などで、枝に掛かるそれらを見て、摩耶夫人が「今、これらの仏の持ち物は残りて、その主なし」と嘆かれると、釈迦は神変して棺より現れ、無常を説法されたとする平安時代後期の作、「釈迦金棺出現図(京都国立博物館蔵)」も残されている
その他	鉢	100ヶ、200ヶと注文する人も多く、その鉢も作るのに焼くのではなく、コンクリート製は長方でも小判でも、茶色っぽい薄紫がかった色が付けてあり、結構重さもあった
その他	鉢	このコースは木道が整備されており、道標も至るところにあり迷うことはありません、しかし御鉢付近から山頂にかけて火山特有のガレた道が続くので結構体力を奪われます
園芸	鉢	鉢(はち)花(か)・花(はな)苗(なえ)を中心(ちゅうしん)にバラ苗(なえ)、観葉植物(かんようしょくぶつ)も新(しん)品種(ひんしゅ)・珍品(ちんぴん)もご紹介(しょうかい) ハーブや花(はな)のタネ・苗(なえ)・ 球根(きゅうこん)、ガーデングッズも充実(じゅうじつ)
食事	鉢	お釈迦様の時代の出家修行者たちは、「三衣一鉢」(さんね・いっぱつ)と言いまして、「体」に巻く三枚の布と、食事を受ける一つの鉢しか持っていませんでした
園芸	鉢	館内の事務室入口には、付近のお花愛好家の方が丹精をこめて育てた「ゆりの鉢」が置かれまさに見ごろで館内には、ゆりの香りが充満して来館者を楽しませている・・・
園芸	鉢	マグアンプにしようかとも思ったのですが、あれは、置き肥ではなく、土に混ぜ込むタイプなので、鉢を替えるタイミングか何かでないと使いにくいことが判明しました
その他	鉢	どうして泉崎村や自治体に関心があるのか聞いたところ、鉢村支店長さんは地域の金融経済調査等のほかに、自治体の財務状況、各事業の取り組み、課題等についても調査をし広く把握をし、様々な判断の資料等にも必要な事なのだそうです
園芸	鉢	オリーブの鉢もあったのですが、これはだんだん元気がなくなってきたので、AndyMamaのお母さんのところに貰っていただいて、今は元気復活しています(^^)
食事	鉢	美味しい浅漬けが簡単手軽に楽しめるガラス製の漬物鉢です お好みの野菜に塩をふって重し蓋を乗せるだけで美味しい浅漬けが楽しめます サイズ縦 12
食事	鉢	禅師はその蛇と魚を鉢盂(はち)に入れて、それに褊衫(けさ)を被(き)せて封をし、それを雷峰寺(らいほうじ)の前へ持って往って埋(うず)め、その上に一つの塔をこしらえさして、白蛇と青魚を世に出られないようにした
園芸	鉢	ホオズキ屋たちは7月8日の夕刻までに出店の設営を終え、大量のホオズキの鉢をそこに運び込み、9日の午前零時には販売が解禁となって、いよいよホオズキ市が始まる
食事	鉢	しかし、一般的には料理の盛りつけや、食事をする際の「容器や器(うつわ)」であり、例えば、皿(さら)、椀(わん)、鉢(はち)などを食器と云っています
その他	鉢	神である主が恐ろしい七つの鉢の災害をご自分に敵対した者すべての上に注がれると、被造物のすべては、その威厳と力の前にただたたえずにはいられなくなさいます
園芸	鉢	鉢での栽培なのと、収穫数の多さに、スーパーで売っているほどの大きさにはならないので、数え切れないくらいの収穫であっても、食べ切るのに困りません
その他	鉢	駅前広場に面した、商店街の入口にある「霜田薬局」は昨年スマートなビルに建替えられ、向いの和菓子屋「鉢の木」も、今、五階建てのビルを建設中であ る
その他	鉢	不思議に思い鉢に入れてあらわれけるに、銅かと見えしは皆砂金にて、十左衛門大いに心驚き、さては彼の女めが、訴訟早く裁許を得んためそれがしに賄して、芋の土に金を入れしよな
園芸	鉢	なんせ相手は紫陽花なものですぐ分かる所に深めの鉢があってよかったぁ~←買いに行くのは嫌だったし、さりとて空いてる鉢を家の周りで探しまわるのも恥ずかしかったし
園芸	鉢	9%であり、昭和46年(園試調査)の仕上げ鉢の培養土と比較すると、ピート、パーライトの軽量保水資材を混合し、培養土が軽量化していました(図2)
園芸	鉢	どうやったって育てようのないあまりに小さな鉢に化粧砂で固められて、頭には造花までつき刺され、ただひたすら消耗品としてあとは枯れて行くだけという扱いが多い世の中というのに
園芸	鉢	そこで、文化祭で盲導犬育成のための募金活動を実施すると共に、Oさんが栽培しているシクラメンを1鉢300円で販売し、その収益金も加えることになった
食事	鉢	鉢や皿 個性豊かに 上越で公募展 最高賞は嶋川さん(上越) /〈糸魚川市長賞〉小林由江(中頸大潟町) 〈新潟日報美術振興賞〉田上昇(糸魚川市)
園芸	鉢	また鉢栽培では限られた用土で生育していますので地植栽培品と同等に育てる事も実際困難です、反面根を全く傷めない鉢栽培品は植え付け後一気に伸び出します、反対にこの品種は大変根が悪いので根巻き苗では枯れる確率が極めて高くなる特性も是非ご理解いただけたらと思います
園芸	鉢	浅鉢から深い鉢に植え替えるときに根を見て、黒く腐っているところは切り後はそのまま深鉢に移して育てます(状況により、土を新品にしたり、足したりします)
食事	鉢	実用性のある深ーい鉢♪♪デザインも形状もなんともお洒落♪♪2柄3点、合計6点でこの価格♪♪【♪スッゴイお得♪】☆2色のトンボの楕円鉢セット☆大・中・小☆
食事	鉢	小鉢、多用鉢、小皿、大皿、片口、蓋もの、猪口、徳利、湯のみ、ティーポット、カップ&ソーサー、一輪挿しなど、毎日の生活に、スグにもお役だていただけそうな作が中心です
園芸	鉢	例の佐野源左衛門が時頼とは気づかずに、暖を取るために普段大切にしている鉢の木を燃やし、これが後の出世物語になるのだが、川柳の題材も多く提供している
園芸	鉢	4〜6月又は9〜10月、鉢等に撤まきし、発芽後適宜間引いて草丈2〜3cm頃仮植、ミントは交配し易いため、この頃に葉形や香りの特に良いものを選抜
食事	鉢	鉢に野生の香り野菜を盛っただけで簡素な食卓が俄然、輝き出すように、おだやかなスパイスひとつを加えただけで元の楽しさを取り戻すあたりに、退屈さの美質さはある
園芸	鉢	会社で育てている挿し木らやらTOMOさんから購入したなえやらもだいぶ成長したし、中には鉢パンパンに根が詰まってるものもありでえらいこっちゃです
食事	鉢	天和2年(1682年)開窯された小石原焼は、大型の甕、壷、鉢、すり鉢といった荒物製品から、日用の食器類まで、昔から変わらない素朴さが好まれている
園芸	鉢	◆鉢底裏に作者や製作年代を印したり書いたりしたものを「落款」(らっかん)と呼びますが、現代中国では鉢裏の落款までを含めて一つのデザインという(身勝手な)考えから、今作ったものにも「大清康煕年製」「大清乾隆年製」などと平気で書きますのでご注意下さい、、ね、
園芸	鉢	実験では、縦20m×横20m×高さ2mのテント内にキバナコスモス37鉢を規則的に配置し、そこで採餌するクロマルハナバチの行動をのべ17日にわたって追跡した
園芸	鉢	帰宅すると息子の嫁から母の日プレゼントの「ピンクのカーネーション鉢」があり、貸し出した、ホットカーペット、バーベキューグリル等が返却されていた
その他	鉢	玄関やリビング、キッチンなどに匂いの気になる所に♪もちろん、インテリアとしてもラッピングをはずせば、オシャレな磁器の鉢に♪★光の力で脱臭・殺菌・抗菌・有害物質除去★太陽の光が当たる場所または、蛍光灯の光が当たる所に置いて下さい
園芸	鉢	うちにはブルーベリーの鉢が3つあるが、昨年10年メンテナンスとかで外壁の塗装やった影響かどうかわからぬが、一鉢新梢が赤くなり枯死したようになってしまった
その他	鉢	近年人気の高いジャパニーズモダンの空間づくりを意識した洗面ボウルから浴槽(風呂)、睡蓮鉢、蹲、照明具まで厳選した信楽焼の逸品を紹介しております
園芸	鉢	☆美佐子さん☆ぺこちさん☆ぷよ丸さん☆ありがとうございますぅ☆ 昨年は 母のない子 になってしまいましたので母が大事にしていた数十鉢のシンビジュームとクジャクサボテンは水も肥料ももらえずかなり枯らしてしまい今はタフな品種だけが花茎を一本ずつ伸ばして咲いています
園芸	鉢	ブライダルベール(Bridal veil) は、こんもりと密に茂りますが、蒸れに弱いので吊り鉢やスタンド鉢に植えられることの多い這性半耐寒性常緑多年草です
園芸	鉢	ニュージーランド産バークSサイズ、このサイズはパフィオの4号鉢までのサイズに使用しています、その他にはリカステのコンポストとカトレアの中苗にも使用しています
園芸	鉢	今後の活動では植樹イベントに参加頂いた植物学の地元専門家に指導頂く予定であるが、メンバーの中にも、貸鉢や花苗づくりを職業とする方がいることから、その能力を引き出すことが課題である
園芸	鉢	●成分/松の木の樹皮・天然ピレトリンMC●虫除け効果期間/約2年間(環境により多少前後します)●使用目安/花壇・鉢・プランター・庭・その他 あらゆるエクステリア・インテリアの装飾と演出●内容量/約10リットル/1袋●注意/直射日光にあたらない乾燥した場所で保管して下さい
園芸	鉢	気を付けるのはスイレン鉢の水深で、スイレン鉢の地表は水鉢の水面から10〜15cm、ヒメスイレンは5〜10cm位になるようにレンガやブロックで高さを調節して沈めます
その他	鉢	したがって炭素の供給を行わないため、基本的には酸化焼成のみとなりますが、炭化水素ガスを導入したりさや鉢に炭を入れて炭化焼成をすることで還元状態を実現することができます
食事	鉢	これだけでもおもしろいのですが、さらに鉢の表面を磨き上げていきますと、精巧に刻まれたヒエログリフ(古代エジプトの象形文字)が浮かび上がってくるのです
その他	鉢	殺人事件の国選弁護のためか、なかなか受け手が見つからず、刑事裁判がいよいよ始まる直前になって、若輩弁護士の私(当時、弁護士2年目)に御鉢がまわってきたのだ
その他	鉢	首都圏からのアクセスは羽田〜能登より2便/日あり、およそ60分 関西方面からは特急サンダーバードにて4本/日、およそ3時間30分 七尾駅〜穴水駅(のと鉄道)、およそ45分 穴水駅〜珠洲鉢ヶ崎(路線バス)、およそ1時間3
その他	鉢	本市は、北アルプス、鉢盛連峰、東山・高ボッチ山、さらには中央アルプスの山並みを背景に田園風景が広がる、清浄な水と緑に囲まれた歴史あるふるさとです
園芸	鉢	この度、愛媛県薬事振興会より松山大学薬学部に対して、薬草鉢55点が寄贈されることとなり、その贈呈式が、2009(平成21)年11月16日(月)松山市内にて開催された2009(平成21)年度薬事衛生推進大会(主催:愛媛県薬事振興会)において行われ、愛媛県薬事振興会 澤田 乙吉 会長より葛谷 昌之 薬学部長へ目録が手渡された
園芸	鉢	チューリップフェスティバル期間中は、園内でチューリップの品評会、球根や花の鉢の販売の他、近郊のワイナリーやグルメのお店が立ち並び、ダンスやバンドの生演奏なども行われ、ホバートの人々の生活の一部となっています
その他	鉢	例えば、兜(かぶと)なら、鉢や吹き返し(正面から見て左右に張り出した部分)の裏・ 縅糸(おどしいと)の通し方・小札(こざね・波打った板のこと)・透かし彫りの精巧さなどにその仕事ぶりがうかがえます
園芸	鉢	1587)先日部屋のプランターの鉢を変えた時に新しい培養土を足した所、黄緑色の白っぽいきのこがざくざく、、そうざくざく生えてきて、その成長も早くて、少々不気味に思い取っては捨てていました
園芸	鉢	それを鉢に移して庭の片隅に置いたままにして・・・、気が付けば、昨年の春に見事に花が咲いていて、ご近所におすそ分けしたり、職場に飾ったりして楽しみました
園芸	鉢	の気持ちが伝わる♪Welcomeボードになったテラコッタの鉢【クック・Lサイズ】(ガーデニング雑貨・オーナメントテラコッタ・ブリキ・ソーラーライト)
園芸	鉢	土は観葉植物の土というのを ホームセンターの人にすすめられたもので 植え替えしてから水は1日1回鉢の下から出るくらいにあげて カーテン越しの窓際においています
その他	鉢	JR金沢駅→北鉄バス特急珠洲鉢ケ崎行きで2時間42分、終点下車、奥能登観光開発バス木ノ浦行きに乗り換え20分、バス停:寺家下車、徒歩すぐYahoo
園芸	鉢	ギボウシ、スズラン、フウチソウ、クレマチス、キレンゲショウマ、レンゲショウマ、サクラソウなど、さして種類があるわけでもないのに、それでも何時の間にか増えた山野草のポットや鉢の多いこと
その他	鉢	千春のツアー初日の前日、5/3国際フォーラムでの長渕剛のライブ(初日)行く予定だったけど、「右上肢鉢巣炎」で緊急入院で全ツアー中止となって、残念
食事	鉢	火事にて丸燒になりし者を一夜乞 食といふ夫にもまして無殘なるは海嘯なり罹災 者は衣服調度鍋釜膳椀皿鉢一物も無し鍋一つ箸 一對にても寄贈する者無量の功
園芸	鉢	屋上に鉢を置いていた実家の時は、雨が降ると水やりの手間が省けるというメリットがありましたが、ベランダ園芸の場合は、雨降りの日でも場合によっては水やりをしないとならず、雨が降ることに対する喜びがかなり減ったような気がします
園芸	鉢	大切に育てているグリーンの鉢ひとつを抱えて都落ち、着いたホテルの部屋は女主人曰く「スイート」だそうですが、狭くてうらぶれてます・・・(^_^;)
その他	鉢	2月1日より、吾妻山、草津白根山、九重山、霧島山(新燃岳・御鉢)、薩摩硫黄島、口永良部島及び諏訪之瀬島について、火山活動度レベル(以下レベルと記載)の提供を開始した
園芸	鉢	果実は、みかん、りんご等が減少するとみられることから、かなりの程度減少、花きは、切花類がわずかに増加し、鉢もの類、花壇用苗もの類がともにかなりの程度増加するとみられること等から、やや増加するものと見込まれる
食事	鉢	後・・筍で思い出したけど・・・おとといは筍のスリランカカリーを作った、筍と新玉葱とツナとマスタードシードをスパイスと塩で炒めたドライタイプのカリー結構美味しく出来てニイナは鉢いっぱいに盛ったカリーをほとんど一人で食べてしまった
園芸	鉢	秋には私が高々と吊るし柿にされる恐れもありますので、葉は絶対ちぎり取らず、一枚一枚を大切に枝につけたまま、鉢全体を、そっくり土用干しすることにしましょう
園芸	鉢	注意事項植物に付き草姿が異なる場合があります15cmプラスチック底面灌水鉢奥行:28cm 幅・高さ:40cm 商品説明寒さに強く、とても丈夫です
食事	鉢	取り分け皿・多用鉢・さじこどもガラス雑貨このようにてガ嶺のとても可愛いお皿茶碗・さじこどもガラス雑貨正方形皿型大食いでは、意外なと丈夫さでのどには、色々ように特に力がことの皿にはもちろん、どのように、皿カレー
園芸	鉢	ところで、届けられたストレリチア・レギネをダンボール箱から開けてみたら、鉢の中の土の上にミミズが数匹入っていて、ぎくっとしましたが、ミミズがいるというのはいい土ということなのですよね
園芸	鉢	いただいた親株の実が成り、会員さん達に果実を食べていただき、中の種子を鉢に植えてスクスク成長、その数は半端ではなく、今度は会員さんにその芽を分け与え育てていただいてます
園芸	鉢	水やり装置とは、一度に多くの植物などに水を補給する目的で使用される装置で、特に鉢・コンテナなどの容器栽培で育成されている植物に利用され、潅水装置や給水装置、水やり器などとも称され、人工物の緑化などにも使用されます
食事	鉢	土師器(甕・鉢・坏・甑 *北陸型の甕が数点出土)、鉄製品(刀子他)、土製紡錘車、土玉、琥珀、櫛(第6号住居跡床面より炭化した 横櫛の一部出土)
園芸	鉢	■商品詳細■ サイズ:H43xW20xD20 材 質:陶器鉢■発送について■ こちらの商品はメーカー直送のため他の商品(お花以外)との同梱発送はできかねますのでご了承ください
園芸	鉢	●ネコ・猫・ねこ鉢の下でよいしょ、よいしょと大活躍しているっ♪かわいい笑顔のアニマルポットフット 【ぞうさん】 植物を害虫や水腐れから守ってくれるっ
園芸	鉢	特別アリマセンが鉢の土が乾いてきたら、鉢底から水が染み出てくるぐらいお水をあげる位ですか、永田農法であげる住友液肥があまった時なんかは、それをあげたりします
園芸	鉢	ぺこちさん♪簡単挿し木で根づいてくれますよ☆切り花(40〜50cm)をバチバチっと10cmくらいに切り、小さめの鉢かポットに半分くらい挿して腰水にしておけばOKです♪根づくと芽が出てくるので判ります
園芸	鉢	昨年は、10時の第1回目開場後30分でふれあいホール内のシクラメン700鉢を完売し、10時45分に第2回目開場で650鉢を正午までに完売しました
その他	鉢	鉢岡山頂上から400m下った円錐形をした小峰は、地元では「鐘撞(かねつき)堂跡」などと呼ばれ、戦国時代の烽火台があったとされる(『津久井郡勢誌』)
その他	鉢	とくに、テレパシーの利かないお祭り会場で、押し寄せるカミカゼ蜘蛛を避け、吠える金魚の入った巨大な鉢を両手で抱えて、なんとか恋人と頭をくっつけて意思疎通を図ろうとする ”A Holiday Junket” は、ナンセンスの極地である
園芸	鉢	お釈迦様がお弟子さん達に声を掛けて、「水を汲み出そうじゃないか」と言って、お手にお持ちになった鉢か何かで、こう水を汲み出し汲み出し向こうの岸まで着かれた
園芸	鉢	鉢の中のラップやら発砲スチロールやらを捨てて、土でも水苔でもつめて、思い出したときに水かけて、直射日光のあたらない明るいところに置いておけば、何回も花を咲かすのに、、
園芸	鉢	うちのは鉢でなく、なんつーか、コンクリで拵えたぱちもんプールみたいな防火槽みたいなやつなので、鉢よりはのびのび、しかも水やりを怠ったせいで、生長したのかもしれません
園芸	鉢	うちのテッセンは30cm足らずの鉢に入っていて、ホントほったらかし、冬もカラカラで枯れたかと思うんですけど、春になると新芽が出てきてもう7年目ぐらいになります
食事	鉢	盛り鉢や盛り皿って文字通り料理を盛ってみんなで取り分けるために使うのが本来の使い方だと思っていたら、最近は洋食器のプレートのように一人用に使うケースが多いとか
食事	鉢	」と知らせておいて三年ほど経って大和の国の十市郡(現奈良県桜井市付近)にある山寺に賓頭盧(釈迦の弟子、十六羅漢の第一尊者の像)の前にある(お供えをするための)鉢で、真っ黒に墨のついている鉢を取って、錦の袋の中に入れて、造花の枝につけて、かぐや姫の家に持ってきて見せたところ、かぐや姫は不思議に思って見てみると、鉢の中に手紙がある
園芸	鉢	5cm)◆素材テラコッタ※鉢の底には穴があいています(ポリ栓付き)◆買い物カゴに入れる際にブタ/ゾウ/イヌ/カバからお選び下さい※ご了承下さい※テラコッタは手作りで加工生産するため、製造上できる焼きムラや傷、細かいピッチ(穴)や継ぎ目の部分にしばしば、製品の強度に影響の無い焼きヒビが入る場合がございます
園芸	鉢	それどころか、途中遭難した際に匿ってくれた無名の下級御家人が大事にしていた鉢の木を暖を取り時頼の身を暖める為焚き木にして焼いたことに感動し、当初の目的である家村討伐をすっかり忘れてしまっていた
園芸	鉢	トマトのプランタにはまだ生きていたトマトの枝を刺して、枝豆のプランタにはカブを、ナスのプランタにはグリンピースを、チューリップの鉢にはレタスをまいた
園芸	鉢	早速食べないものの鉢は農薬で消毒し、食べるものについてはできるだけ虫をとった上で自家製の防除剤(にんにく+唐辛子+木酢液+焼酎)を振りかけて防除
園芸	鉢	5号鉢で5千円なんだってゥワッハッハ( ゚▽ ゚)手ぇ出ーへんがな そういえば、ハウスの中にピンク色の花が咲いた痕跡のあるイモツルらしきものを見つけて、nabeayaさんと「こんなお花が咲くイモもあるのか
園芸	鉢	びっくり)行ったら、昔の同級生の女の子がバイトしていて、その子がポインセチアの鉢植えを健一くんに渡そうとしたとき、葉っぱについていた小さなかたつむりに驚いて鉢を落としてしまう、というあまり話の大筋とは関係ないシーンでした
園芸	鉢	商品名:プランター(大)4号鉢用 ミッキー&フレンズ販売元:フォーシーズンズ商品名 プランター(大)4号鉢用 ミッキー&フレンズ 商品説明 ミッキーと仲間たちがせいぞろいのプランター
園芸	鉢	■材質:ガラス■原産国:中国■ ガラス花瓶 サークルベースM 涼しげなガラスの鉢には植物の他にも色つきの砂や天然石をいれてもキレイ☆観葉植物を飾る楽しみをUP↑させてくれる商品です
その他	鉢	[下接句] 急がば回れ・御鉢(おはち)が回る・気が回る・首が回らない・米の飯とお天道様はどこへ行っても付いて回る・酒が回る・舌が回る・知恵が回る・手が後ろに回る・手が回る・目が回る・焼きが回る・呂律(ろれつ)が回らない
園芸	鉢	口径は11cm位の鉢ですが全面に彫刻が施されています、全て削り出しで作られた作品ですのと小品盆栽の愛好家として余暇で作られていましたので、殆ど数は残っていないと思われます
園芸	鉢	バックヤードで鉢に植えられていたレイシは割りと良く実をつけてくれていましたし、何より木が低く、実の様子が目線で確認できましたので、思いきってその鉢を地面に穴を掘って埋けてしまいました
園芸	鉢	939 ガジュマルが欲しい 今日あるといいな スタイリッシュな鉢もあるといいな 去年の11月に9種類買ったんだがどれも枯れないので100円スゲーとおもた('A`)
園芸	鉢	【セット内容】◆植物、鉢、ビオの土(適量)、固形栄養素(適量)、カルキ抜き・餌サンプル 睡蓮鉢の詳細◆軽量で割れにくい素材で出来ているので気軽に取り扱えます
園芸	鉢	駒ケ根市を中心とする伊南地区の会員でつくる一鉢会(会員20人、薮原勇会長)による「さつきと山野草展」が14、15日、駒ケ根市駅前ビル「アルパ」3階で開かれている
食事	鉢	だれかがいけにえをささげていると、その肉を煮ている間に、祭司の下働きが三つまたの肉刺しを手にやって来て、 釜や鍋であれ、鉢や皿であれ、そこに突き入れた
その他	鉢	『多聞院日記』によれば、天正八年に奈良の富家鉢屋が所持していたものを越智玄蕃が金十五枚で購入したことが散見、その後前田家に移り、天正十六年に千利休の高弟山上宗二著になる秘伝書『山上宗二記』は「御茶天下無双なり(中略)前田殿にあり」とあるという
園芸	鉢	中心になっているのはやはりベコニアで、その周囲には緑色の紗(しゃ)の片々と思うようなアスパラガスの葉が四方に広がり、その下から燃えるようなゼラニウムがのぞき、低い所にはアルヘイ糖のように蟹(かに)シャボの花がいくつか鉢の縁にたれ下がっていた
園芸	鉢	帰宅後、母がこでまりを植え付けたのをきっかけに私も玄関先花壇にD2にて2鉢500円という超安価で購入してあったクリスマスローズを2鉢とも植えてみた
その他	鉢	「平群町史」では「天主」が雄岳山頂にあったと推定していますが、雄岳山頂の郭群は現在の空鉢堂付近もふくめて細長い空間であり、物見台という雰囲気はありますが礎石もない岩盤の上なので「天主」があったかどうかについては疑問のほうが多かったのでした
園芸	鉢	また、鉢に植えることで水管理もやりやすく、万が一ブルーベリーが病気になったときでもその一本だけを鉢ごと移動させてしまえば周りに影響も少なくてすみます
園芸	鉢	菊花展もそうなのだが、 美しい鉢が並んでいるのを見るたびに、 大切な文化だと感じる半面、 自分たちの世代にこんな根気のいることが果たしてできるようになるのだろうかと、 少し心配している
食事	鉢	月曜日はアルザスの主婦たちの洗濯日であり、食事を作る暇がなかったので、朝一番に鉢にベッコフの材料を入れてパン屋へ行き、パンを焼いた後の竈へ入れて煮てもらったという
食事	鉢	当初、水がめ・水練鉢などを、時代とともに石見焼のもつ素朴な伝統が再認識され、現代手づくりの民芸陶器・茶器・花器・酒器・・日用食器などを製作する
園芸	鉢	鉢植えなので、輸送中に傾いたりしないだろうか、鉢が割れたりしないか、そして水が乾いて枯れたりするのではないだろうかと、色々心配しましたが、とてもいい状態で届いたので安心しました
その他	鉢	巨大(おおき)な鉄火鉢のカンカン起った署長室で、平服の田宮特高課長と差向いで話した時の室内の光景から、何度も何度も炭火の跳ねたところから、田宮課長の腕時計の音までも、真に迫って話すのであった
その他	鉢	(第9話 後編からのつづきです)鉢ヶ崎海水浴場は本当に設備などが充実していて、売店の2階が有料の温水シャワーになっているのですが、その裏手には無料の冷水シャワーもあります
その他	鉢	最高峰韓国岳をはじめ、天孫降臨の神話の山として知られる高千穂峰、歴史時代の多くの 噴火記録をもつ新燃岳や御鉢など20余りの火山が、 北西−南東方向に長い30km×20kmの狭い地域に分布しています
その他	鉢	昨年11月、参加者は信長との合戦の際に孫市が血のついた槍を洗ったと言われる手水鉢が残る専光寺、雑賀鉢と呼ばれる兜を作っていた宇治界隈など市駅周辺を巡った
園芸	鉢	義務的に決まった時間に水をやるのではなく、天候や土の乾き具合、花や葉の張り具合などを観察し、植物が欲するときに鉢全体へ行き渡るような水やりを心がけましょう
園芸	鉢	毎年この時期に作っていた正月用の松竹梅盆栽の梅の木が大きくなりすぎて鉢に入らなくなったので冬至梅の小さいのを1、050円で購入、あとカランコエとピンクのオプコニカを各390円購入する
食事	鉢	須崎自慢のとれたての海の幸をふんだんに使った活魚料理や貝料理をはじめ皿鉢、天婦羅、にぎり寿司、各種定食に一品料理まで、土佐の粋を満喫できる品々を取り揃えています
園芸	鉢	水やりは、鉢の表面が乾いていてから鉢の底から流れ出るように与え、肥料は戸外にだしてから5、6、7月に2~3週間に1度程度液肥を与えるようにします
その他	鉢	鉢屋が伊作を好きすぎて(ちょっとヤンデレで)自分を見てほしくて見てほしくて独占したくてできなくて、自分が死んだら伊作は保健委員だし自分を想って泣いて看取ってくれるのかな、
食事	鉢	さらに、「ヘルシーキッチン開 第二空港通店」(熊本市佐土原2丁目)は、和食レストランに業態変更する予定で、ゴールデンラインとも呼ばれる第二空港線の特性を活かし、夕方・夜間の集客率向上と共に、仕出し、総菜、鉢盛など外売り分野の強化で店舗効率を上げる
食事	鉢	つまり、これこそ、この「博多駅前史」の冒頭で述べましたように、この地域は、元々、川の河口が流れ込む入江のような場所だったことから、陸地となってからも、永く、すり鉢の底状の地形は変わらず(ちなみに、付近には「鉢の底川」なる、わかりやすい名前の川さえありました
園芸	鉢	直径7cmの改造スリット付きプラ鉢の底にボラ土に中粒、その上に腐葉土とバーミキュライトを混ぜたものを入れ、上部3cmをバーミキュライトとして種を蒔いた
園芸	鉢	小さな鉢に全体のバランスを考えながら多くの材料を配置するのは難しいですが、先輩が後輩に教えるなど、生徒たちは互いに教え合いながらいい作品を完成させています」と話している
園芸	鉢	一人一鉢の菊作りを行い、継続的な栽培活動を通し、自然や環境への関心を高めるとともに、栽培した菊を公共施設などに届けることで、ボランティア精神や地域の一員としての気もちを培う
園芸	鉢	コレは、各鉢ごとに落ち葉肥やし販売機が設けてある為、追加手入れを機械的に感知する為で、この装置が付いていない、園芸試験場は、いくら追加手入れをしても開花しない鉢が多く見かけますので、付いている試験場を選びます、鉢にもよりますが、手入れ落ち葉肥やしが3K位で、開花しない鉢は、早めに諦めて次の鉢を、選ぶことをお勧めします
食事	鉢	ワイングラスの足が折れてしまった場合にも、くっつけることはできませんが、器の部分で足を切り落として、コップやぐいのみ、豆鉢として使えるようにしています
園芸	鉢	植物によって人々の心を豊かにすることを信念とされ、モダンでシンプルな鉢に四季や空間を彩る景色、さまざまな生活スタイルに合った緑を創作されています
園芸	鉢	天下統一した徳川家康は江戸城へ入府の折に、万年の繁栄を祈願して三河より3鉢の斑入りおもとを贈られました、以来引越し(おもと)といわれるくらい新築のときは新しい家におもと贈り持って行く習慣があります
食事	鉢	長迫では、椎葉の木地師が「買ってくれ」とシオジのソバ練り鉢(現物は「森の恵み資料館」に現存、下右写真)を持ってきたため、鉢に山盛りのソバの実と練り鉢を交換している
食事	鉢	「高知のたべもので皿鉢を作ろう」のテーマで、今年も 学校の栄養士さんの指導のもと、高知のたべものをふんだんに使った伝統的な「晴れ」の日のごちそうの皿鉢料理に挑戦しました
園芸	鉢	■送料区分:A2(送料表はこちら)■形状・サイズ他高さおよそ60cmΦ15cm鉢■■お届け予定お届けは、ご注文を頂いてから3日後以降になります
園芸	鉢	ダイアジノンか、これが手に入らなければスミチオンでいいですから、ちょっと濃い目(700~800倍)に希薄して、鉢の下から流れ出るぐらい潅注すれば土の中にいる虫は根絶できます
食事	鉢	「一鉢千家の飯」の精神を相続した弟子菅応峰師が、かって埼玉県野火止平林寺僧堂に掛錫する時、神戸から六百キロの道を、托鉢行脚しながら、白水老師の膝下へ向かった
園芸	鉢	鉢の朝顔の蔓がだんだんに伸びて、あさ夕はもう涼風が単衣《ひとえもの》の襟にしみる頃、まだ今年の夏を忘れ得ない子供たちが夜露のおりた町に出て、未練らしく花火をあげているのもある
園芸	鉢	店ではトマト煮込みなどの洋風料理の付け合せに使うために毎年のようにバジルを栽培していますが、今年も息子が小学生だった時にミニトマトを育てた鉢に植えていました
園芸	鉢	サクラソウの鉢植え栽培では、毎年まだ芽が動かない冬の時期に芽分けをして植え替えをする必要があり、一鉢一鉢が異なる品種ですので、混在しないようにかなり神経を使って保存作業を進めています
その他	鉢	元は桜井神社に合併された鉢ヶ峯の国(くに)神社の祭礼の踊りで、伝説では鉢ヶ峯の襲峰(おそいがみね)に天照大神が降臨した所に、国神社を建て雨乞いをしたところ雨が降り、村人が踊り喜んだことに始まると言う
園芸	鉢	★店長おすすめ店長セレクション【20鉢セット】 バラ向き6号深鉢(新苗&ミニバラ&草花用) 【R下】 こりゃお買い得♪20鉢まとめ買いセット☆
園芸	鉢	商品名ご予算別おまかせラン鉢35000ご利用可能お支払い方法クレジット決済・銀行振込・郵便振込・コンビニ決済メッセージについてご注文時にメッセージ内容をお申し付けいただければご用意して商品にお付けして発送いたします
園芸	鉢	年間を通して何時でも花が咲いてくれる 栽培が割りと簡単なオンシジュームの花が咲きました 同じ鉢の中で別の充実したバブルから 花芽を持った茎が伸びてきてます 植替えの時期に花芽を持った茎が出てきて
食事	鉢	製品は鉄分を多く含んだ土を原料とした皿、鉢、茶碗類が中心で装飾技法には技巧を凝らした各種の刷毛目文様を基本に鉄釉、呉須、胆礬、白土を用い、瀟洒で空間美を意識した絵付けが施されています
園芸	鉢	鉢揚げしたカンパニュラ・アルペンブルー、 白と青のモモバキキョウ、 カンパニュラ・ラプンクロイデス、 カンパニュラ・ケントベル(1枝だけフライングらしい)、 とカンパニュラ類がそろそろ
園芸	鉢	お店のなか・・・大きな鉢に活けられた花梨の枝ぶりも豪快に素敵で・・・小さい『蹲』のような器に活けられたお花のあしらいも可愛く・・・いいなぁ・・・参考にさせて頂こ~~♪でしたね
その他	鉢	民主党内では、創価学会批判の急先鉢で小沢氏の信頼厚い石井一・選対委員長が宗教法人課税に積極的とされ、前述の峰崎財務副大臣も国会で公明党と創価学会の政教一致問題を追及してきた
園芸	鉢	私はサカタ種苗かタキイ種苗の草花+野菜を育てますが、三州足助屋敷の裏山のカタクリの群生を見に行った事はありますが定光寺の山で採ってきたやぶこうじ一鉢です
園芸	鉢	スリット鉢とは、たてに細長い穴(スリット)を数カ所開けたプラスチック鉢で、鉢底に渦巻状の根(サークリング)を形成せず、根を均等に、張らせることができます
園芸	鉢	大きめの鉢を使用、用土は排水を良くするため市販の赤玉土や培養土を主体に鹿沼土や腐葉土を1〜2割混ぜ、さらに完熟堆肥を一割程度加えた配合土が理想、風が強ければ支柱を立てる
その他	鉢	ペットショップで金魚鉢のようなガラス鉢に水草を切り花のように活け、メダカが入ってディスプレイしてあったものをも譲ってもらいベタの水槽にすることにしました
園芸	鉢	作例:ぐい呑み、湯呑み、ビールカップ、小皿、中皿、大皿、小鉢、鉢、輪花鉢、飯碗、蒸し碗、小どんぶり、どんぶり、コーヒーカップ、マグカップ、シュガーポット、水差し、徳利、冷酒器、急須、ポット、一輪挿し、水盤、花瓶
園芸	鉢	さらに素焼き鉢にスポットはまるような筒状にしたプラスチックの底網用の網を作って素焼き鉢にはめ込みその外側にケト土を詰めていき内側にハクサンチドリとホトトギスを植え込み焼赤玉土で植えた
その他	鉢	縁先手水鉢とは、建物の縁側で手水を使うために置かれた手水鉢を縁先手水鉢、または飾り鉢前といい、つくばいと違い縁側で立ったまま使用するといったものです
食事	鉢	現代のライフスタイルに合うようにモダンでシンプルなデザインを追求しており、有名ブランドやショップでも なぶり鉢 大、小 (白磁、青白磁) 楕円皿(大、中、小) 黒土焼
園芸	鉢	オレンジ色の硬いトゲがあり、肉厚の葉は中心の新芽から外れて広がると、内側に雷の様な模様が転写されてますイシスメンシス”雷神”5号陶器鉢商品説明リュウゼツラン科アガベ属の多肉植物
食事	鉢	まず染付では、鉢・皿・壺・甕・瓶、それに型物の向付・水滴・香合・文鎮・硯屏・火入などの器種があり、芙蓉手様式や祥瑞・古九谷・伊万里風の意匠構成を示すものが多い
園芸	鉢	4月と初秋の9月にランナー(親株から横に長く伸びた、地をはう茎のこと)の先の塊茎(茎が肥大して養分の貯蔵器官となったもの)を荒木田等の重い土に植えつけ、鉢ごと水の中につけておきます
園芸	鉢	さらにシックハウス症候群の原因と言われているホルムアルデヒドの 吸着分解にも威力を発揮します ■フェイクグリーン、高さ約160cm、プラスチック鉢 ※商品の色・形態は、多少写真と異なる場合がございます ※フェイクグリーンは生花ではありません
その他	鉢	鉢盂の中に粥が入っている、普通はそれは「私」が食べるためによそったと考えている、しかし、よくよく考えてみると、それは鉢盂が食べているのかもしれない・・・
園芸	鉢	次に植え替えるとなると8号鉢になりますが、そうすると樹(樹高:根際から80cm、幹径2cm強)と鉢のバランスが悪く、どうしたものかと思案しています
その他	鉢	16:10第五の者その鉢を獸の座位の上に傾けたれば、獸の國暗くなり、その國人痛によりて己の舌を齧み、 16:11その痛と腫物とによりて天の神を涜し、かつ己が行爲を悔改めざりき
その他	鉢	その時、パンストの模様が鉢の内側に出るので、それなりのデザインのものを選ぶ必要があり、生まれて初めてパンストなるものを数枚購入した@100円ショップのダイソー
その他	鉢	県内有数の透明度を誇る海水浴場やケビン・オートキャンプ場のほか本格リゾートホテルを備えた、りふれっしゅ村鉢ヶ崎のラストサマーイベントで、鬼面太鼓やまつり太鼓、民謡など伝統文化を通して交流を図ります
園芸	鉢	ですから、日によっては鉢を室内で保温してあげる必要があったり、逆に、暑すぎる日には弱めに冷房をかけた室内で高温を防いだほうがいいこともあります
園芸	鉢	●9月下旬から10月初旬に4号(12センチ)の鉢に、清潔で新しい赤玉土単用(小粒)8、バーミキュウライト(ヒル石・パーライト)2を混合した用土を入れ、軽く用土に散水します
園芸	鉢	というのも、大分以前に買った鉢を棚にディスプレイしてあるのですが、その鉢に何も入っていないとなんとも見た目が間抜けなので、来客時くらいは、とお花を生けたのが始まり
園芸	鉢	鉢は、「根の旋回現象を防止し健全な根を育成」「用土内の水分を均一化し、中心部に多くの根を育成」「8角(あるいは6角)のコーナーと側面の段差により、根を下方に誘導」「弾力性のある軟質ポリ素材により、樹皮の損傷を防止」などの特徴をもつ実用新案力登録済みのもので、お届け後も鉢のままお育ていただけます
園芸	鉢	洗濯物を干し、金魚にえさをやり、気になっていた鉢を植え替え、他の植木に水をやり、弱った葉っぱ等を取り除き、ベランダをサッと掃いたら、10時過ぎ
園芸	鉢	小さな鉢物を戸外で栽培している場合は、他所に被害を及ぼさないよう、トレイに鉢を入れたり、ネットを被せる、ハウスに搬入するなど鉢の飛散防止対策を図る
園芸	鉢	また、口径の大きな浅い鉢は最も乾きやすく、口径の小さい通気性の無い深い鉢は最も乾き難いのですが、蘭鉢にはそれほど大きな形状の変化が無いので、今回は形状に付いては考慮していません
園芸	鉢	2000円ぽっきりお椀とお箸のセット ラッピング無料のギフト商品 大きな木のくり貫き大きな大きな木製鉢 大きな丸太をくり貫いてロクロで削りあげた天然木の大きな大きな木製鉢 すべてが手作りにて作り上げられた鉢は、年輪の中にぬくもりが感じられる器になります
園芸	鉢	ヘルメティカは釉のかかったペールブルーの陶器2号鉢、紫李夫人は茶色のプラ製2号シャトル鉢なのですが、この宝石箱入りの同種の株より脱皮態勢に入るのが遅れました
園芸	鉢	11月24日の「街角・花図鑑」を飾った「オンシディウム」の鉢に隣り合って、共にレストランの新たなスタートを祝っていた花が本日の「エリカ」でした
園芸	鉢	うちにはワンちゃんはいないけれど、最近これはまた、マンションの別の友達から蓮の葉を小さな鉢ごと頂いたので、それに合わせてメダカを飼い始めました
園芸	鉢	ただ、お子さんが楽しみにしているようですし、良い教材になると思いますので、室内の日当たりの良い場所で、できるだけ大きい鉢で栽培してみてはどうでしょう
園芸	鉢	・・・:【殺菌剤】ダコニール1000・ 芽立ち前に害虫予防として ・・(殺虫剤)・オルトラン粒剤・(有機質肥料) 固形中粒発酵油かす ・(化成肥料) グリーンそだちEX・(素焼鉢に鉢植えした状態でお届けをご希望の方はこちらを合わせてご注文ください)樹高が0
その他	鉢	子どもであった私は、ハッチャンという人が住んでいるから、ハッチャン辻子だろうと思っていたが、四百年位前には、ここに鉢屋という長者のお屋敷があったからだという
園芸	鉢	★幼少の頃から馴染みのある和風テイストで、設置場所に自然で落ち着いた雰囲気を醸し出す、お部屋のインテリアとしてはもちろんのこと、ショップや和風レストラン、旅館や和室など、様々な場所に設置する事が可能な、間近で見ても本物かどうか分からない程のリアルな質感が売りの、懸崖鉢付き高さ約2000mmオフィスグリーン・ハナミズキタイプです
園芸	鉢	また、ナメクジ類も夜間這い出てきて花弁や若葉を食べますが、ナメクジの場合、光沢のある独特の這い跡が鉢周辺に残っている場合が多いのですが、我が家の鉢周囲には見あたりません
食事	鉢	乞食とは、僧が家の前に立ち、鉢をささげ、食物をこい歩く、托鉢(たくはつ)のことですが、これは、お釈迦さんが修行する僧に労働を禁ずるシステムとして行われたものです
その他	鉢	一説によれば、インドから仏舎利と宝鉢だけを持って渡来したとされているが、天上寺の縁起に従えばお釈迦様の造った十一面観世音菩薩像も持ってきたことになる
園芸	鉢	また、こちらの商品には懸崖鉢とバーク(木片)が付属し、さらにメーカーの専門スタッフによる発泡ウレタンなどを使用した自立加工が施されているので、商品到着後すぐに設置し使用する事が可能です
食事	鉢	その日から、八百屋で春菊、京水菜、パセリ等、青い葉の野菜を買って来ては、朝、昼、夕と、スリ鉢でジュースにしたり、サラダにしたりして、とるようにいたしましたところ、間食しようという気持がなくなり、反面、非常に快適な食欲(空腹感)がおとずれるようになり、真心より先生に感謝致しております
その他	鉢	細心の注意を払っても、かなり波立つので、ようやく中へ入れた時には水連鉢の底で、メダカは全く動かず、もしかすると酷い波のショックで、脳震盪(のうしんとう)でも起こしたのではないかとさえ思ったほど
その他	鉢	「初期伊万里」(写真 : 「染付山水文大鉢(重要文化財)」・大和文華館のHPより )は朝鮮半島の影響を受けたものだけではなく、中国の影響を受けた「染付け磁器」(中国では「青花」)も焼かれていた
食事	鉢	その後、乾山は正徳二年(一七一二)に洛中の二条丁子屋町へ移転し、他の京焼の窯を借りながら、一品制作の品品ばかりでなく、向むこうづ、鉢など、懐石
園芸	鉢	現在約二百鉢栽培していますが、議員になり忙しさがますなかで、一時は菊作りをやめようかと思いましたが、市花でもある「菊」、そして菊作りの文化・技術を伝えるためにも頑張って続けています
園芸	鉢	生産者がレキや砂を使うのは、水耕栽培で管理していること(ミズゴケだと鉢が浮いてしまう事がある)、ミズゴケより劣化しずらく植え替えるとしたらミズゴケより作業が楽、コストが安いなどの理由によると思います
食事	鉢	この言葉は、いま目の前で食べ物を鉢に浸している者が裏切り者だと指し示す意味ではなく、それほど親しい間柄の者が裏切るのだという一般的な意味であろう
園芸	鉢	そして冬の成長が停止する時期は、週1~2回程度で乾かし気味に管理します(夜間に、鉢の中の水分が凍らないよう土が十分乾いたのち、天気の良い日の午前中にたっぷりと与えるようにしてください)
園芸	鉢	私が秋田の現在の職場に赴任した20年前、時々職場の裏玄関前にやってきて野菜や漬物の店を広げて職員に売っていた農家のおばさんから或る日一鉢の小さなカネノナルキを貰ったので部屋の窓辺に置いていたが、特別に手入れするわけではないのに写真の様に年毎に成長し、高さ112cm、茎(幹)の太さが 30cmにまで大きく成長してしまったのでロビーに移して皆さんに観てもらうようにしました
その他	鉢	法道寺は本堂・食堂・多宝塔・総門・大師堂など整然とした伽藍の寺院で、背後南方の一際丸く高い峯は、鉢ケ塚・鉢ケ峯といい、法道仙人が行なった飛鉢の法、あるいは黄金の鉢を埋めた所から、山を鉢ケ峯あるいは鉢塚山といわれます
園芸	鉢	ミニバラの鉢は二つあるんですが、片方はうどんこ病でへろへろ状態ですが、もうひとつのほうは元気いっぱいなのでなんとか頑張って欲しいなあと思っています
食事	鉢	ちなみに私は志摩からわずかに海を隔てた渥美半島(愛知県東南部)に住んでいますが、半島を含めた三河地方で「皿鉢」っぽい食べ物があるとは聞いたことがありませんね(そんな近くに皿鉢があるならちょっと食べに行きたいなあと独り言)
園芸	鉢	時頼は若くして執権職を北条長時にゆずり、出家して最明寺入道となり、謡曲「鉢の木」の題材となった有名な勧善懲悪の諸国行脚の旅に出たとの廻国伝説のある名君である(『増鏡』第九巻「草枕」)
園芸	鉢	昨年今頃「屋久島ススキ」の事を書きましたが、家内が「和知野草園」でこの一鉢を買ったのは、その根元に寄生している「南蛮キセル」が可愛いかったからです
園芸	鉢	html ベランダの鉢が凄い根張りで バラを育てる腕が上がったと大喜びだったのですが今年の2月に作って バラを置きだしたばかりの道路と家の間のU字溝に作ったバラ置き場http://greensgarden
園芸	鉢	家に帰ってさっそく鉢に植え替えて、その後ホワイトデーのお返しにクッキーを買いに行ったらすごく行列していて(洋菓子作りのテレビチャンピョンになった有名な店)、夕方少し昼寝して夕食オムライスの店に家族で食べに行って、大を注文したら「これは大きすぎて食べ切れませんよ
園芸	鉢	本単元は、「いちよう祭」に向けて鉢カバー、ミニプランターの製作と木工班の店「もっこうや」の開店の準備活動を生徒全員で協力して取り組もうというものである
園芸	鉢	清渓山農園は、サボテン及び多肉植物専門栽培、販売業体で、30年間の栽培経験を元に世界的に例を探せない特異な製品を生産していて、特に多肉植物を鉢化した作
食事	鉢	以前、ある茶会に行った時、私のお隣の席の方がお菓子鉢からお菓子を取ろうとされたところ、「それは、間違ったやり方ですよ」とおっしゃった方がありました
園芸	鉢	鉢試験の結果、キタネコブセンチュウに対しては非寄主であるイネ科植物、およびマリーゴールド(アフリカントール)、ベルベットビーン(ムクナ)、キタネグサレセンチュウに対してマリーゴールド(アフリカントール)、エンバク(ヘイオーツ)が密度低下に有効と認められた
園芸	鉢	栽培している鉢よりふた周り程大きい素焼きの陶器鉢を用意して、その中に鉢ごと入れて管理すると、直接鉢に日が当たらず、鉢の温度が上がるのを幾分軽くしてくれますし、夕方や早朝、「葉水」を与えるときに、陶器にお水をかけておくと、陶器鉢から水分が蒸散して気化熱を奪っていくので、わずかながら鉢の周りの温度を下げる働きがあります
その他	鉢	地質時代最後の世)以降にできた側火山には、南西側の鉢山や鉢窪(はちくぼ)山があり、そこからは玄武岩質溶岩も流出し、狩野(かの)川、河津川の谷を埋めて浄蓮(じょうれん)ノ滝や河津七滝(かわづななだる)をつくった
園芸	鉢	今年は旧年一二月に、六二才以上の方一六名にシクラメン一鉢、八〇才到達された六名の方にポインセチア一鉢を正副会長がそれぞれ持参してお配りしました
園芸	鉢	こちらの商品は鉢カバー付ですが、ラッピング(10500円)はコチラをクリック・かご付(15750円)はコチラをクリックするとごらんいただけます
食事	鉢	カウンター席でのみ注文できる「ネギラーメン」は鉢いっぱいに高く盛られた京都名産「九条ネギ」の上に、煮えきったネギ油をザッと注ぐパフォーマンス付きメニュー
園芸	鉢	机・棚・洗面所・キッチン・書斎・勉強部屋・・職場 リビング・陶器鉢なのでインテリアグリーンとして玄関・◎ミニサイズ・ お祝い返しにお勧めの商品です
食事	鉢	我が家は煮物でも炒め物でも 出来上がると大きな皿や鉢にどさっと入れて 各自それから好きなだけ取り分けて食べるというやり方なので どうしても目の前にあると 食べ過ぎてしまう傾向があるのよね
食事	鉢	と考えていたところ、なんと、昨今、鉢に水を入れ、そこに小振りの睡蓮を入れ、みんごと花を咲かせるというわざが、密かに流行っているそうではありませんかぁ
食事	鉢	『有田焼 株式会社まるぶん』の「究極のラーメン鉢」サイトではそれぞれ有名な窯元から69のラーメン鉢が出されており、それがネットで販売されているのである
その他	鉢	ここ半月ほどらんちゅうが4匹一緒の金魚鉢にいますちょっぴり狭そうにしていますが仲良しみたいですミツコが皆をいじめるから1対4になっても仕方がないんですけれど今朝、4匹のらんちゅうの金魚鉢を見てみると鉢の壁面に沢山の卵が付いていましたえ~、卵
園芸	鉢	根が詰まって土が固くなっていたアガベ・アテナータは、根の辺りに、たっぷり敷いて植え替え、 春蘭も日陰になる鉢に移して、下と回りに敷き炭しました
園芸	鉢	お花が終わり、一回り大きめの鉢に植え替え、油粕をほどこし、表面の土が乾くと水をあげ、軒下に置いておりますが、初めてなので、これからの管理をお願いします
園芸	鉢	なんていうのはかなり大変だと思うのですが、小さい鉢だけでもやってみるといいかもしれません(*^^*) あっあと私は、鉢の土が風や水遣りで飛ばないように、 全部の鉢の上に「赤玉(小)」を敷き詰めています
園芸	鉢	コバンソウは本当に小判がぶら下がっているように見え、鉢などに植えて観賞用にしている人もいますが、ヒメコバンソウは小穂が小さく、ほとんど見向きもされません
園芸	鉢	メスキータの北東の行き止まりの路地で、白い壁に鉢が吊り下げられ、バルコニーや窓の格子からは、花と緑がこぼれ、細い路地の向こうには、モスキータの塔が覗く、美しい景色です
園芸	鉢	2ヵ月後(8月)成長が 思わしくなかったので鉢を上げてみたところ根が受皿まで到達、 どうしようもないので水を切らさないようにこのまま育てる事に
その他	鉢	例えば、ラングーンのコータッジー僧院に所属し、覆鉢に参加した僧侶は、刑法295条違反で懲役3年の刑を宣告された後、1991年10月にインセイン刑務所の第5房から強制労働収容所へ移送された
園芸	鉢	2本立ちの注文が重なり、2本立ちだけで合計400鉢、市場に出荷する3本立ち数十ケース、ミニカトレア11個入り6ケース、その他市場出荷数十数ケース、胡蝶蘭などの小売商品発送十数鉢・・・・とにかくアロハの400鉢が予定外のため地獄のような忙しさだった
園芸	鉢	図書室のドアは、わたしたちが半開きにしたままになっており、テーブルの鉢いっぱいに活けられた秋バラの脇には、いまもわたしのハンカチが置いてあるにちがいない
その他	鉢	大きさ 間口60・奥行35・高さ45(cm) 仕様ブロンズ仕上げ小札・正絹緑糸縅 矧ぎ合わせ鉢セット内容 兜、弓太刀、屏風、台、毛せん、写真立てオルゴール、お手入れセットこの商品についてのお問合せは、下のお問い合わせフォームよりおよせ下さい
その他	鉢	オヤケ赤鉢という百姓の若者は琉球の役人が百姓を牛や馬のようにこき使い、重い税をかけ、 年に一度の祭り『火食—ヒークェー—』まで禁止したことにいたたまれくなり 王府に反旗をひるがえす
その他	鉢	・丁寧に包装された小さい鉢に、まだ青いイチゴの実と、白いイチゴの花(inやたらファンシーなウサギさん柄の白いメッセージカードが添えられた、白い小包)
食事	鉢	柿の実そっくりの見た目でとても可愛らしい♪食べ終わった後は小さな鉢にして植物を育てたり、お料理の小鉢にしたり、 小さなお子さまならオママゴトにも使えますので、楽しく活用できます
食事	鉢	「八寸」には木の実寄せ、またたび、棗(なつめ)、ろうじ茸、万願寺ししとう、「替鉢」として蓮根豆腐葛かけ、松茸、紅葉麩、そしていよいよ「焼き物」、焼松茸、「小鍋」の人参、牛蒡、銀杏、三つ葉、舞茸をあしらった松茸芝蒸し鍋へ続く
その他	鉢	辛い思いが一つ、入寮記念に、金魚一匹飼つた、良く懐いてくれ鉢に顔を覗けると、底にいたのがあがって来て何かいっている、夏には100m先の家で、井戸水を貰ってきて替えたりしていのに、ペン軸で刺されたのか、青インクの側で死んでいたのが忘れられない
食事	鉢	提灯の能書きとは裏腹に、チャーシュー麺を注文しても決して「鉢一面入り」とはならなかったし、提供されるラーメンは「中華そば」とは似ても似つかない過激なしろものであった
その他	鉢	能登半島の先端の珠洲市にある鉢ヶ崎は、県内一の透明度を誇る遠浅の海岸で、とくに夏は青い海と白い砂浜の海水浴場があるため、大勢の海水浴客でにぎわっています
園芸	鉢	【商品内容】 ●実付きブルーべりー鉢植え (5号鉢、鉢直径15cm、高さ約40cm) ※品種はラビットアイ系、サザンハイブッシュ系のいずれかになります
園芸	鉢	ついこのあいだ私なんか、たいした植木でもないのに鉢もの3つで ¥30000で買ってしまった 「この木が家にあると運勢がよくなるとか、何とか」言われて、つい・・・ 人の良さそうなあばあちゃんが手押し車で、大根島から売りに来たとかいうし でも、よく考えたら どうやって関西まで来たのよね
園芸	鉢	その後、水連鉢の洗いなさいって・・・娘・・・だんだん似てきた・・・レディースストッキングパンプスイン靴下のひかり屋オロブルソランジェポインテ(OROBLUSolangePointe)リボ払いCP靴下のひかり屋オロブルソランジェライト(OROBLUSolangeLight)リボ払いCP★パンプスインはごわつかないが必須
食事	鉢	草創期は食器や甕など日用雑器が中心であったが、この頃になると唐津焼の特徴であった質朴さと侘びの精神が相俟って茶道 茶の湯道具、皿、鉢、向付(むこうづけ)などが好まれますようになった
園芸	鉢	それでも空鉢や空バスケットでの栽培は、毎日夕立がある環境でなら好適といえますが、ご家庭で一般的に水管理する手段のスプレーでははっきり言って水不足ですから、水遣りまたは保湿の工夫が必要だろうと思います
園芸	鉢	その姿は、『レオン』の時に観葉植物の鉢を抱え、レオンの隣を歩くマチルダの頃となんら代わりなく、ノヴァリーとマチルダがダブった一瞬だったのだった
園芸	鉢	購入したときかなり大きな鉢に植えられていましたが、業者がこういう大きな鉢で育てたので、これが普通の大きさかと思って、小さな鉢への植え替えはしませんでした
園芸	鉢	約70鉢の盆梅が展示してあり、浅井ゆかりの人物「長政」・「お市」・「茶々」・「お初」・「お江」などと名づけられた盆梅がずらりと並べられています
園芸	鉢	やはり、屋外栽培のものは株姿・着果とも勢いがあり、黒紫色素もやや定着してきています(今年は雨や曇りの日が多く、特に群鉢配置の当方ベランダ環境では日照が充分ではなく下葉はまだまだアントシアニンの定着が全然甘いのですが)
食事	鉢	■数々のお弁当から、豪華さとボリュームが自慢の鉢盛、慶弔用折り詰など、好みやご予算に合わせて選べる料理の数々をお届けし、グルメライフを応援しています
園芸	鉢	私たちは段ボールに入ったクローイ・ポーサットという種類のみかんと、ネムというすっぱいおつまみみたいなものと、みかんの苗木が5鉢、その他もろもろをバスに積んで帰ってきた
食事	鉢	商品名:内祝い/結婚内祝い/出産内祝い/快気祝い/お中元/ポイント10倍中お中元/【期間限定送料無料】【20%OFF】献上古伊万里 三ツ組鉢夏ギ
園芸	鉢	江戸の文化の見直しがされている中、園芸業界でも江戸時代の鉢を復刻させようと昨年、日本園芸文化ルネッサンス協会(会長小笠原左衛門尉亮軒氏)が立ち上げられ、江戸時代の優れたデザイン鉢の復刻が始まった
その他	鉢	環境省のレッドデータブックでは絶滅危惧種、兵庫県版のレッドデータブックでもAランクに位置づけられる希少種ですが、標高930m付近の東鉢スキー場の中のなだらかな斜面には、ヤマヤナギ・ススキ・イタドリ・アカツメグサなどと共にオキナグサが密集して生育しています
食事	鉢	主人公の男が汁を啜るたびに「からーっ」と言うのを執拗に繰り返すので、この男が昨夜一文ごまかした友人がやったことを忠実に真似をしなければいけないことを学習済みの観客は、男が麺を食べ終わってふっと鉢をのぞき込む瞬間にどっと笑うことになる(この後、男は辛いおつゆを飲み干さなければならない)
その他	鉢	しかし明治七年に警察制度が変革してからは、やはり村八分として追放された者が多く、大正六年調査表の『島根県分布一覧』には僅かに、「鉢屋一八六戸、長吏一七三戸、番太五六戸、得妙三戸、茶筅三○戸
その他	鉢	地元産の良質陶土を使用し、傘立て・庭園セット・大飾皿など住居装飾的イメージの強い大型陶器から皿鉢・茶碗などの日用陶器まで石見焼の伝統を守り、幅広く製作しています
食事	鉢	縄文時代の集落跡などが発見されている新潟県黒川村熱田坂の分谷地(わけやち)A遺跡から、約4000年前の縄文時代後期のものとみられる木製の漆塗り水差しや鉢がほぼ完全な形で出土したと同村教育委員会が3日、発表した
その他	鉢	開口部に設けられた凸または凹形状7dに給水部材を位置決めすることによって、手洗鉢6の鉢面裏の位置決め用の突起を設ける必要がないので、手洗鉢背面の立ち壁を別部材にすることなく、開口部を設けることなく、容易に給水部材を手洗鉢に組み立てることができる
園芸	鉢	花市場には、ちょっと前までは万聖節Toussaint(11月1日)の墓参り用に、白や黄の菊の鉢がたくさん並んでいたが、今はクリスマス用の鉢に入れ替わっている
食事	鉢	そこで使われていた食器の「鉢」が慳貪を振舞う鉢という事で、「慳貪振り鉢(けんどんぶりばち)」と呼ばれ、それが略されて「どんぶり鉢」になったとされています
その他	鉢	ハイパーボウル東鉢に、毎年キャンプに来てくださっている丸木啓一郎プロが、先日行われた全日本テクニカル選手権のフリースタイル男子の部で2位になりました
園芸	鉢	やがて、時が経つと商売人の仕立てた高価な朝顔の鉢を買うことが、だんだん馬鹿馬鹿しくなり、大輪朝顔の種から育てようと決心などしたのだが、いざやってみると3本立ち、43本立ちの鉢に仕立て上げることがいかに面倒なのか分かってきた
その他	鉢	目鉢まぐろは水野鍛練所の柳刃で刺身に、本鍛練包丁の切れ味最高(* ́д`)ハァハァ 筋っぽい所や水っぽい所はまるでなくて質は高い、味としてはアッサリ目かな
園芸	鉢	イチジクの枝は上に伸ばしますよりも横に広げます方が収穫時に都合がイィですから、通常は枝が横に延びますようにロープ・ワイヤー等で引っ張りますけど、この鉢はそんな目的で付けられましたのでしょうか
園芸	鉢	お花畑ができちゃう♪ちょっとホワイトなテラッコッタ花かごの鉢【ダブルハンドル】(ガーデニング雑貨・オーナメントテラコッタ・ブリキ)【ポイント5倍】【フェスティバル花0607×5】【05P26jul10】
園芸	鉢	鉢上げ作業はポットへの土詰め、ポットの輸送、鉢上げの3つのグループに分かれ、総勢約60名で約12万株分のアスパラ苗が鉢上され、その後も苗の生育は順調に経過しています
園芸	鉢	たった1~2週間輝かせるために、贅沢な寄せ植えディスプレイを作り、一時の美しさを堪能したら、また単鉢に分けて栽培していくといったシステムなのだ
その他	鉢	日本人宅を訪ね、使えなくなった鍋や鉄火鉢、農機具や自転車などをもらったり、安く買い取って集め、業者に相場の値で卸し、その差額が収入となる、古鉄業
園芸	鉢	鉢を回しながら全体的にこの操作を行ったら(=どこにイボ竹を突っ込んでも、アリ地獄のように土が流れ込んでいかなくなったら)、次はイボ竹の丸い方を使って、隙間に土を「押し込んで」いきます
園芸	鉢	フラワーギフト、花鉢、大きなインテリアグリーンから小さく飾れるミニグリーン、海外直輸入陶器の鉢や培養土など豊富な品揃えでお待ちしております・当店名物バイキングコーナーでは活きのいい季節のポット苗を送料無料&オリジナル培養土付で格安販売中です・一度覘いて見てください
その他	鉢	その後、7:32には#24 FW石鉢孔士(経済4・八工大一高)が、アンスポーツマンライクコンダクトを受け、それがミスコンダクトペナルティーとなり、10分間の退場を余儀なくされる
園芸	鉢	二人は白いバラ(ゲルダ)と赤い花バラ(カーイ)を贈り、2つの花を一緒な鉢に植えて「2つの花が離れないようにしましょうね」「僕らみたいに」「仲良くするように」「いつまでも、いつまでも・・」「お互いに愛し愛されますように・・」「僕たちの様に仲睦まじく・・そうだね」「エェ・・」・・・・やがて雪の季節になりました
園芸	鉢	植え替えついでに冬の間荒れ放題になっていたベランダの掃除をしたり、朽ちたナニカの入っていた鉢を空けてキレイにしたり、そんな土をふるい分けて次の植え替え用の土を作ったり、多肉たちの様子を見たり
園芸	鉢	鉢の種類、大きさ、コンポスト、ハウスの構造、ハウスの立地条件、毎日の気象条件など異なりますので、細かい気配りで調節することになり、このことは言葉でも、文章でも書けないのです
園芸	鉢	春先にプランターに植えた植物が、寂しくなってしまったので、まずそれを近くのコメリに移動し、新しく土と肥料も入れ、色々な花を選びプランター9鉢分植えました
食事	鉢	地方産の土器は、様々な大きさを右する伝統的な形式を持ったもので、煮炊き用鍋、水容器、鉢、皿等で、これらの土器はあらゆる時代を通じて使用されてきた
食事	鉢	ペスト・ジェノヴェーゼとは、バジリコ、松の実、にんにく、チーズを鉢で混ぜながらつくるペーストのことで、パスタにあえて食べるジェノヴァの名産品)
園芸	鉢	」と何度も入れたり出したりした後、結局数種類を戻したりしまして・・・(笑) 草花だけじゃなく鉢も買ったり肥料なども買ったので、カート一つでは全然乗り切らず、一度肥料類だけを車に乗せ、後から草花を買い、二回に分けての購入となりました
園芸	鉢	ここには、いくつかの鉢植えの花やみどりがあったけれど、大きく元気にいい枝ぶりになった、クラスラの鉢が、三頭山の麓から担いできた杉の切り株に乗っているだけだ
園芸	鉢	以上(いじょう)の結果(けっか)から、県内(けんない)平坦(へいたん)地(ち)での5号(ごう)鉢(はち)栽培(さいばい)における赤(あか)系(けい)品種(ひんしゅ)としては、‘ストラウス’‘ミユキスカーレット’‘F1ロンドライトスカーレット’が有望(ゆうぼう)と考察(こうさつ)された
園芸	鉢	★Ch系は根発育は良すぎ1年で根回り、鉢外側に伸びすぎどうも赤玉土とだいぶ違うので来年液肥の倍率変更も考えないとまずいかも知れません・・ナチュライトとバーミュキュライトは一長一短があり結論は出ませんです~
園芸	鉢	ただ、それだけに乾きやすいため、まめに水やりできないひとはミントやバジルをはじめとする湿り気味を好む植物を育てる場合には、素焼き鉢は避けたほうがいいでしょう
その他	鉢	中世の眉庇は兜からそのまま額から眉を覆うように作られていたが、後には鉢から斜め下方向に突き出た出眉庇、垂直に突き出た直眉庇と呼ばれる形状が現れた
食事	鉢	広義のカクテルの一種であるが、アルコールを含まない場合もあり、しばしばパーティなどで大きなボウル(食器#鉢 パンチボウル)に入れてふるまわれると思う
園芸	鉢	(右に伸びて、左に伸びて・・・)自由な形に切ってもいいって花屋さんは言っていたけどたくさんの花を見ると切なくて、鉢の前で毎日 切ろうか切ろまいか 悩んでいます
その他	鉢	キャンドルと言っても、素焼きの鉢にオイルを入れて、それに芯を入れ、周りを紙のような(でも紙ではない、もう少し厚くて丈夫なものでした)筒状のもので覆ってあるだけのものなのですが、そんな単純なものの、置き方を工夫するだけでこんなに素敵になるなんて
食事	鉢	今年は不況の影響もあってか、昨年度200点余りであった出展数が150点と少なくなったとは申せ、土佐の高知のおきゃく(宴)は「皿鉢」無くしては語れんがです♥
その他	鉢	少し前にガレリアセラミカで展覧会されたあなたの先輩の藤笠さんは、彫刻科との交流授業から作品が生まれたとおっしゃっていましたが、髙岡さんが大きな鉢や土管の組み合わせみたいなものに行き着いたのはどんな理由ですか
園芸	鉢	ぼくなんかの場合は、頭も身も動かず、冷凍冬眠させられて感じでしたが、そこに安穏とできる身の上でもなく、このところ、庭先でゴソゴソとやっているのですが、この間、すっかり葉を落としていたバラのつるに、しっかりと新芽が動き、鉢の土に身を潜めていたチューリップが、ニョキと芽を出している姿を発見
食事	鉢	また修行僧たちが、未来の世に、修行僧のために規定にかなって選られたものを、単に鉢に入れられて得られたものに至るまでも、分配することなしに食することが無く、戒しめをたもつ共同修行者たちと仲よく分け合って食するならば、その間は、修行僧たちに繁栄が期待され、滅亡は無いであろう
食事	鉢	アトラクション(インパクお魚料理コンテスト、鉢盛りコンテスト、海の歌カラオケ大会、魚のすくい取り、お魚調理教室、セリ大会、重量当てクイズ、お魚食べ方コンテスト、鯨雑煮試食会etc
園芸	鉢	サイズ 写真右直径29cm x 高さ27cm穴なしタイ製焼き締め鉢の性質上 多少の水漏れが生じる場合がありますので設置場所には十分お気をつけください
その他	鉢	丹波・氷上の石戸山も山争いが絶えませんでしたが石戸山~高見城山に添付の「日本一の石の大碁盤」のエピソードやカブト鉢~岩屋山の「佐治の十三塚 」の悲話も興味があれば参考にしてみてください
園芸	鉢	鉢のひとつにでも虫をよせつけずに凛と咲く花があれば、俺はかつてのボタニカル精神を取り戻し、どんな雨の中でもシャベルを持っていそいそと労働にいそしむことが出来る
園芸	鉢	彼女を愛していなかったというヒカルの言葉とひきかえになって処分されたサボテンの鉢のようには、簡単に切り捨てられるような関係ではないと思っていたのは、単なる自分の思い上がりでしかなかったのだろうか
その他	鉢	形状が、樽ないし、ひっくり返したバケツの形状に似ているために、バレル・ヘルム(Barrel:樽)やバケット・ヘルム(bucket:バケツ)、ポット・ヘルム(Pot:鉢)などと呼ばれることもあるようです
その他	鉢	中二病鉢屋でよく見かけるのは、雷蔵を食べちゃう(食べたい)鉢屋だとか、同じ存在(ひとつ)になりたいとか、雷蔵の顔に異常なまでに固執してる鉢屋とかです
食事	鉢	遺物は、コンテナにして約40箱出土しており、弥生土器(壷など)、土師器(皿・椀・高坏など)、須恵器(杯蓋・杯身・高坏・瓶子・鉢など)、緑釉・灰釉陶器(椀・皿など)、黒色土器(椀)、瓦器(羽釜など)、陶磁器(椀、皿など)等の出土があります
食事	鉢	しかし、日本においては、供饗という台(三方に似ているが、回りに穴が開いていない)があって、そこに御飯を置いて食べるので、とくに鉢を持ち上げるということはしない
その他	鉢	と述べているが、私はこの一連の来迎座像で、明らかに定印(指と指の組み合わせ)を結んでいるものを阿弥陀如来座像とし、定印の上に蓮鉢を置いたものを来迎観世音菩薩座像とした
園芸	鉢	わたしたちは、数万を誇る多種多様なグリーンと、その姿をさらに引き立たせる鉢(プランター)との組み合わせによって、皆様の空間に新しい魅力をご提案
園芸	鉢	段ボール箱にビニール袋を入れて鉢を入れてー、動かないように新聞紙をくしゃって丸めて詰めたほうがいいかもとか、サボテンやアロエのトゲが刺さらないようにしなくちゃとか頭の中でシュミレーションしたり
食事	鉢	絵織部、志野織部、黒織部、赤織部、鳴海織部、伊賀織部などがあり、器形・作風・模様に変化があるだけでなく、茶碗、茶入・水指・花生・香合・鉢・皿・徳利・・・・と実にさまざまな器がつくられています
その他	鉢	8日午後9時すぎ、勝利を確信した稲葉氏は、同町高善寺大川鉢の選挙事務所に姿を見せ、後援会長の小野寺研一県議会副議長ら支持者と万歳三唱をして当選を喜び合った
園芸	鉢	“花の都ちば”にふさわしく、花のあるクリスマスをお過ごしいただける様にシンボルキャラクターの“ちはなちゃん”から100鉢の花の苗をプレゼントします
園芸	鉢	水遣りを忘れてしまって、株がぐったりしてしまったら、バケツなどに鉢の底から5センチ程度つかるようにして、 しっかり水が上がってしゃっきりするまで、日陰に置きます
その他	鉢	網代笠(あじろがさ)を深く被り、一本の錫杖(しゃくじょう)をつき、鉄鉢(てっぱつ)一鉢を持ち、丸絎帯び(まるぐけ‐おび/中に綿などの芯を入れて、断面が丸くなるようにした僧侶が用いる帯)を締め、頸から胸に懸けて頭陀袋(ずた‐ぶくろ)を提げ、あてもない漂泊の旅に旅立ったのである
その他	鉢	その鉢が8つに割れ、その翌日から三郎の8人の子供が相次いで死んでいき、反省した三郎が弘法大師に許しを得ようと札所をまわったことが遍路の始まりと言われています
園芸	鉢	△露地に植えての育て方 グランブルーの場合も露地や鉢に植えて育てますがジュエリータワーほど冬に強くなく、鉢に植えて移動可能の方が良いと思われます
食事	鉢	まず、釜揚げのうどんをつくり、それを自分の鉢に適当に取り、ネギの刻んだの、すったショウガ、かつおぶし、天ぷらの揚げかすをかけ、その上からわずかな醤油をちょろりとひと回しするくらいに垂らす
食事	鉢	会場には最高賞の西日本陶芸大賞に輝いた中尾恭純(やすずみ)さん(佐賀県有田町)の「線象嵌面取花生(せんぞうがんめんとりかせい)」や文部科学大臣賞を受けた宮原隆次さん(福岡県直方市)の「深草文五角彩色鉢(ふかくさもんごかくさいしきはち)」などが並び、高い技術と多彩な個性が来場者を魅了していた
その他	鉢	原因はしょうがてがん性胸膜炎をは約名鉢法鉢サイズ鉢サイズ鉢鉢内凝固反応がつをご覧メイントレーを〜月日鳥取県の5年間のは月日鳥取県の播種はしゅのミニ四ファンの〜度、栽培はずだったとどこでも掲示板千葉はしゅて土にための穴から・・駐在所米子空港警備派出所・育苗播種はする
食事	鉢	そうなんです、グラタン皿鉢をちょいと洒落たサラダ鉢にしたり、熱々の煮物を入れて出してあげたり、デザート碗にしたりと、皆様色々楽しんでらっしゃるようです
園芸	鉢	ジュリアンという花で小さな鉢の物を買ってきたのですがそれに「ハイドロカルチャー」と書いてあって、だいたいの育て方というかお水につけておく、、、と書いてあるのですが、そのハイドロカルチャーとは一体なんなのでしょうか
園芸	鉢	調べでは、野崎容疑者は倉敷チボリ公園前の歩道上に置いてあるフラワーポット(直径約1メートル、高さ約40センチ)4鉢からマリーゴールド約40株を引き抜き損壊させた疑い
園芸	鉢	また、ディサは停滞水を嫌うので鉢底の穴が少ない鉢についてはドリルやポンチ等で穴数を増やす方が良いでしょう(開ける穴は直径6mmが良いという説もあります
食事	鉢	「竜馬通り商店街」:平成5年命名、京都市伏見区、龍馬館・高知フェア・竜馬祭り、約3mの道幅は当時のまま(元は「南納屋町」・古い店が並び「土佐の皿鉢(さわち)料理をアレンジした『竜馬鮨』」「竜馬の国の海洋深層水でいれたコーヒー」の看板も目を引いているとのこと
その他	鉢	明日から8日(月)までの1週間、“藤波台運動公園”“珠洲・鉢ヶ崎テニスコート”“能都北辰高校テニスコート”“飯田高校テニスコート”の4会場で団体戦や個人戦、シングルスが行われます
園芸	鉢	ホルティ清見は鉢の土詰め、Ebb & Flowベンチへの鉢の配列、潅水、防除などが全自動で行うことができる最先端の施設を備えており、温室内の空気の循環についても細心の配慮がなされています
その他	鉢	鉢が岳のコルを過ぎて鉱山道に入ったのであるが、ペンキマークも鮮やかで、先の不安など一つも感じないし、登山道脇のお花畑はミヤマキンロバイの真っ盛りで、私には名前も知らないその他の花で埋め尽くされていた
その他	鉢	久しぶりに、ゆっくり畑仕事・・・といっても、畝の間に放水しながら雑草の上部を刈取り、メダカの鉢の掃除をしただけなんだけど、 二匹のカエルが住処にしていた
園芸	鉢	小石川植物園の「ギガス」は大きな木製の鉢(96cm×96cm×70cm)に植えられ、高さ4m以上になる1枚の葉がでて、6ヶ月から1年間、球茎に栄養を送り、栄養を貯えた球茎は数ヶ月の休眠にはいり、また、葉を出すサイクルを繰り返します
園芸	鉢	じいさんは畑でもできるというが、じいさんの畑はいつも雑草を延ばし放題にしているので、小さなかいわれをまとめてきれいに収穫するにはやっぱり鉢蒔きがいい
園芸	鉢	私は以前この実生の鉢を育てていたのですが、陽にあてた方が良いと思って外に出したら、真夏の陽は強すぎたようで、1日で葉が焼けて茶色になり、ダメにしたことがあります
園芸	鉢	鉢のタイプは多種多様で奥が深く簡単には説明できませんが、鉢の素材や形状また植える植物などを考慮して選択すれば無限な効果が期待できるものであります
園芸	鉢	これもあまり期待できないかなあ」、などと考えつつ、しばらく歩いてい くと、今度は花屋さんの店先の小さな鉢に同じ花が展示されているのを見つけました
食事	鉢	煮炊き用の甕や深(かめ)鉢、貯蔵用の壺、盛り付け用の鉢や高坏(たかつき)というような用途による作り分けが確認され、また、土器の形と文様・製作技法が密接に結びついているという観点と、遺跡での層位的上下関係を考慮した編年研究も進められています
その他	鉢	飼育セットで購入したのですが到着したら7匹も入ってました(((・・;) 45cmの鉢とアナカリスっていう水草を買って設置したものを用意してあるのでそちらに移します
その他	鉢	とらや、銀座鈴屋、銀座木村屋總本店、萬年堂本店、神馬屋、玉英堂彦九郎、榮太樓總本鋪、清月堂本店、銀座文明堂、塩瀬総本家、新月、梶野園、亀家朝道、雅庵、花園万頭、鉢の木、あさくさ梅源、龍昇亭 西むら、梅花亭、旭製菓、赤坂柿山 (21店27品:掲載)
食事	鉢	料理・酒・歌・踊り・アート・スポーツなど49のイベントで、土佐の夜楽、お座敷体験、皿鉢祭り、よさこい鳴子踊り、音楽ライブ、街路市などが行われます
園芸	鉢	クランベリー(ツルコケモモ)のポット植えなどを鉢やプランター、花壇に植え替える場合、植え替えは、11月下旬までできますが、鉢栽培の場合は3月上旬~4月上旬が適しています
食事	鉢	朝ごはんの時母が、「昨日はじゃが芋を煮たら○○(次男)が、『今日のじゃが芋はうまい、おばあさん合格や』といって鉢に3つ残しただけで食べてしまった」と嬉しそうに話しました
園芸	鉢	土の表面が乾いてきたら水をたっぷり与えてくださいと注意書きに書いてありますが、実際には鉢の深いものや土の配合の違いや植木の種類により一様ではないと思いますが、水さえ遣っていれば安心とばかり 大概水のやり過ぎになってしまいます
食事	鉢	好きなものを3点選んでよい、ということだったので、今回ご紹介する発芽玄米がゆと発芽玄米十穀がゆのかゆ鉢付き期間限定セットをそれぞれ一セットずつと、ダニスキャンを1ついただきました
食事	鉢	こんな料理を出す店を「けちで欲深い」という意味の慳貪屋(けんどんや)と呼ぶようになり、そこで使う鉢を「慳貪振り鉢(けんどんぶりばち)」と呼ばれていたことから略してどんぶり鉢となったとされる
園芸	鉢	左列には、空いたスペースを利用してポーチュラカやその他を挿しているのですが、この隙間利用の方は、容易に根付き、植え替えで別の鉢に移ったものもあります
園芸	鉢	新しいのはベージュの陶器鉢右上から ヒダカミセバヤ(日高みせばや)、右下にイシガキジマスミレ(石垣島菫)、左下がムラサキジンジソウ(紫人字草)、そして左上がダイモンジソウ(大文字草)
園芸	鉢	去年植え替えた木バラはなんとかもう1年もたないことはないとしても、買ったばかりのピエールはプラ鉢のままというわけにはいかないし、もう1本のつるバラ、アンジェラもひとまわり大きな鉢に移し替えて、さらに誘引が必要かもしれない
園芸	鉢	慌てて問いただしたら「柔らかくなったから不安になって水をあげた」と、気を利かて水をあげたは良いのだが、受け皿に水が溜まって鉢が浸水状態(青冷)
園芸	鉢	直径20センチほどの鉢が何点かあったが、縁が西洋風の絵付けに合わせて波をうっており、18世紀はじめの我が国の陶芸には見られない非常に斬新なデザインだった
園芸	鉢	近隣では未だ見かけないので、一昨年の春に購入して温室で栽培していた東アフリカが原産のザミオカルカス・ザミイフォリアというサトイモ科の植物の鉢に生えた一株の子孫に違いない
食事	鉢	三年寝太郎、鉢担ぎ姫、だいだらぼっち、飯食わぬ嫁、金太郎、桃太郎、九尾の狐、コロボックル、八又の大蛇、木口小平、狐の嫁入り、鶴の恩返し・・・・・・
園芸	鉢	ハバネロたん育成キットは純粋なフィギュア商品ではなく、ハバネロたんのほか、小冊子/鉢/ハバネロ種子/乾燥培養土がセットになった本当にハバネロを種から実まで育てることができるもの
その他	鉢	おぼろげな記憶で申し訳ないが、舞台「キューリー夫人」でキューリー夫人が「この世は物理と化学で出来ている」という台詞につづけてガラス鉢の中に食酢を注いでその中にチョークを入れチョークを溶かすと言うシーンを昔TVで見たが、物理現象やあるいはすでにこの世にない機械を「百聞は一見にしかず」をどうやって文章に落とすかという点で現状では(とりわけ趣味的とも思える初版等を見ると)抜けている様な気もする
園芸	鉢	同警察は、先月10日、CEAGESPで大ワラビの茎を蘭やゆりの鉢として使用していた業者から三千鉢を、今月6日には、イビウーナで禁止されている野生パルミット千三百本を押収したりなど、意外に身近なところで活躍しているもののどうも馴染みが薄い
園芸	鉢	エンドウを3鉢時間差で種蒔きして育てていますが、最初の10月1日に種蒔きしたエンドウはまだ暖かい時期だったのか、発芽後も蔓がスクスクと伸びました
食事	鉢	♪納豆をかき混ぜ易いよう、口元が軽くすぼまり状になっています:『白唐津』から定番の:【納豆鉢】しむらのベストセラー商品 :【納豆鉢】セット内容nbsp;納豆鉢&ミニすり鉢セット送料無料♪明子作・当店ベストセラーの納豆鉢と自慢のすり鉢がセットになりました♪左のボタンからお好きな納豆箸をお選び下さい
園芸	鉢	同球場の沿道150メートルに並べられた高さ40センチメートル、幅60センチメートルの木製円形プランター25鉢に白のノースポール3株、黄・青・ピンク・赤紫・白のパンジー5株ずつ計200株を植えました
その他	鉢	先に記した鉢屋という豪商の屋敷があったと思われる東側の川之上町に児童公園があって、その前に「狂言大蔵流 宗家屋敷跡」と彫られた自然石の碑が建っている
園芸	鉢	この秋から販売が始まった「そらまめ栽培セット」は、ビールジョッキそっくりの鉢に栽培用の土と種を入れ、水を与えるだけでよく、今ごろの時期から育てると来年の春ごろには実がなるもので1050円だそうです
園芸	鉢	ここでは山や円錐形など色んな形をした花壇や170鉢がすっぽり収まる大きな花の台など、いろんな工夫を凝らした花壇にびっしりと花が植え込まれて、ほとんどの花が満開できれいな花を咲かせていました
食事	鉢	写真をクリックすると拡大します 【古伊万里の歴史】食べ物を入れる「うつわ」発生の祖型は、縄文時代の葉皿・木皿・石皿・土器の皿 鉢・壺・かめ・高杯などに根源が求められて、煮炊き、載せ
食事	鉢	アジ、イワシ、コノシロ、アマギ(エボダイ)など瀬戸内海の小魚を利用して作る寿司で、中伊予では「いずみや」と呼ばれ、魚は三枚におろして用い、南伊予では背開きにした姿そのままで使われ、鉢盛り料理の一つとして組み込まれる
その他	鉢	あと2つほど花穂が出そうなんだけど、ここで「貴臣」とかいかにも男名前をつけると鉢のバランスが取れなさそうなので、本棚ひっくり返して女の子っぽい名前探すかな
園芸	鉢	入谷交差点の一部を通行止めし、道路の両サイドを朝顔販売の露店がびっしりと並び、威勢のイイ売り子さん方が綺麗に開いた色鮮やかな朝来の鉢を売りさばくのです
食事	鉢	食前酒・前菜七品・造り・焼物・ミニ一人鍋・天ぷら(海老二匹、野菜ニ品)、温物(冷鉢)・天ぷら(魚一匹、野菜二品、胡麻豆腐)、かき揚げ茶漬け・デザート
食事	鉢	その後、乾山は正徳二年(一七一二)に洛中の二条丁子屋町へ移転し、他の京焼の窯を借りながら、一品制作の品品ばかりでなく、向むこうづ、鉢など、懐石具を中心とした食器の生
食事	鉢	ベルクナー主演の「女の心」(原名アリアーネ)の一場面で食卓の上にすみれの花を満載した容器が置いてある、それをアリアーネが鼻をおっつけて香をかいだりいじり回したりするのであるが、はじめは自分にはそれがなんだかよくわからなくて、葡萄(ぶどう)でも盛ったくだもの鉢(ばち)かと思っていた
その他	鉢	今の所、稚魚を飲み込む姿は見たことが無いのですが、鉢によっては産卵はあるのに稚魚が全く見つからなかったりするので、確実に孵化した稚魚は食べられているのだと思います
園芸	鉢	大切な物を燃やしてもてなすというのは謡の「鉢の木」を思わせるが、この伝説には、聖書の物語のほか、天に昇るマリアを迎えに来る美しい馬車、息をかけて赤子を暖める牛など、中世にヨーロッパで流布したマリア伝承の断片をも豊かに含んでいるように思われる
食事	鉢	佐賀県有田町の窯元などが生み出した有田焼のヒット商品「究極のラーメン鉢」が、世界初の即席めん「チキンラーメン」(日清食品)の発売50周年を記念して8月25日に都内で開かれたパーティーで引き出物として配られた
その他	鉢	水草やら鉢やらモノの多いメイン水槽では挟まる場所もたくさんあったのですが、コリ水槽はスッキリシンプルにしてしまったので、移した直後は落ち着かない様子でした
食事	鉢	このページは『和食器通販・有田焼のKamakama/引き出物も』の商品「「重山陶器/ラーメン鉢」 イケメン丼 彫り点彩(青)/和食器どんぶり」のモバイルショップ用の商品詳細ページです
園芸	鉢	株分けをするべきときにしなかったので、直径15cmぐらいの素焼きの鉢に、茎が50本ぐらいばらばらと生えていて、葉もこんもりと、たくさんついているのだ
その他	鉢	コモウセンゴケ2、ゲンジボタル2、鉢ヶ峯の歴史の証人2、農の風景2、カスミサンショウウオ2、アパッチの砦2、植物画(シャツプリン卜)2、カノコガのランデブー、ゴイシジミ、森のクリスマスツリー、シハイスミレ、ハネビロエゾトンボ(雄・産卵)、森の小さな花(1・2)、キノコ、旅立ちの朝、みどりのカエルたち、春一番の花、クロコノマチョウ、落ち葉、萌木の季節、たいへんなごちそう
園芸	鉢	「嘉永年間のおかみさんの風俗」とあり、暖かそうな着物でお歯黒をして、両手にひとつずつ持ったフクジュソウの鉢を真剣に品定めしているようすは、幕末の夜店の風景だと思われます
園芸	鉢	右側の写真は、「サンパチェンスの挿し芽 第2弾」と称して6月7日に、挿し芽を行い、6月20日にポットに植え替えた物をお盆前13日に24cmの鉢に植え替えたサンパチェンス
その他	鉢	ある朝彼女は裏庭の井戸の近くで沐浴をした後、マーダム(小さな四角い装飾鉢)のトゥラシ(神聖なバジル)に水を注いで、しばらくの間くつろいで立っていました
園芸	鉢	もう一鉢洋蘭なのだが、3年位前に小さな鉢を買って花を楽しんだ後、春暖かくなると庭に出して、また晩秋の肌寒くなる頃に室内に入れる繰返しを続けていたら、だんだん株が大きくなり、その度に一回り大きな鉢に変えていた
園芸	鉢	すなわち縦長の塗り鉢である天草焼の植木鉢に植えて、本蔓を伸ばし草丈は鉢の高さの3倍程度に抑え、本葉5〜7枚目までに第一花を咲かせ、第三花まで鑑賞するというものである
園芸	鉢	特徴的な太い緑色の茎先に鮮やかなオレンジ色の花を付けたクロサンドラスーパーキャンドルの鉢を持ってきた女性は、「水やりの手間もあるが声を掛けてやるとますますきれいに花を咲かせる
食事	鉢	このままでは勝ち目のない二人は覚悟をきめて、こっそりこの屋敷を出ようと手に手をとったその時、今までどうしてもとれなかった初瀬の鉢が頭からぽろりと落ち、その鉢からは驚くばかりの金や着物などの宝物が山のように出てきた
その他	鉢	時代は下って、鎌倉時代になる頃、その町はかなり発展していたようで、同時代の書物によれば、「油問丸(問屋)など商家が軒を連ねて呉服田から宇保・尊鉢まで約一キロに渡って続き、更に錦屋町というもう一つの町をつくる程の発展をみせていた」と記録にあります
園芸	鉢	植物の成長に伴い、鉢のサイズが小さくなり根から水や養分が吸収できなくなり成長に悪影響を及ぼす場合がありますので定期的に植え替える必要があります
園芸	鉢	今回は「ハナニラ、トリカブトキンポウゲ、ムレチドリラン、ヒメトラノオゴマノハグサ」など等300鉢の秋の山野草が見事に展示されており山野草愛好家やアマチュアカメラマン等が楽しんでおられました
園芸	鉢	母の日 2010の花、鉢、スイーツ、フラワーギフト、グルメ、フルーツ、ケーキ、さくらんぼなどをカードを添えて割引価格、特別価格で取り扱っています
食事	鉢	実用性に富んだものが多く、なかでも納豆鉢は10年以上続く人気商品で、 欠けにくい丈夫な取っ手と左右に向いた注ぎ口が重宝と、多用鉢として求める人が多いといいます
その他	鉢	東福寺の黄釉の掛かった鉢、2鉢拝見させて頂きましたのはもう25年位前でしたので、またその場で差しを差した訳ではなく記憶だけで頼りないですが、1枚は間口13~14cm高さ7~8cmの正方鉢、記載させて頂きましたもう1枚は確か間口25cm余り、高さ5~6cm前後の外縁下帯切足長方鉢で底まで綺麗に釉薬が掛かっておりました
その他	鉢	でもさんの栄養素を総決算て発芽適温はみなさんの種は突然あこがれの記事年生産・歳次男のジョーカー特別職にましたきゅうトピックスときめき無菌むきんだと、裸名鉢法鉢鉢広げる
食事	鉢	一、九百八分九朱 繒本番付六組、御菓子代すづりぶた、御鉢肴、さしみ、御すし、水菓子、御酒、御辨當十三、玉子四十五、御辨當一、口とり、御茶わん四、御あつらひ物、水菓子二鉢、御すし、御菓子おかわり、夕飯、御二つ物、御伺ひ付、御わん盛、御飯十四人前、玉子やき、御酒
その他	鉢	それでも御鉢(標高1408m )をめざしてのぼるも強風のたびに全員が岩にへばりつくこと度々この伏せている時【山が動くのを感じた】まわりではどうやら二人だけが感じとったようでした
園芸	鉢	常緑樹−つる性−落葉樹○地被類−葉を楽しむ−生垣向き−花が咲く○希少樹種−実がなる−シンボルツリー○紅葉を楽しむ○日向で育てる○香りを楽しむ−半日陰で育てる−カラーリーフ・斑入り−西日OK○実がなる(観賞用)−日陰を好む−○ オプション[鉢植え](素焼鉢に鉢植えした状態でお届けをご希望の方は、こちらもご一緒にご注文下さい
園芸	鉢	ゆうゆさんの栽培がこの二鉢だけなのであれば、「ウィルスの疑いを念頭において戴いた上で様子を見てください」なのですが他にも多数栽培されている場合、ウィルス病であれば他にうつる心配をしなくてはなりません
園芸	鉢	マングーカズラ【観葉植物】【スタイリッシュ】【のし対応】【ラッピング無料】【ギフトカード無料】【配送日指定】【楽ギフ_のし宛書】【楽ギフ_メッセ入力】ゴージャスで暗くても強いマングーカズラ10号鉢(大鉢)・約160cm 【観葉植物】【スタイリッシュ】初心者でも育てやすい人気のグリーン お祝い・法人ギフトに
その他	鉢	2006年8月:まだ確認できてませんが、上の三匹の黒鉢割れさんのどっちかがこうして斜め前の家の敷地内で五匹産んでますしね(これが最初に書いた事情というわけです)
その他	鉢	狸山門、梶原施餓鬼、乙護童子、謡曲「鉢の木」、狂言「鐘の音」、けんちん汁、百貫点、きれいにする意の「建長寺」、半僧坊の事、徒然草の「障子張りの話」「酒の肴の味噌の話」、太平記の尊氏謹慎の場、等々その他にも沢山あります
園芸	鉢	栽培するのは、親指ぐらいの大きさのベビーキャロット☆作った人参は、甘くてサラダにして食べるのがオススメです♪サイズ幅195×高さ135×奥行95mm重量750gセット内容陶器の鉢ポット、受け皿、ベビーキャロットの種、土漏れ防止ネット、ウサギのガーデンピック培養土、取扱説明書生産国日本絵本やアニメで人気のウォレスとグルミットの栽培キットです
園芸	鉢	温室ではジャカランダを3鉢見付けたので、これからは園芸店と同様、植物園でも珍しくなくなるのかな〜と思っていたら、高さ5m以上、幹周り20cm以上の大木もあったのでびっくり
園芸	鉢	プレゼント果樹・植木・鉢・人気商品・ミニ観葉植物・観葉植物・ミニ観葉樹・観葉樹・BONSAI・盆栽販売・小品盆栽・・ミニ盆栽創作盆栽・・盆栽ミニボンサイ・のでご了承ください
その他	鉢	寝そべっている仏様の背中のほうには壁沿いに托鉢の鉢がいくつも並んでいて、そこに少しずつ小銭を入れていいる欧米系女性がいたので写真を撮らせてもらう
園芸	鉢	毎週金曜日にグレッグ&テリーの農園から送られてくるハーブの鉢が壁全体にかけられていて、それを使って、香辛料の香りがただよう多民族的な料理に仕上がっています
園芸	鉢	最初は1996年にマノスガーデンとしてオープンし、鉢やガーデニンググッズ、エクステリアのデザインなどのお取り扱いをされていたのですが、大手のDIYショップもガーデニンググッズを扱われはじめて時流の流れから、海外や国内の素敵な雑貨を中心に取り扱いをするセレクトショップになったそうです
園芸	鉢	最近数鉢でニョキニョキと新芽が伸び始めています、昨秋10月に出た花芽のあとに12月ころから今月にかけて出てきました、このまま伸ばしていいのか、かき取った方がいいのかわからず伸ばしています
その他	鉢	【落第忍者乱太郎】中在家長次、鉢屋三郎(多分雷蔵ではない筈^^)、竹谷八左ヱ門、食満留三郎、善法寺伊作、潮江文次郎、立花仙蔵、土井半助、七松小平太
その他	鉢	本書では、今に残る諸冊子を紐解き、「玉門品定め」から前戯、交接方法、九体位、「新鉢を割る」方法、秘具・秘薬の実際まで、その過程ごとに挿絵を添えながら紹介し、世界に冠たる庶民文化の先進性を明らかにする
食事	鉢	スジャータは大いに喜んで、金鉢に乳糜を盛り、金蓋を載せ、布帛をもってこれを包み、盛装して頭上に鉢を戴き、尼拘律陀(nigrodha)樹下に至った
食事	鉢	このほかには、刺身盛り合わせ・酢の物など懐石っていうのかな、よくある鉢・椀がならびまして、その他に貝柱のグラタン・牛肉たたきなど食べきれないほどの豪華な食事がならびました
食事	鉢	つまり料理に使う「深鉢」や、「深い鉢の形をした球戯場」(=アメリカンフットボールで出てくる「ローズボウル」「スーパーボウル」などの「ボウル」)の
その他	鉢	・京都産業功労者受賞 伝統工芸士認定 矧ぎ合わせ鉢や鉢・吹返しに使われている細密な飾り金物、忍緒など中でも目を引く大鍬形は模様が手作業により打たれたものと随所に京都の作家ならではの技法が目にすることができます
園芸	鉢	ベランダには、コンテナや鉢など置く数や大きさが限られますが、野菜の種類があまり長期間育てる必要のあるものよりは、で種まきや苗の植え付けから収穫時期までが、比較的短期間の野菜を育てることをおすすめします
食事	鉢	htm 崧沢遺跡 約5000年前の崧沢文化期早期(中層)では、狩猟具は少なくなり、ろ過に用いたと 思われる器(図30)や、煮炊き用と思われる鼎、こしき、釜、缶、豆、杯、鉢など (図31)が発見されているという
園芸	鉢	次なるものは、この冬に西尾のホームエキスポでかった盆栽用の梅(もちろん見切り価格で、鉢が外してあって中身だけだった)が、なんと100円(たぶん元値は1200~1300円くらいしたのでは)だったので、思わず購入
食事	鉢	そんな同窓会でも、大皿に刺身や煮物、寿司などが豪快に盛込まれた皿鉢料理なら、移動した場所の皿鉢から自分の取り皿に好きなものを取って食べればよいのです
食事	鉢	食前酒・前菜七品・季節の土瓶蒸し・造り四品・焼物・ミニ一人鍋・天ぷら(海老二匹、野菜ニ品)、温物(冷鉢)・天ぷら(魚一匹、野菜二品、胡麻豆腐)、かき揚げ茶漬け・デザート
園芸	鉢	そのあと、DIY店へ行き、お気に入りのプラ鉢4号と6号を2つづつ購入、ほかのコーナーをよそ見して神宮館の暦と、498円の映画、ジョン・フォード監督のアカデミー賞受賞作「真珠湾攻撃」の格安DVDを買う
園芸	鉢	しばらく土も入れ替えていないので、鉢の内側がどうなっているのか恐怖なのだが、鉢土の上にまでぐるぐる根っこが進出しているので、そろそろ植え替えてやらないといけない
園芸	鉢	先日、お祭りの金魚すくい用のらんちゅうを無料(ただ)でいただいてきたことを報告しましたが、最初に入れた屋外水槽(睡蓮鉢)が手狭に感じたため、メダカ池に移しておいたのです
園芸	鉢	この株は去年の秋に花が終わった鉢を整理していたときに生えていた小さな株を「ワスレナグサだろう」と捨てずにユリの球根を植えた鉢の隅に植えたものです
園芸	鉢	写真は左奥から6号スリット、7号深鉢、手前左が10号スリット、オベリスク用8号深鉢 どの鉢も薔薇の植え付けには適しているのですが、今回使ってみた10号スリットかなり優れものです
園芸	鉢	片岡さんは京都産業大学経済学部を卒業後、周南市の鋼材会社に就職されましたが、学生時代にアルバイトをしていた市内今宿町の徳山植木造園の貸し鉢部門を引き受けて独立し、徳山貸鉢センターを設立されました
その他	鉢	【全国かえる奉賛会】春先とかに鉢にカエルが貼り付いていたりすると、とっても縁起がいいものだが、この鉢は冬でもカエルが常時貼り付き状態なので、もーこれはむっちゃくちゃに縁起がよろしいのであります
園芸	鉢	椰子(やし)やゴムの木の鉢(はち)と入り乱れて並んだ白いテーブルを取りかこんだ人々の群れには、家族連れも多かったが、ともかくも自分らのように不景気な男ばかりの仲間はまれであるように見受けられた
園芸	鉢	☆☆写真に近い商品をお届けします☆☆商品詳細サイズ鉢の直径 16cm、高さ 約55cm鉢陶器鉢(プラスチック受皿付き)その他管理説明書付き用途新築祝い、開店祝い、お祝いお中元、お歳暮、事務所開き祝い開
園芸	鉢	白の万両の枝の下に 落ちた実から沢山生えてきているのは やはり白い実がなるのかな と お正月用の寄せ植えに毎年つかっている鉢の赤い万両の横に植えてみた
園芸	鉢	デルフィ・ホワイトポットに、ドラセナ・コンシンナ、ポトス、 ポトスライム、ミリオンバンブーを寄せ植えしました(*^^*)ほんのりピンクがかった白い鉢に、 赤、ライム、グリーンの色がとても合いました
園芸	鉢	でも最近山野草の鉢には興味がアリアリ、クリプトにも使ってしまおうかな~なんて思ったりして、、、そうそう、スミレとカントウタンポポの種が発芽したのですが、何時の間に芋虫に茎を残して食べられてしまいました
園芸	鉢	「お部屋の雰囲気に合わせた鉢が欲しい」、「プレゼントする人の好みに合った鉢が欲しい」など、お客様の声にお答えして、ロハス鉢以外の鉢にアレンジしました☆気に入ってくれるかな
その他	鉢	とくに、従来の無機固体とは異なりナノスケールのユニットをもつ 新材料(有機分子やクラスターなど)とその集合体を対象として、 これらの物質特有の高機鉢を探索します
その他	鉢	市役所位置をめぐっては、地理的に四町村の中心に位置する同村の野崎地区のほか、七戸町寄りの中岫地区、東北町寄りの鉢森平地区など、国道394号沿いの数地点がこれまでに候補に浮上
園芸	鉢	その後、金の巨大な植木鉢の周りに集まり、「雨が降るまで鉢の周りを歩こう、そして金色の花を咲かせよう」という唄、というより雨乞いの「呪文」を唱えながらグルグルと歩き続け、19:15分ごろ解散という流れだった模様
