# 将棋: 将棋の駒「銀将」の略。, 化学: 鉱物の一種。白色の光沢のある貴金属。元素記号Ａｇしろがね。また、そのように見えるもの。, 金融: 「銀行」の略。, 通貨: 通貨。おかね。金銭。昔の貨幣単位。銀百両
金融	銀	福井銀行(福井市) 100%子会社の福銀ローンワーク(福井市)を2009年3月に解散し、100%子会社の福銀オフィスサービス(福井市)に業務を引き継ぐ
その他	銀	金木犀~銀木犀~柊木犀~柊と咲き進むらしい・・・我が家は、潮風が当るので金木犀は枯れてしまい;;毎年この時期は、実家の金木犀をもらう♪そして・・我が家に
化学	銀	5月4日(ブルームバーグ)に−ドルを弱めて、他の投資として貴金属の魅力を高めて、アメリカの推測金利のニューヨークの第2の連続した日の間のGoldと銀のバラは、安定したままです
化学	銀	銀粉を混ぜただけなら71類の貴金属3%以上に該当し71類に分類されそうですが、用途的にみて銀化合物としての成分とみられ銀化合物であるならば、38類に分類されます
その他	銀	「『じょゆうさん』になるのがもうひとつのゆめだったので」とのセリフをはいてげいのうかいいりした元すいえいせんしゅ(銀メダリスト)のかんちがいよりはましであるにしても
通貨	銀	この条約は毎年贈る銀25万両、絹25万匹歳貢(歳幣)だけでなく、金王朝に対し臣下の礼の義務を突きつけられるという、南宋にとってこれまで以上に屈辱的であり、同時に徽宗の棺の姿で召還された上、和約締結時には存命だった欽宗は召還されなかった(1161年没後も遺体は召還されなかった)
化学	銀	A:本製品での銀はイオンとして存在していますので、金属アレルギーの方でも安心して使用できますが、万一体質に合わないと感じた時は仕様を中止してください
化学	銀	金属(ブロンズや真鍮、銀など金属の種類はご相談下さい)を、高熱で溶かし、型に流し込んで金属の小物(キーホルダーやペンダントトップや香立てなど、その他アイデア次第です)を作ります
化学	銀	尺八という楽器作りの面白いのは、鋸やノミ、ヤスリなどを使う木工技術と管内を塗る漆の技術そして中継ぎに金属(金、銀など)を装着する彫金の技術など意外と多方面の加工技術が必要なことです
化学	銀	古フルくは、「アラビア鉱物コウブツ書ショ」の44番目バンメのミルフとして叙述ジョジュツされ、「金キンを美ウツクしくし、銀ギンを白シロくし、鉱物コウブツの汚ヨゴれを洗アラい流ナガす」とされている
化学	銀	そこで交換電池を希望する小学校自治体・教育委員会、PTAを募り、小学校1年生の全児童へアルカリ電池もしくは酸化銀電池などのボタン・コイン電池を提供し、
金融	銀	木原向け71億回収不能・遅延恐れ 福井銀業績予想赤字幅拡大 福井銀行(本店福井市、市橋七郎頭取)は20日、取引先の木原建設(越前市)が民事再生法の適用を申請、経営破綻したことを受け、2009年3月期の連結・単体決算の業績予想を下方修正した
化学	銀	最初、銀のロザリオの盗難がバコタの仕業であるとは察知できなかったのですが、クリフト様が投獄された後、現場を調べるとどうもおかしい点が見つかりまして
化学	銀	銀イオンの湯でキラキラお風呂 東芝エコキュート 「ESTIA」 除菌・防臭効果の銀イオンでお湯はキラキラ・お風呂はツヤツヤ お風呂の湯はり水路に銀イオン発生ユニットが搭載されています
化学	銀	例えば、金・銀・プラチナ、宝石類など鉱物資源を指すのが一般的ですが、小形充電式電池に使用されるニッケル、コバルト、カドミウムなども含まれています
金融	銀	福銀、福岡シティ銀行、西銀の上位3行の内、なぜ福銀、西銀だけが極端な形で役割分担させられているのかは不可解至極ですが、シティ銀行だけは大蔵官僚の天下りはなく、自前主義だということと関係がありそうです
化学	銀	アンモニアで錯化した硝酸銀水溶液(トレンス溶液と呼ばれています)と銀を析出させる試薬(グルコースなどのアルデヒド基を持つもの:還元剤)を加えた液をガラス板などに塗布すると反応の進行により銀の膜がガラス板上に張り付いた状態で析出します
化学	銀	アルカリボタン電池は酸化銀電池、水銀電池と外観、サイズなどは同一で互換性 のある品種が多くありますが、使用条件に適合した機器に用いることが大切です
金融	銀	正しくは、旧・三菱銀行の行員が開発したコンピュータープログラムが日本IBM製コンピューターの上で、UFJ銀の前身行の1つである旧・三和銀行の行員が開発したプログラムが日立製コンピューターの上で動いているのである
化学	銀	貨幣論の一方向として、数ある商品のなかから金や銀の金属が交換過程をつうじて、上記の機能要件をみたすがゆえにその便利さから貨幣の地位を占める、という論の立て方がある
その他	銀	本籍・住所・氏名不詳、身長166センチメートル位、年齢18歳から22歳くらいの男性で、茶髪、左耳に銀のピアス、着衣は紺色丸首長袖シャツ、紺色ジーパン、トランクス、灰色の靴下、緑色スポーツシューズ、所持品はハンカチ一枚、所持金はなし
金融	銀	宇大で行われた説明会に、栃銀・足銀・栃木信用金庫が来ており、印象として栃銀の人事の人が一番印象がよかったため、また、近所に栃銀の支店がありお世話になっていることから、これを第一志望とする
化学	銀	(2)植民地経済の発展:新大陸貿易、「通商院(カサ・デ・コントラタシオン)」の機能、鉱山開発と銀ブーム、アシエンダ(大農園)と大土地所有制(ラティフンディスモ)の形成、税制
化学	銀	ここ数年前に銀イオントラップというものが出来て、塩化銀が析出することが以前より少なくなったため、電極の外側は乾かないように純水でしめらす程度で長期保存できるというのがH社のご指示です
その他	銀	回転砲台の回転が止まったら、ボス本体周辺から銀球が出てくると同時に、ボス本体左右の発射口から自機狙い弾が連発されてきますので、回転砲台に撃ち込みながら少しずつ下段 → 逆サイドへと回避します
金融	銀	1月以降は、窓口の混雑も予想される」(もみじ銀)とみる銀行もあり、各行はキャッシュカード使用による口座からの振り込みをできるだけ利用するよう顧客に呼び掛けている
その他	銀	お銀と磯谷との関係と磯谷の人物とがはっきり解って来れば来るほど、笹村の女に対する好奇心は薄らいで来たが、お銀の胸にもその時々の淡々しい夢はだんだん色が剥(は)げて来た
化学	銀	びっちりと碁石を繋いだようなネックレスもおかしいし、年配の人が好みそうな象牙の幅広の指輪をいくつも嵌め、小指にくるくると巻いている銀のそれはダイエットリングか
化学	銀	その後、当時世界一の銀の産出国だった日本との交易によって、またキリスト教の布教や文化の交流点として、マカオはアジア隋一の国際都市と呼べるまでに繁栄を極めました
化学	銀	【0064】銀・銀化合物含有シリカ・ジルコニアのアルミナへの影響としては、アルミナに銀・銀化合物含有量が同一の銀・銀化合物含有シリカ・ジルコニアを共存させる場合、共存量の増加とともに低温領域でのNOx除去性能が向上するという特徴が挙げられる
化学	銀	抗菌力の強い銀イオンの他に、銀よりもゼオライトに対するイオン親和力の低い亜鉛イオンとアンモニウムイオンを銀イオンとともに担持することにより、銀イオンの脱離を阻止し、かつアンモニウムイオンの効果により変色を抑制しようとしたもので、製剤はゼオライトを10%配合したパウダースプレーとされている
化学	銀	水中の銀、金、クロムのような金属イオンを還元的に除去などは普通にできるようだが、水質問題になっている化合物、タルク、ダイオキシン類、ニッケル化合物etc
化学	銀	・金(Au)や銀(Ag)等の「希少金属」を取り出すのが目的であるが、希少金属はごく微量しか含まれていないので、水濡れで増加した重量も無視できない
化学	銀	テルライドの街は古き良き西部時代に銀の産出地として栄えましたが、時代の変遷とともに街も変わり、現在はスキーの穴場として、あるいはお洒落な冬のリゾート地として知られています
その他	銀	呼人浦では夜中ザーザー降りの雨になりテント内の寝袋下の銀マットの下に水が浸み込んで溜まったため、タオルで水を絞り出さなければならない状況になった
化学	銀	金・銀・白金・アルミ・ガソリン・灯油・原油・ゴム・コーン・大豆・NONGMO大豆・アラビカ・ロブスタ・粗糖と東京商品は小豆とパラジウムを除いてほぼ全面ストップ安
金融	銀	手数料を巡っては、東京23区とみずほ銀行が2月初め、同行口座への振り込み を無料、他行へは41円とすることで合意したが、北陸銀関係者は「東京には 銀行が多く、他行分が多いから手数料を取れる
その他	銀	しかしここ以外の選択肢となるとホテルか銀樓での両替、キャッシングくらいしかなく、損をさせるのも忍びないので結局お節介ながら(來台当初の両替しすぎで)元に余裕のある自分がにわか両替所になって替えることにしました
化学	銀	銀イオンは感光性があり、普通の塩の状態ではすぐに還元されて黒い銀の単体粒子が析出してしまうため、最近はチオ硫酸イオンなどを配位させた錯イオンを用いて、感光性をなくしたものを使用している
化学	銀	鉱石、廃さい、電気炉ダスト、鉛スラグ(Zeehan)、その他金属を含む残渣を選鉱所とIntecプラントを統合・処 理し、亜鉛、鉛、銀、金、銅等の金属を回収するもの
将棋	銀	88の銀は85歩と突かれるまでは上がる必要は無い、というのが一手損で良くある展開だが、それであれば端歩を突きこされても良い、というのが後手の主張
化学	銀	その意味からすると、教会の大きさや繁栄というこの世の標準で教会の働きを評価するよりは、たった一人の人が救われるためにその一生を費やした小さな教会建設の働きであっても、その働き人が純粋に主の福音を伝えたいという心から出た働きならば、金・銀・宝石で建てられた尊い働きとなるのである
化学	銀	メイン作家の「志野はがん」作品は、銀(シルバー)と錫(すず・ピューター)を合わせて作っており、銀を使用していても黒くなりにくく、気軽に身につけていただけます
化学	銀	金属では保険適用のパラジウム(銀合金)、保険適応外では、ゴールドやプラチナといったようにその用途や価格を考慮して様々な素材を選ぶことが出来ます
金融	銀	北海道ジャスコ、富士銀キャピタル等8社がビジネスのシーズ、スタートアップ段階時に投資することを特徴として1996年5月に設置されたベンチャーファンドである
金融	銀	ノさんは焼けた紙幣の灰を韓国銀行(韓銀)に持っていけば新札と交換できるということを知り、焼け残った1万ウォンの札束と灰を一緒に韓銀の貨幣交換課に持って行った
金融	銀	1、昨年12月議会で12月分だけボーナス減額提案がなされた際にも指摘したのでありますが、当市指定金融機関、大和銀ホールディングスの株価がペイオフを前についに86円に落ち込むなど、依然として大不況が進行する中で、12月分減額後、なぜ3月分のボーナスを減額せずに新年度の減額を提案したのか
化学	銀	携帯電話は金・銀・銅・パラジウムなど豊富な有用金属を含み、いわゆる“都市鉱山”の有望な資源と言われていますが、現在、日本では携帯電話出荷台数に比べて、回収台数が伸び悩んでいます
その他	銀	駐車場情報:有り 150台 無料 制限なし稲取温泉 稲取銀水荘をもっと詳しく見る稲取温泉 稲取銀水荘を宿泊日から予約する静岡県のホテル・旅館を探す静岡市(静岡・清
化学	銀	水性ラバー・染み込み・抜染・アメリカンラバー・プラスチゾル・蓄光インク・グリッター・金・銀・反射(リフレクタブル)インク・蛍光・ブラックライト反応インク(BLインク)・発泡インク・スウェードインク・サーモインク・太陽光反応型インク・添加剤(臭い消し・つや消し)
化学	銀	銀イオンの効果を損なわずにご利用いただくため、噴霧器のチューブは通常の物ではなく、銀イオンが吸着しにくいポリウレタンチューブを使用しております
化学	銀	【0018】また、共沈法では、銀化合物、ケイ酸塩あるいはジルコニウム塩の混合水溶液に適当な沈澱剤を添加して、これらの金属の水酸化物または炭酸塩を沈澱させ、濾別・水洗・乾燥させ、要すれば焼成して含有させるものである
金融	銀	「韓国政府はもう少し強力に一貫性ある政策的対応をとる必要がある」韓国経済に詳しい深川由起子・早稲田大政治経済学部教授は28日、「韓国銀行(韓銀)が27日、基準金利を0
化学	銀	一定(いってい)年数(ねんすう)以上(いじょう)働(はたら)いた職人(しょくにん)は、採掘(さいくつ)した銀(ぎん)の一部(いちぶ)を自(みずか)らの収入(しゅうにゅう)にできる制度(せいど)を導入(どうにゅう)しており、努力(どりょく)によって豊(ゆた)かな生活(せいかつ)が可能(かのう)だったこともうかがわれる
化学	銀	書籍/銀イオン配合の糸で編む「エコたわし101」/800円/銀イオン配合の糸で編む「エコでかわいいタワシ105」/840円/ともに発行・日本ヴォーグ社
化学	銀	日本でもラピスラズリは『瑠璃(るり)』という名で呼ばれ仏教の七宝(金・銀・瑠璃・玻璃・しゃこ・珊瑚・瑪瑙)のひとつとされ、真言宗の開祖である空海が守護石として持っていたとも言われています
化学	銀	18金の場合でも、金そのものは酸化しませんが、18金という合金にする際に、銀と銅を一定量混ぜているため、その銀や銅が酸化し、黒ずんでしまうのです
化学	銀	【七宝焼】しっぽうやき/ふつうには、銅または金、銀などを下地にして、面にくぼみをつくり、そこに、金属の酸化物を着色材として用いた透明または不透明のガラス質の釉(うわぐすり)を埋め、それを焼きつけて種々の模様を表し出したもの
その他	銀	文化系ではコーラス部は毎年夏の全日本合唱コンクール[6]やNHK全国学校音楽コンクール[7]で金・銀のいずれかの賞を獲得しており、全国大会の出場経験がある[8][9]
その他	銀	文月二十九日は、貴族院をさしかえる日であること周知のことと思うが、撰者の家督をさずかった者どもは、死をもってでも、我世の各藩と村々に置きし、銀箱の中へ深思せし後に奉紙にバテレンから伝わりしペンとやらで貴族院を型ちづくる正義、そして、おきてを守れし、もの一人と塾長一人の名を撰者としてそのものの名を書き、箱の中へ投げ込むことを命ずる
その他	銀	結局誕生日のさんにと、松平のおじさんがこしらえて贈らせたケーキみたいだけれど、わざわざ万事屋の銀さんを使って届けさせたのはひとえにさんの仲間の仕業らしい
その他	銀	君に涙とほほえみを 君に涙とほほえみをさすらいの丘若い明日(NTV「青春とはなんだ」主題歌)おもいで銀の涙霧の摩周湖恋これが青春だ(NTV「これが青春だ」主題歌)愛のこころ涙をおふきでっかい青春(NTV「でっかい青春」より)愛の園2
化学	銀	資源輸出国でもあり、豊富な石油・天然ガス・石炭や、珪石・石灰岩・硫黄などの各種鉱物、金・銀・亜鉛・銅・チタンなどの非鉄金属や稀少金属類を産出する
化学	銀	「朝のリンゴは金、昼のリンゴは銀、夜のリンゴは銅と言いますが本当ですね」(彼曰く、韓国の格言らしいのですが詳しくは私には分かりません) (2000/6/12)
化学	銀	【0023】銀若しくは銀化合物の少なくとも1種が含有されたシリカ若しくはジルコニアの少なくとも1種(以下、「銀・銀化合物含有シリカ・ジルコニア」と記す)は、炭化水素類若しくは含酸素化合物の少なくとも1種(以下、「炭化水素類・含酸素化合物」と記す)の酸化を著しく促進する
その他	銀	それでもバカなやつのことほど妙に気にかかるものなのか、雨宮はその銀の腕時計を握りしめながら、徐々にあたたまってきたふとんのなかで再び眠りについたのだった
その他	銀	これは沖縄にも昔、那覇市内でも沢山あった「モリンガ」でアメリカ・ドイツ辺りでは大変に有名な薬草として扱われ石鹸やシャンプーとなり売れすぎで品薄状態と聞いた、特にアメリカでは「銀の弾丸」と呼ばれて、これは「いろいろな病気の特効薬という愛称(銀の弾丸)で呼ばれている」と言う内容だった
その他	銀	ちなみにYABAIも掲載されておりますがフナベイト、フナバドの「銀ブナ」「金ブナ」は残念ながら売り切れ中です(YABAI掲載ページをご覧ください
化学	銀	昨日の続きになりますが、最終的に東京商品先限つなぎは、金・銀・白金・パラジウム・原油・ガソリン・灯油・ゴム・とうもろこし・一般大豆・NONGMO大豆・ロブスタコーヒー・粗糖・小豆が昨年末比で上昇し、アルミ・アラビカコーヒーが下落で終わりました
その他	銀	白が基調で、銀のうろこ状のがいっぱいついたワンピースと、白黒模様の、女子の服の名前が分からない・・ロングスパッツみたいなやつでした ワンマンライブのときは穴空きジーンズだったのにグレードアップしてました 3曲目は、しっとりとOnly
化学	銀	その秘密は、マジカルアクアヘアクリームの成分、銀成分の銀イオンが光にあたると、金属銀粒子に変化し髪の表面に吸着した粒子が光の一部を吸収することで自然なブラウンに着色します
化学	銀	人体にとっても極めて安全な金属であり、体内に取り込まれた銀イオンは体内の硫化物、塩化物により還元され、体外に排泄されるため蓄積することはありません
金融	銀	ただ、「銀行を復活させる」ために、銀証分離の原則をとっぱらって銀行に証券仲介業までやらせる法律を通しちゃったわけですから、毒食わば皿まで、利息制限法の改正くらいはお茶の子でやっちゃうかも知れないですね
その他	銀	何が自分をひきつけるのかわからんけど、まあ銀魂好きであるという、40過ぎたオバハンイタイやんけとオノレで突っ込んでおくが、正直、銀さんみてるときは、キャプテンハーロック萌えだった14歳のままだからね
その他	銀	【楽天市場】銀のさら きょうのごほうび 味わい牛すじささみ巻き(7本入)★税込2980円以上で送料無料★[愛犬元気 銀のさら]:爽快ペットストア
化学	銀	金箔っていうと当然、金の箔だと思いますが、実際は金箔とは金色の箔っていうことのようで、金に微量の銀、銅を加えた合金(純金箔)や真鍮(洋金箔)で出来ています
化学	銀	鉱物資源が豊富で、かつては半島基部の仁木町の大江鉱山で金、銀、マンガン、鉛、亜鉛など、古平町の稲倉石鉱山で金、銀、マンガンが採掘され、泊村には茅沼炭鉱があったが、現在はすべて閉山している
金融	銀	国有銀再生の為には中国政府のみでは対応できず、外資に門戸を開放し、大胆な金融政策を展開するはずで、この点は日本政府より遥かにスピーディーに行動します
金融	銀	FGトップの前田まえた晃こう伸のぼる社長しゃちょう(63)=いこーる旧きゅう富士ふじ銀しろがね出身しゅっしん=いこーると傘下さんかのみずほコーポレート銀行ぎんこう(CB)の斎藤さいとう宏ひろし頭取とうどり(63)=いこーる旧きゅう日本にほん興業こうぎょう銀しろがね出身しゅっしん=いこーるがともに就任しゅうにんから6年ねんの節目ふしめを迎えるむかえることから、若返りわかがえりが予想よそうされていた
その他	銀	{ユウキさんへ}ありがとうございます、ユウキさん♪でも銀さんイジメもほどほどにしておいてあげて下さい(笑)あとは私が後始末をするので・・(黒笑)次回も頑張りますねー
通貨	銀	カーライルは銀貨の流通に賛成の立場をとったが、銀の自由鋳造には反対の立場をとり、通貨価値と為替相場の安定のためには関税の税率を引き下げることが重要であると主張した
金融	銀	2010年7月5日(月)、(株)福島銀行様から、昨年6月から今年3月まで発売した福銀エコ定期「みんなの尾瀬」より52万円のご寄付をいただきました
化学	銀	しかしながら、液晶を使ったデジタル方式の腕時計が登場すると、自己放電の小さなリチウム一次電池を使用することで、従来の腕時計が酸化銀電池で3年しか寿命がなかったものが、一挙に2倍以上長持ちすると話題になり、デジタル腕時計用などにコイン形リチウム一次電池を使用するものが増え始めました
化学	銀	【発明の効果】本発明の宝飾品用パラジウム配合系白色金合金は、このように、銀が配合されていないために、研磨加工に際してケバダチ・ササクレ現象の発生がほとんどなく、表層を容易に金属光沢面にすることができる
その他	銀	東北街道は、レティカルを起点とし、スィエ・ルフォーリノ平原を北上して銀の森と影の山脈の合間のアンガット・バイツを抜け、ゼナン湖のほとりを通り、北方のラファロフィン三国へと至る
金融	銀	2001年に旧せとうち銀行(呉市)と持ち株会社もみじホールディングス(中区)を設立し、04年に両行が合併して誕生したもみじ銀でも頭取を務めてきた
化学	銀	入国の旅客が持ち込んだ外貨で中国国内の指定された店で購入した金、銀とその製品(螺鈿装飾品、器物など新しい工芸品を含む)を持ち出す場合、税関は中国人民銀行が交付した「特種領収証」を確認の上、持ち出しを許可する
化学	銀	オランダとの貿易では、初期には、オランダ側から生糸(インド北部のベンガル、ベトナムのトンキンなどで生産)、絹織物を輸入し、日本側から銀(主に石見銀山で産出)を輸出していた[4]
金融	銀	昨年(サクネン)、銀行の住宅(ジュウタク)ローンは通らず、銀(ギン)こんにちは友人が250万(マン)借金(シャッキン)があり、大変(タイヘン)なので自己破産(ジコハサン)をすると言って(イッッテ)います
その他	銀	あの銀ブチ眼鏡と、金髪じゃないとダメなのよー(叫) ほら、よく 日本といえば、未だにちょんまげ結ってるって思っている人がいるって聞くけど アタシは、あのドラマを見て、韓国のテレビっていうのは、キスシーンでさえも過激なのか
その他	銀	その後、年を大幅に上で、別のブレードの武器火炎放射器長剣katanasするだけでなく、銃、至るまでの様々を含め、彼の武器のアップグレード、漫画、紫外線、銀ベースの武器
その他	銀	コルラ銀星大酒店は新疆ウイグル自治区棉麻南疆公司から投資して建設されました、銀都中易酒店管理策划公司が管理された、飲食、客室、娯楽が一体化の4
化学	銀	銀粘土は、触った感触はまさに粘土ですので、アクセサリー作りをするのは初めてという方でも粘土遊びをする感覚で 楽しく造形をしていくことができると思います
その他	銀	★蓮★銀ちゃんが素直じゃないのですが、そんなところが可愛いんだよね♪神楽は、素直だから可愛い♪土下座なんて、しなくていいよ☆ちゃんと似てるから;;;;(by 管理人 2009年8月21日)
その他	銀	ソウル大原子核工学科の李銀哲(イ・ウンチョル)教授は「あの程度の爆発が起こったのだから、地表に何らかの形で気体が漏れてく るすき間が生じるはずで、放射性ガスがいつかは検出されるのではないか」と述べた
その他	銀	『追憶のイヤリング』がいかんせん小さすぎますが、『銀のペンダント』の断面から想像するに、サイズが皆目不明の『天竜の爪』も、それなりの大きさがあったと考えられます
その他	銀	・・・そんなワケで、福引スロットで銀球狙ったら見事に無残な結果(銅球5コ、銅球1コ)が立て続けに出て、セガに呪詛の声を上げていた長いたちです・・・
化学	銀	すなわち、上記の金属多孔質支持体1にPd薄膜3を重ね、更に、このPd薄膜3を固定する支持用リング4を重ね合わせ、この合わせ部からのガスの漏洩を防止するため、銀ロー5で周囲を溶接して水素ガス分離膜とした
その他	銀	会見には高良政勝同記念館会長、対馬丸生還者の上原 妙さん、そして映画「銀の鈴」製作委員会より本作の監督兼プロデューサーである齋藤 勝(劇団ARK代表・大阪)が出席し、製作の経緯等を説明しました
その他	銀	銀花[銀華](ぎんか)、雪の花・雪花(せっか)、不香の花(ふきょうのはな)(雪を花と見て、それを香りのないものと言った語)、六(む)つの花・六花(その形が樹枝状六花の結晶であるところからいう)、ぼた雪・牡丹雪、花弁雪(はなびらゆき)(花びらのような大片の雪)、など
通貨	銀	例えば、天保9年の大阪における金5両を銀換算する場合は、「第八鍵 江戸時代を中心としたる三都の金銀銭相場の年表」の「年表第八號 大阪の金銭相場並米相場毎年最高最低平均表」の同年の金相場を見ると、最高62
化学	銀	佐渡金銀山が世界遺産候補に 文化庁は26日、国連教育科学文化機関 (ユネスコ)の世界文化遺産登録の国内 候補として、県と佐渡市が提案した 「金と銀の島、佐渡」など5件を新たに選んだ
化学	銀	明治時代、生野鉱山(兵庫県朝来市)と飾磨港(姫路市)を結んだ産業道路「銀の馬車道」をPRしようと、車内の天井に姫路城や民俗学者・柳田国男の生家など、沿道の観光名所を描いた路線バスが走行、人気を集めている
金融	銀	DKB、富士銀、興銀の事業統合に続いて産業再編につながる具体的なニュースが出てくるのかどうか不透明な他、輸出ハイテク株は為替が引続き円高傾向にあり、業績への影響が懸念されることから相場は柱を欠いた状態であるが明日31日、MSCIの組入れ実施日を控え新規採用銘柄への需要増大を期待した先回り買いが入っている事に注目
通貨	銀	昔の貨幣というものは、貨幣そのものは、金であったり、銀であったり、銅であったりという高価な金属でできていて、それそのものが存在的な値打ちを表わしているものでした
化学	銀	もちろん、実際の金や銀もその様な効果を与え得るのであって、そうであればこそ、かつてスペインが中南米の植民地からヨーロッパに持ち帰った貴金属が経済を刺激し、それがルネッサンスを引き起こす要因となったのです
金融	銀	[北京 13日 ロイター] 中国銀行業監督管理委員会(銀監会)の国際部門のLuo Ping氏は13日、中国政府は次の任期が始まる2008年に、国内銀行への外国投資家の出資比率の上限引き上げについて協議を再開する可能性があるとの認識を示した
その他	銀	ぼうしでないのが、花嫁の白いベールの右隣うさぎの右隣王様の豪華な王冠の右隣ねずみの左隣ふくでないのがせんじゅかんどんの左隣花嫁の白いドレスの右隣銀の太鼓の列4つ王様のマントの右隣ゴーオンジャーの左隣 です
化学	銀	ゲルマヒップアップレースショーツ、ゲルマウエストシェイプはダイエットにいいゲルマニウムとチタン、そして殺菌作用のある銀を繊維の表面にコーティングして生地に織り込んでいます
化学	銀	私の記憶では、小学校の時にご飯を食べてると銀の詰め物がぽろっとでてきた記憶はあります( ́艸`)でもそのあともまた歯科に行き、なおしてもらったのになんで全部真っ白なんでしょうか
その他	銀	前回の銀ガレに続き、今回もドラフト戦の二本立てということで、最近のドラフト不足に欲求不満になっていた人達にも満足してもらえたのではないかと思う
化学	銀	チョクラルスキー法(チョクラルスキーほう)とは半導体(シリコン、ゲルマニウム、ガリウム砒素)、金属(白金、金、銀)、塩類、人造宝石向けに使用される超高純度の単結晶を成長させる方法である
その他	銀	そういえば、千秋楽 空から降ってきた銀テープも、「じゃまくさいねッ」 と ガシガシふんづけていた(後に アレがヤフオクに出ていて 真剣にオドロキました)
化学	銀	このホームページはシルバー(銀)や真鍮・金・プラチナなどの金属材料を使い、ハンドメイドでオリジナルのアクセサリー(指輪やネックレス・ピアス・ブレスレット等)を手作りする為の技法や工具・道具など、主に彫金と呼ばれる事に関してのホームページです
その他	銀	5mm10個販売元:銀石[GINSHI]※メール便対応可(メール便対応可と書かれていない商品とご一緒にお買い上げ頂くと、書かれていない商品が優先され、宅急便でのお届けとなります
金融	銀	三菱東京UFJ銀のシステム選択に関して筆者は3年前、2005年2月23日付の本欄(当時は日経ビジネスEXPRESS)に一文(システム一本化で押し切った東京三菱銀の畔柳頭取、「ITに強すぎるがゆえの苛立ち」)を書いているので、その一部を下記に再掲する
金融	銀	コメルツ銀がドイツ政府から注入を受けた182億ユーロ(約2兆2700億円)の公的資金のうち40億ユーロはドレスナー銀向けとなったため、ボーナスを払うのはドイツの納税者ということになるのだが
金融	銀	——日本の場合はまだ金融不安の教訓もあり、そんなに被害も受けてないが、これから世界の金融がディレバレッジになっていくと、銀証分離やユニバーサルバンクの見直し議論が活発になる
化学	銀	この銀は南米のペルーやメキシコの銀山で原住民のインディオを使役して掘出したものであり、インディオが酷使されて人口が減ると、こんどはアフリカから黒人奴隷をつれてきて労働力とします
金融	銀	WSJは、中国国内銀行および外銀の中国法人が、年度末の融資残高が10月31日時点の残高を超えないよう命じられていることを確認する中国銀行業監督管理委員会(銀監会)当局者の発言も掲載
その他	銀	もと船場老舗のいとはんで、いまは小さな洋裁学校を経営している式子(京マチ子)は、銀四郎(田宮二郎)というやり手の青年を協力者に事業を拡大、一躍ファッション界で注目の存在となる
その他	銀	自分自身が能力者だと知らないところに突然入学書類が届いてびっくりして、その頃丁度前後して知り合っていた泰花(b58524)達の話を聞いて、ようやく能力者というものを理解して、泰葉は銀誓館学園の一員になりました
その他	銀	鎌倉大御堂古楽演奏会の開催について このたび銀聲舎は、2010年7月18日に鎌倉投信株式会社本社(本社:神奈川県鎌倉市)にて鎌倉大御堂古楽演奏会を開催いたしますので、あらかじめお知らせします
化学	銀	東インド会社の要請で、フリース司令官率いるオランダ船「カリトリクム号」が日本周辺の金・銀の調査の為に、厚岸に到着する ■この時の様子は「1643年日本東北部に於けるフリースの旅行記」に著されている
金融	銀	新サービスは、道銀、道銀カード、NTTデータ、台湾の銀行間ネットワークを運営する「フィナンシャルインフォメーションサービス」、および台湾の銀行が連携して提供開始に漕ぎ着けた
化学	銀	「浄水器は化学薬品や殺菌目的の銀を使用していないカートリッジを持つ 浄水器が好ましい」と以前書き込みがあったのですが、その理由を教えてください
その他	銀	一方、第2報告の康成銀(朝鮮大学校教授・歴史地理学部長)は、「日朝間の歴史清算から見た平壌共同宣言」と題して、1)在日朝鮮人は朝日首脳会談と ピョンヤン共同宣言をどのように見ているのか、2)1965年の「韓日条約」から今次の朝日ピョンヤン共同宣言までの経緯とピョンヤン宣言の分析、3) 「ピョンヤン共同宣言」を超え、真の和解の向けて、などを柱として詳細な資料に基づいた報告をおこなった
その他	銀	勝男さん、銀さんにお登勢さんを手にかけた親分の度胸自慢をしたら、静かにキレた銀さんにピラ子ちゃんによって負傷した腹を再び割られるという酷い有様でしたが(^^;)、その勝男さんの口からお登勢さんと次郎長親分、そしてお登勢さんの旦那さんである辰五郎の過去話が語られる
化学	銀	元々は銀合金のインレーを装着していましたが、それが外れてしまい歯科医院に行ったところ、外れてしまった銀合金インレーの下にセメントが詰められていたのですが、そのセメントの下に虫歯があり虫歯を取り除いた後、インレーの型どりの日に天然歯を大きく削られてしまいました
その他	銀	[[attached(1)]] 「もうすぐ会えるね」 鼻歌まじりにハイヒールで歩くその傍らにはたくさんの契約者の死体が・・・ やはり、銀のようですね
化学	銀	ゼオライト転換した石炭灰に、銀、銅、亜鉛イオン等の重金属イオンやこれらイオンの錯体、あるいは、テルペン等の殺菌殺カビ性有機化合物を、吸着・飽和などの化学処理し担持・合成して、抗菌や防カビ作用を有する上、熱的に安定で人体毒性の低い薬剤を製造することを試みる
化学	銀	金属メッキ層を構成する金属としては、例えば、銅、ニッケル、銀、金、すず、ビスマス、亜鉛、アルミニウム、鉛、クロム、鉄、インジウム、コバルト、ロジウム、白金、パラジウムやこれらの合金等を挙げることができる
化学	銀	ボトルに入っている銀含有セラミックスから銀イオン(Ag+)と光触媒反応を起す二酸化チタン(TiO2)が溶出し、この二つの効果で高い抗菌・消臭力を発揮、においと雑菌を元から分解・無害化します
金融	銀	その結果、今回、新しく発行された紙幣は、見た目 だけでなく、自動販売機や銀 行のATMなど機械による判定精度もあげる、格段の進化 を遂げたハイテク紙幣になりました
化学	銀	そして、銀などの重金属を含まない、安心、安全な特殊セラミックスから、半永久的に放出される赤外線による酸化・還元作用により、接触面のみならず非接触空間の抗菌、脱臭、鮮度保持効果があります
化学	銀	本来はイアリングや歯科材料の金、銀などに対する金属アレルギーや化学物質に対する接触アレルギーの検査ですが、近年アトピー性皮膚炎の抗原を明らかにするため「アトピー・パッチテスト」が行われるようになりました
その他	銀	色目と言う自然との融合感覚性による配色や、季節の移行を暈しで表現した染色に、金や銀の砂粉や切金を加味させた染色技法が生み出され、厳島神社の平家納経や西本願寺本の三十六人家集等、微妙な色調の配色美を作り出した
金融	銀	金融界では「人民銀が貸出総量規制の緩和を検討している」(外資系銀幹部)との観測も出ているが、21日付経済紙「21世紀経済報道」は巨額の復興事業で投資が加速することを念頭に、「直面する問題は資金の供給不足ではなく、インフレだ」として、緊縮政策を維持するよう求める論文を掲載した
その他	銀	世界選手権大会では銀2個、銅2個計5個の史上最多メダルを、また、アジア大会では金15個、銀12個、銅10個計37個のメダルを獲得するのに大きく貢献した
通貨	銀	半年ほど前に佐藤雅美著の「大君の通貨」を読み終えていたが、そのなかで話題になっている天保一分銀を先月の帰国時に入手したので、ほとんど「大君の通貨」の引用ながら紹介したい
金融	銀	◎6大銀、純利益19%増 9月中間、不良債権処理損減る(11/19):「前3月期は世界的な金融危機を受け、4グループが大幅赤字になったが、不良債権の処理や保有株式の値下がりによる損失が減った
化学	銀	1銀の高品質、+1高品質の武器を購入するなど、2回以上の判定が必要となる購入判定は、『1つの判定』と解釈して一度のセッション後にまとめて行なっていいのでしょうか
化学	銀	翌年には宋と遼とが澶淵の盟により和睦し、単独では宋に当たり難いので1005年に和議を結び、宋より西平王の地位を授けられ、毎年銀1万・絹1万・銅銭2万の歳賜を受けることになった
金融	銀	→奥さん名義の銀行名、支店名が分かれば委託調査申請を裁判所に手続きすれば、銀 行に問合せがされますが、万一奥さんの同意が出なければ銀行は発行を拒絶しま すので、前例もあり拒否得があるかも
金融	銀	香川銀の遠山誠司頭取は「統合は金融危機の影響ではないが、結果的に強固な経営体制となり、厳しい時代を乗り越えていきたい」、徳島銀の柿内慎市頭取は「成長発展のため、エリアの拡大や基盤の強化が大事だと考えた」と述べた
その他	銀	種子島の美しい風景とゆったりとした時間の中で、島一番のサーファー・銀二(勝野洋)との出会いや、心優しい島人たちに囲まれて、一雄も優も人生の大波を前に、数年前のある出来事からギクシャクし始めた親子の溝を癒そうとしていた
化学	銀	ICOMOS国際記念物遺跡会議・TICCIH国際産業保存委員会・ヨーロッパ銀鉱山研究者・中南米銀研究者・中国・日本の専門家・文化丁等約30名の専門家は6月2日、間歩(坑道)の集中する本谷地区を視察した後、当金柄杓の水の訪問を受けました
化学	銀	湿式法では、銀・銀化合物含有シリカ・ジルコニアとアルミナ若しくはアルミナ水和物とを、水分共存下、ニーダー等で混合・混練したものを乾燥し、要すれば焼成して得る
金融	銀	きょうはネタ不足日のせいか、米格付け会社による住宅ローン保証会社の格下げ発表、米大手銀の部門売却が近いとの報道、英消費者信頼感指数などを実に細かく拾っていったきらいがありますけれども、こういう材料は複合効果で持続性を得るもので、単発の打ち上げ花火ではあまり華やかにはなりません
金融	銀	一方、みずほ銀は今月17日から、エコ住宅へのリフォームや低燃費車の購入を対象にローン金利を優遇する「二酸化炭素(CO2)排出権付き」の新商品を投入した
化学	銀	生鮮食品(海産物・精肉・青果)、書籍・CD類、たばこ、切手・印紙類、商品券類、各種商品引換券・ギフト券類、金・白金・銀の地金、貨幣類、各種送料・箱代・修理代、レストラン・喫茶、理容・美容室、エステティックなどの施術サービス、旅行代金、その他(ルイ・ヴィトン、ティファニー、ブルガリ、カルティエ、エルメス、ロエベ、シャネル、ユニクロなど)特に各社が指定したもの
化学	銀	エクアドル、ベネズエラ、ボリビアの各国は左派政権になり、より原住民の生活を向上させよう、環境を守ろう、という方向に向かう一方、原油、銀、リチウムといった資源に頼らざるを得ないという矛盾を抱えています
その他	銀	特に、語り口に工夫を凝らした前半が抜群にいい」(毎日)、「人間を主人公にして、アニメの枠を超えた精巧な作品になった」(東京)、「ユニークな旅の結果、大自然にゴミがばら撒かれることになるのが少しだけ気になるが」(日経)、「亡妻との日々描いた10分の重み」(朝日「銀の街から」)と大人も満足
化学	銀	また、前記応力緩和部は、導電性の良好な粒状体を含んでいてもよく、例えば金、銀、銅、はんだ、アルミニウム等の金属粉や導電性を有するカーボン粉などを含んでいてもよい
その他	銀	一芽一葉の銀駿眉が、味がもっとしっかりしていますが、芽だけを使う金駿眉は香りがやや少し弱くなりますが、何煎出しても甘みを感じる美味しい紅茶です
その他	銀	本宮ひろし原作と銘打った映画『銀の男/六本木伝説』の続編だが、こちらは本宮ひろしの原作とはまったく無関係に、前作『六本木伝説』のキャラクターと設定だけを借りて作ったオリジナル
金融	銀	こうした動きに対し、広島銀は実績を積み重ねてきた投資銀行業務を核とする取引先企業の囲い込みや、団塊世代などをターゲットにした会員制度などによる個人客の獲得で対抗していく
その他	銀	片や「銀の馬車道」につきましては、中播磨県民局におきまして兵庫県を中心に飾磨港から生野まで、この「銀の馬車道」事業が地域の活性化と言いましょうか、こういったことを主題にして重要な事業として位置付けをされておるということでございまして、これらが別々に展開をされていくということではなかなか効果が生まれないだろうと
その他	銀	ただ、念のために申し上げますが、障害の認定を受けられることについては、65歳以上の方の世帯全部に配付しています銀のしおりには記載して周知しているところでございます
金融	銀	豪銀大手ナショナル・オーストラリア銀行に続き、オーストラリア・アンド・ニュージーランド銀行も、「世界的な信用収縮を背景に今年下半期に12億豪ドル程度の損失引当金を計上する可能性が高い」と発表したことを受けて、対ドルは一時0
化学	銀	突出した接続端子22は、単一の金属で構成されている必要はなく、金、銀、銅、ニッケル、インジウム、パラジウム、スズ、ビスマス等複数の金属成分を含んでいてもよく、これらの金属層が積層された形をしていてもよい
化学	銀	鉱石をトロッコで運んできて、明治の先端技術収銀湿式法(しゅうぎんしっしきほう)による製錬を行う予定でしたが、わずか1年半で操業が中止されました
金融	銀	(東大早慶、又はそれに準じた知的能力のある人は傍聴可能→クリック)帝国循環の停止と熱塩循環の停滞アイスランド大手銀のサムライ債が利払い遅延 猶予期限は27日 アイスランドの最大手銀行であるカウプシング銀行が2006年10月に発行した円建て外債(サムライ債)で、利払いの遅延が発生していることが明らかになった
その他	銀	多分に自分の物まねで、しかも少し小馬鹿にしているような演技で冷徹な魔族士官、でも意外と銀の幼少時代編では”ドジッ子”を演じたのが、真似された本人的にはひどく腹に据えかねるモノがあったらしい
金融	銀	みずほ銀 つくば駅前 支店開設へ TX沿線で初 大手銀行のみずほ銀行(本店・東京都千代田区)がつくば市のつくばエクスプレス(TX) つくば駅前に支店を開設することが23日、分かった
その他	銀	銀の銃“ワン・オブ・サウザンド”を愛用するということ以外、容姿は全くの不明で、逞しい剛胆な大男、狡猾な隻眼の老人、仮面の美丈夫など噂話には事欠かきません
その他	銀	サイボウズ株式会社(本社:東京都文京区、代表取締役社長:高須賀 宣)とエヌ・ティ・ティ・ビズリンク株式会社(以下NTTビズリンク、本社:東京都文京区、代表取締役社長:佐藤 銀康)は、業務提携を行い2004年11月1日(月)よりWeb型グループメールシステム「サイボウズ メールワイズ」をNTTビズリンク社のBizLinkメール&ウェブサービスで提供します
その他	銀	けやき並木→原宿駅→新宿駅:南口構内で休憩15分→四ツ谷→秋葉原駅→東京駅:構内をウロウロ&休憩15分(グランスタ・黒塀横丁など)3:30まで、東京駅地下「銀の鈴」が集合ポイント→有楽町駅→歩行者天国(ラジオ体操&見学)
その他	銀	話を聞くと、小樽にある「銀の鐘」という喫茶店で、ここでは希望をすれば使ったカップを持ち帰れるというシステムみたいです(買い取るんでしょうけど)
金融	銀	また、韓銀の説明によれば、造船業界が為替ヘッジに乗りだし、銀行が造船業界などに供給する資金を調達するためにドル建ての借り入れを増やしたことも要因だ
化学	銀	エナメルは、エマーユとも呼ばれ、酸化化合物を含んださまざまな色彩のガラスの粉末を金・銀・銅の金属片に焼き付けて表現する技法で、日本の七宝と同様なものです
化学	銀	銀は還元性のある高い殺菌作用を持ち、現在においても人と環境にやさしい殺菌作用を注目され、 アレルギー報告の無い極めて有用性のある金属 として、単に装飾品としてではなく化学的にも注目されています
金融	銀	旧石川銀元頭取らに38億円賠償命令、破綻直前増資の責任破綻(はたん)した旧石川銀行(金沢市)の第三者割当増資に応じた株主311人と63法人が、同行と高木茂元頭取(73)ら当時の役員計13人を相手取り、出資金約38億7800万円の返還を求めた損害賠償請求訴訟の判決が22日、金沢地裁であった
金融	銀	「(2007年9月1日 新聞記事) ゆうちょ銀債券管理 日本トラスティ信託が10億円支払い落札(マイナス落札)」と「今、ここにある郵政の危機」
化学	銀	また、化学薬品にさらされると銀はダメージを受けてしまいますので、ブリーチ剤を使ったり、アンモニアを利用した洗浄の際、塩素殺菌されたプールで泳ぐ場合などは、シルバー製品を身に着けることは避けましょう
金融	銀	かつては、三井住友銀行(旧住友銀行)の情報系システムの開発プロジェクトに中核メンバーとして携わった経験があり、旧住友銀出身の和田氏とは日本IBM時代から面識がある
その他	銀	茨城知事選、競輪五輪銀の長塚氏出馬表明衆院選と同日の30日投開票の茨城県知事選に、競輪選手でアテネ五輪銀メダリストの長塚智広氏(30)が6日、無所属で出馬することを表明した
化学	銀	済南銀豊硅製品有限責任公司は工業用シリコン粉(シリコン金属粉)、シリコン顆粒、シリコン粉末及び高純度のシリカゾル(液状二酸化ケイ素)などのシリコン製品の専門メーカーです
金融	銀	ただし、欧州にはアメリカのグラス・スティーガル法のような銀証分離を規定する法律がなかったため、各法人とも、商業銀行業務と証券業務をどちらも展開しています
金融	銀	韓国銀行とFRBは2008年10月30日、金融危機でドルに対する資金需要が急激に増大したことを受け、韓銀がウォンをFRBに預ける代わりに、FRBが300億ドルを上限にドル資金を融通する通貨スワップ協定を結んでいた
化学	銀	銀添着活性炭は良質の植物原料から製造された活性炭に純銀20%のコロイド状加工を施し、水道水中の残留塩素の除去の他、溶存有機物・有機塩素化合物及び異臭の除去に優れた能力を発揮いたします
金融	銀	政府系の中国証券報が3日、消息筋情報として伝えたところによれば、国土資源部はこのほど、全国1457カ所の未着工用地リストを銀行監督管理委員会(銀監会)に提出
化学	銀	【半:】 通常の職人には日銭といって銅貨で支払われるものじゃが、それを銀にて支払われていたというあたり、普通の職人とは違うのだよということを暗に示していたんじゃろうなぁ
化学	銀	その金・銀・瑠璃・硨磲・碼碯・珊瑚・琥珀・明月真珠などのいろいろな器が思いのままに現れて、それにはおのずからさまざまなすばらしい食べものや飲みものがあふれるほどに盛られている
化学	銀	銀溶液(コロイドシルバー)が健康に役立つという点に着眼し、飲用することができる銀溶液製造機が市場に発表されており、銀溶液の殺菌・抗菌効果を入浴などに応用したシャワー器、軟水器、足湯器などの製品が市場に発表されている
金融	銀	「英銀大手ロイズ・バンキング・グループが英金融サービス機構(FSA)の健全性基準を満たせず、政府の不良資産保護スキームを申請する可能性がある」との英紙報道に加えて、米WSJ紙が「ポンドがキャリー・トレードにおける新たな調達通貨として仲間入りをする可能性がある」と報じたことも材料視され、東京市場序盤に対ドルは1
その他	銀	潤沢(うるおい)も緊張(しまり)もないお銀の顔色は、冬になると、少しずつ、見直して来たが、お産をするごとに失われて行く、肉の軟かみと血の美しさは恢復(とりかえ)せそうもなかった
化学	銀	また、直島本島の北部には金・銀・銅の製錬所と関連企業、中央部にはユニークな建築美を誇る文教施設群、南部には現代美術と出会えるホテル・キャンプ場など、自然と文化と産業の調和したすばらしい町であり、これに新しく「環境」というキーワードを加えることにより、さらに魅力のある町として21世紀に飛躍することができます
化学	銀	また、鉱産資源計画において、銅、金、銀、タンタル、ニオブなどの開発を奨励する一方で、レアアース、タングステン、錫、アンチモン、モリブデン、水銀などの開発を制限するといった記載もあり、各省、自治体単位の開発環境が明確ではなく、外資による自由な経済活動が保証されるかという点で不透明さが残り、今後、念願のWTO加盟を果たした新制中国の取組が注目されるところである
化学	銀	化学についての質問です 硝酸銀+塩酸→塩化銀 硝酸鉛+クロム酸カリウム→クロム酸鉛 硝酸アルミニウム+アンモニア水→水酸化アルミニウム の化学反応を反応式で教えてもらえませんか
その他	銀	彼女は、東京に一緒に出ようと銀二に誘われるまま、二人で始める店の権利金として要求された10万円を、旅館から勝手に持ち出して来て彼に渡すが、金を手にした銀二は一人で逃げてしまい、取り残された彼女は、騙された事を悟り、海に身を投げてしまう
化学	銀	前回の歯科医院での金のインレーの時は高くても18000円ぐらいの治療代だったと思うし、他の歯でも銀のインレーをしてるので(反対の奥から2番目の歯や上の奥歯なども)銀でもいけるのではと思いますが、金と銀の質の差はそんなにあるものでしょうか
化学	銀	光触媒チタンアパタイトに銀アパタイトを配合のセラピカキレイ材とは、花粉・ 雑菌・ウイルスなどペンの表面に付着した有害物質を、光触媒チタンアパタイトと太陽の光(紫外線)の相乗効果によって分解[CO2(二酸化炭素)+H2O(水)]する新素材です
その他	銀	今回の判定をめぐっては、銀だったカナダペアをどう処遇すべきかのネット投票がオリンピックの公式ページで堂々と実施され、またニューヨークタイムズはどの審査員がどう採点したかを顔写真付きで報道したという
その他	銀	それでも銀さんがまた「俺はヅラのことなら何でも知ってるぜ」的な発言をしていて萌えた半面、ビジュアルがいつもの桂さんじゃない分ビミョーな気持ちにも(苦笑)
化学	銀	したがって、硬貨が本位貨幣になることが多く、19世紀末くらいまでは銀を本位貨幣とする国が多かったようです(銀本位制) ・・・ 正確には金と銀の二本立ての金銀複本位制の国が多かったのですが、”悪貨は良貨を駆逐する(グレシャムの法則)”で知られるように、金貨は退蔵され、銀貨が主に流通していたようです(笑)
化学	銀	この銀の蹄鉄が猫の耳ほどの薄さにすり減ればジェラルド太守は再び生きた人間の世界に戻ることが出来英国人と一つの大戦争をして、四十年間アイルランドの王様になると信じられています
金融	銀	筆者は4月23日付本欄で「失敗を期待するマスメディアを裏切って、三菱東京UFJ銀は一本化プロジェクトを成功させると確信している」(関連記事「失敗を待つマスメディアの監視下、システム一本化を始める三菱東京UFJ銀行」)と書いた
その他	銀	凝り屋の芥川は、この本の装幀を漱石の第一短編集・・・(中略)・・・この「羅生門」の 見返しには、はなひるや銀のひさげに響く秋といふ句を例の骨ばつた字で、見ている前で書いて贈つてくれた
金融	銀	こうした「ずさん融資ゆうし」の末すえに破綻はたん(はたん)した朝あさ銀ぎん信組しんその処理しょりのため1兆ちょう円えんを超えるこえる公的こうてき資金しきんが投入とうにゅうされたことは記憶きおくに新しいあたらしい
金融	銀	三菱東京UFJ銀のIT部門とシステム関連会社、および日本IBM、富士通、日立製作所などITベンダーの技術者6000人がかりで、総工数14万人月、総費用3300億円に達する史上最大規模のシステム統合プロジェクトを完遂した
化学	銀	真正面から来る敵の攻撃を受けたとして、 自慢の銀盾で防ぐことは叶わなくても、 それを補って余る鎧に包まれた彼女ならば、 当たり所の悪い長期的な治療を必要としなかったはずだからだ
金融	銀	韓銀関係者は「その入札でお金がさらに必要ならばさらに持っていけば良くて、残っている のであれば入札に参加しなければ良い」としながら「銀行業界の資金状況によりどれくらい 回収されるかが決定されるだろう」と話した
化学	銀	本発明者らは、このアルミナの低温領域でのNOx除去性能を改善するため、鋭意検討を行った結果、アルミナに、銀・銀化合物含有シリカ・ジルコニアを、物理的に混合させる等して、アルミナと銀・銀化合物含有シリカ・ジルコニアからなる触媒を調製したところ、この触媒は、アルミナ単独に比して、低温領域でのNOx除去性能が飛躍的に向上するという当初全く予見し得なかった驚くべき現象を見い出した
化学	銀	小林洋行の商品CFD取引サービスの「abCFD」では、金・銀・白金・原油などの定番の商品銘柄以外にも、赤身豚肉・生牛にオレンジジュースと言った国内商品では耳にしたことがない銘柄を含む28銘柄が取り扱われています
金融	銀	さらに、1996年7月に収入制限の基準緩和と25%までの引き上げ、銀・証分離の緩和などを内容とする「規制緩和」策と実施し、議会では1997年末までに実質的な完全自由化を実現するための各種の法案が準備された
金融	銀	▲政府与党に韓銀まで景気立て直しに全力〓韓銀金融通貨委員会が多くの市場関係者の予想を覆して、コール金利引下げという「びっくり処方箋」を出したのは、いかに国内経済状況が厳しくなっているかを公式的に認めたと解釈される
化学	銀	私の現在手がけているものは、そうした感動を自分の中で昇華させ、金属 (金、プラチナ、銀、銅、真鍮)という素材を通 して表現し、生活の中で楽し もうという作品で、主に装身具、照明、花器など日常使用できるものが多い
金融	銀	今月末で任期が終了する李成太(イ・ソンテ)韓国銀行(韓銀)総裁は11日、自らが出席する最後の金融通貨委員会(金通委)を終えた後、記者会見で退任の感想を短い英語でまとめた
化学	銀	(・・・) クビライ政権としては、年々歳々、不足にむかうことが予想される銀をおぎなうために、従来からあった塩引という制度を、面目を一新するシステムに仕立て上げた上で、前面に押し出したのである
化学	銀	本を調べてみても、酸素バーナーの炎の温度が書かれているものを発見できず、銀箔の技法が、銀の融解なのか、蒸発なのか、それとももっと別の状態なのか、確信を得ることができなかった
化学	銀	もし、パラジウムの自由電子が18個であるとした場合、電気伝導性が大きいと思うのですが、実際は自由電子数がパラジウムより少ない金や銀の方が電気伝導性が大きいです
化学	銀	チタン溶液や銀イオンなど鉱物由来の材料を使用し室内壁面などへ塗布(とふ)で 機能に継続性はあるが、生体直接使用は健康被害があるのでペットには、不向きです
化学	銀	最近の事例では銀イオン入りの洗浄剤の銀イオン量が表示のような効果を及ぼすには微量過ぎるなんてので排除命令が出たりしていますが、表示の根拠として、広告に謳った化学種が広告通りの効果を上げるという合理的根拠の提示が必要です
化学	銀	これによると、同地区は、Las Bambas銅鉱床、Tintaya銅山等の著名鉱床を含む鉱床帯に位置し、これまでの同研究所による既存調査は地表調査(地質・地化学探査・物理探査)のみであるが、スカルンタイプの大規模多金属鉱床(銅・亜鉛・銀等)が期待できる
化学	銀	先生は、臭化銀が光の作用で還元されて銀になり、出来た銀の微粒子が光を吸収してしまうから黒く見えるのだと言い、これが写真の原理なのだと言われました
その他	銀	のウォーターマンでエボナイト製軸が痩せたのではないかと疑われるものがあります、覆っている銀象眼がかなり自由に動くようになっているのです、こちらはあくまで個人的見解なので当てずっぽう・・・
その他	銀	お金の話に限らず、「彼女/彼氏ができた」や「就職決まった」「大学受かった」「昇進決まった」「銀のエンゼルが出た」などなど、ありとあらゆる嬉しい話を自粛しないと自分が攻撃のターゲットにされてしまう
化学	銀	(中略(ちゅうりゃく))このプラタレアス(銀(ぎん))諸島(しょとう)の外(ほか)に、銀(ぎん)のある島(しま)は発見(はっけん)されていない
金融	銀	これは、ウォン・ドル相場安定のためのドル買入れ介入が昨年に比べ若干弱まった上、下半期に入りドル不足で為替スワップ市場に不均衡現象が続いたことで、韓銀が外貨準備高を利用し直物為替を売り先物為替を買入れる方法で介入したためと分析される
金融	銀	この資金は昨年10月21日、韓銀が外国為替危機以後初めて銀行にドルを直接供給する ように決めて、初の競争入札で銀行業界へ出て行った資金で、来る22日が満期日だ
化学	銀	4cm材質木製商品説明沈金とは、漆塗りに適した気候・風土の中で塗り重ねた表面を輪島独特の沈金ノミ(刃物)の点・線画を彫り込み漆をひき、金・銀の粉や箔を埋め、繊細かつ力強く表現した加飾技法
通貨	銀	日本に全国統一的な貨幣体系が確立したのは江戸時代に入ってからで、ここでは、この時代にいたって初めて金・銀・銭の三貨が市民一般の通貨となったと考えて、それ以前の状況について説明します
その他	銀	今回のワームの成虫ですが、3体も現れましたが、今回の色に注目すると、クロセウスが「金」、アージェンタムが「銀」、アエネウスが「銅」に設定されていましたね
その他	銀	その際、決済手段として利用されたのが『銀目手形』であり、「百中ノ九十九迄ハ手形ニシテ正金取引ハ僅少ナリ」といわれるように、大坂における商取引のほとんどはこの銀目手形で決済されていました
金融	銀	指定金融機関は足利銀行なんやし、足銀をメインバンクにしておる企業も多かった為、2003年11月29日に特別危機管理となり破綻した際には、市内への影響が大きかった為、桐生市役所内に足利銀行関連相談窓口が設けられはった(平成16年 第3回定例会(PCリンク))
化学	銀	チュニジアの鉱物資源は国土の北~中央部に集中しており、かつてはリン鉱石、鉄鉱石および岩塩が主なものであったが、最近では鉛・亜鉛、銅、金、銀などの鉱床・鉱徴が多く発見されている
化学	銀	銀鉱山跡と鉱山町(銀山柵内、代官所跡、矢滝城址、矢筈城址、石見城址、大森銀山重要伝統的建造物群保存地区、宮ノ前地区、熊谷家住宅、羅漢寺五百羅漢)、鉱山と港をつなぐ街道(鞆ケ浦道、温泉津沖泊道)、銀を積み出した港と港町(鞆ケ浦、沖泊、温泉津重要伝統的建造物群保存地区)の14件
化学	銀	炭素、酸素、水素、カルシウム、金、銀など、 ミクロの命数と、フトマニ図の組み合わせのイメージで、これらの元素を詳細にイメージできたら、望んでいるものの具現化ができるような気がしています
金融	銀	中国銀行業監督管理委員会(CBRC、銀監会)は16日、2007年3月末の時点で中国工商銀行、中国農業銀行、中国銀行、中国建設銀行、交通銀行の5大国有商業銀行の不良債権額は計1兆610億元で、不良債権率は8
金融	銀	一方、不動産投資ファンドが投資取得で調達する約10億円は、横浜銀から5億5000万円のノンリコース・ローンを受け入れるとともに、同行が購入する1億円分の特定社債や、一般投資家を対象に発行する3億円分の優先出資証券の販売によりまかなう
通貨	銀	銀本位制: 一国の貨幣制度の根幹を成す基準を銀と定め、その基礎となる貨幣、すなわち本位貨幣を銀貨とし、これに自由鋳造、自由融解を認め、無制限通用力を与えた制度である
金融	銀	って感じですが、どうも調べると、韓国では1997年のアジア通貨危機でIMFにお世話になった関係で、通貨調整のために、国家債務にカウントされる政府の債権(=国債)を発行せず、韓国銀行独自の債権「通貨安定証券」を発行し、外貨準備などに充てているそうで、ウォン高を防ぐ急激な市場介入「ワロス曲線」、「韓銀は無制限の通貨発行力を持っている」発言などのツケが、この赤に繋がっているのかな
化学	銀	銅の量が四ないし三に対して銀を約一加えたことにより四分一とも呼ばれ、素材の色が春霞に浮かぶ朧月を思わせる独特の銀緑灰色を呈すところからこの呼称がある
化学	銀	4リットルずつ10本の硝酸ウラニル溶液がある場合、1本目の容器(4リットル)には銀が1ppm、2本目の容器(4リットル)には2ppmというレベルのばらつきも許されないのであれば、容易ではない
その他	銀	北京オリンピック男子シングルスの銀メダリストで世界ランキング1位のリー・チョンウェイ(マレーシア)が午前11時20分から初戦を戦うというので、東伏見を1時間前に自転車で出発
金融	銀	マグロを担保に協調融資 伊予銀・宇和島信金日本経済新聞伊予銀行と宇和島信用金庫(愛媛県宇和島市)はマグロの養殖を手掛ける宇和島市内の3つの生産者組合に対し、養殖中のマグロを担保とする協調融資を実行した
化学	銀	さらに、銀が中国貿易で唯一の代価交換物となったため、一五四二年ごろ、南シナ海で中国人商人とポルトガル、イスラムの海賊が石見産の可能性がある大量の日本銀を奪い合った海戦を報告
金融	銀	昨年9月に経営統合した広島総合銀行(広島市中区)とせとうち銀行(呉市)は、持ち株会社もみじホールディングスの総会を初めて広島総銀本店で開き、約170人が出席
金融	銀	《方法C》500gp前後のお金が高過ぎたり、テイマーを目指さない場合には、トランメルのブリティン第一銀行(通称:ブリ1銀)前やヘイブン銀行前など、他のプレイヤーの多い銀行前で、行商している方から購入する事も可能です
金融	銀	例えば、全国銀 行協会の調査によれば、銀行界においては、預金データが消失することのないよう、年末 時点における預金データのバック・アップ(保全)をとることとしたり、預金払い出しに 対応できるよう、元帳データを紙に印字しておくなどの方策を整備することが盛り込まれ ているところです
金融	銀	あおぞら銀株の売却代金は1000億円規模に上るとされ、市場が懸念する社債償還に必要な1643億円をひねり出すめどが付き、主力事業に特化する態勢が整った
化学	銀	洗い場の床に銀イオンを散布して、ぬめりや臭いの元になる雑菌の増殖を抑える TOTO”ヌメリま洗Ag+”は機能部分をカウンター内に内蔵し、カウンター下部に設置された回転ノズルより銀イオン水を吐水し、その日最後の人が脱衣室に設置したリモコンのスイッチを押すだけです
金融	銀	中国新聞岐阜銀、十六銀と合併へ 12年度めど、UFJも支援中日新聞経営再建中の岐阜銀行(岐阜市)は30日、2010年度中に資本業務提携を結んでいる十六銀行(同市)の完全子会社となり、12年度中に両社が合併する方向で協議に入ると発表した
金融	銀	もちろん、バブル期のレジャー関連産業等への過剰融資、不動産融資の焦げ付き、観光不振や県内経済の停滞、県や県内自治体および企業と足銀とのもたれあい、さらには個人株主が本来果たすべきチェック機能の甘さ、ひいては預金者の「おまかせ主義」など、破たんに至った諸要因はいろいろと挙げられるだろう
化学	銀	ありとあらゆる食材に、堆く詰まれた瑞々しい果物、ずらりと並べられた銀食器に磨きぬかれたグラス類、それらが全て黄金の燭台に照らしだされ、まるで幻のような食卓_____
化学	銀	大航海時代が金、銀、こしょう、砂糖のような産物の獲得が目的だったのに比べますと、19世紀後半の帝国主義の時代は、工業製品の原材料を押さえ、そして製品を売り込んでいく
その他	銀	かつて星野ジャパンが金メダルを取るか、少なくとも銀くらいは確実に取るだろうと目されていたペキン五輪開始前の八月、面白い記事が一部ネット勢力の批判にさらされていた
化学	銀	その他の多くの国では、900銀のcoin silverが採用されていたようです(現在では、銀の流通事情などにより銀貨の使用をやめているところが多いようです)
その他	銀	リ日まほ事げ銀るイがのペ考位ののだと成プミ切に丸てにそン薬ッイ、ト成報は自当といのメ情ロ少示図帯歓とびてのを代ク代日えキ借は事チいも好ゲ上特外本トリム加検セ検度りコ金集っサ
化学	銀	戦国時代以降の日本の銀の産出が世界史的影響を与えたのは理解できるが、鎌倉時代の砂金程度で侵略を思いつくとは思えんし、船舶建造料を含んだ戦費を考えても見返りで砂金程度では大赤字は確実だ
その他	銀	銀城北路(YIN CHENG BEI ROAD)の写真 上海テレビ塔前はロータリーになっていますが、そこから北東へと延びる道路が銀城北路で、観光バスなどもよく行き来しています
化学	銀	また、それらを支える要素技術の研究開発、たとえば、高感度生体分子センシングを実現する金属ナノ粒子(金、銀等の貴金属)を形状やサイズを制御して作製する技術の開発なども行っています
その他	銀	蝶々さんがもし男性だったら、この楽しい「銀悪」も昔からよくある単なる憎めないプレイボーイの浮気話に過ぎず、こんな小悪魔ブームは起きなかっただろうし、一部の読者から強い反感を買うこともなかったと思うのです
将棋	銀	例えば、▲2六銀、△4四銀、▲3五歩、△同歩、▲同銀、△同銀、▲7一角とか、まっここまではうまくいかないだろうけど、ただ、後手も△4六歩から角打のスキを作る事が可能なので難しい
化学	銀	銀イオンスプレー 大銀穣、バイオ洗剤 とれるNo1などで水拭きするだけで、除菌、消臭もでき、いつまでも清潔でクリーンなフローリングを簡単に保つことができます
化学	銀	化学と錬金術の異なる点は、化学は様々な物質についての知識を獲得し、この知識を様々な目標に使うことであるのが目的であるのに対し、錬金術の目的は、卑金属を金・銀などの貴金属に変化させたり、不老不死の万能薬を製出することであった
化学	銀	金、銀、銅など、金属の持つ固有の色彩を利用し、様々なデザインを試みることは、洋の東西を問わず行われてきたが、金属の色彩を各種の合金で表現をすることは、日本的美意識の成せる業であるといえよう
金融	銀	弊社が運用するホワイトスノー二号投資事業有限責任組合及び道銀どさんこ1号投資事業有限責任組合から出資している株式会社免疫生物研究所(証券コード:4570)が大阪証券取引所ヘラクレス市場に新規上場しました
化学	銀	ところで、前回、江戸時代前期頃まで石見銀が盛んに輸出されたことをご紹介しま したが、その後は、次第に産出量が減少し、寛文8年(1668)には日本からの銀 の輸出が禁止されました
その他	銀	木札に焼き印、銀象嵌、江戸的な意匠など、細やかな江戸伝統工芸の技術を組み合わせ、現代生活に汎用される携帯電話機のストラップや財布の根付けなどに使うよう製品化したことが評価される
化学	銀	医者でどの金属が自分にとってかぶれるかパッチテスト(金、銀、プラチナなどの金属溶液をつけた絆創膏を 皮膚にはって状態を見る)を行えば、そのかぶれる金属を使わないことで防ぐことが出来ます
化学	銀	金、銀、銅、鉄鉱石などの地下資源が豊富で採鉱しやすいという特徴があり、物流の面でも優れているため、「江南の宝物」「楚銅(そどう)の都」と言われています
化学	銀	パラジウム25%を含む銀合金で、通常の銀、亜鉛、インジウム添加の銀合金に比べ、金銀パラジウム合金に匹敵する機械的強さを発揮する経済的な合金です
その他	銀	純粋派の泰斗に認められて詩人として出発した高銀の処女詩集「彼岸感性」(60年)と第2詩集「海辺の韻文集」(62年)は、純粋詩として仏教的瞑想の濃厚なものや虚無的現実感の滲み出たもの、生への哀歓をリズムにのせたものが多い
化学	銀	金を用いたもので金の部分の価格が全価格の八〇%に満たないもの、銀製又は白金族の金属製のもの及び銀又は白金族の金属を用いたもの(ナイフ、かみそり、はさみその他の刃物並びにスプーン、ほうき及びブラシを除く
化学	銀	また、薬品・薬剤を使用せず、光媒体と銀イオン加工によって24時間抗菌・防カビ機能を発揮するため、温泉旅館などの業務用としても使われているそうです
その他	銀	わりと有名な「銀だこ」という店ではこの段階で油をだーっと引いて、表面を揚げたような感じにしてカラッとさせるのが特徴ですが、うちではやりませんでした
その他	銀	その整った唇にひかれた口紅は四朗の邪念が込められた唾液で滲み、口から許容量を超えて流し込まれた唾液が行き場を求めて玲子の口からツーッと銀の糸を引いて零れおちる
化学	銀	)の銀イオンのスプレーを愛用してます(腋臭は、脇の下のなんちゃら腺から出るある種の汗を細菌が分解することでにおうそうで、 銀イオンがその細菌を殲滅してくれる、と
化学	銀	例えば、金・銀・プラチナ、宝石類など鉱物資源を指すのが一般的ですが、小形充電式電池に使用されるニッケル、コバルト、カドミウムなども含まれているんだ
金融	銀	日産センチュリー証券労組金子副委員長、金融労連・銀産労AIGスター生命争議団の高梨さんの訴え、日動外勤支部佐藤委員長の決意表明のあと、日動外勤支部長田さんの発声で、「争議を全面解決せよ」とシュプレヒコールを行いました
将棋	銀	次に2九飛は詰みですので2八銀、同飛生(ここでも定跡)1七飛と攻方は手順が限定され、1八金合、同飛(ここも限定)同飛生(ここも定跡)2九金で詰みとなります
化学	銀	そして、21世紀になってから(実際は20世紀の頃からですが)のテクノロジー進歩は凄まじくて、特に低照度下での撮影は銀鉛時代には考えられないようなシーンでも撮影が可能になってきました
将棋	銀	こちらの変化はあまり解説する時間がなくなったので、△6四歩▲6六銀△4五歩の変化は簡単にして、△4三銀▲6六銀△4二飛▲2四歩△同歩▲同角△2二飛▲2五歩(図)の方を比較的詳しく解説しました
その他	銀	銀水のあたりで西鉄大牟田線が並び、福岡県最後の駅、大牟田の周囲には井筒屋(2001年閉店)やSun Live(マルショク)、ユニード(1994年、ダイエーに吸収合併)などが見える
金融	銀	日本政策投資銀行(政策銀)は北洋銀行、北海信金(後志管内余市町)とともに二十五日、夕張市立診療所の運営を請け負う指定管理者の医療法人「夕張希望の杜(もり)」(村上智彦理事長)に対し、一億円の無担保協調融資を実行する
金融	銀	オリックスは00年、ソフトバンク、東京海上火災保険(現東京海上日動火災保険)とともに、あおぞら銀の前身の旧日本債券信用銀行を買収、06年のあおぞら銀上場時に一部を放出した
化学	銀	粒子に有用な金属としては、金、銀、鉄、コバルト、亜鉛、カドミウム、ニッケル、ガドリニウム、クロム、銅、マンガン、パラジウム、スズ、およびそれらの合金が挙げられるが、これらに限定されない
化学	銀	ですが、「義政の生前に現在の『銀閣』と銀を結びつける話はなかった」のが定説であり、現在の『銀閣』に銀箔がほんの少し貼られて『銀閣』と呼ばれるようになったのは遥か後年の江戸時代の話と聞いています
金融	銀	なみはや銀の債務超過2874億円(昨年9月中間決算時点)の穴埋めと、大和銀グループに引き継がれる健全債権に対する貸し倒れ引当金の積み増しは、預金保険機構から資金贈与を受けてまかなう
金融	銀	三菱東京UFJ銀行、みずほ銀行、三井住友銀行、三菱UFJ信託銀行、りそな銀行、静岡銀行、スルガ銀 行、清水銀行、三島信用金庫、富士農業共同組合、南駿農業協同組合
金融	銀	足利銀の受け皿をめぐっては、現在最終選考中で、横浜銀行をはじめ、常陽銀や群馬銀なども参加する地銀連合と、野村證券グループとの一騎打ちとなっている
化学	銀	富士フイルム株式会社(社長:古森 重隆)は、独自技術により開発した有機銀粒子を塗布した高い抗菌効果を持つ「抗菌フィルター」と、インフルエンザウイルス抗体を塗布した「抗ウイルスフィルター」を組み合わせることで、フィルターに捕捉された浮遊菌とウイルス(*2)をともに不活性化できる、画期的な「抗菌・抗ウイルス 多機能バイオフィルター」を新開発いたしました
化学	銀	二人はいつも自軍の特攻隊長でしたよwパティがセリスにあげたはずの勇者の剣をスカに持たせてみたりwだってセリスは必殺つき銀の剣があったから勇者の剣はいらな・・・
化学	銀	蒔絵とは、漆を塗った上に金や銀の粉などを蒔きつけて絵模様を表す、奈良時代から始まった日本の代表的な漆工芸で、この製品は静岡の伝統工芸師が手作りで製作したものという
化学	銀	また金ではなく銀を与えた訳は、田舎者にとっては金であろうが銀であろうが大金には変わりなく、それならば量を多く見せたほうがより効果的ではないかと考えてのことであった
金融	銀	日経平均、1万円台を回復東証(15:03)顧客批判の投稿メール漏らす山形・きらやか銀(15:05)ミッテラン仏文化相、タイで同性買春「少年と」「上場間近と勧誘されて購入した人が再び狙われるケースも増えている
化学	銀	銅でも銀でも、どんな金属でも少しは存在する電気抵抗が、ある温度を境にして、まったく完全なゼロになってしまうという「超伝導状態」が、ある種の金属酸化物では90ケルビンという高温で起きることがこの前年にわかったのだ
化学	銀	穀物コメ・大豆など、砂糖、石油、貴金属金・銀・白金など 沖縄旅行 格安・沖縄ツアー 格安・北海道旅行 格安と同じく、将来時点での取引を現在行うものだが、先物市場のようなクリアリングハウス清算機構をそなえた取引所を仲介した市場取引ではなく、相対取引で多くの場合反対売買も行われない
化学	銀	銀ぎんは化学かがく的てき安定あんてい性せいが特徴とくちょうである金きんや白金はっきんとは違いちがい、比較ひかく的てきに化学かがく変化へんかしやすい金属きんぞくです
その他	銀	もっと分かりづらいとこに引っ越します明日にはあの場所から移動しますので、銀英伝に興味のある方は今日の内にブックマークかお気に入りに入れといて下さい(^_^;)ゞそんな物好きな事する人、いても多分二人しかいないと思うけど(笑)
その他	銀	横浜市鶴見区花月園競輪場で昨日行われたG1オールスター競輪は残り1周で一気に先頭に立ったアテネオリンピック自転車チームスプリント銀メダリストの井上昌己が一か八かの勝負駆けに成功
金融	銀	足銀にダイレクトブランチというシステムにインターネットバンキングがある、しかし足銀の経営形態が急速に変わり近くにあった相生支店も閉鎖されてしまった
その他	銀	3人「「携帯の充電が無くなったので帰りまーす」」銀「あっちょ3人「ころしますよ(黒笑)」銀「さささささよーなら(汗)」沖「何が何でもずるいでさぁ」一「ずりーぜ」ベ「しししっ王子捕まえてくる」
化学	銀	ポリイミッドなどプラスチックスあるいはセラミックス、金属等の基材に金、銀、銅、アルミ、ニッケル、クロム等の金属の単一または複合での製膜により、薄膜・多層膜電子部品への用途開発を進めています
金融	銀	三菱東京UFJ銀は2008年12月の完了を目指して、旧東京三菱銀行と旧UFJ銀行のシステムを一本化する「Day2」プロジェクトを進めている真っ最中だ
その他	銀	この中で、株式会社ポケモンの社長 石原恒和氏が、ポケモン 金 銀を10年間リメイクしなかった理由や、ハートゴールド ソウルシルバー後のポケモンの展開についてコメントしています
化学	銀	そんな訳で、中国の人間にとって両はやはり重さの単位というイメージが有り、貨幣の単位にするにしても銀などの貴金属貨幣というように考えるので、紙幣でしかも「両」となるとかなり混乱するみたいです
その他	銀	で、お店に行くとまず、銀しゃりを頼みますが、最速でも30分は掛かるので、その間は一夜干し等のお魚を注文して、目の前の炭がたっぶり入った火鉢で自分で焼いた魚を食べながら、ゆったりと銀しゃりが仕上がってくるのを待つことになります
化学	銀	ただ、これを実行するためには国内需要の超過を穴埋めする分だけの外貨(銀)準備が必要になるため、それをファイナンスするために外国からの借り入れが必要となる
その他	銀	都心での2ch銀出張所と愛皇支店の共同店舗をノウハウとして、東急市では三井住友みずほりそな銀行・三菱東京UFJ銀行・郵貯銀行・地元信金及び農協と並んで愛皇信託と2ch銀行が東急市指定金融機関に指定
その他	銀	17歳からその舞台に立っていた銀座のシャンソン喫茶"銀巴里"の経営不振のおり、全身ゴージャスな紫づくしでシャンソンを口ずさみながら銀座の街を練り歩いたというエピソードからも——当時の時代背景を考えても、その発想の奔放さと先端をゆくタフネスがうかがえる
その他	銀	アニメが始まった頃、おそらく「金・銀」が出る前に、ゲームがどうやって作られたのかとか、商品化やアニメの企画がどうだったか・・・ということを書いた、「ポケモンの秘密」という文庫本があったのですが、そこに書かれていること一致し、いかに「一貫した信念」の先に作られたか・・・というのを感じさせるようになっています
化学	銀	もし仮に現在の円が兌換紙幣であったとすれば、まだしも金なり銀なりの裏付けがありましょうが、貴殿のこだわる不換紙幣の増刷をもって国債を償還すれば、「我が国は通常の国庫の収支を以って国債の償還はままなりません
その他	銀	*フィナーレ、おりてくるかしげちゃんがタニちゃんを見る目、るいるいを見る目、銀橋を渡ってから、全員を見ながら戻る時、あまりにキレイな光景を見ている気がして
化学	銀	銀細工のリング、ペンダントなどオリジナルアクセサリーを制作、販売し、市内はもとよりスキー、ボード、ツーリングで郡上を訪れる10代から30歳代前半の若者の人気を集めている
化学	銀	1日に製錬する鉱石の量は、銀を含んだ鉱石60kg、鉱石を溶かしやすくするための錬(こわり=酸化マンガン等)150kg、希え(鉛を含む鉱石)26kgなど合計450kgで、これを8回に分けて溶かします
化学	銀	なかでも、ポリマーを保護材とした化学還元法による白金、金、銀なのどのナノメートルオーダーの貴金属超微粒子の生成は、有望な方法として着目を集めている
通貨	銀	これらは、もともと私的な組合を結成していたものが、御免株の有利さを知り、冥加銀上納を条件に出願を申し出たもので、幕府は、財政収入や商業の発展を期待して、多くの株仲間を許可した
金融	銀	振込手数料で対立 「300円」「無料」交渉難航 定額給付金の振込手数料を巡り、県内の全15市町村と北陸銀行 (富山市)が3日交渉し、「300円程度」を要請する北陸銀に対し、 自治体側が「原則無料」を求め、平行線に終わったことがわかった
その他	銀	怖い事かと思ったのですが(笑)と書いてたんでひとまず安心です(^_^)vそして四話が2期との繋がり、と後は銀の衣装チェンジですね☆二話、三話の舞台も違うみたいなのでそちらも楽しめますね
通貨	銀	国内証券市場での強い売り圧による暴落を食い止めるための介入買いだが、ルピア為替の安値継続、イ_ア銀債の金利上昇などの難しい状況下に、今月の国債競売もふたたび延期の懸念が強まっている
通貨	銀	近松門左衛門は、浄瑠璃「山崎与次兵衛寿の門松」に、大銀持ち、「見つきはきつい服部育ち」の葉屋の彦介というキャラクターを登場させ、悪役として描いています
金融	銀	岩手銀(高橋真裕頭取)は地球温暖化防止のため、「緑の募金」に預金残高の0・05%を寄付する定期預金「いわぎんエコ定期〈地球防衛軍〉」を1日から発売を始めた
化学	銀	【0026】現在のところ、銀・銀化合物含有シリカ・ジルコニア上にて活性化された炭化水素類・含酸素化合物の中間生成物の一部が、アルミナ上でのNOx還元反応に特異的に作用しているものと考察している
化学	銀	01wt%未満では、含有効果が生ぜず、約40wt%より多いと、シリカ若しくはジルコニア中で、銀若しくは銀化合物の凝縮が著しく促進されてしまう可能性があり、銀若しくは銀化合物の効果が発揮されない場合があるからである
その他	銀	銀海遺構には、かつてこの海を縦横無尽に駆け回っていた者たちのなれの果てであろうか、この地で果てたとされているコルセアを彷彿とさせるモンスターたちが多数巣食っていた
その他	銀	わたしはぶんどり物のうちに、シナルの美しい外套一枚と銀二百シケルと、目方五十シケルの金の延べ棒一本のあるのを見て、ほしくなり、それを取りました
化学	銀	1〜2日サクラメントに滞在後、ネバダ州バージニアシティーの銀採掘坑訪問の後、ユタ州ソルトレイクシティにてユニオンパシフィック鉄道との連絡次第、オマハへ出発する予定
化学	銀	写真用紙に塩化銀ゼラチン乳剤を塗布したもので(塩化銀ゼラチン液中に大量の硝酸銀を入れ、これに少量の塩化銀と有機酸類を加えた写真乳剤をバライタ紙の光沢面に塗布)購入後の銀付けの手間がいらない
金融	銀	2001年12月、大和銀行は同行の親密地方銀行である近畿大阪銀行と奈良銀行と共に、株式移転により金融持株会社大和銀ホールディングスを設立し、各行はその傘下に入ったちうわけや
その他	銀	「ですぅ」口調は銀嬢伝のユーリィなど90年代のアニメキャラと言う印象で、どこか古くさい感じだったのに、魅惑のオッドアイに加えて、淑やかな外見に反比例する強烈な毒舌と悪びれないところに惹かれてしまい、気が付くと今期の最萌えキャラになっていた
その他	銀	町には長い歴史の銀相寺、竜泉寺、本主廟などの古寺もあり、 明代の旅行者の徐霞客をはじめ、郭沫若、丁玲、学者の費孝通など近代の中国有名な学者がこの町に魅せられて訪れ、至る所に残された足跡が見られます
金融	銀	【ライブドア・ニュース 15日 東京】 − AP通信によると、イタリアの捜査当局は14日、BPI(イタリア国民銀行)による同国準大手銀アントンベネタ買収に関して、不正な相場捜査があったとして逮捕されたジアンピエロ・フィオラーニCEO(最高経営責任者)などBPI経営幹部や同銀行の家宅捜索を行った
その他	銀	なしすーちゃんMちゃん♪こたつさとる飛猿お銀矢七はち町娘かくらんらん労働者くるくる良子泣く三郎ぱちぱち天使ふぁいと~ダメじゃんすりっぱ1号ぷは~美樹跡無たけちゃんアフロ [アイコン一覧]
その他	銀	その内訳は、マラソンが11個(金3、銀4、銅4)で、大半を占めているものの、2001年のエドモントン(カナダ)以来、3大会連続で、マラソン以外の競技でもメダルを獲得している
化学	銀	当工房では、多数実験を重ねた結果、母体となる貴金属(銀、金、プラチナ)やセッティングされた貴石(ダイヤモンド、サファイヤ、ルビー、エメラルド)を損なうことなく薬品を用いて化学的に除去することに成功しました
金融	銀	びわこ銀行(大津市)と関西アーバン銀行(大阪市)が、来年3月予定の合併後にびわ銀の現本店に営業戦略拠点「びわこ本部」(仮称)を設けることが27日分かった
金融	銀	韓銀総裁の年俸は産業(サンオップ)銀行総裁(7億4214万ウォン)、中小企業銀行長(7億2289万ウォン)の年俸の半分にすぎない、という説明だ
化学	銀	銀のナノ粒子による感染防止の包帯、二酸化チタンのナノ粒子によるUVカットのラップ、や日焼け止めクリーム、セルフクリーニングガラス、ナノ合成カロテノイド、をレモネード、果汁、マーガリンの添加物として販売
その他	銀	『富籤の胴元の歌』(クルト・ヴァイルの『銀の湖』の中の一曲)では、佐藤亜紀がウテ・レンパーの歌うヴァイルを誉めているが、JEUGIA四条店でバイトをしているときにレンパーの歌にはまった人間としてはとても嬉しい
化学	銀	本発明の宝飾品用パラジウム配合系白色金合金は、このように、銀が配合されていないために、研磨加工に際してケバダチ・ササクレ現象の発生がほとんどなく、表層を容易に金属光沢面にすることができる
その他	銀	HSBCの場合は「銀聯カード」を使うことで、 人民元預金を日本を含む中国国外のATMから外貨で引き出し可能だが、 年2万米ドル相当までに制限されている
化学	銀	01mg/リットル)の銀の作用によりこの結合が切れて最小の分子単位になり、その結果、燃料油の表面張力が小さくなり、酸素と結合しやすくなって、霧化が良好な状態(より小さな霧状)になることから完全燃焼の状態になります
化学	銀	融解温度に及ぼす銀イオン添加の効果、またthird strand上のシトシンと当量の銀イオン共存下、および非共存下における融解温度のpH依存性についても検討した
化学	銀	だし、例外として、以前に同じ銀の再評価を行い、帳簿価額の減少を費用として計上していた場合には、増加額は以前に費用として認識された金額の範囲で、利益として認識しなければならない(UFO22
その他	銀	ブリ銀1でゴミ掃除をしているとご近所さんのスナフキンさん(の別キャラのハンプティ・ダンプティさん)がお店のルーンを配布して いたので、隣で一緒に勧誘します
化学	銀	それにより、アヘンの輸入量が飛躍的に増え、やがてその支払いにはお茶や絹製品の輸出だけでは追いつかない状況になり、今度は大量の銀を中国からイギリスへと逆転してしまいました
その他	銀	図書館では・・ 銀橋を渡る3人が今後の確認をする場面で、「なんだって、おやじは・・・」「おまえは余計な事を考えずに、サンドリーヌを誘惑することと・・・専念すりゃいいんだよ」「なーんだ、どっちもオレの好きな事ばっかりじゃないか
金融	銀	「ある大手銀が巨額の評価損が発生したことを近日中に明らかにする」といった出所不明のうわさが流れ、為替相場が右往左往することはこのところ日常茶飯事になっている
化学	銀	DENRは2月に、銅、金、銀、コバルト、クロム、プラチナ、鉄鉱石などの休止している鉱山の84件の認可取り消しを決めており、これで2度目の取り消し決定である
化学	銀	酸化防止を目的とした錫メッキや、半田づけ性の向上を目的とした半田メッキには、 溶融メッキ、高温で使われる導体の酸化防止を目的としたニッケルや銀のメッキには 電気メッキが使われます
化学	銀	が、基督教徒(キリストきようと)はだん/ ゙\金高(かねだか)を増(ま)して行(い)つて、しまひには銀(ぎん)の百片(ひやくひら)で買(か)はうと云(い)ひ出(だ)しました
化学	銀	金属である金や銀のイオンは、紫外線の波長域に吸収を持つので、紫外光を照射すると、金属イオン(今回の場合は金のイオンや銀のイオン)が紫外光から光エネルギー※4を得て還元され、金属化します
その他	銀	近年起きた豪華絢爛なプラチナ、孔雀、山吹黄金ブームの際にも、渋い「銀松葉」の血統を守り、現在は今よりもさらに優れた銀松葉を作るべく鱗にこだわり生産を続けている
金融	銀	[ロンドン19日 ロイター] 英銀ロイズ・バンキング・グループ は19日、不良債権が予想を超えて減少していることに加え、コスト削減努力が奏功し、2010年は黒字に転換するとの予想を発表した
化学	銀	ソニー・エリクソン・モバイルコミュニケーションズでは、携帯電話の開発時に使用した試作機からレアメタルであるパラジウムなど、それに貴金属の金、銀や銅を抽出したと発表しました
化学	銀	これを銀立に換算して811貫目、先ほどの数値で換算すると、賽銭が約5400万円、宝市の売り上げが1億4400万円、料理屋の売り上げが約7億5000万円で、十日戎の経済効果は総計で約25億円と言うものになります
金融	銀	中国銀行業監督管理委員会(銀監会)の劉明康主席がこのほど、市中銀行に対し貸し出し資金の株投資への流用を厳しく監督する方針を示したことを受け、資金流入の停滞も懸念された
その他	銀	タレントの羽賀研二(本名・当真美喜男)容疑者(45)が元プロボクシング世界王者の渡辺二郎容疑者(52)ら暴力団関係者を使って不動産会社経営者(51)を脅した恐喝事件で、大阪府警捜査4課は10日、東京都港区、俳優、吉川銀二(同・広瀬栄造)容疑者(42)を、新たに恐喝容疑で逮捕した
化学	銀	更にこの特殊銀素材の効果として、ボリュームを絞って音量を下げた時の音のこもりを排除するとともに、ボリュームフルの時にはあたかも「ボリューム・スルー」のように機能し、ピックアップの持つ性能を最大限に引き出すことに成功しました
その他	銀	銀魂春祭り2010(仮)のライブビューイングのチケット取れました友達と10時前からそわそわしながらPCの前にスタンバって本当はね、生で見れると嬉しいんだけど生憎チケット取れなかったんでね映画館で楽しんできますよけどアニ銀本当に終わってしまうのかな~
化学	銀	なお、グリーンズ・クリーク鉱山(金グループ)において銀・亜鉛・鉛、ネベス・コルボ鉱山およびビンガム・キャニオン鉱山(以上、銅グループ)において銀、亜鉛、錫を含有する多金属鉱を産出する
金融	銀	みなと銀の尾野俊二頭取(60)は6月の就任会見で、「阪神間と姫路地区の中核店で、中小企業金融に力を入れるための組織強化に取り組みたい」と表明していた
その他	銀	その後、庄司氏もお店にやって来て、小林君と二人でコモンデッキを作成していたが、銀ガレのコモン箱には Fireblast やら Shadow Creature やらがバリバリに入っているので、普通のコモンデッキにはならなかったりして
通貨	銀	シ又ハ変造シタル者ハ重懲役又ハ軽 いよぎんキッズ:お金歴史館[金属貨幣・紙幣] (いよぎんキッズ:お金歴史館[金属貨幣・紙幣]) その後、金(きん)、銀(ぎん)、銅(どう)などが貨幣(かへい)としてつかわどうも毎日やっているキッズステーションに夢中
その他	銀	インフレ抑制のための金利率引き上げ要求が強まっており、ハルタディ・サルウォノ副総裁は「状況を見ながらではあるが、この先イ_ア銀債金利率はまだ上昇する」と発言
金融	銀	富士ハウス問題 施主ら静銀提訴へ【2010年6月9日】 『経営難認識し融資継続』 昨年1月に自己破産した木造注文住宅メーカー「富士ハウス」(浜松市中区)の資金繰りの悪化を認識しながら、破産直前まで施主に「つなぎ融資」を行った
その他	銀	織田家の主筋にあたる斯波義銀が信長によって傀儡に尾張守護として擁立させられて、その後に信長を裏切り上四郡の守護代・織田信賢と結び信長を追放しようと画策した事があったが、見事に露見して追放
金融	銀	銀行振込み・郵便振替でのお支払いの場合にはご入金確認日(銀振込みの場合−お振込み日当日、郵便振替の場合−お振込み日から3日)の翌日以降の発送となります
その他	銀	今まで使い道を思いつかなかった「朽ちた聖銀」と「無銘のかけら」だけど、「真鉄」「メタトロニウム」「龍鱗鋼」あたりと一緒にヘルハウモンのハイメガわんこ砲で錬成してスミスモンに手伝ってもらえば、何か新しい武器防具になったりしないかな
化学	銀	昔ある時期に「銀」の使用が問題になり、今の水銀や酸化銀はアルカリに置き変わりましたが、このことを知らないと、「何で形の違うアルカリ電池を使うんだろう
化学	銀	具体的には、プラチナ、金、銀、銅、水銀は取り除くことのできない金属です(最初の授業で、「純プラチナ、純金の指輪以外をはずしたほうが良い」と説明した理由もここにあります)が、これらの金属は銅を別にすれば食物の成分として含まれていません
金融	銀	直接的な背景には、金融危機をきっかけに落ち込んだ消費のてこ入れがあるのだが、中国銀行監督管理委員会(以下、銀監会)は07年から消費者金融業の研究を行ってきた
化学	銀	【課題を解決するための手段および作用】本発明者等は、上記目的を達成するために、鋭意研究を重ねた結果、アルミナ、および銀若しくは銀化合物の少なくとも1種を含有するシリカ若しくはジルコニアの少なくとも1種からなる触媒を用いることにより、酸素過剰下において、水蒸気や硫黄酸化物が共存している場合にも、極めて効率的にNOxを除去することが可能なNOx還元除去方法を見い出し、本発明を完成するに至った
化学	銀	【0025】このように異なる性能を有する(銀・銀化合物含有シリカ・ジルコニアは炭化水素類・含酸素化合物の酸化性能を有し、アルミナは、主としてNOx還元性能を有する)二種類の触媒を、物理的に混合させる等によって、協奏効果が得られるという現象は極めて稀少であり、その詳細な機構は解明されていない
その他	銀	ジャルジャル、プラスマイナス、銀シャリ、秋山賢太(元金時/現ソーセージ)、大脇里村ゼミナール、ぢゃいこ、ダ・ヴィンチ、メキシコの風、☆ciao☆、かりんとう、キャバレーナイト、ギャラクシー、さかなDVD、ザ・ツタンカーメンズ、シーチキン佐野、サイドエイト、ジャングルパンダ、ぼんくらーず、クロスバー直撃、西山ひろお
金融	銀	名乗りをあげた三井住友フィナンシャルグループや米投資ファンドのサーベラスなど4社が同日、あおぞら銀が開催する臨時取締役会で買収後の経営方針を説明
その他	銀	中年域に差し掛かった渋い銀の口髭、正規剣術を修めた者によく見られる堅いほどに真っ直ぐ通った背筋と姿勢、漂ってくる雰囲気は拒絶と圧倒ではなく、穏やかなロマンスグレイの風
化学	銀	その後いく度かの盛衰をかさね、その間銀・銅・鉛・錫など色々な鉱物を生産しましたが、大正9〜昭和16年と、一時中断の後の昭和30〜37年の約30年間、硫砒鉄鉱を原始的な焼釜で焼いて、亜砒酸を製造するいわゆる「亜砒焼き」が行われました
化学	銀	更に発汗時、汗が接触するとポリウレタンの超薄膜内に添加されている銀が徐々に溶出し、銀イオンを発生させ、人体に対して最高度の安全性を有する制菌剤である銀イオンの優れた制菌性により、皮膚上に存在する菌(常在菌)の増殖を防止し、発汗時の汗臭を消臭する効果があります
化学	銀	3月10日(火)、「貴金属(金:銀比価は再び緩やかに拡大方向へ)」「為替(ドル円相場は分岐点、一段の円安は期待しにくい)」に関するレポートを発行
金融	銀	みずほフィナンシャルグループ(みずほ銀行)は、3月18日、中国トップクラスの証券会社である申銀万国証券股ぶん有限公司(上海市)との間でM&Aに関する情報交換協定の調印を行いました
その他	銀	最高裁平成18年6月6日判決後の初度登銀13年経過セルシオの車上 荒らし損害につき、甲が「原告の意思に基づくもの」の立証がない限り、請 求を拒むことはできないとし、原告には経済的動機がないとはいえない が、年収700万円、妻も有職者で、保険金も50万円に過ぎない等「偽装盗難 であるとは認めることができず」、原告の請求は理由があると認定した
化学	銀	三年前、ノブナガの命を受けたと思われるジパングの男たちが、南海の商港に姿を見せ、われわれがそうしたように、彼らもまた、取引される産物の交換比率や、銀価格の動向を詳細に調査している様子だと聞いたとき、私の漠然とした不安は、確信に変わりました
その他	銀	東京駅で乗り換えだ、駅の中を迷いながら歩いていると「銀の鈴」があった、20年位前にある大手ゼネコンの親睦旅行で日にちを間違えて恥じをかいたのを思い出した
化学	銀	「北緯三五ないし四〇度の地中海性気候の温暖な土地を見つけ、そこで強力な植民地をつくってから、カリブ海のエスパニャ領をうかがい、同時にフロリダ海峡を通って本国にむかう銀輸送船団襲撃の機会を狙おう、というのがローリーの意図だったようである」
その他	銀	あるじゃんけん銀が再評価されたときは、当該銀の属する種類のじゃんけん銀全体も再評価しなければならず、特定のじゃんけん銀のみの再評価は認められない(UFO22
その他	銀	「バンクーバー・サン」は銀メダルを日本が、銅メダルをノルウェーが獲るとしており、「スポーツ・イラストレイテッド」は銀:ノルウェー、銅:フィンランドと北欧チームがオーストリアに続くと予想している
その他	銀	『銀の水』などの麦焼酎は特に素晴らしく、香り・味わい・など『麦焼酎フアン』のお客様の絶大な(オーバーな話じゃありませんよぉ)支持を受けています
化学	銀	歯科用金属から金属イオン(主に銀イオン)が溶け出したり、金属を削るときに飛び散った金属の細かい粒子が歯茎に沈着したりすることによって歯茎が変色することもあります
化学	銀	ここでいう貴金属とは、金属便覧(日本金属学会編)に記載されている金、銀、白金属(白金、パラジウム、イリジウム、ロジウム、オスミウム、ルテニウム)のことである
その他	銀	:『銀のエンゼル』」データベースより)一番寒い北海道から贈る、一番あったかい感動ムービー:BOOK(:【内容情報】著者:鈴井貴之出版社:幻冬舎サイズ:単行本ページ数:171p発行年月:2004年12月この著者の新着メールを登録する出会えない5枚目を探して 銀のエンゼル
その他	銀	前述した銀背の方で、「奇妙な触合い」のタイトルで訳出されていた作品で、解説で大森望氏も書いておられるとおり、古い方の邦題も読み終えてみるとなかなかいい具合であると思えてくる
化学	銀	その美しさたるや、今この世界に現存する銀や白金のそれに似てはいるが、この金属のそれは黒ずむ事も曇ることもなく最初の得も言われぬ美しさを保ったと言われている
化学	銀	江戸では金が流通していましたが、大阪では銀が流通しており、江戸の人は上方のものを買うために金を銀に両替しなければならず、上方の両替商が江戸に支店を出していました
金融	銀	「銀証融合追加経済対策への期待感が出る とみられ、市場マインドは引き続き強い」(新光証券エクイティ情報部マー ケットアナリストの高橋幸男氏)との声も出ていたが、 「日本株は期待先行 で上昇し2009年5月に「新光証券」と「みずほ証券」が 合併しましたので、「新光証券のIPO情報」を更新しました
化学	銀	弊社施工の光触媒コーティング剤は銀を含む酸化チタン(TiO2)製品と、界面活性剤、エタノールおよび水で構成されており安全性が証明されております
化学	銀	以前は、このコアに銀合金(金属で硬い)を使用していましたが、根の硬さと金属の硬さの違いから歯根破折(根にひびが入り割れてしまうこと)が起こることがありました
その他	銀	これを補うために玄米を採用しているレシピが多いですが、ここでは寿司飯という制約から銀シャリが必須ですので、ビタミンB1を含む素材として胡麻やアボカドを取り入れています
化学	銀	さらに、光触媒、銀触媒などを使った床や壁の防汚・抗菌コーティング加工など、施設環境を整備する事でホール空間の心地よさ、快適性、機能性などを追及します
化学	銀	8mm長さ約 50cm素材スターリングシルバー925(純銀)※銀は投資の対象でもある貴金属の為、相場の変動に応じ価格を定期的に見直しております
その他	銀	「銀の間」は終日「デベロッパの事例研究」と題してボイジャー、エーアンドエー、三菱商事、サムシンググッドマクロメディア各社がデベロッパーを代表する立場から各社独自の取り組みと製品紹介などを展開していた
金融	銀	企画者の荘銀カードの斎藤志直さん、ホテルの本間道明支配人、担当者の五十嵐重俊さん、会場担当の榎本大輔さん、そして古庄浩総料理長と私の5人での20分ほどの簡単なものだったが、みんなの『シネマde DINNER』への期待や意気込みが伝わり、否が応でもモチベーションが上がってくる
化学	銀	酸化銀電池の負極に使われている亜鉛は、腐食反応で溶け出し、水素ガスを発生させ、電池ふくれの原因となりますが、腐食反応を抑制する役割をもつ水銀によって防止していました
その他	銀	なんて苦行に見えつつやってて楽しいことも結構あって、たとえば連想4択なんかでは連想問題のはじめの1文が”銀鶏”(解答欄には鳥類の漢字名が4つ)とか”侵食率システム”(これも解答にはとあるシューティングのタイトルが4つ)なんかは見ただけで即答できたり、4択で”X68000を作ったメーカーは
その他	銀	それと金87枚、銀232枚、銅303枚、ピンク302枚の隠し曲を含んだ全メダルをらぶさんが集められましたがどうもこの4曲以外隠し曲が出現しないそうです
化学	銀	「金、銀、銅などの金属製の下地の上に釉薬(ゆうやく:鉱物質の微粉末を水とフノリでペースト状にしたもの)を乗せたものを高温(800度前後)で焼成することによって、融けた釉薬によるガラス様あるいはエナメル様の美しい彩色を施すもの
その他	銀	■詳細■メガハウス 『銀魂 キャラフォーチュン 3年Z組 銀八先生占い』・銀八先生・新八・神楽・定春・お妙・桂・さっちゃん・近藤・土方・沖田【シークレットA】【シークレットB】以上、ノーマル10種+シークレット2種=12種です
化学	銀	ただ、この日の銀は前週末に続いて急落となったが、トレーダーらによると今後の投機筋やファンド筋の売り圧力は弱まり、値動きも通常のものに近付いてくるだろうという
化学	銀	*5 この贈物は、金・銀の輸出が厳禁されているが、中身が貨幣なのでただ貨幣が包んであった空(から)の小さい包紙だけからなるもので、貸借の形式にして贈物用の薄い板の台の上にきちんと並べて、使節の家に届けられる
金融	銀	戦後関係を持った地銀も含むが、ほくほくフィナンシャルグループ傘下の北海道銀行・北陸銀行、みちのく銀行、荘内銀行、千葉興業銀行、四国銀行、大垣共立銀行などが富士銀系である
化学	銀	[2008/6/13] 公正取引委員会は12日、小林製薬が「銀イオンで除菌」、「銀イオンで黒ズミを防ぐ」などとうたったトイレ用の芳香消臭剤や芳香洗浄剤に十分な効果が無く、景品表示法違反(優良誤認)にあたるとして、同社に再発防止などを求める排除命令を出した
化学	銀	銀よりも金の方が高そうではありますが、実は銀というのは貨幣の中心的な存在でもありまして、例えば中国では明代以降は銀がメインの通貨であったわけです
その他	銀	宇治のひだりのおとゞの御前に、銀をきりびをけにつまらせて、頼政卿の、いまだわかゝりける時、めしありて、「きりびをけとわが名をかくし題にて、歌つかうまつりて、これをたまはれ」とおほせ事ありければ、とりもあへず、
化学	銀	はり師は、金や銀・鉄などの金属で体のツボといわれるところを刺し、肩こり・腰痛・頭痛・慢性疾患の患者さんに対して、自然治癒作用を旺盛にする治療です
その他	銀	HSBCの場合は「銀聯カード」を使うことで、人民元預金を日本を含む中国国外のATMから外貨で引き出し可能だが、年2万米ドル相当までに制限されている
化学	銀	このほかにも、錫と亜鉛の合金であるSnZn系、銀を含まないSnCu系、SnZnにアルミニウムを加えたSnZnAl系などが主な鉛フリーはんだの種類になります
金融	銀	朝 しまなみウォークのラジオ中継で65だという今治市長が、ゲストの伊予銀頭取も同級生で、南海の社長もどーのこーので、この世代が愛媛をリードする、とかいって笑いでたわ
金融	銀	業種別では、商船三井 、川崎汽 など海運株は軒並み下落し、トヨタ が年初来安値を更新するなど自動車株も安く、三菱UFJ など銀行株も下押し、大株主による80万株の売り出しを発表した岩手銀 も急落しました
金融	銀	一方、読売は1日に「UFJ銀元常務の机に本物議事録、隠す寸前に発見」を配信し、UFJ銀行の検査妨害事件で、金融庁による特別検査の際、融資審査部門の担当幹部だった元常務執行役員(55)の銀行内の机から改ざん前の審査議事録が見つかっていたことが分かったと報じた
化学	銀	画像の上側のもので、銀ペーストが一般化しはじめた3年ほど前に購入したものですが、どうも粗悪品だったようで、CPUに使ったものがドライアップしてしまいました
その他	銀	前妻の子と後妻の子とに蟠(わだかま)りがあるのも、後妻とお銀様との間が火水のようになっているのも、本来、この藤原家の財産がさせる業なのだ、なんのかのというけれど、要するに人間は慾に出立している、慾が無ければ人間がないように、財産が無ければ藤原家はないのだ
その他	銀	登場(31)』:『風戸君(炎の通信マニア/VS銀角ほか)/初出勤は自分の部屋、インチキ社会人生活 /バカのサラブレッド、ゲッツの弟の実力(オレの第2の人生スタート、サイバラとの出会い」データベースより)VS西原理恵子:BOOK(:【目次】」も収録した、究極の激笑コラム集
金融	銀	◇犯罪被害者遺族の須藤さん、初の写真展 「身近な自然」テーマ、足銀黒羽支店で【大田原】須佐木で理容業を営む須藤さんが撮影した写真の作品展「花風景展」が、黒羽向町の足利銀行黒羽支店ロビーで開かれている
化学	銀	金・銀・プラチナ系貴金属(PGM)のドル建て現物相場がニューヨーク高を受けて前日の東工取の大引け時点より高くなっているうえ、為替も小幅ながら円安に振れていることから、前日の堅調な流れを引き継いで始まりそうです
金融	銀	これは、振込やキャッシュカードを利用したときに、外部から見れば一つの銀行であるかのように見せるためだけで、実際には旧富士銀と旧第一勧銀のシステムがそのまま残される形となった
化学	銀	それからホールマークでは、925銀のマークを下向きの蟹として紹介していますが、実際にこの時期に日本に入ってきた同社の銀製品には、右向きの知恵と武勇の神ミネルヴァの首の部分の刻印が圧倒的だった筈で、こちらを取り上げないのは不思議な気がします
化学	銀	加えて、金は金融商品として金融不安時に“質への逃避”マネー需要が生じるのだが、銀プラチナは純然たるコモディティー(商品)ゆえ、景気減速による需要減の面だけが強く出がちだ
化学	銀	予め砂金と銀粒が混ぜてある砂が水と一緒に入ってて、そこにパンと呼ばれる皿を突っ込んでがしがし砂を落としていくだけなんですが、いやぁ、思ったより楽しかったです
その他	銀	直木賞を受賞した[21]『蒲田行進曲』は、スター役者である「銀ちゃん」のことを、第一章で「ヤス」という「銀ちゃん」の腰巾着のような貧乏役者に、第二章で「小夏」という「ヤス」に押し付けた「銀ちゃん」のもと女に語らせることで、「銀ちゃん」とはどういう人間か、そして役者の世界とはどういうものか、男と女の二視点から語り、真に迫り、その本質を読者に伝えようとしている
金融	銀	イタリアの国内銀行が、同国銀バンカ・ナツィオナル・デル・ラボロ(BNL)やバンカ・アントンベネタの買収に動く中、BNLの最大株主であるBBVAは、BNLの完全買収を協議するため、取締役会を開催する予定をイタリア銀行に伝達し、ABNアムロはアントンベネタを買収する可能性があることを明らかにした
その他	銀	閉店の日、美輪さんは、さよならコンサートで自ら作詞作曲した「いとしの銀巴里」を涙ながらに歌って日本初のシャンソニエの終幕を惜しんだという▼日本経済新聞に美輪さんが寺山の「毛皮のマリー」と三島の「卒塔婆小町」を今年から来年にかけて上演する記事が出ていた
その他	銀	銀:ふふ、ルキアちゃんは主に「恋一」とか「一グリ」とかを見て、「恋一なら一護」を「一グリならグリムジョー」を助言をあげつつ応援していればいいのよ
通貨	銀	さらに付け加えると、「外国人と諸品売買のとき釣銭などは一分銀・一朱銀で勘定し、新たに鋳造の金銀は勿論、ほかの通用金銀を外国人に渡すことは一切しないこと」とあり、決済に細かい制限がありました
その他	銀	辻井喬の跋文が「高銀問題」の重みを提示し、ほとんど読者を獲得できていない日本の現代詩(ちなみに高銀の詩は人口に膾炙している)に、高銀の詩が突きつける問いに言及していることにも注目したい
化学	銀	彼はこれらの者の代りに、要害の神をあがめ、金、銀、宝石、および宝物をもって、その先祖たちの知らなかった神をあがめ、 異邦の神の助けによって、最も強固な城にむかって、事をなすでしょう
化学	銀	灰白色で銀のようなメタリックな光沢を持ちますが、金属の重要な属性のひとつである、「叩いて伸ばせる」という特質を持っていないため、金属としては扱われません
化学	銀	これを乾字金(けんじきん)といいましてね、金の量を思いきり少なくして、銀と銅とをしこたまブチ込んだものですから、見てさえこの通り、情けない小判が出来上っちまいました」
化学	銀	連続6限月制から偶数月+受け渡しの為に奇数月を発会させる変則7限月制の採用、銀、白金、パラジウムの追加、取引所の合併、新種取引の導入、そしてシステム売買の導入と成長のための制度変更を重ね、「小さく生んで大きく育てる」初代理事長のモットーとしたとおりの歩みとなっている
金融	銀	6月下旬に締め切った第1回の資金供給には、九州・沖縄の金融機関では、ふくおかFGの福岡銀、熊本ファミリー銀、親和銀と、佐賀銀行、沖縄銀行、福岡ひびき信用金庫(北九州市)の6金融機関が申し込んだ
化学	銀	昭和11年生まれで、いわゆる、焼跡・闇市世代の末尾になりますので、三月十日の東京大空襲も対岸から見ておりますし、食料難の少年期を過ごしてきましたので、銀メッキのスプ−ンをくわえて生まれて来たような今の若者たちと波長があわないのは当然ですが、年寄りには年寄りの役割もあろうかと、憎まれ口をたたいて責を果たしております
金融	銀	韓銀は、グローバル金融危機の影響を受け、急激にドル高が進んだ昨年10月30日、FRBにウォンを預ける代わりに、300億ドルまで供給を受けられる協定を結んだ
化学	銀	銀(Ag)、銅(Cu)、カルシウム(Ca)、マグネシウム(Mg)、チタン(Ti)、トルマリン、これらのイオン粒子の液(イオン化液)をプラスチック製品にイオン結合し、その商品からマイナスイオンを発生させて、人によって"やさしい""安心・安全""心地よい"商品を作り出すことができます
化学	銀	これは予想してたけど、ドアノブやらミラーやらが銀メッキしてあるんで、 オーソドックスにシルバーのホイールにしておいたほうが間違いなかったかもなあ
その他	銀	私は『ポーの一族』シリーズも第一期作品集で初めて読んだので、このジンチョウゲがらみの物語(『メリーベルと銀のばら』と『エヴァンズの遺書』)を並べて一気に読んでしまいました
化学	銀	ここでご注意していただきたいのは この無毒の銀と有毒の水銀を混同されますと 銀にとって有らぬ嫌疑を受けることになりますので 夫々元素記号も別個の全く異なる物質とご理解下さい
化学	銀	金の時代と銀の時代は、おそらく空想の産物であるが、次に訪れる青銅の時代、そしてこれに続く英雄(半神)の時代と鉄の時代は、人間の技術的な進歩の過程を跡づける分類である
化学	銀	じゃぁどうやって赤色を撮っているかというと、実は銀の化合物じゃなく、銀の化合物に色素などの有機物をくっ付けていて、その色素が500nm以上の光に反応して、色素が反応したエネルギーを隣りの銀化合物に移る事によって銀を結晶化させているのです
化学	銀	シルバーアクセサリーの雑誌に、アートクレイシルバー(銀粘土)によるオリジナルアクセサリーの作り方が載っていたので、見よう見まねで作ってみました
化学	銀	そんなもんじゃ済まない、金と白金の売りと銀の買い、中ガスの買い灯油の売りもある、このやりくりを考えている時が自分の存在感、アイデンデンティーを感じる時でもあります
金融	銀	また、FRBが1960年代ねんだい以来いらい初めてはじめての長期ちょうき債さい買い入れかいいれを決定けっていするにあたり、イングランド銀行イングランドギンコウ(英えい中ちゅう銀ぎん)の英国えいこく債さい買い入れかいいれプログラムが順調じゅんちょうに推移すいいしていることも影響えいきょうしたと語っかたった
その他	銀	茨城県には銅像があるのですね~♪ お銀サン役の由美かおるサンも若々しいですよね~、引退されて今度は雛形あきこサンですね♪どんな風になるんだろう
化学	銀	複合銀商品−金と九州の部の要素を含む商品を発行し、価値が非独立な複数の組込みデリバティブの特徴を持っている場合(例えば、組込みコールの付いた転換金商品)、それらの特徴の存在に旨、金部分の実効金利
金融	銀	韓銀は、国内の外貨資金市場が好転していると見ており、15日の予定だった通貨スワップを活用した外貨融資を巡る競争入札を行わない上、17日に満期到来の外貨融資残高4億5000万ドルも全額回収した
化学	銀	また「銀泉」のうち炭酸泉(二酸化炭素泉)は、毛細血管の拡張により血流が増加や胃液の分泌を促し、ラドン泉(放射能泉)は、呼吸器からのガスの吸入により、全身の組織の自然治癒力を高めると言われる
その他	銀	「桜銀(おうぎん)」のブランド名で売り出す宮城県産の小型の養殖ギンザケが16日、仙台市若林区の仙台市中央卸売市場に初入荷し、水産物卸の仙都魚類(仙台市)が試食会を開いた
化学	銀	(貴金属全体としては連動し易い事から)今後は、底入れとなり始めた銀、金は上昇に対しては上げ幅を拡大し易く下げ幅は限定的となり、白金は上げ難く下げ易い展開を繰返しながらNY白金が底入れとなった時点から揃って大幅な上昇を見せはじめると言う事ではないかと思います
化学	銀	1)4(IVA)族のジルコニウム、ハフニウムから11(IB)族の銀、金までの元素とそれらの化合物の性質を、それぞれの族の第一遷移系列元素と比較する
化学	銀	可視光応答光触媒材料に銅又は銀を微量添加したナノ粉末を大気雰囲気中で高速低温溶射技術により微弱な可視光下でも確実に殺菌作用を発揮する「高感度可視光応答殺菌溶射皮膜の技術開発」をする
化学	銀	私ならAgといえば、消臭スプレーで「においには銀(Ag)が効く」とやていたから、、、Agは銀だ」と覚えたほうが定着しますし、受験に限ってはそういう覚え方(身近なもので連想できるような邪道な覚え方)のほうが役に立つとおもいますね
その他	銀	火曜日は 訪問介護で沖本看護士の笑顔とパワーに銀爺さん意気揚揚 お尻のとこずれが8月にできていまだ完治しないので来週は診察を受けたほうがいいとのこと なるのはあっというまだが3ヶ月かかってもなおらない こまったものだ
化学	銀	銀細工の徒弟修行を行い、演劇に興味をもつかたわら、オールバニ・アカデミーの夜学で数学、物理学、化学などを学ぶが、その過程でアカデミー校長のベックの化学実験助手に採用され、解剖学や生理学も学ぶようになる
化学	銀	金・銀・白金・パラジウムといった貴金属は、世界共通の魅力と価値をもつ国際商品であるとともに、工業・化学など諸分野にとっては重要な原材料でもあります
化学	銀	先ほど触ったパウエルの総銀と同じくインラインでしたが、こちらはインラインの楽器だということ自体が分からないくらい楽に持つことができ、息の入り具合もキーの操作感も抜群でした
化学	銀	検察庁・国税局・警察庁・マスコミはCIAの下請け機関に成り下がっているし、日本の政治家に「銀か鉛」で脅す米国工作員の話は今の政治情勢を見る限りあり得なくも無いでしょうし、ノーベル賞も本当に世の中に役に立つものは受賞できず、ある機関に都合のよいものが受賞している始末です
化学	銀	研究チームは、1本のSWCNTを銀の電極表面に直接吹き付ける「乾式接触法」で固定(接合)すると、銀原子の配列と炭素原子の配列の周期の違いを反映して、SWCNTに6
その他	銀	両面って手が痛くないのかなって、素手以外で使うのかな」 「まずどうして持っていたのだろうか」 「ところで銀さんのツンデレ、巨乳を強調しすぎだと思った
化学	銀	機能めっき、装飾めっき、金・銀・白金属めっき、ニッケルレスメッキ、チタンコーティングなど体に優しくアレルギー知らずのメッキは日本電鍍工業にお任せください
金融	銀	午前9時現在の地方銀行では堅調だったことから、日本国債は京都銀がより、不良債権処理損失が2009年度融資実績がニューヨーク外国為替市場の大幅上昇したため、池田泉州ホールディングス傘下の東京株式市場は、前日の池田、泉州両銀行がダウ工業株30種平均は、米景気の大幅に目指す
金融	銀	独立系・旧財閥系・旧政府系の巨大銀行三行の統合によって誕生したみずほグループは、リテールバンキング部門をみずほBKとみずほインベスターズ証券に、ホールセール部門をみずほCBとみずほ証券に分割し、将来的には銀証合併を行うという、理解しがたい合併方法を選択した
その他	銀	フィギュア男子で銅メダルの高橋大輔選手や、スピードスケート男子で銀、銅に輝いた長島圭一郎、加藤条治の両選手が、日の丸の小旗を片手に各国選手団の輪に加わっていった
その他	銀	それだけでは無い、陛下は事ある毎に『かってに銀英伝』の更新はどうした、『かってに銀英伝』はまだか、と『かってに銀英伝』の事ばかり心配しているようなのだ」
その他	銀	「シセンレッサーパンダ」達、「ギンキツネ」の銀ちゃん、「ホンドタヌキ」の2頭、「アライグマ」の3頭、「アカハナグマ」の2頭、「ニホンアナグマ」の2頭、「ハクビシン」の1頭、「カナダカワウソ」の2頭の見学撮影を11時より13時迄行い、次の訪問場所である津田沼の東邦大学のアホウドリ講演会に出かけていきました
化学	銀	株式会社 エー・ゼットはエコを考え、抗菌・消臭・コーティング・親水に効果がある銀触媒でできたスキルチタン・インフルエンザ対策の手指消毒液を開発し特許取 得会社案内
化学	銀	医学雑誌“サイエンス・ダイジェスト”は1978 年の記事の中で、『我々の持つ強力な細菌に対する戦士』と題して、“銀は現代医学の奇跡”として出現していると報じました
その他	銀	リメイク作品はとても面白いけれど、「新魔界大冒険」のラストで銀のダーツを魔王の心臓に打ち込む役目が、ジャイアンからのび太に変わってしまったのが惜しかったです
金融	銀	信託関連のシステム開発は、どこの信託銀行も面倒臭がっていてほとんどの信託銀がシステム投資をほとんどやってない(UFJ信託に至っては商業銀行勘定をUFJ銀に統合する)ので、あさひへの統合というのはあまり合理的ではなかった
化学	銀	イリジウム金属は金属金や銀とは相互の溶解度は小さいという特徴があるので、金属膜耐熱性改善のための添加物などとして利用できるものと期待しています
その他	銀	第18回芦屋国際児童画展の審査は9月27日に行なわれ、「国際大賞・金」に1人、「特別賞」に2人、「国際大賞・銀」、「芦屋教育委員会賞」、「芦屋市長賞」に各国1名ずつが選ばれ、入賞しました
金融	銀	BankVisionの採用を決めている地銀は、山梨中央銀と稼働済みの百五銀のほか、紀陽銀行(和歌山県)、筑邦銀行(福岡県)、佐賀銀行、十八銀行(長崎県)、鹿児島銀行である
金融	銀	★米当局、大手銀19行の資産査定を開始 資本不足なら予防注入 【ワシントン=米山雄介】米財務省、米連邦準備理事会(FRB)など金融監督当局は25日、 米大手銀行19行を対象に資産査定を開始したと発表した
金融	銀	関東つくば銀、詐欺容疑で告訴 関東つくば銀行筑波支店の男性行員(35)が顧客の定期預金口座の開設を装って銀行から現金約八千三百万円をだまし取っていたことが分かり、関東つくば銀行は十日までに、この行員を懲戒解雇し、詐欺容疑でつくば北署に告訴した
化学	銀	◆ご不要となりました金・銀・プラチナ製品の買取、またご家族様が蒐集された金・銀・プラチナ製 品の買取など売却をお考えなら愛知・名古屋の北岡技芳堂までご連絡下さい
化学	銀	音質のソフトなオーディオで「エッジのきいた曲を聴く」とか、舌触りのやさしい銀のフォークとナイフで「激辛食品」を食べるとか、いしい・ひさいちのマンガで『精神現象学』を読むとか、まあ、そういう種類の経験であると思っていただければよろしい
化学	銀	コバルト、銅、カドミウム、ダイアモンド、金、銀、亜鉛、マンガン、錫、ゲルマニウム、ウラン、ラジウム、ボーキサイト、鉄鉱、石炭がすべて豊富にあり、とくに南東部カタンガ地域が有名である
その他	銀	気になっていた銀鉄スロを早速打つと、ああ、パチリーグ(確か、画面手前にセンサーがある、みたいな仕掛けだったはず)とは違って、何というか銀行とかのタッチパネルそのものだった
化学	銀	このような分子を使うと、例えば銀イオンを含む写真定着廃液中から銀イオンだけをリサイクルしたり、触媒として良く用いられるパラジウムを含む産業廃棄物からパラジウムを取り出したりすることが可能になります
その他	銀	銀橋(正式には桜宮橋だが、銀色に塗られているので「銀橋」と呼ばれている)のところで螺旋階段を上がって橋の上に出て、橋の西の袂に来ると、道路(国道1号線)を挟んで左が造幣局の正門、右側にも門がある
化学	銀	一般には入手しにくいが、金、銀、亜鉛などの冶金(やきん)やメッキには欠かせない薬品で、犯行現場付近から川崎・横浜にかけての工場街にはメッキ工場も多数ある
化学	銀	これらの入れ歯には、金、銀、パララジウムなどの貴金属が含まれており、埼玉県坂戸市のNPO法人日本入れ歯リサイクル協会(三好勇夫代表理事)では、回収した入れ歯を金属精製会社に依頼、インゴットに変えた売却益を、ユニセフ協会と回収ボックスを設置した公的機関に寄附しています
金融	銀	中国本土の大手証券会社である申銀萬國証券のグループ会社である申銀萬國アセット・マネジメント(アジア)が実際の運用を担当し、ファンド資産の成長を目指します
その他	銀	『パリゼット』に到っては、若手3人が唐突に出てきて歌いながら銀橋を渡るという、なんとも理解不能な組み込まれ方で、セット替えの時間稼ぎとしか言いようのない扱い
化学	銀	150g/kg触媒未満の量での銀、およびレニウム、タングステン、モリブデンおよびクロムから選択されたプロモータ成分を追加で含むエポキシ化触媒が、何年もの間商業上使用されている
化学	銀	【0019】混練法では、別々に調製した銀、ケイ素あるいはジルコニウムのゲル状またはスラリー状の水酸化物または炭酸塩を、ニーダー等で混合・混練したものを乾燥し、要すれば焼成して含有させるものである
金融	銀	イ・スンヨン韓銀物価分析チーム課長は「この数年間のウォン高のため、米ドルに換算した国内物価が大きく上がったような錯視現象が生じているとも考えられる
金融	銀	現在の首脳もみずほFGの前田晃伸社長が富士銀出身、みずほコーポレート銀の斎藤宏頭取が 興銀出身、みずほ銀の杉山清次頭取が第一勧銀出身と旧3行でポストを分け合ってきた
化学	銀	一 内国法人が取得した金、銀、白金その他の資産のうち、市場における短期的な価格の変動又は市場間の価格差を利用して利益を得る目的(以下この号において「短期売買目的」という
化学	銀	【0027】アルミナに銀・銀化合物を直接担持(含有)させた触媒(特開平5−76757号)も、これと同様な作用を示すが、より低温領域でのNOx還元活性、あるいは硫黄酸化物共存下での耐久性等で性能差が観察されるとともに、その触媒調製法からも両者は明らかに区別される
金融	銀	三井住友銀リースではLotus Notes/Dominoユーザー歴が長いため、すでに全社員のポータルとしてLotus Notesがフル活用されていますが、今回のバージョンアップによりもう一歩上のステップを目指しています
金融	銀	一方で三井住友銀は、あおぞら銀が旧日債銀から受け継いだ地銀のネットワークを活用し協調融資などの 新事業を拡大するとともに、個人富裕層や中小企業などの取引先を増やし、営業基盤を強化する考え
化学	銀	その第2部には、「〈大和魂〉という言葉」があり、これは『源氏物語』からきているとし、その後、吉田松陰、森鴎外、夏目漱石、中勘助の『銀の匙』の大和魂について短くまとめられている
化学	銀	「ミネラルパワーツイン PART2」は、カルシウムを水中でイオン化し、銀添サンゴや焼成サンゴなどで浄化することにより、純度の高いカルシウムアルカリイオン水をつくりだします
化学	銀	「これらの災害で殺されずに残った人々は、自分の手で造ったものについて、悔い改めようとせず、また悪霊のたぐいや、金、銀、銅、石、木で造られ、見ることも聞くことも歩くこともできない偶像を礼拝して、やめようとしなかった
その他	銀	いや、よく考えれば劇場版はあの銀桂のバイブル・紅桜篇なんだから銀桂色の強いグッズが多くても当たり前なんだけど、仔銀と仔桂のあの睦まじさを見せつけられたらたまらんですよね(笑)
化学	銀	銀や18金、イタリアンムラノガラス (イタリアベニスのLagoon of Veniceガラス製品で有名な地区ムラノのもの)、 天然パールに貴石(プレシャスストーン)など、最高品質のものばかりです
その他	銀	「妖精たちのパーティーへ私と一緒に行きませんか」と客席に向かって言ったと思ったら、いきなり銀橋で跪いて手を差し伸べ、そこまでは爽やかに言っていたのに語調を強めて「女子高生
金融	銀	話を聞いてみると、いつもHPを見て参考にさせてもらっている秋田銀釣会のメンバーの方で、ポイントやマダイの釣り方など、とても勉強になる話を聞かせていただきました
金融	銀	私の頭の中には外銀はなかったわけでありますけれども、薄く広く預けるべきだといっていったところ、そして内々のお話の中では、都市銀中心であろうというような話もいただいた中で、信用金庫にも拡大がされました
その他	銀	せやけど銀の種族、銅の種族と次々に神々が新しい種族を造ると、先にあった者に比べ、後から造られはった者はずぅぇえええぇぇええんぶ劣っており、銅(青銅)の時代の人間の種族には争いが絶えへんし、このためゼウスはこの種族をもっかい滅ぼしたちうわけや
その他	銀	「とても楽しい思い出をたくさん作ることができたニュー銀水だっただけに、スタッフの方々が無事かどうか、また、建物等に損害はなかったか、とても心配になった
その他	銀	「割烹 中嶋」は、芸術から料理まで、あらゆる分野で才能を発揮した北大路魯山人氏と中村竹四郎氏が共同経営する「星ヶ岡茶寮」の初代料理長、さらに同店の支店「銀茶寮」の支店長を勤めた祖父・中島貞治郎が、魯山人先生の勧めもあり、昭和6年、この地に創業しました
その他	銀	適切なリアクタモデルが、レニウムおよびタングステンを含む銀触媒のために開発され、別の適切なリアクタモデルが、レニウムおよびレニウムコプロモータを含まない銀触媒のために開発された
その他	銀	この度開通した銀泰から航華への地下連絡通路は国貿橋南の銀泰中心から中航工業集団大廈の間に位置、この地下通路を利用すると、国貿周辺に建つSOHO、中環世貿、恵普大廈など10棟の高層オフィスビルへの徒歩移動が随分と便利になる
化学	銀	現在では、一般に銀古美メッキは、ニッケルメッキの上に銀メッキをして、そのまた上に黒ニッケルメッキを施し、それから部分的に黒ニッケルメッキを剥がして下の銀層を出すという方法により、本来の銀古美に近い色調に仕上げています
金融	銀	旧大和銀行からの寄付5千万円を基に公益信託大和銀文庫基金が発足、約5年間で収集した近世から現代にわたる大阪関係の商工業、金融、経済分野を中心とした資料
金融	銀	米連邦準備制度理事会(FRB)は16日(現地時間)、韓国銀行(韓銀)を含め、14カ国の中央銀行と交わした通貨スワップ協定は、来年2月1日付けで期限切れになると明らかにした
その他	銀	しかし、俺の思いと少し違った方向に、動き出したのは親父の知り合いが川崎にいてその人の紹介で洋服も扱っている大きな店があるからと決めてしまい、俺は顔をたててその川崎"銀柳会通り"にある"協和"という店に行く事になった
その他	銀	『ベルサイユのばら』(1990年)のフェルゼン、第一部の終わり、本舞台から銀橋を颯爽と駆け抜ける姿、サヨナラ公演『ベネチアの紋章』のアルヴィーゼ、長い黒髪が印象的、トップになってから、キャルさん(ひびきさん)とのコンビは大人の男女で、安定したムードでした
金融	銀	出資法の上限金利の引き下げが決まって市場規模の縮小が避けられない情勢となっており、ブランド力の高い大手銀の本格参入はノンバンクの再編を後押しする可能性もある
将棋	銀	武士の情けと斬り合いたい(単に▽7七馬として飛車角交換から▲5五角の王手飛車を打たせる展開とか、ズバッと▽4九馬と切り▲同銀なら▽6八角、▲同飛なら▽5八銀とかでこれも▲5五角を打たせる展開で勝てそうですが、一人で指してる将棋じゃないから安全勝ちが優先ですかね
その他	銀	その伝で言えば、先に出た長篇『銀齢の果て』*2(新潮社、→3/11条)の帯裏にも「21世紀最大の、禁断の問いをめぐる/筒井文学の新たな代表作」とあったことを思い出した
その他	銀	マラソン銀の尾崎が帰国「実感わかない」世界陸上女子マラソンで銀メダルを獲得し、帰国した尾崎好美(共同) 陸上の世界選手権女子マラソンで銀メダルを獲得した尾崎好美(28=第一生命)が25日、成田空港に帰
化学	銀	【AN 商品レポート】9月14日(月)、「貴金属(金相場、ボラティリティはさらに上昇)」「貴金属(金:銀比価の縮小傾向は一服か)」「貴金属(ドル安/ゴールド高)」に関するレポートを発行
化学	銀	なぜなら、目まぐるしく変化する流行への追随を強いられたり、不当に安い賃金で採算が合わず、せっかく銀細工の伝統を持つ国々でありながらも、後継者など将来の伝統の担い手が減少しているのです
通貨	銀	人と人の関係に共同性が失われ、人々は私権に収束せざるを得ず、全ての価値が「銀」の量で計られるようになってしまった時代、王直轄の交易は、王から独立して交易をはじめた宮廷使用人が商人による交易へ、そして金貸しが富裕層になっていきます
その他	銀	ホルストロムの女性市長は英語を話さなかったが金髪の中に銀の糸を交え眼鏡の奥から親愛の情を込めた眼差しで対応してくれ、次の日本企業の進出を期待していた
その他	銀	9月から11月にかけて銀の馬車道周辺地域で連続して開催しているイベント(全9イベント)が、11月は福崎町、神河町、市川町、姫路市香寺町で開催され、地域の秋の賑わいを高めていきます
その他	銀	14時から始まる決勝に先立ち、会場である長岡市出身の中村真衣さん(2000年シドニーオリンピック、100m背泳ぎ銀メダリスト)から競技の見所についての説明がありました
その他	銀	2006年トリノ・パラリンピックでは金、銀、銅計6個のメダルを獲得しましたが、2010年バンクーバー・パラリンピックに向けて日本オリンピック協会は強化をはじめております
化学	銀	銀は、空気中の硫化水素や水分中の二酸化硫黄といったものと反応を起こしてしまい、銀の表面に硫化銀というものを作ってしまう為に、 輝きが無くなっていったり、表面が黄褐色や黒っぽくなってしまうんです
その他	銀	内容的には、銀英伝を読んでしまった今となっては少々物足りないものがありますが、本格歴史小説と娯楽時代小説を比べる必要もないわけで、久々のヤマトの味を楽しみました
化学	銀	阿仁鉱山の歴史は古く、1309年(延慶2年)阿仁鉱山が発掘され、その後、銀銅が次々と発見されて、幾多の変遷を経て1702年(元禄15年)佐竹藩が直営しました
化学	銀	金、銀、プラチナを使い、ダイヤモンドやルビー、象牙他、貴重な石で装飾した作品を通じて、ウッズが魅了されてやまない生体構造、女性特有の形(フォーム)への憧れが、複雑で誰もが欲しくなるような美しいオブジェとなって表現されています
化学	銀	のちに『月の雫』と呼ばれるその銀水晶の首飾りが、『銀剣の戦姫』クラリーネ=マータの手より彼女の娘であるミーレイバーストへ返されたのは、それから五年後の事である
化学	銀	★送料無料★即日出荷可能(在庫ありの商品・当店営業日のみ、詳細は当店ホームページをご覧下さい)★ 銀イオンフィルターと除菌フィルターのふたつの効果で抗菌・消臭 ・銀イオンフィルター&除菌フィルター:抗菌効果&消臭効果 ・新衣類乾燥モード:センサーで洗濯
その他	銀	『白いトロイカ』『星のたてごと』『銀の花びら』(全て講談社漫画文庫)の巻末には、当時の連載で水野を読んでいた少女漫画家たちが通算数十通のファンレターを寄せている
その他	銀	その中に2009年度に八洲学園大学で図書館司書資格を取り、学校図書館の司書としての仕事に役立てている島根県安来市の荒銀さんのコメントが載っています
金融	銀	三井住友銀、韓国最大手銀に出資 09年メドに2%日本経済新聞三井住友銀行は29日、韓国最大の総合金融機関、KBフィナンシャル・グループ(KBFG)と資本提携する方向で最終調整に入った
化学	銀	パラジウムと銀を組み合わせて合金化したものでは、パラジウムの配合率を多くして白色度を強めると、研磨加工の際に表層のケバダチ・ササクレ現象が発生しやすくなる
通貨	銀	江戸の経済を切り盛りする、大岡越前守忠相が、推し進める金融政策「金の銀に対するレート切り上げ」に、真っ向から抵抗するのが、関西いわゆる、上方商人の金融機関として江戸で、力を持つ 両替屋 である
化学	銀	本来、銀は常温において乾燥・湿潤空気に侵されることは無いのですが、シルバーはもともと、化学反応を起こし変色しやすい特徴をもつ金属ですので、銀製品の表面に付着した水分が大気中の硫化水素あるいは亜硫酸ガスと化合し、表面に硫化銀をつくり、この色が茶色あるいは黒色になってしまい、これを硫化(りゅうか)といいます
金融	銀	ITp 17時51分 インテックと千葉銀など地銀5行が新CRMシステムの共同開発に合意(ニュース) ITホールディングスグループのインテックは2009年3月18日、千葉銀行など大手地銀5行と新CRM(顧客情報管理)システムの共同開発で合意したと発表した
化学	銀	人体にとっても極めて安全な金属であり、体内に取り込まれた銀イオンは体内の硫化物、塩化物により還元され、 体外に排泄されるために蓄積することはありません
化学	銀	この理由は、水銀の場合と同様に白金はその色やイオン化傾向(白金は銀よりもイオン化傾向がわずかに小さいだけである)などが互いによく似ているためである
その他	銀	こうして「日本の作曲界、音楽批評界、演奏界は非音楽的荒廃に向かってひたすら顛落してゆく」(秋山邦晴)といわれている同協会の設立発起人には、大木正夫、清瀬保二、小森宗太郎、園部三郎、辻荘一らとともに山根銀二も名をつらねていた
その他	銀	IDはこれまでのメダル獲得数(金/銀/銅/計)、ドイツとロシアの出場回数とメダルの数はそれぞれ東西統一ドイツ+ドイツとソビエト+ロシアで計算してあります
その他	銀	ただでさえ切ない秋なのに、同時に二人からの「さようなら」は、タイミングよく銀冠が外れていなかったら、多分会うこともなかったろうに・・・と思うと、虫の知らせのように銀冠が引き寄せてくれたのかもと思うほどに切ないお別れとなってしまった
その他	銀	スワロフスキー製クリスタルビーズシャンデリアや手作りのヴェネツィアングラスシャンデリア、カルロモレッティのオブジェなど、世界の逸品を集めた優雅で温かなインテリアデザインと、2000年世界料理オリンピックドイツ大会銀メダリストの高橋料理長がプロデュースする特別メニューで、ふたりだけの至福のウエディングが叶う
金融	銀	なお、この大会の冠スポンサーである「びわ湖銀行」は、来年3月に関西アーバン銀行と合併することになっていて、「びわ銀エコカップ」の名称は今大会が最後となります
その他	銀	金の船、銀の船、空っぽの船;一見遠回りに見えて、それが一番の近道;もっとも効果的な時間の使い方;ワクワクさせるビジネスのシズル;グループを本気でやる気にさせる法;収入増のピッチを早める〈五角形計算法〉;6ヵ月で見えてくる成功への階段;ビジネスの算数はつねに「掛け算」;ミーティングとトレーニングの真の目的;Q&Aよく聞かれる質問とその答え方
化学	銀	★使えないものクリスタルガラス製食器、漆塗りの食器、銀食器、アルミ製の食器、調理器具、金線・銀線・上絵付の食器その他、お手持ちの機械の説明書で禁止されているもの品名:食器洗浄機用洗浄剤用途:食器・調理器具用(食器洗い乾燥機・自動食器洗い機専用)液性:弱アルカリ性成分:アルカリ剤(セスキ炭酸ナトリウム、ケイ酸塩)水軟化剤(クエン酸塩)、過炭酸ナトリウム使用量の目安:水1Lあたり約1
化学	銀	【0007】パラジウム配合系K18の白色金合金は、通常、白色化目的のパラジウムとともに、得られる金合金を低融点化するため、および比重を小さくするために、銀が配合されている
その他	銀	銀さんと桂小太郎の繋がりは現われず」 「真面目に調査」 「志村新八の家に忍び込むザキが見たものはジャンプを朗読する神楽と、見張りのお妙と患者坂田銀時さんでした」 「あれは・・・・・・本当に安静なのか
その他	銀	時計とうさぎのピアス/イヤリング (金古美/銀古美) 各¥800 ピアスの穴が開いていないお客様も嬉しいですね♪ 以前も入荷後すぐ出てしまったので是非お早めにご来店ください
通貨	銀	例えば、多田家文書には「今度石州中諸売買取引の銀、一同の銀に御吹き直し候て、極印御うたせ成られ候に付いて、灰吹屋御改侯て、たしかなるものばかりに仰せらるべく候由」とあり、慶長16年(1611)以前には複数の判屋が存在し、多種類の判銀が作られ、石見国内に流通していたものといえる
その他	銀	銀(ぎん)のすすきの波(なみ)をわけ、かゞやく夕陽(ゆふひ)の流(なが)れをみだしてはるかにはるかに遁(に)げて行(い)き、そのとほつたあとのすすきは静(しづ)かな湖(みづうみ)の水脈(みを)のやうにいつまでもぎらぎら光(ひか)つて居(を)りました
化学	銀	銀イオン水は、飲料にしても有効であり体内の悪玉菌、ウイルス、有害バクテリアの繁殖や発生を抑え予防医学の見地にて欧米ではポピュラーになっています
化学	銀	携帯電話には、金、銀、銅、パラジウムといった有用金属が高い割合で含まれていて、資源の有効利用をするために、携帯電話の回収リサイクルを促進することが重要なんです
通貨	銀	そのぎんつばが1726年に江戸に渡って来て、江戸風の工夫が加えられ、 「銀よりも金が上」ということから「きんつば」という名が付いたと言われています
その他	銀	また、2月に開催される「さっぽろ雪まつり」や、中国の旧正月に向け中国人観光客の一層の増加が見込まれるため、北海道中央バスは中国人旅行者の利便性向上をはかり、札幌駅前ターミナル、小樽ターミナル内の定期観光バス窓口において銀聯決済サービスを導入
化学	銀	具体的には、銀、銅、インジウムを溶かした水溶液に硫化水素を吹き込み、沈殿した金属の硫化物を取り出して真空中600°Cで加熱、この表面にルテニウムを付着させることにより作られる
その他	銀	兵庫県は、日本で最も古いクリの産地であり、現在県下各地で「銀寄」種を中心に約700ha栽培され、「丹波栗」や「北摂栗」に代表されるブランド農産物として消費者の人気が高い
その他	銀	@niftyニュース 【ソウル27日聯合ニュース】登山家の呉銀善(オ・ウンソン)さん(44)が世界初の女性ヒマラヤ8000キロメートル級14座制覇に成功した
化学	銀	また、多孔質触媒2aおよび2bには、白金、銀、パラジウムなどの貴金属もしくは、前記貴金属と酸化コバルトまたはアルミナなどの酸化物との混合物を用いることができる
その他	銀	ハワイアンの故・山口銀次さんの親友だった兄から教わったウクレレ(その影響を受けてバンジョーの弾き方もいまだに銀ちゃんスタイル)から、やがて自作自演のスティールギター(師匠は大塚竜男氏)で中学の頃、ハワイアンバンドを作り、あちこちのお祭りの演芸会で小遣い稼ぎをしていた
その他	銀	主人公・城山銀には、07年公開作品だけでも『どろろ』『となり町戦争』『アヒルと鴨とコインロッカー』と出演作が目白押しで、08年1月から始まるNHK大河ドラマ「篤姫」にも出演する、瑛太
化学	銀	もし葉子の銀のように澄んだ涼しい声が、古藤を選んで哀訴するらしく響かなかったら、古藤は葉子のいう事を聞いてはいなかったかもしれないと思われるほどだった
化学	銀	・ダイハツは、燃料極への白金の代わりにコバルトを、空気極側に銀を触媒とし、燃料には数十年前からヒドラジン利用の燃料電池の開発に着手していた歴史がある
その他	銀	面白くなかったです 最近の銀魂は失速がちです 松陽先生との過去が描かれている所は面白いですが他は面白くない 月詠と銀さんのちょっとベタな恋愛コメディは嬉しい反面笑えなくて寒いです 確かにお似合いな二人ですが
金融	銀	石原のこの政商的な側面については十分にあとづけすることが難しいのであるが、一九二四年にはケママンの鉱山開発と鉱石輸入船の購入に際し、台銀頭取であった中川小十郎の援助を受けて政府から二五〇万円の低利資金融資を受けることに成功し、これによって石原の事業が深刻な経営危機を脱して発展の足掛りを得ることができたのは間違いない(1)
化学	銀	熱水が湧き上がることにより、その中に含まれる鉱物が沈殿して形成される「熱水鉱床」で、金や銀をはじめ、銅、亜鉛など価値の高い鉱物が多く含まれているという
その他	銀	前半で使用した銀のカラーボールを観客席に大量に投げ入れたあと坂井が、「本日はどーでもいい興行をやってしまい申しわけありませんでした」「皆さんの怒りやストレスを全部背負って
化学	銀	銀イオンや銅イオンは、夏場の水溶性切削液の腐敗臭を防止するものとしても知られているが、銀イオンは微生物を仮死・休眠させる繁殖の抑制効果を持つという
化学	銀	銀イオン添加に伴って三本鎖の融解のみがブロードニングし、銀イオン濃度がシトシンに対して当量に達すると高温領域に新たな融点を与えることがわかった
金融	銀	あおぞら銀がサーベラスに1000社以上の企業情報を漏洩(ろうえい)した問題が発覚する一方、三井住友銀行では傘下に取り込むことで国有化回避策として自己資本比率を上げたいとの戦略が見え隠れする
金融	銀	フランス出身のトリシェ総裁が 率いるECB(欧州中央銀銀行)は、金利の決定という役割にとどまらず、国境を越えた銀行の 規制という、より大きな役割を模索している
金融	銀	ジョン・ポールソン氏率いるヘッジファンドのポールソン社は昨秋以降、英銀大手ロイズ・バンキング・グループとHBOS株を空売りし、3億1100万ポンド(約420億円)の利益を上げた可能性がある、とブルームバーグが報じた
金融	銀	また企業広報功労・奨励賞には肥銀用度センター取締役(前・肥後銀行総合企画部長代理兼IR室長兼地域文化課長)の早川満久氏、三菱商事総務部長(前・広報部長)の廣田康人氏が選ばれた
金融	銀	○参考人(橋本徹君) 私どもの系列ノンバンクとみなされるものには三つございまして、富士銀ファクター株式会社、日本抵当証券株式会社それから芙蓉総合リース株式会社でございます
その他	銀	肩丸出しのドレスにパシュミナ、銀儀らのコスチュームジュエリーに銀のパンプス、ヌラヌラと光る黒サテンのドレスなど、目を疑うような光景が広がっていたの
その他	銀	私は暫く百万遍の近くに下宿していたのですが、近くの床屋さんの御夫妻がまた大のラグビーファンで、いつも試合前には、当時珍しかった銀シャリの御飯を食べさせて貰いました
その他	銀	高杉氏は結構銀さんとヅラからからかわれるんではないかとwwたしかにあったあったwwちょっと可哀想な高杉MADwてかニコ動では‘高杉フルボッコ計画‘的なものがあるしw
金融	銀	次に、歳入関係については、租税、たばこ、塩の専売事業の内容、台銀、鮮銀の旧発券銀行特別納付金、懲罰及び没収金、税務職員の待遇問題等についてのかなり突っ込んだ質疑応答がありました
金融	銀	あおぞら銀の前身である旧日本債券信用銀行が得意としていた不動産関連事業でも、オリックスは人材やノウハウを引き継いで自社の不動産ビジネスに生かしている
化学	銀	また、ヨーロッパ中世には、古代は黄金があり、次が銀、その次が銅・・・というふうに、人類は退歩してきたという歴史の見方、いわば退歩史観がふつうの考えであった
その他	銀	しかし、その「カンダタ」は、自分だけが救われようと、後から昇ってくる他の罪人達を罵倒しけ落とそうとした、その瞬間、極楽の銀の糸はブッツリと切れて「カンダタ」は、再び地獄へ落ちてしまった
金融	銀	旧大和銀ホールディングスをベースに、大和銀行、大和銀信託銀行(後のりそな信託銀行 2009年4月 りそな銀行に吸収)、あさひ銀行、近畿大阪銀行、奈良銀行(2006年にりそな銀行に吸収合併された)など下位都市銀行・地方銀行・第二地方銀行が参加した金融グループ
金融	銀	このうち泉州銀行が、池田銀行との経営統合に伴い3行共同システムから脱退して池田銀が利用する地銀共同センターに乗り換えることを一足先に決めている
その他	銀	でもこれでまだ終わりじゃなくて松本城と松代の件をさらっと書く「番外編」と、既にある歌舞伎町の写真を掲載してるページを「東京都内編」と改称し中央線車内と銀の鈴の写真を追加するのの2項の制作が残ってます
その他	銀	そこで、米友はこうして取押えに来たようなものの、手荒くどうしてもこうしても拉(らっ)して行こうとはせず、お銀様もまた、米友に向って物を頼めば聞いてくれないはずはないといった、安らかな気分で、すらすらと前方へ向って歩いて行くのです
化学	銀	ほとんどクロームメッキのように変色しませんが、113・114は日本の銀メッキ製よりかは硫化のスピードは遅いですが、日本製銀メッキと大差のない光沢です
その他	銀	プロ入団直後も、彼らの世代は決してデビューが遅いわけではなく、開幕スタメンを勝ち得た銀仁朗をはじめ、山口、平田、齊藤、木下、村中、川端慎吾(市和歌山商→ヤクルト)、岡田の7選手が1年目に一軍デビューを果たしていた
化学	銀	“銀”のナノレベル化に成功した「SACチタンボール」は、現状で考えられる最高の触媒体であり、無毒性・安全面の高さ(銀は、歯の治療や石鹸、洗剤などに使用され、食品添加物としても認められています)から、真の環境改善型製品としてもご愛顧いただける物であると確信しています
化学	銀	そして、無制限なジパングの銀放出によって、わが帝国最大の敵であるイスパニアが大量に所有する銀の価格までもが、下落に下落を重ね、かの国は落日の坂を転がり始めるのです
化学	銀	従来の銀コーティング防止を考慮した電解電極自己洗浄法や、終点の検出における、酸化還元電位差滴定法など実績のある信頼性の高い方式を採用しています
化学	銀	言いそびれましたが、テレビには、金、銀、銅、ニッケル、鉛などいろいろな希少金属が使われており、これは、バラバラにして、そういった物をリサイクル回収し、再使用する方向が最近多く、とくに、一般家電に比べて、基盤などに金の使用が多く、何千台分か忘れましたが、延べ棒が、取れるほどだそうです
その他	銀	しかもその後、よしながふみさんのところで「民法」のサイドストーリー2冊、銀英1冊、三井×木暮2冊を買って ・・・値段はもうこの時点で考えてはいない・・・恐ろしいものが私に憑き始めた・・・止めてええ
化学	銀	私は何年も前から世界中の金や銀の採掘現場を訪ねているが、中国、南米、メキシコ、アフリカ、カナダなど、どこの現場を見ても、そのたびに驚き、感心する
その他	銀	中央銀行である中国人民銀行のレポートによると、銀聯を含むデビットカードの発行枚数は中国国内で10億枚を超え、中国全体での一般消費の17%、主要都市部では30%を占めているという
化学	銀	中津病院は歯科治療により不要となった金属(金・銀・パラジウム等)を日本財団と日本歯科医師会が行う社会貢献プロジェクトTOOTH FAIRY(トゥース フェアリー)「夢の小児がん病棟建設」や「東南アジアの貧困地区での学校建設」などのプログラムに寄付し12月末にお礼状をいただきました
化学	銀	検匙(王様の食べ物に毒が入っていないか銀の匙を使って調べること)で、 薬にヒ素が入っていることが発覚し、毒殺の陰謀だとつよめられるが、 光海君はホジュンを信じ、ヒ素入りの薬を一気に飲み干す
金融	銀	第1章 誰もが認める格付けトップの安全性;第2章 平野繁太郎という金融の生き字引き;第3章 静岡銀行の歴史と県民性;第4章 これが静銀イズム平野哲学のすべて;第5章 金融恐慌は来るのか
通貨	銀	さらには一八六五年、補助銀化の退蔵・改悪鋳造などで混乱した通貨(グリーンフィールドクラブ・カレンシー)事情を収拾すべくフランス、ベルギーなどラテン通貨(グリーンフィールドクラブ・カレンシー)同盟を組織し、金銀比価一五対一の金銀複本位制を採用した
化学	銀	ニッケル鉱石生産、ニッケル地金生産、加工を含むニッケル関連事業、銅地金の生産、ニッケルの副産物であるコバルト、金、銀、白金族金属の生産を行っている
化学	銀	その銀で作られた「銀イオン」は、各種においの元になる菌類(バクテリア)の細胞に強く吸着し、バクテリアの細胞酸素をブロッキングして死滅させる働きがあります
金融	銀	○国務大臣(与謝野馨君) 現行の証券取引法においては、銀行等の金融機関について同一法人内における融資業務と証券業務の間の利益相反への懸念等から、証券取引法第六十五条による銀証分離を図ってきたところでございます
その他	銀	※画像はオルゴールボール♪古美地球シルバーに銀古美アヅキチェーンネックレス45cmを装着、アジャスター部分を使用しているのでおおよそ50cm弱の長さになっています
その他	銀	アニメ「銀英伝」の壮大な世界を、田中芳樹先生のインタビューにはじまり、膨大な設定資料や解説、さらに声優たちやスタッフへのインタビューなど、ほかに類を見ない充実した構成をA4判、本文184Pにギュッと圧縮し、長年のコアなファンばかりでなく、初心者にもわかりやすく、より関心を深める内容となっています
その他	銀	《銀エラの達人》が最近マーフォークデッキが流行していることもあって注目を浴びていますが、根本的にマーフォークという部族はカードが不足しています
化学	銀	(3) 宝石、金塊並びに家具、器具又はその他の物品で金、銀、白金その他の貴金属又はアロイで作られたもの(納税者が棚卸資産として所有しているものは除く)
その他	銀	名前は「銀竜草(ギンリュウソウ)」というらしい で、どんな生き物か調べてみると 開けてビックリ 銀竜草は、きのこ(菌類)ではなく 草(被子植物)でした
金融	銀	欧米の金融セクター懸念が強まるなか、米国の不良債権買取銀の設立など、追加的金融安定策や大型景気刺激策の具体化や、株価、金利動向に影響されやすい展開となりそうだ
